audit_id,site,inspection_date,closed_date,compliance_score,finding_category,findings_detail,corrective_action,auditor,status
AUD-01335,SITE-005,2024-11-26,2024-12-12,80.9,Personnel Training,Heavy move table fast property.,Research write under them example cost movie pretty black science.,Robert Costa,Closed
AUD-00521,SITE-007,2024-02-08,2024-03-08,85.0,Leak Detection,Set compare that world term either discussion around exactly different.,Television kitchen style protect financial five perhaps attention top condition better.,Stephanie Williams,Closed
AUD-00524,SITE-005,2025-09-12,,96.4,Maintenance Backlog,Data true others raise since most help natural establish design run.,And keep last play left voice.,Kevin Waller,In Progress
AUD-01332,SITE-003,07/07/2026,2026-08-09,67.7,Documentation,Another project health at natural film.,Rest later reality as thousand.,Shannon Smith,Closed
AUD-01136,SITE-007,2024-10-06,,85.4,Safety Equipment,Anything true film option into along see military sometimes message decide represent.,,Heidi Zimmerman,Open
AUD-00463,SITE-004,2025-09-03,,97.5,Personnel Training,Night together off lead foot sure wall whose source break billion.,Increase alone table become attention none network serve until read onto.,Jason Chan,Open
AUD-01362,SITE-007,2025-11-08,2025-12-08,77.2,Emergency Response,Concern bag current kid somebody bag big help left theory class into art six go answer clear.,Agency capital green moment stage school raise education.,Stephanie Collins,Closed
AUD-02604,SITE-005,2024-09-28,10-Oct-2024,83.1,Personnel Training,Another must easy information garden common despite why beautiful wonder other this food maybe woman million see score art along feeling stay.,Peace bring set rise blood teacher seat.,Angela Smith,Closed
AUD-01558,SITE-001,2025-04-27,2025-05-27,81.8,Personnel Training,Deep present significant story radio personal fund care find more evening force set system character image carry protect.,High woman with believe point significant.,Thomas Fisher,Closed
AUD-02176,SITE-005,2026-06-09,2026-07-02,66.4,Emergency Response,The strategy matter during beautiful their full and sure east movement company account.,,Kirk Gray,Closed
AUD-01699,SITE-007,2024-03-10,2024-03-19,77.5,Containment Integrity,Organization evidence leg interesting so husband marriage business prevent car wrong enough.,,Michael Howell,Closed
AUD-01307,SITE-001,2026-02-26,2026-03-08T00:00:00Z,79.2,Emergency Response,Admit garden example cup forget dog product.,Serve see here every another rate why series miss.,David Moran,Closed
AUD-01319,SITE-006,19/08/2024,,64.8,Documentation,Maybe must son ready edge war part theory today reduce drug program wonder best seem study research standard.,Water group nothing free meet song film.,Kristin Jones,Open
AUD-02559,SITE-001,2026-07-19,2026-08-02,83.9,Maintenance Backlog,Tv camera step position stand realize.,Yard game perhaps toward painting single fly word contain guess.,Kayla Peterson,Closed
AUD-01646,SITE-001,2025-08-09,,68.5,Environmental Monitoring,Operation around suddenly direction administration set his ability firm forward.,Prevent have about nation follow century popular.,Karen Johnston,Open
AUD-02421,SITE-005,2026-06-25,,77.1,Emergency Response,Southern suddenly which cup contain ever fall factor person dark responsibility down realize owner claim by follow when evening there future finish less couple sit.,Enjoy course fight by wrong official cold your.,Bryce Daugherty,In Progress
AUD-01746,SITE-003,2026-06-02,2026-07-16,68.9,Documentation,Employee will party difference sign range simply important third training upon reason training enter wide security information soon likely into business.,Agree game itself night protect white four ready successful wall national coach last.,Patricia Sweeney,Closed
AUD-00365,SITE-006,2025-05-15,2025-07-03,49.8,Maintenance Backlog,Executive good rock beat southern either color black process before improve page mean during good gun claim road.,Heavy establish provide particular different account do total activity treatment.,Alexander Salazar,Closed
AUD-01469,SITE-002,2026-04-25,16/05/2026,83.7,Safety Equipment,Trip professional late young blood there range face morning city rather perform add thing add fly through country better.,Explain first interest while lead head war close television trouble pretty want remember.,Sherry Williams,Closed
AUD-02743,SITE-002,2025-01-01,01/08/2025,91.0,Documentation,Probably many which picture reason sing firm always measure political how drug six we open way.,Level support air determine.,Michael Brown,Closed
AUD-02504,SITE-006,2025-12-25,,58.4,Maintenance Backlog,Year idea right part position nor machine every physical call great common change thing talk still role military job.,Television region war mention compare control tax moment far third authority.,Deborah Guzman,In Progress
AUD-02714,SITE-005,2024-08-30,,73.0,Containment Integrity,Time herself apply trouble red where chair sit conference.,,Emily Boyd,In Progress
AUD-00010,SITE-005,2026-02-12,2026-02-22,87.3,Emergency Response,Side season road discover do tax car television total imagine however level suffer issue case record his.,Activity wait third yourself put side authority.,Joel Lewis,Closed
AUD-00017,SITE-005,2025-02-11,03/12/2025,85.0,Personnel Training,Avoid hundred or side senior success test like almost Congress end.,,Wayne Clark,Closed
AUD-01569,SITE-006,2025-06-27,,65.7,Personnel Training,Team experience which try some century expect score.,Interesting least system prepare free hope.,Kimberly Williams,Open
AUD-02826,SITE-006,2024-07-09,,73.2,Maintenance Backlog,Interview thank should dog language your professional result focus.,Arrive loss should media them college beyond base once.,Joseph Horton,Open
AUD-01923,SITE-001,2024-07-18,,80.3,Environmental Monitoring,Reality another while despite set.,Recent fight determine green hair economic organization soldier case source line per identify.,Tom Holt,In Progress
AUD-02395,SITE-004,2025-07-23,15/08/2025,78.5,Maintenance Backlog,Approach despite too religious couple scientist ten police citizen front.,,Victoria Rivera,Closed
AUD-01684,SITE-002,2026-01-26,,84.6,Maintenance Backlog,Senior surface relate writer high administration.,,Jessica Ramos,Open
AUD-02310,SITE-002,2025-10-21,,92.4,Leak Detection,If debate wrong dream film Democrat specific trip and visit fact who pretty including because billion act recently itself anything woman change.,Need pressure claim without catch seven character ever them future.,Sarah Kaufman,In Progress
AUD-02346,SITE-004,2026-03-23,,85.9,Environmental Monitoring,Government population may himself although sport full give model ever often tend book force show reason environment letter activity.,Firm watch bill per more action.,Angel Johnson,In Progress
AUD-02063,SITE-007,2024-10-25T00:00:00Z,2024-11-15,96.8,Documentation,Unit president night position majority must reveal smile these evening street.,Possible thus avoid cultural nation time interview.,Brittany Jones,Closed
AUD-01005,SITE-003,2025-05-12,,68.4,Maintenance Backlog,Nature finish note along stop get real trip foot stock world personal recently use people throughout blood grow base staff experience kid.,,Christine Vaughn,Open
AUD-00130,SITE-001,2025-07-20,2025-08-03,84.2,Personnel Training,Couple admit too ball back character choose only likely me.,Himself floor animal weight know stuff which.,Michael Johnson,Closed
AUD-00333,SITE-001,2025-07-09,,79.1,Containment Integrity,Radio understand increase step some scene goal you new claim.,,Erin Gibbs,Open
AUD-00763,SITE-003,2025-12-05,,51.1,Environmental Monitoring,Design less various there sing day other rule particular agree trial professor pull wear quickly lay chair community her include matter structure authority democratic its protect.,Kid white food evening like produce.,Justin Garcia,Open
AUD-01144,SITE-006,2024-05-13,2024-06-02,60.6,Leak Detection,Mr after social decade blue reveal company.,Mention exactly quickly final particularly kid international culture almost collection.,Brent Evans MD,Closed
AUD-00066,SITE-005,2025-05-11,,80.6,Personnel Training,Shoulder support money every speak wonder officer difficult ten democratic benefit around address.,Area receive us either treat message.,Krystal Hunt,Open
AUD-01192,SITE-006,2026-04-15,2026-07-06,80.4,Leak Detection,Star process again thousand together stock cell box plan.,Difference cause expert near.,Richard Tyler,Closed
AUD-00400,SITE-007,2025-09-23,2025-10-03,77.3,Maintenance Backlog,Share change sound short seat country stand administration practice.,,Rebecca Drake,Closed
AUD-02048,SITE-006,2026-06-23,,55.3,Containment Integrity,Sit particular three fear couple free according whom occur.,Live easy offer media like partner.,Julie Stewart,In Progress
AUD-01960,SITE-007,2025-12-03,2025-12-09,96.2,Maintenance Backlog,Deep behavior safe hospital owner condition economic also own nor improve machine name edge today.,Which tree interesting during task much.,Donald Larson,Closed
AUD-02345,SITE-004,2024-11-13,2024-12-03,68.9,Containment Integrity,Special southern week simply I campaign large board finally put expect identify.,Particular throughout maintain group whose power value stay dark election song bill news.,Jonathan Ward,Closed
AUD-01184,SITE-003,2025-08-22,,65.9,Containment Integrity,Thought theory idea which color recognize quickly.,,Joyce Fox,Open
AUD-02481,SITE-002,2024-11-30,11/12/2024,96.9,Maintenance Backlog,Cup beyond born play which yes within black tell laugh management church miss animal together.,,Jennifer Miller,Closed
AUD-02320,SITE-004,2025-06-18,2025-07-13,79.8,Containment Integrity,Professor such network early win will allow key scene doctor these possible reflect trade paper century air stop kitchen everybody bar skin.,,Jennifer James,Closed
AUD-01389,SITE-003,2025-03-22,,77.1,Emergency Response,Vote open law tough your research agree ability rich key service yard remain.,Possible method than quality member stay around.,Mrs. Cynthia Wallace,In Progress
AUD-01604,SITE-002,2024-04-22,,71.1,Containment Integrity,Catch local whose model expect as page model from including.,Fear however operation discover media skill perhaps week study course outside we notice.,Kenneth Chandler,In Progress
AUD-01771,SITE-001,2024-05-02,,85.9,Personnel Training,Until style measure travel shake analysis possible officer cell western majority man similar.,Grow have check owner source air school western crime low thought whether pass add value.,Michelle Shaffer,In Progress
AUD-02615,SITE-004,2026-03-12,,64.3,Personnel Training,Determine others agency produce national picture Mrs way doctor understand some gas seek ground less game society.,,Victor Johns,Open
AUD-01938,SITE-001,27-Aug-2025,09/17/2025,73.3,Leak Detection,South his impact American young board senior almost clearly.,Record four career suffer thousand possible.,Ryan Evans,Closed
AUD-00579,SITE-003,2026-02-26,,53.2,Emergency Response,Letter matter institution share player teacher range law business season number eye no.,Game manager guy save base friend friend deal message address.,Laura Johnson,Open
AUD-01423,SITE-006,2025-07-05,,79.9,Maintenance Backlog,Teach the side carry yourself specific improve measure region interview far bit campaign choose machine lay rock pass.,Plan budget health choose low coach director few.,Amy Francis,In Progress
AUD-00067,SITE-001,2024-11-26,2024-12-18,-7.5,Documentation,Heavy couple education mean dark kid training remember while.,Also part all beyond us outside red nothing.,Paul Wood,Closed
AUD-01622,SITE-005,2024-10-13,,80.2,Environmental Monitoring,Front charge kitchen not than American career scientist fast support end key decision participant.,Catch standard visit walk style factor now red be begin.,Mark Hale,Open
AUD-00289,SITE-005,2025-05-13,,68.6,Personnel Training,Body might the determine government true sing visit case federal possible animal.,Couple government form culture body.,Charles Savage,Open
AUD-02126,SITE-006,2026-06-24T00:00:00Z,,84.3,Safety Equipment,Than heavy why cost watch second until store suddenly before change station require maintain condition case.,,Julie Sheppard,Open
AUD-01555,SITE-007,2026-07-26,2024-04-30,76.5,Documentation,Ready state public husband reality direction green project kitchen kid along heart soon financial.,Speak page role top theory cell cold available identify size.,Mr. Scott Sanders,Closed
AUD-01014,SITE-004,2026-02-18,,100.0,Documentation,Feel science pressure space one record religious final environment.,,Brian Smith,In Progress
AUD-00851,SITE-003,2026-01-03,2026-02-22,47.8,Emergency Response,Painting let measure it want soon table many idea article range.,That arrive through personal really research both identify than expert.,Lisa Turner,Closed
AUD-02655,SITE-002,2024-09-04,2024-09-14,76.6,Personnel Training,Class party decide magazine identify tell resource its.,Mention give bank respond direction.,Brian Conley II,Closed
AUD-01999,SITE-006,2025-11-01,,68.3,Leak Detection,First soon budget behavior who clear sister Democrat reason surface city father per child floor.,Teacher firm staff left friend change challenge more within case.,Brady Avery,In Progress
AUD-02834,SITE-005,2025-02-05,2025-02-11,98.2,Maintenance Backlog,Energy quickly hundred night could century people body.,Accept control south develop cause front peace commercial.,Kristina Wright,Closed
AUD-02576,SITE-006,2025-10-02,,81.2,Maintenance Backlog,High church hundred college yet once break church.,Hold late make system land issue something give argue enjoy.,Thomas Carr,In Progress
AUD-00228,SITE-002,2025-07-25,,84.5,Emergency Response,Keep would carry lot all now event free food value figure both compare certain show PM name.,,Timothy Tate,In Progress
AUD-01931,SITE-003,2025-08-09,,74.7,Maintenance Backlog,Involve current involve argue up language commercial down weight.,Onto difficult across.,Tara Yoder,Open
AUD-00614,SITE-005,2025-06-26,,74.9,Maintenance Backlog,Detail student behind western kitchen hot might board bank agency would ahead hit democratic effect.,,Angela Estrada,In Progress
AUD-01521,SITE-003,2026-04-07,,58.5,Maintenance Backlog,Soldier heavy top just me hot test across long idea every reduce deal accept painting medical.,Whole contain down professional piece together tree site.,Timothy Jones,In Progress
AUD-00542,SITE-007,2026-05-21,,76.5,Containment Integrity,Reason conference travel stay truth seek could practice pick these spend school.,The argue your close increase put reduce vote.,Jeremy Hicks,Open
AUD-00282,SITE-004,2026-05-25,,84.5,Safety Equipment,Value until lay once sense process mind order evening box mother reflect team.,,Mary French,In Progress
AUD-01563,SITE-004,2024-11-02,,89.5,Containment Integrity,Exactly hotel know stock risk difficult we tonight either voice.,,Gabriel Edwards,Open
AUD-00526,SITE-001,2024-04-23,2024-05-17,59.8,Environmental Monitoring,Just again bar fear court customer report leave safe trial about claim information gun nothing south.,Ok song ever do reduce ball.,Ryan Salazar,Closed
AUD-02687,SITE-004,2024-06-25,2024-07-25,82.3,Maintenance Backlog,Public staff interesting fall officer address answer organization color economic yes person along once.,,Michelle Stein,Closed
AUD-00523,SITE-001,2024-08-25,,-2.6,Safety Equipment,Painting song record then just require explain follow consumer film conference method tough live.,Bag protect note statement push clearly society ever matter like of when age.,Diane Bishop,In Progress
AUD-02507,SITE-001,2025-01-13,2025-02-07,58.1,Maintenance Backlog,Standard city air sort senior special be already pressure me when light.,,Nicholas Morgan,Closed
AUD-00306,SITE-007,2025-07-02,2025-07-17,88.9,Maintenance Backlog,Down difference anyone industry huge allow during central happen main stock chair cut wrong order allow wrong offer consider laugh hold.,Remain lead send world size.,Alicia Taylor,Closed
AUD-01977,SITE-006,2025-07-19,,46.2,Containment Integrity,Citizen control toward anything meet fill may adult although glass court it lose side.,Game relationship pretty meeting away world.,Nicole Miller,In Progress
AUD-02206,SITE-001,2026-03-06,2026-03-15,98.4,Environmental Monitoring,Thousand suffer school recently teacher price reality nice movie tonight college wear cultural.,Nothing believe science data interesting special.,Elizabeth Davis,Closed
AUD-00505,SITE-002,2025-11-22,2025-12-22,-3.0,Personnel Training,Late every condition seem case so second.,Sit number job person.,Anthony Lawson,Closed
AUD-02362,SITE-007,2025-05-27,,77.0,Safety Equipment,Region attack different kitchen however.,Couple when market hand late article item.,Elizabeth Stuart,Open
AUD-01100,SITE-007,2025-05-26,2025-06-17,89.4,Leak Detection,Myself open deal young answer recently movie admit blood city feel general.,Everybody friend writer imagine education simply wonder shake school find way side there.,Wesley Henderson,Closed
AUD-01595,SITE-001,18/10/2025,2025-11-14,83.2,Documentation,Contain study really too enjoy reveal staff run story though clear party expect price.,Dark team now marriage.,Joshua Mendoza,Closed
AUD-01064,SITE-004,2024-03-27,04/25/2024,93.0,Containment Integrity,Smile soldier him none change view cover reason experience while medical father ball us soldier onto.,Program travel enter center development.,Ronald Craig,Closed
AUD-00716,SITE-004,2025-06-23,13-Jul-2025,88.4,Containment Integrity,Successful cultural red just offer term reason relate.,Meeting available painting yard bag per.,Joseph Williamson,Closed
AUD-00291,SITE-001,2024-06-22,22/07/2024,89.0,Leak Detection,Political indeed sense piece whose baby challenge star near theory then news magazine apply brother last.,Since option air traditional few thing school rich throw certain.,Chad Stewart,Closed
AUD-00976,SITE-001,2024-06-04,06/26/2024,82.9,Containment Integrity,Again tonight another focus peace so affect smile effort thought common drop office face our force idea couple participant.,Long rather arrive fine play skin pick.,Allison James,Closed
AUD-00059,SITE-007,2024-08-22,,73.3,Maintenance Backlog,Current protect degree wall eat discover case sound boy city majority long enter something.,Game run prepare will catch pull former control old.,Elizabeth Pruitt,In Progress
AUD-00392,SITE-001,2026-03-19,,83.3,Maintenance Backlog,Financial beat news Congress environment care would worry point style.,Field point forward record human enjoy interest create whole fly realize dark.,Ian James,In Progress
AUD-00131,SITE-005,2026-01-13,2026-02-03,81.7,Leak Detection,He common yes decide than five door across after eat heart.,Leader rather great control cost statement ask investment those message easy reveal bag social.,Carolyn Newton,Closed
AUD-02350,SITE-007,2025-12-01,,98.0,Personnel Training,Player clearly argue wish page quality hair already billion medical.,Author region dog television probably guy senior result subject wait.,Jessica Norton,Open
AUD-00545,SITE-004,2025-07-30,06-Aug-2025,85.6,Leak Detection,Party unit particularly money resource account section shake stay under much mind middle statement show region often leader everybody protect rock.,Old born hundred success nature soldier friend.,Mrs. Rebecca Kelly,Closed
AUD-02182,SITE-003,2026-02-02,,49.0,Emergency Response,All adult meeting difference agent such economic bad follow.,Matter begin their break mention.,Susan Goodwin,Open
AUD-00852,SITE-004,2024-03-13,2024-04-11,82.5,Leak Detection,Similar power care truth material move trial who so require hold just quality report space authority stock street.,New accept society billion suddenly green while a hot.,Rhonda Fox,Closed
AUD-00164,SITE-006,2024-05-28,,65.3,Containment Integrity,Know message prevent water summer matter Congress must beat.,Together energy teach piece add project ten level how quality real.,Amanda Lee,In Progress
AUD-02943,SITE-002,2026-04-08,2026-04-13,85.7,Personnel Training,Property relationship clearly garden keep nation something friend rock light.,Big actually system clear ask wife usually issue create space.,Kayla Khan,Closed
AUD-02700,SITE-001,2025-05-15,2025-05-27,87.0,Maintenance Backlog,Live attack structure little matter position especially hospital former where make watch.,,Jeffrey Stanley,Closed
AUD-01130,SITE-005,2024-04-23,2024-05-20,73.9,Documentation,Clearly he certainly Mrs federal prevent stop account home themselves across kitchen whole low according left economic.,Although determine parent himself eye.,Brandon Hall,Closed
AUD-01902,SITE-006,2026-06-10,,76.6,Documentation,Stand third off treat leader area others what mind social carry talk common.,Meet suddenly hear law behavior general team paper.,Arthur Walker,Open
AUD-02542,SITE-002,2026-05-28,2026-06-10,89.7,Personnel Training,Evening right owner finish talk I look certain receive within letter piece wrong play case throw.,Themselves father end model.,Michelle Yates,Closed
AUD-00091,SITE-004,2025-04-17,2025-04-30,86.1,Emergency Response,Number man return wife service off method prevent natural machine common person force budget day anything authority speak hold community later.,This soldier surface no campaign ten manage film certain question teacher research time but amount.,Rebecca Spencer,Closed
AUD-02689,SITE-007,2026-01-06,,78.3,Maintenance Backlog,Rock particular indeed guy try across south shake moment music force eye east hospital public challenge look finally treat.,,Margaret Roberts,Open
AUD-01229,SITE-002,2024-03-06,2024-03-31,71.7,Containment Integrity,Night anything picture son several source one direction side.,Standard foreign determine time whether group perform discussion authority.,Joseph Freeman,Closed
AUD-00834,SITE-007,2024-08-04,2024-08-23,81.1,Personnel Training,Music drug real guess trade thus reduce fire book agent.,Analysis develop light until understand top maybe under its chair.,Gregory Rodriguez,Closed
AUD-01567,SITE-001,2025-01-29,2025-02-05,83.1,Leak Detection,Collection whole professor owner main tree prove would change.,Letter down throw experience step finally school.,Logan Gonzalez,Closed
AUD-00519,SITE-007,2024-02-22,2024-03-01,87.0,Leak Detection,Game forward how reason rest for interest culture matter learn husband yet special identify form force.,Safe born raise task offer all through occur measure along.,Erica Lawrence,Closed
AUD-00946,SITE-006,2025-08-07,,50.4,Environmental Monitoring,Throw vote weight mouth easy finally draw he down include purpose court this democratic.,City movie defense nothing necessary adult bad say show but bar bill rather.,Andrea Thomas,Open
AUD-01698,SITE-004,2024-09-13T00:00:00Z,2024-09-22,99.8,Environmental Monitoring,Marriage finish any ready short computer hit state vote table guess Congress.,,Kristine Mahoney,Closed
AUD-02705,SITE-001,2025-05-24,2025-05-29,80.4,Containment Integrity,Scientist focus stuff few remember maintain section interview time available five.,Green discussion either son board law fund study clearly night already.,Kaitlyn Sweeney,Closed
AUD-00920,SITE-006,2024-11-27,,48.5,Documentation,Must participant bed travel level also public single across serve run alone great lose few almost.,New full present down suddenly miss indeed increase.,Megan Grant,In Progress
AUD-02729,SITE-004,2025-04-25,2025-05-17,88.3,Environmental Monitoring,Stuff art benefit itself marriage six company new anything without early most summer seem difference recognize beautiful dinner.,,Joe Smith,Closed
AUD-00064,SITE-002,2025-03-29,2025-03-22,66.6,Safety Equipment,List artist no response seven threat capital thus relationship more total box very huge land end year lead.,Sense play look finally century speech adult various.,Louis Smith,Closed
AUD-00210,SITE-004,2024-02-20,,71.0,Leak Detection,Wear fish production ever one respond hand main upon including tonight defense much foot take election.,Arm move too seven prepare wife space own teacher owner write exist there surface red describe.,Jessica Munoz,In Progress
AUD-00991,SITE-005,2026-01-04,,69.6,Safety Equipment,Office who check training bag rich house choice social live person adult add.,Believe start table foreign each teach several modern.,John Mcdonald,In Progress
AUD-02976,SITE-002,2024-05-09,2024-05-29,-3.3,Safety Equipment,Girl especially professional alone bit happen own though site security conference social sound impact live security draw world line site herself create.,Deal security including everybody.,Tracy Cameron,Closed
AUD-00507,SITE-006,2025-09-15,2025-12-14,64.6,Safety Equipment,Kid glass state out positive meet.,Able note will control culture recent exist office seem situation.,John Bauer,Closed
AUD-00493,SITE-005,2026-06-01,2026-06-23,95.8,Leak Detection,Western cut radio live simple might hand myself ground reality start.,Rock public American top.,Anne Lopez,Closed
AUD-02305,SITE-005,2024-04-29,,88.7,Personnel Training,Land election as parent national cost it need structure operation realize just him.,Economy begin yeah forget.,Christopher Jones,Open
AUD-01063,SITE-004,2025-09-18,2025-09-24,89.9,Leak Detection,Most identify pretty cultural forget long market president add hope box area in wait always pretty matter they so investment before attorney understand character reach whole.,Mean far that so tax lot game sound.,Raymond Valenzuela,Closed
AUD-00999,SITE-003,2024-07-16,2024-08-06,55.0,Documentation,Both parent probably behind least see rock thousand deal owner song personal political receive need appear run state paper.,Great population economy project himself safe.,David Wilson,Closed
AUD-00378,SITE-006,2025-11-26,,63.9,Environmental Monitoring,Most positive value environmental direction notice hundred safe.,Your save heavy push grow relationship source really analysis.,Jesse Turner,In Progress
AUD-02909,SITE-006,2024-09-21,,75.9,Maintenance Backlog,Article spend office education anything medical animal surface seven.,,Sean Robinson,Open
AUD-02202,SITE-005,2026-01-24,,86.2,Leak Detection,Consider have stock water find.,Will early simply gun year.,Faith Mack,Open
AUD-01470,SITE-002,2025-01-02,2025-01-11,89.2,Documentation,Either because today according power score live Mrs ask town.,Benefit candidate green lawyer.,Daniel Dyer,Closed
AUD-01874,SITE-002,2024-10-23,31-Oct-2024,90.2,Safety Equipment,Thousand whole entire air sometimes develop weight fear affect what type determine.,Pay boy him season friend along final.,Katie Williams,Closed
AUD-01896,SITE-005,2024-09-29,2024-10-20,70.1,Containment Integrity,Some into edge our purpose purpose education cover through purpose friend smile statement.,,Danielle Bailey,Closed
AUD-00947,SITE-003,2025-06-29,2025-09-12,-7.4,Leak Detection,Win image industry receive east economic consumer deep hold reach involve can another entire cultural.,Chance focus pass nice product another quality almost treat blue stop story enjoy.,Lawrence Brown,Closed
AUD-02451,SITE-007,12/06/2025,2025-12-22,84.1,Safety Equipment,House sport network morning fish anyone.,City very another suddenly half return finally.,Bianca Robertson,Closed
AUD-01244,SITE-003,2025-04-21,2025-05-23,74.7,Containment Integrity,Boy career top officer Mr prevent white compare image century response we anyone soldier successful significant generation first trial quite.,,Caleb Lopez,Closed
AUD-02611,SITE-004,2025-04-22,2025-05-11,88.6,Containment Integrity,Democratic dream start spring medical maybe sit.,Town bag property area focus politics partner.,Robert Nguyen,Closed
AUD-01981,SITE-006,2026-05-21,2026-08-14,58.5,Containment Integrity,New take world alone exist break sister bag thank her.,Worker consider decade two police writer attorney realize painting.,Meghan Ryan,Closed
AUD-02457,SITE-007,2026-03-24,2026-04-07,78.2,Containment Integrity,See outside trip collection radio away north item investment field decision.,Friend full ready local significant school even show just fish Mr year none.,Norma Roberts,Closed
AUD-00759,SITE-004,2024-12-21,2025-01-15,89.6,Safety Equipment,Speech feeling prevent stuff seem month follow man several who focus land.,White measure ball give add late lead idea.,Gary Thomas,Closed
AUD-01265,SITE-004,2025-05-08,2025-06-03T00:00:00Z,78.0,Safety Equipment,Focus quite score never clear seat Mr pull benefit whatever.,Left wind place free stop go include truth mission a his without ok form suffer.,Edward Terry,Closed
AUD-00811,SITE-007,2025-03-05,,82.8,Safety Equipment,Yeah new only relate mother already certain current until cause challenge.,Amount lawyer get region main avoid individual always red identify newspaper stuff.,Ryan Giles,Open
AUD-00902,SITE-004,2025-10-31,2025-11-27,89.6,Documentation,Call until mind receive yeah pay other produce prevent institution control one best chance prevent lead season measure because few student near.,Mouth day free side both travel stay.,Eric Meyer,Closed
AUD-00534,SITE-003,2024-12-27,,56.9,Documentation,Seven national like possible reach third less total exist window project have she care degree.,Section analysis indicate war marriage image chair force enough.,Kelsey Chaney,Open
AUD-00566,SITE-003,2026-01-22,2026-02-13,59.1,Leak Detection,Guy want radio economy world bit especially poor worry dream rather line.,Every care analysis perhaps give.,Christine Lewis,Closed
AUD-00619,SITE-007,2025-08-26,01/09/2025,88.3,Maintenance Backlog,Heart party recent plant manager impact loss upon land.,,Travis Lewis,Closed
AUD-01691,SITE-002,2024-12-24,2025-01-06,90.4,Documentation,Science brother any middle hospital human anything order yeah whom hotel assume current business along study staff stock change.,Pick table now control.,Kayla White,Closed
AUD-02902,SITE-007,2024-11-27,,100.0,Leak Detection,Bed blue Democrat movement lay experience your young again major response country high certain situation house military better moment.,,Sandra Mills,Open
AUD-00328,SITE-002,2025-05-19,2025-05-29,100.0,Safety Equipment,Stay message production right cell religious next president sure parent grow off idea hope dark old perform.,Someone decade guess action training around read.,John Valdez,Closed
AUD-00281,SITE-007,2024-11-27,,79.0,Environmental Monitoring,Reveal early rise imagine add state maybe hair find far guy standard garden next sign arrive Republican strategy rest increase rock right home agree buy.,Even piece cell talk never though any human house.,Matthew English,Open
AUD-00178,SITE-002,2025-04-06,2025-04-17,93.0,Personnel Training,There speech box not later matter reduce large company increase people rich game easy fear wear may from central vote ago clear audience society hard specific audience.,Analysis design staff entire yourself suffer book.,Christina Delgado,Closed
AUD-02070,SITE-004,2024-03-26,2024-04-16T00:00:00Z,76.7,Personnel Training,Increase Democrat speak become take center into thus over gas show start forward wear develop though professional these real.,Edge remain major member happy beautiful.,Matthew Barton,Closed
AUD-02039,SITE-001,30/06/2025,,96.7,Safety Equipment,Avoid top place including citizen single community open of speech remember.,,Darlene Park,Open
AUD-00192,SITE-004,2025-02-16,2025-03-18,96.0,Personnel Training,Positive else enjoy middle amount area push reason last career wind rule wait car either money.,,Shawn Contreras,Closed
AUD-02143,SITE-007,2024-11-28,13/12/2024,90.5,Safety Equipment,Body successful catch half thus move traditional buy defense foreign stay task school piece couple rule his door economy address explain actually.,Baby set treat around condition those.,Sophia Johnson,Closed
AUD-02218,SITE-007,2025-05-26,2025-06-23,78.8,Documentation,Indicate life after hear citizen nothing garden wrong remember various enter answer newspaper.,,Cole Johnson,Closed
AUD-02311,SITE-001,2025-05-02,,78.5,Personnel Training,Trade eight knowledge yourself chair security least recent campaign section change career myself serve theory who message its those concern around likely measure television.,Lawyer ok about certainly always talk research bed pull already ability.,Nancy Berry,In Progress
AUD-00191,SITE-001,11/07/2026,,81.1,Containment Integrity,Watch subject mission fund body learn.,Again many want significant ability give teacher well what.,James Ball,Open
AUD-00031,SITE-004,2025-06-01,2025-05-24,90.3,Documentation,Walk better population garden expect return appear let end term ever meet popular bar cup.,Night from win significant market.,Justin Baker,Closed
AUD-02473,SITE-005,2025-07-26,08/04/2025,92.0,Leak Detection,Different five have church no car character garden rise mention store understand way level.,In even despite I kid who drug.,Paul Kramer,Closed
AUD-01138,SITE-001,2025-09-22,2025-10-08,72.3,Personnel Training,Seem similar short impact person maintain season quickly yet win store itself one or station generation eight low political them plant agreement campaign beat long into course.,He finally easy present wind include family organization.,Sonya Campbell,Closed
AUD-01952,SITE-001,2026-01-09,2026-02-05,75.0,Personnel Training,Lose such responsibility defense section.,Avoid speak similar sign Republican outside may soon staff cut.,Terry Joseph,Closed
AUD-01290,SITE-002,2025-12-03,2025-12-29,78.1,Personnel Training,Anything pass sell understand big so beautiful for single green.,However beautiful goal daughter decision once.,Madison Reynolds,Closed
AUD-00160,SITE-004,2025-05-04,2025-06-03,84.4,Maintenance Backlog,Traditional deal almost culture gun thought determine prepare attorney property finish admit base wear serve lot relationship local.,,James Thompson,Closed
AUD-01243,SITE-006,29/05/2026,,63.2,Documentation,Share son international listen you try what stop wall sort American let now southern set training figure kitchen.,Song his line feeling record space peace free American.,Mrs. Elizabeth Blake MD,In Progress
AUD-00339,SITE-004,2025-02-07,2025-02-25,75.3,Personnel Training,Reason foot expect goal maybe beat Mr here carry level huge food.,,Connie Hernandez,Closed
AUD-00346,SITE-001,2025-01-26,2025-02-14,88.3,Personnel Training,Condition every amount operation certain mouth its.,,Jennifer Smith,Closed
AUD-02719,SITE-005,2025-09-08,2025-09-14,78.0,Safety Equipment,Election phone why cultural individual their list seven pick remember.,,Christopher Wells,Closed
AUD-00553,SITE-004,2025-03-28,,84.7,Maintenance Backlog,Stand large billion us prepare rule everyone degree drug attorney realize similar.,Expert hit enter read research gas write tree choose spend later fund win.,James Carson,Open
AUD-01194,SITE-006,2026-04-10T00:00:00Z,,62.2,Environmental Monitoring,Add hotel entire theory store sense know.,Space course memory likely authority check compare require do management card challenge.,Micheal Browning,In Progress
AUD-01336,SITE-002,2025-03-26T00:00:00Z,2025-04-01,95.5,Environmental Monitoring,Decide race help yet treatment sea firm important by century Congress go coach should make itself just first sister method.,Attorney to myself mission adult seat car whose group represent catch.,Zachary Pierce,Closed
AUD-00027,SITE-007,2025-07-15,2025-08-03,96.7,Safety Equipment,Grow hotel election season dinner beat future son.,Wish ball during seven card upon thousand our environment region must return.,Carlos Larson,Closed
AUD-00527,SITE-007,2024-12-11,,97.4,Documentation,Feeling indicate pressure wait standard medical card drive no recently.,Contain wrong general both popular especially television generation.,Jennifer Daniels,Open
AUD-01438,SITE-005,2024-05-15,05/23/2024,79.1,Environmental Monitoring,Today avoid read suffer prove weight chair forward decide sell consumer television four bank simple source.,Call including ever commercial suffer.,Sara Park,Closed
AUD-02982,SITE-005,2025-06-08,,86.1,Maintenance Backlog,Money important clearly close quality speech word not enjoy by dark six mention computer.,Physical relate spring charge along pick century.,Leslie Moore,In Progress
AUD-02492,SITE-005,2024-08-17,2024-09-01,80.1,Leak Detection,Need impact surface fill public thank lay card make service two strong without fact thought.,Threat create eight yet compare agent fear training image shake.,Kathryn Bowers,Closed
AUD-01690,SITE-005,2025-08-05,2025-09-02,82.9,Maintenance Backlog,Safe opportunity nation medical wind director part experience range red once.,Involve similar night civil.,Kyle Armstrong,Closed
AUD-01236,SITE-003,2024-03-30,,61.8,Personnel Training,Again tonight message trial wind success hour coach commercial report send director herself teach history employee.,Daughter event apply report analysis feeling expect all long nice charge present.,Mike Perry,Open
AUD-02609,SITE-003,2024-12-31,2025-03-04,93.3,Maintenance Backlog,Safe agency throw risk bit radio board center add organization she game research message reason.,,Connie Lang,Closed
AUD-01121,SITE-007,2025-01-10,2025-01-20,71.1,Personnel Training,Make entire assume some style fight plant add can heart would class up production threat fund any.,,Stephen Johnson,Closed
AUD-01202,SITE-001,2024-06-25,,84.8,Environmental Monitoring,Painting the let truth reduce turn benefit at account family maintain act mother none fact.,Doctor crime civil cell buy forget nice career reduce.,Jennifer Cook,Open
AUD-01941,SITE-006,2026-07-20,,64.9,Personnel Training,Type tell issue listen program thus part.,Appear product interview evidence minute cost politics throughout suggest.,David Bennett,Open
AUD-00824,SITE-001,2025-11-04,,91.1,Leak Detection,Realize morning only yard market writer.,Remember student several reach top difficult science movie those character best decide similar appear.,Darrell Espinoza,In Progress
AUD-01454,SITE-005,2024-10-10,2024-11-08,80.6,Safety Equipment,Live pass behind quickly positive science happy other those act involve.,,Alexis Stephens,Closed
AUD-02890,SITE-006,2024-03-23,,62.2,Personnel Training,Process step expect pressure teacher teach know medical section team onto.,,Jonathan Huffman,In Progress
AUD-00052,SITE-007,2025-09-17,,92.5,Safety Equipment,Sister chair election fish hand color sign whom magazine level quality up water.,,Jamie Ruiz,In Progress
AUD-00477,SITE-005,2025-07-10,2025-07-24,94.1,Environmental Monitoring,Carry spring author military Mr action energy difference compare let discuss analysis floor including Mrs stage future I.,Beyond test past able measure analysis.,Michael Houston,Closed
AUD-01670,SITE-001,2026-09-12,2024-12-13,68.2,Containment Integrity,Sometimes firm meeting method body theory resource investment evening college election side.,Organization actually new often adult.,Patricia Porter,Closed
AUD-01074,SITE-006,2024-09-19,,74.4,Maintenance Backlog,Every tree girl whether analysis appear matter up role several point ago risk.,,Anthony Lewis,In Progress
AUD-01412,SITE-001,2024-05-30,2024-06-21,85.1,Leak Detection,Improve kid next better whom discussion wall.,Free idea in list guy for now.,Linda Jimenez,Closed
AUD-01673,SITE-005,2025-10-22,,78.4,Personnel Training,Once phone possible leg television employee almost where decision teach.,Behavior much sea level.,Rebecca Nunez,In Progress
AUD-00456,SITE-004,2024-12-09,,99.5,Environmental Monitoring,Let pattern week already medical these man possible wonder about once language particular.,They in player up apply scientist war world away nor hot perform.,Cody Salazar,Open
AUD-02192,SITE-004,2026-07-09,,78.2,Emergency Response,Court worker various strong account television list drop listen think clearly oil mouth help table.,Pm candidate usually Mrs month in section enough several travel onto.,Candice Smith,Open
AUD-01017,SITE-005,2024-03-08,2024-03-27,77.7,Documentation,Case well nice court official main new marriage benefit new cause true country.,,Edwin Reynolds,Closed
AUD-01013,SITE-006,2026-07-01,,52.3,Maintenance Backlog,Edge challenge people then form how executive staff recent.,,Bryan Smith,In Progress
AUD-02437,SITE-001,2024-04-24,2024-04-29,150.7,Emergency Response,Low cut should evidence key however along develop whatever call already seek or.,Much describe clearly this easy thus method decision specific service will.,Allison Ramirez,Closed
AUD-01783,SITE-007,2026-01-10,,83.3,Containment Integrity,Out him ever method of age return future respond alone choose deep take.,Short attention short card.,Troy Vargas,In Progress
AUD-01860,SITE-007,2026-02-12,,73.0,Personnel Training,Wonder late take ago beat knowledge themselves stage may participant detail until serve firm coach floor inside dark finish magazine be go.,Hotel guy decide improve build for customer nearly news statement law machine summer.,Steven Wilson,Open
AUD-00370,SITE-005,2025-09-09,2025-10-05,100.0,Personnel Training,Head offer along blood clearly build would name weight main.,Method information side scientist generation education rest.,Mercedes Hodges,Closed
AUD-00969,SITE-007,2025-07-31T00:00:00Z,2025-08-29,61.7,Safety Equipment,Me attention exist boy side ask economy reality same subject fly ground building include behind.,,Wesley Sandoval,Closed
AUD-02866,SITE-004,2024-11-11,,66.1,Leak Detection,Attorney American themselves yeah meeting meeting report sing bad require country nation outside upon hope cup.,First maybe during sign lawyer move purpose affect member security.,Thomas Robles,In Progress
AUD-01877,SITE-001,12/11/2025,2025-12-28,80.9,Environmental Monitoring,Human perform involve pay tree team relationship others court only must oil understand third church tree check conference.,Resource debate history executive interesting rich operation community sometimes and yes because others.,Ashley Lane,Closed
AUD-01269,SITE-007,2025-02-04,,76.3,Safety Equipment,Charge type reveal rest usually despite hotel fund environmental car lose partner whose.,Great year without thousand safe professor the.,Thomas Compton,Open
AUD-01536,SITE-007,2026-03-02,,97.5,Containment Integrity,Matter husband start third section eat contain reach thought performance blue three each agent guy.,Team deal reflect mind and job nation speak billion.,Lisa Griffith,Open
AUD-02253,SITE-001,2026-04-27,2026-05-14,94.0,Safety Equipment,Service Congress success three clear listen yes adult.,,Angela Ayers,Closed
AUD-00445,SITE-005,05/20/2024,,72.0,Personnel Training,Sound firm important project term national carry rise.,Wear lay out deep or there suggest under consumer.,Austin Lowery,In Progress
AUD-00994,SITE-005,2024-04-14,2024-04-21,86.2,Documentation,Manager first seem world mouth indicate assume billion wife center world garden.,Continue teach skin of price tonight pattern once.,Gary Young,Closed
AUD-02805,SITE-001,2025-05-13,2025-05-23,75.3,Emergency Response,Knowledge sound source describe professor laugh yourself who performance movie clear sell pull serve fill knowledge human.,,Mr. Christian Jordan,Closed
AUD-02415,SITE-006,2025-09-12,,68.7,Containment Integrity,My citizen prevent record analysis through actually democratic left reach reveal.,Education rise knowledge popular yourself sense bring.,Keith Garrett,In Progress
AUD-00706,SITE-002,06/28/2025,,81.3,Personnel Training,Fine support center collection Mr at red candidate store machine.,Avoid bad cause peace as east author over.,Richard Young,Open
AUD-00562,SITE-004,2026-05-10,,91.6,Leak Detection,Total full foreign concern trip into college mother race risk attack able require student score local to ground represent.,Care teacher safe artist campaign lead lose.,John Huffman,In Progress
AUD-00154,SITE-002,2025-12-15,2026-01-08,70.2,Safety Equipment,Hard bad explain talk season reality himself president.,Treatment produce rather soldier matter.,Carlos Morrow,Closed
AUD-00085,SITE-002,2026-06-19,2026-06-14,88.7,Emergency Response,Dream me protect still have unit glass people.,Option matter add hundred financial.,Steven Oliver,Closed
AUD-00660,SITE-002,2025-04-02,2025-04-17,88.6,Emergency Response,Keep full state cause among source well team food three western read end certainly pressure child.,End loss ground trade kid when war thus above concern place their.,Richard Brown,Closed
AUD-00156,SITE-007,2024-11-16,2024-12-01,82.8,Emergency Response,Your instead always American effect appear agency move prevent level space her sign method.,,Jacob Browning,Closed
AUD-02464,SITE-004,2025-03-26,2025-04-20,89.0,Leak Detection,Term movie could drive arm accept country cup attention actually western establish green compare inside out control.,Air success happen many to close tough enjoy our.,Donna Morales,Closed
AUD-01925,SITE-007,2026-05-08,2026-05-18,86.1,Personnel Training,Market couple play heavy change.,Arrive learn successful class husband perhaps ball become response represent describe body loss.,Joseph Gray,Closed
AUD-02290,SITE-007,2024-02-28,2024-03-07,75.5,Emergency Response,Though decision forward talk share major give really political plan mission time the any deep mention talk soldier music low.,,Traci Moore,Closed
AUD-01165,SITE-005,2025-08-29,2025-09-28,78.5,Documentation,Term art fight old bar system up doctor bring question kid and.,,Michael Jones,Closed
AUD-00719,SITE-001,2025-05-07,06/04/2025,56.0,Personnel Training,Account kind prepare present exist start strong body him prevent early one field physical.,,Jennifer Nelson,Closed
AUD-00206,SITE-007,2026-05-21,2026-06-17,84.1,Personnel Training,Agreement environmental great run find cultural base party long decade together me score.,,Bridget Hernandez,Closed
AUD-01147,SITE-001,2025-08-06,,92.5,Safety Equipment,Think about play nearly player specific former follow fish any his image those these front near defense summer important short this field art throw strong politics much.,Themselves PM time right she morning.,Rhonda Jones,In Progress
AUD-02916,SITE-004,2024-06-22,2024-07-21,100.0,Containment Integrity,Growth information believe participant almost lead political PM write could early candidate phone art watch item treat check set ball democratic feeling.,What indicate history send break time.,Victor Wood,Closed
AUD-02373,SITE-006,2024-12-25,,58.7,Emergency Response,Behind like help against among well since rate.,Speech start card important.,Tamara Patterson,Open
AUD-00286,SITE-007,2026-05-19,24-May-2026,74.6,Personnel Training,Ground pass suffer detail traditional training address whose baby change certainly.,That begin exist son international understand story see throw.,Raymond Mitchell,Closed
AUD-02637,SITE-001,2024-12-02,2024-12-16,89.2,Leak Detection,Off fast even cultural student option drive authority usually trade thus option painting capital live.,Some hair listen piece until.,Ryan Stokes,Closed
AUD-00297,SITE-001,2025-12-05T00:00:00Z,29-Dec-2025,92.1,Documentation,Senior low sport new tend watch money parent customer such stuff.,Team show sister support fact.,Marie Schmidt,Closed
AUD-01298,SITE-004,2026-04-15,2026-05-12,94.9,Personnel Training,Amount million prevent hour power fear situation yeah culture stay.,Building day culture model enough likely half.,Donald Huber,Closed
AUD-00038,SITE-006,2026-02-21,,41.6,Containment Integrity,Mean himself region job each skin they notice smile through area human skin best generation much memory especially.,Senior relate build mention pull when economic thank.,Jessica Ward,Open
AUD-02860,SITE-002,2025-06-18,07/13/2025,76.2,Emergency Response,Describe million fast early when movie whom friend.,Sit writer she else side meet particularly night.,Justin Sanders,Closed
AUD-01149,SITE-002,2025-08-05,2025-08-24,88.0,Leak Detection,Machine thus glass walk happy oil produce arrive case somebody yet imagine election factor enter prepare.,Person nothing enjoy major job.,Erika Morrison,Closed
AUD-02610,SITE-004,2026-04-21,2026-05-19,61.0,Maintenance Backlog,Green result three say film check employee letter site eye case space level major career piece exactly if.,,Michael Armstrong,Closed
AUD-01047,SITE-004,2025-02-24,2025-03-16,63.5,Safety Equipment,Director take watch decide such administration upon interview yeah until training pressure organization particularly.,Eight occur shake spring commercial her pattern likely a military drug.,Dr. John Shannon,Closed
AUD-01468,SITE-002,2026-05-14,2026-05-31,74.9,Emergency Response,Wide keep feeling wear east moment guess change catch something a.,Community law first skill share see.,Karla Morris,Closed
AUD-01774,SITE-006,2026-01-25,,67.4,Maintenance Backlog,Middle most smile situation participant door.,Because service do consumer information throw usually much pretty window.,Joseph Welch,Open
AUD-00242,SITE-006,2024-05-06,,86.7,Environmental Monitoring,Finish score anyone manage customer already to sure send wall argue chance blood hit.,Nation together test require morning send argue product.,Carlos Hughes,In Progress
AUD-00795,SITE-005,2024-08-16,,100.0,Emergency Response,Approach Democrat it bad inside yes focus stay after through media interest role start reality up week section feeling who.,,Cory Thornton,In Progress
AUD-02734,SITE-006,03/11/2025,,54.0,Safety Equipment,Over most assume use them later resource however reflect will agent television professional.,Let certainly responsibility benefit chance land rise well place detail hot edge what.,Paul Mitchell,Open
AUD-02042,SITE-003,2024-12-02,2025-01-15,38.3,Emergency Response,Pick measure government garden end future section grow onto short early federal machine politics others effect even project.,Late edge involve determine my approach sign choose.,Paul Williams,Closed
AUD-02741,SITE-003,2025-02-22,,97.2,Documentation,Organization approach perhaps question yet hundred when policy story least buy although identify three or hour describe system country.,Recognize TV assume skin general act follow join story actually manager task one.,Jason Nguyen,Open
AUD-01749,SITE-003,2024-08-15,2024-09-23,69.3,Safety Equipment,Figure popular do student tax either article number soldier if.,Member dark exactly.,Terri Acevedo,Closed
AUD-01898,SITE-004,2024-05-10,,90.3,Containment Integrity,Leave light become security order action agree talk pattern compare simple day.,,Erika Hicks DDS,In Progress
AUD-00520,SITE-005,2025-09-28,2025-10-08,85.6,Emergency Response,Player often job record job plant in them memory stand ago.,Customer clear season care rock full high set discover writer shoulder seek son give can his.,Tammy Chandler,Closed
AUD-00490,SITE-004,2026-05-12T00:00:00Z,2026-05-19,77.1,Personnel Training,Former into region likely positive suddenly another yes low Mrs family mission central little hear policy history eat what between western put.,Whom process set away son this feeling clearly allow boy series husband why.,Troy Ward,Closed
AUD-00319,SITE-005,2024-12-11,2024-12-21,80.5,Leak Detection,Special phone animal which much effort write bank.,Them concern language main black item structure.,Antonio Bowman,Closed
AUD-01781,SITE-004,2026-01-31,2026-02-07,99.6,Environmental Monitoring,Behavior choose challenge camera mention little who no low board.,Charge affect different whole market newspaper read tonight.,Austin Calderon,Closed
AUD-00872,SITE-005,2024-05-05,,77.1,Safety Equipment,Push research main nation affect on cup.,Writer level board put black picture report wide.,Taylor Ruiz,Open
AUD-00972,SITE-005,2026-04-15,,81.6,Personnel Training,Leader nice trial score mention gun meet beat door thank lose.,School story charge general claim step check all.,Eric Miranda,Open
AUD-01585,SITE-003,2024-06-17,,80.0,Leak Detection,Position decide measure official action trial much between education now against new each.,Anything need give hard ahead have.,Michelle Bennett,Open
AUD-01076,SITE-003,2024-04-07,2024-05-16,42.1,Safety Equipment,Again resource serious real end computer matter bar teacher politics better certain thank space speak establish how day grow standard generation away condition technology easy.,Discussion at trade social seem speak bed sign seat husband than that.,Tracy Butler,Closed
AUD-02003,SITE-005,2025-09-23,2025-09-29,68.3,Maintenance Backlog,Animal seem summer result simply maybe policy single.,,William Gomez,Closed
AUD-02483,SITE-003,2024-09-17,,66.6,Documentation,Future authority college life force if culture happen baby because performance himself man national I recently.,Itself to he image too quickly gas.,Melissa Thomas,Open
AUD-02836,SITE-007,2024-07-13T00:00:00Z,,100.0,Personnel Training,Today not couple important help heavy baby enjoy.,White member behind difference economy wait arrive.,Brian Ford,In Progress
AUD-00760,SITE-005,2025-09-07,2025-09-26,81.5,Containment Integrity,Effort event friend trade carry door rather cell short whole.,May professor leave both wide southern reason wear sister.,Paula Santos,Closed
AUD-01852,SITE-001,2025-08-13,,84.9,Containment Integrity,Partner campaign likely eye myself difficult think wide minute focus face exactly continue together game.,Blue film marriage color.,Peggy Price,Open
AUD-02119,SITE-006,2024-11-08,,73.0,Documentation,Occur law beat marriage significant include feeling both second.,Present purpose fact question foreign I Mrs.,April Bell,Open
AUD-01750,SITE-004,22/09/2024,2024-10-08,100.0,Personnel Training,Anyone central skin mind total sense important usually gas city Democrat rather office assume official human.,,Tyler Mendez,Closed
AUD-01201,SITE-007,2025-10-11,2025-10-22,-2.8,Emergency Response,Foreign detail point fast western sign less reason within here this whom recognize lead later rate treat.,Show simply as data decade treat feel various page.,Richard Mayo,Closed
AUD-01270,SITE-002,2025-08-15,2025-09-09,86.8,Personnel Training,Message drive family image open market show attention ten present state.,Whom party their time indeed image former remain charge energy church.,James Washington,Closed
AUD-02594,SITE-007,23-Jan-2025,2025-02-17,76.9,Maintenance Backlog,Form serious line TV beat brother state pick grow compare final wall buy inside computer politics through.,Consider pass huge food economy different agree on.,Peter Gonzalez,Closed
AUD-01972,SITE-006,2025-06-20,,59.4,Containment Integrity,Final about contain seat woman investment thing condition discussion group go relate just network watch note us audience future exactly stop throughout fast political.,,Cody Lynn,In Progress
AUD-02965,SITE-002,2024-02-28,2024-03-24,61.8,Leak Detection,American with collection person blood nearly run right recently time level in.,Or task ability group family safe care old.,Tiffany Barry,Closed
AUD-01932,SITE-003,2025-11-23,,57.4,Emergency Response,Report keep nation American head work American new life child.,Yourself common outside between series wife show return seat people.,Ronald Boyd,In Progress
AUD-01848,SITE-007,2024-12-11T00:00:00Z,,92.8,Documentation,Performance late nature body child test part piece exist gas board source body to who though final young worry first.,Pattern field look city film training sometimes during must edge western really role.,Brian Williams,Open
AUD-02495,SITE-004,2026-05-23T00:00:00Z,2026-06-07,77.2,Documentation,Control order single production near scientist probably analysis practice us see play wonder respond budget serve office.,Set manager check see suddenly task hospital deal right control seat religious through.,Brian Leonard,Closed
AUD-02142,SITE-004,2025-06-22,,96.7,Leak Detection,Power husband trial six process during audience environmental his already service yeah lay during discover total.,Professional others both.,Angela Graham,Open
AUD-00956,SITE-001,2024-03-25,2024-04-20,80.5,Safety Equipment,Increase open long reflect change per court.,Democratic drug later write lay data record concern growth machine hair.,Michael Lewis,Closed
AUD-00093,SITE-002,2025-08-01,,86.9,Emergency Response,Three hard table mean make it pull until break mother hear want size Republican low above least information happy fall kid finally indeed act ball.,Relate may describe class responsibility early.,Amanda Harrell DVM,In Progress
AUD-02139,SITE-001,2026-07-14,,73.7,Environmental Monitoring,Recent still quickly argue surface cost wait class until herself cup new finally quite fast age.,Inside newspaper together chair analysis family lose.,Dennis Lee,In Progress
AUD-01286,SITE-001,2024-04-29,2024-05-05,86.8,Containment Integrity,Speech lay about beyond own husband sound else point garden term Congress first article federal game successful hard with behavior career mission clearly cost capital student anything.,Feeling economic turn.,Michelle Daniels,Closed
AUD-01564,SITE-005,2025-10-14,,88.6,Personnel Training,Professional central value them air reduce letter find at behind really.,Force significant movement much follow ask big couple.,April Taylor,Open
AUD-02759,SITE-001,2025-03-07,2025-04-01,75.5,Containment Integrity,Mind total hot perhaps law agent man research western occur former state it add however job me soldier.,Identify enter represent early that officer father late energy pay quickly certain.,Thomas Duke,Closed
AUD-02751,SITE-005,2024-03-02,,79.8,Emergency Response,In outside middle reveal behavior be campaign laugh almost maintain last nor name style size forward forward create general example.,Another treat relate cup crime choose forget talk.,Timothy Smith,In Progress
AUD-01826,SITE-001,2024-03-03,20/03/2024,81.0,Environmental Monitoring,Example usually week party design process to few third explain whatever sound likely stand perhaps team.,Road them make lead every short school.,Jeremiah Thomas,Closed
AUD-01866,SITE-004,2025-09-18,,58.4,Leak Detection,Four today director material wall many tough dog north rate certainly policy consumer direction someone have them worry rule audience recently beat.,Change whom camera change they grow.,Tina Morgan,Open
AUD-00860,SITE-006,2025-07-24,,48.9,Documentation,Wrong yard control blue she finish season son buy these entire.,Page well there upon no single sell.,Billy Lopez,In Progress
AUD-00680,SITE-004,2024-08-22,2024-09-06,86.0,Documentation,Rise final even according road play result second step response across.,News before blue ability beyond community Republican spring quickly friend.,Angela Brown,Closed
AUD-02487,SITE-005,2024-11-20,2024-10-24,80.5,Safety Equipment,May room sure such assume collection order discussion shoulder level kid box yet each.,Gas three attention small adult trade top cost.,Patrick Whitehead,Closed
AUD-01611,SITE-007,2026-04-05,,77.6,Safety Equipment,Clear choose voice house side benefit film generation across.,Few enough above live music.,Ana Alvarado,Open
AUD-00283,SITE-006,2025-12-02T00:00:00Z,,68.3,Personnel Training,Number while painting standard difficult church our knowledge.,Early major find or discussion.,Mitchell Blackwell,In Progress
AUD-00512,SITE-003,2025-02-13,,60.1,Documentation,Stock at long girl capital life leg available green break smile.,They language story reduce their store support occur early.,Joseph Moss,Open
AUD-00837,SITE-005,2025-08-18,09-Sep-2025,83.1,Containment Integrity,Yes company condition high better such mouth improve lose thing enough miss daughter myself.,,Bobby Williams,Closed
AUD-02107,SITE-002,2026-04-09,2026-05-05,83.0,Leak Detection,Agreement perhaps standard religious coach store political south why school open week this center pull character beat process laugh.,,Kimberly Gaines,Closed
AUD-02064,SITE-001,20-Aug-2025,2025-09-12,89.8,Safety Equipment,Safe none term speech school fly feeling sign discover book movement personal accept.,,Victor Taylor,Closed
AUD-01223,SITE-003,10-Dec-2025,,100.0,Emergency Response,Reflect adult best during relate well spend capital once land change start bank present spring single.,Home step other color.,John Griffin,In Progress
AUD-01982,SITE-006,2025-12-09,,150.8,Containment Integrity,Than yeah news art three these better.,,Kayla Potter,In Progress
AUD-02469,SITE-005,2024-08-21,31-Aug-2024,67.4,Safety Equipment,Center either court main act local run process its media important fish research receive gun various up prevent.,Light activity wife imagine really ball set exactly blue.,Jenna Carter,Closed
AUD-00351,SITE-002,2024-07-01,2024-07-18,79.0,Personnel Training,Campaign have experience together front act allow.,Pretty school adult difference.,Derek Taylor,Closed
AUD-01160,SITE-002,2025-05-16,2025-06-08,66.3,Environmental Monitoring,Question style them mean happy much way point national my force television property along might campaign arrive himself safe network three million shoulder dinner.,Ago certainly daughter throw.,Travis Rice,Closed
AUD-01277,SITE-004,2024-07-29,2024-08-17,57.3,Maintenance Backlog,Agent protect instead site at black pass evidence follow level doctor life work region next.,Few might police method everything test door budget.,Cynthia Espinoza,Closed
AUD-02742,SITE-007,2026-05-21,03-Jun-2026,80.4,Environmental Monitoring,Take upon push camera put wish wait if notice new sport floor social security watch financial green me investment.,,Nichole Cook,Closed
AUD-01115,SITE-006,2025-12-08,,64.2,Maintenance Backlog,Religious where area world must yes who top.,,Danny Gray PhD,In Progress
AUD-00583,SITE-006,2025-07-11,,67.7,Personnel Training,Scene a movie three large cover look ability few.,,David Chan,Open
AUD-02093,SITE-003,2025-12-04,2026-01-06,72.8,Emergency Response,So month either various change fly of PM when great consider any throw yet another including man by unit which.,Relate goal dark poor side can another party western.,Anthony Wilson,Closed
AUD-00179,SITE-007,2024-12-23,2024-11-24,71.2,Emergency Response,Her message day performance attack she expect address he despite century hair generation coach structure prepare yet accept part nothing material base pattern.,,Sean Wright,Closed
AUD-02443,SITE-006,2024-05-04,2024-05-24,43.3,Documentation,Make behavior where there democratic worker gas small current tonight discuss too make certain share would respond along turn.,Exist tonight song food rise ball prepare first at lawyer southern gas also later.,Andrew Campbell,Closed
AUD-01032,SITE-001,2025-09-06,,76.1,Safety Equipment,Unit free edge know weight this add film gas leg study economy sort stand husband open by point forward writer necessary politics.,Green defense road woman although.,Taylor Jones MD,Open
AUD-02627,SITE-005,2024-09-17,,82.4,Documentation,Open pattern my we since win walk to.,Laugh artist until can yard service.,Megan Munoz MD,Open
AUD-00626,SITE-002,2024-02-27,,68.4,Personnel Training,Local political Democrat recent set billion across state develop find realize place eye ability friend run material local.,Bill any assume well respond fire age approach middle international ready.,Donald Hill,In Progress
AUD-01618,SITE-004,2025-01-04,2025-01-12,68.9,Containment Integrity,To prove student provide mind race my right keep common national.,,Laurie Martinez,Closed
AUD-02399,SITE-006,2026-02-06,2026-02-26,63.7,Maintenance Backlog,Instead there improve cover attention five couple democratic safe with for into quickly him break.,Gun five federal authority sport hand.,Nathan Chang,Closed
AUD-02525,SITE-001,2024-05-04,2024-05-22,81.0,Emergency Response,Story little cold dinner article clearly drive themselves can seek sea as culture recent.,Result develop fire authority along large success.,Kathryn Gallagher,Closed
AUD-02933,SITE-004,2024-12-03,2024-12-17,76.9,Containment Integrity,Bad on law baby view deal little cause both position.,Yourself house company budget seek ok course within project require reason become including career likely job.,Sara Jones,Closed
AUD-02999,SITE-007,2025-10-05,2025-10-14,71.7,Leak Detection,Tough available question drug window threat close account fire soldier would use lay road buy reason husband.,Final big food tax occur leader sell not them enough natural.,Susan Jones,Closed
AUD-02606,SITE-005,2024-08-17,2024-09-03,92.4,Personnel Training,Sit save your movie wish property since but Republican modern floor community camera create property win of four book later boy today street.,,Jean Sullivan,Closed
AUD-00905,SITE-005,2026-09-17,2024-10-06,100.0,Safety Equipment,Affect area trial while development before cost city compare thus then.,Manage food group employee fear security.,Joseph Owens,Closed
AUD-00395,SITE-001,15/11/2024,2024-12-13,82.3,Emergency Response,Mr something bit about until happy board culture few news these how.,Indeed sea skin still commercial your here say space.,Juan Alexander,Closed
AUD-01137,SITE-006,2026-02-02,,74.5,Maintenance Backlog,Save best however crime positive much there book purpose guy big.,Where answer wall stand history buy condition size side truth painting cup.,John Reeves,In Progress
AUD-00858,SITE-006,2025-01-31,,46.2,Documentation,There federal well use group its night customer those admit.,On generation ten plant ten him certain focus.,Douglas Olson,In Progress
AUD-02560,SITE-006,2025-11-28,2026-01-09,62.3,Leak Detection,Law new will although either clearly between consider grow city likely its whom recently hospital.,Determine teacher that effect probably herself become could child.,Christina Gray,Closed
AUD-01665,SITE-004,2024-10-01,2024-10-24,90.8,Environmental Monitoring,There structure process protect include middle begin expert authority firm beyond yard she rather why ever play team maintain those.,No soon dream candidate language work them.,April Schmitt,Closed
AUD-01375,SITE-007,2024-05-11,,79.4,Emergency Response,Enough sell beautiful specific stage effort capital bed knowledge lawyer.,,Christopher Ramirez,In Progress
AUD-02241,SITE-007,2026-08-13,,99.9,Personnel Training,Tax across too training imagine small something level which hold picture three who officer four number market member where though suffer.,There marriage decision many actually size.,Miguel Ruiz,In Progress
AUD-02237,SITE-002,19-May-2026,08-Jun-2026,83.3,Environmental Monitoring,Allow social line outside force you dinner particular involve care nearly edge thank condition member hard serious cell media cold drug memory student.,Available feeling foreign guy join gun according consider real local.,Julia Cooper,Closed
AUD-02833,SITE-002,2024-07-28,,73.9,Personnel Training,That consumer position accept indicate he paper.,West like if manager consider determine stuff skin finish.,Shelby Armstrong,Open
AUD-00714,SITE-001,2026-01-25,2026-02-21,95.5,Containment Integrity,Avoid production investment teacher money last prove cup paper hear however thus movement arm drug table conference.,,Nicholas Nichols,Closed
AUD-00897,SITE-005,2025-08-22,,72.0,Containment Integrity,Trial friend agency join push ago analysis room account best program society sense case.,,Frank West,In Progress
AUD-00506,SITE-002,14/01/2026,2026-01-22,78.2,Containment Integrity,Bit Democrat often single single something eye.,,Travis Wade,Closed
AUD-00952,SITE-006,2025-02-10,2025-03-24,50.8,Safety Equipment,Tree decide year manager grow nothing Republican easy fall about likely staff clear growth including too.,Situation recent scientist economy forget civil.,Virginia Taylor,Closed
AUD-02423,SITE-004,2026-07-08,16/07/2026,83.6,Leak Detection,Table possible allow late his forget face meeting painting difficult cut world film maintain pattern interest art require around mention face three.,Result size what yourself dream appear.,Daniel Sullivan,Closed
AUD-02905,SITE-006,2025-03-22,2025-04-24,55.4,Environmental Monitoring,Then our success future blood early Republican community top.,Idea include special successful loss official position nice hand.,Nicole Johnson,Closed
AUD-00043,SITE-004,2024-07-20,2024-08-03,92.0,Containment Integrity,Shake rise around old him network town smile point focus prove purpose draw result no process.,Prove image form responsibility east ask real possible physical in scientist issue.,Sean Summers,Closed
AUD-02261,SITE-007,2024-11-10,2024-12-09,81.1,Leak Detection,Dream others unit large stage fast measure investment game available the loss them result culture economic.,Car black trial collection place threat contain executive especially who.,Christian Powers,Closed
AUD-02545,SITE-002,08-Jul-2024,,80.1,Emergency Response,Which do evening really play away one production order they until above take drop cost put himself every job.,Yard hand any wonder piece owner while nice site present.,Courtney Parker,Open
AUD-02959,SITE-006,2026-06-20,,56.9,Leak Detection,Suffer brother director he care we idea beyond.,,Tracy Anderson,In Progress
AUD-02510,SITE-002,06/17/2025,2025-06-28,87.7,Personnel Training,Easy pull mission thousand house consumer all when tough.,Million position shake case nature institution send degree price skin form east against.,Angelica Medina,Closed
AUD-00836,SITE-002,2026-03-08,19-Mar-2026,90.1,Safety Equipment,Away travel apply scientist according nation out drug modern lot marriage front while audience.,,Gina Simmons,Closed
AUD-01531,SITE-002,2026-04-08,2026-05-03,85.7,Safety Equipment,Popular need window particularly call reason parent represent soon.,Measure player house sell analysis rest control spring time concern turn within feel around technology and.,Michelle Gordon,Closed
AUD-02304,SITE-005,24-Dec-2025,,150.6,Personnel Training,Shake probably experience allow fly lot girl sell eight.,Employee animal identify star.,Jennifer Glover,Open
AUD-02158,SITE-004,2024-08-01,2024-08-12,82.0,Emergency Response,A after leave level stop form source yet teach.,Deal everything military including particular left risk.,Eric Mathews,Closed
AUD-01490,SITE-003,2025-04-25,,75.1,Personnel Training,Need call there box however big nature decide lot detail gun difficult matter including report agreement officer produce police heavy however that paper size goal since.,Describe note apply sometimes would already.,Dana Holloway,In Progress
AUD-01384,SITE-005,2024-04-10,2024-04-17,91.5,Containment Integrity,Later practice whom country official another accept shake later admit brother indeed who themselves box fill outside night born.,Politics southern day miss door home.,John Campbell,Closed
AUD-01601,SITE-006,2025-12-06,,75.9,Personnel Training,Actually here science growth discover street with occur need step usually.,Western modern improve course agreement prepare size evidence late treatment.,Beth Mccarthy,Open
AUD-01519,SITE-002,2024-03-16,,150.8,Safety Equipment,Example green per international threat white build song community herself ask reality central section investment chair board.,Attack anyone natural movement mouth.,Michelle Johnson,In Progress
AUD-00170,SITE-005,2024-11-26,2024-12-24,92.8,Environmental Monitoring,Traditional Republican laugh far church.,,Charles Cruz,Closed
AUD-00492,SITE-006,2025-11-08,,73.5,Environmental Monitoring,Why adult price expect quality on under something charge discussion yard professional.,,Shelly Rodriguez,In Progress
AUD-01419,SITE-005,2024-10-12,31/10/2024,79.2,Maintenance Backlog,Word then leg kitchen hard TV east market place kitchen including a artist wait year easy.,,Maria White,Closed
AUD-00548,SITE-003,2026-03-18,2026-05-19,80.6,Emergency Response,Owner become five young natural lead radio short spring less just scene song for assume how let.,Require through once raise build far movement mean scene what prepare front.,Jonathan Jones,Closed
AUD-00099,SITE-005,2024-05-22,,99.7,Containment Integrity,Factor far drop ahead but huge four fact one six here.,Whether stay economic side dinner add interview operation suffer food common.,Joseph Sheppard,Open
AUD-00256,SITE-003,2025-04-16,,78.4,Documentation,Enter pressure significant when head his prevent Congress statement go end hope write voice former pattern financial learn along thus like become against.,,Christine Olson,Open
AUD-00758,SITE-007,2024-05-06,,75.5,Personnel Training,Now finish voice describe quality total similar management.,Quite something reach beat institution ok growth alone suggest wind.,Patricia Williams,In Progress
AUD-00589,SITE-005,2025-10-05,2025-11-02,80.0,Emergency Response,Work level election if central loss ball happy others ago product daughter like catch another institution produce I system best.,Require upon career involve free us oil card.,Barbara Welch,Closed
AUD-02735,SITE-004,2025-01-20,2025-02-02,82.5,Leak Detection,Forward south mission send throw human force behavior respond product hotel late weight hour continue happen skin whether.,Official church bring read hear door.,Ivan Smith,Closed
AUD-02876,SITE-004,2024-07-05,2024-07-13,78.8,Safety Equipment,Mean recently south safe billion second very ground white fact cell daughter can paper large.,Thank store far travel good.,Gloria Briggs,Closed
AUD-01355,SITE-007,2024-04-29,2024-05-29,82.5,Safety Equipment,Especially include again huge each enough alone.,Effort and morning low military represent may.,Robert Howell,Closed
AUD-01511,SITE-007,2025-06-20,2025-07-02,73.8,Safety Equipment,Possible seven out a sit toward owner.,House difference which tend process American how.,Eric Martin,Closed
AUD-00303,SITE-004,2024-03-22,2024-03-30,99.6,Personnel Training,Among serious enjoy magazine growth source significant great sister movie director Democrat somebody guess nor same center.,Clear work reveal responsibility effect laugh.,Steven Hoffman,Closed
AUD-00658,SITE-007,08/06/2024,2024-06-30,83.0,Personnel Training,Long rise against mind foreign once on.,Individual with family future quickly or question now choice brother.,Michael Jackson,Closed
AUD-00618,SITE-007,2024-11-25,2024-12-07,93.0,Leak Detection,Single human military always visit computer daughter indeed seat.,She positive their start avoid same create speech participant training west person available.,Kristopher Padilla,Closed
AUD-00930,SITE-001,2026-03-26,2026-04-10,112.4,Maintenance Backlog,Person dream phone statement public among physical voice indicate director.,Itself factor worry Mr wife offer issue should event ball role himself city current indicate.,Ashley Jones,Closed
AUD-00977,SITE-002,2026-02-21,2026-03-19,80.0,Emergency Response,Media number short meet performance seem size meet.,Stay civil item gun board west page administration effort by resource its history.,Lori Holt,Closed
AUD-00508,SITE-005,2024-05-24,2024-06-14,79.9,Personnel Training,Week treatment technology car to girl live agent themselves specific think century create hospital.,Room usually garden guy out again.,Brad Liu,Closed
AUD-00364,SITE-006,2026-05-08,,56.4,Leak Detection,Add stock single best off already leave only read sport soldier realize indeed able much determine more because serious.,Generation special civil production think hope.,Tamara Warren,Open
AUD-00183,SITE-003,2025-10-03,2025-12-29,73.3,Emergency Response,Then light receive exactly health cultural television paper option partner study player everybody animal film answer lay point up growth interest consider edge language.,They against control though unit other similar.,Allison Morris,Closed
AUD-01024,SITE-007,2024-12-23,2025-01-06,77.0,Emergency Response,Plan conference top beautiful challenge necessary report early.,,Dean Walls,Closed
AUD-00002,SITE-004,2026-06-14,2026-06-22,100.0,Environmental Monitoring,Age piece fire quite behind approach firm rock interview indicate money relationship measure.,Drive western whether officer toward avoid product couple role.,Larry Brown,Closed
AUD-00911,SITE-003,2025-02-04,,78.6,Leak Detection,Line fear hair reflect most dark save current gun front wind campaign big couple conference dream western since situation seven serve nature.,School political executive beyond himself network nor.,Mercedes Blanchard,Open
AUD-01897,SITE-007,2026-06-28,,89.7,Leak Detection,Music central air believe cost part hour clear last serious end full bed.,,Justin Diaz,Open
AUD-01166,SITE-006,16/06/2026,2026-07-18,54.4,Containment Integrity,Long article official impact decide have kind.,Without get agent fly part structure.,Ariel Miller,Closed
AUD-02838,SITE-005,2024-02-26,2024-03-10,72.6,Containment Integrity,Bank million pressure rock kind individual.,Bag sport happen law state natural tell others next street.,Bonnie Carter,Closed
AUD-01819,SITE-006,2024-12-19,2025-03-12,65.5,Safety Equipment,Strategy behind any event since part expert fire including director as tonight election ever letter class.,Ever most whether great along choose day particularly build result.,Edwin Thomas,Closed
AUD-02000,SITE-001,26/04/2026,,69.9,Safety Equipment,Family feeling agreement radio save possible voice use half beyond ask manager others know war talk we floor big single.,Rule property account police majority miss into only once month effect pass one.,Samantha Hodges,In Progress
AUD-00668,SITE-004,2025-02-23,,-3.0,Containment Integrity,Physical fight apply member return run site senior reason cover tax almost radio sell similar personal impact.,Billion agreement drop dark in matter beyond.,Tiffany Li DVM,Open
AUD-02262,SITE-006,2025-03-14,2025-05-09,67.6,Leak Detection,Against fall almost and voice and since fill dream line action citizen hotel teacher call reality.,Imagine your on whose at light also yet.,Erin Farrell,Closed
AUD-00001,SITE-006,2024-03-24,,83.0,Documentation,None director consumer onto recognize form participant approach indicate project at religious cup create his.,No tree dinner thought market manage beautiful record group.,Andrea Bass,In Progress
AUD-02871,SITE-003,2025-01-06,,54.4,Documentation,Write manager expert quite in method exist something who thought gas defense nature well why too field.,Kind service across concern concern stock him.,Daniel Franco,In Progress
AUD-01354,SITE-004,2026-06-24,2026-07-23,60.0,Containment Integrity,Especially call down skill stage door major decade player education cell seat matter girl.,Home ready imagine threat guess quality.,Karen Martinez,Closed
AUD-02179,SITE-003,2025-09-11,,53.1,Safety Equipment,Show recent cup newspaper side talk man relate really individual book significant example trouble rock drive rest agreement country because best.,,Kathy Kelley,Open
AUD-01662,SITE-003,2025-01-26,2025-03-11,65.3,Leak Detection,Court special team answer apply sell accept when drop page kitchen develop room board doctor stop partner travel upon there mission.,Hear else religious threat since able.,Lisa Santiago,Closed
AUD-00277,SITE-003,2025-07-01,,60.6,Leak Detection,Development manage large music able instead where land national sport college democratic house maybe wide realize still ground.,,Eddie Richards,Open
AUD-02942,SITE-001,2026-05-17,2026-05-22,71.6,Maintenance Backlog,Determine week compare owner analysis up surface.,,Jeffery Jackson,Closed
AUD-00713,SITE-007,2025-02-21,,83.6,Leak Detection,Return she indicate onto before serious wall measure identify next through effect smile plan huge action now so air keep anyone market value beautiful he until.,Grow born voice support hit law fine character.,Charles Martin,Open
AUD-01977,SITE-006,2025-07-19,,46.2,Containment Integrity,Citizen control toward anything meet fill may adult although glass court it lose side.,Game relationship pretty meeting away world.,Nicole Miller,In Progress
AUD-00914,SITE-004,2026-02-06,2026-03-04,82.8,Emergency Response,Your likely both apply yourself left establish hotel.,Design leave term expect stage enjoy player finish.,Jody Diaz,Closed
AUD-02402,SITE-002,2025-01-06,2025-01-31,80.7,Documentation,North value agree need this later ahead learn news note mouth pretty view effort station sometimes level system receive painting.,People beyond share open hold war street agree relationship ahead.,Christopher Rojas,Closed
AUD-02555,SITE-004,10/23/2024,11/11/2024,80.8,Leak Detection,Industry together city apply discussion door affect bill when person.,White pattern song free thing task middle.,Lisa Mason,Closed
AUD-02683,SITE-002,2024-07-17,,87.4,Personnel Training,Fund part heart citizen wall show everybody pattern discuss sit officer side mention social.,Region stuff create something by lose within TV wind assume.,Kevin Bell,Open
AUD-01072,SITE-003,2024-05-16,2024-07-30,74.1,Personnel Training,Voice officer beat thousand far certainly third travel investment sign attorney site.,Already opportunity describe finally garden avoid education consider despite.,Chelsea Meadows,Closed
AUD-02027,SITE-007,2024-11-30,2024-12-22,79.4,Maintenance Backlog,Defense hear action last could thus point mission attorney happen mother positive.,Hour my environmental floor part even leg.,Crystal Long,Closed
AUD-02885,SITE-003,2025-07-24,,45.6,Environmental Monitoring,Main when move property his hair special policy what in.,Safe class guess technology year get dog born like throughout voice fund head capital.,Robert Ramirez,Open
AUD-00468,SITE-006,2024-03-12,2024-05-22,39.5,Emergency Response,Lawyer worker may fight simple material future middle provide leg good three.,Nice movie technology enjoy bad a identify trade.,Christopher Freeman,Closed
AUD-01232,SITE-004,2025-11-13,2025-11-19,100.0,Maintenance Backlog,News use four public wall back end too bring on discuss understand its.,Professional town whatever fact leave minute price.,Rebecca Bullock,Closed
AUD-02046,SITE-005,2025-07-10,2025-08-04,87.0,Personnel Training,Within Mr difficult hospital hundred election car lead do.,Matter would hour believe organization Democrat each left.,Mark Mcguire,Closed
AUD-01187,SITE-001,2024-07-19,2024-08-06,87.1,Personnel Training,Scientist quality speak late economic old human term inside physical structure price culture far rather short for right.,Reach majority unit material economy whether or window.,Tara Smith,Closed
AUD-02372,SITE-007,2024-12-03,2024-12-19,72.3,Maintenance Backlog,Book same local clear brother agency light arm right heart report part size finish some summer sure part this would particularly include.,Rest main behind each subject raise add morning message national.,Dr. Meredith Brown,Closed
AUD-01023,SITE-007,2024-12-04,,82.9,Documentation,Point various state reach after cut after in who group maintain fire person officer.,Build during soon present care federal usually people crime cup hundred.,Michael Ramos MD,Open
AUD-01123,SITE-007,02-May-2025,05/26/2025,73.5,Maintenance Backlog,Move their past control laugh think her final system exactly fine person same free notice news thing get box.,Enough just seek new left imagine various.,Meghan Montoya,Closed
AUD-02212,SITE-006,08/19/2024,,43.1,Emergency Response,Near want responsibility firm teach capital.,,Keith Kelley,In Progress
AUD-02426,SITE-006,2024-07-12,,52.4,Containment Integrity,Wide risk own politics family recently indeed buy raise beautiful citizen.,Policy sometimes skill will production evening up anything fill strategy stand.,Scott Lawrence,Open
AUD-02585,SITE-002,2024-06-15,,79.7,Safety Equipment,Letter involve someone none mind PM know price the quickly red travel authority television law role future front bank ago region sell begin speech suggest career which morning.,Choose wall poor give least hour hospital.,Mark Cook,In Progress
AUD-02726,SITE-002,09/06/2026,2026-07-09,86.3,Leak Detection,Amount rich amount policy send need road not adult water see against woman report.,,Mrs. Meghan Welch MD,Closed
AUD-00418,SITE-007,2025-05-28,,80.0,Environmental Monitoring,Magazine suffer leg tend song today bed into choice ask.,New defense soon share save loss.,Emily Olsen,In Progress
AUD-02550,SITE-006,2026-05-23T00:00:00Z,,62.1,Documentation,Plan court mean unit hold yard heart.,Business line season certain enjoy decide thing already.,Emily Brown,Open
AUD-01337,SITE-003,2024-02-04,,150.2,Emergency Response,Measure within town through late.,Decade how everything analysis yes.,Taylor Wise,In Progress
AUD-01851,SITE-002,2026-06-15,,78.3,Leak Detection,Probably significant learn into understand food this character ready have decide radio go pretty chance.,Window of interesting pick relate.,Christopher Smith,In Progress
AUD-01007,SITE-003,2024-07-25,,69.0,Leak Detection,Film and whatever she executive draw various mention kitchen generation bar.,,Robert Anderson,Open
AUD-02605,SITE-003,12/28/2024,,84.9,Safety Equipment,Issue spring also strategy stage many street she ahead actually provide some can west.,Design set particularly rich computer customer investment crime story down.,Paul Barrett,Open
AUD-00916,SITE-004,03/16/2025,2025-04-11T00:00:00Z,64.1,Environmental Monitoring,Appear eight actually result better president system least hour get claim son job assume bag skin affect few reach between size city up argue against image.,Think choose laugh let worry need mission fight important ago.,Joseph Lee,Closed
AUD-02946,SITE-005,2024-09-17,2024-09-28,79.1,Emergency Response,Generation power theory itself decision benefit all free nation certainly crime off see type themselves put about level enjoy skin room despite.,Television those recent nice father half state.,Kim Nunez,Closed
AUD-01057,SITE-002,2026-07-16,2026-08-14T00:00:00Z,78.7,Personnel Training,Prove course seat pressure walk bill air plant general realize there red child game.,Type course campaign item lead cell letter.,Adam Reed,Closed
AUD-01370,SITE-006,2025-02-09,2025-03-24,78.4,Leak Detection,Prevent your state ago home time feel address almost discuss.,Inside provide fact sense argue debate energy health pretty wind machine.,Heather Mendez,Closed
AUD-01179,SITE-004,2024-07-27,,92.9,Personnel Training,Himself safe would hand ground short direction blue become despite explain.,Street person off seat sign wrong seven middle attack product remember test but home card.,Dr. Anne Vaughn,Open
AUD-00373,SITE-003,2025-11-08,2026-01-12,61.6,Safety Equipment,Cover thank decide major public claim with month she treatment this think with attorney five camera character reason.,Dinner after might us.,Ryan Watson,Closed
AUD-02917,SITE-006,2026-03-31,31-May-2026,112.3,Documentation,Expert home stock ahead current second data market father.,Candidate miss thank focus Mr us.,Nicole Winters,Closed
AUD-01520,SITE-004,2024-03-10T00:00:00Z,2024-03-15,84.5,Maintenance Backlog,Reveal your gas increase family no gun happy forget table beat prevent save dark mention smile loss yet do land you military make wish ahead decision.,Exist building travel draw animal where reveal west area company within oil she.,Luis Brown,Closed
AUD-01692,SITE-004,11-Jun-2025,2025-07-07,88.1,Safety Equipment,Space compare bring cell off specific.,,Tara Martinez,Closed
AUD-01177,SITE-006,2024-05-06,,53.3,Emergency Response,Place mean establish visit attention type.,Like we something within feel country whose whom everybody worry financial.,Donna Taylor,In Progress
AUD-00412,SITE-004,2024-03-19,2024-03-25,104.4,Leak Detection,Low special live care what any put research country after.,Analysis short share computer southern final politics major investment agree live fly effect.,Sean Velasquez,Closed
AUD-00602,SITE-003,2025-01-13,,36.0,Emergency Response,Age involve father blood brother physical stay country dinner rock say what over series rock defense available how special call.,,Alyssa Davis,Open
AUD-01797,SITE-004,2025-09-15,,79.9,Maintenance Backlog,Act candidate remember truth remember particularly purpose situation eye customer statement.,Middle friend lead future seat ever measure nice member paper realize.,Jesse Harris,Open
AUD-02050,SITE-007,05/08/2024,2024-05-16,96.5,Leak Detection,System do son police maintain staff despite buy spend arrive down event summer list thing staff network choice office forward fly say every.,Lay election institution value from test travel cold.,Michael Dixon,Closed
AUD-02388,SITE-001,2025-09-05,10-Sep-2025,85.2,Maintenance Backlog,Nation collection season rather fill about cause high feel anyone civil item get discuss room would door tax crime market.,,Julie Davis,Closed
AUD-01176,SITE-007,2024-10-13,07-Nov-2024,104.4,Personnel Training,Until along early it several magazine as year move daughter wonder amount after find.,Thing front itself time democratic treat picture spend on.,Christina Gonzalez,Closed
AUD-00547,SITE-005,30-Mar-2024,2024-04-05,74.8,Environmental Monitoring,Step act get purpose middle clear very push head center bit paper fall student level child her.,Administration center painting baby especially them large spring according.,Douglas Howard,Closed
AUD-02696,SITE-003,2025-11-12,,87.5,Emergency Response,Paper manage herself subject newspaper window interesting view customer suggest never fast live mother more goal another eight resource analysis herself really attack suggest.,,Rachel Smith,In Progress
AUD-02717,SITE-007,2025-04-22,2025-05-03,81.2,Containment Integrity,Send along build over black election difficult of close purpose old city film thing.,Seem certainly local partner hour respond family there cover.,Kristopher Gray,Closed
AUD-02789,SITE-001,2025-04-10,2025-05-04,92.4,Leak Detection,Draw raise grow read establish memory still up room carry north try message decision themselves.,Impact stock authority describe culture security foreign.,Timothy Leblanc,Closed
AUD-00826,SITE-005,2025-12-07,,77.8,Environmental Monitoring,Society national improve knowledge first reality energy since response trip kind despite benefit production.,Fear imagine away poor everybody.,Maurice Weaver,Open
AUD-02165,SITE-001,2024-08-19,27-Aug-2024,96.9,Documentation,House responsibility program game rock trade notice mouth.,,Robert Ruiz,Closed
AUD-01429,SITE-007,2026-02-22,2026-03-13,81.7,Emergency Response,Interesting common appear card run ok analysis draw coach nice could natural middle.,Former security thank sell eight.,Jacob Miller,Closed
AUD-00960,SITE-006,2024-09-16,12/06/2024,75.2,Leak Detection,Current also deep from western later ago key law place night particular single nature remember.,,Richard Monroe,Closed
AUD-01410,SITE-007,2026-02-19,,66.2,Emergency Response,The piece protect course arm board hit.,,Anthony Perez,In Progress
AUD-01320,SITE-001,2025-12-30,12-Jan-2026,65.0,Emergency Response,Positive truth second soon prevent half will expect develop father wonder.,,Rachel Wallace,Closed
AUD-01110,SITE-001,2025-03-15,2025-04-01,90.7,Safety Equipment,Ball both position deep hear include deal design ever particular possible about.,Series position particular form nothing arm.,Teresa Rodriguez,Closed
AUD-00371,SITE-004,2025-03-22,,81.7,Leak Detection,Party dog they total doctor today near audience data so another space become hour against month couple skill.,Cause ask institution truth my end figure among government color show painting industry series.,Scott Hayes,Open
AUD-00230,SITE-003,2025-02-05,2025-04-05,42.6,Safety Equipment,Nature election difficult partner easy sing lay happy both season.,Series field rock trial outside whole beautiful.,Thomas Pierce,Closed
AUD-00429,SITE-007,2025-08-18,2025-09-14,78.8,Personnel Training,Lawyer marriage serve be necessary important throughout crime better bed during inside ago.,Animal tonight song language off care.,Christopher Nichols,Closed
AUD-01403,SITE-002,19/06/2024,2024-07-11,64.7,Leak Detection,At care somebody side scene recent government example quality shoulder particularly short others morning physical role figure phone language.,People effort organization reality story fund include.,Lisa Payne,Closed
AUD-02531,SITE-006,2024-02-16,2024-03-22,67.9,Containment Integrity,Full until live debate memory case talk attorney analysis look particularly.,Should player memory win yet century get history understand company.,Heather Perry,Closed
AUD-02428,SITE-007,2024-08-02,2024-08-07,84.6,Containment Integrity,Hard series administration too mean most heart see time brother pressure attention stuff sense information foreign police information human consider billion although.,Economy design medical role quality speech economy.,Mary James,Closed
AUD-00244,SITE-001,30/07/2024,2024-08-14,77.7,Containment Integrity,No everyone general again land nature plan fear Congress.,Have official still role often from sense least improve old.,Kayla Butler,Closed
AUD-02213,SITE-002,2025-04-29,2025-05-24,84.9,Containment Integrity,Technology president back Mrs world so performance.,Him soon as model often.,Desiree Sandoval,Closed
AUD-02796,SITE-005,2025-07-29T00:00:00Z,2025-08-23,90.1,Maintenance Backlog,Improve evidence skin necessary I trouble station six dream tax raise key store measure win.,,Lauren Strickland,Closed
AUD-02940,SITE-001,2026-01-11T00:00:00Z,08/02/2026,70.1,Leak Detection,Discussion crime happy prepare yourself miss big money former per central report capital maintain.,Floor pretty middle old condition TV guess edge.,Victoria Smith,Closed
AUD-02897,SITE-005,2024-07-31,2024-08-25,73.2,Emergency Response,Cause into hour a pretty ever sit growth really blood so experience pull teach song though.,Southern number step everyone him offer.,Daniel Reynolds,Closed
AUD-01331,SITE-004,2025-01-17,2025-02-01,89.1,Maintenance Backlog,Whose data difficult success several change today decision size case southern.,Western bill pick long anything pressure them area difference weight.,Stephanie Gonzalez,Closed
AUD-02409,SITE-005,2024-10-28,,74.6,Leak Detection,Arm not subject lose person including land Mrs door eight skill however however character my decide few compare.,,Melinda Beck,In Progress
AUD-01901,SITE-003,2026-07-13,09/19/2026,56.3,Emergency Response,Left yeah understand with minute could know player almost Democrat value prevent land knowledge talk.,Sound believe hot then ball stay sing compare successful.,Pamela Zavala,Closed
AUD-02275,SITE-001,02-Dec-2025,2025-12-08,92.6,Safety Equipment,Note opportunity ahead house never Mr unit memory start explain become role evidence show later top sort ask direction old leg air just conference several.,,Kyle Washington,Closed
AUD-01476,SITE-004,2024-08-05,,87.7,Documentation,Him in seven service tree close huge challenge family else action.,Community minute bill wish focus account off it center.,Megan Vega,In Progress
AUD-01786,SITE-001,2024-12-15,2024-12-30,60.5,Personnel Training,Suggest author stock billion memory far at education now experience likely learn.,Son how quite bed but billion create sort.,Kevin Zimmerman,Closed
AUD-01900,SITE-006,2025-12-01,2026-02-17,59.0,Environmental Monitoring,Mention less trip event morning interesting nor machine get performance.,Story line either think forget sit recognize compare owner lay argue rise bring.,Amanda Mathews,Closed
AUD-02009,SITE-002,2025-06-11,2025-06-16,89.2,Personnel Training,Local civil computer knowledge water hospital so people rule western commercial write trade art edge pass serious our play travel carry indeed consumer forward this blue.,,Jesse Johnson,Closed
AUD-01495,SITE-004,2024-12-10,2024-12-20,77.4,Maintenance Backlog,South inside able say billion across employee mission street she.,That have although person suggest class worker whole key whom himself.,Thomas Browning,Closed
AUD-01828,SITE-007,2025-05-24,2025-06-19,81.2,Maintenance Backlog,Inside past job affect several Democrat.,Note safe window your as west parent chance teach.,Patrick Barker,Closed
AUD-01813,SITE-006,2026-04-19,,150.4,Maintenance Backlog,Scientist buy cold away deal situation guy throw federal.,Law look stage cold rate finally condition however indicate institution difficult easy describe knowledge.,John Crawford,Open
AUD-00790,SITE-004,2025-03-04,,89.7,Personnel Training,Yard four mother always local table sit field to direction become development bag their focus use nearly necessary require reveal apply participant group visit somebody field husband.,City car serious table network scene her everybody summer where like happen business.,Matthew Dunn,Open
AUD-01482,SITE-005,2024-03-04,2024-03-27,76.4,Safety Equipment,Care best dinner day natural ball I lawyer phone parent candidate eight rest question power education until follow idea.,Like box Mr baby need science social parent Mr concern explain real.,Laurie Davis DDS,Closed
AUD-01614,SITE-004,2025-10-02,2025-10-13,66.3,Emergency Response,Reveal professor yeah store control with picture adult nothing.,Raise war maybe marriage character care song camera note.,Anthony Lopez,Closed
AUD-00867,SITE-002,2024-06-14,2024-06-22,87.6,Personnel Training,Great gun maintain ok sort available tonight story base read thought.,Contain language seven sense it station put speech.,Tonya Ryan,Closed
AUD-00754,SITE-004,2026-02-28,2026-03-23,70.8,Safety Equipment,Pm sure hundred series recent Republican down statement make woman rock herself free wife key.,,Erica Brown,Closed
AUD-00208,SITE-001,02/07/2024,2024-03-02,70.2,Documentation,Rise price phone most western sing local economic drive project.,Receive support research want nor.,Michael Cook,Closed
AUD-02858,SITE-001,2025-09-23,,100.0,Emergency Response,Blue difference base once listen value late record difficult recognize writer center it sometimes prevent message population fight create left black language role method.,,Renee Weaver,Open
AUD-01350,SITE-005,2026-02-28,2026-03-28,79.8,Maintenance Backlog,House night light trade listen a.,President see under tonight community situation of.,Matthew Scott,Closed
AUD-00381,SITE-004,2026-01-26,2026-02-12,80.2,Safety Equipment,Success range participant staff media reality eight fill student discover per.,Arrive maybe get develop strategy democratic.,Brian George,Closed
AUD-02899,SITE-006,2025-02-25,,66.6,Containment Integrity,Civil message movie actually adult but conference employee while several station meet them including too public data new.,Probably it care step right of.,David Jones,Open
AUD-00802,SITE-005,2025-03-22,,96.8,Environmental Monitoring,Send soon determine argue close specific believe economy project understand arm record feeling experience.,,John Robles,In Progress
AUD-02941,SITE-005,2025-08-20,09/06/2025,79.3,Personnel Training,Suggest push former despite you break book rather size at use imagine none.,Worker decade herself response trip attack.,Christopher Flynn,Closed
AUD-02993,SITE-002,2025-12-24,2025-12-29,84.0,Environmental Monitoring,Work room author group pressure someone talk city report form floor without wind thousand trip central we boy everything growth success just prepare reflect system improve.,Top ability learn company degree bad happy.,William Lucas Jr.,Closed
AUD-02138,SITE-001,2026-05-05,,79.8,Emergency Response,Break he sister behind follow work list night knowledge natural determine area democratic position.,Cost team budget near reduce dinner.,Jordan Freeman,Open
AUD-01415,SITE-007,2024-08-25,2024-09-12,81.0,Safety Equipment,Detail necessary attention recently message road eye foot culture his more doctor.,Prove door vote drop toward senior partner.,Angel Becker,Closed
AUD-01284,SITE-005,2024-09-07,2024-09-15,85.2,Containment Integrity,Region guess there cause account agency like movie different risk sell.,Writer sound light front area peace treat audience.,Juan Cabrera,Closed
AUD-02873,SITE-002,01-Mar-2026,,68.3,Personnel Training,Across age season region year even machine reality civil sometimes.,Try just other those around church decision behavior firm.,Jose Sutton,In Progress
AUD-01871,SITE-001,2024-03-17,2024-03-29,69.8,Environmental Monitoring,Eye stay back soon occur exactly fine series network education recognize authority simple foot but stand picture note sit task remain health.,End occur me each meet debate thousand career.,Michael Craig,Closed
AUD-02398,SITE-005,2024-06-19,2024-07-16,94.3,Environmental Monitoring,Even instead old American concern evidence rest fear data adult.,,April Williams,Closed
AUD-00588,SITE-001,2024-06-10,06/07/2024,72.2,Containment Integrity,Whole page without too agent coach pretty wall what.,Nearly father put capital degree bill college interview hit head.,Charles Ochoa,Closed
AUD-01573,SITE-005,2025-08-06,2025-08-01,78.9,Containment Integrity,Bring always contain go perform notice issue small where order blood head.,Live rich boy else voice yeah cell then friend.,Robert Ramirez,Closed
AUD-02056,SITE-006,11/09/2024,,57.6,Leak Detection,Actually agreement trip realize entire.,Participant baby age campaign create summer consider rich single little company.,Marcus Wilson,Open
AUD-01499,SITE-003,2024-04-15,,49.3,Environmental Monitoring,Often everyone practice send mind know house rate compare all purpose so over although.,,Tracy Duffy,Open
AUD-02033,SITE-007,2025-01-12,2025-02-04T00:00:00Z,81.0,Emergency Response,Story among ok center analysis machine require suffer guess feel remember meeting prevent.,Training ability difference give down decade from.,Kathy Stafford,Closed
AUD-02323,SITE-007,2026-05-09,2026-06-01,76.5,Safety Equipment,Entire everything financial degree song carry start perhaps produce determine summer town son apply people important ok movie order sign easy.,West seat who table center girl.,Brittney Baldwin,Closed
AUD-00255,SITE-007,2025-11-25,2025-12-05,66.4,Safety Equipment,Girl other painting assume discuss ahead knowledge security probably drug area.,Support purpose consumer affect.,Mary Hall,Closed
AUD-02598,SITE-001,2026-04-13,,77.0,Personnel Training,Choose food not name commercial standard of deep word cold guy recognize.,,Rhonda Jones,Open
AUD-00476,SITE-006,2025-04-23,,67.7,Containment Integrity,Work season laugh yourself do subject yet now send good deal experience forward some.,Free current over happy child test.,Danielle Martinez,Open
AUD-00245,SITE-005,15-Nov-2025,,82.3,Personnel Training,Matter learn financial activity hour doctor treat focus best dream car bill.,Model page myself today bank world wait fight five.,Kristen Nicholson,Open
AUD-00943,SITE-005,29-Nov-2025,2025-12-23,82.4,Emergency Response,Decision wall base identify if pick environment example be.,Here performance picture smile seem.,Misty Mckee,Closed
AUD-02698,SITE-004,2024-12-25,2025-01-21,104.6,Containment Integrity,Member art cut minute degree capital voice.,Thing choice shake he foreign collection establish candidate protect build wish.,Jeffery Harper,Closed
AUD-02602,SITE-003,01/10/2024,,85.0,Containment Integrity,Score tonight can treat argue theory outside go ago seat including end station west office serious into near fast threat control democratic meet.,Thank skin air reflect special pressure always experience realize bar quite.,Matthew Butler,Open
AUD-01762,SITE-006,2025-12-08,,83.7,Safety Equipment,Although base indicate age section television.,Quality less southern find parent several gun half likely main room wall.,Kimberly Flores,In Progress
AUD-00022,SITE-002,2024-11-26,12/24/2024,88.0,Maintenance Backlog,Dark half about which technology bar meeting peace nature instead student heavy stop meeting.,National development might across public race knowledge.,Cheryl Ryan,Closed
AUD-00117,SITE-006,2024-10-06,,78.9,Safety Equipment,Probably ground stock us bill former computer accept still person from treat before child whatever account writer financial adult.,Receive either court doctor movement modern defense second help good maintain bank risk bit.,Sean Phillips,Open
AUD-00801,SITE-007,2024-03-14,2024-04-05,87.9,Emergency Response,Society even morning people rock theory note recognize apply with admit another reason right that.,Name mission animal.,Matthew Kent,Closed
AUD-02879,SITE-006,2025-07-24,,77.3,Maintenance Backlog,Difference whole piece process head reduce responsibility accept early.,Growth benefit suddenly experience side power win case resource.,Danielle Noble,Open
AUD-02878,SITE-002,2025-03-12,2025-04-02,91.0,Leak Detection,Mind citizen activity development local book sea.,Guy as whatever blood week Congress continue change.,Manuel Allen,Closed
AUD-00034,SITE-005,2025-05-02,2025-04-28,77.8,Containment Integrity,Hospital yet little too ground blood dark call second.,Strong street sit still course crime interest leave.,Susan Robinson,Closed
AUD-01733,SITE-004,2025-09-29,2025-10-23,73.0,Environmental Monitoring,Machine bag ability environmental national maintain western opportunity goal.,Group probably trial maintain his fact media effort certainly.,Nicole Evans,Closed
AUD-02407,SITE-003,2024-04-26,,62.3,Leak Detection,Identify ask line others change language population fear partner great industry meet set security instead success coach partner opportunity.,By talk finish throughout fund easy.,Madeline Jones,Open
AUD-01308,SITE-002,2025-02-22,,71.8,Environmental Monitoring,Economic ahead will join next type challenge door other administration good in mother customer man wife machine six worry voice across answer left step.,Simple take leg large understand let.,David Smith,Open
AUD-02720,SITE-002,2025-10-11,2025-11-10,93.4,Environmental Monitoring,Arm if suddenly suffer choose later first right they current pay its again answer.,Page deep left claim around perhaps cost every police.,Angela Clark,Closed
AUD-02177,SITE-002,2025-02-11,2025-02-26,88.2,Emergency Response,Blood stay plan far public foreign must shake investment rock future clearly parent another ever strong certain.,Test someone current firm smile part leg week which offer.,Jessica Richardson,Closed
AUD-01807,SITE-004,2025-12-24,2026-01-17,83.0,Environmental Monitoring,Same different another many which hair popular anyone able institution red occur age up buy sport himself bad security well beat agree ability.,Without left catch appear.,Rachel Marquez,Closed
AUD-02076,SITE-004,2025-07-14,2025-07-26,57.2,Maintenance Backlog,Concern bar model laugh environment ok back decade everybody customer dark total strategy smile court choose research heart just official than allow above law.,,Stephanie Bradley,Closed
AUD-02312,SITE-003,2025-06-24,,63.1,Safety Equipment,Firm single player with his dog rate game read during then hundred young happen purpose discuss.,,Becky Lamb,Open
AUD-01211,SITE-004,2025-07-23,2025-08-04,77.0,Emergency Response,Range cost investment senior ahead adult end edge yeah million.,Among sister strategy front.,Alyssa Shah,Closed
AUD-00235,SITE-002,2025-12-01,2025-12-12,91.9,Maintenance Backlog,Behind law kid choice most use sort resource future create popular after police.,,Jennifer Johnson,Closed
AUD-01162,SITE-005,2026-05-05,2026-05-23,79.7,Emergency Response,Party include sense door soon guy class ever available simple enjoy.,Easy dinner card understand five lose start represent low both effect education mission dark general.,Elizabeth Smith,Closed
AUD-01872,SITE-003,2025-10-21,,84.4,Documentation,My stay news receive nor month individual energy society agree increase then ahead partner project sometimes surface seek item kitchen down issue old guess.,Writer pay record sing beyond main very store.,Robert Lamb,In Progress
AUD-01885,SITE-004,2026-06-25,2026-07-02,77.8,Personnel Training,Standard just southern as when share material.,Man series product upon set center individual onto.,Clayton Martinez,Closed
AUD-00555,SITE-006,2025-11-13,,78.3,Leak Detection,Peace sure site someone threat forget out partner.,Part nearly yet thousand itself.,Eric Paul,In Progress
AUD-00060,SITE-001,12/07/2024,2024-12-30,98.7,Maintenance Backlog,Yes possible able central film seat cup support day much should believe down reflect strategy.,,Alexis Brown,Closed
AUD-01219,SITE-001,27-Jan-2026,02/06/2026,93.5,Personnel Training,His field common north world magazine teach natural believe leave number.,Low source believe democratic trip source name.,Jared Barber,Closed
AUD-01709,SITE-004,2025-01-02,2025-01-09,87.7,Personnel Training,Probably hear paper us for agency area range hand international to really good consider tend edge situation him.,Program who industry people place.,Taylor Chang,Closed
AUD-00474,SITE-002,2026-05-09,,67.7,Safety Equipment,Approach range spend answer worker argue beyond future who truth thousand.,Open realize far begin buy try writer easy order always.,Dale Lyons,Open
AUD-02922,SITE-002,2024-04-24,2024-05-02,88.8,Environmental Monitoring,Total check hold maybe inside agent these walk course kitchen star mouth network ready investment.,Appear phone catch player second himself.,Rebecca Whitaker,Closed
AUD-02875,SITE-005,2026-03-15,,93.9,Emergency Response,Whether outside item difficult real international me what here mention range.,Paper piece operation value score gas.,Ronald Baker,Open
AUD-01951,SITE-006,2026-06-12,,41.9,Environmental Monitoring,Plant in until none admit what civil without keep medical network shake city represent president later.,Yard nice evidence daughter certain stay hit arm each company world value scientist out.,Anthony Patrick,Open
AUD-02557,SITE-001,2025-02-21,04/03/2025,94.0,Environmental Monitoring,Quite analysis coach agency group however another group growth foreign generation news experience laugh feeling item expect should anyone.,Manager ten ahead street able reduce.,Ashley Mason,Closed
AUD-00122,SITE-003,2025-11-05,,66.1,Emergency Response,Another unit different whose do message use second way main sea.,Way floor whole discuss management position.,Jessica Green,Open
AUD-01656,SITE-003,2024-07-16,2024-08-18,56.3,Personnel Training,Language test message top despite approach officer difference wrong morning.,,Jessica Griffith,Closed
AUD-02571,SITE-001,2025-03-20,2025-03-11,82.5,Personnel Training,Quality up adult safe everybody however resource.,,Lori Ochoa,Closed
AUD-00641,SITE-006,2025-01-05,,27.1,Leak Detection,Student national claim standard risk past stuff final loss wind full.,,Mark Parker,Open
AUD-01349,SITE-001,2026-01-24,2026-02-17,76.8,Personnel Training,Democratic address high give black attack here let pressure view audience approach happen page strong around writer among unit grow accept safe.,Situation process student girl wrong meet.,Jerry Jones,Closed
AUD-02770,SITE-006,2025-05-08,2025-06-03,70.3,Emergency Response,Poor hope industry but and instead Mrs anyone war fact four picture lose risk economic.,When difference population argue interesting save wonder ok.,James Sharp,Closed
AUD-00751,SITE-006,2025-11-03,,86.7,Containment Integrity,Nothing sort senior leg pressure degree bit his across.,Ever allow put true I study author industry.,Randall Barnett,Open
AUD-01257,SITE-002,2026-01-11,2026-02-08,82.2,Environmental Monitoring,Nearly president parent his likely behavior today onto material yes impact example service research apply necessary style today energy.,Check lead account early music mouth station each agency study score month between.,Michael Nash,Closed
AUD-02703,SITE-002,2024-05-26,,72.5,Environmental Monitoring,Firm same attorney everybody wish movie specific treatment behind sense also sense contain page mission.,Plant represent within health.,Danny Wright,Open
AUD-02408,SITE-002,2026-06-03,16/06/2026,85.3,Personnel Training,Age within minute personal detail so building visit study able pull.,,Karen Garcia,Closed
AUD-02534,SITE-001,2025-07-23,,69.7,Documentation,Present east rest general work talk pay machine around between fill ability white officer wrong matter free.,,Richard Williams,Open
AUD-00722,SITE-001,2025-02-21,2025-02-27,79.6,Leak Detection,Tax between beyond form civil process measure admit process himself speak blue arrive.,Hard low scientist full gun seem challenge.,Danielle Brown,Closed
AUD-00478,SITE-003,2024-11-15,2024-12-20,61.0,Containment Integrity,Each save issue fast their attack positive must great.,Window answer civil in garden gas service drop born.,Matthew Garcia,Closed
AUD-00857,SITE-001,07/12/2024,2024-07-31,88.5,Documentation,Receive free safe city nothing wall ok compare dark.,Blue page continue artist place detail early best old reduce consider.,Raymond Duran,Closed
AUD-01207,SITE-007,2025-11-14,12/06/2025,72.2,Leak Detection,Father ok nature reflect against report prepare serve economic girl example me father.,,Meghan Martinez,Closed
AUD-00426,SITE-003,2024-03-05,2024-05-01,46.8,Documentation,Yard his level west indicate good return however thus side know available approach both animal past main determine couple science season wall garden.,,Benjamin Brown,Closed
AUD-02702,SITE-003,2025-09-23,,57.1,Containment Integrity,True trial say nor anyone alone now billion get provide Mrs state develop respond growth oil.,,Justin Lewis,In Progress
AUD-00533,SITE-002,2025-12-31,2026-01-23,75.1,Emergency Response,New whole easy both any black family Mr several market energy course Republican.,,Holly Cortez,Closed
AUD-02198,SITE-001,29/01/2025,,89.0,Maintenance Backlog,Present office try middle type spend rock production animal.,Office though course situation bill for onto especially far.,Caleb Baldwin,Open
AUD-02278,SITE-004,2025-01-25,2025-02-11,76.7,Safety Equipment,Answer especially special environment example box commercial.,,Vincent Cortez,Closed
AUD-00014,SITE-002,2026-06-14,06-Jul-2026,82.6,Safety Equipment,Agency social enough summer news charge politics yard visit seek care could ever growth five cause window house too fly tree alone reveal why moment.,,Kyle Gonzalez,Closed
AUD-02807,SITE-001,2025-04-30,,94.1,Environmental Monitoring,Gas nothing similar create newspaper wide whole glass official community dream coach notice mean argue relationship avoid former already appear cell reduce think least.,First body himself ok between those with.,Denise Chen,In Progress
AUD-01726,SITE-003,2024-02-16,,46.5,Environmental Monitoring,Size development order street show road me career statement body cell.,Score policy dark a great.,Juan Torres,In Progress
AUD-02733,SITE-001,2025-02-13,2025-02-25,84.8,Maintenance Backlog,Decade customer significant through suggest send likely risk help prepare budget ever.,,Margaret Lopez,Closed
AUD-02287,SITE-007,2024-02-24,,99.5,Documentation,Administration company world cover second success friend similar identify still.,Consider trouble leg across son able five.,Justin Vance,In Progress
AUD-00108,SITE-006,2024-09-08,,50.1,Personnel Training,Child summer coach score owner take final process seem tax left despite officer.,,Nichole Pace,Open
AUD-01911,SITE-004,2025-02-02,2025-02-24,78.2,Safety Equipment,Not design enter only win.,Blood question environmental organization board story make national.,Devin Holland,Closed
AUD-02096,SITE-006,2024-06-11,04/09/2024,70.8,Environmental Monitoring,Send majority pattern control open grow try game manager Democrat law hour he present wait call agreement type dark partner customer.,Them face seek simple kitchen believe yard outside behind responsibility democratic threat matter world side.,Karen Taylor,Closed
AUD-01152,SITE-001,23-Feb-2024,,79.2,Leak Detection,Response may discuss of yard main PM interesting attention race talk draw something season.,,Isaiah Smith,In Progress
AUD-02558,SITE-002,2024-11-08,2024-12-01,81.3,Emergency Response,Page nice enjoy show left ahead word support travel different institution sit store.,Before party fish foot.,Valerie Velez,Closed
AUD-00958,SITE-007,2024-10-14,,100.0,Safety Equipment,Author speak many computer different along safe.,Drug total including discover road cultural your mother option development wide.,Christina Smith,Open
AUD-00051,SITE-007,2024-04-03,2024-04-22,76.9,Containment Integrity,Politics activity itself floor lose off young lead sing town job which itself field movie moment.,Who product themselves stuff describe why today scene seem until.,Lynn Werner,Closed
AUD-02974,SITE-001,2025-11-07,2025-11-13,73.6,Leak Detection,Yard network value break consider agent ten price one onto trouble strong item name.,Though various turn relate cultural study television according piece executive.,Brittney Cook,Closed
AUD-00800,SITE-002,2024-03-01,,69.9,Leak Detection,Accept pull firm strategy question down choose positive staff with address.,,Lindsey Newton,Open
AUD-02361,SITE-001,01/25/2025,2025-02-11,69.5,Environmental Monitoring,Detail whatever black partner say anyone fine weight clearly southern give clear finish professional.,,Emily Logan,Closed
AUD-00452,SITE-005,24/05/2025,06/06/2025,75.5,Environmental Monitoring,Board rock stuff level fish plan safe night present important him hour.,Discussion in assume away person never hear order money low once.,Jeffrey Webb,Closed
AUD-01158,SITE-004,2026-02-16,,75.2,Personnel Training,Film eat kid card while bring inside join.,Bring where share help describe office help Mrs defense sister check important add cultural travel.,Mrs. Heidi Kerr DDS,In Progress
AUD-02619,SITE-004,2025-03-27,2025-04-21,80.3,Containment Integrity,Body me operation build environmental represent his suggest likely black site pass history last wide treatment prevent from finish me open citizen identify.,,Vincent Cooper,Closed
AUD-01694,SITE-007,2025-01-26T00:00:00Z,2025-02-11,89.5,Safety Equipment,Law PM place past discover management west population onto.,Professor meet film both spring wind everything week.,David Johnson,Closed
AUD-02538,SITE-002,2025-09-13,2025-09-25,85.1,Safety Equipment,Baby sport professional professor total hope fall artist national.,,Cindy Parker,Closed
AUD-02018,SITE-002,07/02/2025,2025-03-01,83.2,Personnel Training,Off we music wish open order either raise major key along size sometimes want speak others join.,Hope ten safe operation full debate decision live your success now.,Raymond Love,Closed
AUD-02116,SITE-007,2025-03-27,2025-04-04,82.8,Documentation,Interesting agree or city trouble per show rule security strategy than agency mind impact build last morning blue effect reason.,Too ahead reduce watch section return thank piece standard from defense deal.,Laura Merritt,Closed
AUD-00640,SITE-004,2025-10-05,25-Oct-2025,86.1,Personnel Training,Next continue production bar these much class spring free under book attack that.,Sometimes window medical create.,Elizabeth Johnson,Closed
AUD-01659,SITE-001,2026-05-06,,68.7,Leak Detection,None religious perhaps Democrat bill season society provide.,Take partner mother physical grow.,Dr. Steven Cameron,Open
AUD-00081,SITE-001,03/13/2025,,92.8,Emergency Response,Some blue within right word experience may five soldier hospital hotel baby individual.,,Beth Oliver,Open
AUD-01323,SITE-004,2025-05-29,2025-06-27,68.6,Maintenance Backlog,Wind science brother run increase threat little.,Century child section clearly today.,Kendra Dixon,Closed
AUD-00257,SITE-001,07-Mar-2024,04-Apr-2024,93.5,Documentation,Data dream reality fall cup smile report speak recently however.,Avoid born item name wear dark development experience blue oil produce budget choice.,Brian Norton,Closed
AUD-02493,SITE-007,2024-10-09,,88.4,Emergency Response,Thing against body radio yeah hotel second discussion in line view experience when almost deep but.,Ago up land rule treatment as reveal skin language coach remain something.,Kimberly Booker,In Progress
AUD-02564,SITE-001,2024-04-23,,65.3,Environmental Monitoring,Open market ever hard trouble nation once result career machine kitchen.,,James Carpenter,In Progress
AUD-01501,SITE-006,2024-05-27,,86.9,Personnel Training,Huge treatment couple second television city current maintain do already sing or generation long their.,,Judy Barnes,Open
AUD-01472,SITE-002,2025-05-20,2025-06-04,94.7,Leak Detection,Stage idea look scene reduce stuff wonder seven your type item certain.,Experience skin charge effect eye move far measure from race herself.,Andrew Gilmore,Closed
AUD-02503,SITE-002,2025-07-24,2025-08-03,84.0,Documentation,Rise night civil concern must message also because effect money paper cost road either change country.,Another law late recognize painting.,Mark Benton,Closed
AUD-02234,SITE-004,2025-09-02,2025-09-17,85.1,Environmental Monitoring,Economic response difficult financial drive bed chance end common.,End available my may story late add capital blue wish shake miss parent.,Laura Smith MD,Closed
AUD-01760,SITE-002,2026-03-11,2026-04-02,64.9,Leak Detection,Management effect eat cell gas goal partner great color role simply memory.,,Whitney Klein,Closed
AUD-01161,SITE-003,2026-05-24,07/01/2026,104.4,Leak Detection,Ahead cold parent north per lot arrive be arm magazine these management purpose series guy certain.,Yes learn interview along play measure fly visit ask instead history event.,James Smith,Closed
AUD-01399,SITE-007,2024-09-19,2024-10-18,78.9,Personnel Training,Expect card order lay right hold baby fact there of population artist natural full could management hot detail blue local campaign staff continue receive.,Lay possible power say blood keep record then short.,Kathleen Harris,Closed
AUD-01839,SITE-007,2024-03-25,,80.1,Safety Equipment,Expect practice history art around your move girl reveal outside once close site center war prepare if form management forward.,Thought early man and race guy data production yard.,Ruth Mitchell,Open
AUD-01992,SITE-005,2025-08-16,2025-09-05,85.3,Documentation,Some cold week light week enough art along smile nation.,Left fish condition teacher art soldier those newspaper environmental risk Democrat.,Blake Anderson,Closed
AUD-02737,SITE-001,24/07/2025,2025-08-11,80.4,Containment Integrity,Force executive participant know pull law affect certain know while.,,Jennifer Watson,Closed
AUD-02412,SITE-002,2025-10-04,2025-10-29,83.3,Environmental Monitoring,Leg country of officer director visit church Mrs officer everyone half interview miss unit paper around indicate consumer hold.,Arm since wide four decide her color research.,Andrew Wallace,Closed
AUD-00934,SITE-004,2024-05-24,2024-06-22,90.5,Maintenance Backlog,Management dinner month over become challenge responsibility American.,Look Democrat product outside watch about carry.,Mary Woods,Closed
AUD-02814,SITE-002,2026-03-02,2026-03-08,84.0,Safety Equipment,Strong wait blue painting surface yard bar professor wife soldier military employee.,Determine pattern population prevent west condition ask word world.,Scott Phillips,Closed
AUD-01271,SITE-002,2025-06-16,2025-07-05T00:00:00Z,100.0,Personnel Training,Guess service central perhaps range between read action season computer tell this need place.,Machine world effect fire travel study detail whom dog Mrs difficult.,Diana Ashley,Closed
AUD-01782,SITE-002,2026-05-21,16/06/2026,72.5,Personnel Training,Tonight amount go agent end order father current prove prevent near.,Education street sea close good keep treat enter.,Valerie Hooper,Closed
AUD-01488,SITE-004,2025-05-22,,74.7,Personnel Training,Third us evidence put state low share research usually suffer likely attack behavior within her.,Record science her food wear third pretty state.,Sarah Simon,In Progress
AUD-00462,SITE-003,2026-02-01,,81.2,Emergency Response,Newspaper heavy series support player social especially half four security building religious.,Person usually region tax establish foreign suddenly tell determine.,Kathleen Wilson,Open
AUD-02400,SITE-005,2025-04-22,2025-05-15,76.2,Environmental Monitoring,Say already per without structure check brother method red maintain physical land north space bad.,Become notice their though without factor personal table baby to why cut wide.,Tony Horton,Closed
AUD-00408,SITE-003,2025-05-20T00:00:00Z,,52.5,Personnel Training,Meeting no use high figure will animal mention person local tough lot radio.,,Gary Morton,In Progress
AUD-01556,SITE-005,2024-06-01T00:00:00Z,,84.5,Environmental Monitoring,Sound pay accept eye single door send present number.,Find simple each gas detail daughter population avoid.,Sandra Terrell,In Progress
AUD-02062,SITE-001,2024-08-26,,81.0,Safety Equipment,Citizen still table board expect people.,,Kim Watson,Open
AUD-00509,SITE-004,13/06/2025,2025-07-11,89.1,Containment Integrity,Even across seek speech think else behind tend amount military partner sister provide.,Result suffer church environment just entire approach news executive there.,Christopher Byrd,Closed
AUD-01705,SITE-005,2024-12-31,,91.8,Personnel Training,Term impact sense then rule story land language church onto continue.,,Cynthia Franklin,In Progress
AUD-00540,SITE-005,28/09/2025,,77.7,Emergency Response,Technology wide owner former important even range class goal four.,Tonight cut unit address grow concern base three task blue plan unit large forward.,Jessica Parker,In Progress
AUD-00062,SITE-005,2024-03-03,,88.8,Environmental Monitoring,Physical reason sound car international generation culture image artist reduce report.,Security could smile participant next worker.,Allison Morris,In Progress
AUD-00567,SITE-001,2024-06-14,2024-06-22,80.3,Leak Detection,Trouble already indeed sport support interview realize ever standard speak past threat.,,Anthony Curry,Closed
AUD-00932,SITE-006,2025-05-12,2025-07-03,79.3,Safety Equipment,Simply city position job base reason whole assume address during increase example.,,Sara Tucker,Closed
AUD-02484,SITE-002,2025-04-04,2025-04-09,84.6,Safety Equipment,Why and high painting try bill enough car interview in agent debate back treatment reveal look could far military.,,Cody Reed,Closed
AUD-00541,SITE-002,2025-06-03,2025-06-17,80.8,Safety Equipment,Explain traditional tell accept million sure people on church middle product over traditional they option whether scientist song no.,,Donald King,Closed
AUD-00637,SITE-003,2026-03-16,2026-05-16,68.8,Personnel Training,Save realize any local forget decide leader work hand our write case too center look quality dark energy human be activity join network commercial media.,Program fill wind food another scene them relate memory girl.,George Carpenter,Closed
AUD-01707,SITE-006,2025-11-27,2025-12-17,34.2,Safety Equipment,Today tonight as maybe movement reach despite whatever quickly recognize its without require window morning make name.,Field thus up rule safe several prepare.,Suzanne Smith,Closed
AUD-01821,SITE-003,2025-11-23,2025-12-17,64.8,Personnel Training,Board quite medical standard sell could a force difficult heavy method country tough between even.,,Daniel Roach,Closed
AUD-00748,SITE-004,2025-03-28,2025-04-14,91.8,Environmental Monitoring,Level war rise city Republican ball clearly example school building defense board community weight wrong for respond picture agent at one.,Yes along inside sort article.,Alexandria Everett,Closed
AUD-00731,SITE-003,04/09/2024,,41.1,Leak Detection,My generation with any remember southern try election later knowledge success nor serious he four their.,Season suggest score own defense across various traditional whatever.,Ronnie Costa,Open
AUD-00650,SITE-003,2026-07-16,,49.5,Maintenance Backlog,Player international score argue billion if author movement not interest often knowledge such every individual often government.,And painting evidence oil responsibility concern finally wait question.,Thomas Meyers MD,Open
AUD-00055,SITE-007,2025-01-19,,94.3,Environmental Monitoring,Clear why certain manager many whom hour school consumer.,Available as too group sort fast discover politics.,April Lane,In Progress
AUD-01117,SITE-001,2024-04-15,2024-04-23,73.0,Safety Equipment,Month success cover not however discuss speech.,,Robin Johnson,Closed
AUD-02393,SITE-004,07-Jan-2025,2025-01-18,74.6,Environmental Monitoring,For Democrat history writer measure game start run me letter list feeling short poor company key.,,John Park,Closed
AUD-01502,SITE-003,2025-12-12,,100.0,Documentation,North step effect into wrong development kid charge trip after age hundred resource.,Lose success charge heart show beautiful.,Patrick Chapman,In Progress
AUD-00979,SITE-006,2024-08-04,,61.2,Emergency Response,Something member sister factor high billion result there list authority strong read maintain seven argue learn so close particular day four resource cut.,Discussion write find for over defense most serious serve little factor.,Shawn Watson,Open
AUD-01757,SITE-004,2025-05-06,,88.3,Maintenance Backlog,Pass set according close nearly wide remain treatment.,Season themselves evening response debate answer go politics.,Amber Martinez,Open
AUD-00169,SITE-005,2024-02-06T00:00:00Z,,87.3,Leak Detection,Event it hair child stand state relationship community maintain message last science cost learn consumer result consider key opportunity recent such.,Again leg beat hand.,Jesus Reynolds,In Progress
AUD-00798,SITE-005,2026-04-22,2026-05-16,88.1,Safety Equipment,Study but place begin fall carry authority huge sing return any program southern say magazine together send item girl.,Arrive anyone street collection order great partner final detail rest.,Thomas Le,Closed
AUD-02071,SITE-004,2024-11-28,2024-12-06,87.2,Containment Integrity,Board almost actually anyone since address recently fear organization before whose everybody people.,,Crystal Baker,Closed
AUD-02520,SITE-007,2025-06-23,2025-07-18,65.8,Emergency Response,Old type cut myself put skill wear build.,For general fear camera record hope particularly company even realize rise instead.,Sarah Garrett,Closed
AUD-00996,SITE-006,2025-04-23T00:00:00Z,,75.6,Safety Equipment,Particular opportunity cup professor about mouth she race mind example.,Quickly ball market voice statement.,Henry Villegas,In Progress
AUD-02973,SITE-005,2024-02-12,2024-02-29T00:00:00Z,78.9,Maintenance Backlog,Student performance once remember short offer heart record next authority huge picture energy back we question worry put to.,Day boy ago how network concern early fight.,Ryan Stewart,Closed
AUD-01882,SITE-002,2025-03-29,2025-04-10,94.5,Leak Detection,Its former partner close how cultural establish fund.,For join evening popular shoulder clear mission.,Barry White,Closed
AUD-00927,SITE-005,2024-06-28,2024-07-17,67.9,Personnel Training,Democratic detail process want reason hot such once.,Group traditional change prepare continue as item happen.,Spencer Sherman,Closed
AUD-01599,SITE-005,2024-08-21,2024-09-06T00:00:00Z,75.4,Safety Equipment,Born decade sure threat section store one.,Study enough near hospital magazine store factor every me hit this hour receive surface election.,William Smith,Closed
AUD-00832,SITE-003,2026-08-06,,94.6,Maintenance Backlog,Standard second responsibility big guess affect cup society discuss grow everything where lay among reveal or anything support.,Keep weight say sport return draw range.,Casey Boyd,Open
AUD-02697,SITE-004,2025-06-04,2025-06-25T00:00:00Z,-2.6,Safety Equipment,Campaign my voice probably process.,Citizen nearly official later free general field lawyer.,Tracy Campbell,Closed
AUD-02248,SITE-003,2025-03-17T00:00:00Z,,71.4,Emergency Response,Hotel toward human blue resource consumer car fine case but only.,Discover seven inside training author action close film own around issue.,Theresa Cruz,Open
AUD-00899,SITE-003,2026-01-16,,53.0,Documentation,Least Mr use water most authority learn every car last threat however street customer.,Late onto start office white executive arrive than decade director.,Adam Ortiz,In Progress
AUD-02188,SITE-007,19/05/2026,2026-06-17,100.0,Leak Detection,Keep get star college daughter fire light admit century there subject social shake green threat some computer others.,Exactly instead them social democratic record he.,Christopher Wiggins,Closed
AUD-01688,SITE-004,2025-10-27,,83.1,Maintenance Backlog,Tend class seek fine approach return owner eight each shoulder Congress commercial information mission heart break card begin thank.,Himself day occur determine measure north likely.,Brian Glenn,Open
AUD-01939,SITE-005,11/09/2024,2024-10-01,90.2,Containment Integrity,Shake vote key myself offer market region other top realize.,,Gregory Blair,Closed
AUD-00682,SITE-005,2026-05-11,,81.8,Maintenance Backlog,Hospital check poor hope listen front federal young claim response.,,Charles Howard,In Progress
AUD-01920,SITE-006,2025-02-02,,56.0,Documentation,Within throw toward evidence teacher indeed red summer decade long trade poor the low.,Recognize decade fine practice share book security there finish start left.,Tony Perez,In Progress
AUD-01226,SITE-007,2025-11-21,2025-12-09,98.2,Personnel Training,Soon somebody send peace together effect sell oil term seat home if throw test American piece power.,Stop soldier produce decision today floor.,Mary Lopez,Closed
AUD-00543,SITE-003,14/07/2024,,59.2,Leak Detection,Already between a back watch best himself note hundred ball bar country message physical.,,Brian Thomas,Open
AUD-02825,SITE-002,05/12/2026,2026-05-27,94.7,Maintenance Backlog,Administration citizen item activity worker firm ability major food.,Then real director security job structure fine.,Marissa Arnold,Closed
AUD-02294,SITE-004,09/21/2025,,70.5,Leak Detection,Firm body rich cover as notice college reflect.,Inside answer place PM act after relate base turn true fear usually political.,John Hill,In Progress
AUD-02065,SITE-004,2025-09-29,2025-10-26,82.9,Environmental Monitoring,Up weight professor everybody technology action there.,,Elizabeth Thomas,Closed
AUD-00094,SITE-003,2024-12-26,2024-12-12,70.1,Safety Equipment,Argue individual nearly protect when generation husband far pay itself.,Room simple important employee set test doctor of break.,Crystal King,Closed
AUD-02919,SITE-006,2025-06-05,,46.1,Documentation,Time she reach course anything dark run share floor relationship however daughter.,,Sarah Beasley,In Progress
AUD-00590,SITE-002,2025-07-14,2025-07-29,81.0,Safety Equipment,Western throw artist receive contain still will.,One section hotel last feel add seek adult wind various car car.,Dr. Christopher Ingram MD,Closed
AUD-00336,SITE-002,2025-12-08,,70.9,Maintenance Backlog,Group generation social local song each economic rich.,Catch mission draw cause join write worry.,Kim Evans,In Progress
AUD-01114,SITE-005,2024-10-02T00:00:00Z,,86.6,Safety Equipment,Impact half need my before nation interest entire risk.,Dream have size anything go serious enjoy president great himself contain trial.,Mr. Levi Sullivan,Open
AUD-00102,SITE-004,2026-03-15,,104.0,Environmental Monitoring,Final space should different lead everybody.,Wind trial debate expect sort occur.,Adriana Kennedy,In Progress
AUD-01935,SITE-003,2025-04-23,,73.8,Emergency Response,Rock note always travel north be city card old bit billion least year treat my certain.,,Brian Martin,In Progress
AUD-01073,SITE-004,2026-04-08,,75.8,Personnel Training,Remember side interest care decide attention control their nor mind indeed.,,Emily Prince,In Progress
AUD-01888,SITE-006,2024-02-03,,80.2,Documentation,Ahead student attorney chance college subject smile management make fish exist friend first beautiful window structure news level media sit meeting politics.,Reveal few mention ahead skill enter car east medical teach billion morning back tonight.,Travis Dixon,Open
AUD-02128,SITE-007,2026-07-04,07/30/2026,100.0,Documentation,Power reality spend TV plan foreign commercial out wear pressure son continue quickly fine water.,Throw game expert agent bad bank scientist policy somebody physical.,Michelle Edwards,Closed
AUD-02284,SITE-003,19/10/2025,,49.5,Maintenance Backlog,Expect evening light increase detail check also entire father hard reflect writer upon foot sing not economic.,Soldier Mr play police six sense business or important.,Frances Stephens,In Progress
AUD-02349,SITE-004,2025-12-11,,80.8,Safety Equipment,Specific writer travel compare business everybody last why skill visit not word firm else week.,Give read get issue budget.,Cody Hodges,Open
AUD-01551,SITE-003,07/31/2025,2025-09-15,78.9,Emergency Response,Or television study hot change tonight fast loss stand page top run what.,Discussion walk chair campaign memory money watch western themselves.,Michael Lee,Closed
AUD-00964,SITE-006,2026-02-01,2026-03-06,63.2,Containment Integrity,Recognize believe make who would technology describe part career.,Home east indeed this girl institution.,Andrea Valdez,Closed
AUD-01571,SITE-002,2025-06-02,,91.8,Safety Equipment,Employee region skin plan appear will show arrive everybody test between.,Your fast fight American five I your site animal property.,Kenneth Murphy,Open
AUD-01259,SITE-007,2025-06-06,2025-06-17,77.0,Environmental Monitoring,Kind probably capital someone feel until PM seek play about wait.,Investment early everyone industry know play partner.,Kevin Martinez,Closed
AUD-00084,SITE-005,2024-02-22,2024-03-04,92.5,Documentation,Bank room edge read most great result painting something.,Couple medical develop price successful rate people imagine response.,Aaron Boyd,Closed
AUD-02303,SITE-005,2026-09-01,,68.7,Environmental Monitoring,Letter describe already focus but feeling whatever lead bag body sing use.,Somebody effect it world partner instead particular.,Anthony Howell,In Progress
AUD-01857,SITE-006,2024-06-14,29/07/2024,56.3,Emergency Response,Friend report save occur relationship seem organization begin listen significant Congress western professional try matter want draw.,,Jacob Diaz,Closed
AUD-02436,SITE-006,2024-06-20,,73.6,Leak Detection,Value push example become hotel industry happen while specific citizen second smile.,According public require record idea bit condition hot get.,Paige Johnson,Open
AUD-02151,SITE-001,01/15/2025,2025-02-13,94.3,Environmental Monitoring,Hospital stage key nature pressure quite near together every mind phone address.,Program level receive radio bag.,Sarah Miller,Closed
AUD-00107,SITE-005,2024-10-04,2024-10-28,83.0,Emergency Response,Cut almost director could office serious present once would under road better care.,Same mention forward treat instead simply around task human.,Jamie Lucas,Closed
AUD-00300,SITE-002,2024-03-19,2024-03-24,100.0,Maintenance Backlog,Page individual economy responsibility those fight teach standard thing.,I at near sport might admit.,James Powers,Closed
AUD-01675,SITE-007,2024-09-23,,74.1,Personnel Training,Sometimes statement result course recently next fish.,Event career spring fall leg political hope lay.,Nicole Prince,In Progress
AUD-02661,SITE-007,2024-04-23,2024-05-16,74.7,Personnel Training,Girl pressure pull election go evidence recent investment scene officer though move face take former dream any church end.,,Bobby Jacobs,Closed
AUD-01163,SITE-004,06/09/2025,,78.8,Documentation,Last close should rule threat push perform can beautiful position world these crime again threat century maybe source collection each news wish your have executive husband.,Summer listen without create design enter game worker society water.,Nancy Clark,Open
AUD-02980,SITE-005,2024-08-21,13-Sep-2024,94.6,Personnel Training,Whom relationship consider age feel yard stay raise wife usually attorney oil member team per social.,Senior local two raise nature way be conference network more run could.,Eugene Johnson,Closed
AUD-00612,SITE-007,04/05/2024,2024-04-29,84.9,Safety Equipment,National report above near employee grow knowledge none newspaper pick suddenly.,Threat listen box activity instead often air stock recent money.,Hannah Jackson,Closed
AUD-02087,SITE-005,2024-12-03,2025-01-01,74.6,Maintenance Backlog,Likely scientist five risk senior together experience others wind low often wonder into.,Threat wonder again article really central environmental her throw plant discuss ten.,Robert Green,Closed
AUD-01677,SITE-005,2024-04-14,2024-04-26,82.1,Documentation,Way late try happy Congress section whom hold teach vote.,Beyond fly inside box number structure body already.,Laura Mccormick,Closed
AUD-02622,SITE-005,2026-02-04,2026-02-27T00:00:00Z,71.4,Maintenance Backlog,Energy power happy general last allow quickly thousand.,Image us place feel control attention world when rather audience inside.,Timothy Palmer,Closed
AUD-00998,SITE-002,2024-09-02,2024-09-30T00:00:00Z,83.5,Safety Equipment,Staff effect red player history close each.,Economy project force notice quality who sort on agree.,Gary Clark,Closed
AUD-01568,SITE-003,12/22/2025,,85.7,Safety Equipment,Rather hard keep green determine fire key arm medical case however finally home type join technology sort food.,Care mission chair interview production expect.,Alicia Mcfarland,Open
AUD-01262,SITE-002,2026-01-02,2026-01-20,93.2,Emergency Response,How front enough smile quite least build total economy institution laugh probably realize.,Light eight across art deep keep grow region resource now.,Madeline Barron,Closed
AUD-02840,SITE-002,2025-07-08,,82.1,Documentation,According over opportunity pass page PM opportunity economic activity structure pattern but easy road public certainly.,Green prepare phone do later tough as make live.,Diane Booker,In Progress
AUD-02043,SITE-001,2025-08-09,2025-08-15,77.7,Containment Integrity,Ask rest after nothing usually language about watch group song range oil.,Student lay happen sit order call indicate station recent.,Nicole Smith,Closed
AUD-01326,SITE-005,2025-01-11T00:00:00Z,2025-01-20,74.8,Documentation,Explain best deal close change open at size reflect election truth.,,Lisa Smith,Closed
AUD-00487,SITE-003,2024-07-20,,62.5,Containment Integrity,Air fine talk have while certainly team rise story Congress house player turn before customer night blood life.,,Julie Hill,Open
AUD-02593,SITE-004,04/26/2025,2025-05-19,77.2,Maintenance Backlog,That push little everyone ball put Mr movie himself until.,Center company call goal price data maybe.,Mary Beltran,Closed
AUD-00937,SITE-007,2024-08-05,,74.6,Personnel Training,Notice medical drug physical allow present son mission behavior future article clearly carry.,Investment after rather.,Mark Keller,In Progress
AUD-02289,SITE-006,2026-02-25,,48.4,Maintenance Backlog,Or daughter product win under of become arrive activity method world popular reason us think occur also.,,David Delgado,Open
AUD-02109,SITE-006,2024-03-23,05/26/2024,39.4,Emergency Response,Care hit where church must around writer son campaign decision bill chance million perhaps hair.,Night year another skill interest current choice own before.,Kathy Holland MD,Closed
AUD-02140,SITE-005,2024-04-13,2024-05-04,94.8,Safety Equipment,Effort year shoulder determine find work evidence federal front choose when kitchen push boy hand or season third hundred direction today.,Dinner four election suggest themselves behind law moment debate cut.,Alexis Mcbride,Closed
AUD-02865,SITE-007,2025-01-12,2025-01-29,87.0,Personnel Training,College what experience dinner current nothing ground nation drop fine thing back huge.,Technology age ready military budget record.,Terri Trevino,Closed
AUD-00769,SITE-003,2024-09-24,,42.3,Personnel Training,Option may market policy away magazine start.,Early treatment piece just positive little front voice other son.,Brittany Maldonado,In Progress
AUD-02467,SITE-007,2025-03-06,,66.1,Containment Integrity,Third now age nearly thank girl economic be voice simply more.,,Clayton Mason,Open
AUD-00417,SITE-007,2024-09-16,,76.9,Containment Integrity,Carry once down try laugh.,Box fine recent attorney partner.,Mary Long,Open
AUD-01097,SITE-005,2025-06-12,2025-06-23T00:00:00Z,72.4,Documentation,Increase property involve worker vote center drive claim attorney story.,Discussion focus positive rate property any.,Keith Eaton,Closed
AUD-00175,SITE-005,08/26/2024,2024-09-14,58.7,Maintenance Backlog,Guess down heart between firm Congress cup from stop age world seek summer mission hard beat knowledge.,Campaign whether future light military today like health assume stuff usually.,Rachael Crawford,Closed
AUD-00762,SITE-004,2025-03-25,,99.4,Environmental Monitoring,Himself leader success black special half field at anything office like organization kitchen rest own room.,,Katherine Andrews,Open
AUD-02639,SITE-005,2025-01-30,2025-02-20,71.8,Containment Integrity,Draw light myself out describe.,Beautiful crime may but whole someone ask hair crime chance or town reflect.,Dana Ryan,Closed
AUD-00962,SITE-001,2026-05-23,,83.6,Documentation,Pm base which here ask commercial unit religious eight majority room establish along.,Door evening politics old force name ready.,Darren Cox,In Progress
AUD-02810,SITE-007,2024-10-14,2024-10-31,100.0,Emergency Response,Personal result work build manage chair in language rather set somebody focus.,Bring identify nice local measure buy side large.,Gary Hodges,Closed
AUD-01593,SITE-007,2025-01-22,,81.1,Emergency Response,Face happen use high magazine realize imagine.,,Charles Houston,Open
AUD-00120,SITE-003,2026-06-18,2026-09-08,76.4,Documentation,Yes enter career space interesting indicate thank special hundred truth exist visit.,Cup suddenly born ago turn also store stock body worker.,Eric Stone,Closed
AUD-00177,SITE-003,2024-06-08,05/08/2024,58.7,Maintenance Backlog,Line issue him successful exactly sell police final own then step of.,Live door field could point its everyone.,Judith Montoya,Closed
AUD-00214,SITE-002,06/18/2026,2026-07-09,73.8,Personnel Training,Finally suddenly property before almost beyond center blood.,Truth evening former rock money wonder and.,Ryan Stone,Closed
AUD-01528,SITE-007,2025-10-21,,95.8,Safety Equipment,Policy better view fear mouth one know continue administration common school cost good position buy body data.,,Alicia Good,In Progress
AUD-00290,SITE-002,2026-04-21,2026-04-26,81.3,Environmental Monitoring,Once simply amount thank clearly place.,Five responsibility including medical billion agreement have present ability up third offer.,Robert Burton,Closed
AUD-01038,SITE-006,2026-04-05,2026-06-12,72.6,Safety Equipment,Smile impact might between together black in ready but item training.,,Jaclyn Oneill,Closed
AUD-02012,SITE-004,2025-08-11,2025-09-07,86.9,Containment Integrity,Election might free share support first fast drive production.,Sort any service Mr hit measure brother ability pick subject heart wife language.,Darren Alvarado,Closed
AUD-02448,SITE-003,2025-12-25,28-Feb-2026,56.1,Environmental Monitoring,Red want nature phone increase quickly sense usually glass hand own war event place necessary technology material.,Little car pull for color investment.,Ashley Singleton,Closed
AUD-00968,SITE-003,2024-03-30,2024-04-22,39.8,Environmental Monitoring,Agreement sense road only tree yet major agency five nothing plan there reality trade black place work style avoid.,,John Mitchell,Closed
AUD-00464,SITE-006,2024-02-25,,73.5,Maintenance Backlog,Quickly herself reality blue rule Democrat visit.,,Kim Clark,Open
AUD-00216,SITE-007,2024-04-21,14/05/2024,67.7,Environmental Monitoring,Next artist beautiful radio strategy risk similar order military chance between again drive choice two might computer less change may central such.,,Rebecca Mcguire,Closed
AUD-01919,SITE-006,2026-04-14,,70.6,Containment Integrity,Side newspaper among lead once least Congress camera memory certain name similar market whether small also nor forget.,,Beth Edwards,Open
AUD-02757,SITE-006,2025-06-18,2025-08-20,47.5,Documentation,Fact business bar sport himself place speech discover agent degree trip national important.,House edge somebody final.,Jacob Rodriguez,Closed
AUD-02222,SITE-001,2024-08-25,2024-09-09,96.3,Containment Integrity,Hair speak despite economic fight right sea few phone Democrat reason so avoid.,Rock bring unit political apply see.,Richard Smith,Closed
AUD-01167,SITE-001,2024-04-11,2024-04-23,89.5,Environmental Monitoring,Prove article a feel participant civil stuff toward left always.,Form figure employee imagine recent world.,Jessica Stewart,Closed
AUD-01778,SITE-002,2025-07-14T00:00:00Z,2025-08-05,74.4,Leak Detection,Son five data boy type hand score player fall high event.,Ago until fund most activity my certainly similar everything.,Jacqueline Garrett,Closed
AUD-00278,SITE-003,2024-05-19T00:00:00Z,,46.9,Personnel Training,Film force fire while movement black family force expert class reason with half candidate money hand organization cell value follow general dark nature step ball bring try.,Build per budget talk speech idea mind contain.,Christopher Stone,Open
AUD-02034,SITE-005,2024-03-14,,77.4,Containment Integrity,Owner no rich onto career word project plan end long across.,Chance field manager author check thing record choose myself wonder.,Samuel Cross,Open
AUD-00581,SITE-007,2025-12-20,2026-01-19,94.5,Leak Detection,Bit must owner around guess send fall thank many with want send account never realize shake story.,Style wind learn ready plant travel some.,Michael Hampton,Closed
AUD-01832,SITE-006,2025-11-09,,81.0,Maintenance Backlog,Just culture economic which world major father participant form.,,Candice Walker,In Progress
AUD-00870,SITE-004,2024-09-15,23-Sep-2024,67.8,Environmental Monitoring,Quickly most law for tree decade professional project picture protect age throughout.,Clear grow media choice evening.,Sheri Pena,Closed
AUD-02057,SITE-005,2025-11-19,2025-11-28,84.4,Leak Detection,Above across year me laugh case grow science onto stuff particularly glass.,,David Guerra,Closed
AUD-00603,SITE-006,2024-12-05,2025-01-30,58.9,Leak Detection,Police weight simple carry choice four especially interview option yourself mean show rest.,Push including lawyer oil mission turn.,Julie Thomas,Closed
AUD-02344,SITE-006,2025-10-26,,57.7,Emergency Response,Song face quality some crime hot decade someone represent she.,Particularly son public later doctor decade south well.,Jennifer Bishop,Open
AUD-02026,SITE-004,2024-08-27,,79.9,Environmental Monitoring,Agreement easy we probably serious gun to condition improve Republican act member put development seven rather we beautiful perhaps sing choose similar.,Growth face less way every measure toward go eye laugh decade artist enjoy.,Melinda Marshall,Open
AUD-00314,SITE-003,06-Sep-2025,10/10/2025,75.9,Containment Integrity,Sense performance everyone budget down yet yes east a security turn could thousand show local.,Side weight film onto sea official debate trade answer.,Donald Johnson,Closed
AUD-00703,SITE-007,07/01/2024,2024-07-10,77.3,Maintenance Backlog,Gas training rate response she improve thing former size oil decision opportunity travel mother item rich vote factor structure hot.,,Dominique Moore,Closed
AUD-02238,SITE-007,2026-05-13,18/05/2026,94.3,Maintenance Backlog,Station environmental option marriage although lose dog account camera agent audience ability special and member learn.,Conference value mouth show area role.,Austin Wright,Closed
AUD-01881,SITE-001,28-May-2025,2025-06-18T00:00:00Z,100.0,Leak Detection,Reach sense fill message population look help treatment process heart nothing account sign.,Purpose camera imagine PM experience establish born.,Amanda Noble,Closed
AUD-00999,SITE-003,2024-07-16,2024-08-06,55.0,Documentation,Both parent probably behind least see rock thousand deal owner song personal political receive need appear run state paper.,Great population economy project himself safe.,David Wilson,Closed
AUD-01252,SITE-001,2024-05-19,05/29/2024,87.5,Documentation,Others how enter few us cause law customer way four ok why.,Difference as practice ok none fear look blue baby.,Peter Brown,Closed
AUD-01377,SITE-004,2025-01-29,24/02/2025,73.8,Emergency Response,Director present allow call ten we style manager attorney car road tough something term so require sing choice speak year husband evidence.,,Linda Torres,Closed
AUD-01754,SITE-001,2026-02-26,2026-03-09,88.1,Personnel Training,Animal hit current foreign fear blood thousand trial behavior nearly size foot table step idea red event dog.,Three couple fly whole.,Sophia Bowman,Closed
AUD-02255,SITE-004,2026-01-25,2026-02-24,83.9,Emergency Response,Carry writer believe subject beautiful race save not save rock billion month democratic study particular dog which about indicate west certainly task.,Week business media gun model really follow party.,Marissa Sanders,Closed
AUD-02739,SITE-003,2026-05-30,,54.4,Personnel Training,Production doctor window area consumer everything knowledge effort cut democratic ability north go blue reveal free see whether.,Environmental trip really participant herself.,Levi Weeks,In Progress
AUD-00573,SITE-001,2025-08-14,2025-08-26,100.0,Containment Integrity,Likely mind on camera bit Mrs use data indicate too source exist hope huge.,Loss agency war responsibility book artist again land cover attention unit reflect body contain.,Shawn Anderson,Closed
AUD-01934,SITE-001,2025-04-29,2025-05-18,84.2,Personnel Training,View room feeling ten remember likely us sit career news.,Vote better effort available year raise particular cover evidence turn set exactly door.,Peter Campbell,Closed
AUD-01171,SITE-005,2025-01-31,2025-02-05,100.0,Documentation,Do financial more I large agree court simple quite your lose.,,Patrick Rowland,Closed
AUD-01394,SITE-005,2024-03-15,2024-04-11T00:00:00Z,80.5,Containment Integrity,Short new character recent art purpose member address continue.,Stay personal site off close time turn range phone any.,Maria Pierce,Closed
AUD-01597,SITE-001,2026-06-06,2026-06-23,82.1,Maintenance Backlog,Well collection reduce state boy summer a artist dark memory time down seat suggest second.,,Monique Bailey,Closed
AUD-02486,SITE-006,2026-06-08,2026-05-26,37.4,Environmental Monitoring,Near subject understand leg expert to after course member positive.,Actually note information size line player.,Louis Jones,Closed
AUD-02732,SITE-003,2024-04-27,,54.4,Documentation,Owner eye weight hand opportunity thought teacher myself talk happy according thousand environment go soon here around yeah east thought fish difference continue.,Miss response watch animal best home news book popular learn brother boy once.,Lindsay Barr MD,In Progress
AUD-02201,SITE-002,2024-07-20,2024-08-10,81.5,Emergency Response,Trade soldier him attack attack Mrs according hot early accept list Congress.,Pm he reason question free federal enter practice letter.,Michael Medina,Closed
AUD-00730,SITE-003,2025-12-07,,32.7,Maintenance Backlog,Above personal maintain decision blue discover past other goal offer voice quite even director listen sometimes man among fast.,Both identify through choice candidate.,Tammy Franco,In Progress
AUD-01717,SITE-007,2026-08-18,,99.2,Safety Equipment,Long baby professional have describe style station morning term scientist moment approach media land drive notice.,Against country also effort hit speak.,William Yates,Open
AUD-00447,SITE-001,2025-03-05,2025-03-31,64.1,Documentation,Care fire professor bag plan current relate let right huge fact.,,Julia Foster,Closed
AUD-02445,SITE-002,2026-02-22,,87.9,Safety Equipment,Boy memory service culture son room.,Real star according same government receive north enough change.,Michael Robinson,In Progress
AUD-01409,SITE-005,2025-10-27,2025-11-06,70.9,Emergency Response,Give social lot drop article collection.,Reason fine spring beat left stuff character production say.,Lisa Watts,Closed
AUD-01396,SITE-004,2026-02-03,,72.5,Maintenance Backlog,Level soon speech best law central send billion perform.,,Kenneth Morgan,Open
AUD-00546,SITE-001,2025-04-15,2025-05-03,89.4,Emergency Response,Foot hundred kind four economic throughout ahead decision difficult do bar home generation life dark data add night million trial certain might region.,Out six according remember month line training.,John Cummings,Closed
AUD-02108,SITE-002,2026-04-25,,66.2,Environmental Monitoring,Contain employee produce tough to structure argue computer maintain usually.,Agreement throw local particularly loss skin only oil during candidate forget.,William Greene,Open
AUD-02762,SITE-007,2024-07-17,2024-08-09,84.6,Leak Detection,Language art market along type piece live.,Once reach decision much new either contain.,Christina Lawrence,Closed
AUD-01294,SITE-004,2025-03-17,,63.7,Leak Detection,Lawyer training south media standard garden record practice beyond challenge industry matter run phone young sense.,,Steven Coleman,Open
AUD-02788,SITE-002,2025-01-27,,94.2,Leak Detection,Require lead paper charge ok someone movie imagine after statement well source peace the want between lead with full read play serve wife strong most series before thought.,,Jeremy Caldwell,In Progress
AUD-01486,SITE-001,2024-02-05,2024-02-16,97.3,Containment Integrity,Road human local too before them allow him nor guess should deep.,,Samuel Gibbs,Closed
AUD-01887,SITE-002,2025-01-02,2025-01-25,81.2,Personnel Training,Scientist outside past someone green about approach allow.,Wonder reason morning half thus radio number low grow interview street summer audience.,Francisco Roberts,Closed
AUD-00058,SITE-001,2024-10-06,,73.8,Environmental Monitoring,Anything magazine identify later now magazine could there ground happen option every challenge second compare entire decision determine room suffer.,,Jill Bailey,In Progress
AUD-01479,SITE-001,2024-06-06,2024-06-24T00:00:00Z,68.2,Safety Equipment,Occur behavior painting son same also police he.,,Daniel Day,Closed
AUD-02141,SITE-002,2024-03-24,2024-03-30,90.4,Maintenance Backlog,Institution your above many draw three maybe current road develop prevent.,,Michelle Gutierrez,Closed
AUD-02230,SITE-002,2024-07-19,2024-08-15,80.0,Documentation,Wonder relate argue that operation ball alone strategy important form necessary indicate.,Wrong time change American toward instead Congress involve travel return wear success.,Angela Johnson,Closed
AUD-01538,SITE-004,2026-05-20,2026-06-05,79.8,Environmental Monitoring,Cover professor around commercial summer worker treat environment around everything.,,Kathryn Lopez,Closed
AUD-00831,SITE-002,2025-08-17,,82.2,Containment Integrity,Offer bit full plant player similar response south.,Key majority campaign that tree mission.,Kimberly Lee,In Progress
AUD-02986,SITE-007,2026-05-06,2026-05-14,78.8,Personnel Training,Law government identify wrong grow consider join back less artist win yet receive yes story rise finally bad past security.,,Julie Greer DDS,Closed
AUD-01753,SITE-005,2026-01-21,2025-12-30,70.8,Maintenance Backlog,Represent system threat Democrat outside interest alone ok improve rise late sit court president happy task teach nice number.,Ability fear any product town our.,Nathaniel Benson,Closed
AUD-00089,SITE-003,2026-02-23,,80.5,Containment Integrity,Market wall career pass give store local allow card father.,Across hear budget trouble join people every road wide news number hear hair foreign picture road.,Victor Thomas,In Progress
AUD-00525,SITE-004,2024-09-27,2024-10-04,93.1,Documentation,Economy rather hotel child civil positive hotel low education work place deep.,Source food approach.,Patrick Martin,Closed
AUD-02628,SITE-003,2025-09-02,,66.6,Safety Equipment,Describe various build director Democrat bad tree able likely high let politics we PM.,Say human education article everyone middle rule.,Daniel Barnes,In Progress
AUD-02120,SITE-005,2026-01-29,,66.0,Leak Detection,Local list writer most until consider through claim look the number environmental positive.,Seem one shake investment do summer tend enter not discussion deal free mouth lawyer.,Zachary Baker,In Progress
AUD-01208,SITE-007,2026-01-21,2026-02-01,81.5,Containment Integrity,Measure instead partner I remember close improve another teach peace his.,So happy experience matter feel start wide mission many Republican expect professional.,Zachary Mills,Closed
AUD-02756,SITE-006,2026-05-31,,76.8,Documentation,If himself establish ahead network from series responsibility one ahead leg mean where raise prevent board site enter especially shoulder.,Who read quickly summer sell six them test southern.,Andrea Davis,Open
AUD-02394,SITE-002,2025-01-19,,90.1,Emergency Response,Win structure tax team executive also year above.,Among all look he teach.,Nathan Perry,In Progress
AUD-02167,SITE-004,2024-06-18,2024-07-15,100.0,Documentation,Environmental raise my fall but often environmental benefit last force well.,Doctor let civil discover professional all.,Ryan Moore,Closed
AUD-02883,SITE-006,18-Apr-2026,,73.3,Safety Equipment,Figure position girl really he order he for system baby guy movie peace involve act table.,Cold executive bad manage audience air now kind smile agreement single treatment guy.,Kim Stewart,In Progress
AUD-02137,SITE-002,2025-09-30,2025-10-06,91.9,Containment Integrity,Pretty student around else man magazine heavy manage church who phone responsibility fall free us.,Garden civil trade use race war.,Austin Carter,Closed
AUD-00007,SITE-002,2025-03-15,2025-04-01,86.6,Maintenance Backlog,Light apply party direction deep keep decade world fire check once.,,Chelsea Wyatt,Closed
AUD-02950,SITE-006,03/30/2025,21-Apr-2025,81.3,Safety Equipment,Window great right old partner join gas road current industry water or play.,Wall trouble religious state.,Krystal Willis,Closed
AUD-02964,SITE-001,2024-11-23,,91.0,Environmental Monitoring,Really seven book admit strong prevent small certainly magazine.,Might another bed cut ten reflect.,Sarah Johnson,In Progress
AUD-02777,SITE-007,2024-11-28,2024-11-12,84.3,Emergency Response,Third guy new plan just health Democrat require bar information song describe meet.,Surface since who beat little address.,Michael Cooke,Closed
AUD-00237,SITE-006,2025-11-01,,85.2,Containment Integrity,Degree themselves per hold them reveal money keep knowledge tax certainly major drug idea actually two candidate ten let.,There ten notice guess few expect market say.,Danielle Taylor,In Progress
AUD-00736,SITE-006,2024-06-20,,45.1,Maintenance Backlog,Long research traditional prevent result season evidence up ever white city on center life.,Involve music build beat think test business.,Donna Garcia,Open
AUD-01943,SITE-006,12-Nov-2024,,24.2,Environmental Monitoring,Key before cost peace no if put response build leave large deal thing.,Score among indeed size authority window free can decide behavior arm enter source.,Kimberly Sullivan,In Progress
AUD-00041,SITE-006,2026-01-21,04/11/2026,59.4,Personnel Training,Sort cost remain better person short oil for worry resource skin effect building power great explain movement government create trial example newspaper off.,Along place practice year wide form.,Renee Smith,Closed
AUD-01669,SITE-007,2025-12-13,2026-01-03,68.0,Documentation,Hospital with color to politics ability leg study PM administration.,Discussion model need able relationship avoid foreign.,Caroline Rios,Closed
AUD-00125,SITE-004,2024-04-13,30/04/2024,72.7,Leak Detection,Image admit usually yourself quite see wind.,Century capital contain lot music production draw with blue manager experience human beyond medical.,Robert King,Closed
AUD-02850,SITE-007,2026-05-23,19-Jun-2026,71.7,Emergency Response,Fight employee law decade talk smile west smile during edge test despite vote.,Start conference range effort certainly dark easy herself.,Brandon Dougherty,Closed
AUD-01382,SITE-004,2024-04-22,,93.1,Documentation,Quite whole report chance body building write own share very provide administration.,,Mandy Hayes,Open
AUD-00348,SITE-005,2024-02-23,2024-03-23,76.9,Safety Equipment,Almost over politics my data kid student know campaign long prevent treat talk Congress face.,,Carol Kim,Closed
AUD-00671,SITE-003,2024-07-05,2024-09-02,65.7,Emergency Response,Traditional bar green per someone.,Wide worker few listen free reveal she can guess reduce.,Phillip Quinn,Closed
AUD-00557,SITE-007,2024-09-11,,87.3,Documentation,Half watch key factor type story trouble thank against many.,President down mention nature describe set kid really certainly letter.,Richard Gonzalez,Open
AUD-02870,SITE-004,2024-02-19,,94.1,Environmental Monitoring,Cold program tend foot ok person statement guess among huge TV into inside since address quality voice.,Deal fear great energy seek seek smile.,Katherine Barber,Open
AUD-02277,SITE-001,2025-10-01,2025-10-06,79.5,Documentation,Wall hundred father government assume respond million coach wait he too.,Big both hard ask government.,Dustin Riley,Closed
AUD-02302,SITE-005,01/03/2025,2025-03-11,77.9,Leak Detection,Trouble prepare down partner hope present free evidence table.,Easy you quite born simply democratic particular agent television.,Sandra Curtis,Closed
AUD-00904,SITE-001,2025-08-11,2025-08-28,95.8,Environmental Monitoring,Old spring want fly want read give also environmental sign north loss cover seem all factor tough stay.,,Dr. Deborah James,Closed
AUD-00587,SITE-003,2025-10-15,,71.0,Safety Equipment,Sport material buy create protect size raise skill through training person pretty technology kind away bed treatment drug TV remain.,Or deal machine list light fish fly range town name once.,Carrie Taylor,Open
AUD-02186,SITE-002,2026-03-25,2026-04-19,74.4,Safety Equipment,List professional product together century field son.,,Dana Martinez,Closed
AUD-02258,SITE-001,2025-12-31,2026-01-23,83.9,Leak Detection,Key live group thing explain establish here.,,Rebecca Matthews,Closed
AUD-00767,SITE-003,2025-11-28,,57.2,Environmental Monitoring,Science professional hot note loss factor human lead result act foot dark impact investment anything adult others help.,Capital fly doctor dog listen food start relationship easy campaign talk.,Daniel Rogers,Open
AUD-02061,SITE-001,2025-06-12,2025-06-20,67.0,Emergency Response,State pay responsibility skill respond song yes tree treatment recently whom.,Reflect tell as ability century morning cultural meeting care sing or sort bad street.,Mark Webb,Closed
AUD-00231,SITE-002,25/06/2026,30-Jun-2026,95.1,Leak Detection,Its call suggest artist both move do number organization dinner reason year moment really idea affect.,Election later third time speech.,Jeremiah Mcdaniel,Closed
AUD-01795,SITE-007,2024-04-08,2024-04-25,75.2,Containment Integrity,Need approach employee economy however sing physical thousand win time recently sure water class bad up beyond traditional wish.,Onto significant well science finish current fly near must name often.,Deborah Allen,Closed
AUD-00310,SITE-007,2025-01-08,,79.0,Environmental Monitoring,Money seat oil edge whatever all want note.,Change hope cost line people person live serve know discover computer modern just.,Elizabeth Craig,In Progress
AUD-02563,SITE-003,2025-01-27,,71.8,Environmental Monitoring,Huge end decade customer lead arm top democratic according himself nearly five quickly create sing remain type better.,Want down keep speech analysis.,Joseph Horn,Open
AUD-01452,SITE-003,2025-08-29,,77.3,Documentation,Suddenly player more piece would occur ball hand detail garden.,Wear one key share window exist show.,Elizabeth Smith,Open
AUD-01376,SITE-004,2024-09-11,2024-09-20,56.3,Personnel Training,Act share teacher account knowledge chair responsibility now decide not edge social note place upon kitchen whatever report notice citizen success.,Your financial system see better respond send short both.,Lisa Nelson,Closed
AUD-00133,SITE-007,2026-04-12,2026-05-11,89.0,Documentation,Thing place reveal chair group soon thing draw environment hour.,,Melissa Peterson,Closed
AUD-00842,SITE-004,2024-12-20,2024-12-25,76.9,Documentation,Last TV relate sound pretty poor southern world return true.,Rather remain begin reason certain we tough ground his beyond far.,Barbara Brown,Closed
AUD-01051,SITE-002,2025-10-14,2025-10-20,83.2,Documentation,Tell sister outside set enter dream one.,,Kevin Jones,Closed
AUD-02300,SITE-003,2026-07-02,,51.8,Documentation,Space deep well physical record because blue bad room fast age letter positive detail range to which meet.,Four challenge order toward top list interest PM table them score.,Eric Espinoza,Open
AUD-01311,SITE-004,2026-01-23,2026-01-31T00:00:00Z,59.0,Leak Detection,Ten through weight parent day style eight.,Popular standard pay performance technology couple employee mouth goal.,Jeffrey Horton,Closed
AUD-02529,SITE-003,07/16/2026,2026-08-31,52.7,Maintenance Backlog,Include yourself sit ever page pressure media citizen reach catch tend station security onto decade nothing happen.,Cell east case local none item certainly under color.,Steven Adkins,Closed
AUD-00146,SITE-006,2025-08-18T00:00:00Z,,50.2,Safety Equipment,Money local listen yet north same wide feel TV them cultural others place wonder concern however.,Reflect along police pretty.,James Lam,Open
AUD-01056,SITE-003,2025-01-01,,75.8,Personnel Training,Environmental later store reduce major themselves return leader officer TV cut parent school you matter others wrong nearly structure.,Reveal series it ago take high glass.,Raymond Harrell,In Progress
AUD-00482,SITE-005,2024-12-03,,90.3,Safety Equipment,Her Democrat student space language large way early determine foot name edge government prevent campaign on.,Claim though down morning table capital early per rich outside.,Shawn Williams,In Progress
AUD-01834,SITE-001,11/07/2026,,82.8,Containment Integrity,Ask student once bad grow than perform up big identify serve evening.,Director pick easy several lead star their.,Gerald Vega,In Progress
AUD-01456,SITE-005,2024-06-04,2024-06-12,86.3,Leak Detection,Wait case meet college by rest mother message other parent herself blood student physical plan change stuff.,Serious best put factor agent there new feel firm military price effect name body.,Melvin Morton,Closed
AUD-02497,SITE-006,2024-02-14,,66.0,Personnel Training,Experience say change when party open event must fast include key see sure section.,When compare think high weight affect car difference.,Courtney English,In Progress
AUD-00018,SITE-005,09/06/2026,2026-07-04,93.4,Safety Equipment,Feel traditional decision seek soon.,Arrive cell fact analysis again society cause west ago role you attack window trial.,Brian Olson,Closed
AUD-02966,SITE-006,2024-03-10,,57.5,Leak Detection,Because low method large individual former face party choose Congress natural west song.,Their discuss author can young education attack concern fund this student ground nice leg.,Kimberly Jordan,In Progress
AUD-02297,SITE-007,2025-01-29,2025-02-17,68.7,Leak Detection,Letter speech break huge teacher employee whose group purpose source forward carry suffer produce attention they middle employee some over.,People tree drop PM itself natural so point gas better almost century.,Judith Castillo,Closed
AUD-02513,SITE-002,2025-09-04,2025-09-18,78.5,Leak Detection,Man body toward of plant future cause fine wife green treat.,Operation peace deal player system cultural.,Janice Tate,Closed
AUD-00489,SITE-001,2026-05-25,2026-06-07,61.6,Documentation,Movement start court us everyone body I stuff free finally behind beyond less under science.,These democratic become look traditional task building paper.,Angela Gill,Closed
AUD-02764,SITE-004,2026-06-16,2026-06-22T00:00:00Z,80.6,Containment Integrity,Country only skill age pay budget music student partner example.,,Marcus Nelson,Closed
AUD-02228,SITE-003,2024-02-10,,34.9,Documentation,Public determine cut debate mind pay.,Strong manage not girl drug foot.,Matthew Rice,In Progress
AUD-02326,SITE-002,23/06/2025,2025-07-20,79.7,Safety Equipment,Particularly save area professor each seven front significant increase.,True information each ahead fall can ever I design.,Gregory Greer,Closed
AUD-00326,SITE-002,2024-12-03T00:00:00Z,26-Dec-2024,91.2,Emergency Response,Attack talk left fly sea agree ready real himself even design important kid according second.,Section type black expert smile theory common gas respond beat education.,Andrew Velez,Closed
AUD-00765,SITE-001,2026-02-18,,88.3,Containment Integrity,Language respond toward show those prove office describe political see walk million.,,Robert Murray,Open
AUD-00075,SITE-004,2025-07-02,,92.1,Containment Integrity,Yard herself from similar speech mention art wife large mother management including Mr rich go section cold risk.,Stop continue these fish management admit always boy floor follow fear across where order rich.,Zachary Reid,In Progress
AUD-00659,SITE-003,2025-10-14,2026-01-12T00:00:00Z,91.0,Safety Equipment,Increase return light maintain usually establish car walk international million.,Either appear after fast admit record indeed scene science street analysis increase manager.,Bryan Leach,Closed
AUD-02651,SITE-005,2026-07-24,,77.6,Leak Detection,Scientist nearly positive free ten weight response baby maybe reflect rate.,,Lisa Larson,Open
AUD-01128,SITE-002,2026-04-25,,75.4,Documentation,Film however letter voice week road home nice become local hard successful cause sister others former thought long.,Fund tough prepare we.,Lisa Yoder,Open
AUD-00813,SITE-006,2025-11-26,,53.0,Documentation,Successful reason involve another national above form visit answer recently western bit something region example.,Surface computer collection way according newspaper recognize everything yes speak maybe.,Victoria Lynn,Open
AUD-02244,SITE-003,2024-05-13,,38.0,Environmental Monitoring,Skill against run table example camera billion leave.,Recently professor glass follow listen single analysis range.,Mark Lopez,In Progress
AUD-01109,SITE-006,2025-03-29,2025-05-16,86.9,Personnel Training,Born information class statement spend writer economy event sense attack Mr TV which lawyer century his general lay history remain.,Soldier sell evidence join small group market summer idea drug successful market.,Eric Johnson,Closed
AUD-01379,SITE-007,2025-10-05,2025-10-11,96.4,Leak Detection,Her organization election run this station actually return audience firm camera successful.,Another three bill produce military behavior need.,William Wright,Closed
AUD-01714,SITE-002,2025-08-11,2025-08-19,84.1,Containment Integrity,Protect own into war attention prevent against character.,Environmental administration point happen especially gas camera.,Molly Williams,Closed
AUD-01968,SITE-007,2024-09-09,,86.4,Maintenance Backlog,Real assume subject real professor us.,Including ground score try learn something art others nature commercial.,Brittney Harrison,In Progress
AUD-02630,SITE-005,2025-09-22,2025-10-19,85.7,Leak Detection,Foot myself remain training garden policy of some husband wrong vote piece assume foot there ask media just method.,Grow accept until prepare fill summer sea season ago different focus.,Christopher Henderson,Closed
AUD-02657,SITE-005,2026-06-04T00:00:00Z,2026-07-04,85.0,Containment Integrity,So either different education collection task compare especially consider often off.,Treatment itself career idea force small language or might.,Collin Rodriguez,Closed
AUD-02288,SITE-004,2024-11-18,,77.5,Emergency Response,Season year student though activity grow defense child.,Maybe pressure possible analysis body hundred other condition worry.,Jennifer Garner,In Progress
AUD-02690,SITE-001,2026-05-27,2026-06-07,86.3,Safety Equipment,Pick because fear once admit number most indicate movement start admit.,Hope I cultural increase assume mention method hospital claim outside whether.,Mrs. Denise Adams,Closed
AUD-02763,SITE-007,2024-02-07,2024-03-02,82.0,Leak Detection,Leader happen remember probably green different address increase.,Actually western same memory among nation direction.,Yolanda White,Closed
AUD-02161,SITE-001,04/12/2026,2026-04-26,88.8,Personnel Training,Simple represent return understand population brother visit environmental young tonight first shake speak property experience beautiful room eight explain another during keep imagine hold have some.,,James Williams,Closed
AUD-02315,SITE-004,30-Jul-2024,2024-08-07,80.5,Documentation,Yet point other add executive size region however throw surface current final population herself traditional movie old school international eat memory machine structure north.,Level industry rate color Congress Congress.,Katelyn Smith,Closed
AUD-00596,SITE-001,2026-03-14,,73.3,Emergency Response,Board wonder show just concern career charge home black beautiful bar suggest budget partner everybody attack operation mission this.,His save blood discuss trade mother interest hair.,Michelle Mendez,Open
AUD-02716,SITE-005,2026-07-11,,73.4,Maintenance Backlog,Official series garden case doctor somebody crime so young set back cultural career magazine spring.,Color meeting teach apply put support serious radio scientist traditional statement.,Mary Collins DDS,In Progress
AUD-00949,SITE-007,2024-05-19,30-May-2024,88.6,Maintenance Backlog,Particularly theory help board call audience center away threat.,Final should few receive.,Timothy Moore,Closed
AUD-01168,SITE-005,2024-11-23,2024-12-06,82.1,Safety Equipment,Religious card agree only power treatment goal change church term.,,Michael Lowe,Closed
AUD-01553,SITE-001,2026-05-15,2026-06-12,77.8,Environmental Monitoring,Beautiful course safe only state focus painting provide per fund receive herself whether necessary.,Increase reduce ago end owner none series.,Frank Davis,Closed
AUD-01045,SITE-002,2025-10-08,2025-11-01,82.9,Safety Equipment,Site commercial father help away look car develop writer.,Role turn receive bank personal skill discover professional top white scientist.,Amanda Hunter,Closed
AUD-02904,SITE-002,2025-06-25,2025-07-08,83.4,Maintenance Backlog,Agency truth degree letter machine save suddenly employee never be.,Executive experience seat week because piece like grow ground area win computer shake.,James Lewis,Closed
AUD-00817,SITE-006,2024-07-09,,68.5,Documentation,According hand go force your man alone arrive think agency degree long discuss require stuff while shoulder.,Find crime know education art set security town water.,Nicole Reid,In Progress
AUD-01559,SITE-004,2026-03-30,2026-04-07,82.1,Containment Integrity,Claim maintain moment significant despite mission medical suddenly when what yes prevent.,Around stage issue skill very relate by central.,Brandon Ramos,Closed
AUD-02640,SITE-003,2025-09-23,,60.0,Personnel Training,Challenge per hour plan less condition owner home seat weight.,Four PM PM capital wife event right hit stuff sure common development.,Denise Anderson,In Progress
AUD-01188,SITE-001,11/20/2025,,64.9,Containment Integrity,Inside scene home place public they those analysis environment news early beautiful low rock article suffer include story produce.,Church character bad deep change you development dark.,Jasmine Johnson,In Progress
AUD-01010,SITE-006,2025-02-17,2025-03-24,68.5,Safety Equipment,Opportunity interest themselves pick enter off name modern bit must.,Drive sound development wife cold.,Richard Dean,Closed
AUD-00195,SITE-005,2024-04-07,2024-05-06,84.7,Emergency Response,Less floor money character land sit pretty rule bill sure kind assume local.,Deal no life box series check determine bit analysis produce plant.,Diana Warren,Closed
AUD-01398,SITE-002,2024-10-14,2024-10-20,89.8,Documentation,Clearly real tell interview require change minute thus leader stuff chance need onto consider difficult public there interest effect every.,,Jared Tate,Closed
AUD-01496,SITE-002,2024-11-23,,73.1,Leak Detection,Drop far must all set everyone three collection successful my more bed difference economic degree.,,Tyler Kennedy,Open
AUD-02929,SITE-004,2024-08-02,2024-08-24,86.2,Maintenance Backlog,Time customer physical require on thus drive.,Free pay international find visit north simply point street think.,Tina Harmon,Closed
AUD-00078,SITE-005,07/04/2026,2026-07-13,-7.1,Personnel Training,Movement represent star too fish class seem state brother of election student away.,,Dave Jackson,Closed
AUD-02013,SITE-006,08/20/2024,2024-09-21,69.3,Leak Detection,Man lead special on energy discussion step glass cup total.,,Melissa Long,Closed
AUD-01701,SITE-003,2024-02-19,,84.8,Safety Equipment,Write small everything success develop should course set.,Whose from happen need idea husband ever focus.,Robert Paul,Open
AUD-01367,SITE-004,06/09/2024,2024-09-19,60.9,Emergency Response,Record first majority our mother fly dream especially avoid star paper relationship per plan price.,Agreement together agent need drop public herself tell over move financial car.,Cathy Rogers,Closed
AUD-02252,SITE-001,2024-10-15,,81.8,Documentation,Civil perform capital vote nice current work man professional father result economy on sister job beautiful stock knowledge someone director.,Name continue table thank western water.,Daisy Williamson,In Progress
AUD-01565,SITE-006,2024-07-06,,81.6,Documentation,Option week personal record challenge sound traditional business station seat mention pick weight.,Responsibility product through similar push large whose.,Donald Hughes,Open
AUD-01751,SITE-007,2026-01-08,2026-01-19,86.4,Environmental Monitoring,Military and her accept often three must nearly so bad pattern.,Happen industry baby air player purpose bed south family hundred guess rock expect.,Robert Wilson,Closed
AUD-00530,SITE-003,2024-08-11,,73.5,Leak Detection,Avoid notice member chance oil middle machine southern program admit change continue them.,Operation model manage among career him cell party respond trouble wife return back mother four.,Kenneth Jones,Open
AUD-00402,SITE-003,2026-06-11,,32.8,Containment Integrity,Clearly thank view blood soon night concern quite voice meeting knowledge course true physical though care since painting wide.,Easy him north professor too.,Edward Lee,Open
AUD-01497,SITE-007,2025-08-01,2025-08-25,66.7,Environmental Monitoring,Follow foot their discover name not others side.,Treatment artist claim no.,Allen Fisher,Closed
AUD-01759,SITE-004,14/04/2026,,82.9,Leak Detection,Social area three music them course else really sort term ready.,,Brandon Castillo,In Progress
AUD-01814,SITE-005,2025-08-31,,73.0,Containment Integrity,East evening simple majority too member quality hit upon once wall against manage.,Its relate third town expert most.,Jenna Dorsey,In Progress
AUD-00439,SITE-002,2024-12-09,,78.0,Emergency Response,Play security suffer computer loss task instead speech system.,Pm them low start something after treat how teach form much industry knowledge allow show.,Scott Campbell,In Progress
AUD-00103,SITE-002,2025-07-22,2025-08-02,77.3,Maintenance Backlog,Protect leave direction bit inside marriage wife senior protect foot else student capital hour democratic job range line deep kind arrive.,Those color quickly miss task perform theory between somebody example.,Norman Jones,Closed
AUD-01302,SITE-007,2025-07-06,2025-07-11,81.5,Environmental Monitoring,Professional base position affect product lay audience unit power apply physical line newspaper.,Race ahead general likely hit add development bit Mrs walk market one form team.,Melissa Bender,Closed
AUD-00389,SITE-001,2024-11-28,,70.6,Environmental Monitoring,Tell hard stay last south list administration recently it laugh degree.,Middle network outside discussion despite.,Robert Bishop,In Progress
AUD-00559,SITE-005,2025-12-26,2026-01-16,88.7,Emergency Response,Politics consumer cost include meeting avoid somebody economy record better moment.,Win campaign policy thus body child low her total discover decision to they federal.,Sandra Dunn,Closed
AUD-00190,SITE-002,11-May-2026,2026-05-20,85.6,Leak Detection,Share party learn identify identify show specific spring explain.,No whole beyond treatment property hot dog student too phone economic religious activity.,Joseph Lee,Closed
AUD-00742,SITE-006,2024-03-10,,53.9,Containment Integrity,Find hear writer international question wife majority all share join author prevent daughter wife herself right drop of couple really people free oil do.,Population price suffer attorney level PM final audience interest American continue everyone.,Christopher Smith,Open
AUD-00735,SITE-002,2025-11-26,,63.8,Documentation,Past community purpose next argue central cost rather food despite something chance career ability focus without they some term base system out.,Central candidate hit particularly through fast become.,Charles Hays,In Progress
AUD-00011,SITE-007,2024-04-08,2024-05-05,75.0,Containment Integrity,Send always what any arm nature rest soon very result relate apply better himself start.,,John Jones,Closed
AUD-00773,SITE-002,2026-03-11,03/22/2026,93.6,Personnel Training,Nation sort network sell record likely college least weight especially produce machine remain certain low bill.,,Jasmine Watts,Closed
AUD-02111,SITE-001,2025-11-25,2025-12-20,85.2,Emergency Response,Born why defense listen shake page together exist city over any.,,Lauren Espinoza,Closed
AUD-02175,SITE-002,2024-12-01,17-Dec-2024,95.0,Environmental Monitoring,Agency building strategy become event across media director level summer short policy peace get clear organization statement natural attorney.,Simply behind history never itself machine collection thousand write.,Crystal Brown,Closed
AUD-02713,SITE-002,2024-03-28,2024-04-09,71.2,Safety Equipment,Approach campaign think enter buy material medical win product mother education write.,Other friend still picture past down accept Congress national.,Sean Smith,Closed
AUD-00376,SITE-006,2025-05-27,2025-07-25,47.0,Personnel Training,Particularly sing against performance camera story.,The capital building mission sign research tough.,Patricia Hobbs,Closed
AUD-01082,SITE-005,2026-04-03,2026-04-19,85.1,Containment Integrity,Even throw real image give after.,Movie gun half capital development wrong.,Chad Morgan,Closed
AUD-02474,SITE-005,2025-01-25,,90.1,Documentation,Seat build power every show part great exactly to film bill recently how region word.,Scientist collection very so.,Stephanie Johnson,In Progress
AUD-01546,SITE-004,2024-04-07,2024-04-14,65.6,Emergency Response,Recently improve religious sign kitchen building table identify then.,Change main design support.,Danielle Melton,Closed
AUD-02226,SITE-004,2025-12-26,,69.5,Leak Detection,Role born analysis picture event evidence group affect mind much draw environment really apply Democrat test ever agreement.,,Kathryn Carter,Open
AUD-02162,SITE-005,2025-08-04,,77.4,Containment Integrity,Television treatment series worry risk financial before choose herself.,Culture treatment administration investment land.,Melinda Johnson,Open
AUD-01924,SITE-004,2024-07-08T00:00:00Z,,96.4,Personnel Training,Husband foot good because draw answer left economy event article call voice dinner religious wrong quality class world reveal against degree seven doctor hold.,,Haley Zimmerman,In Progress
AUD-01846,SITE-004,2024-09-17,2024-10-11,82.9,Environmental Monitoring,Child into tend response market operation later tree strong hot food ago.,,Tammy Hanson,Closed
AUD-00299,SITE-001,2024-04-10,2024-05-01,66.2,Maintenance Backlog,Read our east push build stop help have argue wall rule money.,Town heavy success of yet have themselves him either figure career here.,Tyler Montes,Closed
AUD-01304,SITE-005,2026-03-05,2026-04-04,90.4,Safety Equipment,Realize all among start radio late expert attention business choose nice color run finally until.,Main view determine environmental ball table really four.,Charles Mata,Closed
AUD-01720,SITE-003,2025-05-25,,54.2,Leak Detection,Test meeting thousand measure behind ok record fill everyone like store.,So mind economic let guess.,Brian Knight,In Progress
AUD-00891,SITE-005,2025-09-21,2025-10-16,84.6,Containment Integrity,Traditional Democrat worker discover Mrs often point opportunity wrong return answer once.,Station serious remember nice economic red his.,Carol Harvey,Closed
AUD-00664,SITE-005,2025-12-31,2026-01-13,85.7,Documentation,Lay decade father bit debate impact story.,Forget season former mean theory simply oil.,Teresa Walker,Closed
AUD-02224,SITE-005,2025-11-28,2025-12-15,78.0,Documentation,Development attorney would newspaper goal old evidence case artist budget some wall think director religious inside fish usually spend life.,Hold than energy threat total.,Christian Ali,Closed
AUD-00772,SITE-001,2025-08-27,22/09/2025,85.9,Maintenance Backlog,Push nature success music glass energy break finally gas star forget look human general.,Sense perhaps within.,Michael Wyatt,Closed
AUD-00917,SITE-001,2025-05-13,2025-05-27,94.5,Maintenance Backlog,Detail just live partner management action as term factor.,Money speak be beautiful detail member affect billion grow relate less against performance step policy.,John Watson,Closed
AUD-01445,SITE-005,2024-02-11,,86.6,Leak Detection,North tell trip determine force house very foreign family none section board offer measure drive reason street.,History edge usually yes huge.,Seth Wilson,Open
AUD-00440,SITE-002,2024-04-20,,100.0,Leak Detection,Daughter audience recently fine much why whether sign hope letter property fly.,Maybe first heart million investment dream.,Melissa Maldonado,Open
AUD-00672,SITE-005,2026-02-22,2026-03-05,94.7,Safety Equipment,Rule father car son fire.,Type course media wife manager door town piece.,Sarah Lynch,Closed
AUD-02306,SITE-001,2025-07-26,,75.4,Containment Integrity,Oil surface thing child job consumer world nearly local though.,Very my office computer put we amount.,Kelly Russell,In Progress
AUD-00181,SITE-003,2024-04-13,,80.2,Maintenance Backlog,Process truth option agreement sign PM worry particularly race near anything cold bad until field choice land toward skin across yes.,,Christina Jimenez,Open
AUD-02185,SITE-004,2024-05-07,,92.7,Environmental Monitoring,Model live leg Republican whose type third involve mother subject prove star writer.,,Matthew Parker,In Progress
AUD-00323,SITE-006,2026-03-09,2026-06-02,58.3,Documentation,Follow sound senior own meeting situation type method strong themselves voice dog myself either information easy throw class.,Expert environment face rate fund away out receive billion task information project.,Marc Stewart,Closed
AUD-00054,SITE-002,2025-12-02,2025-12-30,81.6,Leak Detection,Word economy real ago evening throughout morning.,Military against soon already large something.,Janice Lewis,Closed
AUD-01330,SITE-001,2025-09-11,,67.8,Emergency Response,Apply tax couple raise include over field poor me food practice heart almost.,There hospital truth indicate western order baby.,Rachel Bentley,In Progress
AUD-00516,SITE-004,2024-06-25,,94.9,Emergency Response,Goal without marriage enough health pull nothing spend learn alone could soldier east painting thing store try explain weight apply story.,Thank generation raise night decide environmental dream.,Jordan Ford,In Progress
AUD-00394,SITE-002,2024-11-25,2024-12-15,96.1,Safety Equipment,Sound decide technology seek image fish compare rich become score current because certainly check.,,Kayla Carter,Closed
AUD-00443,SITE-004,2025-10-21,,77.7,Safety Equipment,Letter cut perhaps election operation receive.,Law her sometimes anything senior benefit suffer.,Kelly Cox,Open
AUD-00925,SITE-004,2024-06-30,2024-07-20,64.6,Emergency Response,Finish if require price third say television or six now water huge realize store discussion then interview short consider especially education hit experience state him.,,Samantha Barr,Closed
AUD-01346,SITE-007,2026-01-23,,81.3,Personnel Training,Power accept control suffer tree.,Hold before sound happy interest tough draw know fine hair exist return serve line.,Scott Jones,Open
AUD-01159,SITE-004,2025-01-26,2025-02-03,85.5,Containment Integrity,Along present also at find increase.,,Debbie Carroll,Closed
AUD-00270,SITE-001,2025-01-14,,100.0,Personnel Training,They fish large show opportunity store left task middle action leg apply behind me million week job Democrat issue environment.,Again goal source Mr lead quite look.,Kevin Berg,Open
AUD-01260,SITE-003,2025-06-18,,81.6,Personnel Training,Fly growth compare rise article end how somebody Republican night fact rise affect attorney north say recently south.,,Leslie Lang,In Progress
AUD-02938,SITE-006,2025-02-24,19/04/2025,85.1,Personnel Training,Once reach thus short movie act but rise agreement religious fear stay argue street throw between executive town main different.,Religious one agent notice minute why arrive statement.,Benjamin Ward,Closed
AUD-01422,SITE-005,2026-06-19,2026-07-08,94.4,Personnel Training,Marriage fact none be physical traditional owner dream still fill writer director anything experience cost physical.,Feeling party total rest can her economy.,Kyle Wheeler,Closed
AUD-00515,SITE-006,2025-04-02,,72.8,Documentation,Range many at would later skill when party middle onto.,,Kelly Mills,Open
AUD-02214,SITE-007,2026-02-10,,79.6,Personnel Training,Present face action tell after size drug commercial.,Or large operation those in force kitchen strategy become good.,Gina Greene,In Progress
AUD-02225,SITE-007,2024-05-07,,58.9,Safety Equipment,Any no it at player bring put perform financial statement yourself toward your.,,Derek Gibson,In Progress
AUD-00839,SITE-006,2024-08-07T00:00:00Z,,65.6,Safety Equipment,Response certainly ahead along keep sure next material half career.,Prove protect window bag cell close tax current wind mouth.,Susan Johnson,Open
AUD-01926,SITE-003,2024-05-21,,75.2,Emergency Response,Again and despite rest for believe job buy agent mind happen close quite item.,Build fight year account staff.,William Mendoza,Open
AUD-02631,SITE-003,2025-10-03,,67.8,Safety Equipment,Be hand media low detail politics need network drop risk.,,Justin Palmer,In Progress
AUD-02308,SITE-005,2024-05-27,2024-06-14T00:00:00Z,81.9,Leak Detection,Chair wide scientist piece girl or point school fill phone thousand hundred determine.,Mission we care loss evening business we.,Jeffrey Meyer,Closed
AUD-02335,SITE-004,05/04/2025,,97.0,Maintenance Backlog,Across current though future soon action data story sense price himself within enough else.,,Jasmine Rich,Open
AUD-02512,SITE-001,2025-12-29,2026-01-07,69.8,Personnel Training,President economic whose open everyone.,Director daughter teacher audience trial artist far record.,Alexandra Gonzalez,Closed
AUD-01744,SITE-005,2024-02-11,2024-03-01,83.6,Safety Equipment,Put effort central action development plan us my American degree ask performance memory news between adult.,Product sea throw production assume raise.,Stephen Hernandez,Closed
AUD-01560,SITE-003,2026-02-09,2026-04-24,71.6,Personnel Training,Production since fill middle natural think share relationship report trial.,,Adrian Ortiz,Closed
AUD-00825,SITE-001,2025-05-18,2025-05-28,75.5,Safety Equipment,Whole opportunity window themselves yeah quickly draw oil tough enjoy able win believe black follow see.,,Ashley Doyle,Closed
AUD-02658,SITE-001,2024-10-02,11-Oct-2024,94.8,Environmental Monitoring,Stage first result mention whether head policy better kind blue new organization language network our spend.,Like along size sell want suggest.,David Santiago,Closed
AUD-01927,SITE-002,03/05/2025,03/24/2025,79.1,Emergency Response,Be interesting good fight how similar hour here to hand price direction.,,Paul Adams,Closed
AUD-02642,SITE-002,2025-04-16,2025-05-13,94.9,Maintenance Backlog,Set later blue kind image age same pay relate television happy large son far imagine study big war financial.,,Manuel Alexander,Closed
AUD-01831,SITE-003,2024-05-07,,65.1,Safety Equipment,Mission family dream imagine party store computer say strategy happen phone million contain town avoid throughout treat.,Part space range want fly true new professor system.,Edward Miller,Open
AUD-00796,SITE-007,2024-06-07,22/06/2024,83.1,Environmental Monitoring,Stock tonight drop spring hear call spend often.,Similar exactly table huge kind environmental investment local.,Wendy Combs,Closed
AUD-02145,SITE-006,2025-03-03,,74.0,Maintenance Backlog,Mention make whether machine apply cover do enjoy stock finish magazine develop friend mean from production all.,,Matthew Torres,In Progress
AUD-01373,SITE-005,06/08/2025,2025-09-05,71.7,Emergency Response,Nearly lead religious once believe will read.,Both player space maybe fear leave those against.,Kimberly Davis,Closed
AUD-00143,SITE-002,2024-11-09,,74.8,Leak Detection,Mrs check term against someone director throughout meeting throughout their determine also media memory street.,Challenge language on field open low seven beyond campaign.,Laura Cook,In Progress
AUD-01802,SITE-005,2025-08-13,2025-08-23,98.3,Emergency Response,Process race still article million member share find like available so get animal think laugh senior civil perform seat argue avoid century west.,Wife war talk of Mr model design by free college.,Jeremy Walton MD,Closed
AUD-01947,SITE-004,2025-11-11,,84.6,Documentation,Into third near stay resource political budget sea part.,,Krista Townsend,Open
AUD-02804,SITE-005,2025-10-02,2025-10-30,84.0,Containment Integrity,Eat answer list position old finish matter by.,Play sit hour image water.,Laura Franco,Closed
AUD-00502,SITE-006,2026-04-17,,58.8,Containment Integrity,Growth since ten design value notice weight show increase establish tell police attorney hope fly probably couple response.,Son whether rock base lawyer others set tree save pass.,Phillip Garza,In Progress
AUD-00076,SITE-005,2025-06-25,2025-07-16,87.6,Environmental Monitoring,House art energy particularly rest current job concern social tree great would suggest change model research agent then recognize night body law key.,Arrive growth soon weight would for score too.,Jennifer Williams,Closed
AUD-01071,SITE-005,2025-11-24,,78.9,Maintenance Backlog,Show computer choice top him education away run purpose dinner during throughout assume machine other these three moment one rise.,Agency relationship mean cost same hand.,Jo Blanchard,Open
AUD-02058,SITE-007,2025-05-06,,96.6,Maintenance Backlog,Get fear reduce maintain light.,Into mind worry style allow network campaign thus show stuff exist statement.,Mary Hendrix,In Progress
AUD-00624,SITE-004,2026-01-17,,91.9,Documentation,Present whom build teacher wall say necessary value but benefit east.,Cause here look media of never thought sea item far similar.,Stephanie Pham,In Progress
AUD-01868,SITE-004,2026-04-25,,70.7,Containment Integrity,Firm skin speech seat space them door another particular.,,Donald Walton,In Progress
AUD-00536,SITE-003,2026-07-27,2024-06-12,30.7,Personnel Training,Father cold use much population choice decide agency technology last now yet box.,Both similar short might right eight attack level guy or approach success.,Kristin Gonzalez,Closed
AUD-00026,SITE-001,2025-08-06,2025-08-27,81.4,Emergency Response,Direction raise loss skill stand full music size good executive.,Sit impact young debate score different able sort statement short pretty involve among minute.,Isaiah Coffey,Closed
AUD-00888,SITE-004,2025-07-24,2025-08-15,94.8,Leak Detection,Maybe kitchen international catch produce pattern design buy sound attack door short really memory wait for hear person deep many summer century become which poor.,There send per provide feeling your condition he.,Jeffrey Snyder Jr.,Closed
AUD-02106,SITE-006,2026-06-23T00:00:00Z,,38.4,Environmental Monitoring,Total especially commercial money pick idea dream she government care offer environmental ago rate Congress.,,Tiffany Tucker,Open
AUD-01361,SITE-002,2026-03-26,,94.9,Environmental Monitoring,Throughout picture suggest positive something visit wish set shoulder up memory.,Word responsibility movie thank discuss.,Jeffrey Ramos,In Progress
AUD-01381,SITE-007,2024-04-11,,81.4,Emergency Response,Increase memory listen fill family article building rest art actually compare career.,Process quickly industry onto appear.,Eric Gonzalez,In Progress
AUD-00024,SITE-001,2025-06-06T00:00:00Z,2025-06-11,78.4,Environmental Monitoring,Little affect type security including than dog project while two trip finish policy medical public group perform mother culture lead never.,Little pay probably analysis matter score reality.,Howard Sanders,Closed
AUD-01995,SITE-001,2025-02-01,2025-02-06,54.6,Leak Detection,Soon feeling such nice traditional should hour set might able.,Process smile some option reduce plant indeed.,Natasha Lucas,Closed
AUD-00885,SITE-001,2025-11-08,,75.9,Emergency Response,Inside city involve hot level represent air see team soon detail man.,Half door believe remember something no.,Carla Moses,Open
AUD-01676,SITE-006,2026-06-06,,45.1,Leak Detection,Expert speak across sound population five eat face red usually everything anyone my.,,Kristina Gomez,Open
AUD-01404,SITE-004,2025-09-24,,75.3,Documentation,Worker adult change center upon.,Create story much feel international just meet body music identify like whatever themselves specific.,James Diaz,Open
AUD-00648,SITE-002,2025-01-17,,80.0,Emergency Response,Employee area food visit class certain great someone month themselves operation ball cause suddenly material fly allow born include probably blood call success social.,Yourself respond share figure environment tend character lay.,Rodney White,In Progress
AUD-02596,SITE-003,2026-05-04,2026-07-31,62.0,Maintenance Backlog,Manager hope join can bit opportunity rate raise political source work current thought continue too.,Staff standard beyond remain.,Debra Blanchard,Closed
AUD-00980,SITE-003,2024-07-09,,64.9,Emergency Response,Value care attack care face around reason race down relate account hit catch affect time computer later take news put series week.,Couple form focus.,Kyle Holder,In Progress
AUD-01660,SITE-003,2024-03-28,,88.2,Emergency Response,Sort organization condition authority factor civil.,,Jessica Roman,Open
AUD-00308,SITE-006,2024-09-24,,53.7,Safety Equipment,System half ever mean standard begin worker economic position small career modern issue realize seat.,This business listen town.,Michael Mendoza,In Progress
AUD-00808,SITE-006,2024-06-01,,86.5,Documentation,Policy raise spend imagine report subject ok sister huge thank break special else decide see spring.,,Sarah Miranda PhD,In Progress
AUD-01295,SITE-006,2024-03-20,04/11/2024,38.5,Maintenance Backlog,Water memory must up tonight live avoid morning tend total know understand finish stuff something great toward around clearly out.,Open bit join mission factor take.,Derek Gray,Closed
AUD-01431,SITE-003,01-Mar-2025,,54.9,Personnel Training,Society individual American force real south leave new eight institution anyone site others fire.,I explain happen other second fly member last fill one recently.,Paula Bullock,In Progress
AUD-00068,SITE-004,2025-02-14,,75.2,Environmental Monitoring,Trial what own white season boy page know foreign.,Somebody thus hot program record.,Dawn Vincent,Open
AUD-01818,SITE-004,01/06/2025,2025-06-24,91.3,Maintenance Backlog,Hospital general so shoulder bit piece collection respond attack.,Shoulder though vote way race character arrive.,Melanie Kim,Closed
AUD-01212,SITE-005,2026-05-30,2026-06-28,85.5,Containment Integrity,Unit kitchen leave good stand military he care always strong identify policy success.,Read trouble upon wide bank provide wear car strategy true even trouble do.,James Tucker,Closed
AUD-00115,SITE-001,2024-05-26,,76.6,Environmental Monitoring,Thing whose go apply end suffer sing may day.,Population message country north participant.,Andrew Francis MD,Open
AUD-00611,SITE-002,2026-03-02,2026-03-23,81.2,Emergency Response,Congress every hold our view peace red adult best leg science.,Not town often turn visit staff north by still section tree table response machine cost.,Robert Ramos,Closed
AUD-02570,SITE-006,2025-09-07,,150.7,Emergency Response,Avoid space small accept drug phone own blood dark agent clearly voice manage.,Affect right growth full marriage past fear animal.,Michael Lewis,In Progress
AUD-01732,SITE-001,2024-04-17,2024-05-15,95.1,Personnel Training,Quickly hot strong set table drug such move church rock entire radio thousand cold close sign share happen movement end despite.,,Don Phillips,Closed
AUD-00215,SITE-006,2024-06-04,24-Aug-2024,71.2,Environmental Monitoring,Everybody country price hand pull put admit while.,Glass loss full free remember mouth occur movement accept pretty grow.,Christian Herrera,Closed
AUD-02309,SITE-007,2024-11-23,12-Dec-2024,85.9,Emergency Response,Performance throw series poor least little realize sometimes.,Heart involve team significant show training participant rest would draw rise describe sister.,James Rodriguez,Closed
AUD-00414,SITE-003,2026-07-30,,61.8,Documentation,Economic open certainly news president west claim throw another huge religious arm.,View your here on since push move.,Joseph Logan,Open
AUD-02680,SITE-001,2024-03-21,28/03/2024,64.3,Documentation,Price chair defense worker skin fine would he magazine cause forget military region without throughout.,Order investment newspaper summer surface child style the.,David Willis,Closed
AUD-02926,SITE-005,2026-03-10,2026-03-18,83.7,Documentation,Collection next rest whole culture organization large sit gas fish image best on.,Around more partner form nation office teacher.,Dawn Rose,Closed
AUD-00185,SITE-007,2025-08-15,,71.1,Leak Detection,Fall believe page really later often cover establish fund also him read huge particularly whom tax health able senior book.,Lawyer behind painting none wide meet his finish conference.,John Knapp,Open
AUD-02313,SITE-006,2024-07-05,,61.4,Leak Detection,Professional be piece budget or size including method writer near prove budget sign measure enjoy my.,Movement heavy fall health.,Sherry Johnson,Open
AUD-01065,SITE-006,2026-06-04,,68.1,Environmental Monitoring,Heavy movie answer security crime follow thousand pass million effect nearly.,Participant in soldier over perform understand include however job say into power billion our.,Melissa Wilson,Open
AUD-02332,SITE-003,2024-09-13,2024-11-06,112.6,Personnel Training,Life drive character type commercial accept top explain serious simple top front street design professor.,Model middle American line.,Karen Martin,Closed
AUD-02854,SITE-003,2025-07-12,,54.1,Maintenance Backlog,Notice collection record assume back line challenge likely house body full city.,,Mrs. Alice Bennett MD,Open
AUD-01358,SITE-003,2025-04-22,19/07/2025,29.3,Environmental Monitoring,Pass majority hundred according page try data read help shake perhaps service month down clearly glass talk art western rock walk approach where require.,Identify debate shoulder race heavy.,Stephanie Thompson,Closed
AUD-02991,SITE-006,2025-06-01,,66.2,Leak Detection,Response very spring size go watch remember likely about chance night you.,Perform break maybe soldier event read during church career attorney apply find.,Jamie Taylor,In Progress
AUD-00372,SITE-006,2024-06-07,,56.1,Documentation,Sea word off all data least state area after.,School ever peace amount number push upon past.,Tammy Taylor,Open
AUD-00147,SITE-007,2025-08-07,2025-07-20,84.7,Containment Integrity,Seat toward around prove care write next plant population yard.,Some wall like red somebody day likely determine stuff participant involve stage.,Diane Barry,Closed
AUD-00574,SITE-004,2026-02-16,2026-03-12,69.4,Emergency Response,Movie why sign science beautiful air air later fine effort same customer.,The charge himself reveal couple tell create require letter instead.,Roberto Logan,Closed
AUD-01944,SITE-004,02/07/2026,2026-02-22,88.0,Emergency Response,It sometimes look shoulder direction mind important off present glass together.,Go before care world seek lose.,Jessica Lucas,Closed
AUD-02223,SITE-006,2026-09-05,,69.4,Safety Equipment,Since experience husband fall ok teach spring add while glass dog.,,Paul Green,Open
AUD-01081,SITE-004,2026-06-02T00:00:00Z,,73.0,Documentation,Catch cultural company chair home poor price reflect window along clear explain between charge.,Increase upon expert poor health production discussion.,Donald Wu,Open
AUD-00355,SITE-006,2025-08-26,,58.3,Safety Equipment,From build activity financial cell stop role cause yard claim loss light environment opportunity where significant too key spend picture stop would message.,Live defense discuss day save land write billion deal wall.,Elizabeth Hart,In Progress
AUD-00723,SITE-007,2026-01-03,2026-01-11,84.7,Documentation,Dog either school treat mission science much event moment.,,Miss Emily Crane,Closed
AUD-01310,SITE-001,2025-11-08,,76.7,Containment Integrity,First management movie join entire your behavior yeah whose admit job bag morning.,,Paul Peters,Open
AUD-00424,SITE-006,2026-03-08,,51.8,Environmental Monitoring,Forget sure again different street any develop assume suddenly line.,Important page agree fund perhaps community speak eye various.,James Meyer,In Progress
AUD-02731,SITE-005,2024-03-29,2024-04-14,77.8,Maintenance Backlog,Support institution everyone deal former real turn many movement discover energy design really strategy wonder front in onto glass.,,Keith Collins,Closed
AUD-02440,SITE-004,2025-04-21,2025-05-03,87.6,Leak Detection,Near agree gas somebody recent research call area one.,Politics usually true indicate try.,Ricky Proctor,Closed
AUD-02475,SITE-004,2025-10-08,2025-10-14,84.9,Documentation,Similar more south staff discover already Democrat strong culture nice front it hour economic authority worry southern strategy election method return trouble state center himself entire.,Culture almost least myself.,Danielle Wiley,Closed
AUD-01517,SITE-004,2025-06-12,2025-07-03,84.6,Environmental Monitoring,Tonight so television turn board group summer suggest these some effect administration fire must my.,,Richard Price,Closed
AUD-00101,SITE-002,2026-04-16,2026-04-30,95.0,Emergency Response,Close phone rise region attention fish city question sound whom effect design six interesting your majority speak.,Significant moment ago foot down big try may record.,Sarah Murray,Closed
AUD-00582,SITE-004,2024-10-03,10/08/2024,94.5,Emergency Response,Water environmental nor power magazine surface fire feel.,Republican character hundred activity.,Kristen Fisher,Closed
AUD-02508,SITE-001,2026-05-02,,94.8,Containment Integrity,Yeah worker peace ground receive hour seek watch next.,Security idea that probably network crime site.,James Dougherty,In Progress
AUD-00974,SITE-003,2025-04-04,,70.9,Safety Equipment,Community each station others sense black site next democratic artist answer or can director.,Avoid research green term town especially stand wind develop edge.,Kelsey Fernandez,Open
AUD-01390,SITE-007,2024-05-29,2024-06-03,90.5,Environmental Monitoring,Pressure keep east first moment simple authority often.,,Lucas Mitchell,Closed
AUD-01638,SITE-004,12/22/2024,,79.2,Personnel Training,Owner worker particularly cause learn enter size east federal rich able deep mother service class number notice.,With understand entire country southern their notice behavior step.,Christine Ortiz,In Progress
AUD-01515,SITE-001,2025-09-27,2025-10-26,76.1,Environmental Monitoring,Approach nor collection hair car stop imagine before certainly various help single.,Responsibility safe require reason pull couple green subject else.,Tami Hartman,Closed
AUD-02643,SITE-001,2026-07-12,2026-07-31T00:00:00Z,87.5,Environmental Monitoring,Opportunity simply oil view your person now.,Product body fact prevent ball activity learn response institution.,Amanda Guerrero,Closed
AUD-00908,SITE-003,2024-02-20,2024-03-14,43.9,Leak Detection,Pressure against floor enjoy bit environmental stop thank nearly say window hope they our newspaper lot old town pattern know.,,Andrea Savage,Closed
AUD-02963,SITE-007,2024-07-23,2024-08-22,79.5,Safety Equipment,As method family such direction term.,Professional kitchen structure moment first side.,Andrea Blankenship,Closed
AUD-02641,SITE-005,2024-03-20,2024-03-28,96.0,Personnel Training,Single especially a simply dark writer effort reveal across teach clear radio forward face condition sit father safe.,Season dog often them research church increase interview meeting question send six everybody process.,Thomas Lee,Closed
AUD-00268,SITE-006,2024-10-04,,69.9,Safety Equipment,Pm single national mean store song upon play.,Certainly control field able scientist.,Elizabeth Zuniga,In Progress
AUD-01034,SITE-004,2025-06-22,2025-07-07,78.5,Emergency Response,Admit her peace skill customer effort court imagine.,Yard quite hit spring ok.,Jacqueline White,Closed
AUD-00881,SITE-003,2024-03-04,,69.5,Documentation,Discuss lot kitchen born tell through term plant else.,According early relationship environmental phone need.,Miranda Murray,Open
AUD-02803,SITE-001,2025-10-03,2025-10-09,95.2,Personnel Training,Success skill the avoid prevent soon common good.,,Jeremy Moran,Closed
AUD-01884,SITE-004,2026-06-15,2026-06-20,68.0,Environmental Monitoring,Game indicate ten statement set painting across wonder cultural ready rock enjoy you positive measure past difference cultural score.,Hand bed until one continue may see however charge step analysis news.,Amanda Burnett,Closed
AUD-01426,SITE-001,2024-09-24,2024-10-20,71.4,Containment Integrity,Eye huge try card treat use executive yard nation family political tree street indeed subject.,Music nice according others push.,Madeline Norman,Closed
AUD-00560,SITE-003,2026-01-08,,66.0,Emergency Response,Hope notice situation fast rule billion war task international company structure even imagine personal same treatment civil present education single if support share simply face return.,Compare sense recent ago wall power available page will doctor dinner.,Katherine Pena,Open
AUD-02909,SITE-006,2024-09-21,,75.9,Maintenance Backlog,Article spend office education anything medical animal surface seven.,,Sean Robinson,Open
AUD-02153,SITE-007,2024-03-21,04/17/2024,75.3,Emergency Response,Do place anyone mind couple shake put become against receive new help instead weight.,Job into career else project head us possible various majority.,Leah Webster,Closed
AUD-01306,SITE-002,2025-10-10,2025-11-05,78.3,Environmental Monitoring,News forget race town role late different least new sure build another four keep.,,Melanie Williams,Closed
AUD-00431,SITE-001,2026-05-14,2026-05-25,87.8,Maintenance Backlog,Parent be information radio speak blue toward keep site avoid major building.,Experience require matter enjoy financial a.,Cody Morgan,Closed
AUD-01364,SITE-007,2024-07-16,2024-08-04,83.5,Safety Equipment,Stock ready send admit color source assume.,,Lisa Reyes,Closed
AUD-02041,SITE-005,2024-09-03,2024-09-21,83.3,Maintenance Backlog,Off record up best because situation light actually professor world ball scene.,Cold radio case shake section guy camera role.,Melanie Campbell,Closed
AUD-02809,SITE-002,2024-06-21,2024-06-30,80.8,Documentation,Send four center mother doctor hard outside professional spend various degree year.,Similar language kind career race after rock more number answer commercial.,Travis Bishop,Closed
AUD-02646,SITE-003,2026-05-24,,53.2,Personnel Training,Congress name dream protect per case indeed.,Forward whole safe discuss.,Jesus Bean,Open
AUD-02005,SITE-006,2025-08-11,,36.5,Maintenance Backlog,Reduce machine four someone official without water fact among seat score people end rate enjoy stand organization director agent.,,Lisa Bennett,In Progress
AUD-01345,SITE-004,2024-08-24,2024-09-19,84.7,Environmental Monitoring,Nature hospital involve land six name radio once old why others way throw fear prepare occur sister art.,Program approach own right gun feeling skin fight.,Brittany Jefferson,Closed
AUD-00733,SITE-003,2026-04-29,,100.0,Documentation,Middle police ten early own floor four natural head old rich seek past true.,Father when pressure positive.,Lisa Brown,In Progress
AUD-00654,SITE-004,2025-02-25,03/06/2025,87.2,Documentation,Son relationship professor today across across impact move suffer color ever daughter lose fast great particularly whatever current respond marriage career.,,Luis Joseph,Closed
AUD-02791,SITE-003,2024-02-26,,100.0,Emergency Response,Stock apply improve become magazine trial husband arm win according big fear manager data need it school.,Production PM others kid to him.,Nicholas Ball,In Progress
AUD-00350,SITE-007,2025-09-02,2025-09-14,68.7,Emergency Response,Enter lead red control product local raise.,,Timothy Williams,Closed
AUD-02480,SITE-003,2024-02-15,2024-05-05,49.9,Leak Detection,Because state perhaps major movie many but toward yet dark tell deal age relationship power chance especially style.,Rule well character meet while meeting current.,Morgan Davies,Closed
AUD-01012,SITE-006,2025-04-19,,65.6,Maintenance Backlog,Cover back anything recently night including attack again door site everyone.,,Ana Phillips MD,Open
AUD-02254,SITE-003,2024-05-20,2024-08-01,57.5,Leak Detection,Hour event me room fire effect compare case discuss against what eye whether task film they but catch effort memory degree few.,Eat space never loss senior exist common store.,Glenn Tucker,Closed
AUD-01967,SITE-002,2025-01-31,2025-02-06,95.2,Leak Detection,Both medical continue less miss middle agency cost when maintain news thought three million may.,Kitchen project lot another activity history practice respond.,Haley Jones,Closed
AUD-01534,SITE-001,2026-03-02,,87.2,Personnel Training,High such care discover purpose finally apply hot build president weight deep believe learn little almost others popular page.,Rather produce model you respond discuss result.,Sarah Jones,In Progress
AUD-01420,SITE-006,2025-09-15,,62.6,Personnel Training,Laugh car body black design worker beat who help bag provide across its increase job they east expert son bring shoulder.,Country strategy myself indicate hold.,Gregory Hernandez,Open
AUD-01663,SITE-004,2024-08-12,2024-09-08,94.0,Safety Equipment,Pattern laugh relationship bag tax nothing behind hair religious capital future.,Bit every hundred certainly top whole cup throw.,Taylor Thomas,Closed
AUD-00057,SITE-003,2025-05-01,2025-07-24,68.8,Leak Detection,With play develop shoulder garden score mouth apply pay low hear fear with analysis.,First fly alone case produce for product election today financial include against.,Mrs. Laurie Harrison,Closed
AUD-02353,SITE-005,2025-04-30,,76.4,Maintenance Backlog,Star successful tell high individual loss lead operation eat.,,Neil Harrison,Open
AUD-01727,SITE-006,2025-09-15T00:00:00Z,,65.4,Emergency Response,Director time energy sort tonight fall surface small debate attack position team nothing ask size raise time particularly pretty break.,,Tammy Miller,Open
AUD-02832,SITE-001,2026-04-11,2026-04-24,81.1,Safety Equipment,Upon find per hold participant first fill company plant television bring cost hold trouble.,,Michael Rasmussen,Closed
AUD-00510,SITE-005,03/06/2025,2025-06-18,87.1,Emergency Response,Use attorney involve sign according policy box subject large worker serve newspaper adult.,Wife concern before television able speak group door.,Sherry Wilkinson,Closed
AUD-01386,SITE-003,2024-08-27,,67.2,Safety Equipment,Camera score position day note street near scene market mission gun ground involve senior growth appear personal maintain hand nearly program traditional they.,Wear break board from brother fly require out.,Amanda Burton,Open
AUD-00016,SITE-001,2024-12-19,01/09/2025,74.5,Environmental Monitoring,Key heart establish you medical real enough them health Republican already practice arrive anyone term star land southern the parent.,,Justin Valdez,Closed
AUD-02674,SITE-003,2024-02-14,2024-03-22,85.8,Leak Detection,For position church lose although poor worker imagine budget by first whatever owner marriage notice change style task music always agreement ok job morning mention.,,Allen Glass,Closed
AUD-01498,SITE-007,2025-10-11,31/10/2025,84.3,Containment Integrity,Factor rise method still artist one hit interview really certain voice hard.,North quickly avoid enter exist treat vote.,Brian Cook,Closed
AUD-02988,SITE-003,2024-09-28,,54.4,Personnel Training,Avoid college entire house popular which full nor kid ground right young something down majority political cut go drug whether.,Catch deal western style job finish.,Stacey Wilson,In Progress
AUD-02375,SITE-002,2026-04-12,,93.2,Personnel Training,Car forget outside nature sort most.,Opportunity source heart give size off alone benefit.,Karl Williams,Open
AUD-01847,SITE-001,2024-12-09,,74.2,Leak Detection,Result wrong rock control total language medical local leg south girl full anything exist thought while case skill serious late night significant democratic.,Look leave budget computer meeting offer natural where future.,Jason Diaz,Open
AUD-00450,SITE-004,2025-03-03,2025-03-30,91.1,Containment Integrity,Couple unit man participant nation should respond.,Baby thousand gas wind individual experience human purpose travel paper this.,Amy Rios,Closed
AUD-00778,SITE-003,2024-11-15,25-Jan-2025,38.9,Environmental Monitoring,Capital member professor yeah indicate modern investment.,City personal character owner front somebody go fund writer lead myself mission peace respond.,Mark Mclaughlin,Closed
AUD-01245,SITE-001,2025-06-28,2025-07-03,77.0,Emergency Response,Thus save stage drug check clearly agent campaign.,Either whose hotel world hope thousand discuss including.,William Donovan,Closed
AUD-01241,SITE-005,21-Apr-2024,2024-04-28,72.2,Documentation,Large major person skill technology consumer fight administration evidence clear I major theory issue civil box.,Course still section visit author space determine important always discuss with only.,Alexis Atkinson,Closed
AUD-00699,SITE-001,2025-01-18,2025-02-10T00:00:00Z,86.8,Personnel Training,Practice produce account if explain person inside build enough impact.,Member already brother team end anyone short development age against.,Ruth Dunn,Closed
AUD-00294,SITE-001,14/09/2025,,68.1,Personnel Training,Carry onto newspaper history threat peace left stock program set.,Commercial lead charge increase see report impact direction.,Natalie Pratt,Open
AUD-02268,SITE-005,2024-10-28,,89.6,Safety Equipment,Gun information realize perhaps but bill tax station step partner simple.,Name within peace evening.,Dennis Koch,Open
AUD-00845,SITE-007,2026-01-10,2026-02-09,79.8,Environmental Monitoring,Audience measure apply natural conference represent window black year last imagine fly most attack degree good smile various southern long enough each tree.,Hospital economy phone because finally world military.,Chris Holmes,Closed
AUD-00549,SITE-004,2025-05-05,2025-05-20,81.7,Containment Integrity,Include leader plan manage great happy determine answer stand same rule small fund society day attorney nor yard need fly chance when idea.,Report together piece camera water this deal box quite.,Dawn Schmidt,Closed
AUD-02981,SITE-006,2024-07-05,,57.7,Safety Equipment,View of health summer decide against try usually do everybody your big class top fall interest year camera just who.,,Michael Edwards,Open
AUD-00406,SITE-002,2025-06-17,2025-05-19,91.2,Safety Equipment,When trip fact foreign dream dog difficult wind tonight military loss parent.,Process despite small find compare economy she hand accept.,Larry Miles,Closed
AUD-00119,SITE-005,2025-04-09,,86.4,Environmental Monitoring,Week improve have one decade any short brother worry sound particularly government cut sea poor class there institution five issue director.,Yeah memory able sea family more present.,Eric Roberts,Open
AUD-02379,SITE-006,2024-02-27,,69.4,Safety Equipment,Thought travel environment civil dark company when explain.,Local drop worker national feeling bit group outside everyone.,Kimberly Holmes,In Progress
AUD-01636,SITE-006,2024-10-21,,95.1,Environmental Monitoring,Service really course catch none have inside our traditional religious look avoid it avoid.,Do mission occur wide thus production past.,Sherri Pittman,Open
AUD-02468,SITE-006,2024-08-07,2024-09-26,64.9,Emergency Response,Since specific activity candidate night finish region black voice.,Present time scene owner central rule worker.,Christopher Page,Closed
AUD-01873,SITE-003,2024-11-03,,60.1,Emergency Response,Recognize under international Mrs be maintain group education every perform billion thought employee political real trial.,Stop whose make behavior song realize.,Angela Griffith,In Progress
AUD-02427,SITE-005,2026-04-20,2026-05-02,96.6,Environmental Monitoring,Start consumer eat trade hair citizen charge admit raise something bill good watch sport usually three choose.,Behind politics since throughout north fast notice land third the about collection item step reality.,Marie Stanley,Closed
AUD-01371,SITE-004,2024-07-01,,85.9,Emergency Response,Act president lay may radio do media heavy although agreement house.,Wide politics five pattern increase education since community.,Monica Valdez,In Progress
AUD-02112,SITE-001,2025-03-28,2025-04-05,77.4,Safety Equipment,Even natural recent send newspaper than mission role serious reveal him include cost else wrong.,Ability general Democrat a newspaper east new newspaper father side.,Brent Massey,Closed
AUD-01963,SITE-003,2025-09-20,2025-10-24,53.1,Maintenance Backlog,Mind leave term true action foreign newspaper goal put young probably.,Film road discuss west teach soldier car room strategy hold past herself though.,Samuel Hobbs,Closed
AUD-02031,SITE-004,2025-03-12,2025-03-25,62.5,Personnel Training,Project gun add in left Democrat short.,National pressure voice role debate way painting two probably pass.,Kristen Stephens,Closed
AUD-02178,SITE-001,2024-10-12,,79.8,Documentation,Former upon floor room for they off charge benefit democratic human think long strong would side while reason news result run hundred toward nation.,Campaign identify you way join sea.,Debbie Price,In Progress
AUD-01119,SITE-003,2026-04-19,2026-07-03,60.8,Containment Integrity,Why trip item community hit order response produce crime artist maybe order often war Mrs with.,Strategy much group fund group half pay run amount.,Angela Estes,Closed
AUD-00273,SITE-003,2024-02-14,,44.0,Maintenance Backlog,Tend meeting value list enough study laugh pull item foreign could sea do run sea else.,Second population account matter site family six reason.,Laura Mathis,Open
AUD-01765,SITE-005,2025-01-19,2025-02-04,73.0,Containment Integrity,Minute trouble more public race economy language whose fish.,Tonight plan they employee during a anything trial know.,Lorraine Coleman,Closed
AUD-01784,SITE-001,2026-02-01,2026-02-26,86.1,Environmental Monitoring,Eye pick whatever hospital piece professional art keep personal argue million its.,Finish young maintain view expert indeed moment house color walk way.,Sean Wright,Closed
AUD-01360,SITE-004,2026-01-04,2026-01-19,77.2,Personnel Training,Performance history center agreement herself economy smile adult effort catch appear visit season according enjoy past and culture tax activity write rise.,Knowledge trouble send however wide spring attorney.,Deanna Mendez,Closed
AUD-02939,SITE-005,12/28/2025,2026-01-25,79.5,Documentation,Such smile true occur lawyer join interesting result argue cover fine peace administration might adult already city.,Plant scene wish Democrat order thousand nature ready.,Clinton Norton,Closed
AUD-02910,SITE-002,2026-02-10,2026-02-26,84.1,Personnel Training,Ready ability cut technology story strategy believe century article despite teacher drug message light to offer everybody purpose fear.,Water by quality form happen notice act reduce reason effort yes under know.,Mary Lee,Closed
AUD-01096,SITE-005,2026-01-25,2026-02-20,82.3,Emergency Response,Speak president owner animal purpose treat least spend threat minute guy music police.,Realize say help theory me upon line analysis next until.,Daryl Clayton,Closed
AUD-02077,SITE-006,2025-03-12,2025-04-12,57.1,Maintenance Backlog,Professor marriage home manager instead real condition have treat Mrs.,Remain window election leg character fire again sure.,Gina Smith,Closed
AUD-01237,SITE-007,2026-06-24,,61.8,Containment Integrity,Purpose care send focus already mean drop program consider.,Rock everyone quality central especially test attack base help opportunity focus ask.,Julie Estrada,Open
AUD-00580,SITE-003,2025-11-05,,56.4,Emergency Response,Customer effort character house often race place rate throw none security like also son member leader growth everything assume win walk military.,Ever listen government myself amount head fact responsibility line agent.,Christine Mahoney,In Progress
AUD-01435,SITE-005,2026-02-01,2026-02-20,69.6,Safety Equipment,Much even about wear war food never alone movie hospital language carry describe our scientist either.,Single without job rule.,Pedro Berry,Closed
AUD-02478,SITE-006,12-Feb-2024,2024-03-28,64.4,Personnel Training,Today drop choice capital yes range process.,Store themselves hundred car to staff generation lay.,Shelly Alexander,Closed
AUD-01334,SITE-004,2025-06-30,,83.7,Leak Detection,Conference necessary time choose six week bit star.,Field instead music race whatever.,Becky Armstrong,In Progress
AUD-01779,SITE-003,2025-03-20T00:00:00Z,,55.9,Safety Equipment,Discover degree surface food various whom west alone general leader then number life national authority.,Financial election girl wide him feeling water network best go.,Tara Rodriguez,In Progress
AUD-02249,SITE-005,2025-05-27,,86.1,Maintenance Backlog,Up ago charge on manager those soldier think land want speak interesting defense start book hit camera best car seven class tax.,,Teresa Duncan,In Progress
AUD-00528,SITE-006,2024-12-18T00:00:00Z,2025-02-01,59.6,Emergency Response,Should much first international least behind serve prevent protect.,List by process next statement ever necessary first turn indeed.,Thomas Meyer,Closed
AUD-01016,SITE-003,03/05/2025,,67.3,Personnel Training,Kid dark book spend hard still something exist meet follow place figure parent debate.,Write store perform remain writer include.,Alicia Gay,In Progress
AUD-02367,SITE-007,2024-02-19,2024-02-29,80.3,Emergency Response,Lead whatever ask local write method room hour.,There stock blood movie relate check management control magazine thank.,Kendra Kelly,Closed
AUD-02215,SITE-007,2026-06-11T00:00:00Z,,94.9,Emergency Response,Baby military within seem picture mention argue listen room know head design third need coach even three fly with theory.,,Ashley Wolf,Open
AUD-00874,SITE-005,2026-05-14,,78.1,Environmental Monitoring,Effort later raise should people star consumer least nor husband animal nearly instead.,You free throw growth firm some as win business despite sister society image.,Ryan Cox,In Progress
AUD-02432,SITE-005,2026-05-15,,70.5,Documentation,Brother store toward evening approach wind community perhaps send medical training account between skin executive.,,Christopher Arnold,In Progress
AUD-01441,SITE-003,21/05/2024,2024-08-13,44.4,Maintenance Backlog,Over have week property assume issue government teach great need son fire plan art stage social occur third purpose no.,Law break speak alone hospital sound find present.,Michael Valencia,Closed
AUD-01629,SITE-002,2026-05-30,2026-06-29,72.6,Personnel Training,Teacher garden reach sound within scientist it.,Price read fly buy it agree artist green like first.,Melissa Gonzales,Closed
AUD-00955,SITE-006,2024-05-22,,50.1,Environmental Monitoring,His central whom wide just test floor turn trade cup myself.,Two each current color fall drive live.,Kathleen Thornton,In Progress
AUD-01327,SITE-007,2026-01-31,,66.9,Personnel Training,Often local possible turn boy cut ago stage catch finish how himself everyone movie measure assume ball keep available.,Guess fight coach might kitchen talk one.,Robert Cooper,Open
AUD-02365,SITE-002,2025-04-13,,78.0,Emergency Response,Perform common system decision rather stay professional travel find better wind.,,Alexander Robinson,Open
AUD-01254,SITE-007,2025-09-05,,86.0,Emergency Response,Sure end know way well company piece people from relate today ahead fight option price store second growth.,Growth father yeah investment.,David Porter,In Progress
AUD-01533,SITE-006,2026-06-13,,71.6,Emergency Response,By choice daughter herself economy turn detail institution actually debate price inside.,Recognize husband matter.,Scott Sweeney,Open
AUD-01514,SITE-005,2026-07-12,08/03/2026,88.6,Emergency Response,Military up he degree after never hard enjoy admit contain least watch bad simple budget husband left.,Relate notice create clear look paper environment.,Shelia Martinez,Closed
AUD-00812,SITE-004,2025-05-02,2025-05-30,89.1,Personnel Training,Finish serve short myself doctor deep fly.,Adult reduce two page gas international wrong success change which than rule worry so customer box.,Rodney Norton,Closed
AUD-02666,SITE-007,2024-10-19,2024-11-17,92.1,Containment Integrity,Public computer might daughter name security produce money lot inside amount choose ten need clear like.,Sign for serve word do anything.,Michael Perez III,Closed
AUD-02679,SITE-006,2024-07-01,,66.6,Personnel Training,Know student nature soldier need within world unit official fill.,Difference data tonight effect plant answer item particularly vote.,Angela Singleton,Open
AUD-02203,SITE-001,2026-02-14,2026-03-02,97.7,Personnel Training,True pressure late great involve long wait meeting city.,Major too two floor radio mind.,Charles Johnson,Closed
AUD-02336,SITE-003,2025-03-08,,47.9,Emergency Response,Red foreign deal evening speak past too behavior summer reduce.,Financial international view quickly small economy happy expert likely.,Joel Matthews,Open
AUD-01060,SITE-002,2024-04-11,2024-05-06,91.3,Documentation,Move painting attorney allow cover memory pay perhaps.,Nothing production light dark side great property mother upon cold administration instead matter.,Christopher Davis,Closed
AUD-00260,SITE-006,2026-06-17,2026-07-15,53.6,Documentation,Space finish your music above film direction past particular only consumer mission exist serious.,Reason international democratic read which quality I American education real.,Tara Orr,Closed
AUD-00127,SITE-007,2024-06-22,2024-07-10,91.7,Emergency Response,Free anyone process it population movement admit that very newspaper although.,Election appear newspaper a time choose sometimes they check year tree need kid.,Hunter Hopkins,Closed
AUD-00174,SITE-004,2026-01-07,,91.3,Environmental Monitoring,Mention already else bank song speak national conference southern whose and inside argue purpose car beat avoid.,Benefit pattern year call who.,Sarah Patel,In Progress
AUD-01849,SITE-003,2024-12-24T00:00:00Z,2025-02-23,38.9,Safety Equipment,Analysis kid own term environment believe property company after.,Begin author would system.,Michael Williams,Closed
AUD-00219,SITE-006,2025-12-08,,28.3,Environmental Monitoring,Ask adult himself line professional show society nor pattern more form who simply avoid.,Blood remember edge what finish themselves us whatever report.,Courtney Mora,Open
AUD-00312,SITE-002,15-May-2024,10/06/2024,87.3,Leak Detection,Most news card painting bit investment simply Democrat economic deep near matter pressure become listen live should mission allow above somebody create beat edge focus again action.,Might police before simple wrong cost sport sea red point next.,Allison Cook,Closed
AUD-00775,SITE-007,2025-09-13,2025-09-26,52.0,Maintenance Backlog,Director imagine knowledge politics laugh media star order quite born particular land spring person military sea store north majority.,Large evening feeling example per can.,Manuel Mata,Closed
AUD-02104,SITE-002,2025-07-29,,85.6,Environmental Monitoring,Personal yet water situation game great because agent hour individual Democrat us night area member herself difficult meet assume wife system.,Eye perhaps middle foot heart interest significant these movement over community evening finally.,Jordan Smith,In Progress
AUD-01401,SITE-006,2025-10-04,,73.1,Maintenance Backlog,Radio air television small happen section administration check never health miss line model four call truth every worker memory majority politics someone south everything pull news off.,,Kelly Crawford,Open
AUD-01674,SITE-004,2026-04-02,2026-04-07,75.3,Maintenance Backlog,Anything outside quickly foot simply public brother everything fire notice store community end audience hot so.,Yes seem east pretty space type time.,Jodi Gregory,Closed
AUD-02750,SITE-007,2024-03-29,2024-04-07,71.9,Maintenance Backlog,Second why night attorney music boy put region.,Tv skin happen front college sign back building Democrat.,Jack Blake,Closed
AUD-01245,SITE-001,2025-06-28,2025-07-03,77.0,Emergency Response,Thus save stage drug check clearly agent campaign.,Either whose hotel world hope thousand discuss including.,William Donovan,Closed
AUD-00892,SITE-002,15/06/2024,2024-07-10,84.7,Environmental Monitoring,Hope keep eye responsibility treatment five friend thing degree listen conference specific.,Floor baby campaign cell husband computer Mr throughout us husband.,William Collins,Closed
AUD-02157,SITE-007,04/15/2024,,92.5,Documentation,Choose thousand attention all arm.,Effort less few able indicate during do.,Jennifer Wilson,Open
AUD-01587,SITE-001,2025-04-25,2025-05-17,78.6,Safety Equipment,Policy body hand put wind stage along agreement late deal difference two base wonder matter president along run.,Form people pass or sign skill.,Jill Cox,Closed
AUD-02708,SITE-001,2025-03-13,,65.9,Emergency Response,Red all medical whose approach.,There good arrive health start evidence community before sound unit every.,Ryan Stewart,Open
AUD-02006,SITE-001,2024-04-06,2024-04-29,69.7,Safety Equipment,Yes bank activity happy east white be be center design color goal form quite party.,Appear there for my well front.,Sean King,Closed
AUD-00189,SITE-007,2024-08-27,2024-09-09,-3.2,Maintenance Backlog,Culture shoulder feel security seven teacher value like report agree threat state simple lead necessary.,,David Brown,Closed
AUD-00727,SITE-005,2025-12-24,,78.8,Personnel Training,Maybe late lay fund according somebody oil chair somebody onto whose book.,Reduce nature report late decade effect contain century phone keep individual.,Daniel Villanueva,In Progress
AUD-02591,SITE-004,2025-04-28,16/05/2025,94.1,Personnel Training,Only environment board indicate hope.,Game develop brother hold easy single son.,Karen Miller,Closed
AUD-02193,SITE-006,2025-06-29,2025-07-20,88.2,Containment Integrity,Knowledge ok level wrong outside sell six our difference play third reduce TV effect matter.,,Darren Lamb,Closed
AUD-02370,SITE-003,2024-11-04,,57.5,Environmental Monitoring,Member else keep choice ball maintain medical common onto.,Away station perhaps us who clearly.,Jeremy Robinson,In Progress
AUD-00172,SITE-007,2024-02-08,2024-02-19,89.4,Safety Equipment,Question future goal chance minute enough last though next high her themselves.,Personal expert will positive think card.,Ana May,Closed
AUD-01368,SITE-002,2024-08-03,2024-08-10,96.3,Leak Detection,Media amount act or above performance subject government shoulder whom opportunity decide couple truth.,,Sandra Hurley,Closed
AUD-01644,SITE-005,2025-01-12,2025-01-28,73.0,Maintenance Backlog,Reach reality market pressure election plan official son on win cup situation.,Yourself economy week since.,Natalie Anderson,Closed
AUD-00971,SITE-005,2024-12-01,,75.9,Leak Detection,Animal child person meet great avoid soldier.,,Taylor Wallace,Open
AUD-02699,SITE-002,2026-02-11,2026-03-03,97.9,Emergency Response,Fire bag city reality house like take especially billion.,Fine right movie gun attack week whole mouth.,Cynthia Conrad,Closed
AUD-00083,SITE-004,2025-11-17,2025-12-15,77.2,Personnel Training,Although about interview over character question.,Address employee every get necessary morning full help.,Tommy Jones,Closed
AUD-02190,SITE-006,2024-09-19,2024-10-29,81.3,Environmental Monitoring,Interest size fast table behavior as involve exactly.,,Melissa Fernandez,Closed
AUD-01731,SITE-007,2024-11-04T00:00:00Z,2024-11-14T00:00:00Z,112.5,Personnel Training,Audience movement people same state mother consider account traditional water team budget choose practice like environment leg.,,Theresa Patterson,Closed
AUD-02633,SITE-004,2024-05-24,,91.2,Documentation,Need road trade effort thought lay imagine fill serious act size blue foot daughter.,Sing performance visit walk allow.,Robyn Cline,Open
AUD-02740,SITE-005,18/01/2026,,84.6,Safety Equipment,To game carry cultural often leave trial off read collection occur decade natural something common environmental.,Guess himself cause say every prepare quickly.,Brittany Mcpherson,Open
AUD-00764,SITE-003,2025-05-26,,78.7,Emergency Response,Son project despite six what successful difficult claim meeting firm example interview guess also.,Collection necessary affect education imagine or glass along.,Kim Garcia,In Progress
AUD-02386,SITE-003,2026-01-23,,63.1,Safety Equipment,Since word tree medical thus lot new they everybody lot garden feeling try employee wear list.,Hope situation west baby detail letter responsibility trouble my.,Whitney Richardson,In Progress
AUD-02580,SITE-006,2026-05-11,,47.7,Safety Equipment,Weight television night let everything toward painting next begin political cover where brother sort music point material network institution though one history continue spring.,Once each kitchen hit knowledge.,Anna Conway,Open
AUD-01806,SITE-004,2025-03-20,04/09/2025,69.4,Emergency Response,There sell everyone past hand order.,,Andrew Johnson,Closed
AUD-02704,SITE-005,09/19/2024,2024-10-07,80.9,Containment Integrity,Issue talk well different owner check even once change heavy accept.,Politics strong chair challenge opportunity spring write.,Alexis Pena,Closed
AUD-02629,SITE-003,2024-03-22,,54.6,Maintenance Backlog,Soldier event black simple decision nation.,Occur response sense to inside.,Kelsey Wood,In Progress
AUD-02113,SITE-001,2026-06-12,2026-06-17T00:00:00Z,76.0,Documentation,Chance girl reflect science including increase draw cold few star suddenly rather various office couple.,,James Henry,Closed
AUD-00610,SITE-001,2025-01-17,2025-01-28,74.6,Leak Detection,Property scientist instead beat itself imagine air charge religious produce course listen.,Tv later bank old our campaign much return.,Cynthia English,Closed
AUD-00893,SITE-007,2024-08-15T00:00:00Z,,81.2,Documentation,Charge health we pull unit smile ready piece science able.,Save bar lawyer those serve agent good medical.,Emily Middleton,Open
AUD-02458,SITE-005,2026-05-06,2026-05-28,86.9,Environmental Monitoring,Capital institution environmental knowledge I south help evening.,Off officer year green language care run use fear the argue knowledge.,Matthew Mullins,Closed
AUD-02463,SITE-006,2025-08-16,,90.8,Leak Detection,Professional serve not attention strong physical hard field simple reflect take me positive bar model explain crime.,Together cut western give reason minute professor.,Kara Erickson,Open
AUD-01174,SITE-002,2024-10-25,2024-11-06,79.7,Personnel Training,Raise whom entire large be something step another green with explain pretty marriage thank operation.,End fish room apply talk put discuss article example.,Robert Ryan,Closed
AUD-01905,SITE-006,17/07/2025,2025-09-18,22.1,Safety Equipment,Right loss home stop dream officer group world national ready both number song sound film fear.,,Jeffrey Campbell,Closed
AUD-02231,SITE-004,2024-12-22,,88.5,Safety Equipment,Include high level born better experience Congress degree moment low television wish win heavy difference bit best until paper house defense fall.,Executive technology third interest that recent worry.,Joshua Tran,In Progress
AUD-00552,SITE-006,2025-12-25,,51.9,Maintenance Backlog,Notice need seat occur choose strategy between thank strategy live.,Republican pass that month once six reason.,Matthew Jensen,Open
AUD-02114,SITE-007,2025-02-18,2025-03-12,86.4,Documentation,Form type voice from thought state little city report again change service seem truth red type instead bank fill bring focus then against various.,,Michael Mata,Closed
AUD-00259,SITE-004,2024-09-09,,91.3,Personnel Training,Go serious heart message institution one across recognize night area call area stop could probably stay hand television.,,Jennifer Montes,In Progress
AUD-00298,SITE-004,2026-07-02,,76.4,Safety Equipment,Company reveal health quality soon set on approach little tax leave never.,Head six use dinner quality wonder dinner number live statement address brother role effort.,Tammy Rodgers,In Progress
AUD-02371,SITE-003,2025-12-07,2026-01-29,75.1,Environmental Monitoring,Over reach ball work meeting loss claim easy responsibility wall season different our old list.,Wear most goal any allow film me about mind serious story media brother focus.,Christina Edwards,Closed
AUD-00749,SITE-004,2024-06-03,,77.7,Emergency Response,Occur drive society couple bad successful spring woman act.,When child this performance guy industry.,Kelly Hill,Open
AUD-02989,SITE-005,2025-07-06,2025-07-19,67.2,Emergency Response,While evening last pay behind campaign agent program.,,Cassandra Ochoa,Closed
AUD-00382,SITE-005,2024-06-03,2024-06-14,74.6,Safety Equipment,Age administration people itself prevent religious low say make green day point deal behavior where.,Defense natural very expect wonder but news nearly piece anything close under organization.,Dustin Gonzalez,Closed
AUD-00595,SITE-004,2025-05-26,2025-06-15,90.5,Safety Equipment,Worry fast smile conference impact indeed ready lawyer model she both such night.,Opportunity during region pretty environmental teacher science home.,Kyle Ryan,Closed
AUD-00691,SITE-004,2025-03-07,,100.0,Leak Detection,Bank recently resource well central voice popular trial build goal itself ready hold serve.,Near already word middle almost green attorney customer.,John Benson,Open
AUD-01756,SITE-007,2024-04-24,2024-05-24,90.0,Safety Equipment,Address someone but wrong weight lawyer nor every read myself hit main source special section mother glass understand occur paper.,,Michael Stephenson,Closed
AUD-02091,SITE-004,2025-05-01,2025-05-25,100.0,Environmental Monitoring,Common even enjoy class account newspaper foreign laugh up tax age degree agency late former him social new reflect treatment next.,Degree third week anything event draw lot same.,Tiffany Johnson,Closed
AUD-00324,SITE-001,2025-04-11,2025-04-21,78.9,Environmental Monitoring,Lose court billion arm street.,One animal ready heavy Mr buy rise.,Dalton Wade,Closed
AUD-01728,SITE-003,2024-11-25,,54.9,Environmental Monitoring,Prepare whether likely stay out often region consider attention water sea itself carry hit top others tend.,Someone foot writer main quality song condition floor at him.,Megan Ewing,Open
AUD-00685,SITE-002,15-Aug-2024,2024-08-27,90.2,Leak Detection,Fall man hold save manager human.,,Debra Davis,Closed
AUD-01708,SITE-004,2024-07-30,2024-08-14,98.8,Documentation,Relate to special him choice back if main establish staff upon ten nature suggest apply safe likely each represent firm top agreement perhaps different medical culture they.,Ahead field customer north.,Meghan Meyer,Closed
AUD-02618,SITE-004,2025-04-29,17-May-2025,85.5,Emergency Response,Deep chair share turn mother save concern far focus chair anything meet Mrs.,As either Mr oil speak political interest spend number if mean.,Fred Prince,Closed
AUD-02081,SITE-003,2025-05-19,,61.0,Environmental Monitoring,Short production class discussion space sit to will million cover eat middle night seat wrong benefit until however determine ten.,Involve authority any main.,Dominic Riddle,In Progress
AUD-02725,SITE-007,2025-04-20,,81.3,Containment Integrity,Serious key never responsibility money here job.,Indicate ground realize heart rich bar.,Daniel Griffin,In Progress
AUD-00276,SITE-002,02/23/2024,2024-03-24,85.1,Personnel Training,Present issue fill including despite whose rise record specific pretty tree which shake hit magazine beat citizen.,Above theory view reason reflect media office believe under.,Jason Fry,Closed
AUD-02685,SITE-007,2024-03-22,,91.4,Documentation,Company thing argue myself manager see factor identify type read president attention tax they future sing old first have.,The bring yes light bed despite concern.,Jordan Farrell,In Progress
AUD-02745,SITE-001,2025-02-14,2025-03-02,94.8,Environmental Monitoring,Else government field model believe behavior discover food professor after.,Line event reduce real sing.,Colleen Fitzpatrick,Closed
AUD-01439,SITE-004,2024-04-04,2024-04-15,95.1,Personnel Training,Other tough factor public degree establish they Congress civil without better method seat civil although get common red statement owner huge return.,,John Glass,Closed
AUD-02501,SITE-004,2024-06-15,2024-07-08,69.8,Personnel Training,Hard blue the number federal drop my politics study piece stand family successful operation woman positive speech growth bill.,Security hard position similar instead.,Patricia Rodriguez,Closed
AUD-00105,SITE-006,05-May-2024,,66.8,Environmental Monitoring,Same race throw brother hot safe building success drive entire conference often eye political draw.,After act pass.,Alexandria Page,Open
AUD-00086,SITE-006,24-Jul-2025,2025-09-13,62.2,Emergency Response,On assume of be improve strong alone senior front data beyond conference.,Agree yes new TV medical different season ask.,Heather Wright,Closed
AUD-02664,SITE-006,2025-11-07,,47.3,Maintenance Backlog,Experience reach whether also partner never hand international us business world loss window very painting go next home five perhaps ten whatever.,Lead be care actually charge season wife picture center.,Jeanne Olson,In Progress
AUD-00896,SITE-005,2024-05-10,,83.7,Personnel Training,Television window quality space it on arrive eye trial lose property return official certainly.,,Robert Miller MD,In Progress
AUD-02746,SITE-007,2024-03-25,2024-04-08,76.6,Documentation,For soon notice treatment poor expert candidate PM.,Source along there child unit hour particularly member space.,Kimberly Rios,Closed
AUD-01477,SITE-004,2025-03-06,2025-03-28,84.0,Personnel Training,Always yes amount interest notice sea pay unit animal every season expect forget.,These three word by challenge pressure analysis.,Neil Collins,Closed
AUD-01198,SITE-003,2025-09-19,,57.0,Safety Equipment,Friend program check other including value in our ready share however individual of.,Realize kid resource test city see.,Edward Mora,Open
AUD-00295,SITE-007,2025-08-12,2025-08-25,73.0,Safety Equipment,Kid realize morning structure Republican prevent radio business risk charge scene.,Indeed reason bed worker room.,Jeffrey Hunter,Closed
AUD-01142,SITE-006,2026-03-28,,90.7,Maintenance Backlog,Experience security according health between skill expect discussion former direction form need ready experience catch.,,Richard Joseph MD,In Progress
AUD-01156,SITE-005,2025-09-19,2025-10-09,79.1,Safety Equipment,Reality raise employee movement much game Republican difference democratic stuff pull collection lose general myself popular.,Career put interview apply reality doctor south hotel interview probably data.,William Pitts,Closed
AUD-02603,SITE-006,2025-02-28,2025-03-30,49.7,Environmental Monitoring,Usually son build with anything chance simply suffer.,,Robert Montoya,Closed
AUD-02937,SITE-007,2024-12-03,2024-12-15,97.1,Leak Detection,Police painting scientist gun card indeed full far husband lose toward become federal require capital girl debate hospital speak.,Indicate bit add perform.,Patrick Pugh,Closed
AUD-01347,SITE-003,2024-03-07,2024-04-09,85.3,Safety Equipment,Scientist bag character commercial.,Quickly job on force challenge bit future exactly job result test will.,Brianna Lee,Closed
AUD-01235,SITE-002,2026-02-06,2026-02-21,92.2,Leak Detection,Strategy movement particularly relate want camera article technology.,,Ian Chase MD,Closed
AUD-00046,SITE-005,06-Feb-2024,2024-02-21,72.8,Safety Equipment,Before show recently church certainly carry film rich some feel former likely song bit forget happy else.,Red large military rest exactly.,Kenneth Montgomery,Closed
AUD-02245,SITE-002,2024-03-14,2024-04-02,78.0,Environmental Monitoring,For will bag threat executive government play sometimes man whole long kind value pretty television western operation art yes.,Positive law attorney already share at week anything blue country.,Bridget Harris,Closed
AUD-01608,SITE-004,2026-09-06,2024-09-05,82.7,Maintenance Backlog,Exactly pick seem charge technology risk put big answer.,Season soon which safe note shake hear single.,Tina Davis,Closed
AUD-02602,SITE-003,01/10/2024,,85.0,Containment Integrity,Score tonight can treat argue theory outside go ago seat including end station west office serious into near fast threat control democratic meet.,Thank skin air reflect special pressure always experience realize bar quite.,Matthew Butler,Open
AUD-01068,SITE-006,2025-08-24,,72.5,Safety Equipment,Really window step cultural safe I individual low young cut away film.,None camera couple respond impact above hold sign decision.,Tracy Archer,Open
AUD-02053,SITE-003,2026-05-15,,56.6,Documentation,Class place reality image marriage have say teacher stand reality.,,Cody Richardson,Open
AUD-02548,SITE-006,2024-07-31,2024-09-23,52.4,Safety Equipment,More table well coach official shoulder house rule each piece body hope economy.,Charge necessary material event majority light former whole stop.,Luis Brown,Closed
AUD-00467,SITE-007,2025-03-16,,89.0,Leak Detection,Administration anything represent want speak participant enough game whom training bad game someone gun begin learn store human child.,Network night television four picture couple it over draw idea particular.,Kevin Brooks,In Progress
AUD-02055,SITE-007,2024-10-15,2024-10-25,71.2,Environmental Monitoring,Yard scene perhaps decade early present special.,Defense open out region deal.,Zachary Mcclure,Closed
AUD-00570,SITE-005,2025-02-17,2025-03-05,83.4,Maintenance Backlog,Computer surface effort how too participant better brother down lay summer commercial government whether arm movement foot fear.,Condition reduce threat page her.,Natasha King,Closed
AUD-02266,SITE-006,06/01/2026,,76.6,Personnel Training,Say television catch person simple model management five five manager bring owner heart half performance admit anyone set dream cultural issue.,Trade base between no story probably.,Madison Joseph,Open
AUD-02232,SITE-007,2026-04-07,2026-04-23,83.2,Emergency Response,Local story hear from trial court song PM character those performance leg mention job scientist.,Business scientist guess unit leg skin writer.,Alan Welch,Closed
AUD-01513,SITE-007,2025-10-18,,70.2,Documentation,Memory establish person first area perhaps region hundred enough floor less cell wall for above pretty build during choose experience down task specific.,Smile teacher red call big few yeah page include family compare somebody.,Matthew Mcclain,Open
AUD-00112,SITE-007,2025-09-27,2025-10-09,80.6,Personnel Training,Artist explain someone number difficult sound line message daughter too along reveal realize task.,Inside much theory drug throw specific others.,Angela Hunter MD,Closed
AUD-01484,SITE-001,2024-10-21,2024-11-04,77.8,Environmental Monitoring,Brother vote quickly daughter suddenly attack moment.,Member go animal simply customer once explain level special which.,Gary Johnson,Closed
AUD-01623,SITE-001,2026-06-09,,92.7,Environmental Monitoring,Tree success choose method all hotel trial possible third movement seem perform new step class they finally to human plan partner work forget painting.,,David Raymond,Open
AUD-00196,SITE-006,2024-02-10,2024-03-15,81.8,Leak Detection,Quality become final federal democratic seem job how enough husband fine career discuss type month local.,Race perform pressure seem small life behavior.,Joseph Rogers,Closed
AUD-00890,SITE-004,2024-10-02,2024-10-31,75.4,Documentation,Democrat glass product large opportunity time data government way.,Door rock must meeting room contain however a pull.,Sean Yang,Closed
AUD-01263,SITE-003,2025-04-23,,56.0,Maintenance Backlog,Threat near cell finally message here he agency road.,,Danny Aguilar,Open
AUD-01434,SITE-006,2024-08-17,,58.0,Environmental Monitoring,Research situation will nothing scene else cultural difference bit usually enjoy.,Leader race see standard occur design born.,Jennifer Mathis,In Progress
AUD-02514,SITE-007,2024-10-14,,96.0,Documentation,Create line color son area tree sell share agent drug wife personal produce season century someone property.,Response perform key practice everybody live budget.,Kimberly Ramirez,Open
AUD-01824,SITE-005,2025-06-11,,99.7,Documentation,Again open father agree similar medical teacher short debate we himself care enter too money at education training but.,,Autumn Moran,In Progress
AUD-01539,SITE-002,2026-06-14,2026-07-03,57.3,Personnel Training,My hope hospital whether improve evidence support it resource begin floor section.,Week senior we industry explain protect mother herself system form laugh smile inside peace.,Jeffrey Mcintyre,Closed
AUD-01603,SITE-003,2024-02-28,,70.6,Leak Detection,Local talk candidate across any particularly team marriage star recently eye boy ask.,Of charge change democratic statement certainly pressure.,Brandon Lewis,In Progress
AUD-01704,SITE-002,2024-11-07,2024-12-01,92.2,Containment Integrity,Perform late themselves poor health magazine reach floor deal seem room defense training tough.,,Mrs. Anna Stevenson,Closed
AUD-02829,SITE-002,2024-06-22,2024-07-17,66.6,Environmental Monitoring,Interesting recent paper poor eye last often allow truth federal attention know here officer cup everything list machine impact.,Management reality political street during election water clearly little own report author.,Andrew Haas,Closed
AUD-02856,SITE-004,2024-08-19,2024-09-18,87.6,Emergency Response,Now value cell garden Democrat miss morning left drop factor day evidence stay.,Senior while newspaper modern course.,Amanda Oliver,Closed
AUD-02760,SITE-007,2025-11-26,,81.9,Leak Detection,Daughter behind if itself population throughout evidence board role fact through keep guess chance break important my picture capital learn skin style series.,Career stage check position answer major.,Miguel Hardy,In Progress
AUD-00931,SITE-002,27/02/2024,2024-03-17,77.4,Containment Integrity,Doctor remember large east else address early front force behind above perhaps company understand admit general too group always.,,Christopher Roberts,Closed
AUD-01313,SITE-005,2025-06-09,2025-06-19,78.2,Maintenance Backlog,Cell whole store challenge strategy sit culture exactly.,Pick if page perform down.,Melanie Hutchinson,Closed
AUD-00344,SITE-003,2025-11-04,,43.5,Leak Detection,Low everything success learn second care add five front couple air.,Organization certainly attention per tree other early however discuss impact.,Jennifer Perez,Open
AUD-02094,SITE-004,2025-10-28,2025-11-27,74.4,Safety Equipment,Smile financial dog quickly morning station reach debate sit nearly.,,Sandra Page,Closed
AUD-01101,SITE-007,2026-01-19,,82.1,Safety Equipment,Open opportunity trade shoulder eat list offer safe do particularly career serve him those.,,Theresa Hawkins,In Progress
AUD-00847,SITE-006,2025-02-17,,36.5,Leak Detection,State door plant street watch detail meet success edge air.,Year live leader sister security heavy.,Jared Johnson,Open
AUD-02795,SITE-003,2025-10-31,,46.1,Environmental Monitoring,Prepare management director never window eat attorney think water care base pay success.,Despite mind money laugh these break happen well six.,John Smith,In Progress
AUD-02187,SITE-004,2025-12-21,2026-01-18,82.7,Personnel Training,Both rule picture perform star minute several everything animal two current it see stay young executive focus matter.,Account beautiful husband what voice firm.,Christopher Davis,Closed
AUD-02526,SITE-001,2026-02-06,,73.1,Leak Detection,One generation weight game pull room analysis her fish traditional democratic will view all study already whatever final painting fall interesting.,War time avoid evidence magazine include total face best.,Elizabeth Lawrence,Open
AUD-02553,SITE-002,23-Aug-2024,2024-09-04,88.4,Personnel Training,Day keep tree side occur product opportunity budget think before keep minute treat.,,Kenneth Myers,Closed
AUD-00784,SITE-003,2025-02-26,,32.9,Environmental Monitoring,Us ago themselves rock born bed offer avoid easy age raise economic life two sell you professor page organization character.,Central certainly local method strategy beautiful vote successful.,Brandi Brown,Open
AUD-00687,SITE-007,2025-07-09,2025-08-03,94.4,Safety Equipment,Street Republican individual police safe travel organization forward imagine defense little strategy pattern note break at return film bag forget another.,Design language price well white.,Rhonda West,Closed
AUD-00604,SITE-003,2025-11-03,2025-12-13,50.8,Documentation,Serious wind guy run market else local control.,Mother five among among artist east present forget weight film anything reach baby.,Julie Merritt,Closed
AUD-01397,SITE-003,2025-08-28,,54.8,Containment Integrity,Store tell answer stand question party recognize people life hand imagine.,Nor know reflect build experience line middle seem appear party.,Steven Schroeder,Open
AUD-02265,SITE-006,2025-10-04,2025-12-20,35.7,Environmental Monitoring,Use decision successful population sell red president my fire deep baby middle their factor gas room.,Give market kid alone use recognize American number view side side town shake note buy.,Charles Combs,Closed
AUD-00142,SITE-004,2025-10-18,2025-11-08,79.4,Maintenance Backlog,Attack start billion interest share manager key a fall treat light sit.,Safe new power weight western establish her seven fill.,Michael Saunders,Closed
AUD-00928,SITE-006,2025-08-15,,47.5,Documentation,Near under police mouth sit catch cut Mrs.,,Brian Knight,In Progress
AUD-02444,SITE-006,2025-12-10,,55.0,Maintenance Backlog,Listen return life form piece near land budget there because relationship standard.,Strategy well perform agree job them Mr.,Lacey Roberts,In Progress
AUD-01508,SITE-005,2026-03-18,2026-04-11,74.8,Environmental Monitoring,Trip region against wonder laugh leave perform determine others couple world happen.,Red college people sport score church main deep.,Travis Copeland,Closed
AUD-01190,SITE-007,28-Aug-2024,2024-09-24,84.4,Safety Equipment,Shoulder clearly keep perform window toward.,Out TV action card coach likely first might animal begin.,Emily Chen,Closed
AUD-02269,SITE-004,2025-05-27,,92.0,Maintenance Backlog,Last result agent lay personal role color eight science easy strategy police people degree model street require.,Happy sea member almost me today where foreign perhaps serve physical gun.,Brittney Compton,In Progress
AUD-01459,SITE-006,2024-05-07,,25.2,Environmental Monitoring,Ok professor guess Congress still ten arrive under director few environment bed item these woman worker story.,Act decade home.,Kenneth Porter,Open
AUD-00791,SITE-005,07/02/2024,2024-02-20,62.3,Environmental Monitoring,Do forward choice spend office half rest attorney president police.,Make tax heart agency view job age difference.,Sherri Clark,Closed
AUD-00097,SITE-002,2024-10-28,2024-11-21,80.8,Safety Equipment,Minute most against foreign even prove four interest full.,Product actually analysis seem end low a try apply.,Ronald Ross,Closed
AUD-02811,SITE-004,2024-12-03,2024-12-19,77.1,Environmental Monitoring,Part level minute culture reach hotel figure challenge best close leave check difficult newspaper no marriage white car.,Simply behavior conference piece view option above form either law me identify take.,Douglas Hess,Closed
AUD-01280,SITE-003,2025-10-28,,67.1,Containment Integrity,Rise particularly goal mouth seat democratic address already station receive actually.,Threat herself fish man without this oil.,Mary Callahan,In Progress
AUD-02376,SITE-005,2024-08-16,,66.6,Documentation,Likely manage upon face consumer relationship clearly.,Bring field half save score send feel.,John Acosta,In Progress
AUD-00155,SITE-005,2026-03-11,2026-03-31,82.3,Safety Equipment,Heavy suffer start type.,Same city age think individual source paper.,Joshua King,Closed
AUD-03000,SITE-001,2025-04-25,2025-05-07,92.8,Safety Equipment,Base degree building night north cold once yet throughout administration.,,George Tanner,Closed
AUD-01655,SITE-004,2024-12-09,2024-12-25,80.6,Maintenance Backlog,Hand order surface other treatment unit likely civil.,Keep meeting spring number drop third.,Carlos Ford,Closed
AUD-02562,SITE-005,2024-10-30,2024-11-09,75.1,Documentation,Similar more money around so cell picture trip individual Republican.,Tv truth arm clear challenge author popular realize away team.,Cathy Johnston,Closed
AUD-00941,SITE-005,2026-03-10,2026-04-05,82.4,Maintenance Backlog,Need radio account central wall police nation listen rule body however rule daughter apply sound easy.,,Jessica Cooke,Closed
AUD-00176,SITE-001,2026-01-11,2026-02-04,78.2,Emergency Response,Factor either every if student professional make people claim.,Fire others similar floor trial bank.,Julie Williams,Closed
AUD-01348,SITE-002,2024-09-22,2024-10-07,74.6,Emergency Response,Wish letter style perhaps rock should store work close collection.,Scientist hospital few become director describe all color system feel score serious property.,Tanya Lopez,Closed
AUD-02977,SITE-007,2025-01-24,,81.4,Safety Equipment,Past month none huge majority much value including somebody bed remember choose born outside.,Career sense state partner appear skin both build value government cover.,James Gregory,Open
AUD-00134,SITE-003,2024-05-26,,78.7,Documentation,Watch system whole nation thank difference but that.,Save whole sport scientist tree price mention candidate decide.,Juan Giles,Open
AUD-02588,SITE-001,14/02/2025,03/04/2025,78.1,Safety Equipment,Campaign detail serve wish good cover radio program when agent actually should white since drive enter kid.,Be girl animal share Mrs close sign check they.,Justin Anderson,Closed
AUD-01581,SITE-001,2024-05-03,,92.8,Leak Detection,Far grow fast international suddenly big sing imagine leg building full person.,Policy live town election air skin know.,Cole Collins,In Progress
AUD-02975,SITE-002,2026-07-18,2026-07-29,-3.0,Personnel Training,Back significant drug serious generation gun support show page full place evening new guess western task cut represent instead.,Impact employee scene enjoy just ever tough opportunity air skill.,Ralph Harrell,Closed
AUD-01154,SITE-002,2026-07-26,2026-01-14,95.6,Documentation,Health campaign outside give hear house say.,Individual before along degree month have knowledge.,Charles Cisneros,Closed
AUD-02424,SITE-003,2024-10-20,2025-01-15,43.5,Leak Detection,Usually bar both always attorney later attention contain cut lot west statement point its allow decision but thus.,Night central production miss it war friend recent realize.,Linda Parks,Closed
AUD-00491,SITE-006,2025-06-18,,65.0,Personnel Training,Doctor these shoulder student market ok.,Now because pressure send hold nice major make.,Jeffrey Mcbride,Open
AUD-00600,SITE-007,2026-03-25,2026-03-30,76.2,Safety Equipment,Support affect three sit heart body serve now thus by commercial letter walk building.,,Charles Collins,Closed
AUD-00193,SITE-005,2024-11-14,2024-11-29,72.3,Documentation,Two lawyer light recognize leg charge sit of hundred long indeed buy.,Congress thus stock us organization city quickly you.,Leslie Reyes,Closed
AUD-02967,SITE-003,2024-04-25,,80.8,Documentation,Deal chair entire air color despite people serious hold factor reach actually tree on blue thousand.,Area service else senior drive young stock size.,Kathleen Palmer,In Progress
AUD-01631,SITE-001,2026-01-08,,85.6,Documentation,Leg wish sort explain important less reflect race detail ready improve.,While free seem someone child member open our what hear these.,Lisa Lang,In Progress
AUD-02073,SITE-005,2025-03-17,,74.0,Documentation,Guess either economy despite if station consumer dog act her player leave indeed daughter need tough general.,,Kevin Howard,Open
AUD-01040,SITE-005,2024-12-05,2024-12-10,89.2,Containment Integrity,Help that difference truth experience it focus them player walk note radio down.,,Lisa Avila,Closed
AUD-00961,SITE-006,25-Oct-2024,02/12/2024,69.6,Environmental Monitoring,Story full treatment visit third decide new.,Although door fall I hope year reach contain sound side without young poor weight picture.,Kevin Cox,Closed
AUD-01048,SITE-002,2024-11-17,2024-11-22,99.0,Containment Integrity,Real nor various see each race pressure large experience doctor shake choose difference system service design role quickly learn sell successful.,Each strategy tell figure sort challenge amount reach.,Amanda Lynch,Closed
AUD-00726,SITE-001,2026-07-15,2026-08-11,93.0,Documentation,About also into tend debate moment speak cultural almost write arm according professor increase appear.,Improve large check once join.,Kathryn Fitzpatrick,Closed
AUD-00797,SITE-001,2024-03-03,2024-04-02,79.4,Environmental Monitoring,Party suffer together actually already current own second interest land gun cover let allow city space analysis popular great nothing find impact time environment stage week.,,Ashley Williams,Closed
AUD-02996,SITE-007,2024-02-17,2024-02-25,87.8,Leak Detection,Population something south pretty his debate interesting small according change.,College song buy sing value air task food.,Jeffrey James,Closed
AUD-02257,SITE-001,2026-04-04,,80.0,Safety Equipment,Nor such civil pass education job statement modern need because would between.,Especially difficult buy after society single number them value beautiful likely continue.,Angel Curtis,Open
AUD-01915,SITE-004,2024-07-03,11/07/2024,80.5,Maintenance Backlog,Daughter avoid job daughter law music decide prove fast arrive really story run another guess thus issue and project.,New price forget example you base I general.,Alan Taylor,Closed
AUD-01738,SITE-004,2025-09-11,,84.7,Safety Equipment,Build evening discover author blood may college require power star again good enough soldier power serve form five.,Game wish respond election protect design strategy he rather still.,Michael Sloan,Open
AUD-00309,SITE-001,2024-03-13,2024-04-05,81.5,Containment Integrity,Wide instead spend something career yeah but serious better north.,Of card out opportunity ball until develop.,Wendy Juarez,Closed
AUD-01529,SITE-007,2024-07-31,2024-08-27,80.5,Personnel Training,Pass green teacher music page analysis chair safe former technology popular air by point send.,,Jose Reynolds,Closed
AUD-01600,SITE-006,2024-09-04,,112.5,Maintenance Backlog,Similar indeed four finally eat ten very mind rise authority image range office else human.,Economy part majority democratic full popular.,Kimberly Morales,Open
AUD-02101,SITE-007,2025-07-25,,86.3,Environmental Monitoring,Professor senior program family crime popular poor sort road my media to necessary away rate.,Together son challenge whom put billion source there responsibility.,Juan Sanchez,In Progress
AUD-01425,SITE-006,2025-02-20,,69.3,Emergency Response,Near wear rate him piece successful college need story student.,,Ian Hunter,Open
AUD-02532,SITE-003,2024-02-11,,55.6,Environmental Monitoring,Center knowledge across cut attack both price a senior writer growth power loss bit PM.,Woman relationship local shake full particularly political remember film religious expert often I start allow.,Stacy Duncan,Open
AUD-02276,SITE-002,2026-07-13,31-Jul-2026,78.3,Leak Detection,Specific final performance language doctor director positive join pretty require star vote.,Front single analysis performance property hard glass campaign edge nice this however same.,Kayla Hogan,Closed
AUD-00141,SITE-002,2024-10-17,2024-11-16,73.1,Safety Equipment,Director from right perhaps good within after staff.,Structure about garden beyond near car none and end.,Christina Silva DVM,Closed
AUD-00388,SITE-003,2024-11-21,2025-02-16,55.4,Environmental Monitoring,Tend fly charge simple hope whole.,Trial usually back bank true special century evening paper issue discuss mention.,Corey Wright,Closed
AUD-02385,SITE-001,2026-04-06T00:00:00Z,,59.8,Environmental Monitoring,Your personal alone data red half hear marriage exactly season across quickly full I baby.,Everyone attack necessary by up.,Taylor Andersen,Open
AUD-01940,SITE-003,2026-05-29,,68.7,Maintenance Backlog,Thank set and fund front could anyone western establish after clearly what position likely.,Perform speak computer there.,Michael Scott,In Progress
AUD-02023,SITE-007,2024-08-14,2024-08-26,85.2,Maintenance Backlog,Consider wind society though say although cover production detail consider explain phone.,Media other he imagine court fall pay wide we section.,Cynthia Ford,Closed
AUD-01719,SITE-002,06/30/2024,2024-07-18,86.1,Environmental Monitoring,Lead we walk throughout send half morning shake learn month score turn help.,,Victoria Key MD,Closed
AUD-01139,SITE-004,2025-10-02,2025-10-29,90.0,Maintenance Backlog,Show him daughter carry heavy hit mission foot chance another keep effect box.,Public middle gas million economic effect site character standard world.,Katherine Ponce,Closed
AUD-00785,SITE-003,2026-04-17,,74.9,Documentation,Receive marriage each reality test in understand two word brother fight model detail past condition develop laugh exactly admit.,,Jodi Mccoy,In Progress
AUD-00356,SITE-003,05/11/2025,2026-01-05,65.9,Leak Detection,Determine officer quality program drug husband above.,,Eddie Haley,Closed
AUD-01343,SITE-007,2024-09-19,09/24/2024,81.9,Environmental Monitoring,Learn several special interest stand pay yes through list under try do address small open case challenge change.,Red economic month mission recent media.,Shelia Mahoney,Closed
AUD-02191,SITE-004,2026-08-31,11/07/2024,81.3,Emergency Response,Final subject remember yes wish voice civil manager bring book treat.,Clearly cause rather main night allow head class rise particularly nature argue.,Kayla Adkins,Closed
AUD-02828,SITE-002,2025-05-21,,84.7,Containment Integrity,Wish these brother anyone house light material seven live what learn tonight space understand yet free high surface design some look kind hair.,Arrive score writer why follow actually sing speech.,Monica Ramirez,Open
AUD-01693,SITE-006,2024-09-09,,57.9,Emergency Response,Go poor worker table middle other south whom behavior perhaps.,Room from table song doctor fall where effect same type apply.,Lisa Bradley,In Progress
AUD-01196,SITE-004,2024-11-12,2024-11-20,87.0,Documentation,Single she stuff on challenge rise beyond interview before contain deal black.,Brother herself teacher happen early indicate well.,Joe Green,Closed
AUD-00386,SITE-005,2026-04-27,2026-05-11,83.5,Safety Equipment,Hard total mind wait strong still network stuff degree base do effect.,Employee true evidence situation doctor protect health stop water church.,Dean Johnson,Closed
AUD-00225,SITE-003,2025-01-20,2025-02-14,52.0,Leak Detection,Lay piece case act us set suddenly loss charge talk present their current.,Job authority spend oil picture charge space full little model its garden.,Thomas Wilson,Closed
AUD-01449,SITE-005,2026-03-16,,85.7,Emergency Response,Per focus his others cold such have.,,Joshua Brown,Open
AUD-00635,SITE-007,29/12/2025,2026-01-04,93.1,Documentation,Study together brother now wide our whatever Republican consider improve available conference woman wish positive call.,Reason learn forget money foreign interest central majority church.,Christopher Casey,Closed
AUD-00909,SITE-005,2026-01-12,,68.0,Environmental Monitoring,Media foreign probably anyone hit save subject remember.,Hand defense key although need summer theory.,Michelle Miranda,Open
AUD-00644,SITE-005,2026-05-17,2026-06-09,75.4,Environmental Monitoring,Again reality likely whether receive population major apply including different performance race laugh decade themselves.,Learn third morning must tonight value authority.,Beverly Jensen,Closed
AUD-02684,SITE-007,2025-01-19,09/02/2025,78.8,Environmental Monitoring,More cold gun couple not rate fact mouth mention manage soldier study.,Meeting investment military score crime such.,Carlos Lopez,Closed
AUD-02359,SITE-004,2026-02-14,2026-03-15T00:00:00Z,81.5,Environmental Monitoring,Example own age local from reveal visit know enjoy stay difference find decide.,Lead interesting friend mission Republican professional second near degree suggest.,Roberto Guzman,Closed
AUD-00673,SITE-002,2024-12-17,15-Jan-2025,81.2,Emergency Response,Find face moment area customer behavior defense the table quality generation interest.,Republican us part fight.,Christopher Johnson,Closed
AUD-02072,SITE-005,2026-06-01,2026-06-24,77.1,Maintenance Backlog,Or economic however a close drop data third several sense sometimes agent.,Bring good candidate cut nation those tax so voice of think party experience father.,Joseph Pearson,Closed
AUD-00819,SITE-001,30/12/2025,,92.3,Environmental Monitoring,Situation position report say unit summer before amount doctor too fly upon resource allow cold skin Republican surface hour church instead.,Off word reveal instead drop great off stand.,Donald Blake,In Progress
AUD-01132,SITE-006,2024-04-03,2024-06-05,36.0,Safety Equipment,Ground quickly democratic argue middle individual.,Hold clear western base sing present stock.,William Charles,Closed
AUD-02960,SITE-003,2024-06-06,2024-08-01,32.4,Maintenance Backlog,Try charge rise free would threat reduce tough start else huge edge character either color region letter certain interesting nearly under activity these tree discover.,Camera for market rate.,Aaron Sanders,Closed
AUD-02875,SITE-005,2026-03-15,,93.9,Emergency Response,Whether outside item difficult real international me what here mention range.,Paper piece operation value score gas.,Ronald Baker,Open
AUD-02872,SITE-007,2025-05-07,,83.1,Emergency Response,Community idea theory successful cultural cup apply summer edge much drug fact federal whatever night deal action offer.,Station effect nation each after policy research rate firm perhaps break lose.,Christian Brown,In Progress
AUD-01164,SITE-007,2026-05-24,2026-06-22,80.3,Documentation,Talk any himself alone quickly out just hot dog author against record manage movie different wonder keep town environmental news daughter concern four personal letter.,Fish store environmental certain positive exactly near friend prepare art talk.,Lori Pacheco,Closed
AUD-00252,SITE-006,2026-08-07,2026-08-12,63.8,Emergency Response,Beautiful prepare article concern interest edge author entire leave read final data court continue.,Enough hot name sell skill business.,Kristina Hickman MD,Closed
AUD-02573,SITE-002,2025-10-31,,83.1,Documentation,Itself mission control it bring focus building stock him.,Break sell PM concern probably actually bag heavy view system should purpose company institution.,Carly Johnson,Open
AUD-02863,SITE-001,2024-09-08,,75.2,Safety Equipment,Machine social property teach scene science population responsibility teach board radio.,Smile ahead project policy let forward hospital.,Judy Mitchell,In Progress
AUD-02969,SITE-003,2025-02-09,2025-03-19,59.0,Containment Integrity,Song hotel TV once little this mission many book challenge purpose lot feeling recent.,Reach film hair newspaper economy practice billion central.,Victoria Wilkins,Closed
AUD-02663,SITE-002,2025-11-12,,64.8,Environmental Monitoring,Media unit wrong sort evidence argue still box.,,Veronica Nelson,In Progress
AUD-02572,SITE-002,2026-04-03,,74.9,Personnel Training,School degree issue such set eat.,Dinner major until there third create popular agent.,Joshua Moore,In Progress
AUD-00950,SITE-007,2024-09-21,,83.3,Containment Integrity,Scene city term hope so have effort success follow most condition world quality month ask easy radio.,Certainly ability hear establish rule pattern.,Mary Reyes,Open
AUD-02924,SITE-003,2026-04-25,,58.7,Environmental Monitoring,Center success much sound outside east impact blood upon deal share so.,Ten realize but skin sound finally throw campaign bill many up.,Emily Lewis,Open
AUD-00341,SITE-001,2026-02-26,2026-03-28,95.8,Personnel Training,Watch bar step seat for involve test center green area before.,Surface individual agreement organization management like with road.,Michael Floyd,Closed
AUD-00302,SITE-001,2026-06-18,2026-06-24,82.1,Containment Integrity,Central ground give beautiful owner last speak wide people reason down.,Sure care article professor quality various nearly.,Kathleen Hansen,Closed
AUD-02491,SITE-001,2026-03-31T00:00:00Z,,67.5,Maintenance Backlog,Find pay suggest stay state son sort recently include.,Thus inside build prevent medical alone military.,Charles Rice,In Progress
AUD-00768,SITE-002,2024-11-07,,68.3,Emergency Response,Our traditional goal country indeed month money start issue.,Hold whose American individual.,Stanley Hicks,Open
AUD-01225,SITE-006,2024-03-29,,65.2,Containment Integrity,Travel end human me doctor hope do available plan it white before name identify full.,Create machine enter feeling risk weight team.,Angelica Holloway,Open
AUD-00830,SITE-001,2026-05-05,2026-05-10,100.0,Emergency Response,May collection rise also determine third goal maintain while new live across.,,Lori Knox,Closed
AUD-02403,SITE-004,2025-01-18,2025-01-25,74.2,Leak Detection,Father quite continue best relate believe say various off member plant.,Despite cultural effort face life kitchen American leave often popular second let everybody start.,Dawn Gates,Closed
AUD-02695,SITE-003,2024-02-05,,72.7,Safety Equipment,Benefit suddenly open community cost woman specific near card plan allow movie side election.,,Lindsey Walsh,Open
AUD-00073,SITE-004,2024-02-06,2024-03-03,73.3,Personnel Training,Often approach section central quality financial heart middle property seat.,Direction fish age necessary leg soon that new scientist suffer others simply who mind.,Mr. Dustin Nelson PhD,Closed
AUD-00498,SITE-002,2026-09-17,2026-07-23,86.7,Safety Equipment,Mention drive east school such spring when hope gas necessary adult note hotel someone matter always play education recent.,Still pretty professional senior address reach maybe catch unit.,Paul Smith,Closed
AUD-01205,SITE-005,2025-03-29,2025-04-08,-3.1,Safety Equipment,Require type interview west military sign day more east could fill history bar.,Body want relate home here toward offer able summer game.,Brent Smith,Closed
AUD-00391,SITE-004,2026-05-10,2026-05-23,89.4,Safety Equipment,Man only cost change skill class easy voice risk score really everyone wait rule both.,Citizen many western ability trip degree.,Micheal Wilson,Closed
AUD-01702,SITE-006,2026-03-26,,17.9,Safety Equipment,At expert eat respond democratic success approach poor activity effort.,Can moment travel social operation team religious address.,Nancy Wilson,In Progress
AUD-00182,SITE-001,2026-03-12,2026-04-05,85.1,Leak Detection,Town fly agreement line wife Republican indeed particular to our face available.,Truth note foot move rise respond financial western position only fall.,Julia Duncan,Closed
AUD-01953,SITE-003,2024-02-11,,81.8,Personnel Training,Create individual probably begin certainly dream serious various director perhaps common available team school often edge act father deal.,Case medical owner investment plant sound fear push service right management little drive order everything.,Kelly Hicks,Open
AUD-01416,SITE-005,2026-02-18,2026-03-15,78.1,Safety Equipment,Already idea decide less development recent car anything figure.,Story only stuff notice much agreement writer example economy when media relationship most.,Jasmine Tate,Closed
AUD-02867,SITE-007,2025-01-09,,74.8,Containment Integrity,Idea management picture class generation fear debate else.,Song name sound morning us firm consider boy history.,Alyssa Gregory,Open
AUD-01512,SITE-007,2025-08-26,,95.2,Emergency Response,Student sell positive themselves detail during station water trip bill.,Toward clear the would table price cold east.,John Collier,In Progress
AUD-00423,SITE-007,2025-08-18,2025-08-27,86.2,Safety Equipment,Other heart town later high assume much thousand field within provide.,Degree suffer clear candidate decision himself fill total my against industry summer say least.,Stephen Barnes,Closed
AUD-02279,SITE-001,10-Apr-2024,2024-05-08,56.3,Environmental Monitoring,Occur foreign bring hard fly fear about more risk how something four.,Door least suddenly recognize party defense school nation answer attention.,Monique Parrish,Closed
AUD-02541,SITE-007,02/05/2024,,112.0,Maintenance Backlog,Though gun glass under practice relationship.,,Linda Merritt,Open
AUD-02462,SITE-003,2025-02-14,,40.7,Safety Equipment,Indeed in information marriage throw young about fish national into interesting final thank.,Little hundred court stage born wife reveal.,Timothy Gonzales,Open
AUD-02936,SITE-002,2024-04-06T00:00:00Z,,100.0,Environmental Monitoring,Movie whatever various oil vote coach law tough someone edge.,Much in hundred necessary production official sometimes Democrat require political.,Regina Cohen,In Progress
AUD-00003,SITE-004,2024-11-17,,78.6,Leak Detection,Central rather right ask current design though south marriage bag side old green a.,Meet rather Mr leave operation discover plant discover wind.,Ivan Soto,Open
AUD-00430,SITE-006,2026-05-26,2026-07-04T00:00:00Z,67.2,Environmental Monitoring,Listen race pretty situation system be present close work somebody.,Stand campaign strategy star certainly through.,Elizabeth Ferguson,Closed
AUD-01342,SITE-002,2026-01-12,,78.4,Emergency Response,Seven institution still similar remain owner parent accept community reduce son himself soldier camera east I public involve piece station.,Live Congress card project anyone note they outside need.,Elizabeth Harrison,Open
AUD-02653,SITE-004,2026-02-13,2026-03-06,150.8,Personnel Training,Approach talk event environmental wish onto grow reason arm say forward.,Great full reason among within administration exist provide.,Alexis Owens DDS,Closed
AUD-02893,SITE-007,2024-09-08,2024-10-02,95.0,Leak Detection,Again happy according sell street parent whole relate since discussion.,Recently new seven remember artist act beautiful with.,Christopher Melton,Closed
AUD-00322,SITE-003,2024-04-08,,30.6,Containment Integrity,Goal full up no realize career affect like media public recognize treat experience within value medical cup size expert so song.,,Robin Stokes,In Progress
AUD-01542,SITE-003,2024-09-07,,57.3,Documentation,Husband employee school investment quite value west song east everybody a shoulder activity life admit time.,,Melissa Logan,Open
AUD-01837,SITE-006,2024-03-18,,71.9,Safety Equipment,Table could him early interest student summer before identify while field teacher image.,,Eric Miller,Open
AUD-02985,SITE-006,2025-03-23,2025-02-26,49.4,Emergency Response,Realize sit seat believe first national health travel.,Other wait building activity.,Anthony Thomas,Closed
AUD-00287,SITE-006,2024-12-04,,76.1,Personnel Training,Trip while back poor modern market fine Mr find under she community happy his on paper left reveal.,Certainly three entire truth person hard main part probably health sometimes back establish maybe note material.,Shelly Lutz,Open
AUD-02819,SITE-004,2026-01-20,,81.1,Personnel Training,Not whom early arrive just short to push avoid none current.,Record within camera within security sense environment field because condition take itself one.,Carmen Maldonado,Open
AUD-01993,SITE-002,2024-12-04,,77.9,Leak Detection,Debate discuss card compare hope school across catch measure policy official move purpose carry ten challenge how call many short single form friend.,,Michael Perry,Open
AUD-01352,SITE-006,2026-05-05,,46.6,Leak Detection,Capital painting threat view seem time figure use notice high require.,Lose good someone budget everyone reality total generation speak right sometimes yard west chance.,Jeremy Andersen,Open
AUD-00494,SITE-002,07/05/2025,2025-05-20,89.0,Safety Equipment,Similar cover away now option husband between rich character.,,Peter Martin,Closed
AUD-01264,SITE-003,2025-08-30,2025-11-07,57.1,Maintenance Backlog,Crime law year gas purpose order ready music focus sense process clearly.,Since agreement could artist fine establish Mr middle place I into.,Andrea Nguyen,Closed
AUD-00200,SITE-002,2024-06-26,,84.4,Emergency Response,Go go leg talk something somebody data place stand town action test.,New military direction free generation no.,Jamie Gardner,Open
AUD-01182,SITE-003,2024-02-28,2024-02-01,62.0,Personnel Training,Offer want find tend near anyone fast option me rise Democrat car similar church.,Might read contain least where loss.,Amanda Hancock,Closed
AUD-00354,SITE-003,2024-03-01,,40.1,Personnel Training,Life until his yes sing want glass live.,,Jose Stewart,Open
AUD-00032,SITE-004,12-Apr-2024,,73.3,Maintenance Backlog,During when him friend teacher interview public dinner decade make.,Book somebody four evening far there thousand sport small.,Michael Acosta,Open
AUD-01946,SITE-003,2025-01-07,2024-12-24,89.7,Maintenance Backlog,Like many wonder he how teacher walk much change large week maybe leader.,Direction respond base project also road push.,Veronica Thomas,Closed
AUD-02337,SITE-006,2025-10-17,,70.9,Personnel Training,Health recently medical painting loss practice part matter activity less.,,Barbara Oneill,In Progress
AUD-00061,SITE-006,2025-11-09,2026-02-03,72.3,Safety Equipment,Two society fine time admit want government board prove of.,,James Moreno,Closed
AUD-02707,SITE-005,2024-11-16,,84.3,Emergency Response,Major loss cause avoid light daughter different help series trial three Mr vote ahead.,Because country cultural but fight involve around.,Joseph Thompson,Open
AUD-00656,SITE-002,31/01/2026,2026-02-13,77.4,Maintenance Backlog,Behind data poor time will head big knowledge smile.,Down house staff increase city foot offer very.,John Solis,Closed
AUD-01281,SITE-006,2025-10-02,,78.7,Leak Detection,Check treat into let family thought statement leg say.,Want concern economy tough my movement.,Anthony Weiss,In Progress
AUD-02296,SITE-001,2024-03-20,2024-04-02,82.9,Environmental Monitoring,Than study time building what base miss election well.,,Michael Ramos,Closed
AUD-02029,SITE-004,27-Oct-2024,2024-11-14,67.8,Emergency Response,Dog example mention worker whom nature listen budget cut worry single speech soldier.,Baby opportunity at near young believe.,Anna Reid MD,Closed
AUD-00550,SITE-005,2025-02-11,2025-02-26,89.6,Safety Equipment,Trial type open contain five matter hope little although parent.,,Alan Smith,Closed
AUD-00166,SITE-001,2024-10-09,,82.6,Safety Equipment,Arrive thousand piece wall job measure activity media.,Without PM recent small.,Cody Murphy,In Progress
AUD-01863,SITE-002,2024-10-21,2024-11-07,76.2,Maintenance Backlog,They home sister operation wind live field base across indeed whether test do cup force special yourself area here series.,Provide claim culture peace concern usually method good garden peace fight because few.,Meghan Graves,Closed
AUD-00443,SITE-004,2025-10-21,,77.7,Safety Equipment,Letter cut perhaps election operation receive.,Law her sometimes anything senior benefit suffer.,Kelly Cox,Open
AUD-01741,SITE-006,2026-04-27,,53.4,Personnel Training,Arm necessary best serious hear area any fall add money use before travel car citizen building though wide again like stage economy window me pass.,,Courtney Newman,Open
AUD-01084,SITE-005,2024-11-20,,88.9,Containment Integrity,Service soldier rich how skin.,Full girl care charge close event.,Dawn Garcia,Open
AUD-00721,SITE-006,2026-02-10,,104.0,Maintenance Backlog,Cause every daughter tough southern nor apply use president position ok little during nature as cause garden rock group.,Here military player himself much success book son bad return board no region difficult police three.,Elizabeth Mueller,In Progress
AUD-01215,SITE-007,2024-10-15,,87.8,Emergency Response,Sell positive for look choice laugh class whether close them moment risk.,Night certainly stage stuff seek happy nation value.,Brian Peters,In Progress
AUD-00688,SITE-007,30/05/2024,,-7.5,Personnel Training,Bag pattern break where apply interview discussion threat drop air much trip baby method close throw rule data.,Wind study color.,Stacy Jones,Open
AUD-01303,SITE-007,2024-02-05,,85.1,Emergency Response,Citizen safe voice official mouth picture law evidence economic natural lead enter house.,,Jimmy Marsh,In Progress
AUD-02589,SITE-005,2024-08-13,2024-08-31,89.1,Leak Detection,Me history less dinner democratic reveal low.,Democratic cover page process great quite.,Chad Smith,Closed
AUD-02691,SITE-007,2024-03-08,29-Mar-2024,97.2,Leak Detection,Allow let black bill whatever base someone wall.,Send billion find baby wait president buy reach.,Gerald Rodriguez,Closed
AUD-02855,SITE-004,08/06/2024,2024-06-16,98.0,Environmental Monitoring,Gun official you it perhaps within sit make energy fill third recent remember doctor contain and tell truth live coach here ago care serve especially evening.,Rest certainly condition against beat people be.,Sean Kim,Closed
AUD-02327,SITE-001,2026-01-10,2026-02-05,63.8,Safety Equipment,Lawyer series face miss south hard pass cultural.,Who some let bring including budget floor these.,Warren Brown,Closed
AUD-00871,SITE-003,2025-03-22,2025-05-08,67.5,Safety Equipment,Once education respond become buy section bad leg leader author.,Modern still should sort those happy camera too thought.,Jessica Hughes,Closed
AUD-01365,SITE-007,2025-02-13,2025-03-06,69.2,Leak Detection,Safe west total pressure not big foot newspaper treat sign green wonder.,Heart company cause newspaper environment collection.,Courtney Hunt,Closed
AUD-01458,SITE-001,2024-03-07,2024-03-24,82.5,Personnel Training,Bag accept represent sound shoulder artist decision task white report nor leader grow PM consumer southern product recognize catch.,Consumer management forget mind value night avoid voice network their another focus president rich under.,Robin Skinner,Closed
AUD-01234,SITE-004,2025-12-05,2025-12-28,89.1,Personnel Training,Find television student certain idea my there soldier.,Feeling fall black each whose bag already wind this west director.,Jeffrey Lin,Closed
AUD-02624,SITE-006,2024-09-24,,65.0,Emergency Response,Maybe political magazine form medical with crime carry hope no soon attorney.,History trip throw each garden away drive nice later weight myself.,Mark Arnold,Open
AUD-01649,SITE-007,2026-07-07T00:00:00Z,,85.9,Maintenance Backlog,Personal service member challenge green step Republican produce tell condition will country where.,Art scientist impact music.,Bobby Williams,Open
AUD-00894,SITE-004,2026-05-13,,70.1,Containment Integrity,Claim office foreign affect become line already research through enjoy some view type hot boy beyond beautiful.,Remain Republican admit else room.,Christopher Zamora,Open
AUD-01249,SITE-003,2025-07-07,,54.4,Environmental Monitoring,Throughout issue step believe ago good discussion bit who newspaper.,Involve wait current indicate size soon most impact lawyer year within pay describe body.,Samantha Bailey,In Progress
AUD-01543,SITE-005,2026-05-21,2026-06-02,100.0,Containment Integrity,Sense plant loss call loss range town expert mention second into doctor government young state.,Rest not knowledge information concern traditional since leave field.,Danny Miranda,Closed
AUD-02384,SITE-006,2025-12-04,,66.2,Emergency Response,Lead source night federal tend.,,Aaron Johnston PhD,In Progress
AUD-00145,SITE-004,2024-02-27,,92.1,Personnel Training,Notice easy artist about without purpose go event father often even term police young water view thus these ball machine gas.,Mission president half phone control list.,Mary Moreno,Open
AUD-02282,SITE-001,2025-05-06,2025-05-30,62.7,Emergency Response,Close hold inside similar early matter situation page tonight career.,Simply man kid three.,Cory Andrews,Closed
AUD-01329,SITE-007,2025-03-04,23-Mar-2025,88.2,Containment Integrity,Senior performance else hot analysis hold society.,Compare lot another price sea certain lead the less particularly field week many.,Gerald Delgado,Closed
AUD-00877,SITE-001,2025-12-04,2025-12-15,92.3,Containment Integrity,Rise finish family eat red should the lose add.,,Joseph Jones,Closed
AUD-00880,SITE-006,2026-01-01,,74.6,Leak Detection,Ahead his figure reflect television head right customer opportunity feeling.,Report direction try season quality hotel set.,Sabrina Leach MD,In Progress
AUD-02494,SITE-005,2025-09-19T00:00:00Z,,82.8,Environmental Monitoring,Could continue cost focus society town red understand.,Project member cup color long summer dinner parent task former machine blood although.,Charles Cooper,Open
AUD-02334,SITE-007,2025-08-22,07/09/2025,57.9,Containment Integrity,Song pay brother thank here discover.,Lawyer black grow piece without pressure.,Taylor Mendoza,Closed
AUD-02823,SITE-006,2026-04-30,,68.1,Emergency Response,Writer far evidence agent serious doctor today realize less bag herself available.,Author report fire less budget thought claim nature myself attack never apply central treat deep.,Rachel Mccarthy,In Progress
AUD-01009,SITE-005,2025-09-26,2025-10-13,81.5,Documentation,Study imagine sea movie thought message.,,Ruth Koch,Closed
AUD-02747,SITE-007,2025-02-28,2025-03-08,96.5,Emergency Response,Must any but serious author trade throw.,Dinner speech owner between debate mouth cut bit save remember on name analysis low say history.,Isaiah Contreras,Closed
AUD-01492,SITE-001,2026-07-18,,99.1,Maintenance Backlog,Recently democratic let star few their sign table.,Else it audience explain bill person throw movement.,Chad Luna,In Progress
AUD-02660,SITE-004,2024-08-10,15/08/2024,80.3,Personnel Training,Available price then capital their would and near.,Everyone speak property matter important be federal radio occur leader.,Randy Caldwell,Closed
AUD-00223,SITE-007,2025-04-10,2025-05-04,72.5,Documentation,Teach despite card seat fill often magazine the feel policy.,Management how well since read sound risk measure life major.,Melanie Nixon,Closed
AUD-00771,SITE-001,2024-06-22,2024-07-17,61.7,Maintenance Backlog,Such away certainly near my always Congress century raise require fish year car new.,Ready notice impact explain.,Margaret Aguirre,Closed
AUD-01046,SITE-003,03/04/2025,,76.2,Containment Integrity,Box change rise consumer nearly poor its institution unit right guy six than form born wall.,,Jonathan Wilcox,Open
AUD-02886,SITE-007,02-Mar-2024,2024-03-10,89.2,Personnel Training,Know join middle coach manager doctor exactly technology TV nature all us side north keep office radio they truth anything anything.,Decade win campaign large other chair huge find this bank number fly nor.,Shelley Scott,Closed
AUD-02321,SITE-006,2026-06-23T00:00:00Z,,65.1,Safety Equipment,Safe expert course true little as hear.,Major answer manage send theory trip science time visit.,Lisa Andrade,In Progress
AUD-01104,SITE-004,2025-10-26T00:00:00Z,22-Nov-2025,90.6,Environmental Monitoring,Process budget provide then history player food significant present sound sure most under each.,Science forget body modern deep box feel pull main.,Kristin Holmes,Closed
AUD-02903,SITE-006,2025-07-30,,57.6,Maintenance Backlog,Our cold his although mind significant local cut according school standard theory way try.,Yourself fish seat peace phone may sound probably list.,James Avila,In Progress
AUD-01817,SITE-006,2025-07-16,2025-08-08,56.8,Maintenance Backlog,Party quality suffer mind evidence prevent movement identify culture health painting particularly small new manager floor morning agreement candidate keep full.,Visit billion soldier ahead through production create account him.,Kathy Morales,Closed
AUD-00835,SITE-002,2026-07-15,14-Aug-2026,82.9,Emergency Response,Find financial so past difference size hope material.,Wall institution begin however support black church yeah sea everybody course high.,Matthew Chase,Closed
AUD-00629,SITE-002,2024-07-21,2024-07-26,75.8,Personnel Training,War apply blood lose experience second fact know in everybody clearly lose stay.,Expect guy send summer local together ball half capital.,Amanda Doyle,Closed
AUD-00049,SITE-005,2025-11-25,2025-11-08,76.4,Maintenance Backlog,Check to can while management measure if bar almost be writer arm religious political pay drop red interest he control difficult far again.,Defense start service the much better both safe none building.,Kathleen Harris,Closed
AUD-02136,SITE-007,2025-09-11,,76.9,Containment Integrity,Community part yard enough attorney tax road near whether partner enough range weight behavior gun represent.,Discover baby represent will sense total new animal power.,Sarah Kim,Open
AUD-00106,SITE-001,2025-11-11,2025-12-11,80.5,Documentation,Author federal dinner note task six mind goal choice thing.,State bed art list Mr order learn author.,Barbara Miller,Closed
AUD-01557,SITE-005,2024-09-30,2024-10-13,89.4,Documentation,Land say stand until between each oil cup mention ok campaign American up help big.,House story despite mouth own Mrs.,Heather Herrera,Closed
AUD-02420,SITE-001,2024-10-29,,91.6,Maintenance Backlog,Quickly partner law family wonder never especially edge.,Reveal I something year sing table manage tonight appear firm person main other society.,David Watts,In Progress
AUD-00161,SITE-007,2026-03-16,11/04/2026,85.7,Safety Equipment,Here yes for technology identify occur financial focus century son than couple need speech test.,Seven per task remember attention.,Andrea Stewart,Closed
AUD-00841,SITE-006,13-Mar-2026,,61.4,Leak Detection,Control machine city spring scene you form bring.,,Larry Stark,In Progress
AUD-00695,SITE-006,2024-07-22,2024-09-09,90.0,Emergency Response,Grow sort concern soldier far account star tend similar be manage break drop itself.,Situation smile news save.,Shirley King,Closed
AUD-00631,SITE-007,10-Apr-2025,,62.1,Maintenance Backlog,Else nation improve data summer itself fight remember enjoy need bank window drive become economy cell clear.,,Wanda Thomas,Open
AUD-00199,SITE-003,2025-04-20,,66.5,Maintenance Backlog,Until high our which name few but.,Option themselves collection recently sound Congress available.,Hayley Park,Open
AUD-01712,SITE-007,2024-08-09,,71.8,Leak Detection,Fill story or know forward moment commercial offer everyone sell be friend bank instead available leader.,Why along wear five age run site.,Marcia Hill,In Progress
AUD-01637,SITE-006,2026-03-26,,60.3,Containment Integrity,Agreement not minute body indicate ground realize design certainly term movement.,Woman voice after we vote range movie why yard.,Mary Lopez,Open
AUD-02357,SITE-005,2024-05-03,2024-05-10,81.1,Documentation,Pattern miss wife cold quickly worker walk on site role light subject.,Sport expert employee enjoy feeling week yeah performance language stuff between miss.,Francisco Moss,Closed
AUD-02554,SITE-001,2025-06-03,2025-06-19,76.6,Leak Detection,Off share consider beautiful sit name guy yourself girl six statement research member special discover when scene we total everyone.,Collection out go occur here shake science clearly trouble keep almost area practice help ask.,Tracy Myers DDS,Closed
AUD-02099,SITE-003,2024-02-22T00:00:00Z,,75.6,Environmental Monitoring,Money meeting at doctor fall job with fine decide relate full.,Popular full cold detail sell before.,Donald White,In Progress
AUD-02992,SITE-007,2025-10-26,2025-11-20T00:00:00Z,82.3,Documentation,Ready wind day finally cultural see rather way cup analysis might gas.,Still challenge laugh nation weight good million wonder tree personal adult.,Paul Brown,Closed
AUD-02665,SITE-004,2026-08-30,,74.4,Documentation,Usually senior surface beat conference mean follow light relate toward identify compare always interesting drug hundred truth western nature so factor.,Yeah bill picture particularly his area air spring price sometimes very statement let so.,Robert Smith,In Progress
AUD-01447,SITE-005,2025-08-08T00:00:00Z,2025-08-30,89.6,Emergency Response,Response road whether interesting report force operation language plan decision he.,In continue particularly beautiful herself suggest Mrs information turn quickly evening Mr performance property.,Kenneth Simon,Closed
AUD-00285,SITE-001,26-Feb-2025,,62.8,Personnel Training,Five lawyer scene smile yet listen letter himself my add kind cut provide low price somebody writer member standard.,Between employee interest difference word air loss want area sport start.,Erika Bright,Open
AUD-01679,SITE-003,2026-03-18,2026-04-24,69.5,Environmental Monitoring,Should thus city seem management house quality mission country name probably form.,,Felicia Wright,Closed
AUD-02537,SITE-007,2025-08-04,2025-08-17,89.3,Documentation,Even both floor every network above west series condition.,,Robert Wolf,Closed
AUD-02324,SITE-005,2025-10-29,2025-11-16T00:00:00Z,89.2,Personnel Training,Sister control fast treat long design high read.,,Herbert Hess,Closed
AUD-02449,SITE-005,2024-08-09,07/09/2024,76.0,Safety Equipment,Probably trade instead show human peace wrong world mouth continue.,My pick first citizen night language either available treat southern.,Stephen Cain,Closed
AUD-00692,SITE-006,2025-09-13,,83.0,Environmental Monitoring,Stuff respond sit level beat course ok oil order point media.,Smile knowledge him particularly new.,Catherine Robinson,Open
AUD-01827,SITE-006,25/07/2025,,64.8,Personnel Training,Plant say hand evening his.,,David Hughes,In Progress
AUD-01253,SITE-006,2024-11-01,,70.6,Environmental Monitoring,Black scene one girl town candidate half.,Entire indeed doctor site price situation hard price another we rock word pull.,Tyler Hardy,In Progress
AUD-02677,SITE-007,2024-04-11,,72.6,Emergency Response,More do director similar again with about break institution game theory card.,Take music power fight marriage writer around break man.,Theresa Maldonado,In Progress
AUD-01969,SITE-007,2024-08-01,,89.1,Leak Detection,She its husband sport reality Mr coach enter party summer song card raise five mission.,Reality never indeed address this.,Matthew Smith,In Progress
AUD-02010,SITE-007,2026-06-02,,99.1,Documentation,Own read international call view strong walk reach anything it TV risk fly treatment way chair heavy.,American phone attention through with born reveal cost little explain different modern.,Oscar Harrington,In Progress
AUD-00945,SITE-003,2025-03-05,,63.4,Maintenance Backlog,Successful oil growth machine lay radio experience author water head.,Loss real generation exist international dream also blood opportunity ten those any involve necessary.,Harry Vazquez,Open
AUD-02263,SITE-007,2025-05-21,2025-05-30T00:00:00Z,87.4,Environmental Monitoring,Too game cause short into explain can section second sell skin less later story.,Level how I sit second message class why child address weight soon.,Lawrence Mcdowell,Closed
AUD-01703,SITE-005,29-Feb-2024,2024-03-24,82.9,Maintenance Backlog,Personal key history exist growth oil task head have use physical any.,Necessary choice girl central.,Gabriel Conley,Closed
AUD-00254,SITE-001,2026-07-08T00:00:00Z,07/20/2026,62.9,Containment Integrity,Seek bill remain eat doctor lay during base third machine affect.,Threat mouth reveal to Republican realize civil sell check.,James Freeman,Closed
AUD-02173,SITE-003,2026-04-17,2026-05-18,49.7,Maintenance Backlog,With kind though single task speech century look detail one involve simple.,Pull common training teach recently along walk student voice experience civil.,Jeffery Warren,Closed
AUD-01986,SITE-001,06/12/2024,2025-01-02,88.8,Personnel Training,Task ok possible without against true prepare tell industry continue sport tend toward care major.,,Brian Brown,Closed
AUD-01091,SITE-003,2025-11-18,2025-12-20,85.0,Documentation,Production clearly radio first find area every remain hour computer.,,Lindsay Morales,Closed
AUD-02604,SITE-005,2024-09-28,10-Oct-2024,83.1,Personnel Training,Another must easy information garden common despite why beautiful wonder other this food maybe woman million see score art along feeling stay.,Peace bring set rise blood teacher seat.,Angela Smith,Closed
AUD-01624,SITE-001,2026-04-21,05/10/2026,87.1,Documentation,Fast else purpose cultural leader especially thank wait value challenge light according better.,,Lynn Phillips,Closed
AUD-02239,SITE-005,2024-04-07,,86.6,Leak Detection,Practice indeed loss Democrat professional turn sure total while special treatment technology art or pressure kid although his color city analysis middle sort.,,Tiffany Johnston,Open
AUD-00593,SITE-007,2025-12-13,2026-01-08,94.0,Leak Detection,Even just ability center case compare threat candidate Democrat along wind financial color.,Several officer score experience smile purpose worry.,Ray Carr,Closed
AUD-01766,SITE-001,2025-02-10,2025-03-09,81.2,Leak Detection,Industry box need enter pattern firm step dog.,,Nicole Walsh,Closed
AUD-00918,SITE-003,2025-04-20,,31.7,Emergency Response,Structure nothing especially partner floor program apply number matter here look allow safe even.,Arm give garden operation hour cell inside answer rule.,Jacob Reed,Open
AUD-01442,SITE-005,2026-01-02,,73.1,Environmental Monitoring,Coach when region whom whatever thing push community strategy work visit century value network approach see stop.,Center happen party.,Kimberly Carter,Open
AUD-01066,SITE-002,2025-12-29,2026-01-03,77.9,Containment Integrity,Opportunity simply national but huge Mrs beautiful bag teacher now car sell charge face least pay traditional.,Piece soldier floor serious marriage force system activity.,Debra Savage,Closed
AUD-01906,SITE-001,2025-07-29,,81.9,Personnel Training,Still leg dog court suggest control free born speech suggest feel leave discover physical same data.,Analysis environment left instead seven keep interesting entire may box visit street stay.,Alvin Tucker,Open
AUD-02067,SITE-007,2025-03-24,2025-04-18,96.8,Safety Equipment,Attack allow establish glass onto pressure mother benefit firm forward painting.,,John Sanchez,Closed
AUD-01180,SITE-004,14/04/2024,2024-05-05,95.7,Emergency Response,Question onto deal kind thing purpose rise five special lawyer for total state state skin.,,Regina Mccullough,Closed
AUD-02435,SITE-005,2025-03-25,2025-04-10,94.4,Containment Integrity,Outside summer subject again let write start along man well especially.,,Joshua Flowers,Closed
AUD-02599,SITE-005,2026-06-23,2026-07-09,83.8,Personnel Training,Window ahead huge size manage present adult defense sometimes fill best hard strong young Mr make fast her reveal.,Realize bill anyone Democrat certainly audience.,Thomas Crawford,Closed
AUD-02130,SITE-004,2026-06-27,2026-07-20,81.6,Emergency Response,Buy well wall close bit man ok vote experience store tonight card sit idea item.,Federal animal report foot by do.,Dillon Cunningham,Closed
AUD-00368,SITE-003,2024-04-08,2024-06-27,53.6,Environmental Monitoring,Produce participant have station painting example specific when.,Stop happen bring whatever statement read time meeting.,Manuel Contreras,Closed
AUD-00750,SITE-004,2025-10-20,,76.3,Personnel Training,Either letter live true term community north dream position consumer skill present spend production.,Pick some imagine operation debate American ten trade song.,Emily Brooks,In Progress
AUD-00705,SITE-004,2025-12-17,2026-01-05,79.9,Containment Integrity,Stock maybe week first wear back push across toward.,,Mark Cook,Closed
AUD-01630,SITE-007,2024-10-05T00:00:00Z,17-Oct-2024,68.6,Safety Equipment,Shoulder wind teacher amount treat guess choose majority interesting college loss least everyone rise cup boy number kind.,Way for dream three race than example.,Nicholas Baker,Closed
AUD-00992,SITE-001,2024-02-23,2024-03-17,81.5,Leak Detection,Head visit growth set writer nothing understand week dinner two though.,Eye company safe western building couple hair.,Natalie Wilson,Closed
AUD-02180,SITE-005,2024-03-29,09/04/2024,86.8,Maintenance Backlog,Beyond decide pick citizen apply church natural audience choose two agent especially.,,Gregory Mason,Closed
AUD-01322,SITE-001,2025-06-26,,68.8,Maintenance Backlog,Near several though former the realize ground go religious show official.,Some resource tend enough model together stand determine say project.,Bonnie Henderson,In Progress
AUD-00248,SITE-003,2025-04-09,,47.1,Personnel Training,Move management option end into indicate natural involve explain always data popular up.,Free just indicate expect general speech entire artist strategy field stuff student.,Amanda Henry,Open
AUD-02632,SITE-004,2025-02-17,2025-02-23,75.2,Containment Integrity,News claim too individual various tough better mean prevent local.,Body ago morning need prove growth hotel here defense foreign small recognize item discussion.,Jeffrey Henry,Closed
AUD-01242,SITE-003,2025-05-07,,44.4,Environmental Monitoring,Tree push must work election value friend young question remember near.,,Benjamin Oliver,In Progress
AUD-00104,SITE-001,2025-04-15,,79.2,Environmental Monitoring,Shoulder wear drug prevent view article wind here finish focus point what detail use song age.,Early appear what economic recently almost.,Joshua Bryant,Open
AUD-00359,SITE-002,2026-02-01,2026-02-10,87.5,Containment Integrity,Score age instead my audience hundred air quite serve perhaps pass.,Race church ahead discuss degree risk decade.,Andrew Mccoy,Closed
AUD-01619,SITE-005,02/20/2025,2025-02-25,80.2,Safety Equipment,Bar air office moment structure involve large eat.,Pretty build adult group.,Rodney Smith,Closed
AUD-00243,SITE-001,2025-10-18,,77.6,Emergency Response,Itself hold past step everything with trip purpose story watch.,Road network attorney tend poor business issue travel professional land health.,Michael Sosa,Open
AUD-01018,SITE-005,2025-10-31,,100.0,Emergency Response,What size individual hour rule.,Party task social during picture sport.,Dr. Brian Sanchez Jr.,In Progress
AUD-02047,SITE-006,2025-05-23,,52.9,Maintenance Backlog,Every seat expect soldier fill.,Think program total after avoid special four night not onto.,Jaclyn Reed,Open
AUD-01446,SITE-005,2026-05-01,24-May-2026,100.0,Safety Equipment,Say between upon create speak mind woman light yourself work half cause.,Style clearly energy southern defense peace laugh notice girl.,Tracy Hernandez,Closed
AUD-01111,SITE-003,2024-05-09,,49.0,Containment Integrity,Until cause yourself magazine discuss at room really design personal two government have same again range.,,Tina Barrett,In Progress
AUD-00343,SITE-002,15-Mar-2024,2024-04-09,84.1,Environmental Monitoring,Same onto third benefit level third hair response cover.,Cup stuff itself budget throw top myself economy.,Jeffrey Douglas,Closed
AUD-02806,SITE-001,2024-12-31,26/01/2025,81.8,Leak Detection,In third feeling student develop strong follow like executive share accept attack debate environment develop full board data cup Mr hundred.,,Bradley Warner,Closed
AUD-00415,SITE-001,2025-10-16,14/11/2025,94.1,Personnel Training,Tonight official worry general family available serve how.,,Margaret Curtis,Closed
AUD-00944,SITE-001,2026-01-10,,79.3,Containment Integrity,Medical bar since else pull present do section.,Stuff raise sell girl song reduce end energy commercial strong best talk.,Gerald Paul Jr.,In Progress
AUD-01589,SITE-007,2024-06-08,2024-06-25,80.8,Maintenance Backlog,Still her policy task early past service identify picture on success international.,Avoid thought research season pass we take model.,Kathleen Cole,Closed
AUD-02793,SITE-003,2025-07-26,2025-09-16,85.2,Documentation,Prevent miss her impact argue week land system small century back mission easy population option loss wall red speak question.,Democrat behind game which could where finally.,Joseph Wallace,Closed
AUD-02472,SITE-006,2024-10-25,,85.3,Maintenance Backlog,Fly eat prepare short nor arrive land follow task financial feeling already no finish hundred build budget much.,Reality line cell serious quality stage development.,Melanie Knight,In Progress
AUD-02069,SITE-002,2024-08-08,,57.6,Documentation,Thousand thousand show hand fill turn easy without place he between reach design various.,Republican collection doctor least half shoulder value.,Jenna Figueroa,In Progress
AUD-02144,SITE-007,2025-08-16,2025-09-02,85.5,Containment Integrity,Piece response skill themselves recently of respond woman stop away show.,Produce expert radio available purpose what same town history range.,Patrick Morales,Closed
AUD-00787,SITE-002,2025-12-26,,84.0,Safety Equipment,Beyond like analysis else possible member consumer rather least here over outside issue.,,John Smith,Open
AUD-01505,SITE-001,2024-03-27,,70.2,Containment Integrity,Him order fast clearly onto parent serve our happy as station.,Commercial light nor why woman behind man toward race peace describe forward now.,Kendra Bowman,In Progress
AUD-02060,SITE-005,2026-04-03,2026-04-17,85.7,Personnel Training,Type serve his certain radio trip include low.,Truth good have buy south above.,Paul Mcdonald,Closed
AUD-02016,SITE-001,2026-04-18,,92.8,Containment Integrity,Account them available rule indeed black operation mouth heart believe month culture.,Else wear high increase another source.,Debra Santiago,In Progress
AUD-01894,SITE-007,2026-05-18,30/05/2026,83.8,Maintenance Backlog,Space same base use employee man free gas.,Young citizen industry news baby top son short discussion.,Audrey Le,Closed
AUD-01853,SITE-003,2026-03-01,,66.3,Personnel Training,Per idea news character marriage cell step reason represent table none tonight out land hot source.,,Melissa Terrell,In Progress
AUD-02339,SITE-002,2024-07-22,2024-07-12,77.1,Personnel Training,Cold and operation near might however ready.,Seek staff by night trade.,Heather Rich,Closed
AUD-01103,SITE-006,2025-03-08,,89.1,Personnel Training,Let administration soldier white tell western also two up agreement option hear instead boy simple really give suddenly price site response quality sit politics responsibility.,Sell without discover capital feel action laugh though use discussion hospital.,William Roberts,In Progress
AUD-00601,SITE-007,2025-06-19,,93.5,Safety Equipment,Dark difference truth treatment establish cut use see goal Mr.,,Scott Lewis,Open
AUD-02582,SITE-001,2025-04-07,2025-04-26,82.6,Leak Detection,My she purpose age avoid point compare easy customer door task they individual individual fly sea find best treat plant window.,Newspaper oil talk close over country middle.,Michael Macias,Closed
AUD-02901,SITE-003,2026-05-01,,55.1,Maintenance Backlog,Own his than above soldier next voice service thank century drop serious far capital identify play much detail everything.,Central scientist art this out avoid Republican toward four as.,Derek Park,In Progress
AUD-00271,SITE-006,2025-03-25,2025-05-23,72.3,Maintenance Backlog,Quality raise box half phone quickly several ready yard best from painting customer their red prove might word beat nor.,Spring dark write into all easy maintain note pass visit last bit color.,David Little,Closed
AUD-01868,SITE-004,2026-04-25,,70.7,Containment Integrity,Firm skin speech seat space them door another particular.,,Donald Walton,In Progress
AUD-01890,SITE-005,2026-07-03,2026-07-30,82.1,Leak Detection,Parent on official we pull politics amount back most material citizen arrive.,Who own year analysis chair school assume population law.,Daniel Vargas,Closed
AUD-00816,SITE-002,2026-06-26,,75.3,Leak Detection,Population across at guess five value nature break live both science write language half process successful science.,,Mr. Douglas Roman,In Progress
AUD-02274,SITE-002,2025-07-17,,82.6,Emergency Response,Product treat respond cost effect notice meeting enjoy similar owner shoulder bank record hold leader employee marriage require practice your difficult whether.,Everybody economic summer suffer either hand.,Jennifer Fisher,Open
AUD-01407,SITE-003,2024-02-15,,57.7,Maintenance Backlog,Until visit risk cultural season time clear enough not.,,Robert Mack,Open
AUD-00396,SITE-006,2026-08-15,,42.3,Environmental Monitoring,Thought true possible material Democrat likely song bank finally rock its.,,Angel Contreras,In Progress
AUD-01026,SITE-002,2024-09-22,2024-10-07,60.2,Maintenance Backlog,Street attack price evidence goal determine.,Trouble huge drop born various subject front strategy hear well society foot prevent.,Brandon Rodgers,Closed
AUD-00419,SITE-002,2025-12-13,,85.7,Personnel Training,Follow stand money table gas song move vote mother bank rather late produce.,Store save wear range thus want PM source.,Heather Brennan,Open
AUD-00427,SITE-003,2026-05-04,,59.0,Emergency Response,Take understand surface than describe information mention.,Difficult letter bar tree white reflect leg child well them.,Mikayla Williams,In Progress
AUD-01540,SITE-007,2025-06-12,2025-07-04,78.1,Containment Integrity,Partner anyone law size area require citizen far design exist these long see himself election modern oil scene top.,Stay child career work before which father public letter.,Kevin Scott,Closed
AUD-00627,SITE-004,2025-10-29,2025-11-27,75.9,Leak Detection,Base everything usually speak strategy more his about member different note show.,Might first drive group end six until movement job pressure including present because suffer.,David Stone,Closed
AUD-01015,SITE-007,2026-05-12,2026-06-10,77.3,Documentation,Ok within support similar oil option run moment go.,Response cause believe seven it local firm realize win bad such.,Gene Smith,Closed
AUD-02079,SITE-005,2025-11-01,2025-11-16,75.3,Safety Equipment,Computer thus pass upon century poor us factor property often where.,,April Brown,Closed
AUD-01267,SITE-004,2024-08-02,08/17/2024,87.0,Documentation,Base something eye affect them memory player federal evidence benefit campaign feel rather certain brother.,Sit myself night its wall tax tree.,Laura Evans,Closed
AUD-01510,SITE-003,2025-11-06,,67.3,Emergency Response,Wind entire better mind find simple rise owner child morning shoulder woman itself operation drug fund fly senior as real scientist peace bag husband mouth couple.,Others wonder car television new total consumer only include pick can check page.,Kevin Phelps,In Progress
AUD-01240,SITE-005,2024-12-27,,100.0,Personnel Training,Cost offer sea many indicate nice customer together maintain sea mean two myself with.,Step get will real behind often few.,Alicia Mitchell,In Progress
AUD-00136,SITE-007,2026-02-17,2026-03-12,84.5,Emergency Response,Hold life six reflect network buy many enter modern magazine artist it now husband specific national matter data because cover dinner matter.,South blood child leg.,Jeffrey Berry,Closed
AUD-00021,SITE-004,22-Jun-2025,2025-06-28T00:00:00Z,81.5,Safety Equipment,More name fund parent past charge.,Will trade direction sport design sister former message.,Anne Anderson,Closed
AUD-02059,SITE-002,2025-06-03,,75.9,Containment Integrity,A education between similar partner school hard style PM language American.,Must door seat either pick likely physical wish water save raise go.,Karen Williams,Open
AUD-02131,SITE-003,2024-04-13,,44.2,Containment Integrity,Issue store evidence follow security must in economic individual air require include official like.,Blood security live relationship modern can benefit language born.,Ashley Tucker,Open
AUD-00471,SITE-003,2026-01-23,2026-03-30,48.7,Environmental Monitoring,Number write sure event west until beat garden past sense citizen finish allow meeting politics century.,Because customer strong every nice morning church up.,Ana Gonzalez,Closed
AUD-02235,SITE-003,2025-08-14T00:00:00Z,,75.1,Maintenance Backlog,Wife defense music some owner especially major scientist war make key current call.,,Logan Wells,In Progress
AUD-01602,SITE-001,2025-05-08,2025-05-20,78.1,Leak Detection,Tv control experience nature long lose stop site matter decade people.,Note might trip specific relate human some allow.,Thomas Moore,Closed
AUD-01789,SITE-002,2026-05-11,2026-05-27,70.8,Safety Equipment,Light school agency indicate maybe particularly machine recognize visit best key over worry when run argue discover must Mr ground memory young affect head indicate father read.,There participant same work moment.,Katherine Rodriguez,Closed
AUD-02156,SITE-003,2024-10-10,2024-11-19,64.1,Containment Integrity,Member statement allow buy growth stay two soldier laugh shake because resource total late commercial clearly appear.,,Kimberly Scott,Closed
AUD-02429,SITE-004,2025-03-09,2025-03-18,70.8,Maintenance Backlog,Bank century of can so style range be box send your area bar population type Mr suffer understand conference.,Yeah environment new dream firm significant item institution region though baby.,Kelsey Jones,Closed
AUD-02155,SITE-003,2025-05-22,2025-07-20,56.3,Maintenance Backlog,Question toward computer occur she cost serious picture radio gas air course rather five arrive through sort.,,Deborah Burke,Closed
AUD-02815,SITE-001,2025-12-02,2026-01-01,97.5,Safety Equipment,Alone anyone rest continue lose particularly.,,Brian Whitaker,Closed
AUD-02730,SITE-004,2025-04-14,2025-04-30,69.4,Emergency Response,Across difference use help company instead thousand receive cost property reveal discussion must.,,Amanda Maddox,Closed
AUD-01131,SITE-005,2026-01-22,2026-02-08,85.9,Personnel Training,Tonight onto increase toward again they someone involve may they offer PM resource.,West paper generation majority star party pressure make story.,Jay Ali,Closed
AUD-00260,SITE-006,2026-06-17,2026-07-15,53.6,Documentation,Space finish your music above film direction past particular only consumer mission exist serious.,Reason international democratic read which quality I American education real.,Tara Orr,Closed
AUD-01155,SITE-002,2024-02-24,,71.2,Maintenance Backlog,Thousand idea remain international even who should half know society loss finally explain during blue plant decade child some off.,Build within doctor room include.,Matthew Perry,Open
AUD-01752,SITE-003,2025-09-05,,61.5,Containment Integrity,Realize many another even plan approach professional several heart bring administration artist.,,Angela Horn,Open
AUD-01842,SITE-004,2024-04-28,,89.1,Containment Integrity,Himself realize make defense building way the community return after usually boy year that wonder.,,Christopher Jones,In Progress
AUD-02931,SITE-002,03/09/2025,2025-03-31,84.6,Containment Integrity,Which century become clearly next.,,Michael Brown,Closed
AUD-02874,SITE-001,2025-06-12,,71.5,Emergency Response,Partner memory plant put threat thought despite third there to turn whatever bed prepare grow should spring key man.,,Marc Dunlap,Open
AUD-00340,SITE-004,2024-06-19,,71.1,Safety Equipment,Pattern couple risk which computer difference guy year imagine read paper mouth house feel order.,Receive central computer smile among.,Adam James,Open
AUD-02330,SITE-002,22/09/2025,2025-10-22,85.1,Personnel Training,Network increase edge character before hot food something price traditional election force place write return meet really movie hold son help air front structure.,Accept network walk finally adult coach score everyone nature character half everybody truth bill kitchen.,Brenda Wilcox,Closed
AUD-01140,SITE-006,27-May-2024,2024-08-06,55.8,Containment Integrity,Newspaper article bar amount quickly before gas skin image study win movement this party activity stay study.,Which low policy will personal remember night word.,Christina Duncan,Closed
AUD-00663,SITE-007,2025-08-13,2025-09-07,64.1,Leak Detection,Ground success role media have total food soon.,Part camera couple long name term.,Kaylee Garrett,Closed
AUD-01500,SITE-005,2025-07-07,2025-08-01,81.5,Documentation,Decade tonight spring billion take remember positive.,People recently fund green treat ability cause morning green Mr.,Kari Hebert,Closed
AUD-00840,SITE-007,2025-05-19,,77.8,Personnel Training,Beautiful everything information child strategy debate sister budget tax trip bring traditional keep far third billion stay music charge condition increase.,Fall us home lay.,Kevin Day,Open
AUD-01083,SITE-006,2024-12-29,,42.9,Leak Detection,Republican focus three south arm kind investment figure Republican goal information expert student safe.,Recent common win report free moment member so discussion.,Tanya Campbell,In Progress
AUD-01186,SITE-001,2024-02-14,,86.3,Emergency Response,Concern impact address land forward still view east follow none I report agency explain on region.,Official ok section operation stuff partner.,Brian Sanchez,In Progress
AUD-01008,SITE-007,2024-10-22,,83.2,Leak Detection,He argue resource he when senior experience seek my knowledge adult prevent down hit will artist player generation international result.,Memory tend others pay exist number research run happy world appear control skill.,Angela Oliver,Open
AUD-00822,SITE-003,2024-09-24,,41.3,Leak Detection,Discover someone work star Democrat poor receive summer how shake tonight do.,Issue something majority present long nation.,Carol Taylor,In Progress
AUD-02452,SITE-001,2025-03-19,2025-04-06,69.2,Containment Integrity,View certainly anyone strategy success simple bit figure need nothing wall chair far couple go yeah establish until for perhaps inside interview.,Because traditional from your himself end build lead them send line million.,Cynthia Carroll,Closed
AUD-02387,SITE-003,2024-10-09,,29.2,Personnel Training,Left action at official specific series reality road each once husband economic parent view majority conference.,Theory day job so.,Charles Hines,In Progress
AUD-02849,SITE-001,07/05/2025,28/07/2025,75.7,Leak Detection,Scene pick light which around major usually change by feeling treatment hour when easy.,Above get trade kitchen whole.,Jamie Harmon,Closed
AUD-02438,SITE-003,2024-06-26,2024-09-14,66.5,Leak Detection,Camera play hair mean consider thought energy the well star.,,Leroy Gardner,Closed
AUD-02672,SITE-004,2024-07-22T00:00:00Z,10/08/2024,86.7,Environmental Monitoring,Group health dream employee ability day lead recognize measure.,Office everybody something west able through foot work.,Robert Levine,Closed
AUD-01363,SITE-004,2024-11-10,,80.1,Maintenance Backlog,Leave night himself catch decade society to glass paper theory ten industry right ask.,Public relationship sign each just son standard book.,Lisa Gallegos,Open
AUD-02461,SITE-001,2024-06-30,2024-07-30,94.8,Leak Detection,Standard some back memory teacher ready real town my recent add team.,,Robin Long,Closed
AUD-00744,SITE-001,2026-05-07,,71.3,Emergency Response,Whether score policy southern bill foot century stay finish travel worry TV what card former wrong among of support marriage who fine sense over song increase.,News attention myself possible difference discussion.,Raymond Cook,In Progress
AUD-00609,SITE-001,2024-03-04,,100.0,Containment Integrity,Affect leader available TV discover save summer and Republican investment debate glass concern body away economy.,System health only paper door front learn option inside current second.,William Hale,Open
AUD-00033,SITE-003,2025-02-05,2025-01-06,51.6,Leak Detection,Center many at fact win any front.,Turn story total dark nature fall trial list marriage.,Craig Bush,Closed
AUD-02953,SITE-004,23/04/2026,,68.7,Environmental Monitoring,Message see fast partner police door war professional buy that truth explain.,Behind national behind least positive already bag condition politics base trouble use only treatment.,Sarah Bailey,In Progress
AUD-00926,SITE-005,12-Sep-2024,2024-10-09,84.2,Environmental Monitoring,Much stop table common win north fine white.,,William Acevedo,Closed
AUD-02535,SITE-006,2024-07-22,,53.0,Personnel Training,Others she ability baby fall great court.,Memory discover college themselves simply car attention bar middle event call.,Virginia Gallegos,Open
AUD-01650,SITE-007,2025-02-04,,92.1,Maintenance Backlog,Participant young expect phone home across government leave long environmental production.,Season film appear their traditional.,Michael Smith,Open
AUD-01478,SITE-003,2024-09-16,2024-08-28,55.2,Documentation,Skill information like this similar choose everybody even security act dream peace pretty respond artist once lose type score.,,John Clark,Closed
AUD-00459,SITE-005,2025-06-03,2025-06-13,61.3,Safety Equipment,Somebody debate security while mother live can expert fine painting say.,To house from cover.,William Boyer,Closed
AUD-02728,SITE-004,2025-10-28,,81.6,Environmental Monitoring,Month benefit site series each win response even former.,Task beautiful authority cultural old.,Jacqueline Smith,In Progress
AUD-01316,SITE-001,2024-05-23,2024-06-21,79.7,Environmental Monitoring,Suffer somebody appear space evening job door try network why about air move back trip result wait try understand what how entire.,Sing practice ok federal wish.,Chad Wang,Closed
AUD-00274,SITE-002,2025-12-07,2025-11-13,75.5,Leak Detection,Soon similar keep measure such key benefit choice magazine could ask free fact commercial.,,Kathy Wilson,Closed
AUD-02765,SITE-003,2024-10-15,,53.1,Safety Equipment,Against former nature game action there game can table dog western.,,Rachel Moore,Open
AUD-00008,SITE-003,2025-08-23,,51.8,Environmental Monitoring,Meeting recent bad own protect town truth strong although near.,Travel less court bar moment accept white building pick defense.,Emily Wolf,Open
AUD-02308,SITE-005,2024-05-27,2024-06-14T00:00:00Z,81.9,Leak Detection,Chair wide scientist piece girl or point school fill phone thousand hundred determine.,Mission we care loss evening business we.,Jeffrey Meyer,Closed
AUD-00433,SITE-002,2025-04-09,2025-04-25,70.8,Documentation,Animal report measure vote building take state course message than doctor truth program.,Music than letter thus action throw sure.,Anthony Rose,Closed
AUD-01829,SITE-007,2025-09-07,2025-09-27,77.0,Environmental Monitoring,Various board trip son door other over give environment voice this writer.,All wife upon white walk base.,Shane Johnson,Closed
AUD-00886,SITE-002,2025-07-21,2025-08-09T00:00:00Z,94.0,Emergency Response,Ever risk fight matter describe skin politics blood want sign pay hot agency sit market likely method tell leave office sit first.,,Amy Williams,Closed
AUD-02755,SITE-004,2024-05-29,,71.9,Emergency Response,Big lay fact leader to hot address start threat.,Eye read realize.,Jessica Rojas,In Progress
AUD-01775,SITE-005,2026-05-03,2026-05-10,79.7,Containment Integrity,Despite tree parent hold effect out.,Effort high economy out science street do choose field industry line could help.,Mackenzie Robbins,Closed
AUD-00983,SITE-001,2024-07-22,2024-08-04,72.0,Personnel Training,Moment fall far nothing official move bar writer role perform special store a four little team.,,Joseph Bridges,Closed
AUD-00088,SITE-001,2025-10-21T00:00:00Z,2025-11-04,72.6,Documentation,Today later house so serious media traditional federal will own save.,American window state change structure section fight draw agreement full first.,Carla Robertson,Closed
AUD-00679,SITE-002,2024-07-06,2024-07-20,81.5,Documentation,Avoid sort describe course military economy wife significant everybody respond memory win country all sort name pull lot.,,Carol Walton,Closed
AUD-01408,SITE-001,2024-09-02,2024-09-30,66.7,Personnel Training,To power experience popular catch how authority necessary write society address upon left ball democratic until yeah only defense measure center set study safe vote.,Major product space research claim mean sign.,David Young,Closed
AUD-00655,SITE-005,2024-06-16,,61.8,Emergency Response,Throughout behavior weight shoulder clearly mission man letter throw speech dog course project education method.,,Eric Rivera,In Progress
AUD-01200,SITE-006,2026-08-07,,44.1,Containment Integrity,Culture hotel some mind difficult easy one whatever forward part our.,Likely mouth age doctor really page pass song I economy discover opportunity.,Kristen King,Open
AUD-00320,SITE-001,2025-02-01,2025-02-21,68.1,Safety Equipment,Sometimes at sure drive reality drive decade recent boy film.,,Robert Sullivan,Closed
AUD-01973,SITE-002,2026-04-18,05/05/2026,91.9,Leak Detection,Federal type course thus write education interest well hospital sometimes my.,Dog resource any effort account difficult focus fish area away out large account mind.,Jose Villa,Closed
AUD-02352,SITE-004,2025-05-12,2025-06-06,96.1,Environmental Monitoring,Him middle may agreement player economy market respond sure.,Challenge impact result mean politics rate police could trade marriage.,Monique Gallagher,Closed
AUD-01077,SITE-005,2026-02-27,,66.0,Containment Integrity,Standard language serious event somebody let meeting against today.,,Roy Francis,Open
AUD-02831,SITE-001,2024-07-27,,97.0,Containment Integrity,Shoulder see avoid citizen upon take.,Truth magazine national.,Jody Moore,Open
AUD-02146,SITE-002,2024-08-27,,80.7,Safety Equipment,Peace how we machine pick group build center.,Box matter several according though easy apply also feeling star.,Carl Mcclain,Open
AUD-02839,SITE-001,2025-06-04,2025-07-01,73.8,Maintenance Backlog,Agreement own inside often official cause garden make.,Sell ground morning since area manage paper single seat large.,Timothy Luna,Closed
AUD-02861,SITE-001,2024-05-26T00:00:00Z,2024-06-20,75.1,Personnel Training,Religious wonder material table garden treatment likely it animal full leave however around.,,Samantha Mitchell,Closed
AUD-01000,SITE-002,2026-06-15,2026-06-21,85.3,Emergency Response,Billion check fall life western play student red night base identify out religious.,How his choice father room seek piece.,Brandon Castillo,Closed
AUD-00710,SITE-003,2024-07-03,,62.6,Documentation,Lose life minute themselves anyone natural.,Fast since project make against college grow alone example measure.,Allison Adams,In Progress
AUD-00978,SITE-006,2025-03-10,,55.1,Personnel Training,However ready artist station indeed successful at floor hand.,Term general east improve until kid.,Jacob Kennedy,Open
AUD-00405,SITE-007,2024-06-22,2024-07-19,86.4,Emergency Response,Put agent hotel skin where summer room participant down ability industry talk sort accept.,Two democratic quite might for area central radio somebody up mind hair.,Abigail Potter,Closed
AUD-02490,SITE-003,2024-08-21,,64.5,Leak Detection,Around happen industry born town century American camera develop near there another great.,North include administration window dark offer between.,Christopher Cantrell,Open
AUD-02509,SITE-004,2025-12-14,,95.8,Containment Integrity,Again official score boy national fly expect mention someone talk same amount senior prevent skill education letter.,Writer better enough research from city.,Jill Hart,In Progress
AUD-01325,SITE-005,2025-05-07,,83.7,Emergency Response,Suddenly film film film necessary less ever debate left.,Push allow official this attack lead learn season cell home.,Jordan Smith,In Progress
AUD-01809,SITE-004,2026-01-09,2026-01-25,69.7,Leak Detection,Affect write after important wide question right.,Fly keep until court nor some anyone true true deal blue.,Michael Sanchez,Closed
AUD-00449,SITE-006,2026-01-10,,54.8,Documentation,Boy week music peace young blue agency type green which fight nor worker remember catch compare including.,Economy may people across professional so issue into.,Brandon Paul,Open
AUD-01059,SITE-003,08/01/2025,2025-02-27,60.8,Documentation,Wear full institution across kind time rest contain church mission.,His Democrat face number notice building side out red debate kind candidate surface nor raise.,Ryan Craig,Closed
AUD-01980,SITE-002,2024-10-31,2024-11-11,100.0,Safety Equipment,Many describe as war himself control daughter education beautiful author.,Even yeah hear spend tell meeting upon community budget.,Timothy Griffin,Closed
AUD-01443,SITE-001,2025-02-24,2025-03-20,66.7,Containment Integrity,Team finish his send continue machine assume beautiful without before bank decade picture group.,Film people western keep defense.,Sheila Adams,Closed
AUD-02799,SITE-002,2025-08-07,2025-08-21,100.0,Safety Equipment,Learn usually politics list feel project as quickly ever morning.,Child nice plan accept likely.,Lisa Mann,Closed
AUD-00862,SITE-003,2024-06-09,,51.6,Leak Detection,Day arm guess draw father list newspaper notice area yard deep.,Wide likely significant professional sound single kitchen.,Thomas Campos DDS,In Progress
AUD-01185,SITE-004,2025-04-24,,82.4,Documentation,Concern which compare operation stage team.,Husband add once against skill fill either human world sing its factor.,Anthony Casey,Open
AUD-00753,SITE-007,2026-07-31,2024-05-17,88.5,Emergency Response,Stand always organization color best market soldier democratic race audience.,,James Bowman,Closed
AUD-00072,SITE-006,2025-05-18,,56.4,Containment Integrity,Special space old want red order brother if share dark attack speech individual recognize throw manager consumer financial notice us fact.,Similar fear huge police possible particular.,Christopher Horne,In Progress
AUD-01880,SITE-001,2024-09-17,,93.7,Documentation,Water TV simply structure avoid activity pay minute response ten book draw under anyone happen soon building may easy their plant actually letter sense professor begin response.,,John Wagner Jr.,In Progress
AUD-00469,SITE-005,2025-01-10,,76.4,Maintenance Backlog,Hospital current available business summer suggest face school.,,Jenna Walsh,In Progress
AUD-02766,SITE-006,2026-04-25,,73.4,Documentation,Early lot picture my however PM west.,Here modern behavior agent.,Joshua Hunt,Open
AUD-00325,SITE-003,2024-03-06,,77.0,Safety Equipment,Half adult set third treat talk risk.,,Richard Williams,In Progress
AUD-02530,SITE-004,08/11/2025,,89.1,Documentation,Final apply cover rest friend common point court moment public cut agreement them ever nearly fast dark.,Far serve suffer stay dog hospital system.,Pamela Nielsen,In Progress
AUD-02500,SITE-003,04/10/2026,28-Jun-2026,51.5,Documentation,World seven provide public there change style because across check fact current ground account.,Change usually fish mind base truth stuff listen project night.,Pamela Lara,Closed
AUD-01418,SITE-003,2024-03-06T00:00:00Z,,76.7,Documentation,Gun move arrive himself break station particular leave rest.,Tree amount strong yes any support force guess affect agree simply accept.,Matthew White,Open
AUD-01889,SITE-005,2025-07-12,2025-08-11,91.3,Containment Integrity,Sign notice include success laugh bar son section four radio travel.,Listen analysis dog heavy choose executive provide.,Robert Moore,Closed
AUD-00315,SITE-007,2024-07-26,2024-08-14T00:00:00Z,98.4,Documentation,Truth product gas suffer already source almost unit strategy woman.,Body during health exactly generation quickly market compare.,Patrick Johnson,Closed
AUD-02331,SITE-006,2024-04-22,,54.3,Safety Equipment,New he marriage hour either group increase health around near only continue because never believe rate window.,Analysis low particular card need use better social visit control environment should relate dream across raise.,Marcus Jones,In Progress
AUD-02044,SITE-002,2025-08-29,2025-09-24,84.3,Documentation,Because south century note figure positive add easy including include the.,Analysis thought early enjoy management suffer wind.,Jessica Brennan,Closed
AUD-00966,SITE-002,01/14/2026,2026-01-27,87.1,Environmental Monitoring,Find reach sing care chance see however federal sister goal wind prove military star.,,Tiffany Morgan,Closed
AUD-02404,SITE-005,2024-04-09,,88.6,Containment Integrity,Even final when see treat language trade.,Ball man usually deal someone.,Heather Richards,In Progress
AUD-02600,SITE-003,2025-09-01,,67.3,Maintenance Backlog,Help indicate age suddenly memory treatment upon health.,,Daniel Mitchell,Open
AUD-01740,SITE-001,2025-10-27,,79.2,Safety Equipment,Down performance international same amount.,Still until wall reality future.,Stephen Mathis,Open
AUD-00804,SITE-002,06-Oct-2025,2025-10-19,88.7,Leak Detection,Join instead we listen reflect speech can seven she executive hit should.,,Anthony Young,Closed
AUD-00457,SITE-004,2024-12-16,2025-01-15,73.4,Maintenance Backlog,Leave draw want recently treatment effort perhaps new stock wife environmental almost room.,Treatment of government factor TV face cell itself end current.,David Bullock,Closed
AUD-00645,SITE-001,2025-02-13,2025-03-10,150.2,Documentation,Civil suffer image think me leave significant with everything religious own policy old decide call trip job hard.,,Brianna Simpson,Closed
AUD-00232,SITE-007,2025-10-17,,79.3,Leak Detection,Middle film management perhaps eight great produce body second who letter its instead in age center century.,Something base eight girl deep direction themselves town.,Megan Mendez,Open
AUD-01844,SITE-003,2024-10-15,,55.7,Emergency Response,Than three administration over degree onto computer system even fear allow.,Boy use shake story government must image common.,Travis Murray,Open
AUD-02785,SITE-003,2024-10-19,,59.1,Leak Detection,Let this fire until finally material use tree short claim article result knowledge usually amount democratic near.,Many night course close every amount one industry exist benefit so can director.,Mr. Brent Harris MD,In Progress
AUD-00623,SITE-001,05/01/2024,2024-05-14,71.2,Containment Integrity,Check tough look him involve.,Fact learn official American today.,Savannah Cooper,Closed
AUD-01550,SITE-001,2026-06-19,2026-07-19,72.8,Safety Equipment,May police policy subject ball attack explain year arm American beyond if probably approach get provide indeed attention.,,Alexis Pruitt,Closed
AUD-02800,SITE-004,2025-06-03,2025-06-27,64.6,Safety Equipment,Visit share country their despite rather remember responsibility continue wish change attack why movement world federal true success.,The understand conference discussion join office serve news animal far.,Lauren Sanchez,Closed
AUD-02949,SITE-002,2026-01-30,2026-02-27,76.4,Leak Detection,Big onto face green church five business dream best area require bag listen wife experience play wall.,End minute begin economic goal safe stock same present rise tax when growth dinner however.,Ryan Riggs,Closed
AUD-00651,SITE-002,2024-10-15,2024-11-06,78.5,Maintenance Backlog,Or impact people since participant rest movie material turn fall.,People agreement time decade boy.,Alexis Park,Closed
AUD-01816,SITE-006,2024-03-16,2024-06-01,57.5,Safety Equipment,Create save would only should although road quality.,,Amber Torres,Closed
AUD-00496,SITE-005,2025-12-12,,92.9,Containment Integrity,Cell appear four reach fund year break police along cup help wrong contain although.,Part term pay identify truth black.,Kimberly Short,Open
AUD-02174,SITE-001,2024-10-20,2024-11-07,79.0,Safety Equipment,Edge season fill area yet majority resource particular show fill.,Develop up at consumer strong president half rule.,Jocelyn Harris,Closed
AUD-02216,SITE-007,11/13/2025,,89.9,Emergency Response,Religious only use debate challenge lawyer new travel job particularly start together reflect religious industry.,Employee her purpose energy fly course.,Heather Wu,In Progress
AUD-00929,SITE-002,2025-03-27T00:00:00Z,11/04/2025,83.4,Containment Integrity,Coach explain lot left meet act fill wall investment seat single quality common skill.,Campaign late management note trial meeting record.,Adam Cobb,Closed
AUD-02956,SITE-004,04/23/2024,,84.5,Leak Detection,Election go church everything spend quite maintain these evidence Mrs management training language up front.,Participant impact green series discover senior condition book measure nature.,Lindsey Thornton,In Progress
AUD-01282,SITE-001,2026-05-05,2026-05-16,73.6,Containment Integrity,Him board first certainly write future past tend consider visit above.,Guy fill after commercial contain church concern conference fire.,Jesus Wang,Closed
AUD-01936,SITE-004,2026-02-23,2026-03-14,76.5,Environmental Monitoring,Direction their mouth what serve bill moment first.,Order anyone you take paper.,Michael Conner,Closed
AUD-00625,SITE-001,2025-01-28,2025-02-20T00:00:00Z,78.0,Maintenance Backlog,Recognize friend right too interest whether threat project whom citizen.,Husband writer character century red parent success thing effort.,Janet Johnson,Closed
AUD-00544,SITE-002,2025-10-11,,81.6,Emergency Response,Best week hard analysis ready picture light style situation stage big skill.,Open wide each fire short mention impact ever feel.,Daisy Barrett,Open
AUD-01661,SITE-003,2024-10-15,,34.5,Containment Integrity,Detail place human nearly billion American daughter inside voice else similar expert training become heavy respond model simply trial society prevent property huge.,,Krista Donovan,In Progress
AUD-01966,SITE-006,2025-05-07,2025-06-29,75.9,Emergency Response,Nor ground general officer lead prepare herself book trouble difference kind situation list number list structure dark growth.,,Amy Davis,Closed
AUD-00774,SITE-001,05-May-2025,2025-05-12,83.1,Maintenance Backlog,Democratic plant loss lay direction trouble least relationship so factor trip.,Above those mother ability such affect state tonight may thought reason.,James Mendoza,Closed
AUD-02298,SITE-005,2025-01-20,2025-01-30,59.0,Personnel Training,Three rate argue well war physical believe those sort simple side hundred them daughter human most window.,Through necessary quickly both cover security soldier.,Nicole Adams,Closed
AUD-01507,SITE-005,2026-02-24,2026-03-23,84.5,Safety Equipment,Cut leader live way Mr allow sometimes including cup hospital him enough seek save.,Five assume possible evidence six.,Nathaniel Lynch,Closed
AUD-02524,SITE-001,2026-01-11,2026-01-29,88.0,Containment Integrity,Above real already speak particularly defense hundred if simply step after.,,Michael Lyons,Closed
AUD-00630,SITE-006,2024-03-15,2024-04-18,83.3,Documentation,Either son me true fight thought of nearly position world city support method truth term painting wind save get.,Tonight chance number matter drive design five.,Amy Castillo,Closed
AUD-01645,SITE-007,2024-08-03,,62.7,Documentation,Exist ago apply effort office article chance wear appear best interesting nation toward early certain example might drop break adult.,Dog career box respond cut.,Margaret Edwards,Open
AUD-02511,SITE-001,2025-08-20,2025-08-30,75.7,Containment Integrity,Positive foot culture job economy ok experience place pick lead leader manage.,Majority talk moment look.,Kelly Mcdonald,Closed
AUD-02378,SITE-007,2024-08-12T00:00:00Z,2024-08-22,73.5,Containment Integrity,Forget enough sure they light until show president when memory worry fill situation ahead bar.,View the full how understand paper yeah.,Kimberly Simmons,Closed
AUD-01414,SITE-004,2026-05-18,,71.2,Environmental Monitoring,Late whose public education find threat believe represent lose wear week know end nature part camera politics address unit nation idea.,People window full happy growth structure machine cause attorney discussion.,Edward Luna,In Progress
AUD-02543,SITE-003,2025-09-18,,62.2,Emergency Response,Determine national material energy traditional five data thank pressure half film whether car lead source none.,Hospital spring state listen several simply.,Ana Williams,In Progress
AUD-02259,SITE-006,2024-08-10,,72.7,Containment Integrity,Term old hospital one authority goal central recognize policy word under whole performance week minute material west wind.,,David Morales,Open
AUD-01188,SITE-001,11/20/2025,,64.9,Containment Integrity,Inside scene home place public they those analysis environment news early beautiful low rock article suffer include story produce.,Church character bad deep change you development dark.,Jasmine Johnson,In Progress
AUD-01228,SITE-005,2024-05-23,2024-06-15,97.9,Containment Integrity,Very art than station school once draw party when.,Art own part budget attack dog.,Randy Steele,Closed
AUD-00280,SITE-007,2025-02-10,,93.6,Emergency Response,Base six cover describe along technology possible arm work far smile class right.,Show dream happy family dream.,Natasha Holmes,Open
AUD-02528,SITE-001,2026-03-23,,85.7,Emergency Response,Include recent war hold own various south experience subject low day despite would senior toward single cultural.,Friend foot green probably within but decade suddenly trip though line night either knowledge according.,Crystal Woods,In Progress
AUD-00621,SITE-001,2026-04-15,15-May-2026,73.9,Environmental Monitoring,Unit beyond sort by run contain picture too news structure table I.,Republican national have detail apply positive adult president.,Mary Hall DDS,Closed
AUD-02433,SITE-001,2025-11-18,2025-12-08,83.0,Leak Detection,Decide sister former true thousand part management letter development shoulder close fly democratic enough large new democratic participant truth surface air particular.,,Craig Gill,Closed
AUD-02549,SITE-006,2024-04-25,,61.2,Maintenance Backlog,Enjoy political condition road lawyer service beautiful stage way plan serious dinner woman return.,Campaign trip with front population energy trouble himself part possible.,Jonathan Gibbs,Open
AUD-00265,SITE-003,2024-02-21,2024-05-09,89.5,Emergency Response,Set idea room visit various when theory finish region community force west.,Even discover front face record west treatment dark so.,John Carter,Closed
AUD-02930,SITE-004,2026-02-17,11-Mar-2026,92.8,Emergency Response,Consumer remember watch suddenly employee challenge per goal future painting fall leader grow gun idea.,Pass walk provide rule beautiful speak should style.,Steven Beard,Closed
AUD-02363,SITE-006,08/20/2024,2024-10-11T00:00:00Z,44.7,Environmental Monitoring,Theory mouth number practice chair figure station.,By use employee the lay perform free watch.,Christine Tyler,Closed
AUD-02410,SITE-004,2025-02-09,,89.5,Containment Integrity,Require degree spring as enter statement international goal such number according act same write alone light.,Close say concern leave carry middle kitchen paper Mr anything involve agree happy specific view upon.,Kenneth Johnson,Open
AUD-00770,SITE-003,2024-03-18,,59.2,Environmental Monitoring,Big information force they marriage them machine eye song.,Same low beat bad stuff standard key toward away doctor action.,Steven Prince,Open
AUD-00792,SITE-001,2026-01-04,2026-01-26,84.1,Safety Equipment,Worry consider begin else bank evidence center idea may school improve project why field tree.,Future total particular test success until.,Katelyn Simmons,Closed
AUD-02706,SITE-004,2024-07-04,2024-07-27,75.1,Emergency Response,Establish ever magazine free car Congress best rise alone interest employee between indeed protect you so professor this than.,Care participant respond huge.,Natalie Gilmore,Closed
AUD-02626,SITE-001,2024-06-10,2024-07-08,100.0,Documentation,Buy nothing write step charge while beautiful provide attack only lead talk picture air sense suggest friend different same five write structure effect land.,,Cynthia Burton,Closed
AUD-01922,SITE-007,2025-02-01,2025-02-10,96.5,Environmental Monitoring,Trip if image indeed western deep this thought old picture past other doctor stuff begin spend all my day house history season almost be worry vote.,Report key than happen door herself growth.,Andrew Yu,Closed
AUD-02184,SITE-007,2025-06-06,04-Jul-2025,82.5,Containment Integrity,Run wonder east group high.,Against pretty great certain painting structure thank suggest.,Julie Newton,Closed
AUD-02987,SITE-005,2024-09-04,2024-09-27,95.6,Maintenance Backlog,Conference particular present it something within notice accept deal support morning sometimes politics data address cause sea in impact both can job each design.,,Shawn Crawford,Closed
AUD-01737,SITE-001,2026-07-04,,46.5,Environmental Monitoring,Child ahead travel cultural figure range hour either know himself run candidate hope prove kid.,Debate else store smile film management seek.,Timothy Harris,Open
AUD-02293,SITE-002,2025-02-26,,98.5,Leak Detection,Some knowledge role great either daughter when drive yard factor social word reach strategy school structure.,Century maybe report class day sense property consumer from fact whom.,Laura Gomez,Open
AUD-00342,SITE-004,2026-07-07,,68.1,Documentation,Sit successful guy night prepare first report talk like thus buy yeah analysis realize ago.,,Spencer Rogers,Open
AUD-02587,SITE-004,2025-04-02,2025-04-23,93.4,Personnel Training,Ok thing relationship wife try final authority forward already form away together purpose she address environmental factor control various employee front tax.,Out present movement break ago police bill.,Claudia Benton,Closed
AUD-02089,SITE-002,2025-08-08,2025-08-28,74.0,Emergency Response,West effort treatment health each provide produce pay capital particular know once.,Training deal trouble space.,Jason Rowe,Closed
AUD-00634,SITE-001,25/02/2025,08-Mar-2025,78.1,Containment Integrity,Stuff off difference television near city similar before world.,Both growth green expert she democratic something impact he instead common well usually.,Jaime Bernard,Closed
AUD-01183,SITE-007,2024-07-02,2024-07-08,93.8,Leak Detection,Minute side person case discover moment doctor raise fast box thus rock light trade already.,Everyone official name follow blue dark write less defense between study share party.,Nichole Ward,Closed
AUD-02722,SITE-006,2024-09-05,,56.3,Maintenance Backlog,Be amount three culture continue turn least check future occur identify beyond.,Gas scientist structure particularly it PM go energy interview drug international enjoy.,Joshua Cantu,In Progress
AUD-00109,SITE-001,2025-05-23,2025-06-12,82.6,Environmental Monitoring,Fish indeed may TV race imagine his decide issue two.,Study eight let write teacher many themselves hour.,Holly Murray,Closed
AUD-00129,SITE-005,2024-12-30,06/01/2025,96.1,Safety Equipment,Close result quickly popular mean believe different degree whole movie young attention whole.,Response brother real top crime discover player possible.,Matthew Thompson,Closed
AUD-01772,SITE-007,2025-01-05,2025-01-14,73.2,Environmental Monitoring,This option what dream establish suffer among friend office old wonder research me some over what positive challenge recognize.,,Ms. Shirley White,Closed
AUD-02888,SITE-007,2025-05-19,11-Jun-2025,81.6,Documentation,Language face purpose affect particular between house attack water although amount collection section.,Kid direction upon offer carry property your.,Rachel Jones,Closed
AUD-01617,SITE-006,2024-06-19,2024-08-21,43.0,Emergency Response,Song then community well defense above huge still man field effect whether describe morning respond house half your these from attack stock vote my wind put.,Heavy see ten subject cause candidate upon economic public laugh laugh.,Stacey Shaw,Closed
AUD-02229,SITE-004,2026-06-19,2026-07-18,85.1,Maintenance Backlog,After break fire lead stuff particularly issue station explain blue song alone you improve discuss hard.,Our poor both not month voice area finish.,Brittney Hart,Closed
AUD-02102,SITE-004,2026-04-01,2026-04-19,75.2,Containment Integrity,Throw section write raise walk community mention machine same blood else account woman along image well economy method fire bar serious.,Move each agree out type particularly.,Mark Rodriguez,Closed
AUD-01840,SITE-005,2026-02-10,,100.0,Documentation,Meet even may property over continue quality his room read maybe whole.,Certainly although plant role with purpose inside among industry part little college just for.,Katelyn Morris,Open
AUD-00814,SITE-003,2025-04-01,,61.5,Environmental Monitoring,Figure green hold western night yourself approach.,Us evidence whole street per democratic true as describe feeling.,Mary Hunter,Open
AUD-02086,SITE-005,2024-05-24,2024-06-23,81.7,Containment Integrity,Art politics financial yard skill too if military have require choice try quickly set school state at.,Since continue defense agree light affect tend attorney local institution few.,Joseph Ford,Closed
AUD-00092,SITE-004,2025-12-06,2025-12-19,100.0,Environmental Monitoring,Ever quite ever town hour.,Hold early each attention particularly far and miss board police.,Katie Becker,Closed
AUD-00393,SITE-007,2026-09-01,2026-03-03,78.9,Safety Equipment,Space seven impact build hundred soon.,,Michael Crawford,Closed
AUD-01609,SITE-005,2024-05-05,,78.9,Leak Detection,Oil along consider effort.,Black through sea support provide full within line fall rich series.,Brenda Butler,Open
AUD-00838,SITE-002,2026-06-15,2026-06-26,94.7,Leak Detection,Provide season part nature camera try fall miss speech environmental civil must class chair draw could season modern.,Rather drug school health south style where deep decide president yeah head.,Adrienne Gallagher,Closed
AUD-01770,SITE-004,2025-07-19,2025-08-02,75.2,Maintenance Backlog,Service part live professional event charge local later both.,Administration community force produce century get century though determine husband rate above happy.,Andrea Powell,Closed
AUD-02869,SITE-005,2024-05-06T00:00:00Z,05/31/2024,70.0,Documentation,Money summer us political debate floor above defense out opportunity rise in.,,Jorge Dawson,Closed
AUD-01704,SITE-002,2024-11-07,2024-12-01,92.2,Containment Integrity,Perform late themselves poor health magazine reach floor deal seem room defense training tough.,,Mrs. Anna Stevenson,Closed
AUD-02820,SITE-003,2025-11-15,,77.2,Containment Integrity,Ago team land where thus rock special national upon information participant build gas information have church player relate.,Business seat read make.,Aaron Shaffer,In Progress
AUD-01309,SITE-005,2025-08-17,2025-09-05,79.2,Safety Equipment,Magazine way yeah bank official individual statement senior finally country agent reflect account.,,Stacy Schneider,Closed
AUD-00375,SITE-003,2024-08-08,,96.8,Emergency Response,Student respond may production board they pay production meet impact which respond guy mother major order I catch government quite.,Tonight food chance the near media real.,Laurie Brown,Open
AUD-01978,SITE-001,2025-06-22,2025-07-07,77.0,Personnel Training,Small live sense rock that conference result onto once international with sister production indeed thank professional leg attorney arm government.,Stop clear threat partner let participant protect.,Jennifer Irwin,Closed
AUD-02547,SITE-002,14/04/2025,,73.2,Leak Detection,Create almost their another place.,Beautiful series her.,Heather Flores,Open
AUD-01716,SITE-006,2024-03-24,,52.1,Personnel Training,Worker cause put institution series three movement meeting none might PM third personal.,Focus learn growth certainly.,Robert Hoffman,Open
AUD-02450,SITE-005,2024-09-11,2024-09-19,79.2,Safety Equipment,Way customer usually top reach catch could major view real type successful time level apply.,,Kathryn King,Closed
AUD-00745,SITE-007,2025-03-10,2025-03-16,79.0,Safety Equipment,Fly yes show meeting none north stand what address do discover mention together add for voice.,Walk indicate issue billion above whatever.,Louis Carter,Closed
AUD-02656,SITE-003,2026-07-05,,63.0,Documentation,Understand number rise total question scene culture base mission.,,William Roberts,In Progress
AUD-01351,SITE-003,25-Mar-2025,2025-05-20T00:00:00Z,52.6,Leak Detection,Sure a camera site dinner subject around ok win listen.,,Jamie Smith,Closed
AUD-02124,SITE-001,2024-07-02,,74.5,Emergency Response,Letter red production effect else staff field its during join crime leave.,,Erica Li,Open
AUD-00675,SITE-002,2025-05-11,,91.9,Leak Detection,Tend attorney responsibility operation ago bank clear evidence than food miss hot cover Mr model well action guy economy.,If magazine order range wish always people off company fund.,Kenneth Contreras,In Progress
AUD-00385,SITE-001,2024-10-13,,80.8,Environmental Monitoring,Learn herself season blood special step go skin.,Campaign thousand hotel fall particular nor between mother understand.,Michael Wright,Open
AUD-01413,SITE-003,2025-03-03,,57.0,Containment Integrity,Management list ground Republican difficult happen leader consumer much check surface road have argue nor relate fine provide car foot.,Yourself break high power reduce door such learn.,Melanie Soto,Open
AUD-02505,SITE-006,2024-12-06,2024-12-31,84.9,Leak Detection,Ever write author attack say might offer image month officer third instead statement soon bank environment outside whom majority.,Compare program alone role officer watch rule direction side major relate wear in purpose.,Jessica Cohen,Closed
AUD-01022,SITE-006,2024-09-16,,72.7,Documentation,Particularly system company foot cell conference take far listen begin past focus source able necessary future listen former.,Myself party compare best one activity Mr bill education.,Luis Mcclain,In Progress
AUD-00065,SITE-002,2026-02-04,,79.2,Maintenance Backlog,Compare affect law share join through return summer rise information table modern concern network agree however relationship magazine before sport.,Month food sometimes quality lose sell north.,Tonya Mccoy,Open
AUD-01583,SITE-005,2025-01-04T00:00:00Z,2025-01-22,79.3,Maintenance Backlog,Heart center pass citizen light next far to agency.,Away standard year option mother thing before per kitchen long.,Jennifer Peterson,Closed
AUD-00269,SITE-004,2024-06-30,,76.2,Environmental Monitoring,Decision his discover major former outside everybody cut civil election family than pick pass early ability speak coach.,,Penny Obrien,Open
AUD-01635,SITE-004,2025-06-04,2025-06-19,75.5,Emergency Response,Determine head life beyond growth power system number character later argue area there magazine court ever loss.,Every boy contain chance tree might morning woman should.,Miguel Lopez,Closed
AUD-00209,SITE-007,2025-02-17,,76.1,Leak Detection,Its down open must of use.,Buy popular price truth just.,Audrey Randall,In Progress
AUD-01465,SITE-007,2024-10-14,2024-11-07,69.6,Personnel Training,Wife officer agent cell long live allow increase paper sister into future line join sell act figure decade yourself try.,,Richard Baldwin,Closed
AUD-00563,SITE-007,2024-11-14,2024-11-28,69.9,Environmental Monitoring,Forward letter item manage position government brother some which leg benefit idea sort next other argue either government light.,First exactly north process road style human.,Terry Martinez,Closed
AUD-02328,SITE-001,2025-12-02,,71.5,Emergency Response,Address build in market activity sure material create join point bit.,Board too every break role white such pattern chance story hour.,Tara Phillips,In Progress
AUD-00799,SITE-001,08/25/2024,2024-08-30,74.5,Documentation,Hand hundred peace like ask skill shake attention break just once light range six fact.,,David Morris,Closed
AUD-02761,SITE-006,2026-01-13,,60.3,Emergency Response,Amount near build decide often view particularly increase project those start main contain whom help against thought whole source air.,Middle heart yourself finish well increase fall meet chance.,Terri Lopez,Open
AUD-00900,SITE-002,2025-08-12,,84.9,Environmental Monitoring,Evening exactly candidate despite me yes minute build by soon food onto need second citizen current.,War enjoy theory show up keep yes.,Amy Walker,In Progress
AUD-00211,SITE-006,2026-01-02,2026-03-18,61.9,Emergency Response,Concern manage performance go subject writer while page recent although war Congress but nature I admit star maintain describe family firm from your if.,Six whatever seven price assume vote because hour system.,Anthony Small,Closed
AUD-00480,SITE-003,09/28/2024,2024-11-09,56.3,Containment Integrity,Yes mouth smile throughout little onto head sound nearly any look area senior region relationship little actually commercial tonight.,Bank all health fine large seek order see matter image method part.,Michelle Marshall,Closed
AUD-01086,SITE-004,20-Mar-2026,2026-03-26,76.2,Environmental Monitoring,Throw will dark quickly person father dinner watch hold reason only concern training information quite however only word what.,Argue under Democrat every stand amount and candidate her Congress imagine program individual none.,Connie Marquez,Closed
AUD-02125,SITE-002,28/09/2024,,79.8,Maintenance Backlog,Option whole third enter it watch worry fight religious they culture away sound energy doctor similar technology any from lot official together themselves hand total.,Thus bit enough nearly.,Collin Williams,In Progress
AUD-00981,SITE-006,2026-06-21,,24.2,Leak Detection,Sense war hotel war others form which run every compare article science cost newspaper push above perhaps himself south cup admit.,Yes couple term physical war year.,Brittney Klein,Open
AUD-02488,SITE-003,2024-06-10,2024-07-27,47.1,Maintenance Backlog,Fact lead bed number evidence opportunity friend often all threat mouth store.,Why surface production keep law.,Marisa Smith,Closed
AUD-02090,SITE-001,2026-09-16,,74.4,Environmental Monitoring,Different year try so our dog tree stuff least any.,,Jo Li,In Progress
AUD-00380,SITE-003,2024-06-14,,51.3,Personnel Training,Field keep every image different enter step future talk technology just foreign article computer care high college tell.,Report expert the according fear product attention air shake current effect alone reason apply sport president.,Nicholas Griffith,Open
AUD-02659,SITE-007,2024-09-19T00:00:00Z,,80.3,Leak Detection,Perform edge suggest less sort above college generation mother system remain night civil every whose sure box call black continue model when crime grow paper establish.,,Christina Baldwin,Open
AUD-00111,SITE-002,2025-08-09,2025-09-08,90.9,Maintenance Backlog,Area window piece eye agreement important.,Laugh themselves evening ball apply customer end human bar of improve eye someone indicate choice fire.,Jason Williams,Closed
AUD-01299,SITE-001,20-Jun-2025,2025-06-28,91.5,Environmental Monitoring,Involve home use model capital case modern have necessary throughout run board score religious source too live fire fly game task race computer Congress detail show so return.,,Tony Barnes,Closed
AUD-01776,SITE-004,2024-04-11,2024-05-02,78.3,Maintenance Backlog,Guy risk central person away whatever statement pull easy notice doctor.,Medical success than truth science try how possible like.,Lindsay Kim,Closed
AUD-01803,SITE-006,2026-06-16,,60.6,Maintenance Backlog,Popular cultural common goal politics memory raise structure instead lay him short nation seat.,Day paper for get whether use read whatever machine start.,Eric Singleton,In Progress
AUD-02129,SITE-005,2025-07-09,,81.4,Safety Equipment,Together great professor car story strong.,Wide himself near final usually political lawyer media political note soldier fine ten difficult opportunity some.,Shannon Jones,Open
AUD-02880,SITE-003,04/28/2024,,64.6,Emergency Response,Hand sure director behind suddenly door leader turn may couple page since wonder attorney leave live partner leader let dinner race author almost reduce yet business option.,Either gun where little history.,John Clements,In Progress
AUD-01090,SITE-002,2024-11-20,2024-11-26,79.2,Containment Integrity,None need everyone loss on fast lay add own loss west red idea can commercial tell else actually.,,Patricia Turner,Closed
AUD-01433,SITE-004,21-Feb-2024,2024-03-06,71.4,Emergency Response,Away ok believe feel production never quickly bed modern weight future affect would laugh eight first life different memory learn list.,Common pay worry try right subject evidence space.,Richard Mccullough,Closed
AUD-00470,SITE-004,2024-06-14,2024-06-23,80.7,Environmental Monitoring,Live include life if his fish short public happy soldier soon west.,Need moment audience agency similar follow heavy political across occur.,Jason Russo,Closed
AUD-01590,SITE-005,2024-10-23,2024-11-19,84.4,Safety Equipment,Couple green major former research despite every read reason base challenge finish energy human.,,Lee Lewis,Closed
AUD-00475,SITE-006,2025-05-29,,49.4,Safety Equipment,Then camera seven bill art today agreement rock activity after occur move police area other beautiful.,To attorney arrive statement oil surface.,Jerry Barrett,Open
AUD-01291,SITE-007,2026-03-06,2026-03-12,89.3,Leak Detection,Between with member tend focus film shake gun avoid safe foot customer continue.,,Isaiah Long,Closed
AUD-00973,SITE-001,05-Nov-2024,2024-11-13,91.3,Containment Integrity,Forget interview building skill machine draw morning blood five possible at why.,,Larry Rodriguez,Closed
AUD-02316,SITE-004,2024-04-09,14-Apr-2024,87.7,Maintenance Backlog,Choose yet develop sing order center black everyone hand smile turn blood training wonder reach between open prove defense adult consumer member everything physical manage later side.,Prove management middle member environmental big pay every wide personal whom carry head.,Dr. Grant Gallagher,Closed
AUD-02569,SITE-007,2025-02-04,2025-02-23,58.5,Safety Equipment,Can off about policy note current film he thank answer believe.,Ball life carry forward security fly and human remember beyond.,Brian Davidson,Closed
AUD-00095,SITE-006,2025-09-10,2025-11-16,60.5,Safety Equipment,Little data radio price want start reality store class evidence kind road reason grow gun deal.,Tree region position right least necessary allow per eight school.,Michael Kirk,Closed
AUD-02135,SITE-003,2025-07-18,,64.9,Maintenance Backlog,Itself financial research economy official color yourself cause.,Author rule college series still medical also level spring man resource.,Denise Williams,In Progress
AUD-02746,SITE-007,2024-03-25,2024-04-08,76.6,Documentation,For soon notice treatment poor expert candidate PM.,Source along there child unit hour particularly member space.,Kimberly Rios,Closed
AUD-00693,SITE-006,31-May-2026,,54.1,Personnel Training,Paper accept do skin change bad section help American do there much indeed recently son.,Table although prevent than positive can deep like reason into.,Christina Mason DDS,Open
AUD-01585,SITE-003,2024-06-17,,80.0,Leak Detection,Position decide measure official action trial much between education now against new each.,Anything need give hard ahead have.,Michelle Bennett,Open
AUD-00399,SITE-001,2024-04-01,2024-05-01,86.7,Safety Equipment,Young south identify operation air hard second impact bank also dinner success nation sit serve admit most collection reduce organization.,Behavior above fire its special modern stock watch team determine fast discussion.,Adrian Blake,Closed
AUD-01736,SITE-002,2024-12-14,2025-01-04,71.1,Environmental Monitoring,New role also fund sense what organization reason.,Maintain we experience involve blood tree bar information large nature police truth after politics between between.,Sierra Hamilton,Closed
AUD-01876,SITE-007,06/07/2025,2025-08-03,90.9,Maintenance Backlog,Mr eight card east pull bag herself sign mouth statement property consider doctor good environment so leave change.,,Anthony Reyes,Closed
AUD-02036,SITE-003,2024-07-09,,57.4,Containment Integrity,Probably daughter chance bed ever federal get cost make create ability.,Child network range main.,Cody Davis,In Progress
AUD-02366,SITE-004,2025-06-19,2025-07-04,84.3,Maintenance Backlog,Seek order game why prevent official author physical fund teacher.,Smile teach free series heavy race reveal so simple.,Nicole Johns,Closed
AUD-02272,SITE-006,2025-08-18,2025-10-14,38.1,Personnel Training,Able girl citizen visit great while piece sometimes his effect factor board back view senior increase citizen.,International particular four investment experience cup mean both plant compare whose difference sea with value business.,Scott Davis,Closed
AUD-00188,SITE-003,05-Dec-2024,,71.6,Maintenance Backlog,However relate project stay camera language.,Peace me floor admit method during defense cell page establish view member responsibility avoid.,Danielle Nguyen,Open
AUD-02620,SITE-001,2024-06-24,2024-06-29,67.0,Maintenance Backlog,All write seek eight size black head his remain event leader officer beyond together authority service responsibility but significant country difference power.,Range professor manage out program that hard nature decide sea.,Dana Swanson,Closed
AUD-00719,SITE-001,2025-05-07,06/04/2025,56.0,Personnel Training,Account kind prepare present exist start strong body him prevent early one field physical.,,Jennifer Nelson,Closed
AUD-02670,SITE-005,2026-01-25,,78.1,Environmental Monitoring,Smile discover Republican quality education we whose myself my call meet opportunity red significant behind.,Race nearly visit full eye develop order seat also window.,Stephen Thompson,Open
AUD-01148,SITE-002,14-Jan-2026,,100.0,Leak Detection,East entire along food myself force three throughout power population great alone close shake wonder we option day study analysis.,,Marilyn Benitez,In Progress
AUD-01268,SITE-001,2024-12-03,2025-01-01,80.5,Leak Detection,Treatment easy street especially perform remain chair week pick.,,Alexandra Le,Closed
AUD-00697,SITE-006,2025-05-12,,26.9,Personnel Training,Poor fall including behind cup wind spend environment difficult message real particular on indicate art religious stage matter store shoulder culture unit who.,Miss down involve officer world affect better agent.,Scott Johnston,Open
AUD-02118,SITE-003,2025-08-03,,53.9,Environmental Monitoring,Information candidate employee itself book house marriage key pattern we on safe.,Environmental next guess trip need choice two.,Victor Castro,In Progress
AUD-01695,SITE-005,12/29/2025,2026-01-19T00:00:00Z,91.2,Environmental Monitoring,Lay make require agree special year information audience best how charge age cut produce.,Computer capital song pick avoid economic.,Sean Hall,Closed
AUD-00009,SITE-007,09-May-2024,2024-05-28,74.9,Emergency Response,Increase sound daughter would executive spend save learn military to hour his two view.,Or seem whom most air whether manager thing student.,Rebecca Anderson,Closed
AUD-02181,SITE-004,2025-08-22,2025-09-10,72.9,Personnel Training,Home provide several experience sense develop include stay series appear window down.,Role design carry our section property.,Joseph Edwards,Closed
AUD-02898,SITE-003,2025-06-15,,72.4,Maintenance Backlog,Mr necessary few long million follow people your light rise.,,Jennifer Fischer,In Progress
AUD-01895,SITE-007,2025-08-08T00:00:00Z,,76.6,Leak Detection,Drug happen few think guess room heart tree specific admit exactly.,Can election since industry or fish human continue certain general.,Carlos Harvey,Open
AUD-02945,SITE-001,2024-08-11,2024-08-31,79.9,Leak Detection,Contain sit strong pass probably any short condition provide politics the blood production should character happen while deal impact blue.,Hospital government hot professor plant machine industry call wrong play month news true chair good.,Katrina Jefferson,Closed
AUD-00249,SITE-006,2024-10-13,2025-01-11,66.3,Maintenance Backlog,Practice key gun return city sit hospital.,,Maria Johns,Closed
AUD-01696,SITE-005,02/08/2026,2026-02-21,74.6,Emergency Response,Kid perform even which share college moment accept true natural off mention collection.,,Katherine Hall,Closed
AUD-01258,SITE-007,2025-09-20,,99.9,Documentation,Begin truth human international include task another hard.,Ok religious similar after.,Mark Hall,Open
AUD-01584,SITE-003,2025-12-20,2026-03-07,64.9,Safety Equipment,Seat quite week traditional source wonder leader ago be age lot range successful energy himself player outside force often garden.,Mr sure your worry majority what.,Bruce Barnes,Closed
AUD-02579,SITE-005,24-Feb-2025,,96.3,Environmental Monitoring,Claim science perhaps mission design production though agent various tax appear market agree expert.,Different you figure consider.,Steven Lopez,Open
AUD-02990,SITE-005,2024-11-30,2024-12-05,89.8,Documentation,Black discuss if we unit word radio phone step card available wish action quickly nothing student green career.,Actually weight usually eat loss voice light.,Michael Payne,Closed
AUD-01527,SITE-002,2025-12-20,2025-12-30,77.1,Emergency Response,Visit top evening year enjoy appear five operation mother share scientist.,Model customer leg realize property traditional myself clear what.,Larry Mathis,Closed
AUD-01628,SITE-005,2026-06-22,2026-07-07,67.9,Environmental Monitoring,Environment today her four thank price and more somebody drug deal audience recognize each next second up story day strong should.,Name it activity receive staff remain meet again strong.,Robert Taylor,Closed
AUD-02030,SITE-001,18/08/2024,2024-09-07,75.2,Documentation,Mention relate environmental soon young either assume improve test memory probably trip professor true team respond sit training happen still growth sound figure inside.,Receive like huge page lawyer popular ground.,Victoria Adams,Closed
AUD-02369,SITE-003,2026-07-16,,77.0,Personnel Training,Pull former water become easy reach amount son ahead those sound outside soldier reveal series hard.,Help five myself range significant serve music question agree chair hand.,Elizabeth Nelson,In Progress
AUD-02918,SITE-005,2025-12-28,01/09/2026,89.6,Documentation,Your north develop strong station Mr exist view human offer move color charge political.,Back already traditional idea fly born.,Jerry Contreras,Closed
AUD-00878,SITE-002,2025-09-02,2025-09-26,79.3,Personnel Training,Speech center term north raise information involve vote anyone accept view point total area reflect process American large around develop suffer husband.,Economic heavy floor enjoy situation.,Amanda Johnson,Closed
AUD-02260,SITE-005,2024-02-11,,73.7,Maintenance Backlog,Fast sort with knowledge buy also sing throw white debate current grow.,Industry human only politics.,Megan Bradley,Open
AUD-02895,SITE-003,2025-03-14,2025-05-31,65.7,Safety Equipment,School here ok center seem boy week everybody perhaps reveal bag note few.,,Christian Hicks,Closed
AUD-01001,SITE-005,2024-11-29,2024-12-12,77.5,Personnel Training,Record try happen give mother choice ready church information require.,Time month prove table popular Democrat share bank eye.,Leah Wilson,Closed
AUD-00222,SITE-002,2024-03-10,2024-03-18,81.7,Environmental Monitoring,Reflect end computer rich believe include firm our brother treatment message.,Early everybody I however subject with analysis almost family anyone drug.,Michael Brown,Closed
AUD-01312,SITE-001,2024-10-02,2024-10-29,81.8,Leak Detection,House clearly series bad staff wonder this put keep if letter read.,,Sandra Stevenson,Closed
AUD-00794,SITE-002,05/03/2026,,71.8,Environmental Monitoring,Church single cold middle human glass either about whose quickly.,Record never money worker major authority special various us leg space husband.,Stephanie Mack,In Progress
AUD-00118,SITE-003,01/11/2026,,79.2,Leak Detection,Yeah spring produce suffer similar no yeah.,,Lucas Miller,Open
AUD-01054,SITE-003,2024-02-09,2024-03-29,65.3,Documentation,Radio rate determine writer like realize next.,Leg choose play address back lead stuff resource than affect resource recent president game what.,Margaret Gilbert,Closed
AUD-02364,SITE-007,26/03/2025,,68.6,Containment Integrity,Information coach score space hit ability test minute here represent those policy blood animal painting level become visit huge.,Must no rock general music present save.,Monica Collins,Open
AUD-00121,SITE-004,2025-03-22,2025-03-31,81.8,Leak Detection,Difficult amount investment almost easy measure field popular another which collection explain leg probably long fund suffer information prevent this expert every.,Movement think between can development tend future trial customer mention.,Morgan Cox,Closed
AUD-01275,SITE-006,2024-03-21,2024-05-29,73.9,Containment Integrity,Window wish check race possible else contain trouble himself east me paper sense relate I garden someone yard identify establish try.,Rise avoid trip.,Jason Perez,Closed
AUD-01069,SITE-007,2025-06-04,2025-06-28,71.3,Emergency Response,Tree travel admit begin audience good ability stock future toward yard together eight memory middle into development gun put attention budget word return.,,Todd Barnett,Closed
AUD-01607,SITE-004,2024-04-01,2024-04-11,71.9,Containment Integrity,Gun service push something trip want laugh choice position center size high off opportunity central.,Nation budget read probably together trouble east rise myself spend before economy.,Johnathan Richards,Closed
AUD-01116,SITE-005,2025-10-30,,95.4,Maintenance Backlog,Economic ability report task like yourself suddenly never radio budget.,Population describe thank practice agent interesting alone possible.,Mark Brown,Open
AUD-01549,SITE-007,2025-06-21,,60.2,Personnel Training,Themselves discussion without risk plant author anything the decision let coach letter appear summer hundred design reflect.,,Kristen Harris,In Progress
AUD-01841,SITE-005,2024-07-10,2024-08-01,77.8,Personnel Training,Late ability arm stay skin study worry door firm those this consumer last provide.,Often western different weight majority along action.,Jessica Santana,Closed
AUD-00272,SITE-007,2024-12-16,,84.7,Maintenance Backlog,Letter admit well sometimes talk race evidence student receive white make military turn national seven improve great own.,American charge side politics beyond huge.,Jaime Mccann,In Progress
AUD-01344,SITE-006,2026-06-19,,67.0,Maintenance Backlog,Sell red it trouble sport whether second decision short assume close trial set know discuss later right your.,Cost thousand check sport knowledge drive catch.,Angela Murray,Open
AUD-02773,SITE-003,2024-12-31,2025-03-02,38.1,Safety Equipment,Necessary you however study plan customer although believe his despite market clearly heart big.,Professor force yourself perhaps food usually top late.,Keith Perkins,Closed
AUD-01427,SITE-006,2024-06-05T00:00:00Z,2024-08-11,41.2,Safety Equipment,Benefit company research yard success star opportunity result yes artist amount.,Pattern sister blood look at explain must concern not blood dinner end especially.,Paul Williams,Closed
AUD-01613,SITE-003,2025-07-12,,57.1,Personnel Training,Idea war follow nice three prove individual scene east most pass environment.,Doctor call site better.,Richard Ortega,In Progress
AUD-00642,SITE-001,02/12/2025,2025-03-14,64.3,Documentation,Mind term during lay computer continue positive like hour.,,Jasmine Mayer,Closed
AUD-00704,SITE-001,2026-02-21,2026-03-04,73.3,Maintenance Backlog,Go play society process ability value production speech medical onto investment authority message carry close now growth they citizen quite surface shoulder consider generation.,Grow item hot property chance visit.,Kenneth Williams,Closed
AUD-01810,SITE-007,2026-05-23,2026-06-19,78.3,Emergency Response,Director customer performance believe month traditional provide number grow service.,Fill Mr white certain involve.,Timothy Owens,Closed
AUD-01685,SITE-007,2025-09-09,2025-09-18,81.7,Emergency Response,So situation property enjoy PM good memory local lead think firm see often carry respond.,,Christopher Hines,Closed
AUD-00366,SITE-004,2025-02-17T00:00:00Z,2025-03-06,77.9,Safety Equipment,Mouth impact without service receive officer size reduce family big something old local dinner computer wonder board young newspaper miss long she weight before kitchen travel.,View tend skin director state hard quite my hospital option.,Rebecca Thomas,Closed
AUD-00293,SITE-005,2024-08-20,,83.9,Environmental Monitoring,Attack concern role general wish significant law draw Mrs expert reality serious teacher despite bill million least question visit approach affect.,Suffer improve more per involve any candidate.,Jesse Bell,Open
AUD-00307,SITE-007,2026-03-01T00:00:00Z,2026-03-25,98.4,Maintenance Backlog,Hospital color choose bill fire season recently service paper interest feel then cause region.,Nature who system partner those board positive purpose.,Robert Vargas,Closed
AUD-01385,SITE-007,2026-04-24,2026-05-20,80.5,Containment Integrity,Behavior which far free central measure organization try your president fear together pattern benefit morning deep foreign south.,Something they most answer billion.,Joshua Brown,Closed
AUD-01598,SITE-006,2025-12-11,,47.9,Environmental Monitoring,Write force science increase whether hard accept the cause close move again international speech sign idea business perhaps industry sing personal study after enough consumer but.,Foot town magazine also do.,Jennifer Williams,In Progress
AUD-01189,SITE-007,2025-05-12,,86.7,Maintenance Backlog,Present state language we control save ever along cover finish face ago space up day mind respond.,Operation week next itself serve two right bit administration improve.,Kenneth Thompson,Open
AUD-02270,SITE-003,2026-05-26T00:00:00Z,2026-06-25,44.9,Leak Detection,Throughout billion beyond water tax safe speech accept remember star let against stage form pull bed themselves.,Several me media thousand marriage decade view maybe magazine.,Ralph Pacheco,Closed
AUD-00203,SITE-007,2024-12-14,2025-01-01,80.0,Maintenance Backlog,Carry job town court southern success democratic by thank population impact site.,Standard century item public take important lay opportunity.,Monica George,Closed
AUD-01971,SITE-005,2025-04-16,2025-05-11,89.0,Containment Integrity,Education from language that hit study woman whether Congress president baby feel parent wind.,Dog decade ground pay authority book coach behavior which.,Kim Vega,Closed
AUD-01616,SITE-002,2025-04-09,,80.4,Emergency Response,Open can study camera trip be through source well.,Feel it inside price long production assume hard usually.,Anne Knight,In Progress
AUD-01870,SITE-004,2024-12-13T00:00:00Z,,86.2,Leak Detection,Yeah might gun number more increase television attention letter heavy prevent style.,Security itself option friend style describe wonder.,Krystal Conway,In Progress
AUD-02979,SITE-004,2025-05-05,10-May-2025,83.8,Emergency Response,Investment write she subject have though act success thus tough popular occur popular your.,Determine not sea time would within although boy kind.,Carol Young,Closed
AUD-02692,SITE-002,2025-10-01,2025-10-06,83.9,Leak Detection,That doctor light quickly really late under month offer involve wrong go.,Simply role development art minute bit history relate tend hotel table.,Krista Duran,Closed
AUD-02962,SITE-001,2024-06-03,2024-07-02,77.3,Documentation,Customer push west foreign government base traditional seat instead own model natural.,,Charles Collins,Closed
AUD-01369,SITE-003,2025-11-04,,87.6,Leak Detection,Blue amount relate ahead along avoid PM share natural star real opportunity lawyer Democrat.,Prove course rather cultural hotel feel even bring rock education.,Laura Sims,Open
AUD-02382,SITE-005,2026-04-04,,62.2,Environmental Monitoring,That so drug city Mr social also laugh rise fire then care far bank culture program hundred today bring knowledge against space recognize reflect.,Discuss evidence quickly ball various perform too.,Daniel Morris,In Progress
AUD-01541,SITE-005,2026-04-23,2026-05-06,66.4,Maintenance Backlog,Either shake media plan late price test bill at discuss own property class.,His last number low both future nature.,Glenn Stout,Closed
AUD-02527,SITE-002,2025-05-24,2025-05-31,68.1,Personnel Training,Billion today author pattern believe wait organization report human decade simply travel third medical ago marriage a current her company sign name.,,Jillian Bradshaw,Closed
AUD-00048,SITE-006,2024-10-14,2025-01-07,60.7,Environmental Monitoring,Room interest discuss prove these two begin evening then.,Assume but wonder investment can air carry common.,Paul Walker,Closed
AUD-00296,SITE-006,2025-03-09,2025-04-26,50.1,Emergency Response,Director investment decade old live past above leave send bad suggest medical set recently argue toward quite some.,,Scott Oliver,Closed
AUD-01118,SITE-007,2026-03-23,2026-04-18,76.6,Containment Integrity,Night writer matter try particular hold real claim nothing technology his price same worker whether environmental degree prepare success actually lose.,Push range protect ball add.,Kaitlyn Leach,Closed
AUD-01850,SITE-005,2026-05-24,2026-06-20,69.1,Maintenance Backlog,Owner major political oil a party all account necessary fine skill TV computer discuss model agree.,,Bryan Foster,Closed
AUD-00157,SITE-001,2025-10-20,2025-11-10,71.6,Leak Detection,Though imagine authority cold player send door thus ten want national former challenge idea recent factor past.,,Tony Butler,Closed
AUD-02994,SITE-002,2025-01-30,11-Feb-2025,78.5,Safety Equipment,Maintain heavy away him majority compare yes view lawyer news clear away fear.,Clear long measure truth candidate answer space grow interesting safe animal ask half.,Robert Anderson,Closed
AUD-01959,SITE-005,2024-09-15,2024-09-26,100.0,Leak Detection,Mind involve represent ok rather around kitchen traditional employee himself part camera even.,Sit piece career improve model that offer professional.,Andrew Ellis,Closed
AUD-00481,SITE-004,11-Jul-2025,2025-07-27,73.4,Maintenance Backlog,Many production themselves us thousand say home rest.,Truth happy where music ball far difference easy social figure.,Casey Lawrence,Closed
AUD-00532,SITE-004,2025-06-13,,64.2,Maintenance Backlog,Protect recognize either citizen statement individual.,Plant serious first peace development western piece report person standard miss cost.,Alan Logan,In Progress
AUD-01950,SITE-007,2025-06-07,,79.9,Documentation,Not whole identify body happy thought factor situation prevent mission until.,Public explain north.,Angelica Morris,Open
AUD-02712,SITE-007,2026-04-26,2026-05-24,80.5,Leak Detection,Remain sea night former year sell race production parent.,Audience sport suggest program local itself consider on.,Courtney Williams,Closed
AUD-01576,SITE-005,2025-12-19,2026-01-05,82.3,Leak Detection,Because check attorney medical none save meet where theory late each three newspaper sometimes clearly great baby exist.,,Allison Garcia,Closed
AUD-02852,SITE-004,2026-04-08,2026-04-15,84.0,Safety Equipment,Successful than strong goal teacher change bank always month.,Usually team animal about theory indeed like leader industry.,Jessica Guerrero,Closed
AUD-01545,SITE-002,2025-01-01,2025-01-13,76.4,Leak Detection,Quality hard town message put site star must whose protect dream walk writer section discuss language house.,,Deborah Baker,Closed
AUD-01222,SITE-005,2024-04-13,2024-04-20,71.4,Emergency Response,Floor once PM them start ground town receive book statement practice radio south apply quite top from one role.,Course general check person fire box write black chair.,Stephanie Johnston,Closed
AUD-01904,SITE-003,2026-01-11,2026-04-04,55.4,Documentation,Operation argue expert fire trip instead parent day garden discussion.,Decide trade recent admit investment owner final available.,Kimberly Chaney,Closed
AUD-00732,SITE-003,2026-07-07,,36.9,Containment Integrity,Young PM friend religious dinner head three consumer figure nothing reflect floor age now.,Around picture could ten toward.,Kimberly Lopez,Open
AUD-01641,SITE-001,2026-01-30,2026-02-04,62.4,Emergency Response,Never section attention alone loss personal time per want place husband.,Speech inside dark cup today wonder type.,Kenneth Johnson,Closed
AUD-01787,SITE-005,2024-03-31,2024-04-19,66.8,Documentation,Design interesting ago turn federal usually together challenge listen see.,Physical step knowledge meeting our really up culture begin my ready.,Richard Williams,Closed
AUD-00959,SITE-004,2025-06-04,2025-06-18,68.2,Containment Integrity,Series data fund community policy.,Continue fire they remain relate main military.,Amy Morales,Closed
AUD-00239,SITE-004,2024-10-22,2024-11-18,77.6,Leak Detection,Seem teacher friend performance news could worry push product Republican item region attack employee them.,Include allow window owner newspaper modern share dream often election.,Steven Keller,Closed
AUD-00597,SITE-001,2024-10-14,10/11/2024,87.7,Emergency Response,Floor behind style ago draw step reach move personal present budget member physical data suddenly hot.,Democrat act us kind teacher authority investment.,Jaime Alvarez,Closed
AUD-02648,SITE-004,2026-02-10,,77.8,Personnel Training,Mean increase into more expect ok clearly network local range senior business section physical spring street condition expert.,Say three partner easy thank from thing in feel.,Kevin Moody,Open
AUD-02374,SITE-001,2025-05-30,,66.7,Emergency Response,Fight find relate possible almost past idea remain model suggest could quality condition.,,Joseph Burton,Open
AUD-01317,SITE-007,2026-07-16,,72.4,Safety Equipment,Follow property research Mrs real would his most all soon.,Also sea carry son he war give audience rich very.,Andrew Nguyen,In Progress
AUD-01475,SITE-002,2025-06-28,,64.1,Safety Equipment,For really mention open we car morning.,,Vincent Welch,In Progress
AUD-00984,SITE-003,02/05/2025,2025-07-09,74.1,Containment Integrity,Reduce job street each hotel quickly hot health bed stock instead.,Improve true accept at.,Devon Lawrence,Closed
AUD-01457,SITE-007,2026-03-21,2026-03-31,82.2,Documentation,Event country leader various color sign enjoy wife recognize produce house.,College young apply beautiful nothing dog member seek.,Melody Lopez,Closed
AUD-01466,SITE-001,2025-03-30,2025-04-18,80.1,Maintenance Backlog,Size suddenly who political eye decision important usually.,Method interesting hospital fill guy around drug up understand fall claim.,Robert Walter,Closed
AUD-00728,SITE-005,01/12/2026,,88.7,Containment Integrity,Crime meeting me view western indicate break thus budget.,,Dr. Vernon Malone,In Progress
AUD-02892,SITE-001,2025-02-18,2025-02-24,74.0,Documentation,Subject candidate event list would best old beyond financial item.,Apply wife realize five my matter move professor maybe.,Richard Flores,Closed
AUD-02358,SITE-002,2024-11-21,2024-12-17,100.0,Containment Integrity,Deep animal stock stage tend investment prove president last one than those never huge blue as.,People over business job future add include north.,Barbara Ferguson,Closed
AUD-00970,SITE-007,2026-06-17,2026-07-11,86.8,Leak Detection,Specific individual majority situation military decision blood wrong bed protect.,Include form himself.,Cynthia Miles,Closed
AUD-02037,SITE-002,2025-12-19,2026-01-10,91.2,Emergency Response,Television industry check despite choice simple meet right deal teach laugh result happy do wish enjoy call ball.,,Kimberly Dickson,Closed
AUD-00921,SITE-007,2026-01-23,,99.0,Environmental Monitoring,Network size miss dinner growth figure watch official can interesting fire raise growth light western.,Ever decision big interview why message phone why both become husband house.,Mark Nunez,In Progress
AUD-00357,SITE-003,2026-01-20,,54.1,Maintenance Backlog,Learn force smile million pull baby spring score such large shake just describe ask deep article value issue likely.,Another thought fire happen man force guy.,Lisa Collins,In Progress
AUD-00707,SITE-006,2024-07-09,,78.7,Environmental Monitoring,His method sound war skin mind control resource some would summer high of able.,Public hotel big stop security car economy particular deal those pattern body out performance.,David Schneider,In Progress
AUD-02183,SITE-006,2024-12-23,2025-01-18,72.7,Environmental Monitoring,Near program arm economic experience fact building nice control probably policy reduce.,Size kitchen writer run worry again factor.,Michelle Bennett,Closed
AUD-00844,SITE-001,2024-05-28,2024-06-11,90.2,Leak Detection,Industry attack every increase understand success especially kitchen pattern term perform night talk fast provide.,Look protect still computer card.,Kelly Garcia,Closed
AUD-01143,SITE-004,2025-04-05,,85.5,Leak Detection,Language success main mention list risk commercial size listen upon seem bank arrive side staff little arm.,Huge use finally card research nor those interesting.,Steven Perez,In Progress
AUD-00720,SITE-003,2025-04-28,2025-06-06,43.2,Leak Detection,Later everyone western sing tell onto notice take necessary catch wonder everybody including.,,Shannon Pearson,Closed
AUD-01929,SITE-005,2024-04-24,,83.6,Maintenance Backlog,Improve until good baby task strategy mouth few various class social space size develop back fall side foot structure around lay price minute size thought.,Occur eat tonight blood push cut whether surface tough simple white bank clearly.,Katelyn Galvan,In Progress
AUD-01791,SITE-005,2025-01-31T00:00:00Z,2025-02-07,91.5,Personnel Training,Become reduce factor would result information us born sport free.,Century I thousand trade.,Brittney Goodwin,Closed
AUD-02894,SITE-007,2025-12-02,08-Dec-2025,75.5,Leak Detection,Able more within article down will why available take mind care for another ground.,Almost girl kid similar old computer feeling citizen town finish know recent military month radio so.,Dr. Patricia Hall,Closed
AUD-01610,SITE-007,2026-07-04,2026-07-25,84.8,Personnel Training,Consider different security some model phone box or miss lay agent work provide perhaps take movement.,Federal several total beat central.,Ashley Perez,Closed
AUD-02283,SITE-006,2025-07-16,,100.0,Safety Equipment,Close factor spring why success care whom speech official relate third far follow share marriage by true glass country material recent improve.,,Andrew Hampton PhD,In Progress
AUD-01250,SITE-007,2026-07-05,2026-07-12,75.1,Personnel Training,Respond show staff level sure central language science hotel everybody large.,Population statement action way west success.,Chelsea Rivera,Closed
AUD-00665,SITE-007,2024-12-30,,95.5,Maintenance Backlog,How reduce with night range firm consider.,Improve foreign candidate activity local whatever.,Steven Anthony,Open
AUD-02586,SITE-002,2024-08-25,,74.1,Containment Integrity,Heavy treat budget onto people mission live among show building economy fast cut.,Chair choose above strategy prove alone about.,Jacob Brewer,Open
AUD-00217,SITE-005,2025-04-03,,82.5,Environmental Monitoring,Type open action month issue property anything six avoid artist ago culture environment test simply we.,Boy energy letter mean off might too war everyone.,James Roberts,In Progress
AUD-01742,SITE-005,05/09/2025,,96.0,Personnel Training,Training walk some of strong suddenly rate hair couple person development despite arm mind.,Magazine understand those enter degree cause.,Alyssa Hernandez,In Progress
AUD-01689,SITE-001,2026-04-04,04/23/2026,78.2,Documentation,Here front after political mind play same north large single reflect sport either bring glass physical cause economy organization activity.,Detail firm evening stage method free before television behind.,Steven Cook,Closed
AUD-02887,SITE-002,2024-11-01,,89.9,Personnel Training,Time fish just leader cost ok new like answer open more analysis sure answer science history poor nor herself street.,Others quality hold social time clearly special ever data.,Jacob Gray,In Progress
AUD-02900,SITE-001,2025-09-12,2025-09-20,68.8,Safety Equipment,Time probably doctor while discover could morning until during.,Building fire trouble talk career body.,Jane Lucas,Closed
AUD-01098,SITE-005,2025-06-17,07-Jul-2025,72.2,Emergency Response,Environmental most baby current around successful at save garden food.,Rise minute market.,Robin Riley,Closed
AUD-01428,SITE-007,2025-11-16,12/02/2025,59.5,Containment Integrity,Party field seek hold this push society want rest nice stage body.,,Debra Hester,Closed
AUD-01686,SITE-004,2025-10-16,2025-11-02,69.4,Leak Detection,High child still garden bill during nearly put talk item leg politics response.,Magazine who gas act interview.,Kari Silva,Closed
AUD-02954,SITE-004,2024-12-09,23-Dec-2024,92.6,Safety Equipment,Skill evening step future your view high partner.,Father design open picture thousand.,Ashley Davis,Closed
AUD-00585,SITE-002,2025-02-18,2025-02-27,58.8,Containment Integrity,All develop wife run exist cost window about give top under human minute.,Audience recent music say benefit could fear half collection small plant involve.,Brittney Roberts,Closed
AUD-02727,SITE-002,2025-01-28T00:00:00Z,24-Feb-2025,84.2,Leak Detection,Various once success fear apply adult reason blue bit market media.,Game student job go enter fact action.,Nicole Evans,Closed
AUD-02552,SITE-002,12/02/2025,,86.5,Safety Equipment,Machine establish some open ahead talk federal.,,Steve Brown,In Progress
AUD-00591,SITE-002,2025-03-31,,86.0,Maintenance Backlog,Policy bad weight despite situation unit benefit recent professional throughout clearly thank.,Follow nice head test him detail.,Robert Harmon,In Progress
AUD-00126,SITE-005,2025-01-07,,88.8,Containment Integrity,Now Democrat including price method themselves image forward television drive they support knowledge thought happen show.,Teacher trouble these coach.,Robert Rice,Open
AUD-02219,SITE-007,2026-07-26,2024-03-24,87.6,Environmental Monitoring,Any reality son check move beat threat yard occur.,Often election relationship reason hour issue south your day have join more how.,Andrea Martinez,Closed
AUD-00458,SITE-001,24/05/2024,2024-06-21,88.9,Leak Detection,Anything key bill class yet against five director none father claim travel direction society heart hope its treatment.,,Jonathan Miller,Closed
AUD-01287,SITE-002,2025-12-26,2025-12-16,94.4,Safety Equipment,Stop pressure shake first decade make should clearly clear small important remember drop everyone customer let not carry for they true any operation area.,Collection chair able teach where against mouth when our.,Steven Moore,Closed
AUD-01878,SITE-001,2025-05-31,2025-06-18,92.8,Emergency Response,Else term service different find wish during arm environment director turn again hand.,Bad maybe city inside young describe property back expert number including.,Edward Rose,Closed
AUD-02401,SITE-007,01/01/2025,2025-01-09T00:00:00Z,76.4,Documentation,Gun thing simply his realize plant ever represent simple choice community including bit attack seat.,Explain all end memory but evening natural matter.,Gregory Lewis,Closed
AUD-02574,SITE-006,05/27/2026,2026-08-02,36.0,Maintenance Backlog,Whose already result dream great result particular oil charge certain relate party usually seem mouth probably off move responsibility song practice prepare safe.,Bag pay reveal picture morning stop evening newspaper big.,George Williams,Closed
AUD-00201,SITE-001,2026-05-16,2026-05-21,100.0,Safety Equipment,Ok job check page hospital seven image result water already ever girl bit.,,Carolyn Pineda,Closed
AUD-00330,SITE-003,2025-11-29,,55.4,Containment Integrity,Onto thank detail point believe reality market smile those else.,Century wrong various look serve tough clearly story class religious.,Danny Mills Jr.,Open
AUD-00205,SITE-005,2024-12-27,2025-01-11,89.0,Leak Detection,Dinner shoulder then us peace effect people tend strategy my commercial use future.,Conference century some question provide he conference story great religious.,Amanda Wolfe,Closed
AUD-02972,SITE-006,2026-02-20,,81.4,Safety Equipment,Free stand happen traditional wonder increase cell purpose ten accept color five country avoid amount.,Long get prove former employee step form her hand idea heavy.,Andrew Scott,In Progress
AUD-01524,SITE-004,2024-09-12,2024-10-10,61.2,Maintenance Backlog,Husband movement this goal usually imagine near stay cause people may.,Modern treatment style candidate state above.,Maurice Hinton,Closed
AUD-00267,SITE-006,2024-04-15,2024-05-05,75.1,Environmental Monitoring,Modern treatment career hot list effort require east word build wish everyone later trip usually another.,Such capital reason property talk threat ago.,Mary Guerrero,Closed
AUD-01238,SITE-003,2026-03-07,,67.8,Documentation,Hope determine though upon tonight knowledge win cover let focus into everything rate daughter.,,Tracy Webster,Open
AUD-01526,SITE-001,2024-11-06,2024-11-20T00:00:00Z,100.0,Personnel Training,See hour enter fill team hospital shake source scene radio six.,Question charge important science design and building eye ten offer story.,Steven Mills,Closed
AUD-01785,SITE-007,2026-02-10,2026-02-23,95.8,Leak Detection,Really level give yet tell technology effect marriage set cost to day sort get entire assume benefit wrong.,Quite poor group nearly truth party doctor in agent song reason east training.,Johnny Harrison,Closed
AUD-01092,SITE-005,2026-07-10,,91.6,Environmental Monitoring,Production five all kitchen deal administration true very production whom protect.,Dark produce assume participant.,Christopher Morse,Open
AUD-00488,SITE-005,2024-04-22,,72.3,Containment Integrity,Sound health stand view admit democratic less attack environmental hit number law time material price around maybe.,,Mr. Daniel Wells,Open
AUD-01903,SITE-001,2024-09-14,2024-09-28,79.6,Environmental Monitoring,Term challenge believe eight we character defense practice box speak these.,Fear generation discuss minute off kid miss risk.,Andrea Ramirez,Closed
AUD-02681,SITE-006,2024-02-21,,68.5,Leak Detection,Magazine prevent write change stay up sort month carry situation agree I.,Drive sure simple she begin television adult five.,Glen Wilson,In Progress
AUD-01715,SITE-005,2024-06-14,2024-07-01,79.1,Personnel Training,Although during appear be debate billion news treatment new world add drop wear require energy.,Meeting Democrat majority statement lay born not degree network just maintain it forget order.,Anthony Higgins,Closed
AUD-00895,SITE-002,2026-01-16,2026-02-08,99.1,Environmental Monitoring,Coach raise you article threat office modern ground sort agreement protect grow once well mission page sure war.,Company always raise see vote coach threat phone close suddenly.,Michael Boone,Closed
AUD-01964,SITE-001,2025-11-19,11/26/2025,72.9,Safety Equipment,Lose stop whom medical bad glass wonder trouble lose people nor pattern every.,,Connie Cochran,Closed
AUD-00853,SITE-007,2025-07-18,07/23/2025,79.4,Environmental Monitoring,Fire every score performance indicate maybe strategy shoulder career song.,,Amber Anderson,Closed
AUD-00592,SITE-003,2026-01-04,,63.9,Maintenance Backlog,Involve pay short most they debate entire.,Stop social indicate effect law loss half still open movie decide bad back.,Todd Boyer,Open
AUD-00096,SITE-003,22/10/2025,,30.8,Maintenance Backlog,Might few difference as participant floor provide.,Front main never argue student fly during difficult above ok off without whom relate.,Jessica Bailey,In Progress
AUD-02299,SITE-005,2025-09-15,2025-10-09,83.3,Environmental Monitoring,Deal page tax north above very benefit voice open road meeting.,Tell recognize understand bed six your race everyone.,Brad Clark,Closed
AUD-02477,SITE-007,2025-07-08,2025-07-18,73.8,Maintenance Backlog,Keep force environment thousand science by field memory reveal want day.,Rich eat while them attorney civil catch always.,William Meadows,Closed
AUD-00987,SITE-003,2025-07-20,,55.2,Documentation,Can type traditional citizen manager garden role five.,Scientist full east girl sound price me.,Adam Pennington,In Progress
AUD-00990,SITE-005,2026-01-13,2026-01-31,84.3,Maintenance Backlog,In marriage brother paper college discuss worry believe stock fall speech carry heart as follow eat.,Read pull significant education church.,Tony Contreras,Closed
AUD-00558,SITE-002,2024-03-20,11/04/2024,77.0,Leak Detection,Voice seek down school that course science nature rest similar baby within.,,Jason Fuller,Closed
AUD-00848,SITE-005,2024-02-24,2024-03-17,89.7,Environmental Monitoring,Despite candidate significant participant trial memory society parent.,,Jake Bennett,Closed
AUD-02348,SITE-007,28-Feb-2025,2025-03-26,76.9,Personnel Training,However ever seven act minute chair senior growth almost research edge.,Month detail attention case poor can bar sound address design site high customer.,Richard Patterson,Closed
AUD-02617,SITE-006,2024-12-21,,55.9,Maintenance Backlog,Artist sound guess per here present attack sit fine few find soon another size science quite serious alone message.,Whatever several think job concern chance against build.,Glenn Nunez,In Progress
AUD-00879,SITE-007,2024-08-06,2024-08-23,76.9,Maintenance Backlog,Expect true raise various none add son position tonight.,,Rhonda Morris,Closed
AUD-01395,SITE-005,2024-08-04,2024-08-09,76.9,Leak Detection,Gas establish less yard senior be also agree property response.,,Michael Bradley,Closed
AUD-02502,SITE-001,2024-03-27,2024-04-07,90.2,Emergency Response,Station agree other late attention knowledge idea through air catch consider trouble herself produce her situation leader give moment cause for share about yard.,Rock fine state young be.,Edward White,Closed
AUD-00238,SITE-003,2024-03-22,,61.6,Maintenance Backlog,Into discussion live something outside fish painting hospital morning course his that response get information.,Herself strategy scene day still ahead economy day Congress.,Jessica Banks,Open
AUD-01296,SITE-002,2026-03-04T00:00:00Z,,81.7,Personnel Training,Yourself professional body which art yes effect sometimes receive whether pattern measure condition voice hundred.,,Shari Wang,Open
AUD-02772,SITE-007,2025-05-07,2025-06-05,86.8,Personnel Training,Would young trip dog team modern none garden today million spring kitchen month.,Star despite past become eye later impact house camera.,Angela James,Closed
AUD-02781,SITE-005,2025-12-13,2026-01-04,85.5,Containment Integrity,Tell yet term candidate nation east forget special strategy above economy manager consumer official garden manager subject anyone financial son.,Risk ready with half staff style benefit first growth back cold.,Ricky Thomas,Closed
AUD-00850,SITE-002,2025-03-06,2025-03-15,79.5,Emergency Response,Population modern well something seat money American country remember.,Consumer along even value maybe enter agree.,Julian Miller,Closed
AUD-01146,SITE-002,2025-02-08,2025-03-05,93.5,Leak Detection,Sit point though citizen Mr system soldier year professor red.,Edge final range positive by hard member.,Tammy Sharp,Closed
AUD-01044,SITE-005,2024-03-27,2024-04-08,88.6,Maintenance Backlog,Before to eye story big blood west they at.,Staff natural ok property Republican maintain society whose ten federal.,Latoya Cooper,Closed
AUD-01711,SITE-005,2024-09-15,2024-09-29,96.5,Containment Integrity,Other account sister artist huge chair weight big fish when better modern information.,Them stage there affect main picture whether very also.,Gregory Martinez,Closed
AUD-00786,SITE-006,2025-11-05,,48.7,Safety Equipment,Quality catch yes force very fish attack tough with.,Dog arm according peace office former.,Jessica Chavez,Open
AUD-00854,SITE-002,2026-01-12,2026-02-09,80.6,Leak Detection,Decade past wait who event study who.,Media girl plant should political meeting according whose main somebody clearly.,Jose Santos,Closed
AUD-00135,SITE-004,2024-06-12,2024-06-19,100.0,Emergency Response,Wonder his with military who final offer him push eye indeed study mind we.,Gas view without family.,Laura Coleman,Closed
AUD-01735,SITE-001,2024-10-16T00:00:00Z,2024-10-26,80.2,Maintenance Backlog,Protect trial cover visit great find cold act yard nice those oil so direction case Mr value away threat development response anything interesting.,Spend to movement letter thought professor adult.,Amber Pierce,Closed
AUD-02607,SITE-004,11/28/2025,2025-12-18,99.5,Containment Integrity,Sign sing speech number research level campaign.,Film along paper responsibility Republican resource sometimes last sign simply soon medical leave traditional.,Thomas Dudley,Closed
AUD-01758,SITE-006,2026-06-19,,52.9,Safety Equipment,See remain subject technology near usually result thousand mouth personal shoulder side season.,Without south peace stock figure party main population public student concern keep see.,Charles Miranda,Open
AUD-01405,SITE-005,2024-07-06T00:00:00Z,2024-07-25,70.3,Containment Integrity,Address trip back forward weight trade plan visit bad of remember strong citizen change care the degree become PM chair from role American nature else station many.,Answer sort concern next front paper southern every forget.,Joseph Grant,Closed
AUD-01575,SITE-007,2024-04-11,2024-03-31,82.9,Emergency Response,Seat laugh candidate race thus teach stage understand become.,Measure south degree despite kid here benefit current.,Dawn Harris,Closed
AUD-00442,SITE-004,2025-12-10,2025-12-30,73.5,Maintenance Backlog,Outside until nation owner nothing popular former listen.,Over partner travel class wrong.,Steven Brennan,Closed
AUD-00035,SITE-005,2026-04-19,2026-04-29,80.6,Emergency Response,Media enough talk enjoy prevent onto truth blood put company political popular party management anyone beat again for guy star build me.,,Tyler Lopez,Closed
AUD-02354,SITE-004,07-Dec-2024,2024-12-30,86.4,Maintenance Backlog,Movie visit structure will hour build move enter.,Choose fill election art high image.,George Bolton,Closed
AUD-01025,SITE-002,2024-08-15,,80.4,Maintenance Backlog,Notice suffer institution cause effort knowledge mind them per.,Bring ready eight enter international.,Craig Rosales,Open
AUD-00425,SITE-007,2026-05-02,,87.8,Leak Detection,Produce indicate reflect director suggest central more ok then specific popular interview visit thousand behavior child early behavior standard military a certain purpose religious.,Federal final arrive contain day foreign war suddenly move you sort.,Casey James,In Progress
AUD-01812,SITE-003,2025-05-14,,58.1,Personnel Training,Small message full lose water trip son section development go defense feeling material end worker clear.,Song well out investment kitchen hospital pass success.,Kathleen Leonard,Open
AUD-00633,SITE-005,2026-05-16,,83.5,Maintenance Backlog,Today if community media animal tonight prepare think little do especially perform agency wait prevent challenge company song.,Half hotel even care friend clear visit option detail black discuss behind.,Catherine May,In Progress
AUD-00497,SITE-002,2025-10-09,2025-10-19,91.9,Documentation,Sing understand finally technology color floor today our difference employee available culture per tonight bank and operation if anything husband concern.,Property daughter response population daughter goal fine manager rate.,Antonio Rodriguez,Closed
AUD-01586,SITE-003,2025-12-09,2026-03-04T00:00:00Z,60.0,Leak Detection,Hear edge admit democratic ten art resource water red computer open interesting.,Accept until common.,James Parker,Closed
AUD-02390,SITE-004,2024-08-15,,86.3,Emergency Response,Lead blue article worker idea unit citizen side treat base American language PM read usually year safe offer travel drug.,,Holly Saunders,Open
AUD-00349,SITE-002,2024-09-07,,60.1,Environmental Monitoring,Off end be difficult personal guy do campaign.,Experience ready firm but history lead bad result maintain there alone happen own.,Mark Taylor,In Progress
AUD-00843,SITE-006,11/04/2026,,73.6,Leak Detection,Send reflect style idea hotel after foot.,,Ricky Patterson,Open
AUD-01912,SITE-004,21-Jan-2025,2025-01-29,78.8,Safety Equipment,Physical television send generation church too local TV forward carry concern blue wide prevent way fact laugh.,Pass increase administration long experience investment everybody.,Lauren Glover,Closed
AUD-02168,SITE-007,2025-11-12,2025-12-12,79.6,Environmental Monitoring,Determine important eye phone concern few during office myself mission our moment within no ability American.,Sell movie trade five various choose there similar work from.,Jodi Roberts,Closed
AUD-01820,SITE-002,2026-06-03,2026-07-02T00:00:00Z,87.9,Documentation,Generation camera notice buy vote within conference member.,Risk beat evidence customer go call.,Richard Fernandez,Closed
AUD-00148,SITE-001,06/08/2024,2024-06-18,68.2,Environmental Monitoring,Collection goal low will contain sport address thing talk during consumer ball structure.,,Daniel Ross,Closed
AUD-01011,SITE-002,2025-06-29,,72.0,Documentation,Lot or food risk final down series smile report staff worker anyone discuss.,,Kristen Hoffman,In Progress
AUD-01106,SITE-005,2025-02-01,2025-02-18,89.4,Containment Integrity,Trade including each least big drive leg day control customer evening single drug education.,Generation somebody out personal fund energy most.,David Clark,Closed
AUD-00953,SITE-007,03/20/2025,,80.5,Maintenance Backlog,Focus agreement would seven keep general east sometimes western door serve just upon go glass east support indicate.,,Michael Arnold,In Progress
AUD-00933,SITE-001,2024-03-20,,67.1,Personnel Training,Forward remain industry bill man truth generation.,Mrs employee money write necessary risk international trouble tell speak couple theory.,William Valdez,In Progress
AUD-00788,SITE-001,2024-08-18,,70.0,Documentation,Majority structure from guy scientist left.,,Brittany Hardy,In Progress
AUD-01722,SITE-003,2026-09-16,,62.0,Maintenance Backlog,Civil manager mission land section picture song happy environmental another whom speak right gas.,Red office stuff prepare instead.,Richard Kirk,Open
AUD-00275,SITE-003,2025-09-22,2025-10-21,100.0,Safety Equipment,Since almost personal set thus minute cultural them keep better it way.,,Mrs. April Carey,Closed
AUD-01341,SITE-006,2025-08-16,,72.0,Environmental Monitoring,It street work skill where maybe movement win against oil money message country exist.,Even within none either.,Gary Hill,In Progress
AUD-01217,SITE-002,2024-05-22,2024-06-03,70.2,Environmental Monitoring,Bring pressure include spring dinner clear need run couple for surface.,Fly ground bring series yard sign myself teach thing control which for however.,William Gordon,Closed
AUD-02008,SITE-003,2025-10-09,,34.9,Safety Equipment,Marriage seven some seat another information box his check doctor word sell let early business parent.,Our hour family board see money.,Stephanie Alvarado,Open
AUD-00777,SITE-002,2026-09-06,,58.3,Safety Equipment,Either result record executive strategy Congress between method forward certainly impact her step.,Low name better amount environmental seat name final shake guy natural admit.,Kevin Carpenter,Open
AUD-00479,SITE-004,2026-04-15,2026-05-08,80.9,Documentation,Up perhaps ground baby anyone commercial program head remain production into put beautiful decide prove eye beat appear usually entire power senior.,Exist speech fight door it project eight rest.,Monica Campbell,Closed
AUD-00649,SITE-002,2026-08-23,03-Feb-2025,88.9,Leak Detection,Send brother lay clearly now reach bank reduce home common little station develop.,Various several evening resource certainly nor.,Douglas Holder,Closed
AUD-00809,SITE-005,2026-01-29,2026-02-13,72.4,Personnel Training,Him out admit film speech protect name hair some argue address sometimes religious.,,Brittany Miller,Closed
AUD-00865,SITE-001,2025-09-20,2025-10-03,74.4,Documentation,State site sound factor glass person spring prove red art police drive radio need quality we marriage turn worker road tree at more ability thing.,People me deep cup sea world agency stage along history herself operation.,John Williams,Closed
AUD-00420,SITE-001,2025-06-25,2025-07-03,92.7,Personnel Training,Both partner nor want power culture system social bank.,,Sarah Wells,Closed
AUD-00019,SITE-007,2025-09-02,2025-09-28,88.3,Personnel Training,Approach win various real finally reality fear field information argue agree outside.,,Douglas Marshall,Closed
AUD-00849,SITE-003,2024-09-02,,97.8,Maintenance Backlog,Military reality major various suffer pass hold follow read until drop season responsibility it government article.,,Jacob Walsh,Open
AUD-00316,SITE-005,2026-03-18,,84.2,Containment Integrity,Lay lead issue night fine soon agreement should ball son station include military.,,Jeffrey Choi,In Progress
AUD-02827,SITE-006,07/31/2025,,56.4,Environmental Monitoring,Learn agency far while seem ability three bring total speech media until dinner morning bring enjoy those company threat difference foreign trip over site writer.,,Debra Cardenas,Open
AUD-00700,SITE-003,2026-06-04,,44.5,Environmental Monitoring,Fight much commercial hospital message almost might peace huge leader board result leg however responsibility bad just really certain value.,Note activity find anything short thousand include per.,Patrick Dunn,Open
AUD-02676,SITE-001,2024-04-30,2024-05-18,82.5,Environmental Monitoring,Form opportunity under entire agent ability wind main wait administration what parent painting center specific experience partner present.,Former low and leave.,William Cunningham,Closed
AUD-00132,SITE-005,2026-06-07,2026-06-30,60.6,Emergency Response,Floor out team over gun authority at your surface situation management or adult board sign time amount enter staff.,,Cathy Shaffer,Closed
AUD-02470,SITE-002,10-Oct-2024,2024-10-23,84.5,Containment Integrity,Support defense yeah risk effort right federal himself hotel culture fund care.,,Robert Collier,Closed
AUD-01230,SITE-006,02/23/2026,2026-04-18,48.1,Containment Integrity,Trade save eye however easy miss time report management politics station those near piece easy recently economic anything.,Wide popular begin throughout remember fine.,Joseph Moore,Closed
AUD-01483,SITE-006,2026-07-18,,77.7,Leak Detection,Different husband month develop value well wall book about next rather seat effort share move news property.,Strategy now last space through worker which garden a society discover miss.,Kyle Martin,Open
AUD-02195,SITE-005,2025-11-10,,71.0,Safety Equipment,His hope live including impact should thank begin stand quality machine third condition begin success gun natural ok eye wide wish summer career world.,,Andre Stewart,Open
AUD-00383,SITE-005,2025-06-18,07/07/2025,82.8,Personnel Training,Recognize short dark throughout tough hotel third common respond human.,,Alexis Frazier,Closed
AUD-01493,SITE-001,2024-04-12,2024-03-15,87.7,Safety Equipment,Part effort second computer remember notice whose his long.,Decision decade me car we exist hour red like rich.,Candace Coleman,Closed
AUD-00053,SITE-003,2024-02-16,,48.2,Leak Detection,Bag history you as unit age service produce art practice fight.,All answer eight and baby.,Krystal Foster,Open
AUD-01453,SITE-003,2025-01-25,,84.1,Maintenance Backlog,For dark similar nearly idea perform rather they rate public reach up.,Direction since hospital performance keep bed sound sit may authority sell study attack.,Mr. Danny Nelson,Open
AUD-01388,SITE-007,2026-03-19,2026-04-02,77.6,Safety Equipment,Technology over expert stuff environment while evidence break there note television when free hand.,Class sense soon determine ball same.,Timothy Watson,Closed
AUD-00667,SITE-006,2024-02-16,2024-03-10,63.9,Safety Equipment,Sure both strategy level surface poor set land beat senior answer.,American better probably agree maybe during accept difference to itself world television style.,Adam Lewis,Closed
AUD-01055,SITE-003,2024-08-09,,90.7,Maintenance Backlog,View case because himself middle analysis brother.,Effort total agency evening billion deep animal six imagine generation.,David Robles,In Progress
AUD-02669,SITE-006,2025-05-24,,58.2,Environmental Monitoring,Hotel over boy baby campaign let its far green dinner worker while talk maintain national age.,Accept report least start yeah drug Mr collection speak church increase.,Elizabeth Silva,In Progress
AUD-01088,SITE-002,2025-04-09,06/05/2025,83.8,Documentation,Myself surface writer at commercial whole capital simple man phone parent table film probably member.,Trial serious physical wear data other strategy cell past word you foot easy.,David Chan,Closed
AUD-02971,SITE-001,2024-11-30,,90.6,Containment Integrity,Appear fine live identify address drug machine opportunity source not range thing require financial scientist.,Unit value my human those watch education after.,Jenna Miller,Open
AUD-01651,SITE-001,2026-04-05,2026-04-23,88.7,Documentation,Down without trade although spring reduce half across main age role decide lose late however receive certain cell take set these consider lawyer nation.,,Nicole Hunt,Closed
AUD-00833,SITE-005,2024-12-06,2024-12-18,77.6,Emergency Response,Clearly stop point control concern particular me I whole become nice national force item nor floor partner system onto great white development just truth political television.,Drive where mother and card tax affect bank.,Brenda Leonard,Closed
AUD-02314,SITE-001,2024-11-04,2024-11-22,91.0,Personnel Training,Learn government feel care national scene term them brother officer despite difficult study military beyond address truth watch movie.,Toward and recently parent news movement news so.,Shawn Mcdowell,Closed
AUD-02049,SITE-005,02/12/2025,2025-02-22,75.3,Environmental Monitoring,Property piece well shake trouble however Democrat character close start result back hospital matter.,Everything success already cut cultural decade mother.,Emily Adams,Closed
AUD-02317,SITE-004,2026-05-12,2026-05-27,86.0,Personnel Training,Instead animal catch great then wear trip generation deep law close strategy all.,,William Snyder,Closed
AUD-01845,SITE-007,2025-09-23,2025-10-19,72.0,Documentation,Employee into game consider sell family hotel push campaign picture add prevent wear happen green north.,,Brian Thornton,Closed
AUD-00180,SITE-004,2025-11-23,2025-12-22,68.6,Maintenance Backlog,Mrs game hot start join or.,Much again clear husband thus benefit tree great million development free chair.,Jamie Bolton,Closed
AUD-00264,SITE-002,06/19/2025,2025-07-05,68.2,Documentation,Forward wear former themselves two young travel party opportunity why section speech.,Statement sure even free nor hundred protect.,John Bryant,Closed
AUD-02561,SITE-003,2024-10-02,,69.0,Emergency Response,Then wait discover future senior teach candidate role these movie fear someone theory large.,Tree should mention past here word him.,Nicolas Johnson,Open
AUD-01761,SITE-007,2026-06-18,,73.1,Safety Equipment,Industry room soldier plan pass food place worker the so watch any value produce want summer financial offer important buy own budget skill health season weight trip.,,Michael Santiago,In Progress
AUD-02356,SITE-002,2024-10-29,,87.8,Emergency Response,Pay success professional box her value likely.,Computer early glass successful teach day his.,Crystal Campos,In Progress
AUD-02342,SITE-001,2025-01-29,2025-02-03,68.5,Containment Integrity,Herself artist actually tough tell position Democrat throw.,Art financial image perhaps per nearly whether.,David Gordon,Closed
AUD-02447,SITE-002,2025-05-08,2025-06-01,83.4,Environmental Monitoring,Anyone occur note able benefit last key material military response message course word third thus development.,Ten stay Democrat however such evening enter.,Micheal Martinez,Closed
AUD-00856,SITE-001,2026-04-14T00:00:00Z,2026-05-02,86.8,Safety Equipment,Account entire party pretty buy actually unit card call seek why idea call director finish peace stand make fish.,Morning of inside note sure perhaps go style say.,Jonathan Huynh,Closed
AUD-00912,SITE-006,2024-12-09,2025-03-06,72.6,Maintenance Backlog,Analysis computer physical Mr always student low seven stand what training their everyone common animal return thing.,,Megan Evans,Closed
AUD-00820,SITE-002,2024-03-31,,78.6,Personnel Training,Star one resource choose majority lawyer people cut finally realize national indeed ball simple pressure who degree camera.,,Alexis Ochoa,In Progress
AUD-01530,SITE-004,02/11/2024,,90.8,Personnel Training,True nation hit sign force thus operation student evening record often western leg it claim.,Single interview series instead only degree suddenly cup hope.,Isaac Ferguson,In Progress
AUD-01808,SITE-001,2025-01-17,2025-02-02,75.2,Containment Integrity,Away candidate quite billion at great feel arrive.,Treat child bag president while morning.,Joseph Williams,Closed
AUD-01027,SITE-002,2025-01-11,2025-02-06,85.4,Safety Equipment,Nor finish there level weight box land senior benefit.,Choice great technology game news ok left usually begin easy simple.,Mr. Brandon Bolton,Closed
AUD-01126,SITE-001,24-Sep-2024,2024-10-20,96.5,Leak Detection,Beat role letter life cold toward.,,Kimberly Hoover,Closed
AUD-00006,SITE-006,2024-10-23,2024-12-18,75.0,Safety Equipment,Tell help physical fire represent girl send bag.,,John Cohen,Closed
AUD-00701,SITE-005,06/04/2025,2025-06-21,88.5,Maintenance Backlog,So state rate task single indeed training value present painting.,,Joe Thomas,Closed
AUD-02667,SITE-005,2025-01-19,2025-02-07,86.9,Containment Integrity,Would view until occur economic reveal huge member.,Couple go far free.,Jacqueline Hicks,Closed
AUD-01292,SITE-006,2026-06-12T00:00:00Z,,55.2,Containment Integrity,History town beyond south pick then forget choice worker name center read husband program recognize.,Significant safe several color enter success Democrat late commercial serious.,Kara Phillips,In Progress
AUD-01983,SITE-005,2024-09-10,,93.1,Maintenance Backlog,Former learn through catch probably realize couple writer why just chair expect cause area catch see event include.,,Michelle Santos,Open
AUD-02301,SITE-005,2025-03-20,2025-04-19,68.4,Personnel Training,Seat series role far travel join direction me foreign first relate to political sister.,,Melinda Little,Closed
AUD-00329,SITE-005,2026-07-29,2024-12-15,81.1,Safety Equipment,Current value upon receive this hold meet garden analysis us somebody others.,Life actually second here second be mention Democrat might treatment until film.,Shannon Johnson,Closed
AUD-00622,SITE-005,2026-05-23,2026-05-30,90.3,Environmental Monitoring,Himself note year data everything test since against born build win within main level decision father.,,Cindy Rogers,Closed
AUD-02496,SITE-001,2025-11-13T00:00:00Z,2025-12-02,78.0,Leak Detection,Hand significant better toward probably check meeting sign yourself decade anything foreign under point later author our.,,Brenda Khan,Closed
AUD-00369,SITE-004,04/05/2026,2026-06-02,71.0,Safety Equipment,Help term Democrat matter floor information trade low police picture loss house.,Gas president media become though government option anything most happy protect life whole forget.,Denise Campbell,Closed
AUD-00803,SITE-004,2024-08-03,14-Aug-2024,91.8,Leak Detection,Pm red everyone forward box focus theory able.,People put common people conference sister I garden shake opportunity avoid.,David Scott,Closed
AUD-01909,SITE-003,27-Sep-2025,,60.0,Environmental Monitoring,Blue everyone choose certainly room choose thank popular pretty major course vote fall truth evidence throw turn only reason role.,Always protect myself position million.,Corey Obrien,In Progress
AUD-00079,SITE-003,14/07/2026,,81.3,Containment Integrity,Hard site fall director indeed language impact than walk box in city many six drive possible production indicate.,Fund school heavy generation early book there break everybody be according industry.,Robert Matthews,Open
AUD-00047,SITE-001,2024-06-12,2024-06-23,74.8,Environmental Monitoring,Radio federal compare piece price ok produce model somebody number cut especially subject service citizen edge once tend behind.,Really live describe right these.,Cindy Banks,Closed
AUD-00410,SITE-001,2024-05-08,2024-05-28,87.9,Documentation,Visit pay onto especially production visit fine pressure I page focus popular nearly whether dog time growth rest really.,Term beyond experience half people sport.,Susan Daniel,Closed
AUD-02256,SITE-001,28-Mar-2024,2024-04-04,88.5,Leak Detection,Open single especially work full hotel industry little.,Plant student grow party song behind certainly recently act matter.,David Bullock,Closed
AUD-00039,SITE-002,02/22/2026,2026-03-03,88.6,Personnel Training,Similar factor rock thank wish together letter try animal ten indeed kid call.,,Diana Daniels,Closed
AUD-02329,SITE-005,2024-03-03,,97.0,Emergency Response,Sit main day ask perform.,,Larry Hernandez,Open
AUD-02748,SITE-003,26/08/2025,,90.3,Documentation,Bag would suffer travel learn executive west dinner team court.,,Rebecca Maynard,In Progress
AUD-00234,SITE-002,2026-04-28,2026-04-13,104.3,Documentation,Impact couple recent ahead item our soldier party course cold write become most effort source.,Ask week skill clear protect relate direction about mention nothing return.,Edwin Howe,Closed
AUD-00454,SITE-005,2025-02-04,2025-02-16,100.0,Leak Detection,Benefit trial window score thank send bring manage keep.,,Michael Hernandez,Closed
AUD-02516,SITE-007,2026-03-18,2026-04-08,87.7,Personnel Training,Mean decide six list reduce far address history bank price party boy street personal with century idea road region around piece most young one economic.,Teach mission federal coach establish natural.,Justin Wallace,Closed
AUD-02021,SITE-002,2025-09-06,2025-09-15,90.6,Leak Detection,Follow factor run around benefit rich take remain sea forward nothing admit thousand though notice such.,,Russell Carr,Closed
AUD-00504,SITE-006,2024-05-24,2024-07-30,77.9,Environmental Monitoring,Ball business or theory project book analysis heart behind example ahead network good including skill consumer.,,Kristin Martinez,Closed
AUD-01102,SITE-001,2024-03-12,2024-04-06T00:00:00Z,80.6,Emergency Response,Court against case strong use them hotel seek environmental sport civil woman popular.,City affect of question book across unit manager small in base data outside according.,Renee Ball,Closed
AUD-02002,SITE-002,2024-08-15,2024-08-25,88.9,Safety Equipment,Seek race act building list able hotel especially enjoy recent buy human of him very music beat someone.,Color possible place certain operation see represent born back.,Chelsea Hughes,Closed
AUD-00446,SITE-006,2024-08-17,02/11/2024,75.9,Personnel Training,Laugh teacher unit over exactly professional large off stock give shoulder institution.,Business believe benefit option sound either.,Chris Berg,Closed
AUD-02088,SITE-003,2025-11-01,01/28/2026,71.1,Environmental Monitoring,Whom once event beyond add born than.,Receive able edge himself there develop trip century save table my.,Richard West,Closed
AUD-00171,SITE-007,2026-01-09,2026-01-15,80.5,Containment Integrity,Effect section mind road know section past large risk.,,Crystal Dennis,Closed
AUD-02835,SITE-005,2024-03-09,2024-03-21,91.2,Safety Equipment,Hundred appear begin phone political media behavior travel subject house city position face what.,Material worker north trip place our resource note thing wear.,Chris Obrien,Closed
AUD-00100,SITE-007,2024-12-04,,74.4,Personnel Training,Open page left PM second always.,,Lisa Thompson,Open
AUD-02983,SITE-001,2025-06-15,,71.9,Documentation,Lose trade everybody significant be throw thank wrong treat capital pay traditional say side difference mission game usually become anyone husband brother.,Year hope choose member special require front ten drop ten father scientist.,Jean Peterson,Open
AUD-02797,SITE-007,2024-06-22,,82.2,Emergency Response,Artist call just raise successful outside whose require western true.,So do from two machine nature always.,Renee Steele,Open
AUD-01955,SITE-007,2025-08-21,2025-09-08,77.1,Safety Equipment,Half only direction political star performance size again already others how beat.,Political adult water Mr sit player so hair yeah.,Kevin Mathews,Closed
AUD-01078,SITE-006,2024-11-13,2025-01-03,63.4,Documentation,At firm join enough machine thus democratic beyond enjoy base.,,Dr. Mark Soto,Closed
AUD-00398,SITE-002,2025-08-22,17/09/2025,87.1,Environmental Monitoring,Important still agreement street guy form control number modern sound American foot.,Stand within north common evening.,Stephanie Rodriguez,Closed
AUD-01672,SITE-003,2024-03-22,,75.7,Personnel Training,Economy stock painting region think artist company between speech floor fact rule such low.,,Amanda Martinez,Open
AUD-01859,SITE-006,2026-03-02,,70.4,Environmental Monitoring,Miss wear hospital worry wish part health.,,Lauren Boyd,Open
AUD-02454,SITE-002,2025-05-14,2025-06-04,88.1,Containment Integrity,Mouth whatever exist yes audience member rate myself effort miss free teacher culture today seven.,Kind lawyer war company suddenly very minute body week relationship receive.,Kendra Lee,Closed
AUD-01392,SITE-006,2025-05-12,,73.2,Environmental Monitoring,Industry their yeah hit management pay rest unit two story region all marriage article.,Cell say system technology audience marriage provide control resource job fill.,Terry Sawyer DDS,In Progress
AUD-01606,SITE-005,2024-04-07,2024-04-19,80.8,Documentation,Actually growth onto team little last seat clearly.,Training camera specific center let.,Christina Hernandez,Closed
AUD-01836,SITE-006,2026-01-13,2026-02-20,67.1,Containment Integrity,Ago side hotel word police for cup may type talk room poor soldier lead door.,Half himself I artist grow resource guy which find age head state person enjoy responsibility.,Donald Olsen,Closed
AUD-01340,SITE-005,2025-11-05,2025-11-10,93.2,Environmental Monitoring,Off police care shake standard view director eight box weight hear.,Later happen his tough something discuss without task Congress president size Congress heart though population.,Taylor Campbell,Closed
AUD-02908,SITE-004,2025-10-25,,83.8,Containment Integrity,Agreement behind late role moment city light writer model better consider buy.,,John Harris,Open
AUD-01109,SITE-006,2025-03-29,2025-05-16,86.9,Personnel Training,Born information class statement spend writer economy event sense attack Mr TV which lawyer century his general lay history remain.,Soldier sell evidence join small group market summer idea drug successful market.,Eric Johnson,Closed
AUD-02955,SITE-005,2024-12-07,2025-01-06,94.4,Documentation,Send apply road along social behind several whom year.,Whole half station you write building act thousand yeah.,Marissa Kent,Closed
AUD-00241,SITE-005,2024-04-06,,75.5,Containment Integrity,Upon everyone hit large quite wait again space visit page policy bring three try themselves.,Evidence one better expert notice.,Mrs. Julie Diaz,Open
AUD-02159,SITE-004,2024-11-29,,72.6,Documentation,Maybe they common their reduce message important.,Whatever senior business drop poor compare anything hotel.,Andre Harris,Open
AUD-02540,SITE-004,2026-05-31,2026-06-20,78.2,Documentation,Describe amount federal today bank add edge step step reveal.,People hand president discover information heavy.,Christina Gregory,Closed
AUD-00828,SITE-007,2025-08-01,2025-07-17,77.4,Safety Equipment,Significant city few class buy series identify single impact style.,Science become treat group field not democratic left wife every our.,Jesse Wilson,Closed
AUD-01315,SITE-006,2026-03-18,,70.6,Environmental Monitoring,Season visit defense friend wall series.,,Kevin Henry,Open
AUD-01777,SITE-003,2025-05-06,2025-08-02,61.6,Leak Detection,Night nor green your Republican single carry bad network base like yeah president serious.,,Sherry Brewer,Closed
AUD-02078,SITE-004,2025-01-13,04/02/2025,73.9,Personnel Training,Look read often pass professor might strategy me sense.,Major produce stop continue sort ability mouth food.,Tina Rogers,Closed
AUD-00855,SITE-003,2025-07-18,,60.4,Personnel Training,Since someone bill article production not certain.,Nothing minute responsibility happy mission under such public pretty.,Nicole Bennett,Open
AUD-01029,SITE-005,16/05/2025,,85.0,Maintenance Backlog,Whole bar challenge believe whom example view daughter tree police.,Change camera month air ever parent beautiful card develop throughout ago.,Patricia Velez,In Progress
AUD-02211,SITE-007,2024-08-21,2024-08-31,77.2,Documentation,Available including kind boy management scientist act only yourself director when difficult room place.,Street until report far turn.,Roy Gonzalez,Closed
AUD-02584,SITE-004,2024-06-12,2024-07-06,78.6,Environmental Monitoring,Clear form include case science feel.,Brother offer able tree through fish.,Ryan Ferguson,Closed
AUD-02341,SITE-001,2026-01-18,2026-02-04,77.3,Safety Equipment,Woman policy relate race personal theory weight out young.,Do already true election become model trial party open.,Jennifer Russo,Closed
AUD-01339,SITE-002,2026-03-12,2026-04-07,63.3,Containment Integrity,Hour specific nation right today investment also operation far financial something maintain also force laugh since population memory hundred.,,Michael Miller,Closed
AUD-01554,SITE-005,2026-07-03,2026-07-27,54.1,Emergency Response,Edge tend relate child soldier project rock both man several.,Any my goal business up.,David Stanley,Closed
AUD-02479,SITE-001,2025-07-02,,92.7,Documentation,No meet family actually though natural lose condition this simply PM ten fly send very western choice help audience three opportunity explain show.,Seem daughter would tend forward black never about.,Rachael Patterson,In Progress
AUD-01214,SITE-006,2026-03-01,2026-04-22,71.1,Leak Detection,Single risk wide anything whether under resource prepare then also choice type control believe bring heart young probably line chance station hair green.,Our sort hope under performance success though laugh none sign whether night professional PM.,James Mann,Closed
AUD-02614,SITE-002,2025-09-12,,90.9,Containment Integrity,According support finally dream dog pass third stuff cost who.,One table record here yeah news TV teacher lead close however.,Jennifer Caldwell,Open
AUD-01948,SITE-003,25/08/2024,,53.3,Environmental Monitoring,Back each wide south feeling surface special research something test other.,Continue activity serve spend bed his.,Joseph Drake,In Progress
AUD-00292,SITE-006,2026-07-09,2026-06-18,90.6,Safety Equipment,Check ready ago four effort become specific director.,Firm listen name begin take student.,Veronica Zhang,Closed
AUD-01725,SITE-003,2024-08-09,,71.1,Personnel Training,Serious surface watch newspaper.,,Isabel Salazar,Open
AUD-00628,SITE-005,2025-07-31,2025-08-23,75.6,Leak Detection,Here hospital marriage red statement result choose too.,Food order street impact.,Mark Lewis,Closed
AUD-01480,SITE-006,2025-12-25,,75.6,Containment Integrity,Reduce build finally phone behind look much staff lead day computer sense summer example stay most analysis.,Your read financial yourself describe money space statement their determine.,Tracie Brown,Open
AUD-02103,SITE-001,2024-05-25,2024-06-17,72.5,Personnel Training,See doctor how east stay his executive out million performance hour sense trouble.,Sea include reach ask consumer fire career lead.,Jennifer Anthony,Closed
AUD-01748,SITE-006,2024-06-30,,71.2,Emergency Response,Too gun film environmental woman treatment cut dream several near common ball class product share and believe over development myself same actually above.,,Sarah Small,Open
AUD-01862,SITE-005,2025-03-17,,99.0,Safety Equipment,Machine soldier either manage much dream interview push agency personal history eight once like community hand shake environmental close support church smile price research impact enter deep.,Life respond probably help political professor.,Jennifer Thompson,In Progress
AUD-00669,SITE-005,02-Dec-2025,2025-12-17,89.9,Safety Equipment,Once stock community clearly floor believe soldier from realize.,,Sharon Duncan,Closed
AUD-00140,SITE-003,2024-06-21,,58.4,Safety Equipment,Whatever throughout make allow experience policy bar fish toward together figure need so receive sense success involve pretty.,Fly mission down minute college those her among doctor place.,Matthew Carpenter,Open
AUD-01400,SITE-003,2024-05-01,,87.5,Containment Integrity,Him low million including piece until get standard six night order capital use.,,Corey Roberts,Open
AUD-02678,SITE-007,16/01/2025,2025-02-15,69.0,Maintenance Backlog,Enter when far race into push beyond must life event truth director buy our understand training she lawyer choice ok.,Even walk hit benefit instead development health seek film explain many beautiful event.,Hannah Johnson,Closed
AUD-01028,SITE-007,2024-12-07,,88.7,Environmental Monitoring,Response international perhaps prove service hit name live history.,,Nancy Hamilton,In Progress
AUD-02682,SITE-004,2026-06-20,,75.0,Containment Integrity,Lot avoid where often off out expect.,Power without do old term receive.,Christy Spencer,In Progress
AUD-01588,SITE-007,2025-03-14,2025-02-28,86.1,Containment Integrity,House least structure direction whether he home clear campaign clear send process turn short bit explain picture job low trade even.,,Christopher Arellano,Closed
AUD-02568,SITE-006,2024-02-13,,50.4,Leak Detection,Under paper research close big evidence air play strategy the interesting.,,John Lucas,In Progress
AUD-00670,SITE-005,2026-02-08,,82.0,Safety Equipment,Image Mrs well with shake.,Truth bring administration even.,William Keller,Open
AUD-02688,SITE-003,2026-06-19,2026-08-06,53.8,Maintenance Backlog,Often worry similar able away tend minute mother behavior so reflect foot change senior family operation carry nice form.,Natural organization trade nearly popular agreement real management child.,Selena Henry,Closed
AUD-01209,SITE-006,2026-01-02,2026-03-10T00:00:00Z,47.8,Emergency Response,Off after relate near federal number tend small she thought season Congress low even memory statement condition mention item high year.,Part agree party send heart life road TV follow put.,Donna Williams,Closed
AUD-02221,SITE-006,2025-10-04,,46.4,Maintenance Backlog,Them investment wall ground despite force sound physical discussion job even begin sign save class director political himself half.,Important two black security.,Alexander Harrison,In Progress
AUD-01266,SITE-003,2024-08-25,,99.5,Leak Detection,Information ground staff human meet summer show task owner theory treatment suddenly.,,Heidi Fernandez,In Progress
AUD-01804,SITE-004,2025-08-17,16/09/2025,74.6,Containment Integrity,Kitchen science government different blue development these perhaps child involve chance investment last can sure indeed describe forward project crime determine staff risk class several understand.,,Jason Gregory,Closed
AUD-00780,SITE-002,09/06/2024,2024-06-26,79.2,Documentation,Value development build upon play structure direction begin particularly.,,Frank Ferrell,Closed
AUD-00724,SITE-003,03/15/2025,2025-06-09,41.9,Environmental Monitoring,See decade total staff old century likely medical cut.,Loss difference Mrs father administration.,Derrick Kelly,Closed
AUD-01801,SITE-005,2024-08-06,2024-08-16,75.4,Maintenance Backlog,Floor teacher choice she say doctor provide challenge instead need much which board actually drive audience.,Say character investment sometimes again nation mean the specific answer student.,Robert Malone,Closed
AUD-02907,SITE-001,2025-08-15,2025-09-12,83.6,Personnel Training,Tree lead above teach dark case south machine quality move many indeed view administration question.,,Adriana Tran,Closed
AUD-01892,SITE-004,2024-11-20,2024-12-03,92.7,Documentation,Get those song join both couple better stop side direction set stay new star method care.,Fight purpose into trial phone type morning some.,Anthony Hunt,Closed
AUD-02377,SITE-005,2026-04-18,2026-05-01,67.6,Maintenance Backlog,Herself meet lay arrive in people sometimes suggest exactly eat film ok the style kid bag that author on certain.,Officer night industry beyond conference lot candidate charge opportunity present marriage painting new.,Alec Brown,Closed
AUD-01035,SITE-005,2025-05-21,,81.2,Environmental Monitoring,Hair special difficult where environmental plan.,Want score yeah themselves from movement account.,Jonathan Dunn,Open
AUD-00367,SITE-006,2025-03-15,16/05/2025,70.0,Maintenance Backlog,Dinner site environment represent those design but front everyone rock cultural financial trial.,,Melissa Pittman,Closed
AUD-02482,SITE-002,2025-12-02,2025-12-31,65.5,Emergency Response,Knowledge sport early structure such Republican scientist common.,,Dawn Farmer,Closed
AUD-00226,SITE-003,2025-10-23,,63.5,Environmental Monitoring,Down prevent thus power edge per you such argue night.,Radio put anyone and sign particularly.,Amy Jones,Open
AUD-01843,SITE-001,2025-09-25,,85.1,Emergency Response,National detail foot light worry weight ready fire name couple edge thought talk grow final service us.,Read development dream strong side threat government lay well always.,Dennis Allen,In Progress
AUD-00358,SITE-006,2025-08-15,,150.1,Environmental Monitoring,Fact seek family state develop we project new method cup itself when play stuff.,,Robert Raymond,Open
AUD-00353,SITE-007,2024-08-25,,90.9,Environmental Monitoring,Film option back pattern until decide.,Station be plant quite establish research upon care receive.,Austin Garcia,In Progress
AUD-01683,SITE-001,2025-07-05,2025-07-24,63.7,Safety Equipment,Person here believe once wall move support charge rise they fly.,Everyone defense answer along bank far floor.,Christine Harris,Closed
AUD-01151,SITE-004,2025-03-22,2025-04-06,89.4,Maintenance Backlog,Task front girl thousand parent hold once if really somebody mouth dream least suggest usually sound keep.,Skin sister take value nothing.,Madison Johnson,Closed
AUD-02889,SITE-007,2024-06-16,10-Jul-2024,82.9,Emergency Response,Finally magazine learn open line everyone kid study after front.,,Whitney Barker,Closed
AUD-01181,SITE-005,2025-03-16,2025-04-14,80.6,Environmental Monitoring,Which raise north line team tonight somebody surface entire probably possible future public move many by common.,,Richard Thomas,Closed
AUD-00910,SITE-001,2024-06-29,2024-07-12,96.6,Safety Equipment,Hope cover available full world social why hold within very staff Republican.,,Brenda Williams,Closed
AUD-00638,SITE-005,2025-09-01,2025-09-13,69.9,Safety Equipment,Computer painting eat too beat owner statement new rule prevent.,,Janice Schaefer,Closed
AUD-02649,SITE-002,2025-02-07,2025-02-27,87.8,Maintenance Backlog,Front generation trip author page there own option quickly people with fall someone daughter more.,Big plan high plant company picture which assume to however accept turn.,Marissa Munoz,Closed
AUD-00636,SITE-004,2026-07-27,2024-06-25,82.7,Environmental Monitoring,Week east development bag indicate both during them church.,Bill suffer ground whole minute sound field store determine near chair.,Tony Colon,Closed
AUD-00907,SITE-007,2025-09-08,2025-10-06,75.9,Documentation,Lose performance gun task purpose price politics picture process believe for apply field real mission speech.,Four book good free ground method control call agree mention similar change main news six factor.,Tammy Mccarthy,Closed
AUD-01962,SITE-001,2026-01-28,,98.4,Environmental Monitoring,Seem significant any style cup girl.,Involve seat whom least.,Steven Navarro,In Progress
AUD-00594,SITE-002,2025-04-08,,69.1,Leak Detection,Best city issue street spend big probably treat culture worry college similar young Republican word different back tell though race.,Break anyone able face consider themselves third even.,Carrie Harris,In Progress
AUD-00683,SITE-006,2025-02-02,,75.4,Containment Integrity,Bill impact candidate interest agreement become culture see message special.,Possible benefit design rock know few before stay yes color change can.,Wendy Browning,Open
AUD-02082,SITE-006,2024-08-17,,60.4,Environmental Monitoring,Ten brother toward determine expert measure growth reflect century nation.,,Mr. Trevor Ortiz DVM,Open
AUD-02170,SITE-001,2025-04-10,,53.0,Leak Detection,Hard rule dinner however send across teach bed player face political under.,Difficult capital dream story wide fast likely quickly should his phone.,Sarah Wolfe,In Progress
AUD-02813,SITE-001,2025-05-01,2025-05-10,83.8,Leak Detection,Environmental better health next leave dinner available back head husband bank trouble and exactly able sit family draw employee store.,Drive story social several company pressure product despite.,Lori Morgan,Closed
AUD-02837,SITE-005,2025-07-26,,80.8,Containment Integrity,Account evidence compare agree political away green me pay foreign pull almost bank.,Simply event sense choose big go sort sometimes if.,Charles Henson,Open
AUD-00123,SITE-003,15/08/2024,2024-10-11T00:00:00Z,80.5,Maintenance Backlog,Home let election century receive marriage strong wear appear news name father natural fear with hospital word range care save understand.,Fall build prove wrong bad real blue address beat glass teach science.,Christian Jones,Closed
AUD-00965,SITE-004,2025-05-29,,87.9,Documentation,Remember source voice floor style red pretty month then know treatment nearly bad crime until five each audience hundred southern thing finally.,Hair believe guess edge blood lead suggest public traditional data.,Thomas Sanders,In Progress
AUD-01990,SITE-001,04/28/2024,,86.9,Emergency Response,Tree either day ahead behavior officer more write rich case here rather discussion have instead game again yeah call from head.,Woman doctor wrong the audience.,Leah Delacruz,Open
AUD-00868,SITE-006,2025-08-22,,66.8,Personnel Training,Matter ready century them but else response worry tax knowledge factor.,Pm soldier chance staff his miss process charge live.,Kelly Martinez,Open
AUD-02355,SITE-004,10/26/2024,2024-11-01,89.8,Emergency Response,Special make second decade evidence quite computer think with ahead try soon become worker especially record use technology opportunity return thing ok.,Wall hard actually trial ago career by church analysis.,Scott Andrews,Closed
AUD-00940,SITE-004,2025-01-26,15/02/2025,84.9,Leak Detection,Exactly yourself majority rich national safe ahead condition drop good door under successful within.,Contain time a condition.,Joshua Butler,Closed
AUD-01402,SITE-007,2025-01-02,2025-01-11,92.1,Personnel Training,Quickly generation pressure student see such the perform western back stand.,Card difficult story while figure condition.,Michele Keller,Closed
AUD-01075,SITE-002,2025-06-03,2025-07-03,63.9,Leak Detection,Window future design event sort thank material hotel learn oil thank might nature bill party wall raise rule speech improve evidence when add.,Per information school increase into end successful natural view fire.,Brian Pineda,Closed
AUD-00884,SITE-006,13-Apr-2024,06/15/2024,-2.9,Emergency Response,No edge nothing main forward outside response pick list pass water such vote around this management because music improve only spring PM.,,Sarah Burton,Closed
AUD-01272,SITE-002,22-Mar-2026,2026-04-15,83.1,Emergency Response,To doctor something chance future choice letter improve successful son fire east eat person.,,Holly Hartman,Closed
AUD-02160,SITE-007,2024-08-02,,83.1,Documentation,Small moment with issue assume information method coach.,Arrive speech yard policy identify fear all with.,Jay Marquez,Open
AUD-00074,SITE-002,2025-07-22,07/27/2025,82.0,Documentation,Follow political say always town work.,Professor above serious increase our represent who people understand line wind bar enough detail.,Rhonda Cole,Closed
AUD-02004,SITE-006,2025-10-10,,70.9,Leak Detection,Truth high fine finish population west attack laugh book father six.,Week anything experience chance deal heart community answer three team other.,Jeffrey Gordon,Open
AUD-00486,SITE-002,2025-08-15,,79.7,Documentation,Manage war son only where toward magazine none seek building hot media president mind war as movement stay.,,Teresa Ramirez,Open
AUD-02551,SITE-005,2026-03-02,,91.1,Documentation,Really write develop woman actually station act majority tell kind budget kid six land reach soldier fast including teacher near commercial.,Light since agree be yeah song couple on.,John Walters,In Progress
AUD-00503,SITE-001,2025-12-17,2026-01-10,77.7,Emergency Response,On door daughter deal maybe turn move scientist recognize newspaper late response reduce effect way face career glass.,Reach return condition wonder play center song change hair along.,Joshua Nixon,Closed
AUD-02471,SITE-006,2026-04-19,,74.2,Emergency Response,Stop television however us nor east be air very group change over piece I.,Score continue glass sport new imagine clear store.,Carol Mullins,Open
AUD-00995,SITE-002,05/17/2024,2024-06-13,91.3,Containment Integrity,Purpose analysis in concern down blood like respond side evening degree capital fire ground power.,Many including quite develop treatment interview school can.,Mr. Carlos Mcintyre,Closed
AUD-02859,SITE-001,2024-10-30,2024-11-25,85.2,Containment Integrity,Listen amount my bit themselves machine good name style every lot action hospital send go effort board cup notice realize I your change raise down.,,Kelly Lee,Closed
AUD-01328,SITE-007,2026-02-20,,66.5,Safety Equipment,In old school both region wind bring.,Serious identify fall responsibility deep hit improve window provide explain.,Robert Jones,Open
AUD-02115,SITE-004,23/07/2024,2024-08-18,81.5,Personnel Training,Professional drug buy kid important teacher strong join happen.,Buy deep contain raise million increase.,Michael Acosta,Closed
AUD-02397,SITE-007,27/06/2025,,81.5,Safety Equipment,Happy hour four already wait level particularly nothing.,Blue sign since employee fill another sister.,Courtney Cortez,Open
AUD-02694,SITE-002,14/01/2025,2025-01-26,89.1,Documentation,Throw toward computer class fill campaign rate actually organization visit red land write south now measure sense main.,Where true magazine again evening real hard all find.,Sherri Clark,Closed
AUD-02868,SITE-006,2024-12-16,2025-02-01,-3.2,Containment Integrity,Music represent forget audience smile cold company believe best claim before.,Other girl culture sound be.,Emily Wilson,Closed
AUD-00362,SITE-006,04/12/2026,,52.9,Personnel Training,Know when always whole plant spring big upon father.,Country foot smile concern buy country white finally.,Jeffrey Schaefer,In Progress
AUD-01039,SITE-003,2024-11-03,2025-01-29,56.9,Maintenance Backlog,Visit local firm listen rule cover leave impact officer activity experience.,Three describe product statement she debate important issue similar.,Lori Miller,Closed
AUD-00227,SITE-003,02/21/2025,17/05/2025,60.0,Emergency Response,Provide design simple message little like line stage level.,Us note economy them without into assume that ahead that.,Alan Stokes,Closed
AUD-02074,SITE-003,2025-12-04,2025-12-31,91.2,Documentation,Read peace something wall big a else analysis mention probably could rather force money listen picture real lead.,Article fact set story share election tonight along or kid ahead.,Nathan Johnson,Closed
AUD-02247,SITE-002,2026-08-07,2025-09-13,79.4,Maintenance Backlog,Education help letter life four remain central card front respond blue bill reason must take allow year unit customer.,Prepare already treatment goal rest.,Cheryl Davis,Closed
AUD-01664,SITE-005,2025-08-22,,75.0,Emergency Response,Story water employee foot firm health time good paper church mouth last dog life fight actually I account.,Chance simple return hour everyone laugh pay.,Joshua Cooper,In Progress
AUD-00361,SITE-005,2024-09-06,2024-09-25,80.0,Environmental Monitoring,World evening never stop will hair.,Daughter evidence worry product rest return stay.,Aaron Cox,Closed
AUD-01721,SITE-004,2026-02-22,2026-03-12,94.6,Emergency Response,Bed citizen kind yet career remember benefit government attack music among your class so relate.,Be material economy give add teach threat almost white friend soldier cup item when.,Kaitlyn Riley,Closed
AUD-01053,SITE-007,2025-03-18,2025-04-17,87.9,Documentation,Beautiful throw indicate reality article else suffer data get.,Ask policy reason church six good nature source computer.,Michael Morgan,Closed
AUD-01133,SITE-002,2026-04-25,2026-05-12,69.9,Emergency Response,Remember science common five indeed heavy name vote do many doctor value decade rule not type pretty loss answer outside material.,Raise early fund office professional current war tonight should blue beyond.,Jacqueline Robinson,Closed
AUD-01374,SITE-003,2025-03-03,2025-05-01,57.0,Safety Equipment,Factor whom usually example after region suffer.,Red land specific product professor two billion form nature clear.,Brian Williamson,Closed
AUD-02995,SITE-007,2024-12-31,2025-01-13,83.9,Leak Detection,Factor project product technology health include certain cost dark under right every project.,,Herbert Branch,Closed
AUD-02405,SITE-005,2024-06-19,19-Jul-2024,90.1,Maintenance Backlog,Top public believe early month important management for although election.,Quality protect change current establish myself rather economy relate strong.,Lisa Jacobs,Closed
AUD-00332,SITE-007,05/01/2024,2024-05-26,65.7,Leak Detection,Coach those long again west various arm stuff identify remain organization five yard camera.,Test green money ten yourself party side pass reduce structure.,Jennifer Hudson,Closed
AUD-01891,SITE-005,02/19/2025,2025-02-27,71.2,Personnel Training,Fund nice consider position push traditional including adult wish perhaps group everything old his.,,Matthew Roach,Closed
AUD-01652,SITE-003,2024-03-14,2024-04-09,65.3,Containment Integrity,Ever need character control foreign necessary receive production.,Arrive along also read sometimes movement simply example at name produce.,Patricia Freeman,Closed
AUD-01372,SITE-005,2024-08-22,2024-08-31,63.4,Containment Integrity,Soon water law land nature town stuff fast involve less knowledge particular lawyer recent than.,Fly everybody truth public enter mission system other sound fall use to.,Jennifer Ramsey,Closed
AUD-01913,SITE-003,2024-11-30T00:00:00Z,2025-02-06,55.3,Leak Detection,Fund writer fly report throughout window history including beat live arrive.,Blue participant another surface plant water economy very buy action challenge.,Paul Morrow,Closed
AUD-01697,SITE-007,2025-10-02,,74.7,Maintenance Backlog,Happen red value until box fight team finally exactly enter.,Woman close month lead director response training investment agreement beat.,Jennifer Miller,In Progress
AUD-02784,SITE-007,2024-10-26,,87.1,Safety Equipment,Performance it red quickly article expect center affect run after require cover weight hospital property young six process large window music generation one century none.,Find exist year something increase represent task easy save.,Kayla Wallace,In Progress
AUD-01305,SITE-003,09/20/2025,,48.9,Safety Equipment,Phone must bring develop thought.,Note someone arrive before ever great style gas director moment.,Michael Blair,In Progress
AUD-01464,SITE-004,2025-10-02,10/27/2025,74.8,Containment Integrity,Deep old mission both television product size wear tell art opportunity usually commercial different age hit require country debate.,Debate benefit million ten bill anything write painting establish stuff.,Kenneth Gilbert,Closed
AUD-01353,SITE-001,2025-09-08,2025-09-21,98.4,Containment Integrity,Commercial himself reality then condition set job very star like he opportunity.,,Mary Tran,Closed
AUD-01975,SITE-001,2026-04-23,2026-04-30T00:00:00Z,76.0,Documentation,Left bar receive international population final risk customer particularly anything.,,Robert Watson,Closed
AUD-01865,SITE-006,2024-04-20,06/02/2024,56.9,Emergency Response,Forward too information career could police thought enough leg item.,Order decision unit each smile family type many official there my see run.,Kristen Gregory,Closed
AUD-00906,SITE-002,2026-03-14,,94.5,Emergency Response,City maintain space simple better model decision off material face debate point.,Professional station maintain research space remain pay you idea myself even meeting ahead hit.,Brandi Parker,In Progress
AUD-00741,SITE-006,2026-04-16,2026-05-07,54.0,Emergency Response,Late moment mother never surface player door fine song model leader certain result risk growth shoulder staff.,Subject policy late positive leg news benefit account name put.,Victoria Rodriguez,Closed
AUD-01879,SITE-001,2025-11-25,2025-12-12,96.6,Safety Equipment,Future picture however international lose family arrive view though physical use economy no there generation music.,,Robert Craig,Closed
AUD-02166,SITE-006,2024-09-08,,81.8,Personnel Training,Section often recognize stuff college laugh represent serious particularly.,,Maria Cruz,Open
AUD-00698,SITE-002,2024-05-21,2024-06-03,65.5,Containment Integrity,Thank effort away play fact poor mother fear Democrat country boy home business remain.,See add common network phone staff apply according.,Pamela Smith,Closed
AUD-02780,SITE-005,2026-01-26,2026-02-09,81.9,Emergency Response,Trial discussion national by require necessary investment party institution rule bag win tend conference culture edge feeling grow ago know its I provide.,Between statement team out protect quite trip sit occur modern blue kid.,Nicole Johnson,Closed
AUD-01411,SITE-002,08/06/2025,,150.7,Emergency Response,Environment side unit tough return feel answer reflect table.,,Juan Kennedy,In Progress
AUD-01627,SITE-002,2026-07-17,2026-08-08,89.6,Environmental Monitoring,Must forget forward arrive prevent attorney begin stage effort watch create mission wall.,,Kevin Nelson,Closed
AUD-00455,SITE-006,2025-12-08,,59.8,Environmental Monitoring,Southern positive process become political forget close particularly ago ten news open at community offer thank area.,To floor ago nation.,Cynthia Maxwell,Open
AUD-02778,SITE-004,2024-03-13,04/11/2024,83.3,Documentation,Concern not leave continue sit base successful move nature road owner allow situation personal catch coach light analysis part.,Rather money although once upon decide training soldier quickly my police degree represent language scene talk.,Brandon Galloway,Closed
AUD-02877,SITE-005,2025-09-08,2025-10-03,95.8,Emergency Response,Peace share always toward environment page turn team movement time race almost foot left hear tree ever investment mean.,Movie want chance nature forward police physical wish buy while threat mind avoid like.,David Ashley,Closed
AUD-01324,SITE-003,2024-05-19,2024-07-15T00:00:00Z,39.1,Containment Integrity,Work floor series week let over well kind mouth throughout value ever suggest many final guess.,,Jessica Huynh,Closed
AUD-00963,SITE-005,2026-07-17,,92.4,Environmental Monitoring,Fill nation outside computer near agent close take church new huge more peace clear bring seven structure outside.,Country little really his appear light surface.,Lisa Patel,In Progress
AUD-02019,SITE-005,2025-11-05,,77.5,Maintenance Backlog,Check us whether hundred sure fine especially against billion shake way often choice.,Apply lose create event really institution material significant once.,Kimberly Hughes,Open
AUD-02522,SITE-006,2025-10-30,,42.3,Emergency Response,Social bed enough find big similar own process hotel family message group since.,Bag increase measure staff throughout.,Donna Young,Open
AUD-00052,SITE-007,2025-09-17,,92.5,Safety Equipment,Sister chair election fish hand color sign whom magazine level quality up water.,,Jamie Ruiz,In Progress
AUD-02595,SITE-003,2025-11-23,,67.9,Personnel Training,Human third pressure edge if thus ago people side road rock sure defense next.,,Katherine Thompson,In Progress
AUD-02122,SITE-002,2025-09-18,2025-09-30,-7.5,Emergency Response,Concern almost bit commercial increase deep push interesting security condition success son prevent husband.,True artist no reality effect safe both step condition hard.,Danielle Rodriguez,Closed
AUD-00712,SITE-001,2025-06-22,,85.7,Safety Equipment,Catch discover matter way page despite recognize security act plan able.,,Ryan Taylor,In Progress
AUD-00186,SITE-006,2025-01-12,,87.4,Environmental Monitoring,Nothing education those home nothing fish every.,Laugh performance share word four skill hear hospital result still value law.,Brooke Stewart,In Progress
AUD-01743,SITE-006,2024-06-09,,59.9,Personnel Training,Wall expert good lead tax clear item current machine music upon eye major sell would wife magazine poor wear skill.,What beautiful before structure send difference letter.,Anthony Ellison,In Progress
AUD-00569,SITE-002,2026-04-07,2026-04-22,79.8,Leak Detection,Church member turn us special watch cause test safe popular growth believe hand.,,Joshua Stewart,Closed
AUD-00935,SITE-005,03/07/2026,07/20/2026,51.0,Emergency Response,End current century manage century win.,Campaign heavy light force actually job firm guy common force.,Laura Edwards,Closed
AUD-02920,SITE-003,2026-02-07,2026-03-04,61.2,Safety Equipment,Away bill anyone throw per southern population such require dog size through.,Should no consider possible at my phone work you minute ten discuss college rock mission wear.,Cathy Bishop,Closed
AUD-01763,SITE-002,2024-12-27,2025-01-06,81.7,Environmental Monitoring,Right full together whatever ball television teacher none.,,Toni Brock,Closed
AUD-00661,SITE-006,2026-04-03,2026-06-14,30.3,Documentation,About often administration star under military soldier point heavy.,Specific large rock very campaign over thank whole everybody series.,David Perez,Closed
AUD-00729,SITE-003,06/18/2025,,75.3,Emergency Response,Color authority democratic wonder per performance make event security policy week.,,Sara Giles,In Progress
AUD-01997,SITE-005,2025-07-16,2025-08-12,88.9,Emergency Response,Far sister particular method data detail part plant program history work really too participant economic all experience region send skill recognize far goal citizen real.,Along others law fight short while hotel talk rock.,Donna Kramer,Closed
AUD-01954,SITE-003,2026-07-09,2026-09-20,59.2,Personnel Training,Require collection design run general store also sell help.,,Carol Rodriguez,Closed
AUD-01640,SITE-001,2024-07-24,08/07/2024,69.0,Emergency Response,Save rest fear break general hand base stock hospital network.,,Jeffery Frazier,Closed
AUD-01566,SITE-004,2026-04-30,2026-05-13,100.0,Personnel Training,Agreement hear also improve little room.,,Erin Garcia,Closed
AUD-02951,SITE-005,2024-02-26,,78.4,Personnel Training,Career when wear store help physical to student carry three feeling tree because indicate.,Message along decade official memory professor including safe newspaper police present third ball.,David Perez,Open
AUD-02207,SITE-001,2025-01-28,2025-01-24,71.3,Leak Detection,Customer back mind party someone method nation draw the expect.,Fact message federal time agree public smile.,David Richmond,Closed
AUD-01552,SITE-001,2026-01-19,2026-01-13,72.5,Containment Integrity,Son method generation section year road forget interview really.,Food perhaps certain where able man hope several thank care year region candidate.,Billy Williams,Closed
AUD-02172,SITE-007,18-Apr-2024,2024-05-13,78.0,Leak Detection,Series quite it pass program me commercial thank power pattern into thing run little into floor mission identify once.,Girl student value treat but government ready call physical degree.,Patrick Copeland,Closed
AUD-00261,SITE-002,2026-04-22,,89.0,Safety Equipment,Which believe explain ask mother prove policy offer defense recognize cause both mother huge attorney open.,Suggest whatever discover store energy rest like so.,Elizabeth White,In Progress
AUD-01747,SITE-005,2026-04-06,2026-05-03,73.8,Environmental Monitoring,Need feeling four few several policy upon family in exactly wife rich.,Detail table morning minute tax time science officer.,Jason Mayer,Closed
AUD-01547,SITE-006,2024-04-23,2024-05-18,42.0,Documentation,Term inside each listen relate writer sign when go point provide arrive make seek.,,Darryl Stafford,Closed
AUD-00518,SITE-007,2024-02-19,,90.8,Environmental Monitoring,Water why allow red Mrs knowledge since wonder myself study series kitchen party help case team center organization.,Service describe PM receive.,Emily Fry,Open
AUD-01516,SITE-004,2024-06-19,2024-07-12,100.0,Containment Integrity,Board east nice everything must want education pay never mission account lawyer admit drop on.,More mother view reason local race hour thought million suddenly month activity side.,Jay Mathis,Closed
AUD-01626,SITE-002,2025-10-06,2025-11-03,93.9,Safety Equipment,Goal amount data I simply listen first front he development will know site receive party simple tax this pick begin mention trip growth read buy.,Pick word teach beautiful structure these season address.,Amanda Thomas,Closed
AUD-01450,SITE-001,2026-03-17,2026-03-24,74.3,Maintenance Backlog,Finish perform tend nearly age leader leader statement financial force decide next one indeed state two pay big respond three art.,Value live hospital crime brother provide no morning draw seven friend candidate national offer grow.,Suzanne Martinez,Closed
AUD-02149,SITE-006,12/11/2024,,79.0,Safety Equipment,Anyone significant administration fill west president government.,Happy ready find protect authority race drive might.,Todd Ortega,Open
AUD-00988,SITE-001,2025-02-20T00:00:00Z,2025-03-18,79.8,Containment Integrity,Establish information read once main weight item boy medical specific morning though least.,Even national action almost wind.,Adam Wade,Closed
AUD-02001,SITE-006,2025-03-01,,47.1,Personnel Training,Ten house plant current decide image poor case near.,Charge social understand main direction view different public change page.,Michael Gilbert,In Progress
AUD-00158,SITE-001,2026-01-09,2026-02-01,100.0,Emergency Response,Pressure worker carry myself less center camera camera three near all lead expert yeah fish national individual west position kitchen five throughout language.,,Jessica Crane,Closed
AUD-00954,SITE-001,2025-10-11,2025-11-01,83.2,Maintenance Backlog,Paper wear which general include story than kid sometimes.,,Amanda Miller,Closed
AUD-00363,SITE-006,2024-09-19,,44.7,Personnel Training,Structure property charge green manage from college democratic.,Everyone number garden mean test wife relate thought.,Madeline Davis,Open
AUD-00922,SITE-007,2024-09-11,2024-09-09,75.0,Environmental Monitoring,Lawyer scene amount two different thousand me single kitchen risk.,Writer speak free source son value suffer will them tend.,Juan Rose,Closed
AUD-02346,SITE-004,2026-03-23,,85.9,Environmental Monitoring,Government population may himself although sport full give model ever often tend book force show reason environment letter activity.,Firm watch bill per more action.,Angel Johnson,In Progress
AUD-00923,SITE-003,09-Feb-2026,,53.3,Leak Detection,Road tough size sense in international long hour media dream pass buy education not it mother letter beautiful.,Charge itself under social staff consumer stand money year father.,Kimberly White,Open
AUD-01061,SITE-002,2025-12-29,2026-01-19,100.0,Personnel Training,Bag expert house mention travel visit.,New make design involve end hot here.,Kayla Herrera,Closed
AUD-02489,SITE-003,2024-12-15,,62.5,Safety Equipment,Smile consumer other open car anyone standard up enjoy cause forget.,Speak once single as along similar bit per.,Melissa Boyd,Open
AUD-00165,SITE-005,2026-06-13,2026-06-23,78.6,Maintenance Backlog,Successful police enjoy while across defense hair rise which kind four hand identify conference prove large specific should modern board alone call some brother walk yourself.,,Shelly Padilla,Closed
AUD-01976,SITE-001,2025-12-21,2025-12-19,89.8,Documentation,Officer series space economy be easy kid response international tell peace than.,New into occur certainly your turn reduce maybe light movement find tree.,Amanda Wright,Closed
AUD-01221,SITE-001,2026-01-10,26-Jan-2026,87.2,Safety Equipment,Question make mind official professor world third success.,Receive imagine describe young really be far fear work anything item stuff.,Nicole Reynolds,Closed
AUD-00708,SITE-006,07/30/2024,,86.0,Environmental Monitoring,Gas might well simply add development left simply kid statement rate where as behind threat deal media where first already.,,Deanna Bender,Open
AUD-02517,SITE-006,2026-02-15,,51.6,Safety Equipment,By treat will behavior record contain soon.,Modern simple husband tell away outside senior trouble foot.,Rodney Hughes,Open
AUD-01654,SITE-007,2025-12-23,,87.4,Environmental Monitoring,Likely control child pressure service reduce father financial tax avoid never from include rule husband defense statement also tough through test.,,Courtney Lee,In Progress
AUD-00483,SITE-005,2024-12-07,2024-12-19,90.5,Emergency Response,House six seat spring quality next young true.,Really study firm consumer seek myself.,Andre Jennings,Closed
AUD-00985,SITE-007,2024-07-18,,92.0,Maintenance Backlog,May would yet charge foreign fast many prepare strategy goal author according to other cultural girl day level computer tax.,Test thank team star do girl value.,Kelly Knight,Open
AUD-00212,SITE-002,2025-09-29,,87.9,Maintenance Backlog,Player class beautiful several full job manager rather range wall can indeed benefit teacher.,Too development truth almost brother show better organization production data whose.,Jason Parsons,Open
AUD-00957,SITE-007,2024-09-22,2024-09-28,71.4,Emergency Response,Myself specific catch author town long cost ability field item amount first let could pick social.,Since body might imagine food.,Jennifer Norman,Closed
AUD-02347,SITE-001,2024-06-01,20/06/2024,93.4,Environmental Monitoring,Meet Mr fine nation economy over sure trip data course class first away under newspaper door model your.,Memory power share certainly blood see the party benefit exactly.,Daniel Nelson,Closed
AUD-01157,SITE-007,2025-04-02,2025-04-26,65.3,Environmental Monitoring,Without writer sing his see education pass happen must central bank case during water.,,Erica Calhoun,Closed
AUD-00577,SITE-005,2024-07-15,,100.0,Leak Detection,Style imagine measure artist interest house.,Begin difficult learn practice.,Kelsey Bradley,Open
AUD-01203,SITE-007,2024-11-21,,87.7,Emergency Response,Customer study work trade company close evening Mrs road board list north control.,Heavy and yeah until her pressure.,Melissa Small,In Progress
AUD-00409,SITE-003,2026-03-27,2026-06-15,43.0,Documentation,Think white too policy letter power game.,,Robin Reilly,Closed
AUD-02711,SITE-002,2024-08-06,2024-09-02,100.0,Safety Equipment,Himself strategy clearly one nor back attack need.,Energy three create that read medical choose among interest.,Brooke Foster,Closed
AUD-01485,SITE-007,2024-03-03,01/04/2024,83.4,Maintenance Backlog,Feeling space economic good sense throw teach.,Develop lot tax politics real information.,Michael Mendez,Closed
AUD-02250,SITE-002,2024-09-16,2024-10-01,72.4,Safety Equipment,Could spring protect evening research season would stuff how other city Republican.,Group for close action wife as remember.,Martha Peterson,Closed
AUD-00173,SITE-001,2025-05-31,2025-06-10,86.7,Personnel Training,Together food form pretty four response that argue possible place.,Low bed fact partner direction set.,Jeffrey Brown,Closed
AUD-01544,SITE-001,2025-05-09,,78.0,Maintenance Backlog,Tv instead expect provide determine me music responsibility each trial maybe power music.,Include community approach language determine interesting anyone evening at.,Nathan Beck,Open
AUD-02668,SITE-004,10/29/2025,2025-11-27,83.7,Documentation,Order think their world sure message white me occur.,Add yourself film age few history hundred I job friend some parent.,Lori Thomas,Closed
AUD-02032,SITE-004,2026-03-06,2026-03-22,81.5,Emergency Response,Response arrive in involve child left number society debate sound enough forward should everybody list agency reduce court source agent million.,Want budget dog television ask cold report cover data color.,Brent Vincent,Closed
AUD-01773,SITE-006,2025-08-19,,95.3,Containment Integrity,Threat pressure executive beat here great tonight us eight speech same hold maybe.,Stand gas feel benefit away then soldier determine look Mr protect writer sort.,Kyle Morris,Open
AUD-02673,SITE-007,2026-01-10,,72.4,Documentation,Perhaps gas religious environmental business door yes less response bed as business program analysis stay many civil smile election.,Pm seem simply practice more establish book find lawyer reality unit.,Jennifer Norton,Open
AUD-02911,SITE-003,2026-07-21,,68.7,Safety Equipment,Also next learn policy worry man stock white finally subject unit.,,Megan Burke DDS,In Progress
AUD-00379,SITE-006,2026-01-03,,68.8,Safety Equipment,Kid wide attention imagine sound pull continue billion type half early popular.,Get ahead center model management page so.,Aaron Pacheco,Open
AUD-01991,SITE-007,2025-03-09,04/07/2025,80.6,Emergency Response,View rather hit type material project civil personal price.,Assume safe science sport opportunity pick official with never ever husband identify bar less brother court.,Kenneth Carney,Closed
AUD-01933,SITE-004,2025-09-26,,84.8,Containment Integrity,Inside high remain practice relationship left town firm everybody attack memory probably class build half.,Personal condition difference near small local in throughout give.,Holly Brown,In Progress
AUD-00484,SITE-006,2025-10-10,23-Dec-2025,53.8,Personnel Training,Read item cut eye watch discover on movement large day prepare.,Remember president be discover audience song hear.,Cathy Stout,Closed
AUD-01867,SITE-005,2024-11-12T00:00:00Z,2024-11-30,88.0,Personnel Training,Those half government who thought more seem scientist many.,,Matthew Moore,Closed
AUD-01080,SITE-004,2025-03-06,2025-04-02,68.1,Documentation,Star action summer station herself upon over generation industry yourself structure more fight land bed push per when security.,Increase could interest poor report let toward security option owner ten cause will such.,Jackie Gonzales,Closed
AUD-01592,SITE-001,2024-07-26,2024-08-09,82.6,Emergency Response,Himself believe him move statement but house fish person across boy become war table really determine continue send air radio save money.,Throw collection value support offer program half school strong TV building agency.,Erin Webb DDS,Closed
AUD-02758,SITE-006,2024-05-26,,53.8,Documentation,Election carry seven find church recent believe teach.,Hold seat them state.,Michele Hall,In Progress
AUD-01487,SITE-007,2025-10-22,2025-11-20,90.4,Environmental Monitoring,Agree Mr purpose deep next design keep letter true wish free much miss law office community staff house.,Manage crime weight save consider rest for public perform over stock.,Joshua Bush,Closed
AUD-01657,SITE-007,2024-03-12,2024-04-05,79.8,Documentation,Prove his away risk need move about radio hard exactly style.,Say ball smile test.,Molly Baker,Closed
AUD-01671,SITE-003,2025-10-17,2025-12-15,55.2,Containment Integrity,End director include question sell southern partner hair little wish beautiful body so.,Morning whether serious song play impact party simply rich fish.,Julie Martinez,Closed
AUD-01930,SITE-003,2025-09-13,2025-11-10T00:00:00Z,69.6,Leak Detection,Marriage mouth cup follow thousand nature store point eye control truth hot available consumer since rule school cost start many dream behavior difference break tonight according great.,Positive military receive walk tax director account seven your car ok.,William Butler,Closed
AUD-01366,SITE-002,11/05/2025,2025-12-03,90.7,Safety Equipment,Simply anyone generation home accept sort true teach ready describe whether either material sing what.,Again single great lay bag manage pass peace staff.,Karl Thomas,Closed
AUD-02958,SITE-002,2025-05-07,,82.2,Documentation,Night trade morning prepare themselves story executive recognize require can medical beyond well read yes single standard citizen base all deal.,Collection issue character phone item.,Rebecca Hanna,Open
AUD-01823,SITE-007,2024-11-29,2024-12-09,81.8,Leak Detection,Do media strong option population religious arrive however need traditional themselves political push character agent.,Foreign game side if watch add only small.,Kerri Payne,Closed
AUD-02465,SITE-007,2025-07-18,,76.4,Environmental Monitoring,Economy expert week vote player field together civil agree indeed.,Church bank energy name they dark go model bit.,Adam Hall,In Progress
AUD-02590,SITE-007,2024-08-01,2024-08-11,82.1,Containment Integrity,Movement drive recent although stop school executive allow walk husband each put might very mother citizen lose health of world mention Republican.,Fact billion drive carry material what.,Paige Vang,Closed
AUD-00240,SITE-007,2025-08-28,2025-09-20,86.9,Documentation,Fact money for bad require foot under sign fast issue far.,Send such hotel final ten thought you may down energy relationship middle until image.,Heather Allen,Closed
AUD-02236,SITE-003,2024-12-25T00:00:00Z,2025-02-13,49.8,Environmental Monitoring,Time close cup present article amount reason future nearly language star east under full hand management yeah discussion tell sort financial two process.,Prevent benefit real away as believe.,Jason Harmon,Closed
AUD-00262,SITE-001,2025-05-04,2025-05-10,78.3,Maintenance Backlog,Bag game production whether kitchen recent little rather weight herself.,,Ian Peterson,Closed
AUD-01021,SITE-002,2025-09-10,19-Sep-2025,69.2,Environmental Monitoring,Remain parent heart leave newspaper fine teacher start should section direction two.,,Collin Jones,Closed
AUD-02189,SITE-004,2024-06-29,,88.7,Personnel Training,Act relationship bring why be effort federal place painting lose.,Include natural account company mean white tend seat wall.,Jessica Turner DDS,In Progress
AUD-01437,SITE-004,2025-06-08,,82.0,Environmental Monitoring,Soldier make radio song television suggest outside common.,Fast a word black performance point spring spend compare.,Craig Garcia,Open
AUD-02638,SITE-001,2026-03-18,2026-04-14,80.9,Personnel Training,Scientist project discussion possible have step painting dog born foot short of follow lead wall.,Himself thousand clear increase term region.,Sheena Taylor,Closed
AUD-02853,SITE-002,2025-08-04T00:00:00Z,2025-08-15,77.1,Leak Detection,About feeling keep magazine college mother could whether benefit left above natural teacher study find actually whatever message none national tell ok today sense product.,Inside situation white tax effect it value born financial speak understand before.,Stephanie Dixon,Closed
AUD-01682,SITE-006,2025-09-23,,63.4,Containment Integrity,Kitchen short evidence cell build fall population never check situation hour bring result.,Management federal opportunity me oil long plan process.,Edward Williams,In Progress
AUD-01668,SITE-005,2025-05-01T00:00:00Z,2025-05-10,81.8,Personnel Training,Decide beat what civil free experience majority raise social national find campaign some less turn make fly buy get check.,General class every art ok economy school health president seek action street single.,Sara Boyd,Closed
AUD-02647,SITE-003,2025-08-28,,69.8,Maintenance Backlog,Article buy teacher put common already why future year around risk something report Mrs respond try at large your probably.,Fight feel draw project ask piece field.,David Williams,In Progress
AUD-01210,SITE-005,2026-02-03,2026-02-11,77.3,Containment Integrity,Effort work town audience child car high good use.,Back individual the economy through certain two approach.,Richard Sims,Closed
AUD-01594,SITE-005,2025-02-01,2025-02-11T00:00:00Z,77.5,Documentation,Standard able agency that beyond art ground Democrat if.,Common matter on health share condition material down far throw series north.,Jessica Perez,Closed
AUD-01357,SITE-003,2024-03-21,,44.5,Documentation,Here after its describe least few institution relationship subject term might material.,Message east collection tree argue player experience figure day side.,Jordan Hernandez,In Progress
AUD-00221,SITE-004,2025-02-09,2025-03-09,85.0,Safety Equipment,Understand at those poor issue second administration second able certain amount explain live public strategy better see data debate adult you once site.,Campaign bit animal this word particular focus place plant religious.,John Butler,Closed
AUD-00327,SITE-007,2024-06-03,,80.2,Emergency Response,Head skin magazine lot gas early sense TV campaign.,Color from traditional individual pay deal man assume reach him firm who.,Joseph Collier,Open
AUD-02110,SITE-002,2025-04-04,11/04/2025,68.5,Containment Integrity,Reveal trouble modern appear seven force system protect leave decision house second though system down newspaper that pretty matter old local rule act.,Loss take reality current specific thank other tend.,Frank Hendricks,Closed
AUD-00666,SITE-005,16-Aug-2024,,88.1,Documentation,Read sit care others management could enter alone say technology near.,Ability too mention thank east science important fish treat popular.,Robert Oliver,In Progress
AUD-00251,SITE-007,2025-06-29,,85.7,Emergency Response,Appear special resource treat low similar according mind generation maybe.,As foot next at note never method star leave standard.,Mark Farmer,Open
AUD-02881,SITE-007,2025-11-18,,79.2,Containment Integrity,Memory debate indeed customer evening management chance clear quickly day little moment home.,Media senior hard boy.,Teresa Nicholson,Open
AUD-02307,SITE-002,2024-12-19,2025-01-09T00:00:00Z,74.4,Documentation,View wonder message and though hold way organization serve player week allow wind should human quite second from six talk.,Training let someone long sound the.,Kaitlyn Matthews,Closed
AUD-02343,SITE-007,2026-06-23,2026-07-02,76.2,Documentation,Agency none film such money expect.,Media good become station others cover former.,Nicholas Shaffer,Closed
AUD-00224,SITE-004,2024-04-30,2024-05-26,81.9,Documentation,Couple positive thing thank recognize attorney note pick money only second same contain leave people hand drive.,One rich member bring.,Tyler Phillips,Closed
AUD-02565,SITE-005,2024-12-02,2024-12-28,84.0,Documentation,Indicate act couple tough just sign ok suggest difficult central.,One drug particular also teach per film hand take expert middle ability treat relationship.,Emily Johnson,Closed
AUD-01037,SITE-007,2024-06-09T00:00:00Z,2024-06-20,97.1,Personnel Training,Drug like development skill option probably available hold entire win right focus both movie art trade early then.,Western little policy could environment protect cup.,Chad Pierce,Closed
AUD-01621,SITE-006,07-Jun-2025,11-Jul-2025,66.1,Safety Equipment,Thing require research thank people religious evening notice camera impact could shoulder.,Star lot example whom four.,Melissa Hoover,Closed
AUD-01153,SITE-003,2025-06-27,2025-08-27,61.5,Documentation,Too them glass standard hour run realize act everyone production understand medical purpose.,Oil audience glass firm rich short know collection nearly capital.,Aaron Roy,Closed
AUD-02822,SITE-005,2025-12-21,2026-01-07,83.2,Documentation,Environmental hold home better act south player how term magazine on street natural six.,May pass suffer grow often senior simple medical right.,Kelly Shaffer,Closed
AUD-02460,SITE-004,2024-02-24,2024-03-07,88.6,Environmental Monitoring,Large employee guess high room garden view go scene wonder middle authority life upon.,,Dustin Bradley,Closed
AUD-00305,SITE-003,23/03/2026,,57.0,Safety Equipment,Term quickly tonight leave success agree level head local suffer quality may style agent member politics market level question activity performance race million action.,Two kid chance size describe life everything significant day.,Stacey Greene,In Progress
AUD-00167,SITE-001,2024-10-04,2024-10-09,100.0,Safety Equipment,Direction television cost campaign lead himself cover student explain poor draw.,Half right degree behavior central language begin radio pick.,Melissa Bowman,Closed
AUD-01233,SITE-006,2026-03-28,,91.6,Documentation,Republican fund certain open whatever civil south occur identify heavy her thousand from respond order education fall statement hundred.,Source everybody find finally majority.,William Hunter,Open
AUD-01700,SITE-002,20/02/2026,2026-03-21,79.7,Environmental Monitoring,Nor two large Republican provide investment hour challenge about training student itself likely will participant different environmental near world.,,Rebecca Wells,Closed
AUD-02817,SITE-004,12-May-2024,2024-05-21,80.6,Containment Integrity,Language once many such believe our drug senior short.,,Alexander Buck,Closed
AUD-00384,SITE-001,2024-04-26,2024-05-17,95.7,Safety Equipment,Quality best huge region research sister beat available ten who recognize effect free game south see role beat card country red.,Six ball rather myself partner recent.,Hannah Malone,Closed
AUD-01658,SITE-001,19/03/2026,2026-04-16,89.2,Safety Equipment,Lay then report almost maintain book fill take heavy energy news another activity sign.,With alone something under pick half mission team win eye today adult carry.,Brittany Ford,Closed
AUD-00565,SITE-006,2024-08-13,,55.9,Containment Integrity,Approach thus fact whatever movement reach husband suffer conference beyond hold crime road other low institution important white prevent see.,Environmental special their wait local meet third very dinner.,Loretta Thomas,In Progress
AUD-02947,SITE-005,2025-10-04,,83.7,Leak Detection,Need environmental involve such provide total cup catch power might per already because cause test.,,Ashley Martin,Open
AUD-00317,SITE-006,2024-11-14,,85.3,Personnel Training,Similar among any itself morning Republican lead eight myself fly girl raise hospital street defense song paper often oil care field worry.,And option mother kitchen others lay glass.,Taylor Allen,Open
AUD-01580,SITE-005,2026-08-23,2025-10-21,75.4,Maintenance Backlog,Up guy arm worker career order democratic give big practice before adult.,,Emily Beard,Closed
AUD-02998,SITE-003,2024-07-29,2024-08-20,53.8,Maintenance Backlog,Serve worry size probably game each inside local get.,,Bruce Lopez,Closed
AUD-01455,SITE-007,05/01/2026,2026-05-07,78.4,Documentation,We environmental he strong campaign possible way sell grow build among.,,Rebecca Stephens,Closed
AUD-00082,SITE-005,2025-04-22T00:00:00Z,,-3.4,Leak Detection,Visit as year tax laugh unit sea consider ability new month include million manage live question.,Available activity before result dark from view full force.,Jeffrey Snyder,In Progress
AUD-02020,SITE-006,2026-04-01,,73.1,Maintenance Backlog,Could me unit degree gas body entire along store perform full be person commercial Mr sit.,Since medical response officer represent pick party above instead whether.,Daniel Ortiz,In Progress
AUD-00250,SITE-007,2026-03-21,,95.8,Emergency Response,Information thing tend serious quickly theory Mrs air gas read picture stuff his join class husband list during herself leave product get within child.,Value factor energy side successful once hair.,Timothy Campbell,In Progress
AUD-01239,SITE-002,2026-01-30,2026-02-25,79.4,Safety Equipment,Body door scientist yeah something quickly firm crime during though protect several health interview sure police.,Of past individual center build avoid.,Angela Manning,Closed
AUD-00689,SITE-003,2026-04-04T00:00:00Z,,51.5,Containment Integrity,Owner draw federal rock blue democratic another name sea adult.,Perform spring sell keep eight something player.,Mrs. Mary Moody,Open
AUD-01375,SITE-007,2024-05-11,,79.4,Emergency Response,Enough sell beautiful specific stage effort capital bed knowledge lawyer.,,Christopher Ramirez,In Progress
AUD-02243,SITE-006,2024-12-02,2025-01-24,65.7,Maintenance Backlog,Result interesting nation step alone bring resource often at particularly could serve.,Also cost boy picture plant help out program space talk.,Patricia Bowers,Closed
AUD-01297,SITE-007,2025-12-20,2025-12-27,93.7,Maintenance Backlog,Attack store should line less improve little question crime company.,Force more society spend view this reveal kid big some future.,Dennis Bates,Closed
AUD-00056,SITE-005,2025-04-14,2025-03-31,82.0,Containment Integrity,Pretty something born bring entire administration speech office game order tonight policy candidate white dog visit general arrive few find.,Purpose light answer hour father generation believe eat detail music rich not country relate door people.,Dr. Rachel Edwards,Closed
AUD-00647,SITE-004,2024-12-20T00:00:00Z,2025-01-09,82.0,Emergency Response,Friend the evening run heart lose already challenge cover cause.,Impact get child mean case Mrs explain race.,Patricia Cunningham,Closed
AUD-02015,SITE-007,2024-08-12,2024-09-11,72.5,Maintenance Backlog,Although hotel next risk brother third this direction seek issue ask generation good news across wide analysis black clear talk.,,Joseph Acosta,Closed
AUD-00752,SITE-004,2024-12-27,,98.9,Personnel Training,Above goal right wrong near party bag Congress dark record ability he not pretty beyond him business.,Thus player community theory cut.,Patrick Lewis,In Progress
AUD-00653,SITE-005,14-Jan-2026,2026-01-19,76.7,Leak Detection,Soldier dark loss American image.,Child behind recently professional huge indicate budget air.,Diana Miller,Closed
AUD-01105,SITE-005,2026-02-14,,66.8,Leak Detection,Personal little current forward argue morning none travel build appear Mrs factor why set.,Compare record must several tonight compare boy listen analysis.,Natalie Williams,In Progress
AUD-02923,SITE-007,2025-11-10,2025-11-20,89.7,Leak Detection,More computer including serve involve catch sound each arrive understand.,,Jill Gallegos,Closed
AUD-02291,SITE-001,2025-04-03,2025-04-29,74.1,Maintenance Backlog,Church measure across according like between house item baby seven marriage task important second general coach citizen rest learn.,Image ball resource fine summer case computer house increase finally along above although.,Richard Rodriguez,Closed
AUD-00114,SITE-001,2024-07-13,2024-07-27,95.1,Environmental Monitoring,War former mother best often yeah fact answer product world one response citizen difficult else number despite win list authority miss participant.,,Amy Mays,Closed
AUD-02340,SITE-006,16-Mar-2025,2025-04-15,60.2,Documentation,Force couple officer letter message position eight teach consider third public job others defense thus whose also strong.,Society party player statement page.,Sherry Fowler,Closed
AUD-02338,SITE-006,03-Jan-2025,2025-02-15,69.6,Environmental Monitoring,Radio less environment write trip parent per science example American.,,Kristy Adkins,Closed
AUD-00607,SITE-001,14/02/2025,,77.2,Maintenance Backlog,Perform wonder summer executive worker imagine century common.,Black test view two field factor region stand nor.,Casey Pitts,Open
AUD-02768,SITE-002,2024-10-06,2024-10-27,77.5,Leak Detection,Born religious a produce behind only the group task question baby trip agree game.,Relationship method mother morning among tough war kind wear investment will record return check race.,Kristina Wells,Closed
AUD-02446,SITE-003,2025-12-08,,33.3,Safety Equipment,Industry resource debate consumer rate central floor purpose especially face sure throughout teach country.,Pick yes edge answer land ability.,Victor Yoder,Open
AUD-01321,SITE-001,2024-04-07,2024-04-28,96.9,Leak Detection,Sea after the necessary note growth want onto discover serious operation.,Friend must leader boy them paper onto up history.,Shawn Lewis,Closed
AUD-02786,SITE-004,2026-05-23,,71.9,Safety Equipment,Gas city animal all group finally need Democrat like rich why section bring from charge example answer rate set despite specific.,,Emily Mcguire,In Progress
AUD-01625,SITE-002,2024-04-09,2024-04-21,80.2,Environmental Monitoring,Continue military fish help cost certain manage quite source realize now impact.,Country represent fly order size discuss police executive.,Elizabeth Martinez,Closed
AUD-01615,SITE-004,18-Aug-2025,2025-09-11,79.1,Emergency Response,Watch hear degree shoulder sound development visit follow strategy kitchen choice participant both.,,Jason Gonzalez,Closed
AUD-02771,SITE-005,2025-06-23,2025-07-23,69.4,Environmental Monitoring,Science hair side feeling point maybe put talk bed could.,,Christian Weaver,Closed
AUD-00162,SITE-003,2024-12-18,,40.7,Safety Equipment,House almost walk worker Mr outside scientist hope seat enter middle eat certainly society effort American suffer off blue reveal.,Back region produce yourself perhaps ahead everyone interesting any both court event full between.,Jessica Ford,Open
AUD-02169,SITE-001,2025-07-31,2025-08-21,82.1,Personnel Training,System turn of poor west site sometimes type market.,Coach drive seem maintain fill son look here forward.,Thomas Smith,Closed
AUD-01251,SITE-006,2025-04-30,,74.3,Leak Detection,Country structure resource rule green manager another four born lead effort card one.,Game scientist discussion management great eye.,Sandra Madden,In Progress
AUD-02841,SITE-002,02/02/2025,2025-02-23T00:00:00Z,71.4,Personnel Training,Opportunity kind time opportunity soon media cell well market walk threat should.,Agent environment something research major happy change final everyone.,Dr. Lindsay Jackson,Closed
AUD-02028,SITE-002,2024-02-11,01-Mar-2024,76.3,Maintenance Backlog,Between story may major face son peace represent bed middle friend dream.,,Timothy Weiss,Closed
AUD-00044,SITE-003,12-Dec-2024,,41.9,Personnel Training,Buy challenge couple face issue price deep organization control she military break ready foreign down notice life standard debate treatment even close gas market.,Deal social forget each inside fear that.,Jessica Smith,In Progress
AUD-01003,SITE-005,2025-12-12,2026-01-08,77.6,Leak Detection,Push per technology happy step stand example offer put executive want.,,Donald Pierce,Closed
AUD-02779,SITE-004,2026-03-13,2026-04-01,66.8,Environmental Monitoring,Western behind detail lose military result born speak individual prove relate general cost often imagine example whatever pick air crime any consider.,Ever beyond doctor society send occur during.,Megan Hahn,Closed
AUD-02383,SITE-001,2025-04-25T00:00:00Z,,77.0,Containment Integrity,Impact popular manager especially huge great writer than fly edge around field he TV everything.,Decide section apply Republican each.,Carol Moss,In Progress
AUD-00128,SITE-007,2026-04-08,,64.8,Leak Detection,Would professor event throw travel choose key member.,Instead nice him style center stage reason.,Samuel Palmer,In Progress
AUD-00571,SITE-005,2025-02-18,2025-03-07,83.2,Personnel Training,Ten letter standard middle second son child eat citizen.,Early can specific state which current.,Dustin Bass,Closed
AUD-01864,SITE-004,2026-04-27,,86.4,Leak Detection,Food with check camera wall ten grow ago popular stage avoid them civil prevent.,Drop international radio maintain blood message laugh identify behind talk front tax everyone treat person minute.,Victor Fitzpatrick,In Progress
AUD-01687,SITE-003,2025-07-04,,85.6,Environmental Monitoring,Cold college meeting know stock be within dark why election at suffer ten think sister.,Tend people receive between because.,Theresa Sparks,Open
AUD-02935,SITE-003,2024-07-07,,68.7,Environmental Monitoring,Song bed run grow since simple.,Site police agree sit down show end wide worry item attack reason old.,John Obrien,In Progress
AUD-00951,SITE-006,2024-06-30,2024-07-27T00:00:00Z,18.0,Emergency Response,Give young political alone style development best certain sign.,,Amy Norris,Closed
AUD-02654,SITE-007,2024-06-29,2024-07-22,95.2,Personnel Training,Determine mention station white catch sometimes mean official budget clearly market state.,Center there benefit when.,Sherry Rowe,Closed
AUD-00866,SITE-004,2024-12-09,,86.9,Environmental Monitoring,Main after skill full call community identify soldier perform nature term nature despite where pull edge expect specific them charge down still nation.,Like become success soon current read.,Nicole Humphrey,In Progress
AUD-00005,SITE-005,2024-12-11,2025-01-04,80.5,Containment Integrity,Few discussion trade deal traditional himself sound business.,,Alexis Mcgee,Closed
AUD-02968,SITE-003,2025-09-08,2025-10-12,47.2,Personnel Training,Today book degree into event though focus car rather politics change whether reason live attention weight prevent south sometimes TV dinner early.,Field tree book result public rather forward question chair market.,Micheal Thompson,Closed
AUD-00747,SITE-006,2025-07-16,2025-10-10,47.4,Personnel Training,Radio usually inside science year magazine help example major population bag late PM it coach.,,Jennifer Miller,Closed
AUD-02862,SITE-002,07-Jul-2025,2025-07-15,82.0,Environmental Monitoring,Trial performance price buy month son floor kind answer drive generation recognize pressure environmental reflect study letter sing describe beyond last likely.,Foot PM call whom threat try debate college billion doctor government financial.,Mary Clark,Closed
AUD-02623,SITE-003,2026-03-25,,62.7,Leak Detection,Model much such around draw nice fight former on course human summer return direction ten might picture believe than fact.,Human school throw write western may five young five summer technology center.,Erin Cohen,In Progress
AUD-00184,SITE-005,2025-03-26,18/04/2025,91.0,Emergency Response,Type team else although son message a enough win forward describe rest door ground very.,Protect offer would miss skill skin choice beyond rule audience example challenge here get now.,Randy Walsh,Closed
AUD-02038,SITE-005,2024-09-06,2024-09-01,77.6,Environmental Monitoring,Nearly would miss many stand billion music spring mind write break president.,To she body inside quickly west production.,Mr. Jon Miller,Closed
AUD-01723,SITE-005,02-Jun-2026,2026-06-07,89.0,Emergency Response,Moment authority job green reach compare such service check population.,Better international say mind democratic serve onto likely.,Jonathan Taylor,Closed
AUD-00919,SITE-004,2026-02-07,2026-03-04,100.0,Personnel Training,Vote choice war field whatever beat share heavy wide probably.,There officer leg performance air she character many.,Leroy White,Closed
AUD-00529,SITE-004,2025-09-26,2025-10-24,71.4,Documentation,Popular fear machine various Democrat including teach provide among walk hold marriage.,Nice relationship pay Democrat question that member.,Laura Wright,Closed
AUD-02455,SITE-006,2025-03-11,,44.3,Emergency Response,Set special offer phone music young sell many body child upon ahead four let agent.,Else several religious under may mean.,Stuart Baker,Open
AUD-01134,SITE-003,2025-06-09T00:00:00Z,,61.0,Maintenance Backlog,Including firm continue our remember most pretty loss manager matter region natural cell character.,,Troy Davis,Open
AUD-01643,SITE-006,2025-12-30,2026-02-20,57.1,Personnel Training,Continue campaign when road after meet people information.,,Joy Moore,Closed
AUD-01961,SITE-002,2026-03-02,2026-03-25,93.5,Leak Detection,Four sense difference husband move rise say second note sit seven.,Teacher seat record important them maintain challenge teach half million.,Caitlin Chapman,Closed
AUD-01729,SITE-004,2025-01-07,2025-01-27T00:00:00Z,86.3,Containment Integrity,Station white car just entire put fast create.,May reality safe responsibility eye send.,Darlene Jacobs,Closed
AUD-01745,SITE-004,2025-01-27,02/01/2025,68.0,Environmental Monitoring,Floor letter together begin hundred wrong see if safe player family maintain upon than.,,Kaitlyn Sanchez,Closed
AUD-02295,SITE-006,2026-01-13,,56.2,Safety Equipment,Theory actually some democratic front million until change simple somebody significant world she free.,Half know manager seat material down.,Valerie Simmons,In Progress
AUD-02066,SITE-002,2024-08-07,2024-08-27,78.9,Maintenance Backlog,Those try son page yet own whatever eye health candidate seem smile instead skin news music interesting accept talk.,,Donald Gray,Closed
AUD-02961,SITE-007,2024-12-01,,96.0,Documentation,Senior effort customer sing democratic speech firm myself once author as eat stage yet in international same ok few away lead good pick research per.,,Michael Salazar,In Progress
AUD-01424,SITE-003,2026-04-10,2026-06-01,49.2,Leak Detection,Respond care peace focus store throw throw people course step first product always example subject focus up order know.,,Thomas Davis,Closed
AUD-02845,SITE-006,2025-08-16,2025-11-03,85.4,Leak Detection,Respond value woman condition clearly responsibility real yard.,Make pretty maybe great four management machine building book people.,Mario Chambers,Closed
AUD-01093,SITE-002,2024-02-28,2024-03-10,80.1,Containment Integrity,Another main prove remember song among media visit interest nor local hotel certain I.,,Jo Nichols,Closed
AUD-00717,SITE-003,2025-05-10,,-7.3,Maintenance Backlog,Successful upon relate itself bill his election.,,Timothy Baker,Open
AUD-01945,SITE-006,2024-02-25,,61.1,Emergency Response,Need nice drug model as direction question three word per although including think reflect.,Body officer smile half get artist woman.,Christine Farrell,In Progress
AUD-01537,SITE-006,2025-07-10,,70.3,Personnel Training,Pass test provide responsibility though learn role simply air practice condition.,Business husband thought my maintain eye majority let fact better professional appear its measure.,Christopher Perez,Open
AUD-01107,SITE-001,2025-11-16,2025-12-14,80.8,Emergency Response,Mother key Mr left understand rock carry focus evidence deep serve minute.,Put operation other season attorney agree whether three.,Trevor Collins,Closed
AUD-00139,SITE-002,2025-03-14,,70.2,Leak Detection,Determine building sit mouth people leader.,Never age woman share enter task card.,Kevin Hoffman,In Progress
AUD-02675,SITE-004,2024-08-10,2024-08-27,71.3,Leak Detection,Position modern detail occur whole body medical talk opportunity treat road information.,Even public financial success way.,Zoe Landry,Closed
AUD-00757,SITE-002,2025-07-29T00:00:00Z,2025-08-09,90.9,Environmental Monitoring,Low anything approach avoid industry method say factor item can box a agency simply rather administration.,Top red control test save risk indeed task improve against similar industry.,Micheal Williamson,Closed
AUD-00152,SITE-006,2025-01-02,2025-03-02,73.1,Environmental Monitoring,Available consider simply position blood start game public claim charge contain enter federal those I actually interview for realize trade camera agreement.,,Robert Moore,Closed
AUD-02847,SITE-002,2025-12-20,2026-01-16,93.8,Personnel Training,Middle religious word tonight certain.,Such ever wonder forward sometimes unit close during young bank keep likely.,Melanie Wilson,Closed
AUD-01095,SITE-004,2025-05-03,2025-05-18,91.3,Environmental Monitoring,Join find full dinner if argue best safe father loss mouth.,,Miranda Henry,Closed
AUD-02997,SITE-007,29/12/2024,2025-01-20,54.6,Maintenance Backlog,Impact prepare popular physical bring state economy himself will plan eight eight.,,Abigail Kemp,Closed
AUD-00539,SITE-006,2024-08-30,,82.9,Safety Equipment,Good see choice something she senior suffer resource reveal seat then nice half difference green vote trouble.,For maybe account day first.,Thomas Clayton,Open
AUD-00422,SITE-002,2024-06-05,2024-06-30,67.8,Personnel Training,Brother defense pick drug carry.,,Jeffrey Martinez,Closed
AUD-02389,SITE-002,20-Jul-2024,,70.8,Personnel Training,See factor know recent house process husband economy drive morning set after wall grow military new or law through offer.,Perform support something right reality program.,Katherine Bright,Open
AUD-00615,SITE-004,2024-09-03,2024-09-25,78.8,Environmental Monitoring,Now note themselves whether what safe student political deal.,Series experience between since specific opportunity customer.,Michelle Watkins,Closed
AUD-01805,SITE-006,2026-03-13T00:00:00Z,,65.8,Emergency Response,Partner month show heavy far authority prepare present surface same structure follow cover design coach half.,Everyone table outside activity life maybe if color five.,Teresa Thomas,Open
AUD-01987,SITE-007,05/09/2024,2024-05-24,67.8,Maintenance Backlog,Force draw house lawyer nation job down them bill hospital.,Experience democratic prevent north rock medical would center price other most sort.,Danielle Bennett,Closed
AUD-00301,SITE-005,2024-10-07,2024-11-05,75.7,Containment Integrity,Decision senior why sea teach stand decide as against many drug gun.,Pull city happen relate.,Mr. Matthew Hoffman II,Closed
AUD-02171,SITE-007,2025-09-27,2025-10-15,82.3,Personnel Training,Director us process song kid.,Large pattern door town politics into traditional pretty.,David Watson,Closed
AUD-02753,SITE-002,2024-10-23,2024-11-18T00:00:00Z,82.6,Environmental Monitoring,Challenge the be yes reach forget sea live guess player on read notice land.,Light need religious area stage.,Mary Williams,Closed
AUD-02391,SITE-002,2026-04-28,2026-05-09,89.9,Personnel Training,Mrs almost alone tough only actually him allow check foot image understand whose culture ability magazine financial employee rock.,,Andrew Clark,Closed
AUD-01247,SITE-002,2024-05-29,2024-06-05,100.0,Safety Equipment,Sell respond evening Mr police drop teacher commercial Congress brother remain season measure in list someone natural him hospital civil.,Everything pick especially space what these field economic west particular.,Lisa Conner,Closed
AUD-02035,SITE-002,2026-02-12,2026-01-24,66.3,Safety Equipment,Read voice should attorney total develop arm down remember and difference rock drug.,Meet with difference wonder there laugh drop hold part paper situation realize day.,Richard Williams,Closed
AUD-01653,SITE-002,2025-07-20,2025-08-10,78.7,Documentation,Can strategy term station three system scientist listen chance not yes source before.,Challenge amount image already business.,Carl Bishop,Closed
AUD-01042,SITE-005,2024-02-15,2024-02-28,86.9,Emergency Response,Compare whole top mouth technology stage face artist decide popular care environmental green every scientist now writer cost.,Instead carry site others professor address because wonder not.,Melanie Grimes,Closed
AUD-02787,SITE-001,2025-01-09,2025-02-01,86.9,Containment Integrity,Soldier less second Mr property without least scientist store general somebody exist value sign author.,,Katie Rodriguez,Closed
AUD-02499,SITE-002,2026-06-03,2026-05-25,84.2,Personnel Training,Standard sea interview behavior talk myself thus hear.,Professional image reality fast friend test order research land wife.,Diane Bowen,Closed
AUD-00718,SITE-002,2025-03-21,2025-04-20,69.3,Documentation,Lot wrong debate air product reduce player morning just also thought leg for development question discover choose those.,,Mark Diaz,Closed
AUD-01811,SITE-006,2025-02-18,2025-03-20,69.2,Containment Integrity,Mother can trial think when commercial tell miss job yet region might role quality recent shoulder fish.,Piece trip agent set accept key part.,Edward Adams,Closed
AUD-01020,SITE-007,2025-02-02,,79.8,Maintenance Backlog,Black paper right fly particularly next quickly idea significant avoid carry least.,Be east wait PM pattern particularly example conference.,James Maldonado,In Progress
AUD-02194,SITE-004,2026-09-18,2024-03-11,150.9,Emergency Response,Easy administration participant represent school sound visit road summer huge join.,Behind learn degree civil eye issue development work red action north stage discussion.,Luke Campos,Closed
AUD-01755,SITE-007,2026-03-12,2026-04-02,99.4,Maintenance Backlog,Assume fight expert hundred blood writer rule like newspaper customer simply range practice instead hair doctor ok window minute black beat better us hot so unit recognize.,Over speak theory from go.,Rachel Garcia,Closed
AUD-01648,SITE-002,2025-08-15,,76.6,Maintenance Backlog,Describe away form how data west result step here process history institution.,Talk data already send couple might their feel.,Connie Jenkins,In Progress
AUD-00460,SITE-004,2025-01-15,2025-01-29,80.5,Emergency Response,Child glass little stock kitchen arm challenge brother sort be animal defense.,Let ten fear religious garden store short knowledge type life so rich page way.,Brandon Riggs,Closed
AUD-02984,SITE-007,14-Mar-2024,2024-04-12,79.6,Documentation,Camera or week size course long shoulder product.,Fact mother finish I really actually impact.,David Herrera,Closed
AUD-02944,SITE-005,2025-08-31,2025-08-22,92.0,Leak Detection,Half base chair fear sense especially high just out rate boy race phone defense television either lay home.,,Anna Phillips,Closed
AUD-00163,SITE-006,2025-11-02,2025-12-12,74.3,Emergency Response,Turn man run family into anyone kid many as should great civil western sit sit time service chair.,,Danielle Moreno,Closed
AUD-00437,SITE-006,2024-09-09,,47.7,Leak Detection,Where measure process perform window campaign oil else walk rock hard believe true fly often tonight manager.,,Rebecca Clark,In Progress
AUD-02416,SITE-004,2025-04-27,,100.0,Leak Detection,Before director instead detail always behavior sell your mother memory deep he pass issue as property show just occur participant perform situation.,Discussion dog son subject notice young miss.,David Padilla,Open
AUD-02701,SITE-005,2025-06-24T00:00:00Z,2025-07-22,79.4,Environmental Monitoring,Art late game building color could answer sure usually media.,Also today position.,Charles Berry,Closed
AUD-01112,SITE-004,2024-02-23,2024-03-04,87.5,Documentation,Officer another individual speech control firm career decide total cause enough act customer foreign miss audience free body treat.,Local action water should foot floor continue increase whether in face political song.,Laura Richards,Closed
AUD-00863,SITE-001,2026-03-01,2026-03-13,77.4,Safety Equipment,Quickly possible blue year similar wish film dinner moment.,All garden accept by six.,Scott Thomas,Closed
AUD-01822,SITE-005,2024-11-23,2024-11-28,112.8,Personnel Training,Tv after five effort else cell despite evidence thought.,Resource enjoy song forward value.,Brian Clark,Closed
AUD-02824,SITE-007,2024-04-12,2024-04-27,87.4,Containment Integrity,Several soon rise purpose five free friend special student guess issue.,Phone see fast beyond very.,Kristy Gomez,Closed
AUD-01937,SITE-002,2025-07-29,2025-08-19,97.6,Leak Detection,Lose certainly five treatment plan indicate our price fish let least science drop Congress teacher floor.,Later bad ten night become a prepare eye relate.,Bethany Benton,Closed
AUD-01582,SITE-002,2025-06-28,2025-06-12,83.1,Maintenance Backlog,Executive still anyone set nature for inside my himself argue may learn condition.,Toward go perform kind want member worker be.,Chad Garcia,Closed
AUD-00793,SITE-007,17/12/2025,2026-01-16,72.5,Personnel Training,Late reason song black road within any eye camera.,,Wesley Meyer,Closed
AUD-00029,SITE-007,2024-11-28,2024-12-22,78.5,Emergency Response,Into hotel after world poor today either effort strong no responsibility most throughout.,Discuss often partner difficult safe relationship painting movement.,Troy Martinez,Closed
AUD-00606,SITE-002,15/06/2025,,88.5,Documentation,System head represent program tough new single hand will cost meeting city rock trial possible weight water outside kitchen.,Glass positive market close bad.,Jim Lopez,In Progress
AUD-00652,SITE-006,2026-07-20,,95.1,Containment Integrity,Walk plant lot result understand hundred poor really forget.,Stage guy hear perform rise matter statement.,Stacy Jones,Open
AUD-01170,SITE-003,2025-04-23,,64.8,Environmental Monitoring,Business company outside without star nothing let door especially no lose however office stuff.,,Christina Rosales,Open
AUD-02635,SITE-005,2026-08-31,2024-12-03,79.3,Environmental Monitoring,Leader show itself do pretty indeed certainly identify approach agency follow that one morning her executive.,Serve girl enjoy person ability sit financial free wonder about form.,Jason Roberts,Closed
AUD-00586,SITE-002,2025-01-05,2025-02-01,66.8,Leak Detection,Challenge recognize door sort network industry little.,,Laura Baker,Closed
AUD-01041,SITE-003,2024-12-14,2025-01-12,43.7,Containment Integrity,Guess author well technology cut treat later growth government occur that catch interesting.,Continue live control near result human.,Ryan Wright,Closed
AUD-00859,SITE-002,2024-07-28,2024-08-27,89.7,Containment Integrity,Bill better attorney star class reason standard institution item weight experience environmental.,Beyond field least never other senior part machine age explain.,Alexander Obrien,Closed
AUD-00807,SITE-002,2024-03-17,,98.1,Emergency Response,Lawyer their they staff piece team collection expect happy.,Vote bad along he her these paper hot.,Jason Fuentes,Open
AUD-00390,SITE-001,2025-08-23,,83.2,Documentation,Out do next century response whose.,Newspaper can rise receive third force hotel region do three life teacher.,Martin Davis,In Progress
AUD-01985,SITE-001,2025-11-04,2025-11-12,82.0,Leak Detection,Election side it will practice bit much until.,Throughout group first war interview card.,Cheryl Fisher,Closed
AUD-00662,SITE-002,2025-06-08,,80.1,Environmental Monitoring,Thought test late along friend lead page work practice remember way leader stage current add art white contain body risk decision marriage season something serve.,You result find me.,Karen Williams,In Progress
AUD-02533,SITE-005,2026-07-07,,73.5,Environmental Monitoring,So realize always scene second more yeah.,Call Mr feeling develop everybody painting firm.,Lucas Serrano,Open
AUD-02891,SITE-002,2024-05-28,2024-06-11,82.5,Documentation,Threat professional couple throw quite.,Style miss against executive just visit painting national.,Nicole Boone,Closed
AUD-01825,SITE-006,2026-05-23,,70.9,Emergency Response,Represent simply by arrive low prepare cause simple chance relationship practice go month two recently focus reality yeah business personal task few anything dog.,Stand door life stuff read goal.,Jonathan Soto,In Progress
AUD-00077,SITE-004,2024-02-12,,88.9,Maintenance Backlog,Design successful news right example power choose open.,Worry some arm hundred send quality book thing budget allow morning work home standard including.,Melody Blair,Open
AUD-01087,SITE-003,2024-12-26,,56.8,Leak Detection,Page lot past buy yeah education computer much myself both news be mind whether specific like able huge hair one appear.,Land page prove accept admit rule gun pressure other quality.,Brian Werner,Open
AUD-00495,SITE-006,2025-05-02,,59.5,Containment Integrity,Window party rather top perform professional myself business.,Budget chair our hand stand building no degree until.,Brittany Thompson,Open
AUD-02519,SITE-004,01/21/2025,2025-02-16,88.3,Containment Integrity,Garden born wide trouble believe business never green matter discuss.,From build soon seat leg wait level face yeah board test person white nice father.,Dr. Olivia Patel,Closed
AUD-00279,SITE-002,2025-04-09,2025-04-16,85.6,Emergency Response,City reveal sound nice message manager cold adult benefit data I hot southern write list.,,Luke Palmer,Closed
AUD-02808,SITE-001,2026-03-30,,82.2,Safety Equipment,Military ahead election activity American page.,Simply attack end pick politics visit.,Anita Thomas,Open
AUD-00766,SITE-007,2024-03-23,2024-04-12,74.5,Safety Equipment,To as friend food blood physical such start market western spring goal voice nearly theory heart situation enough role play will many process.,Past red recent address nothing low operation plan.,Anna Malone,Closed
AUD-02011,SITE-007,2025-04-11,2025-04-28,85.9,Maintenance Backlog,Necessary newspaper ball item summer management.,Sell audience politics foot out laugh.,Michael Barrett,Closed
AUD-00608,SITE-003,2024-10-04,,32.6,Environmental Monitoring,Ever pressure sell my once carry strategy lot probably single list generation keep able six lead girl story add letter space successful not their cause.,During civil rock lead.,Johnny Bell,In Progress
AUD-00345,SITE-007,2025-09-08,,68.5,Maintenance Backlog,Two represent mention describe like include word paper model huge sport building.,Early positive term machine general democratic push have task future cover.,Carl Edwards,In Progress
AUD-02411,SITE-004,2025-07-26,,62.6,Leak Detection,Very suffer but firm officer keep whatever of top next understand.,Position present compare tax among least second hand example most travel.,Gregory Perkins,Open
AUD-00080,SITE-002,2024-06-21,2024-07-01,98.0,Personnel Training,All fight Congress society order TV customer though try.,Institution identify yourself southern whatever section lay unit.,Carolyn Bowen,Closed
AUD-00686,SITE-006,2024-07-28,28/09/2024,81.1,Documentation,Field challenge media together pretty leader relate hear across yes interview leader street practice whole soldier.,Happy notice consumer bit material film expect.,Christopher Jacobs,Closed
AUD-02774,SITE-005,2026-05-07,2026-05-31,-7.6,Environmental Monitoring,Short institution lot federal either film what information interest single fund factor many set society.,Believe despite top hold.,Kathleen Ford,Closed
AUD-01318,SITE-004,2024-08-31,2024-09-18,85.8,Emergency Response,Anything since require animal guy.,Call key wait force position close nation before.,Noah Liu,Closed
AUD-01378,SITE-002,2025-11-19,2025-11-28,95.0,Containment Integrity,Agree likely arm sort sell role if me trip position box suggest.,Job interesting month method fall option production defense know technology send.,Joanna Delacruz,Closed
AUD-00869,SITE-004,2024-10-06,2024-10-22,91.6,Documentation,Age short it see fall responsibility ten agreement produce central situation thus research place politics pass hear study others prove win.,,John Scott,Closed
AUD-02430,SITE-007,2024-10-15,2024-11-05,69.6,Documentation,Drop require against hard group final seat.,,Brenda Adkins,Closed
AUD-02007,SITE-006,20/10/2025,2025-11-23,62.4,Emergency Response,North everything garden exist worry on father exactly bill almost main rule.,Camera dark memory move someone bill size action have oil allow city social.,Joseph Townsend,Closed
AUD-01111,SITE-003,2024-05-09,,49.0,Containment Integrity,Until cause yourself magazine discuss at room really design personal two government have same again range.,,Tina Barrett,In Progress
AUD-02948,SITE-003,2024-08-01T00:00:00Z,,38.6,Containment Integrity,Hundred hour sign build number thought low debate decide finally PM opportunity campaign crime.,Without trip money word design.,Hector Hardy,In Progress
AUD-01197,SITE-003,2024-06-02,,47.2,Safety Equipment,Explain point TV late available rest similar third current beat.,Firm business pressure collection high who catch baby newspaper.,Elizabeth Holmes,In Progress
AUD-00997,SITE-004,2026-05-20,2026-06-11,84.3,Documentation,Environmental child share across bag big pull list teach have charge so past.,,Debra Smith,Closed
AUD-02616,SITE-003,2025-06-08,2025-08-28,150.8,Leak Detection,Foot sell explain shake thus need hear four last establish.,Mrs option police picture hour believe door international.,Terri Clayton,Closed
AUD-01854,SITE-003,05/19/2026,2026-06-10,69.0,Documentation,Already pretty compare trade customer shake kind poor sport laugh beat indicate herself scene which.,,Christopher Rios,Closed
AUD-00122,SITE-003,2025-11-05,,66.1,Emergency Response,Another unit different whose do message use second way main sea.,Way floor whole discuss management position.,Jessica Green,Open
AUD-01256,SITE-002,2025-08-06,2025-08-20,83.3,Containment Integrity,Sometimes almost where push see over Republican every common yourself call moment third.,Partner miss including third.,Monica Santos,Closed
AUD-02515,SITE-006,2024-11-09,2024-12-21,70.9,Safety Equipment,Most always matter sign beautiful high learn a generation process knowledge.,Customer west still land already next side.,Ruben Garcia,Closed
AUD-01319,SITE-006,19/08/2024,,64.8,Documentation,Maybe must son ready edge war part theory today reduce drug program wonder best seem study research standard.,Water group nothing free meet song film.,Kristin Jones,Open
AUD-00461,SITE-004,2024-02-09,09-Mar-2024,82.4,Maintenance Backlog,Ready Democrat coach tend because woman remain week head similar pass paper pretty price television.,,Stephanie Hudson,Closed
AUD-02040,SITE-007,2025-05-04,,81.3,Maintenance Backlog,Give institution production modern main full conference season economic clearly marriage water man half stop.,,Patrick Gordon,Open
AUD-02227,SITE-005,2025-10-18,2025-10-07,58.6,Leak Detection,Accept wind total window authority time act tough else ever collection may service stock material.,,Joanna Sanchez,Closed
AUD-00401,SITE-006,25-Mar-2025,,61.1,Environmental Monitoring,Your box minute manage fight force these.,,James Hammond,In Progress
AUD-01440,SITE-003,04/27/2026,27-May-2026,38.2,Emergency Response,Office single life baby follow election mother recently little.,,Donald Hale,Closed
AUD-02884,SITE-007,2024-02-11,2024-03-07,92.7,Containment Integrity,Already case company must institution yet have factor represent perhaps walk push which plant news step hundred teacher.,Position task scene radio whether food probably.,Heather Davis,Closed
AUD-02453,SITE-004,2025-05-21,2025-06-09,-7.2,Emergency Response,Space those eye consumer only rock example yet dark we knowledge player.,,David Bush,Closed
AUD-00901,SITE-001,2025-01-30,,72.5,Environmental Monitoring,Person break run thing week want nor yeah to firm age.,,Anthony Riley,In Progress
AUD-02196,SITE-006,2024-12-05,2025-02-16,69.1,Leak Detection,Quality group as reduce arrive once room method collection.,Painting church also meeting production detail evening difference plant.,Marc Kelly,Closed
AUD-01461,SITE-002,02/07/2026,2026-02-20,87.2,Personnel Training,Notice now attack market important next.,Page maintain drive yes happen gun approach.,Eric Chandler,Closed
AUD-00756,SITE-005,2024-08-18,2024-09-04T00:00:00Z,88.7,Environmental Monitoring,Remain unit common majority report federal support PM light general personal public one figure others.,Assume require particularly finally ask affect when practice.,Cheyenne Jones,Closed
AUD-02914,SITE-002,19/02/2025,,90.5,Maintenance Backlog,End whom successful professional book kid market important off compare laugh ago west senior nature return large know me.,Guess entire think hear improve role with discover public be best memory enter.,Mrs. Wendy Mooney,Open
AUD-01406,SITE-005,17-Jan-2025,11/02/2025,76.4,Leak Detection,Soldier remember evidence year drop so candidate.,,Charles Collins,Closed
AUD-02441,SITE-004,2026-02-06,2026-03-06,96.2,Environmental Monitoring,Action lose lose drug until house action air.,Bank produce individual appear charge talk each message memory history in government single.,Joseph Hoffman,Closed
AUD-01861,SITE-002,2024-10-28,11/02/2024,80.1,Containment Integrity,Camera represent base page cover less fact bit take attention cover option scientist teach baby husband structure no mission soldier later wife follow.,,William Johnson,Closed
AUD-01043,SITE-003,2025-12-06,,59.5,Personnel Training,Set right hot say worry his task attention Democrat trial successful do none agreement unit hear.,Baby instead there entire exactly left finally democratic.,James Jackson,Open
AUD-02608,SITE-007,2026-07-15,2026-07-31,90.9,Documentation,Option high least two entire probably in degree they behind base few.,Education risk building finally whose score relationship than baby.,Linda Nelson,Closed
AUD-02539,SITE-001,03-Jun-2025,,88.0,Emergency Response,Speech realize day rock speech current sometimes give century they.,,Wayne Stanley,In Progress
AUD-00087,SITE-004,2025-10-12,2025-11-11,81.5,Maintenance Backlog,Order child reveal others actually need unit along difference unit final under room guy structure.,Somebody catch agree mother least.,Lisa Phillips,Closed
AUD-01471,SITE-002,2024-12-24,2025-01-20,96.6,Environmental Monitoring,Age recognize amount night agency reach commercial stock available citizen minute onto allow figure start.,,Steven Murphy,Closed
AUD-00149,SITE-003,2024-12-15,,85.1,Leak Detection,Turn kind early level general citizen seven rock save control will.,,Peggy Lang,Open
AUD-02767,SITE-001,2026-07-14,2026-08-05,94.7,Environmental Monitoring,Quickly but table value company peace billion dark discover accept pick agreement home.,,Kathleen Huang,Closed
AUD-02723,SITE-001,2024-05-04,2024-05-23,86.1,Emergency Response,Money enjoy eat truth building manage upon entire nice.,Possible defense over.,Melissa Williams,Closed
AUD-01996,SITE-005,2024-09-21,,86.4,Containment Integrity,Individual look major on politics near camera million.,,Mariah Young,In Progress
AUD-01921,SITE-003,2025-06-02,2025-08-18,49.5,Maintenance Backlog,Real without event remember lot after measure real activity me water career truth.,Result contain seat turn mouth north growth rather world store certainly fund.,Nicole Mullen,Closed
AUD-02205,SITE-002,09/27/2024,2024-10-16,72.5,Documentation,To good usually product beat series resource everyone.,Eye consumer west well Democrat such treatment.,Patricia Burns,Closed
AUD-00335,SITE-004,2024-06-12,2024-06-22,100.0,Safety Equipment,Yourself two alone police boy reflect red.,Without threat meeting cold skill sell stand.,Carlos King,Closed
AUD-00576,SITE-006,2025-05-15,,43.7,Emergency Response,Run history pull computer discussion people set political conference perhaps we fine read adult hold each firm management.,Yes rest age author any certain admit certain.,Anthony Jones,Open
AUD-00042,SITE-005,2024-09-21,,65.1,Emergency Response,Include artist view contain author team figure less hour ask within either life point.,Although can size rather activity community bank himself among as.,Kevin Hall,Open
AUD-02100,SITE-002,28/10/2024,2024-11-16,94.2,Emergency Response,Sure he race room growth couple like community name north time full significant first crime establish.,Garden maybe rest member bed ten.,Wendy Huff,Closed
AUD-01248,SITE-001,2025-06-24,2025-07-19,74.9,Documentation,Might follow appear difficult laugh I Congress record maybe up kid factor wife success treatment key poor soldier appear remember.,,Jeffrey Wagner,Closed
AUD-02621,SITE-007,2025-01-09,2025-01-30,78.4,Environmental Monitoring,Mrs possible certainly whom character learn although my security.,,Sharon Brown,Closed
AUD-00247,SITE-004,2025-10-25,2025-11-06,87.2,Maintenance Backlog,Hand contain rich who sometimes idea business item different should effect fight anyone reason check economy choice newspaper.,Nice social professional when across pick white shake you.,Lindsay Norton,Closed
AUD-02710,SITE-007,2024-03-02,,76.4,Emergency Response,Meeting if claim environmental recognize collection not spring knowledge game marriage another theory party different election fire dog movie try five suddenly.,,Leslie Bennett,In Progress
AUD-02613,SITE-007,2026-05-08,2026-05-27,79.1,Documentation,Arm shoulder section collection guy single science feel small role particularly even include southern child happen serve win she common respond.,Three study conference everything hour surface.,Joseph Hanna,Closed
AUD-01647,SITE-002,13/06/2026,2026-06-19,78.1,Safety Equipment,Power community military game pull relationship each ahead spend identify bank dream sense pick low common state particularly way offer talk per they accept write exist win.,,Kelly Crawford,Closed
AUD-00948,SITE-006,2026-03-03,2026-04-17,59.1,Environmental Monitoring,Prepare development public where leg but majority likely special other how close police past collection.,Wall plant surface every seven sport foreign list.,Justin Vargas,Closed
AUD-00204,SITE-003,2025-04-17,,58.3,Leak Detection,Plan personal page still out policy exactly relationship say tough course rise really cut guess drop.,Financial military strategy build soon political do season at positive yard contain.,Alexis Bennett,In Progress
AUD-00347,SITE-002,2026-02-20,2026-03-14,79.9,Safety Equipment,Mean father amount detail western change street school against leave hit author.,Situation plan use dream growth watch.,Daniel Hicks,Closed
AUD-02978,SITE-002,2025-12-07,,79.2,Maintenance Backlog,Environmental baby walk that art.,,Curtis Griffin,Open
AUD-02354,SITE-004,07-Dec-2024,2024-12-30,86.4,Maintenance Backlog,Movie visit structure will hour build move enter.,Choose fill election art high image.,George Bolton,Closed
AUD-00229,SITE-001,2026-03-21,2026-04-20,74.3,Leak Detection,Billion necessary act look out couple positive scientist open then ever.,,Shelley Tucker,Closed
AUD-01108,SITE-002,2024-05-16,,78.6,Personnel Training,Beyond travel gun hear seven need heart season budget challenge carry end girl.,Local off sound dinner tree analysis writer seat raise behavior.,Shawn Lambert,Open
AUD-00755,SITE-007,2026-06-21,,70.1,Safety Equipment,Him color physical drop once need culture late ever value administration head everything charge work happy southern perhaps.,,Lisa Thomas,Open
AUD-02652,SITE-003,2024-10-21,30/11/2024,35.8,Leak Detection,Whose use PM seat tough itself her save particularly least us war not cell type require part range financial.,Soon customer measure machine thing single enough significant remember agreement.,Joseph Hughes,Closed
AUD-02318,SITE-003,2026-08-08,,78.5,Maintenance Backlog,Rule maintain history sing him garden outside score here.,Very as find represent week part.,Brenda Valencia,Open
AUD-01120,SITE-006,2025-06-15,2025-08-12,75.6,Emergency Response,He rate explain focus pick late majority more artist indeed forget list commercial audience actually get.,Simply skin should analysis spend heavy push energy position position wear from watch continue.,Leslie Kramer,Closed
AUD-02281,SITE-001,2025-09-07,,91.8,Leak Detection,Before performance cost if pressure author bit television store specific.,,Richard Oneal,Open
AUD-02927,SITE-001,2024-03-22,2024-03-30,70.2,Emergency Response,Whole writer available tree painting return at.,Partner similar class face thus entire.,Amber Kirby,Closed
AUD-00789,SITE-005,2025-12-24,2026-01-19,76.9,Emergency Response,Start own sit option tonight indicate these official.,,David Cole,Closed
AUD-00063,SITE-007,2026-01-17,2026-01-25,84.9,Safety Equipment,Everyone message civil ago care across specific establish recently us account my more one not they great keep than ability deep win.,Read look thousand probably area blood plan before return bag friend lot.,Leah Thompson,Closed
AUD-01125,SITE-006,2024-11-19,,59.6,Containment Integrity,Keep cut task life man once white nor impact.,Real room until east movie skill bad they hard situation.,Felicia Valdez,Open
AUD-01489,SITE-001,2025-08-25,09/17/2025,99.3,Documentation,Authority join film manager environmental new this everything season and against.,Manage black yard hand way.,Shari Cook,Closed
AUD-01522,SITE-001,2025-09-11,28-Sep-2025,82.4,Environmental Monitoring,Action skin method provide keep set develop hospital what soldier source military for.,Recent near weight final mother happy care age cultural property staff dark.,Laura Turner,Closed
AUD-00827,SITE-007,25-Jan-2026,2026-02-01,87.8,Emergency Response,Power other nothing lose run policy down which easy not between son move stop a pull her world officer.,Human gun support.,Teresa Fisher,Closed
AUD-00738,SITE-002,2024-03-25,2024-04-24,84.2,Emergency Response,Walk society artist stand year especially executive main education book guy measure good.,,Ashley Morrison,Closed
AUD-00338,SITE-006,2025-07-20,,50.9,Maintenance Backlog,Use then end address new man decide since simply ball tend book age good laugh property perform anyone hair.,Machine skin everyone safe according painting lose.,Briana Smith,In Progress
AUD-00875,SITE-002,2024-03-03T00:00:00Z,2024-03-15,93.7,Maintenance Backlog,Nor film cold do bag form crime report environment operation tax.,Else kitchen collection four loss question gas per expert collection.,Caleb Cox,Closed
AUD-02848,SITE-002,2024-04-27,2024-05-09,69.6,Emergency Response,Event great issue however line job moment start ten prepare season seek.,Avoid young base from.,Michael Edwards,Closed
AUD-02775,SITE-001,2024-08-03,08/14/2024,79.4,Emergency Response,Morning issue rule unit drive recently direction instead drug drug different would century me prevent employee wind low ok step improve red add memory idea scientist while.,Nature officer the ever institution either blue every education second help capital stay.,Kelly Sherman,Closed
AUD-00676,SITE-002,2025-10-28,2025-11-03,90.4,Safety Equipment,Could see once research daughter nothing itself million four theory.,,Tara Fischer,Closed
AUD-01085,SITE-002,2024-03-07,,150.2,Environmental Monitoring,Analysis side officer keep mean whole arm or message us region politics why too.,One effort involve describe during.,Kimberly Phillips,In Progress
AUD-02928,SITE-005,2026-02-16T00:00:00Z,2026-03-03,73.7,Personnel Training,Fine all down big skin person group sign prove wide pretty station.,,Kenneth Tran,Closed
AUD-01206,SITE-002,2024-03-22,2024-03-30,91.2,Safety Equipment,Institution create ever painting anyone ok fast single break shake leader future week.,Perform behind never strong.,David Simon,Closed
AUD-00473,SITE-004,15-May-2024,2024-06-12,63.6,Containment Integrity,Government standard order gas ten national or accept six return personal enough then attack effort fire.,Kind myself office somebody fill movement wear already.,Kristen George,Closed
AUD-02319,SITE-003,2026-07-09,,85.8,Documentation,Role off matter morning account I like finish we stay score send heart hospital reality low discuss perform hand know television.,Tax purpose recent maybe drive thus.,Michael Lee,Open
AUD-00377,SITE-004,2025-09-17,2025-09-25,88.2,Emergency Response,Sport lose center alone pay never forget out high.,,John Harris,Closed
AUD-00815,SITE-001,2026-03-02,,90.2,Emergency Response,Natural such painting letter one spend record else official vote writer response to around wonder career space maybe himself.,,Sean Castillo,In Progress
AUD-02715,SITE-002,2024-10-16,2024-10-31,94.0,Environmental Monitoring,Opportunity information probably truth successful pay black few sing artist late door put citizen general.,,Megan Patel,Closed
AUD-00321,SITE-003,2025-10-18,,73.0,Emergency Response,Her professor main indeed scientist address door trade of arm remain modern face line body doctor issue table individual none later sign water class defense today black.,Imagine my its popular rock administration own.,Brian Higgins,Open
AUD-02419,SITE-001,2025-09-22,2025-10-03,89.8,Personnel Training,Culture tax think bit information there mouth reflect such western compare agent speech them.,Sell such meet human those east admit.,Erika Cervantes,Closed
AUD-01218,SITE-006,2024-02-13,2024-03-28,72.0,Safety Equipment,True discover pass chance sometimes these week past increase right common product.,Because four huge civil.,Jonathan Adams,Closed
AUD-02392,SITE-003,2025-08-03T00:00:00Z,,52.6,Personnel Training,Ago along stay summer cause activity reality operation hundred without effect computer.,Store suffer right conference common official response happy oil quite world wonder who way seek site.,Donald Golden,Open
AUD-00098,SITE-002,2024-04-23,,74.8,Environmental Monitoring,Remember and interest body want can.,Down democratic investment themselves nation away.,Christine Rodgers,In Progress
AUD-01790,SITE-003,06/08/2024,,64.1,Emergency Response,Skill increase those seven respond benefit someone allow role PM author day process yeah war.,World bar picture test cost which today party.,Jill Price,Open
AUD-00037,SITE-007,2024-04-27,2024-05-19,64.7,Emergency Response,Base make kitchen among name couple next situation return name run career hundred heart.,Activity like least chance lawyer process within common if commercial interesting center.,James Cobb,Closed
AUD-00715,SITE-007,2024-05-18,2024-06-04,62.4,Emergency Response,Who good identify someone blood case race nor peace body want myself draw part student better can him none court them man upon.,Happen mention to law.,Ralph Graham,Closed
AUD-00197,SITE-004,2025-12-22,,70.9,Environmental Monitoring,Speak response issue choose sport common focus several finish world increase business investment.,Charge investment term poor exist.,Robert Smith,Open
AUD-01666,SITE-005,2025-09-01,2025-09-20,85.2,Environmental Monitoring,Movie child walk seek save girl administration sport cost yet turn condition continue six control.,Film speech structure everybody conference.,Kristen Goodman,Closed
AUD-00556,SITE-004,2026-02-09,,87.5,Documentation,Scene free cost industry sister effort relationship dog beat community outside oil product five necessary admit sometimes TV pick.,Contain goal everybody information week program see.,Cassie Johnson,In Progress
AUD-01417,SITE-005,2024-09-04,,69.5,Maintenance Backlog,Today nearly thing write short camera American subject health close likely drug maybe protect go Mrs.,Anything natural avoid down able wide.,Craig Cox,Open
AUD-02152,SITE-007,2024-02-25,2024-03-10,81.6,Maintenance Backlog,Blood because three move evening its more knowledge image story quality recently few program himself bad wrong cause serious green Mrs bank air life bed southern shake.,,Andrew Smith,Closed
AUD-01231,SITE-003,2025-01-27,2025-02-18,79.0,Leak Detection,Method understand page hold someone group fly spend.,Ready amount cup official mission executive.,Sarah Graham,Closed
AUD-02634,SITE-007,2025-03-09,2025-03-14,91.4,Emergency Response,What travel whether open lawyer identify range represent before model operation goal able recognize why.,According Congress step party side why action because behavior occur.,Anthony Frye,Closed
AUD-00522,SITE-005,2025-11-11,,93.4,Environmental Monitoring,At risk establish couple reveal talk modern drive.,Scene reality early tough letter individual federal serve have.,Nancy Graham,Open
AUD-00684,SITE-007,2025-06-02,2025-06-10,-2.6,Safety Equipment,Role quality senior full son news kind single war blood however.,,Christina Lopez,Closed
AUD-01052,SITE-006,2026-05-05,,63.5,Documentation,Indeed together under use until institution house.,,Michelle Munoz,In Progress
AUD-00578,SITE-001,26-Mar-2026,2026-04-11,100.0,Containment Integrity,Line so either brother question election player relationship nice suggest.,Particularly more career west air step big skin imagine subject sometimes sign use data baby.,Angela Stewart,Closed
AUD-00903,SITE-003,2025-04-13,2025-06-15,58.7,Emergency Response,Seat any contain who history recently federal spend make discover chance bar moment.,,Jack Morris,Closed
AUD-02092,SITE-002,2025-12-10,2025-12-22,86.8,Environmental Monitoring,Surface economic often to nation receive others during wife.,Since Mr positive majority strategy affect.,Nicholas Howell,Closed
AUD-01204,SITE-003,2024-02-04,,65.1,Documentation,Sound mind program marriage onto participant include.,Senior number animal movement owner.,Jenna Barton,In Progress
AUD-00734,SITE-002,2025-10-20,2025-11-10,74.0,Leak Detection,Drop over nature tax attack event draw meet college job.,Method develop else serious herself.,Thomas Jones,Closed
AUD-00846,SITE-004,05/17/2026,2026-06-12,104.8,Environmental Monitoring,Government modern edge pay clearly billion child and particularly popular safe itself.,However one say few exactly along for smile center son Mr.,Joseph Wood,Closed
AUD-00012,SITE-002,2026-05-13,,99.6,Leak Detection,Note do sea idea create peace fast turn agency move doctor now defense push.,Hard guess whole entire.,Amy Young,In Progress
AUD-02271,SITE-007,2025-03-19,2025-02-27,68.3,Environmental Monitoring,Marriage modern leg standard letter option energy seat run and event now three power system home notice.,Stage couple since accept.,Anita Murray,Closed
AUD-01942,SITE-003,2025-08-14,2025-10-12,-3.2,Maintenance Backlog,Girl president sometimes occur own those.,,Brenda Martin,Closed
AUD-00939,SITE-004,2025-11-07,,74.8,Maintenance Backlog,Month current number tree argue a with policy box not least cover respond style section involve theory.,Rather kid whose hot but history source.,Jessica Mendoza,In Progress
AUD-00725,SITE-006,2025-11-02,2026-01-29,73.4,Documentation,Care model mouth suddenly lead quickly fact suddenly car free industry structure.,,Kristi Gonzalez,Closed
AUD-02546,SITE-003,2024-10-21,,56.0,Maintenance Backlog,Economy together use condition world indicate east order film name personal indicate.,Dream capital each star minute another money ten.,Benjamin Dickerson,Open
AUD-00743,SITE-006,2024-05-09,,65.3,Emergency Response,Summer send cold church case direction want high finally trip degree strategy growth defense five.,Coach like television color check soon record one wind.,Curtis Armstrong,In Progress
AUD-02709,SITE-005,2026-03-07,,-2.9,Containment Integrity,List travel heart strategy street size myself person rule suddenly.,Popular real recent push management which play.,Alyssa Romero,In Progress
AUD-01833,SITE-004,2024-11-19,2024-11-28,92.9,Emergency Response,Operation end space value environmental bit station nice every value water leader per education country minute grow project type choose.,,Glenn Hale,Closed
AUD-01246,SITE-001,2026-03-04,2026-03-31,95.5,Emergency Response,Bed today air no eat low style challenge director finish remain popular.,Record listen class bank old physical improve mouth several.,Sarah Schmidt,Closed
AUD-01285,SITE-005,2024-09-20,2024-10-02,86.6,Maintenance Backlog,Know officer lose own town development keep baby program trouble guess whatever five relationship room exactly join and.,,Michael Richardson,Closed
AUD-00233,SITE-001,2024-05-08,20-May-2024,87.9,Safety Equipment,Call plant run follow great degree land hour decade world administration executive cost defense drop the effort capital start care three get.,Draw since mouth.,Luke Huang,Closed
AUD-02368,SITE-001,2025-07-09,2025-07-27,86.7,Maintenance Backlog,Very cultural technology contain always what material money political five sure only all grow.,Study red clear shoulder machine exactly against listen here imagine.,Rebecca Coleman,Closed
AUD-01289,SITE-002,2025-12-02,,70.8,Safety Equipment,Evening rate control well say usually better smile party several pretty rise.,Before people animal song happen.,Ralph Smith,In Progress
AUD-00124,SITE-005,2025-04-04,2025-04-25,-2.7,Environmental Monitoring,Anything ask set budget my need letter Mrs TV federal firm college end range never hospital hot risk foreign.,Age figure left form court school kitchen cost like.,Stephanie Rivera,Closed
AUD-02721,SITE-001,2026-01-24,2026-02-09,78.9,Safety Equipment,Hair arrive provide sister contain knowledge them learn because me song.,Current own here mind she.,Peter Chavez,Closed
AUD-00070,SITE-003,2025-03-04,,31.7,Maintenance Backlog,War case energy personal there form avoid heart pull a hospital poor natural until official available both perform run.,Indicate themselves discuss write.,Anna Nelson,Open
AUD-00873,SITE-002,2025-08-21,2025-09-14,86.2,Emergency Response,There change agreement attention character mind finish certainly job address conference down tree other hand economy approach third worry three.,Draw east thousand foot hospital wait attack everything for inside.,Jose Gilbert,Closed
AUD-00266,SITE-007,2024-03-02,2024-03-12,73.7,Environmental Monitoring,Card every ground chance call wrong event baby beautiful.,Responsibility perform soon since himself collection business range entire time hand that.,Stephanie Jacobs,Closed
AUD-01169,SITE-004,2025-01-09,,88.4,Documentation,Series check generation traditional radio four receive open key however method mother enough federal another.,However without memory may site model marriage message.,Scott Lambert,In Progress
AUD-00810,SITE-007,2025-07-11,2025-08-06,93.3,Leak Detection,Fear series analysis ability star line good anyone according.,Foreign appear total responsibility hit stock impact visit game.,Kayla Knox,Closed
AUD-00472,SITE-007,2024-04-27,,100.0,Maintenance Backlog,Likely traditional wide see federal international try skill than place feel class always way thought degree perhaps would husband people old.,,Bryan Robertson,Open
AUD-00864,SITE-007,2026-06-19,2026-07-11,90.2,Leak Detection,Future seek keep voice to watch century have glass next chance child production evening.,Third no weight weight national region that public.,Robert Wilcox,Closed
AUD-01620,SITE-004,2024-06-10,,79.4,Containment Integrity,Minute base argue agency reduce even manage Congress position skill cut stuff yourself significant trouble former store friend boy late season hit increase several.,Way finally ground tree old research phone best city.,Christine Smith,In Progress
AUD-00334,SITE-003,2026-07-03,,41.9,Documentation,Nature draw from where moment value of partner keep walk us position.,Beyond agree realize he she wish certainly care hand.,Kelly Romero,In Progress
AUD-00090,SITE-001,05/02/2024,2024-03-04,74.8,Maintenance Backlog,National message reason senior its not right front director organization reality dream that anyone city throw whom eight Congress trip loss middle half.,Improve force situation hold dark member national must already.,Laura Booth,Closed
AUD-00883,SITE-006,12-Jun-2026,,51.4,Emergency Response,Read different lead education floor real store can election guy suffer school month recognize.,,Donna Johnson,Open
AUD-00465,SITE-007,2025-02-03,,93.0,Documentation,Collection common pattern current sport up light let great town soon those away responsibility appear.,,Matthew Washington,In Progress
AUD-01875,SITE-007,2026-07-07,07/18/2026,64.9,Containment Integrity,Stand recent agreement management together reduce industry end.,Language physical form environment moment several.,Veronica Robbins,Closed
AUD-02913,SITE-003,2025-11-28,,51.7,Personnel Training,Determine night against local nation among try bill everything case money.,,Michael Smith,In Progress
AUD-00986,SITE-007,2024-07-20,15-Aug-2024,82.3,Environmental Monitoring,Prove actually trouble person knowledge institution important success thought certainly.,Film begin clearly dinner newspaper finally home throw campaign religious nothing discuss child.,Mary Schneider,Closed
AUD-01150,SITE-002,2025-10-31,2025-11-05,75.2,Leak Detection,Career surface how night stock stage question measure operation pressure popular.,Energy example this clear none.,Bruce Delgado,Closed
AUD-01178,SITE-006,2025-03-13,,46.6,Environmental Monitoring,Quite push agent stage no place kind science family style.,,Carolyn Gray,Open
AUD-01869,SITE-002,05/07/2026,,77.0,Safety Equipment,Person common public issue drug about vote laugh young environmental into among operation magazine discuss push accept.,Image nice case special edge blue his outside which.,Robert Dillon,In Progress
AUD-00761,SITE-006,07/06/2025,2025-07-13,35.6,Leak Detection,Baby yard place allow collection thank tell reflect section no tough much participant high employee site run half just pass window they.,Receive how lawyer question enter guy cause itself traditional charge west present resource common.,Sandra Lee,Closed
AUD-00616,SITE-003,2025-06-28,,64.9,Environmental Monitoring,Management campaign again article or address dark draw exist no capital give around great Mrs.,Month lot tough local share spend artist.,Jennifer Sullivan,In Progress
AUD-02322,SITE-001,2025-01-07,,75.6,Maintenance Backlog,Reason end camera walk focus shake usually room system interest medical foreign get respond require rather either pull.,Ready magazine old operation film attack.,Jonathan Gross,In Progress
AUD-01596,SITE-001,2025-11-10,2025-11-19,68.1,Emergency Response,Size structure agreement nation mention school name military approach final soldier.,,Elizabeth Jones,Closed
AUD-01794,SITE-003,2026-04-11,,57.1,Emergency Response,Food movie over future field color least throughout hot may whether one present yourself trouble.,Tell speech develop key too subject student write.,Jeffery Taylor,In Progress
AUD-01288,SITE-006,2026-03-09T00:00:00Z,,58.6,Documentation,Before look management anyone value usually collection quite draw fight but remember brother.,Region certainly day guess each police road best.,Natasha Moore,Open
AUD-00236,SITE-002,2026-01-31,2026-02-06,80.4,Personnel Training,Within assume serious physical seek Congress ask worker require firm catch pay movement along plant.,,Andrea Harvey,Closed
AUD-00993,SITE-003,2025-04-20,,48.5,Containment Integrity,Accept both just activity clear expect grow learn public myself future job race usually way tree factor know course.,Only sure write middle to onto herself.,Amy Taylor,In Progress
AUD-02864,SITE-004,2024-10-09T00:00:00Z,,80.0,Leak Detection,Term wait back amount same physical animal lay buy light.,Beyond how represent commercial girl dark would.,Phillip Murphy,In Progress
AUD-00584,SITE-007,2025-08-15,2025-09-08T00:00:00Z,83.4,Containment Integrity,College stand by become white how his last with lead teach bed decide.,Year find body onto during plan soon reflect gas.,Aaron Nolan,Closed
AUD-01633,SITE-006,2024-03-03,2024-04-01,50.7,Personnel Training,Trade population bad example bag.,,George Oneill,Closed
AUD-02381,SITE-001,24/07/2025,2025-08-04,87.8,Documentation,Become ready keep ability while challenge final left only window.,,Lisa Tate,Closed
AUD-00568,SITE-007,2026-08-10,2025-09-14,90.8,Maintenance Backlog,Action effect condition pattern message away care assume born.,Southern issue accept season them value live short.,Kristina Kelley,Closed
AUD-01965,SITE-001,2026-04-24,,67.8,Emergency Response,Approach election fear crime executive force return his carry exactly every indeed news high arm ground career what data computer.,Become gas music dream source team radio Mr serve air sport.,Angela Marquez,Open
AUD-02744,SITE-002,2025-05-21,2025-06-06,74.4,Leak Detection,Summer both drop talk after range assume least six boy again power organization modern.,,Andrea Keller,Closed
AUD-01989,SITE-007,2026-07-08,2026-07-30,90.2,Maintenance Backlog,Friend writer tell fire past machine firm enter mission believe maybe level.,Attention teach ago economic.,Sarah Clark,Closed
AUD-01910,SITE-004,2025-04-25,2025-03-31,77.5,Emergency Response,Name on sometimes but thing draw develop one able place effect approach camera exist song increase.,,Randall Berry,Closed
AUD-00740,SITE-001,2026-06-21T00:00:00Z,2026-07-12,85.4,Containment Integrity,Little key including market participant.,Service than impact cell threat body weight visit.,Tony Cruz,Closed
AUD-01734,SITE-001,2025-03-17,,76.4,Environmental Monitoring,Hear provide direction along response authority democratic remain allow trip official sit man group enjoy.,Position we eye kid best sister color shoulder.,Bradley Bentley,In Progress
AUD-02121,SITE-007,2024-06-10,2024-07-10,88.8,Documentation,Child mean majority tonight challenge.,Else PM and southern develop position must father raise only young.,Ruth Carroll,Closed
AUD-01393,SITE-007,2025-09-07,09/23/2025,82.1,Documentation,Ask present future physical town with purpose type there performance.,,Alicia Young,Closed
AUD-01213,SITE-005,2026-02-08,2026-03-07,87.9,Safety Equipment,Nearly none third assume trade contain expect side action forward something her.,Power rule concern bar affect government class capital force.,Jordan Norris,Closed
AUD-00639,SITE-003,02/07/2025,,27.7,Safety Equipment,Fund benefit do trial often physical trouble suggest take note when hold mind number my open.,Activity various floor hotel.,Sara Price,Open
AUD-02333,SITE-006,2025-02-13,2025-04-11,56.7,Leak Detection,Upon race agent sea case public.,Trial company fish source take I speech establish many network rest.,Craig White,Closed
AUD-00168,SITE-004,2024-11-15,2024-12-11,90.5,Safety Equipment,Happy factor range interest arrive ever win.,,Jessica Cantu,Closed
AUD-01509,SITE-007,2024-11-11,2024-11-29,96.0,Maintenance Backlog,Property concern let article idea southern television structure bad purpose peace month future clearly ahead than throw boy wear.,,Austin Murphy,Closed
AUD-00069,SITE-007,2025-12-10,2026-01-05T00:00:00Z,83.6,Safety Equipment,Customer century continue one bit during word father according last arm report.,Member simple relationship simply.,Stephanie Bailey,Closed
AUD-02485,SITE-006,2024-10-20,,58.1,Maintenance Backlog,Challenge medical woman admit community hit best pull drive could thank these than.,Spend wait view red check dark account thing happy me.,Ms. Sarah Davis,In Progress
AUD-02154,SITE-002,2025-02-10,2025-03-06,87.7,Safety Equipment,Activity civil what sea or class foot show policy beautiful oil bill yourself sense deep commercial.,,Tiffany Carter,Closed
AUD-02200,SITE-005,2025-06-21,2025-07-10,90.5,Documentation,Eye summer exist region author land since husband sometimes finally condition all voice.,,Kimberly Ryan,Closed
AUD-01019,SITE-002,2025-01-07,2025-02-04T00:00:00Z,91.5,Personnel Training,Quite season market land value scene off charge either tend minute.,Kid remember seat central stage.,Charles Carter,Closed
AUD-00924,SITE-001,2026-09-11,2024-05-20,78.0,Safety Equipment,For relate line case area talk others point give strategy.,Add seek charge discover research hair sell.,Brandi Oliver,Closed
AUD-00045,SITE-001,2025-06-22,2025-07-05,91.1,Personnel Training,Crime those available outside life teach project well score response Democrat free event size your treat community into television research small start.,,Alicia Joseph,Closed
AUD-02117,SITE-006,2024-07-26,,21.3,Environmental Monitoring,Degree quality success form politics open Mrs receive attention between weight.,Many wide professor kitchen training and summer.,Alexis Berry,Open
AUD-01135,SITE-007,2026-04-10,2026-04-16,85.7,Containment Integrity,Even tax establish quite condition rate.,Interesting reality back doctor executive contain exactly.,Andrew Patton,Closed
AUD-02644,SITE-003,2026-07-19,,26.2,Documentation,Theory write network continue although couple teacher clear occur claim.,Drop just must end treat mind.,Taylor Nguyen,Open
AUD-02693,SITE-001,2025-07-19,2025-08-05,73.8,Containment Integrity,Ready model check machine building bar man push ground truth rather strategy simple six decade nation culture dog.,,David Howell,Closed
AUD-02812,SITE-006,2024-12-17,,50.5,Environmental Monitoring,Character guess like science less technology voice employee.,Accept author back when all trade partner quality hair head upon gun.,Kristen Harvey,Open
AUD-01227,SITE-007,2025-11-10,2025-12-07,82.4,Personnel Training,Mention sit boy dream soldier place morning family financial two.,,Kathleen Ross,Closed
AUD-01273,SITE-001,08/06/2026,,84.3,Leak Detection,Will player around set eye occur debate against region together whole.,Degree eye student to American total meet opportunity.,Teresa Stevens,Open
AUD-01089,SITE-004,2026-01-20,,78.7,Environmental Monitoring,Short section bed sell into cultural beat lead home although relationship network relate just.,,Dwayne Williams,In Progress
AUD-00598,SITE-005,2025-09-18,2025-10-05T00:00:00Z,78.9,Environmental Monitoring,Her cold agent road many husband approach husband fire social play process for information practice left check.,Question actually speak suffer try.,Michael Sanchez,Closed
AUD-02105,SITE-006,2024-10-12,,59.2,Documentation,Prevent toward contain individual room gas certainly seat enter tree animal officer trade dog card production her go.,Tell people there plant attention expert per.,Susan Grimes,In Progress
AUD-02134,SITE-005,2025-11-04,2025-11-14,82.3,Leak Detection,Wonder once feeling method maintain wind carry what position evening.,,Aaron Higgins,Closed
AUD-00023,SITE-005,2024-10-13,2024-11-10,74.3,Containment Integrity,Story cause rate data into begin thought again choose cold lawyer game federal Democrat group campaign.,Main question movement its war two provide door style house.,Kimberly Terry,Closed
AUD-01830,SITE-004,2025-12-06,2025-12-28,87.7,Leak Detection,Term put animal common enter long majority management gun.,Open behind land sport national thought well too fine property free.,Eric Garcia,Closed
AUD-01359,SITE-001,2024-11-02,2024-11-23,95.8,Personnel Training,Across it course back offer.,Record animal she under decide season stock.,Sean Wu,Closed
AUD-00116,SITE-004,2024-03-28,,82.4,Safety Equipment,Trip Congress however agency green partner free score defense PM several really may anyone organization defense newspaper when ahead standard.,Also employee drop teacher government under history line build.,Cory Mckinney,Open
AUD-02857,SITE-007,2024-05-06,,75.7,Safety Equipment,Official citizen parent effect choose identify up win suggest first.,Watch already energy decide individual person term.,Kevin Santana,In Progress
AUD-01780,SITE-006,2025-10-19,2026-01-14,89.9,Personnel Training,Space yeah direction real whom watch energy save American whom ever report piece why different their arm.,,Kevin Smith,Closed
AUD-01941,SITE-006,2026-07-20,,64.9,Personnel Training,Type tell issue listen program thus part.,Appear product interview evidence minute cost politics throughout suggest.,David Bennett,Open
AUD-02575,SITE-001,2026-08-01,,75.8,Personnel Training,Dinner situation door away true relate whatever why picture couple low maintain door commercial head piece happy education west total while recent treat.,Shoulder after could begin range law base she owner travel bed.,Dawn Mccullough,In Progress
AUD-01193,SITE-003,2024-04-14,2024-06-14,77.7,Containment Integrity,Today detail measure school heart guess over instead company ahead bank reach information large modern major magazine social.,Again audience parent difficult throw western together everyone loss food model.,Katherine Bennett,Closed
AUD-02821,SITE-002,10/16/2025,2025-11-10,74.8,Environmental Monitoring,Specific attorney represent floor show fight else real car list.,,Mrs. Heather Carpenter,Closed
AUD-00013,SITE-002,2026-05-06,2026-05-25,66.6,Personnel Training,Around very individual music newspaper sign become join adult opportunity office six film town city family sing who very significant.,Election staff pressure worker information agree team wall set.,Victoria Thomas,Closed
AUD-00535,SITE-005,2025-09-16,2025-09-21,92.9,Maintenance Backlog,Particular or stop such she get man professional four job yourself outside chance paper analysis president safe evening recently would place visit will.,Energy draw main national benefit along explain can.,Timothy Holt,Closed
AUD-01473,SITE-003,2025-03-20,,62.6,Safety Equipment,Case administration first threat central involve inside.,House forward thank mean four change item than today.,Kimberly Ramirez,In Progress
AUD-00288,SITE-001,2024-07-11,28/07/2024,79.5,Environmental Monitoring,Movement quickly impact record play strong discussion body spend land.,Among tonight big represent anyone hit learn be open else these church rock voice agent improve.,John Washington,Closed
AUD-01899,SITE-005,2026-02-21,,71.5,Documentation,Only stage summer worry change it he.,Listen production trade recognize brother expect push.,Sabrina Duncan,In Progress
AUD-01578,SITE-002,2025-03-10,18-Mar-2025,87.7,Documentation,Actually available police well performance candidate world line teach education forward street poor me know both.,Career available down peace career rise allow others.,Michelle Vincent,Closed
AUD-00889,SITE-004,2025-07-09,2025-08-03,81.1,Maintenance Backlog,Plant certainly week adult president such wait vote everybody near focus year.,,Andre Wright,Closed
AUD-00187,SITE-006,2025-08-10,,58.3,Personnel Training,Recognize sign popular west open reach after capital notice total.,,Cynthia Villarreal,In Progress
AUD-02054,SITE-005,2024-05-25,06/04/2024,72.0,Maintenance Backlog,Shake most hour road husband wonder around explain visit before.,,Tina Atkinson,Closed
AUD-01548,SITE-003,2025-10-04,2025-12-15,52.7,Maintenance Backlog,Participant meet throughout go stay network.,East social any next mention commercial begin modern education finally dinner for.,Kevin Casey,Closed
AUD-02738,SITE-001,2025-07-21,,82.3,Environmental Monitoring,Glass way successful floor indeed assume note mission.,,Adam Bennett,In Progress
AUD-02790,SITE-007,2025-06-09,,77.9,Maintenance Backlog,Would other station growth everyone walk will for look goal answer another coach page.,,Timothy Davis,In Progress
AUD-01579,SITE-005,2024-07-19,2024-07-31,85.1,Documentation,Give some radio picture create mother several last my able employee course together.,Nation to always man their yeah wind lead can concern.,Danielle Anderson,Closed
AUD-01574,SITE-004,2026-07-01,,80.1,Leak Detection,Key son lose space age visit push improve month thus candidate purpose gun deal politics perform occur relate nice campaign century daughter product.,,Leah Price,Open
AUD-01491,SITE-004,2026-07-20,,75.2,Leak Detection,Beautiful these local body visit store expect piece front.,Local teacher agreement home once feeling free who figure student use.,Marie Mccarthy,Open
AUD-00746,SITE-004,2025-05-01,2025-04-23,80.5,Safety Equipment,Check every local material modern difference easy employee control occur also.,Pattern hundred after career particularly head air claim agree.,Juan Green,Closed
AUD-00674,SITE-005,2025-07-27,2025-08-09,71.9,Personnel Training,Increase listen suddenly dinner serve member feel information project.,Well military community recognize leader measure first agree civil point air know.,Cassidy Hickman,Closed
AUD-01796,SITE-001,2024-04-11,2024-04-27,72.6,Safety Equipment,Tv fall how they save upon catch fly need organization month out attack court rich audience charge.,,Jennifer Solis,Closed
AUD-02380,SITE-006,08/26/2024,,63.1,Leak Detection,Join view own democratic American season responsibility enter push bad center should food drop trouble too try business defense trial card his.,Understand style loss fight education operation name last stuff.,Elijah Wilson,In Progress
AUD-01984,SITE-006,2025-09-28,,-2.8,Containment Integrity,Threat let city east every adult determine including boy woman director street citizen happen image under include cold produce military still world candidate kid.,Letter contain according might picture account citizen former door deep wait.,Mrs. Michelle Nunez,In Progress
AUD-01145,SITE-005,2025-08-23,2025-09-13,65.0,Maintenance Backlog,Wear late interesting hour across step idea fast performance thought public.,,Rachel Morgan,Closed
AUD-00915,SITE-005,2024-09-24,2024-10-22,70.0,Leak Detection,Rule remain his around home green present debate too work him agency manager.,,Ryan Khan,Closed
AUD-00657,SITE-001,2024-04-18,2024-05-17,73.5,Safety Equipment,Claim front college structure use project either fund leg left data run site expert player only employee strategy nor cup like science.,Generation doctor middle his her star control name.,Nathaniel Phillips,Closed
AUD-00198,SITE-007,2025-09-21,,68.0,Emergency Response,Police morning wrong her behind two age operation practice every source program.,,Ann Jackson,Open
AUD-02536,SITE-003,2024-08-24,09/29/2024,78.1,Emergency Response,Sort return while have teacher defense and.,Recent speak despite be young why the policy show as.,Fernando Neal,Closed
AUD-00137,SITE-003,2024-10-12,2024-11-09,74.5,Personnel Training,Price beat there itself save cost option second consider.,Trip simply network detail my black remain social.,Juan Grimes,Closed
AUD-01970,SITE-002,2025-06-17,2025-06-29,70.2,Personnel Training,Direction make pay local reason audience state issue against.,,Bonnie Adkins,Closed
AUD-02932,SITE-003,2026-06-22,,71.5,Emergency Response,Vote part expect international media discover fine allow.,Owner Mrs maintain should never others technology as today trouble job.,Robert Gonzalez Jr.,Open
AUD-01632,SITE-004,2025-07-06,24/07/2025,79.6,Maintenance Backlog,Always fire follow give travel buy do if hit they baby.,,Taylor Payne,Closed
AUD-00936,SITE-005,2024-07-13,2024-08-11,69.5,Emergency Response,Enjoy cause car people admit myself let during sit whose foreign watch bank recognize.,Pm trip win sense continue agent reach under former.,Christina Wagner DVM,Closed
AUD-01998,SITE-003,2024-08-18,,69.7,Personnel Training,Man special clearly even far imagine morning prove vote leave call area available.,,Stanley Vazquez,In Progress
AUD-00690,SITE-004,2025-05-28,2025-06-10,100.0,Safety Equipment,Design them big learn note good animal south example miss perform market each fear hit.,Gas not see audience strategy prepare rather around police do.,Steven Hall,Closed
AUD-00110,SITE-003,2025-09-24,2025-11-11,44.4,Maintenance Backlog,Dream rise off scientist yet whole strategy hair executive member against.,Summer Mr decision manager really executive race.,Robert Mcgee,Closed
AUD-00020,SITE-007,2024-09-08T00:00:00Z,,88.5,Maintenance Backlog,Mean leader appear ever early industry figure wonder hospital list.,Hour cell military that could land.,Jennifer Lee,Open
AUD-01767,SITE-007,2026-01-27,2026-02-01,94.0,Leak Detection,Raise give it hope tough subject bit whose.,,Michael Hicks,Closed
AUD-02934,SITE-007,2025-11-03,2025-11-12,90.2,Documentation,Manage director strong suddenly life grow economic.,,Tristan Alexander,Closed
AUD-02150,SITE-004,2025-09-05,2025-09-11,94.2,Environmental Monitoring,Performance arrive visit your bar moment suddenly issue data show provide relationship.,Reduce drug Mrs art administration attention.,Angela Patton,Closed
AUD-02085,SITE-001,07/08/2025,2025-08-15,73.6,Personnel Training,Cut number claim history require card wall see head save agent if task police build beat writer animal set road.,,Alex Smith,Closed
AUD-00677,SITE-007,2026-06-22,2026-07-13,105.0,Environmental Monitoring,Pull cultural chair president want trial true sound down present system star marriage plant director attack name back above inside.,,Autumn Gonzalez,Closed
AUD-01591,SITE-001,2025-09-17,,64.8,Personnel Training,Listen but south impact north development firm whole say resource official region probably shake ready for born according social require you.,Economic fly son we clear whose method send.,Morgan Garza,In Progress
AUD-00407,SITE-001,2025-01-09,2025-01-19,94.0,Leak Detection,Coach home reduce building common Democrat something draw significant mouth agreement tax large listen few trouble history or approach six mother gun day care stuff individual.,Force song community almost of company boy garden.,Teresa Montgomery,Closed
AUD-02083,SITE-005,2024-06-11,2024-07-09,86.4,Documentation,Improve experience east church teacher evidence week challenge story turn.,Finally sure action issue drop oil back affect need.,Ronnie Anderson,Closed
AUD-02816,SITE-001,2026-06-04,2026-06-20,100.0,Leak Detection,Important wonder social than knowledge strategy project practice matter page clear group get through few even impact guy.,Hair available per rock plan physical score may.,Joshua Stewart DDS,Closed
AUD-02952,SITE-001,2026-03-06,2026-03-23,64.3,Maintenance Backlog,Allow however understand give wrong low benefit lead many too realize concern yeah determine agent.,,Michael Lewis,Closed
AUD-01518,SITE-003,2024-05-10,,65.0,Safety Equipment,Early believe point actually professional think thus hold specific body weight officer group course medical management.,Boy hand and might several system cell.,Susan Williams,In Progress
AUD-00040,SITE-004,2024-06-04,2024-06-26,80.9,Maintenance Backlog,Front school player civil control business notice yard executive science quickly enter nor officer.,Threat per miss Mr arm area around.,Jessica Marshall,Closed
AUD-00898,SITE-001,2024-07-05,2024-07-31,82.6,Emergency Response,Maintain now difference nor probably garden much care by people.,Let teacher visit social series major chair fly.,Emily Johnson,Closed
AUD-00397,SITE-005,13/06/2024,2024-06-22,91.3,Maintenance Backlog,Fire pay your skin necessary high stuff dog meeting lose final price impact present push detail shake tax doctor soon may her light know already.,,Kevin Chen,Closed
AUD-00967,SITE-001,2024-07-19,17/08/2024,100.0,Leak Detection,Trial sing need bill well center rather record class while main inside there.,Record such series take.,Mrs. Dominique Lawson,Closed
AUD-01444,SITE-004,2025-11-17,2025-11-23,87.7,Safety Equipment,Government down player deal each politics cultural base value believe.,,Lucas White,Closed
AUD-00702,SITE-003,2024-12-10,2025-01-19,69.8,Personnel Training,Wish student worker to door.,Security example war research stock modern out.,Christopher Richards,Closed
AUD-02556,SITE-004,2025-04-27,2025-05-15T00:00:00Z,68.0,Documentation,West use lose crime star event gas eat store decide future I clearly.,Usually full before popular film small student join together always almost.,Sharon Miller,Closed
AUD-00438,SITE-005,2025-06-01,2025-06-25,77.3,Documentation,Vote begin hospital their spend.,Indicate choice into realize seem place check thus.,Bobby Garrison,Closed
AUD-01002,SITE-004,2026-06-07,,92.2,Containment Integrity,Box possible provide Republican economic much continue maintain.,,Steven Powell,Open
AUD-01856,SITE-006,2025-05-25,2025-08-19,48.5,Leak Detection,Story act perhaps reveal officer throughout view rich final mission debate little bag art.,Enough place condition break picture now.,Michael Alvarez,Closed
AUD-00153,SITE-006,2026-01-09,2026-03-02,32.9,Personnel Training,Center threat need couple feel her book spend manage seven message according wait form result own certain rather recent article dream safe.,Arm century thus me pretty side sing physical pull answer.,Stephen Lin,Closed
AUD-02896,SITE-006,14-Jul-2025,,61.2,Documentation,Explain marriage same film finish how example prove have sound.,Six family live fast machine situation drop through another stay simple.,Gregory Wright,Open
AUD-00451,SITE-006,20-Oct-2024,2024-11-28,49.4,Leak Detection,Parent product while page computer teacher case change baby most force wrong peace.,Speech act claim after situation.,Monique Rivers,Closed
AUD-01031,SITE-004,2025-03-24,,76.1,Emergency Response,Consider successful effect chair material stage new.,,Holly Simmons,In Progress
AUD-01391,SITE-007,2024-05-24,,90.4,Maintenance Backlog,Land our miss either article wait with her good activity.,Herself detail apply admit enough step picture now attention per himself.,Miguel Lewis,In Progress
AUD-02095,SITE-004,2025-05-27,2025-06-07,86.2,Containment Integrity,Establish sister eight program impact board never seem class often five necessary indicate rich someone future live.,Small Mrs catch girl draw across tree south part suggest.,Andrea Velazquez,Closed
AUD-00737,SITE-006,2024-08-15,,84.7,Environmental Monitoring,Thing agency speak which court bit office because letter whom peace court course player life everything technology man matter suffer fact vote.,Floor know account moment sense ability really.,Amy Rivera,Open
AUD-02476,SITE-005,2025-05-28,2025-06-08,72.1,Documentation,Hope edge phone industry remember end thought idea foot seven senior similar.,Trial education own record your agree institution mean particularly sense long ever cup.,Joseph Boone,Closed
AUD-02220,SITE-007,2025-06-04,2025-06-25,78.6,Safety Equipment,Build career enter understand like life produce skin explain fall.,,Sarah Lopez,Closed
AUD-02024,SITE-004,2024-04-12,2024-05-01,79.4,Environmental Monitoring,Rather skill growth television.,,Daniel Morales,Closed
AUD-01314,SITE-001,2024-12-01,,64.8,Documentation,Water authority voice hit national meet decision fear data money social place.,Benefit summer set outside thing.,Joseph Wolfe,Open
AUD-02197,SITE-003,2025-11-20,2026-01-03,63.6,Personnel Training,Professor magazine attorney pressure city car easy again range read together.,Beat care a approach down perform director participant.,David Rodriguez,Closed
AUD-02098,SITE-003,2024-06-18,,72.0,Personnel Training,Process think state attorney heavy tax bad power.,Argue owner crime yeah partner he glass week section allow simply plant cut build adult data.,Kayla Kennedy,In Progress
AUD-00500,SITE-001,06/08/2024,2024-06-17T00:00:00Z,89.3,Safety Equipment,Yourself leg activity avoid bag street again know offer bit identify.,Fly she partner gun wish off bag few.,Jessica Rubio,Closed
AUD-02123,SITE-006,2025-05-26,,66.8,Environmental Monitoring,Include west nice cultural face cut land.,Current really specific action star beautiful seven police.,Hailey Payne,In Progress
AUD-02645,SITE-001,2025-10-03,2025-10-10,69.3,Maintenance Backlog,Impact education gas difficult smile generation condition hundred politics less among store because call yet item room state.,Another condition building beyond case today full.,Frank Ramos,Closed
AUD-02360,SITE-007,2026-03-28,2026-04-05,82.2,Personnel Training,Cell Democrat because wear bar card personal worker place while international walk American market wait surface worker think back try usually add mother difficult.,Perhaps service since possible cold foreign.,Heather Lee,Closed
AUD-01855,SITE-006,2025-11-06,04/12/2025,50.5,Emergency Response,Which community store week skill her particularly law officer property head able live around task issue have film.,Scene dinner grow ahead nor worker person.,Ashley Erickson,Closed
AUD-00678,SITE-005,2026-04-17,05/17/2026,78.9,Maintenance Backlog,Apply door mission eye crime culture argue sit local lead actually nothing create blood thing same.,Adult off own parent far measure agency machine body.,Jennifer Gates,Closed
AUD-02459,SITE-003,2024-09-12,,66.0,Environmental Monitoring,Deep rise already they city address push former attorney job wife involve respond quite condition right compare.,,Timothy Reed,Open
AUD-02612,SITE-002,2025-12-04,,87.1,Containment Integrity,Cause century election song deep beat song dog office their within surface describe enjoy spend accept much animal then keep improve beat others area pattern cup.,,Megan Vaughn,In Progress
AUD-00829,SITE-002,2026-03-08,2026-03-20,97.3,Personnel Training,Prove check short describe rule little executive few who at game rather expect between ground.,,Christopher Stephens,Closed
AUD-00411,SITE-007,2024-03-20,2024-04-09,83.3,Environmental Monitoring,Side country prevent grow whatever amount citizen increase cut moment fire prove small guess view.,Represent light including data across support appear.,Lee Martin,Closed
AUD-00071,SITE-002,2025-04-08,2025-04-28,75.0,Personnel Training,Herself everyone before arrive country rate ok again son fish watch.,Factor director speech station mother close room often generation own option international.,Brandi Nielsen,Closed
AUD-02199,SITE-002,2026-06-22,,77.4,Safety Equipment,Probably pick who public Democrat conference style management conference provide thank capital nearly right.,Partner pick how admit require president.,Miranda Turner,Open
AUD-00913,SITE-006,2024-04-21,2024-07-20,59.3,Maintenance Backlog,Time improve positive add cost something hundred memory summer wide fly evening imagine clear production five pattern various building fact Republican.,Must TV however story training.,Joseph Haynes,Closed
AUD-01099,SITE-003,2025-07-25T00:00:00Z,,88.4,Safety Equipment,Attorney form fish something personal miss election case agreement grow animal eat method season.,Live thing whether about paper doctor which.,Robert Farley,In Progress
AUD-00004,SITE-007,2025-01-17,,68.7,Environmental Monitoring,Information rise poor trouble address their across television any surface month card consider start number population lead feel TV budget attack design half social.,,Donald Garcia,In Progress
AUD-01383,SITE-002,2025-11-22,2025-12-12,69.1,Maintenance Backlog,Exactly memory your various end station add value experience whether really ok knowledge might describe them.,Senior training child yard also.,Nicholas Russell,Closed
AUD-01798,SITE-004,2026-02-22,2026-03-01,83.7,Personnel Training,Bar bag new office arrive throughout lead specific.,,Aaron Douglas,Closed
AUD-02957,SITE-003,2024-03-07,2024-05-11,46.5,Safety Equipment,Who everything evidence discussion score professor allow act hour body left name look send likely customer listen minute.,Spring lead method husband ability develop threat everybody.,Nathan Williams,Closed
AUD-01062,SITE-004,2024-08-28,2024-09-23,90.9,Documentation,Special despite than last teacher over vote already myself field.,Provide popular fund create rock no school help.,Cathy Ford,Closed
AUD-02163,SITE-003,2026-02-13,,68.6,Documentation,Air summer mission old media decide force.,Trial once hear evidence area subject book kind.,Stephanie Bryant,In Progress
AUD-02749,SITE-006,2024-10-09,2024-12-29,44.2,Maintenance Backlog,Pull member arm save discover prevent least administration ten organization ask.,Task way today they practice management receive world.,Curtis Palmer,Closed
AUD-02782,SITE-001,2025-08-20,2025-09-08,100.0,Maintenance Backlog,Nothing education discussion worker answer school agree another paper away performance compare.,Close account small occur.,Luis Cole,Closed
AUD-01908,SITE-001,2024-02-23,2024-03-01,84.0,Personnel Training,Number instead difficult able much financial difference property system open tree message rest there present fire bar from.,Save impact him national whom travel expect task describe car.,Calvin Brooks,Closed
AUD-01957,SITE-007,2024-11-08,13/11/2024,86.4,Maintenance Backlog,Hot other state from no agree ability town left music program thus hear technology wrong building might newspaper their high American sign new.,General book check human set security pass actually happen board offer teach wrong.,David Vance,Closed
AUD-01276,SITE-003,2024-03-17,,86.6,Environmental Monitoring,Part use picture art dark against might rock head form population including travel nearly before better significant group cost rest truth five someone.,,Robert West,In Progress
AUD-01430,SITE-007,2025-01-12,01/20/2025,75.0,Safety Equipment,Mother still along new.,,Kristin Dunn,Closed
AUD-01050,SITE-007,2025-05-12,2025-05-21,73.2,Leak Detection,Democrat interview control may establish executive fish produce part pretty air some might guess son.,Authority share environmental window teach trip must would heart bill represent.,Jeffrey Tucker,Closed
AUD-00538,SITE-004,2025-10-11,2025-10-26,77.4,Environmental Monitoring,Energy order place executive.,Instead here general series popular.,Brittany Grant,Closed
AUD-00413,SITE-001,17/12/2024,12/25/2024,76.1,Personnel Training,Manager phone reason more anything education accept member key matter book start quality purpose.,Modern a describe its pressure consider item military account major issue prepare.,Anthony Washington,Closed
AUD-02084,SITE-004,2025-02-25,,63.2,Safety Equipment,Relate amount bill glass there start ever rock garden money lot white establish.,Young argue personal world kind chance well various state situation.,Jimmy Shaw,In Progress
AUD-00311,SITE-002,2026-04-16,2026-04-26,81.9,Environmental Monitoring,Involve economic window sound size herself assume trade bad fact sit.,Manager style take article school truth we.,Krystal Murray,Closed
AUD-01956,SITE-006,2025-02-23,2025-05-05,47.4,Personnel Training,Traditional realize know likely movement painting player least road finish analysis campaign way PM hundred say recent.,Bring operation energy third parent direction.,Elizabeth Lee,Closed
AUD-02132,SITE-006,2026-01-16,03/20/2026,91.5,Safety Equipment,Part rest pay look before join sound gas research effect hotel.,,Kimberly Zimmerman,Closed
AUD-00246,SITE-005,2026-06-28,2026-07-22,88.7,Personnel Training,Site sign century skin own couple experience.,White mind represent cover.,Sarah Stuart,Closed
AUD-01572,SITE-002,2024-09-10,2024-09-27,69.2,Emergency Response,Big occur statement together finish establish party nature how tax a well along sport century senior growth action southern television green small.,,Joseph Harris,Closed
AUD-02068,SITE-001,2024-05-17,2024-06-15,66.7,Emergency Response,Student sound themselves spend collection feeling hundred region matter.,Morning either skill who laugh expert.,Alexandra Livingston,Closed
AUD-00887,SITE-003,2026-07-17,,77.0,Leak Detection,Past month magazine want it character whose rule see their television seat sport save could military range.,,Martha Decker,In Progress
AUD-02418,SITE-006,2024-06-20,,79.5,Environmental Monitoring,Surface card easy member young number customer like lawyer all morning event similar history military sport cover tough play camera.,Down teach know fall career put blue care adult specific family great short.,Pedro Diaz,Open
AUD-01769,SITE-005,2026-04-10,2026-04-25,69.8,Emergency Response,That air lay everything eat someone paper need more down technology Mrs himself nor.,Start attorney country manager billion would beyond.,Amanda Atkins,Closed
AUD-02754,SITE-002,2026-07-07,2026-08-05,68.0,Emergency Response,Whose red major project outside environment safe section stage.,Now until audience alone environment Mrs.,Nicholas Arnold,Closed
AUD-01718,SITE-002,2026-01-18,2026-02-08,65.6,Emergency Response,Easy team matter toward day civil quickly loss.,Catch Mrs our consider as health if forget same past then total standard firm.,Andrew Martinez,Closed
AUD-01033,SITE-007,2026-01-26,16-Feb-2026,74.6,Maintenance Backlog,You site financial traditional result try consider wind where.,End throw degree across draw idea game go measure.,Stacey Nelson,Closed
AUD-01129,SITE-001,2024-08-16,2024-07-20,82.4,Leak Detection,Dinner final strategy line travel lose evidence father great blue.,,Destiny Bailey,Closed
AUD-02752,SITE-001,2026-06-14,2026-07-01,83.8,Personnel Training,Night build paper cost toward Mrs address east third.,Simply ready rest good leg under rather special from write scientist goal.,Maria Mccormick,Closed
AUD-02466,SITE-003,2026-01-23,,67.3,Environmental Monitoring,Write senior way safe decision everybody maintain home ready.,Town institution Mr room.,Jennifer Fowler,In Progress
AUD-00511,SITE-006,2026-07-24,2025-05-04T00:00:00Z,54.0,Maintenance Backlog,Line vote rock until point Republican phone face pay.,,Elizabeth Abbott,Closed
AUD-01113,SITE-001,2024-08-12,,56.4,Documentation,Us list degree finally decade relationship strategy skill above interesting continue take knowledge think by six less rest operation bring century.,North recognize building than recognize leave describe top.,Jeffery Martinez,Open
AUD-02650,SITE-007,2024-05-24,,73.6,Leak Detection,Across up sense year participant degree partner glass seven while between choice money.,Responsibility statement to Democrat player everyone very prepare southern partner.,Katherine Oneal,In Progress
AUD-00739,SITE-005,2025-04-01,,97.3,Leak Detection,One member miss management maybe yes safe explain color maybe somebody although travel thing.,Where become political able kind bad wide manage.,Brett Neal,Open
AUD-01523,SITE-005,2024-05-18,05/30/2024,76.8,Personnel Training,Forward reveal free student professional year agent its including total some though ever stuff bit.,Improve good admit player magazine contain shake building.,Ana Burke,Closed
AUD-02578,SITE-002,2025-08-07,,83.9,Containment Integrity,Drive two identify research always figure movement author.,Form television imagine finally little occur officer.,Erika Vasquez,Open
AUD-01451,SITE-001,2024-10-15,13-Nov-2024,64.5,Personnel Training,Western occur contain call after produce door conference success benefit foot trade behavior read beat television already.,Child whether gun send capital seek item force town successful sister their.,Jerome Dixon,Closed
AUD-01667,SITE-002,2025-12-01,2025-12-23,70.5,Containment Integrity,Can modern pattern him family clearly.,Material wish decade new occur bill worry eat out next have water.,Mark Hall,Closed
AUD-02097,SITE-003,2025-10-03T00:00:00Z,,29.2,Maintenance Backlog,Agreement hour official economy respond sometimes finally radio scientist president town fire structure painting cold garden.,Air sort camera behind white.,Alejandro Myers,In Progress
AUD-02242,SITE-007,2024-07-18,2024-07-26,93.3,Documentation,Especially social democratic per speech appear bar.,Listen theory claim consider big quite maintain they consumer including.,Catherine Taylor,Closed
AUD-01274,SITE-007,2025-12-27,2026-01-03,85.7,Emergency Response,Change prevent last both and detail low purpose risk.,Professor resource TV stop.,Amanda Franklin,Closed
AUD-00287,SITE-006,2024-12-04,,76.1,Personnel Training,Trip while back poor modern market fine Mr find under she community happy his on paper left reveal.,Certainly three entire truth person hard main part probably health sometimes back establish maybe note material.,Shelly Lutz,Open
AUD-00466,SITE-001,2024-11-05,2024-12-03,93.2,Containment Integrity,Imagine consumer coach affect approach police level stop sister its live spring miss impact.,Choose at drug life offer throughout drop value thousand benefit begin.,Robert Mcconnell,Closed
AUD-02209,SITE-006,2024-09-30,,78.7,Environmental Monitoring,Point point a own share people key behavior style day try bill night bad.,,Laura Rasmussen,In Progress
AUD-02456,SITE-004,2026-08-25,,80.8,Leak Detection,Knowledge government foreign hour against onto nice race we.,Among its officer foreign anyone instead country contain show coach what.,Carl Wolfe,Open
AUD-02251,SITE-006,15-Jul-2026,2026-08-30,86.2,Maintenance Backlog,Other when support attack window arm create else.,Program last expect trial man interest class cold can safe.,Sean Cook,Closed
AUD-01678,SITE-001,2026-06-30,,81.3,Containment Integrity,Traditional early consumer get happy.,Player continue professional no.,Glenda Nelson,In Progress
AUD-02521,SITE-006,2026-04-22,,69.1,Personnel Training,Sit operation ball manager item pick become from position.,Morning head subject hair should red heart.,Alyssa Nunez,Open
AUD-02925,SITE-004,2025-05-04,,86.8,Environmental Monitoring,Magazine individual put learn hour could kind common plant successful several yeah nearly Democrat specific public manage happy appear local law picture sound.,,Daniel Ward,Open
AUD-01255,SITE-006,2024-09-19,,75.0,Documentation,Including lawyer make week its Republican over oil data dinner bed probably.,Just true party concern board out red but.,Laura Anderson,Open
AUD-01918,SITE-001,2025-08-07,2025-09-02T00:00:00Z,82.3,Containment Integrity,His unit into close administration it remember very husband computer response.,Knowledge training moment someone about evening medical.,Michael Ball,Closed
AUD-02518,SITE-005,2025-08-31,2025-09-12,60.3,Documentation,Individual service discussion get either subject treatment husband fire almost board until.,,Cameron Willis,Closed
AUD-01958,SITE-002,2025-05-09,2025-06-06,85.3,Leak Detection,Agency care because form bill real hospital mind man clear fill guy change only.,,Kelsey Whitehead DDS,Closed
AUD-00448,SITE-007,2025-07-06T00:00:00Z,2025-07-29,83.7,Environmental Monitoring,Score identify evening sound claim must life large college.,,Felicia Hines,Closed
AUD-01448,SITE-006,2026-05-17,2026-07-27,62.1,Personnel Training,Rule wait lead change school sure college and resource herself never here go certain college south health vote office.,,Martha Ayers,Closed
AUD-02204,SITE-001,2024-09-10,2024-09-26,74.6,Safety Equipment,Under simply field care news theory red both position than imagine single table security attack direction best item.,War conference power two minute later measure then across bar increase computer all these.,Lauren Fields,Closed
AUD-00779,SITE-004,05/22/2024,2024-06-04,78.9,Environmental Monitoring,Also art happen blue seek recognize support hear government item buy someone trial nation yourself step condition goal professor form how positive player.,Animal of fill say seem style mean agreement much.,Jessica Smith,Closed
AUD-00213,SITE-002,2024-02-11,2024-02-26,69.7,Documentation,Assume determine pay example information order live source heart group.,,Donna Rogers,Closed
AUD-00696,SITE-007,2024-12-20,2025-01-09,82.0,Environmental Monitoring,Foot stand drop position I particular heart.,Major various stage mother carry or lead leave.,Patrick Jones,Closed
AUD-01634,SITE-003,2025-09-10,2025-11-30,51.2,Maintenance Backlog,Federal ago evening oil account many institution course yeah.,Current make edge gun idea anything base.,Thomas Rhodes,Closed
AUD-00337,SITE-004,2025-12-01,,70.6,Personnel Training,Exactly mention structure role picture decision prove old program arrive image kitchen force story together.,,Amanda Bell,In Progress
AUD-00514,SITE-004,2025-02-07T00:00:00Z,2025-02-16,83.0,Documentation,Behind spring position including answer woman score throw quickly between.,,John Garner,Closed
AUD-00138,SITE-002,2026-02-17,2026-03-10,81.0,Containment Integrity,Senior family way word forget rest society blood century determine.,Shoulder fast reduce ability agree PM.,Cynthia Morris,Closed
AUD-01928,SITE-006,2025-01-30,2025-01-05,66.3,Containment Integrity,Someone treat generation between wonder marriage mouth bad production would low green necessary contain me government by the Mr power.,,Alan Newman,Closed
AUD-01858,SITE-002,2025-03-24,2025-04-18,98.3,Personnel Training,Experience beyond old western talk collection series Republican option.,Fine what without expect find scientist inside hair compare site.,Deborah Allen,Closed
AUD-01562,SITE-006,2024-06-19,2024-08-07,55.7,Environmental Monitoring,Author individual start alone deal test practice short trip improve wish.,Surface their authority those over choice heavy future ready anyone six health interview point.,Jacob Noble,Closed
AUD-00561,SITE-005,2024-04-26,,77.2,Personnel Training,Money challenge throw lawyer person study million pass position service experience technology yeah join.,,Nichole Jackson,In Progress
AUD-01535,SITE-001,24-Apr-2025,04/05/2025,87.6,Documentation,Camera indicate enter near bad threat now lay fast window check full group community exist realize effort measure rate scene sort two nice here surface choice among.,Artist rate including general organization fish talk dinner life fall now kid game.,Amanda Gallagher,Closed
AUD-02022,SITE-006,27/05/2026,,83.9,Safety Equipment,Produce strong style natural part last easy day similar become sort manage we door.,,Alex Williams,In Progress
AUD-02818,SITE-002,2025-07-13,2025-07-26,79.6,Containment Integrity,Bit must ground law member beat go hope area goal rule subject.,,Anna Jenkins,Closed
AUD-02439,SITE-006,2026-01-14,,39.5,Leak Detection,Home do her religious hospital language east citizen bit audience material style.,Ten thus official administration car state yeah and either situation charge while particularly.,Joshua Preston,Open
AUD-01612,SITE-003,2024-08-17T00:00:00Z,,80.9,Containment Integrity,Live ahead animal no conference force his six series put theory work food else someone phone until back today decade star Mr.,Trouble interview purpose best herself rich sister eye role marriage.,Michele Gilmore,Open
AUD-02794,SITE-007,2026-06-05,2026-06-16,72.6,Emergency Response,Cup accept scientist ahead character land rich past third language draw task your research fly.,Carry major mean might blood billion second big child factor matter have particularly.,Mrs. Kylie Gomez,Closed
AUD-02217,SITE-003,2025-09-30,,60.4,Personnel Training,Walk car have help approach argue leader writer contain few color student short paper determine skin state television too.,Several within hospital quite against southern theory.,Amber Baker,In Progress
AUD-01570,SITE-005,2024-08-09,2024-08-15,84.5,Containment Integrity,Enjoy quickly occur beat material candidate cost put especially success laugh two stay.,Inside little during until class before director store under public itself area treat film cultural.,Sarah Miranda,Closed
AUD-01224,SITE-002,2024-11-30T00:00:00Z,2024-12-15,100.0,Emergency Response,Lead produce beyond official evidence particularly evening meet.,,Jack Flores,Closed
AUD-00284,SITE-002,10/05/2026,2026-05-20,94.3,Containment Integrity,Voice security east effect responsibility agreement capital different tonight.,,Rachel Johnson,Closed
AUD-00818,SITE-007,2025-09-24,2025-09-29,81.7,Personnel Training,Sort million situation market keep again five respond keep per federal country executive boy cut appear statement not bed expert.,They allow several can claim piece vote.,Christopher Brown,Closed
AUD-00605,SITE-005,2024-07-21,2024-08-17,71.1,Environmental Monitoring,Then teacher way religious man open continue police able player that size.,Sense these provide avoid writer director even financial produce.,Brady Jenkins,Closed
AUD-02736,SITE-006,2025-11-23,,68.0,Safety Equipment,Get lay meeting election raise treatment five yet stock memory sometimes police strategy important themselves fight forget require while staff scene.,Finish animal employee blue anyone would occur citizen author foot listen evening administration performance.,Bradley Costa,In Progress
AUD-02523,SITE-001,2025-09-01,2025-09-27,93.0,Leak Detection,Down attorney where age story continue.,Important relate man keep moment drive level good live teach often build.,Kristina Griffin,Closed
AUD-02045,SITE-003,2024-05-15,,65.2,Documentation,Memory available administration through increase policy deal level strategy rich call person.,Compare wonder quickly party learn stand center of.,Blake Rivera,Open
AUD-00036,SITE-002,01/08/2024,,90.9,Maintenance Backlog,Report financial service eye difficult whatever couple within real increase majority design significant star side certainly.,Even mean require media range.,Sarah Castro,In Progress
AUD-01739,SITE-005,2025-09-30,2025-10-27,87.3,Documentation,Opportunity agreement whose modern pattern partner court artist require data.,Pull consumer and painting television fall.,Carrie Jimenez,Closed
AUD-01974,SITE-002,2025-01-11,2025-02-06,87.5,Containment Integrity,Time dream board perhaps specific support tree music organization laugh despite form technology training us impact.,Two opportunity treatment agent lot unit exist.,Shane Chan,Closed
AUD-02662,SITE-006,2024-03-27,,39.5,Maintenance Backlog,Through as sound very power after mother subject down drug position hair marriage.,Contain pass actually begin suddenly receive work travel can red memory.,Billy Jones,In Progress
AUD-00428,SITE-003,2025-06-01,2025-07-10,65.8,Personnel Training,Despite say religious require point word industry training language store stage respond establish wall long bar hundred not decision five enter.,,Shane Robertson,Closed
AUD-02413,SITE-002,19-Sep-2025,2025-09-30,88.8,Containment Integrity,Whether affect role soldier institution where member else number with might order level several as green lead protect home animal collection leader return if third hotel.,Person really natural.,Ernest Taylor,Closed
AUD-01191,SITE-006,2025-12-30,,55.0,Safety Equipment,Carry by large free region public attorney door resource dream require push growth trouble beat.,Kind rule day as play message.,Heather Walker,Open
AUD-00537,SITE-003,2024-03-12,,68.6,Safety Equipment,Field campaign race work choice cause matter art film speak cultural find her experience section end southern during.,,Alexis Martinez,In Progress
AUD-01127,SITE-007,2025-06-15,2025-07-04,82.7,Containment Integrity,Floor summer sell those always work with guess artist source animal tax radio see government.,Take ground general stay human cost every require majority only after.,Joseph Cook,Closed
AUD-02147,SITE-006,2024-08-21,,84.3,Personnel Training,Republican side upon cut cost perhaps small radio watch movie imagine give suggest democratic when key.,International force imagine modern son majority leader magazine upon home read quality.,Jonathan Pruitt,In Progress
AUD-00882,SITE-003,2026-01-28,2026-03-08,42.9,Safety Equipment,Decide add mother subject television choose cell effect her detail paper try specific.,,Amanda Williams,Closed
AUD-01279,SITE-006,28-May-2024,,91.8,Maintenance Backlog,Card bag heart parent remember statement party rich material question ready process move include.,Respond plant past dinner second.,Peter Everett,In Progress
AUD-02970,SITE-006,2024-08-01,,28.2,Maintenance Backlog,Where somebody you respond light usually upon start likely organization prove step call return play focus lawyer.,,Daniel Velez,Open
AUD-01122,SITE-007,2025-10-04,2025-10-25,99.5,Environmental Monitoring,Serious size generation heart lawyer pick opportunity such recently with to school present thing today receive across possible cell.,,Anthony Chase,Closed
AUD-01356,SITE-005,2025-12-24,2026-01-03,81.5,Documentation,Member ground third onto much season everybody return training view while administration generation.,Kid fish participant build for.,Jim Carter,Closed
AUD-00783,SITE-002,2024-09-18,,76.4,Emergency Response,At class low near hope key play view thank case key that tax.,Standard day try network as describe.,Megan Ramirez,In Progress
AUD-01883,SITE-007,2025-11-30,12/19/2025,-2.6,Containment Integrity,Provide mention arrive moment to help enjoy feeling then focus together create happen.,Mission care always year bar once development opportunity when region us.,Jim Garcia,Closed
AUD-02783,SITE-002,2026-03-16,2026-03-09,76.8,Emergency Response,Special sell marriage money long city sister anything game as western believe ask gas consider born only power several management rock behavior forward expert message alone.,Seek management build include lay quality court.,Katelyn Collins,Closed
AUD-01278,SITE-001,2026-06-14,,66.1,Safety Equipment,Form design mother thousand sure pay there garden.,Itself look save dream born strong message.,Kristopher Morales,Open
AUD-01639,SITE-002,2024-02-27,2024-03-20,88.0,Personnel Training,Affect class particular with somebody.,Miss event age ground common big mention these.,Michelle Davis,Closed
AUD-00531,SITE-003,2024-12-27,2025-02-19,53.3,Safety Equipment,Somebody word surface stock key book response benefit compare good thank customer situation central face.,Budget to admit wish economy course nearly list get shoulder budget spring finish suggest husband.,Stephen Alvarado,Closed
AUD-01799,SITE-005,2025-07-22,,76.7,Maintenance Backlog,Scene realize remain create out law two him science ability rich serve receive.,Decision central former develop to resource listen central class note.,Cassandra Collins,Open
AUD-01577,SITE-005,2026-03-24,2026-04-09,66.0,Leak Detection,Policy wall away under paper high never expert effect.,Whatever unit no produce behavior fire every.,Nathaniel Simmons,Closed
AUD-01036,SITE-001,12/28/2025,2026-01-26,67.0,Leak Detection,President five best worker item stage person edge interest claim world task ask.,Cut history fire.,Anthony Lowe,Closed
AUD-00435,SITE-006,2025-04-08,,89.3,Leak Detection,Inside lose able have main everyone during day yes walk likely bad what its bill doctor important minute series million.,Poor blue fast rise PM see price.,Mark Taylor,Open
AUD-01460,SITE-003,2024-07-14,,74.7,Maintenance Backlog,Method ball work sure night purpose whom claim hit look capital education cause board herself six line.,His often group camera happy between.,Carlos West,In Progress
AUD-00253,SITE-005,2024-03-02,2024-03-13,85.0,Leak Detection,Create station ok college attention bank water along idea remain onto performance build coach.,,Lisa Schwartz,Closed
AUD-00015,SITE-005,2025-01-13,2025-01-28,83.9,Emergency Response,System herself industry hard decade house sure great cost rise perform behind company short ground fish it.,Everything safe mother either company receive later return feeling manager.,Matthew Wheeler,Closed
AUD-00421,SITE-006,2025-09-18,,76.5,Personnel Training,Government recently cost reach available ahead theory respond establish put technology word strong civil outside reduce ability opportunity.,Information six water answer study few risk Congress push successful summer American up answer word.,Antonio Martin,In Progress
AUD-02636,SITE-002,2024-11-26,,93.1,Safety Equipment,Specific before only although hot walk camera nearly.,,Sherry Craig,In Progress
AUD-00050,SITE-001,2025-01-12,2025-02-03,91.6,Environmental Monitoring,Prepare card be reveal of once week sort change style right establish.,Describe establish wait state special these ever step three simply.,Heather Harris,Closed
AUD-02597,SITE-005,29-Feb-2024,2024-03-10,74.6,Maintenance Backlog,Eight capital interview knowledge student serve top.,Discover election simple federal far across.,Brian Jordan,Closed
AUD-00144,SITE-001,2026-06-22,2026-07-09,98.6,Documentation,Trouble church why decade effort stock boy movement us step.,,Autumn Conway,Closed
AUD-01432,SITE-006,2026-06-18,03/08/2026,66.7,Maintenance Backlog,Just today line use through so speak politics seem three sure allow kitchen officer.,Century expect task lose recognize water more keep purpose and.,Christopher Rios,Closed
AUD-02208,SITE-007,2026-04-09,2026-04-15,88.4,Containment Integrity,Interest person fine final develop realize them from behavior.,,Katie Gray,Closed
AUD-02830,SITE-007,2025-12-27,2026-01-01,93.0,Leak Detection,Measure product every price here general send claim back step hour bit floor end party more goal.,Cultural rise improve out shoulder life.,Kirsten Carney,Closed
AUD-01380,SITE-005,08/25/2025,,84.0,Leak Detection,Political smile home opportunity four cover car property suggest card city.,,Dr. Megan Tucker,Open
AUD-01713,SITE-006,2026-06-25,,37.3,Emergency Response,Appear business family analysis treatment couple he.,Myself rather war into condition us outside rather growth.,Paula Lam,Open
AUD-00151,SITE-003,2025-09-09,2025-11-28,61.8,Leak Detection,Edge both including garden hot late remember interview plan test pass.,,Ryan Greene,Closed
AUD-01421,SITE-002,2025-11-23,01-Dec-2025,93.8,Emergency Response,Most increase back out computer his trouble rise.,Reduce answer seem measure maybe read purpose else note start environmental.,Marilyn Rogers,Closed
AUD-00202,SITE-004,2025-06-26,2025-07-18,92.7,Maintenance Backlog,Play together large husband reach ball majority every organization individual such through available career.,Travel particularly audience five people weight measure.,Ashlee Smith,Closed
AUD-01216,SITE-005,04/09/2026,,77.2,Personnel Training,Piece bank whatever energy into probably care rather audience hand charge.,Data wife claim candidate support model character issue ago.,Kevin Buchanan,Open
AUD-00620,SITE-002,2026-04-20,2026-04-26,82.6,Containment Integrity,Specific maintain popular party environment father trouble news language fast various clearly memory physical environmental prepare price choose whatever people only.,Writer home which father social threat produce.,Stephen Watson,Closed
AUD-01793,SITE-005,2026-02-15,2026-02-24,79.7,Emergency Response,Western power six case five rate story interesting nation process customer bed way ever instead official magazine commercial mother.,Blue show ten rather.,Charles Fuentes MD,Closed
AUD-02406,SITE-007,2025-02-27,,92.8,Leak Detection,Final while thing into if article arrive modern mind safe message author shoulder risk find people goal interview kid better.,Result receive magazine send son eye stuff laugh hard.,Kaitlyn Wilson,Open
AUD-01506,SITE-001,2026-05-16,,75.5,Safety Equipment,Note show thank discuss address suggest.,Gas coach reason executive concern perhaps.,Jody Watson,In Progress
AUD-00781,SITE-001,2024-08-04,,88.9,Environmental Monitoring,Player song here add fund key generation yeah.,Air Congress chair move security method our beautiful cost.,Christopher Ellis,In Progress
AUD-02434,SITE-007,2025-03-11,,81.0,Personnel Training,Old in herself market statement rock since bed beautiful collection college example.,Mention spend quite rule during much store test sit however body card.,William Donovan,In Progress
AUD-02243,SITE-006,2024-12-02,2025-01-24,65.7,Maintenance Backlog,Result interesting nation step alone bring resource often at particularly could serve.,Also cost boy picture plant help out program space talk.,Patricia Bowers,Closed
AUD-01768,SITE-006,2025-10-02,2025-09-26,60.8,Leak Detection,Officer exist leader other part pick project yard space compare turn certainly.,Red stock watch treatment country manager another soon expert race house include may knowledge source church.,Jessica Sherman,Closed
AUD-00218,SITE-001,2025-05-09,2025-05-22,69.7,Safety Equipment,Book leader everybody six student until field once appear.,Population fast join difficult man from wonder stop relationship fast amount husband.,James Sandoval,Closed
AUD-02592,SITE-003,2024-06-02T00:00:00Z,2024-07-20,39.3,Leak Detection,Learn his foot responsibility place become but situation head sometimes nation job avoid.,Speech certain often heavy career bank result talk player.,Emily Black,Closed
AUD-01175,SITE-001,2024-06-21,2024-07-18,76.4,Personnel Training,Former window tree born budget region environment performance fine agreement that.,Item third American national kid anything leave.,Antonio Ballard,Closed
AUD-01338,SITE-003,2026-04-15,08/06/2026,57.3,Personnel Training,Me soldier staff movement work rather try board hit include around local manager garden company sign majority somebody deep.,Discussion business together detail minute since.,Jeffrey Stein,Closed
AUD-02285,SITE-004,05/12/2024,,72.9,Leak Detection,Manager off author card next likely rate common consumer property language.,During military compare collection sea TV view responsibility art forget knowledge reason.,Brandon Chavez,In Progress
AUD-00404,SITE-001,2025-06-24,,89.7,Emergency Response,Administration among defense run themselves plan language reason evidence site inside economic eight group hour PM second again early per garden study become such the.,,Monique Gonzalez,In Progress
AUD-02846,SITE-003,2024-05-08,2024-07-29,55.5,Environmental Monitoring,Blood keep wish current trade quite investment share play reveal never such successful back me program before task perhaps level recognize.,Throughout adult military talk low turn stop carry season.,Richard Soto,Closed
AUD-02442,SITE-003,2026-03-07,,61.3,Safety Equipment,Usually note way expect by throughout world account simple tonight somebody quality run seem while.,Myself worry society case experience tell nation prove note clearly.,Amy Reynolds,Open
AUD-02080,SITE-007,2025-02-21,2025-03-05,81.9,Maintenance Backlog,Check stay record pull sell smile federal if also debate mission describe figure politics work almost woman leave with.,Often news few weight world pull apply suggest fight.,Carol Hampton,Closed
AUD-02414,SITE-002,2024-08-11,09/10/2024,104.9,Containment Integrity,Wife employee leave tell will program American ahead court answer thank democratic impact.,,Allison Jones,Closed
AUD-00258,SITE-001,2026-02-03,15-Feb-2026,81.1,Personnel Training,That movement common most media economic wish condition agency Congress money media plant buy see from beyond.,Though sense whose image myself government back career positive.,Erin Caldwell,Closed
AUD-00551,SITE-007,2024-10-01,2024-10-25,74.7,Environmental Monitoring,Know control reflect TV very term alone kitchen catch include new yeah air movement maybe modern because social.,Rest least nor option idea different serve product according right security clearly issue able.,Michelle Short,Closed
AUD-02601,SITE-004,2026-01-24,2026-02-10,94.9,Environmental Monitoring,Poor tell member own return some he others character authority strong effect.,,Matthew Rivera,Closed
AUD-01293,SITE-004,2024-07-24,,87.0,Environmental Monitoring,Stock eye certainly move factor piece figure.,Someone charge suffer number.,Kathleen Martin,In Progress
AUD-01916,SITE-002,2024-04-16,,86.7,Documentation,Budget address fish company record rock character special argue program similar quality for hold race pull street wrong full third low.,Maybe be baby scientist actually.,Nicole Solomon,In Progress
AUD-00575,SITE-004,2024-12-29,2025-01-16T00:00:00Z,96.5,Personnel Training,Lead allow president author form consider assume leader only instead cut house quite statement son suggest military see best key think environment month success special.,,David Hart,Closed
AUD-02264,SITE-005,2024-12-15,2025-01-05,79.9,Documentation,Official morning southern training pretty save still require police recognize water people general play baby reason large the.,,Anthony Reyes,Closed
AUD-01079,SITE-003,2025-09-02,,55.2,Maintenance Backlog,Left manager reveal process believe hospital reality year past.,Care mouth water threat so house now up live federal matter what agreement how now.,Sandra Perez,Open
AUD-00861,SITE-005,2024-03-05,,79.1,Maintenance Backlog,Baby hundred also strategy prevent and similar tend eight character year.,Movement only only could hair amount hundred line form.,Amy Crosby,In Progress
AUD-01710,SITE-005,2024-04-30,2024-05-09,75.9,Emergency Response,Player arrive offer goal hotel doctor consumer.,Until day main sense but since.,Erica Wilson,Closed
AUD-01605,SITE-003,2026-02-04,,77.4,Leak Detection,Stock Democrat data mother identify indicate ago realize only laugh various trade usually finally pattern democratic the painting street.,Car PM over right by hour.,Joanne Smith,Open
AUD-00263,SITE-007,2025-12-03,12/25/2025,91.9,Maintenance Backlog,Reflect study commercial summer drop despite model young mention realize ask crime poor pick with popular animal.,Side popular enough window cell tend war range five break.,Stacey Nelson,Closed
AUD-00432,SITE-002,02/13/2025,2025-03-03,86.4,Maintenance Backlog,Student add center think computer morning west traditional.,Chair successful material assume agent trade its century.,Todd Luna,Closed
AUD-01301,SITE-007,2025-08-22,2025-09-10,84.8,Maintenance Backlog,Score another candidate prove nation himself never.,Agent something number store career Democrat deal.,Peter Green,Closed
AUD-01058,SITE-003,2024-04-09,2024-05-16,69.6,Maintenance Backlog,Study whatever toward face bank street structure new talk really last.,Of care activity field fire item.,Nathan Rivera,Closed
AUD-01094,SITE-001,13-Jan-2025,2025-01-18,80.3,Leak Detection,Week member Mrs no result social truth hair.,,Caitlyn Anderson,Closed
AUD-02025,SITE-006,2024-08-07,2024-09-16,46.6,Personnel Training,Enjoy identify individual before happen affect vote.,,Matthew Foster,Closed
AUD-01481,SITE-003,2026-06-19,,71.4,Safety Equipment,Rather eat thing offer stay question little effort sit something other between.,,Darren Greene,In Progress
AUD-01494,SITE-005,2026-03-13,2026-04-12,69.9,Emergency Response,Entire eye stage various name everything upon say decide thank husband enough economic send by several certain much investment.,Break thought charge rest note million something.,Denise Sanchez,Closed
AUD-00030,SITE-002,2025-05-02,2025-05-12,84.8,Safety Equipment,It side employee center citizen those only be bank morning network almost none up military enough.,Book pressure before author.,Holly Page,Closed
AUD-00564,SITE-001,2024-02-10,2024-02-17,73.7,Emergency Response,Buy one back all present conference analysis feel point address give what hear me remain.,Society really hundred hand note return else Mr police.,James Joseph,Closed
AUD-01335,SITE-005,2024-11-26,2024-12-12,80.9,Personnel Training,Heavy move table fast property.,Research write under them example cost movie pretty black science.,Robert Costa,Closed
AUD-01474,SITE-006,2025-01-01,,52.6,Personnel Training,Rule reality or paper keep natural main pay support save what indicate.,,Karen Graham,In Progress
AUD-02233,SITE-006,2025-06-29,,75.1,Personnel Training,Record address next speech citizen foreign culture scientist speech phone hundred former.,Understand ground rest lay administration already person certain draw bag blood.,Victor Moore,Open
AUD-02718,SITE-001,2024-12-27,2025-01-21,89.0,Safety Equipment,Low arrive century against I against cause organization much fill artist arrive third enough.,Rest police as receive even.,Sara Stone,Closed
AUD-01838,SITE-001,2024-09-15,2024-09-30,79.6,Safety Equipment,Six exactly happy central base actually kitchen technology leave after during make.,Team paper short chair TV market.,Theresa Little,Closed
AUD-00403,SITE-001,2025-03-18,2025-04-04,62.0,Personnel Training,Test body live right time service material matter suffer.,,Clifford Monroe,Closed
AUD-01561,SITE-006,2024-08-01,,48.6,Containment Integrity,Government room after first soldier significant serious suffer Democrat short key student company return yourself four usually good network range floor.,,Sarah Jones,Open
AUD-01886,SITE-004,2025-11-15,2025-11-23,98.9,Containment Integrity,Attack record page truth stop.,Go candidate month to go huge customer drug they deep light fly nor central.,Lauren Hall,Closed
AUD-02292,SITE-005,2025-12-07,2026-01-02,104.4,Documentation,Poor player condition major all your which very grow perhaps may evidence decade true benefit move set trip along.,Cultural standard rise stop six consumer attention reflect land network total.,Margaret Stevens,Closed
AUD-02133,SITE-001,2026-01-10,2026-02-09,85.5,Maintenance Backlog,Machine measure interesting culture remember fear land fear wide nothing fear.,Possible consider natural physical pattern thought cut far recognize rock tell wife why.,Stacy Smith,Closed
AUD-01706,SITE-002,2025-06-14,2025-07-13,92.8,Environmental Monitoring,Rest political cultural area must what day just same kid who wonder effect vote offer civil.,,Todd Lamb,Closed
AUD-01788,SITE-002,06-Jan-2025,2025-01-17,89.1,Containment Integrity,Inside sense old Mrs practice place world agree.,Lawyer main however class two late impact history.,John Hall,Closed
AUD-02686,SITE-004,2025-04-15,,93.2,Safety Equipment,Way entire require cost true including individual someone.,Including its customer couple listen.,Jennifer Butler,Open
AUD-00434,SITE-005,2026-06-24,,89.0,Safety Equipment,Set industry our as color join day fight prepare seven kitchen out special situation citizen question forward past.,Sea read head everything feeling set candidate.,Robert Ray,Open
AUD-01261,SITE-003,2026-05-26,,58.8,Maintenance Backlog,Stock add mention evidence particularly cost within time test option bed only need.,Yet fund very admit happen generation reduce.,Molly Walker,In Progress
AUD-02566,SITE-004,2026-02-15,2026-03-01,89.1,Maintenance Backlog,Simple police police war dog my see skin financial choice probably risk arrive heart thus international and fly land.,Rather speak significant member college yes west.,Mr. Kristopher Cruz,Closed
AUD-01067,SITE-007,2024-09-24,2024-10-20,76.0,Leak Detection,Majority modern almost four traditional century early region television wait teacher campaign born north with pick player always summer measure course threat.,Then tough above risk push option.,Steven Young,Closed
AUD-02498,SITE-002,2024-09-16,2024-09-23,84.5,Safety Equipment,Almost run center reach over word she time.,,Erica Myers,Closed
AUD-02577,SITE-004,2025-11-08,2025-11-17,86.9,Personnel Training,Week theory while share old a according book suggest several note class group school such while somebody over whose happen.,,Alison Moran,Closed
AUD-00805,SITE-004,2024-07-24,2024-08-03,79.2,Documentation,Work house next possible issue material yes candidate job.,Study agreement drop finish mean seven medical receive perform.,Michelle Stout,Closed
AUD-00113,SITE-004,2026-07-11T00:00:00Z,2026-07-30,66.2,Environmental Monitoring,Rather song item never result evening check part western.,Firm it radio boy claim.,Rebecca Foster DDS,Closed
AUD-02671,SITE-006,21/05/2024,,59.5,Personnel Training,Owner when eye car add feel garden why space building soon white blue difference whole bit reason easy.,Future woman wonder report.,Amy Davis,In Progress
AUD-02127,SITE-004,2024-09-02,,74.3,Leak Detection,He grow political mind nothing moment pressure.,,Dale Butler,In Progress
AUD-00360,SITE-005,2024-06-05,,78.0,Emergency Response,Nation American officer something involve federal employee stuff learn forget building.,List reality western possible public begin use late usually ago.,William Morris,In Progress
AUD-01893,SITE-006,2024-06-10,,57.0,Emergency Response,Business push generation up win herself important.,Instead nothing unit still say enjoy somebody.,Mr. Robert Bell,Open
AUD-01979,SITE-001,2024-05-03,2024-05-10,100.0,Safety Equipment,Quite after American hit chair hundred how affect board admit image product participant while.,Picture song west challenge author able notice some.,Benjamin Butler,Closed
AUD-00374,SITE-002,04-Feb-2024,2024-03-04,100.0,Environmental Monitoring,Oil detail own very yard writer.,,Hannah Page,Closed
AUD-00453,SITE-004,2025-05-09,,94.6,Containment Integrity,Hot beautiful policy positive say page little degree.,At machine enter shake compare effect remember others though happy until lay air control million chance.,Allen Valdez,In Progress
AUD-01994,SITE-002,03-Jan-2026,14/01/2026,67.2,Personnel Training,Miss involve nothing nature account also audience cause meeting knowledge piece name season serve glass.,,Michele Nelson,Closed
AUD-01070,SITE-002,2025-04-01,,68.4,Documentation,Trial nation somebody present at sound relationship board matter plant begin give director especially call.,These line defense few six door girl grow class.,Tyler Nichols,Open
AUD-01503,SITE-007,2025-02-25,2025-03-23,79.9,Personnel Training,Far yes star look nothing another yet career make.,Why them remember phone effort leg me age structure.,Amber Smith,Closed
AUD-00975,SITE-001,2024-02-14T00:00:00Z,2024-03-05,79.5,Environmental Monitoring,List cause church future travel team finish north speech majority take small look.,Street week about executive tough finish.,Robert Long,Closed
AUD-00304,SITE-003,2024-10-04,07/11/2024,76.7,Personnel Training,Energy what visit beyond spend give everyone market policy term hotel design know production event send perform expect book.,,Andrew Olson,Closed
AUD-00823,SITE-005,2026-03-25,2026-04-01,100.0,Safety Equipment,Be social season behind whole call food respond through western.,Tonight world site yet though somebody officer.,James Mitchell,Closed
AUD-02325,SITE-003,2026-07-19,,53.3,Containment Integrity,Situation under between buy imagine early building smile professor international fight pattern a majority.,,Mrs. Danielle Collins DDS,Open
AUD-02075,SITE-003,03-Dec-2024,2025-02-09T00:00:00Z,45.5,Maintenance Backlog,Build door whole return pass popular activity suggest make what must.,Field him soon across individual would keep modern chair during.,Arthur Jones,Closed
AUD-02148,SITE-006,2026-05-20,,86.1,Containment Integrity,Pull effect office amount action live fly war vote value.,Person crime school situation authority produce that house.,Natalie Hamilton,Open
AUD-02431,SITE-002,13-Mar-2025,2025-03-26,75.7,Maintenance Backlog,Mean smile education animal run product ball serious role within bed her manage political gun result challenge interview he they camera.,Crime shoulder forward leg activity necessary wall young media free any likely.,Traci Oliver,Closed
AUD-00643,SITE-005,2025-03-27,,73.3,Environmental Monitoring,Never every perform property all.,,Virginia White,Open
AUD-00159,SITE-002,2024-11-05,,88.4,Maintenance Backlog,Reality almost laugh ten mind value expect itself against stand him once business.,Election degree those red.,Roger Carroll,Open
AUD-01907,SITE-005,2024-11-11,,99.3,Safety Equipment,Next financial feeling thought letter begin hundred really positive middle meet material girl current brother assume east industry.,Law walk boy better sound including coach.,Kevin Cruz,Open
AUD-01681,SITE-006,2025-03-05T00:00:00Z,,70.7,Personnel Training,Very another want exactly choice human Mr difficult put idea politics especially require.,,Daisy Dominguez,In Progress
AUD-02210,SITE-004,2025-01-03,01/08/2025,91.4,Environmental Monitoring,Sea cover protect once card article parent opportunity allow each generation human service attention wrong nothing career car five fast without area positive reduce career.,Probably reflect film recognize threat PM study court science air full.,Leah King,Closed
AUD-00821,SITE-002,03-Aug-2024,2024-08-16,87.1,Documentation,Trade store prepare little rich get interest lot enough son enough no.,Edge benefit building area voice world development bank audience those.,Gabriel Carter,Closed
AUD-01300,SITE-006,2025-03-16,,28.6,Leak Detection,Reality simply among opportunity lead individual include responsibility.,Night beyond time technology apply.,David Johnson,In Progress
AUD-01220,SITE-001,2024-05-01,2024-05-29,99.9,Maintenance Backlog,Major without power modern perform something able defense store meeting raise forget interest.,,Tracy Ramirez,Closed
AUD-02915,SITE-006,2025-01-25,,67.6,Maintenance Backlog,Tonight magazine another left power only today stage effort represent write run next will letter return tough book star imagine.,Up bar cup history truth.,Anthony Martinez,In Progress
AUD-00613,SITE-005,2026-03-13,2026-03-24,80.4,Personnel Training,Wonder second party help son despite work customer even.,Few open beyond value short second finally find single.,Janet Thomas,Closed
AUD-01917,SITE-003,2024-02-08,05/08/2024,55.1,Environmental Monitoring,Close different plant whose any account do president among protect interview tend serve laugh image beyond discover environmental later institution space senior husband apply argue.,Already eat finally ok common continue consumer someone bring.,Joshua Gardner,Closed
AUD-02802,SITE-006,04/04/2026,2026-05-12,49.4,Documentation,Heavy best rate artist will I manager often.,Wide age few change now spring.,Lydia Lee,Closed
AUD-00313,SITE-003,2026-03-07,2026-06-05,30.5,Documentation,Enter writer resource go price clearly finally off career.,Suddenly consider talk.,Abigail Garcia,Closed
AUD-02273,SITE-005,2024-06-11,,61.8,Maintenance Backlog,Wife safe ready wonder city of much especially Republican enjoy.,Morning ask throughout some energy letter return song approach their city lead.,Jennifer Griffin,In Progress
AUD-00989,SITE-006,2025-12-25,,57.1,Leak Detection,Mind can system something word over discussion local relationship enter bag officer color hand soon plan season fill from radio collection Congress.,Represent able plan area option star character country his behind effect.,Denise Pierce,Open
AUD-01172,SITE-004,2026-05-01,2026-05-24,84.5,Leak Detection,Couple likely rather close behavior option city seem television sound white treat when door health value entire beyond teach us.,Author evening bank opportunity practice federal coach worker foreign.,Laura White,Closed
AUD-00513,SITE-001,2026-06-19,2026-07-07,98.6,Maintenance Backlog,Like nice it fall PM course mention great same would.,,Henry Smith,Closed
AUD-00441,SITE-005,2024-09-29,24/10/2024,95.0,Emergency Response,Senior floor everything relationship her kid collection individual husband though despite right hundred role and experience act man above.,,Carolyn Gibson,Closed
AUD-02164,SITE-002,2024-06-17,2024-06-23,65.6,Personnel Training,Way big remain ball book statement Democrat medical play group bed seem politics.,Stage tree market purpose near would dinner.,Ryan Morrow,Closed
AUD-02798,SITE-007,2024-08-06,,81.8,Emergency Response,Country commercial seem structure future explain eat friend memory prepare.,Industry score culture small student manager baby yard.,Michael Blake,In Progress
AUD-02567,SITE-001,2024-03-01,2024-03-30,76.0,Emergency Response,Very question house guy happen Mr the letter throw bring process simply foot amount successful assume.,Kitchen painting animal four shoulder test no writer consider.,Andrew Espinoza,Closed
AUD-01006,SITE-001,08-Oct-2024,,84.3,Safety Equipment,Nation field section make office always gun sell.,Tree bed sit evidence relationship ever.,Jason Garcia,In Progress
AUD-01436,SITE-005,2024-12-26,2025-01-04,82.5,Personnel Training,Question whether join sometimes have little eat ahead protect score.,Along find tell movie beautiful mouth myself religious turn.,Barbara Hughes,Closed
AUD-00554,SITE-005,2025-01-24,02/21/2025,70.2,Environmental Monitoring,Fast treat matter mention cup change ago piece choose current stage company student minute result candidate.,Middle draw against entire list.,Janet Kaiser,Closed
AUD-00194,SITE-004,2025-08-31,,96.2,Documentation,Help image shake end success.,Social quite both try much they attorney which side.,James Mccann,Open
AUD-00436,SITE-006,2025-11-28,2026-01-19,82.6,Safety Equipment,Growth out term charge police east in young likely center girl.,,Keith Bird,Closed
AUD-01283,SITE-002,2024-06-05,2024-07-04T00:00:00Z,79.9,Personnel Training,Itself practice then yet matter Democrat also piece if actually just blood sell hold.,Model test stay by trip similar music author stop show safe candidate.,Kimberly Russell,Closed
AUD-01333,SITE-004,2026-05-10,2026-05-26,61.3,Safety Equipment,Thought loss dog control food move result perhaps everyone institution give own step present become soldier deep class staff civil stand.,,Derek Walker,Closed
AUD-01199,SITE-006,2026-06-04,,56.5,Safety Equipment,Hope with debate ask minute lose cultural two treat but present student personal street with president.,Green through suddenly child view still Republican by.,Michael Blackwell,Open
AUD-00025,SITE-002,2024-08-06,2024-08-19,68.9,Safety Equipment,Common eight idea now oil.,,Joseph Beck,Closed
AUD-00416,SITE-005,2025-10-09,2025-10-16,86.8,Maintenance Backlog,Lawyer director within factor this lawyer product outside day speak institution seem fall present both beat per information.,Its serious firm sea.,Daniel Thompson,Closed
AUD-01680,SITE-005,05/02/2024,2024-05-16,75.0,Safety Equipment,Door forget moment each show model and safe camera officer lead upon true student sister design attention upon style end from argue word parent.,Fight culture together answer.,Monica Smith,Closed
AUD-01141,SITE-001,2024-05-01,05/06/2024,90.8,Maintenance Backlog,Meeting necessary ago movie land for plan glass term film coach.,Success newspaper arm to like physical me this become Congress support.,David Golden,Closed
AUD-01642,SITE-003,2024-06-09,,53.6,Emergency Response,Current throughout keep yeah believe president individual become cultural address development able prevent former magazine foot say.,Assume spend paper pull weight person kind executive.,Mrs. Carolyn Washington,In Progress
AUD-01004,SITE-005,2026-06-14,2026-07-02,88.4,Maintenance Backlog,By as feel scientist body according ask have although remember number present team move network mouth mention task visit everything send.,Ago more add late let home reduce involve.,Christie Wells,Closed
AUD-00572,SITE-005,2024-11-02,,77.9,Safety Equipment,Party soldier poor information he that time school her play than your far question.,Fill kitchen kind growth southern conference.,Ashley Bradley,Open
AUD-00150,SITE-002,2024-07-06,2024-07-30,95.6,Safety Equipment,Energy possible best what fact I investment different appear.,Close those business own.,Lance Schaefer,Closed
AUD-02625,SITE-001,2026-08-06,2025-03-07,86.0,Containment Integrity,Central bag American tough office.,Crime fine picture fund form cold color family raise as make raise.,Hunter Foley,Closed
AUD-00982,SITE-004,2024-07-07,2024-08-01,91.3,Leak Detection,Build strong age dark admit Mr morning culture course.,,Angela Crawford,Closed
AUD-02425,SITE-002,2025-09-13,2025-10-09,67.3,Environmental Monitoring,Kind whether stay write out without nation pull range down past effect party sense light share politics.,,Michael Cortez,Closed
AUD-00876,SITE-005,2025-07-06,,74.8,Emergency Response,Statement economic serve attorney state of low operation century agency game free help game natural operation conference trouble include movement not white brother artist watch fly.,Amount as rather add player film water market.,Ryan Nichols,Open
AUD-01124,SITE-005,2025-02-01,2025-02-24,75.0,Environmental Monitoring,Old direction all manager cover child development page hand alone team account size.,,Nicholas Smith,Closed
AUD-01724,SITE-005,2025-11-04,,89.3,Leak Detection,Artist daughter truth certain relationship beat most she husband mission value place character send work environment gas above teach weight science.,Rise student compare model whole avoid citizen season.,Jonathan Ward,Open
AUD-02280,SITE-004,2025-03-26,2025-04-14,80.3,Documentation,Of program win garden leg most sort play social training poor.,,Kimberly Drake,Closed
AUD-00646,SITE-006,2026-01-27,2026-02-16,55.8,Emergency Response,Reflect might record any per east peace same painting man once social close available example citizen risk.,Recent computer build put close protect allow hit decide poor appear mind.,Dawn Brown,Closed
AUD-01815,SITE-004,2024-03-21,2024-04-03,78.1,Personnel Training,Movie bad believe return customer center today lot several office front add billion see.,Relate television sometimes firm voice parent everybody.,Benjamin Petersen,Closed
AUD-00694,SITE-007,2026-02-01,,75.4,Safety Equipment,Fine director image guess find instead himself dark specific.,Direction when task positive story piece price.,Donna Ramos,Open
AUD-01835,SITE-001,2026-01-26,,83.3,Environmental Monitoring,They economy light culture increase know economy skin three listen next improve young chance career space improve country.,Know number better something manager.,Troy Smith,Open
AUD-00632,SITE-005,2026-02-05,2026-02-01,88.5,Leak Detection,Also expert letter if though bit.,,Jamie Cooke,Closed
AUD-02851,SITE-004,2025-01-02,2025-02-01,80.2,Personnel Training,Occur back determine increase out who move finally board mean data modern goal floor life must leg she line here mother million.,,Ashley Snyder,Closed
AUD-02351,SITE-007,2024-04-11,,75.1,Containment Integrity,Possible cover difference argue event million bed cup her full college professor almost prevent.,Go hand so service quite industry matter stand sort myself reason.,Christina Ford,Open
AUD-01792,SITE-002,2025-11-09,2025-11-27,80.4,Safety Equipment,Expert plan involve never parent president size nor poor stuff.,Chair American computer decide report traditional natural.,Daniel Carr,Closed
AUD-02801,SITE-001,2024-05-30,2024-06-28,77.6,Personnel Training,Read lay drug lay scene third sing billion peace card investment skill her through shoulder.,Race information mean front address firm five growth everybody.,Rita Flores,Closed
AUD-01463,SITE-005,2024-11-08,2024-11-29,92.7,Personnel Training,However career together impact far control air magazine.,Eat scene some great too probably low information surface.,Tracy Waller,Closed
AUD-00938,SITE-005,2024-02-15,,81.0,Safety Equipment,However high actually could government loss easy daughter thus everybody home.,Process ten Mrs heavy name PM focus particular spring too.,Michael Mercado,Open
AUD-02544,SITE-004,2024-12-09,2024-12-27,76.6,Documentation,Score simply seat could top future fund enter chair then purpose make within.,Thus claim sea here amount cover have.,Kathryn Horton,Closed
AUD-02776,SITE-003,2024-02-17,,55.2,Leak Detection,Available owner pattern them camera southern economy southern end interest.,Benefit look worry international spring others continue whose wrong shoulder Congress newspaper fact.,Christine King,In Progress
AUD-02792,SITE-001,2025-12-27,,87.1,Leak Detection,Store until share scene point industry remember man economy follow commercial far politics spend clear investment these training son old chance popular dinner magazine.,,Michael Cobb,In Progress
AUD-00220,SITE-006,2026-07-01,2026-09-18,73.8,Documentation,Name thousand south treatment attention everybody resource save travel door season model poor hope PM.,,Tracy Gill,Closed
AUD-02842,SITE-006,2025-02-13,,70.3,Safety Equipment,Base week impact another soldier last baby image care water audience all worker course threat pretty.,Stuff threat can officer crime fly.,Antonio Morales,Open
AUD-02843,SITE-006,2025-08-02,,78.7,Personnel Training,You realize direction upon yes fear senior.,,Keith Torres,In Progress
AUD-01914,SITE-007,2026-03-07,2026-04-02,90.1,Documentation,Condition establish provide produce kid federal conference pressure player ok a method table will.,Individual feeling performance property.,Nicole Cook,Closed
AUD-02017,SITE-001,2024-04-09,2024-05-06,90.8,Environmental Monitoring,Democrat evidence stock audience wonder voice anyone role capital beautiful.,Break certain bag lose knowledge number bank someone join financial dream parent carry least add sometimes.,Ryan Morris,Closed
AUD-02246,SITE-002,2025-11-14,2025-12-03,81.5,Safety Equipment,Board charge against for sea hard boy stop expert necessary one share that difference morning because trial section item too research.,Of point throughout son reveal thank know coach.,Jacqueline Orr,Closed
AUD-02422,SITE-001,2025-10-01,2025-10-26,70.3,Containment Integrity,Reach may feeling address painting serious return.,Weight prevent those TV cultural hope experience way kid leg site interview.,Jason Ross,Closed
AUD-01525,SITE-005,2026-07-09,2026-07-26,91.8,Safety Equipment,Rather I recently total agency election think range action rise enter month study join building son quality behavior.,Team join military name run affect hand campaign anything less left.,Nicholas Phillips,Closed
AUD-02417,SITE-007,2024-07-11,,71.4,Maintenance Backlog,Admit site person very necessary attack Republican over several mean.,Increase cause hour maybe statement decade really onto shoulder garden impact small.,Megan Mcintyre,In Progress
AUD-01030,SITE-007,2024-05-24,06/22/2024,91.7,Personnel Training,Need character fire past force make local able leave.,While authority mother campaign sell.,Sarah Schmidt,Closed
AUD-00028,SITE-004,2025-05-08,2025-05-26,83.4,Safety Equipment,Realize east similar step think office hot agent wait anyone bit.,,Daniel Lee,Closed
AUD-01173,SITE-002,2025-03-11,2025-03-23,85.0,Documentation,Sit business house fast century side reach.,,Nicholas Yoder,Closed
AUD-00331,SITE-003,2025-03-05,2025-04-14,59.4,Safety Equipment,Adult education former science very every nor season perhaps talk event because beautiful chair democratic have door.,,Michelle Bolton,Closed
AUD-01467,SITE-006,2025-09-11,2025-11-14,69.2,Environmental Monitoring,Serious economic pressure suddenly instead sell myself nor old weight red southern contain western community concern hotel condition high beautiful affect have.,Instead make which beautiful.,Natalie Small,Closed
AUD-02267,SITE-001,2024-04-13,,75.9,Environmental Monitoring,Nor believe again true which most finish everyone eat how ground road check list lot message.,,Chris Brown,In Progress
AUD-01387,SITE-001,2026-04-26,2026-05-24T00:00:00Z,100.0,Safety Equipment,Among prove strong tend case assume maybe next season.,Avoid campaign identify condition form main stock quality recognize something.,Mr. Jonathan Clark,Closed
AUD-02921,SITE-005,2025-03-26,2025-04-04,87.1,Maintenance Backlog,For of response hand offer brother alone class tree them what order blood interest hear alone green ready front teacher picture environmental like.,Price event now require alone role.,Timothy Hawkins,Closed
AUD-01462,SITE-002,2025-02-18,02/26/2025,76.4,Environmental Monitoring,School get structure interesting watch appear chance truth structure stage quality region system stand above computer art size community friend local a floor executive.,,Kelsey Maxwell,Closed
AUD-00776,SITE-007,2025-01-09,,69.0,Environmental Monitoring,Yard clear prevent measure increase idea and thing cell themselves thing hand voice represent future this.,Between play explain difference.,Mrs. Natalie Moore,Open
AUD-02506,SITE-005,2026-06-21,2026-06-30,76.0,Safety Equipment,Style military size trip color civil main today listen upon popular he but most.,Politics meet each main develop company trial son force land system work.,Luis Hill,Closed
AUD-01532,SITE-006,2026-04-22,2026-05-29,50.6,Environmental Monitoring,Information establish goal director final guess cup coach.,Now power old cup during alone least role glass exist have friend foreign particular change.,Jacqueline Lee,Closed
AUD-01949,SITE-004,2024-11-19,2024-12-15,77.2,Containment Integrity,Away reflect suggest speak professor almost produce hope coach whose nothing push market city plan soldier.,,Angela Jones,Closed
AUD-00599,SITE-005,2026-06-07,,68.7,Documentation,Leg only sister away audience guy indeed light present surface seat want relationship.,Movie different along wide fly material.,Barbara Washington,In Progress
AUD-02912,SITE-004,2024-10-27,11-Nov-2024,93.4,Environmental Monitoring,Everybody dinner if make without arm turn hair yet.,Itself final protect he economy how trial amount wear late coach again attention individual term.,Lisa Todd,Closed
AUD-02396,SITE-004,2025-02-24,2025-03-25,90.2,Leak Detection,Whole difference charge apply material civil season art garden officer television central thing box likely.,Drive two year skill Mr take owner something management star.,Stacey Russell,Closed
AUD-01049,SITE-005,2025-07-23,16-Aug-2025,80.9,Documentation,Everybody agreement include ball focus middle forward.,Walk article structure stock.,Derek Serrano,Closed
AUD-00444,SITE-004,2024-06-17,,95.3,Maintenance Backlog,On part unit music when field section central at sister once standard assume be participant card act.,,Marie Ramsey,Open
AUD-00709,SITE-003,11/20/2025,,41.7,Maintenance Backlog,So enjoy form chance do somebody task recognize card play become either cover your partner professor game somebody chair career three.,Have economy kid account physical country remember half price floor response.,Jennifer Vargas DVM,Open
AUD-02906,SITE-007,2026-02-27,,84.5,Leak Detection,Best job church research necessary it.,Allow six east energy stock perform others.,Denise Johnson,Open
AUD-02769,SITE-005,2026-01-07,2026-02-04,85.8,Containment Integrity,Society should possible president less today arm start they certainly close than capital receive wear describe executive world last somebody.,,Sheena Murphy,Closed
AUD-01988,SITE-001,2024-07-07,,73.5,Documentation,Hand similar data someone would usually long create trip over resource happen raise particularly director side.,Industry Mr picture.,Philip Walters,Open
AUD-00485,SITE-002,2025-05-27,2025-06-24,53.5,Emergency Response,Because remain rule such central individual who cover.,,Gilbert Williams,Closed
AUD-00499,SITE-006,2026-06-19T00:00:00Z,,37.9,Emergency Response,Middle front soon help able college nation local inside.,Explain public mission ability material.,Mark David,Open
AUD-02845,SITE-006,2025-08-16,2025-11-03,85.4,Leak Detection,Respond value woman condition clearly responsibility real yard.,Make pretty maybe great four management machine building book people.,Mario Chambers,Closed
AUD-00681,SITE-003,2025-01-21,,70.0,Maintenance Backlog,Truth record discuss learn take only make road.,,David Beard,Open
AUD-00207,SITE-001,2025-04-10,2025-04-27,91.4,Emergency Response,Day watch for commercial use quickly value almost safe term.,Tend cover care decade religious still note Congress adult report kind.,Lisa Murphy,Closed
AUD-02240,SITE-002,2024-03-11,,92.0,Safety Equipment,Billion authority inside themselves professor upon somebody act economic.,Begin garden two certainly.,Charles Morrow,In Progress
AUD-00617,SITE-005,2026-02-10,2026-02-17,74.6,Personnel Training,Us without art want garden soldier heavy federal majority door produce network inside along dinner.,Operation reach whole compare national of year money how security whom.,Maria Crawford,Closed
AUD-00942,SITE-006,2025-12-25,,96.2,Leak Detection,Sport single edge show party garden agent agent usually government best condition.,Back feeling parent style budget tree professional.,Tracy Snyder,Open
AUD-00352,SITE-005,2024-04-16,,74.8,Documentation,Soldier produce nothing value ever avoid whom what base get.,Event probably back recently society church do guy.,Charles Cruz,Open
AUD-00782,SITE-005,2026-07-04,2026-08-02,85.2,Safety Equipment,Build common short return mother onto standard interesting crime me style study beat bit serious measure gun ten.,Reveal station arrive huge either community who address.,Tim Olson,Closed
AUD-00806,SITE-004,2025-05-22,2025-05-28,90.8,Safety Equipment,Rest white bag daughter space military gas able about between peace surface artist.,,Brian Nguyen,Closed
AUD-00318,SITE-007,2025-03-19,2025-04-18,90.6,Personnel Training,Source rule by risk power fall girl open themselves police structure including message act bag.,Receive sit relate support son blue address attack admit.,Sean Holmes,Closed
AUD-01730,SITE-003,2026-02-14,,49.3,Maintenance Backlog,Writer move sometimes difficult water modern sell nature carry oil customer customer anyone list office.,President important sing thought discover who purpose single.,Tanya Becker,In Progress
AUD-02581,SITE-006,2025-04-02,,45.9,Maintenance Backlog,Play movement everybody here economic research account chair arrive career million pay sign change clear gas share dog population serious party onto against line.,During thousand executive owner him occur prevent admit guess bad former.,Jeremy Mann,In Progress
AUD-02583,SITE-003,2025-05-08,,75.8,Maintenance Backlog,Cost various indeed story foot we skill father hair either man standard.,Debate parent billion everyone happen raise firm home offer area.,Elizabeth Anderson,In Progress
AUD-00517,SITE-001,2026-03-06,2026-03-15,88.8,Safety Equipment,Daughter either so though our tree often school south out view morning seem economic study.,Become song pick always early for player year cell soon red experience type old remain.,Tammy Shepard,Closed
AUD-02844,SITE-002,2025-07-17,,92.7,Containment Integrity,Keep make bill director prevent reveal strategy strong inside personal while sea will say source degree.,Far week sure work simple possible.,Donald Baker,In Progress
AUD-02051,SITE-004,2024-11-02,2024-11-14,83.4,Documentation,Turn beautiful unit to daughter office thing able.,,Sara Shaffer,Closed
AUD-00387,SITE-001,2024-03-20,2024-04-17,99.8,Maintenance Backlog,Front message certain include smile with begin.,Seem reality list big account sell send main particular sometimes itself wonder center defense throughout.,Jeremy Eaton,Closed
AUD-01800,SITE-004,2025-08-08,2025-08-28,82.2,Emergency Response,Trip special individual so tell science speak site answer lose.,Behind manager its best set.,Tiffany Weaver,Closed
AUD-00501,SITE-006,2026-04-19,,29.9,Environmental Monitoring,Decision matter entire traditional social better part.,Free star yard glass fast modern.,Sara Reid,Open
AUD-02882,SITE-004,2025-07-11,2025-07-25,87.8,Personnel Training,Film current real continue they sort boy culture network several particular term spend arrive everyone respond keep continue successful media according.,Voice energy word develop be house moment kid although system expert.,Deborah Meyer,Closed
AUD-02052,SITE-001,2025-08-16,09/10/2025,78.2,Personnel Training,Smile per have relate relationship movement professional activity others every executive agree hundred foot clear yourself consumer issue.,World north simple too clear threat research maybe begin too fish adult bag.,Kimberly Ortiz,Closed
AUD-02724,SITE-001,2025-05-20,,87.1,Safety Equipment,Success rock grow fast describe character human hold increase range without his start nation gun suddenly approach serious hit.,Woman trade book prevent artist situation all improve real win head authority Democrat notice.,Christopher Carroll,Open
AUD-01437,SITE-004,2025-06-08,,82.0,Environmental Monitoring,Soldier make radio song television suggest outside common.,Fast a word black performance point spring spend compare.,Craig Garcia,Open
AUD-00711,SITE-002,2025-07-07,2025-07-14,62.7,Safety Equipment,During have successful agree goal job.,,Kyle Matthews,Closed
AUD-02014,SITE-003,2025-10-19,,29.3,Maintenance Backlog,Wrong own drop Republican small course Democrat maybe become citizen contain relate wide sit country.,Pm because leg hotel sort anything table.,Holly Patterson,In Progress
AUD-01764,SITE-002,2024-08-20,11-Sep-2024,88.2,Environmental Monitoring,Single line present run far although laugh.,His newspaper become experience eight again usually word.,Jeffery Lynn,Closed
AUD-02286,SITE-004,2025-11-14,,74.7,Containment Integrity,Mr star drug seek degree simply since less pick short sea item special.,Large three finish miss find in let light imagine example arrive.,Heather Hopkins,Open
AUD-01504,SITE-007,2025-03-28,2025-04-21,83.0,Documentation,Learn buy movie training good new outside main enjoy shake.,Rate around oil training north skin.,Ryan Andrews,Closed
AUD-01195,SITE-007,2024-11-11,,84.9,Containment Integrity,Available physical difference travel most trip him democratic wear commercial return significant happy ability.,Few court example mission lawyer official these.,Kerri Rollins,Open
