record_id,dataset,issue_type,detail
INC-00001,incidents,dirty_label:severity,Critical -> Crit
INC-00002,incidents,dirty_label:incident_type,Equipment Failure -> equipment failure
INC-00006,incidents,dirty_label:severity,Critical -> CRITICAL
INC-00006,incidents,future_date:incident_date,2026-08-01
INC-00007,incidents,dirty_label:severity,Critical -> crit
INC-00008,incidents,dirty_label:severity,Critical ->  Critical
INC-00010,incidents,mixed_date_format:incident_date,used format %d-%b-%Y: 25-May-2026
INC-00013,incidents,mixed_date_format:incident_date,used format %d-%b-%Y: 17-Oct-2023
INC-00016,incidents,missing_required_field:severity,
INC-00018,incidents,dirty_label:incident_type,Fire ->  fire
INC-00020,incidents,dirty_label:incident_type,Leak -> LEAK
INC-00020,incidents,mixed_date_format:incident_date,used format %d-%b-%Y: 21-Jun-2025
INC-00023,incidents,mixed_date_format:incident_date,used format %m/%d/%Y: 06/20/2024
INC-00025,incidents,dirty_label:incident_type,Equipment Failure -> Equipment  Failure
INC-00026,incidents,missing_required_field:severity,
INC-00026,incidents,missing_required_field:incident_type,
INC-00027,incidents,dirty_label:incident_type,Leak ->  Leak
INC-00028,incidents,mixed_date_format:incident_date,used format %m/%d/%Y: 10/10/2024
INC-00028,incidents,missing_required_field:incident_type,
INC-00030,incidents,invalid_coordinates,"coordinates (0,0)"
INC-00031,incidents,out_of_range:compliance_score,115.7
INC-00034,incidents,out_of_range:compliance_score,-0.5
INC-00036,incidents,dirty_label:severity,Low -> Lo
INC-00036,incidents,mixed_date_format:incident_date,used format %Y-%m-%dT%H:%M:%SZ: 2023-10-14T00:00:00Z
INC-00039,incidents,mixed_date_format:incident_date,used format %m/%d/%Y: 12/08/2023
INC-00040,incidents,dirty_label:incident_type,Equipment Failure -> Equip. Failure
INC-00040,incidents,mixed_date_format:incident_date,used format %d-%b-%Y: 21-Aug-2023
INC-00043,incidents,mixed_date_format:incident_date,used format %d-%b-%Y: 20-Jul-2025
INC-00047,incidents,mixed_date_format:incident_date,used format %Y-%m-%dT%H:%M:%SZ: 2025-01-07T00:00:00Z
INC-00051,incidents,mixed_date_format:incident_date,used format %m/%d/%Y: 03/23/2026
INC-00053,incidents,dirty_label:severity,High -> Hi
INC-00056,incidents,missing_required_field:incident_type,
INC-00057,incidents,dirty_label:severity,Critical -> Crit
INC-00058,incidents,mixed_date_format:incident_date,used format %d/%m/%Y: 04/10/2024
INC-00059,incidents,mixed_date_format:incident_date,used format %Y-%m-%dT%H:%M:%SZ: 2025-10-08T00:00:00Z
INC-00061,incidents,mixed_date_format:incident_date,used format %Y-%m-%dT%H:%M:%SZ: 2024-01-03T00:00:00Z
INC-00062,incidents,future_date:incident_date,2026-08-14
INC-00065,incidents,mixed_date_format:incident_date,used format %d-%b-%Y: 04-Feb-2024
INC-00067,incidents,dirty_label:severity,Low -> LOW
INC-00071,incidents,dirty_label:severity,Low -> low
INC-00071,incidents,dirty_label:incident_type,Leak ->  Leak
INC-00073,incidents,mixed_date_format:incident_date,used format %d-%b-%Y: 24-Aug-2024
INC-00077,incidents,missing_required_field:severity,
INC-00078,incidents,mixed_date_format:incident_date,used format %Y-%m-%dT%H:%M:%SZ: 2024-03-24T00:00:00Z
INC-00079,incidents,mixed_date_format:incident_date,used format %m/%d/%Y: 10/13/2024
INC-00081,incidents,future_date:incident_date,2026-09-12
INC-00084,incidents,future_date:incident_date,2026-08-10
INC-00088,incidents,missing_required_field:severity,
INC-00088,incidents,missing_required_field:incident_type,
INC-00092,incidents,dirty_label:severity,Critical -> critical
INC-00092,incidents,mixed_date_format:incident_date,used format %m/%d/%Y: 11/06/2023
INC-00094,incidents,mixed_date_format:incident_date,used format %d-%b-%Y: 28-Aug-2024
INC-00098,incidents,dirty_label:severity,Low ->  Low
INC-00101,incidents,mixed_date_format:incident_date,used format %m/%d/%Y: 04/22/2024
INC-00102,incidents,dirty_label:incident_type,Equipment Failure -> equipment failure
INC-00105,incidents,mixed_date_format:incident_date,used format %m/%d/%Y: 04/29/2025
INC-00108,incidents,dirty_label:severity,Low -> LOW
INC-00109,incidents,dirty_label:severity,High -> high
INC-00110,incidents,dirty_label:incident_type,Near Miss -> Near  Miss
INC-00111,incidents,dirty_label:severity,Medium -> Med
INC-00114,incidents,dirty_label:incident_type,Equipment Failure -> EQUIPMENT FAILURE
INC-00114,incidents,out_of_range:compliance_score,104.0
INC-00116,incidents,dirty_label:severity,Medium -> Med
INC-00116,incidents,missing_required_field:incident_type,
INC-00117,incidents,missing_required_field:severity,
INC-00118,incidents,mixed_date_format:incident_date,used format %m/%d/%Y: 12/12/2025
INC-00119,incidents,mixed_date_format:incident_date,used format %Y-%m-%dT%H:%M:%SZ: 2025-04-13T00:00:00Z
INC-00121,incidents,dirty_label:incident_type,Equipment Failure -> Equip. Failure
INC-00121,incidents,mixed_date_format:incident_date,used format %d-%b-%Y: 15-Oct-2023
INC-00121,incidents,future_date:incident_date,2026-09-21
INC-00122,incidents,out_of_range:compliance_score,-12.3
INC-00125,incidents,dirty_label:severity,Low -> Lo
INC-00125,incidents,mixed_date_format:incident_date,used format %m/%d/%Y: 11/25/2024
INC-00128,incidents,dirty_label:incident_type,Spill -> SPILL
INC-00135,incidents,missing_required_field:severity,
INC-00136,incidents,missing_required_field:severity,
INC-00137,incidents,dirty_label:incident_type,Leak -> Oil Leak
INC-00137,incidents,mixed_date_format:incident_date,used format %d-%b-%Y: 24-Aug-2024
INC-00138,incidents,dirty_label:incident_type,Equipment Failure -> EQUIPMENT FAILURE
INC-00140,incidents,missing_required_field:severity,
INC-00144,incidents,dirty_label:severity,Critical -> critical
INC-00149,incidents,mixed_date_format:incident_date,used format %m/%d/%Y: 11/08/2024
INC-00151,incidents,mixed_date_format:incident_date,used format %m/%d/%Y: 07/05/2025
INC-00153,incidents,mixed_date_format:incident_date,used format %d-%b-%Y: 30-Mar-2025
INC-00157,incidents,dirty_label:incident_type,Spill ->  spill 
INC-00159,incidents,dirty_label:incident_type,Leak -> leak
INC-00159,incidents,future_date:incident_date,2026-08-09
INC-00161,incidents,mixed_date_format:incident_date,used format %Y-%m-%dT%H:%M:%SZ: 2024-05-27T00:00:00Z
INC-00162,incidents,dirty_label:incident_type,Leak -> LEAK
INC-00163,incidents,future_date:incident_date,2026-10-19
INC-00164,incidents,dirty_label:severity,Medium -> Medium 
INC-00164,incidents,mixed_date_format:incident_date,used format %m/%d/%Y: 01/09/2026
INC-00165,incidents,dirty_label:incident_type,Leak -> leak 
INC-00168,incidents,mixed_date_format:incident_date,used format %d/%m/%Y: 23/08/2024
INC-00170,incidents,mixed_date_format:incident_date,used format %m/%d/%Y: 03/22/2024
INC-00171,incidents,mixed_date_format:incident_date,used format %m/%d/%Y: 04/11/2026
INC-00174,incidents,dirty_label:incident_type,Leak -> leak
INC-00175,incidents,dirty_label:incident_type,Equipment Failure -> equipment failure
INC-00176,incidents,dirty_label:severity,Medium -> Med
INC-00176,incidents,dirty_label:incident_type,Spill ->  spill 
INC-00177,incidents,dirty_label:severity,Critical -> crit
INC-00179,incidents,dirty_label:severity,Medium -> MEDIUM
INC-00180,incidents,invalid_coordinates,"coordinates (0,0)"
INC-00180,incidents,out_of_range:compliance_score,150.0
INC-00182,incidents,dirty_label:incident_type,Equipment Failure -> Equip. Failure
INC-00182,incidents,mixed_date_format:incident_date,used format %d/%m/%Y: 23/10/2025
INC-00187,incidents,mixed_date_format:incident_date,used format %m/%d/%Y: 11/19/2023
INC-00190,incidents,dirty_label:incident_type,Spill -> spill
INC-00196,incidents,invalid_coordinates,latitude=107.853653 > 90
INC-00196,incidents,dirty_label:incident_type,Leak -> Oil Leak
INC-00197,incidents,missing_required_field:severity,
INC-00203,incidents,mixed_date_format:incident_date,used format %m/%d/%Y: 10/15/2025
INC-00203,incidents,missing_required_field:severity,
INC-00204,incidents,missing_required_field:incident_type,
INC-00206,incidents,dirty_label:incident_type,Near Miss -> Near  Miss
INC-00210,incidents,mixed_date_format:incident_date,used format %Y-%m-%dT%H:%M:%SZ: 2024-04-14T00:00:00Z
INC-00210,incidents,missing_required_field:severity,
INC-00218,incidents,mixed_date_format:incident_date,used format %d/%m/%Y: 05/04/2026
INC-00219,incidents,dirty_label:severity,High -> Hi
INC-00219,incidents,mixed_date_format:incident_date,used format %d-%b-%Y: 13-Feb-2024
INC-00219,incidents,missing_required_field:incident_type,
INC-00220,incidents,dirty_label:incident_type,Leak -> leak 
INC-00224,incidents,mixed_date_format:incident_date,used format %d/%m/%Y: 02/07/2026
INC-00226,incidents,dirty_label:severity,Medium -> medium
INC-00226,incidents,missing_required_field:incident_type,
INC-00228,incidents,missing_required_field:severity,
INC-00232,incidents,mixed_date_format:incident_date,used format %d-%b-%Y: 02-Apr-2026
INC-00233,incidents,dirty_label:incident_type,Leak ->  Leak
INC-00237,incidents,mixed_date_format:incident_date,used format %d/%m/%Y: 23/02/2024
INC-00240,incidents,dirty_label:incident_type,Spill ->  spill 
INC-00242,incidents,dirty_label:incident_type,Fire -> Fire 
INC-00243,incidents,mixed_date_format:incident_date,used format %Y-%m-%dT%H:%M:%SZ: 2024-05-18T00:00:00Z
INC-00244,incidents,dirty_label:severity,High -> HIGH
INC-00245,incidents,dirty_label:severity,High -> high
INC-00245,incidents,mixed_date_format:incident_date,used format %m/%d/%Y: 05/08/2026
INC-00246,incidents,dirty_label:severity,Medium -> Medium 
INC-00246,incidents,mixed_date_format:incident_date,used format %m/%d/%Y: 02/05/2025
INC-00247,incidents,dirty_label:incident_type,Spill -> spill
INC-00251,incidents,mixed_date_format:incident_date,used format %m/%d/%Y: 04/25/2025
INC-00251,incidents,missing_required_field:incident_type,
INC-00253,incidents,mixed_date_format:incident_date,used format %Y-%m-%dT%H:%M:%SZ: 2026-07-12T00:00:00Z
INC-00260,incidents,dirty_label:severity,Medium ->  medium
INC-00262,incidents,dirty_label:severity,Low -> low 
INC-00265,incidents,dirty_label:incident_type,Fire -> fire
INC-00266,incidents,out_of_range:compliance_score,115.7
INC-00267,incidents,missing_required_field:severity,
INC-00268,incidents,missing_required_field:severity,
INC-00269,incidents,dirty_label:incident_type,Near Miss -> near-miss
INC-00273,incidents,dirty_label:incident_type,Equipment Failure -> equipment failure
INC-00276,incidents,mixed_date_format:incident_date,used format %d-%b-%Y: 04-Jun-2026
INC-00276,incidents,missing_required_field:incident_type,
INC-00278,incidents,mixed_date_format:incident_date,used format %m/%d/%Y: 12/25/2024
INC-00279,incidents,dirty_label:incident_type,Fire -> FIRE
INC-00280,incidents,mixed_date_format:incident_date,used format %m/%d/%Y: 01/21/2024
INC-00283,incidents,mixed_date_format:incident_date,used format %Y-%m-%dT%H:%M:%SZ: 2025-11-18T00:00:00Z
INC-00287,incidents,future_date:incident_date,2026-10-08
INC-00288,incidents,mixed_date_format:incident_date,used format %Y-%m-%dT%H:%M:%SZ: 2024-07-10T00:00:00Z
INC-00289,incidents,dirty_label:severity,Critical ->  Critical
INC-00296,incidents,dirty_label:severity,High -> high
INC-00296,incidents,dirty_label:incident_type,Spill -> Minor Spill
INC-00299,incidents,mixed_date_format:incident_date,used format %d-%b-%Y: 19-Dec-2024
INC-00301,incidents,missing_required_field:severity,
INC-00307,incidents,mixed_date_format:incident_date,used format %Y-%m-%dT%H:%M:%SZ: 2025-05-02T00:00:00Z
INC-00310,incidents,dirty_label:incident_type,Near Miss -> near miss
INC-00310,incidents,mixed_date_format:incident_date,used format %m/%d/%Y: 08/29/2023
INC-00311,incidents,mixed_date_format:incident_date,used format %Y-%m-%dT%H:%M:%SZ: 2024-11-11T00:00:00Z
INC-00311,incidents,missing_required_field:incident_type,
INC-00314,incidents,dirty_label:incident_type,Near Miss -> near-miss
INC-00318,incidents,dirty_label:incident_type,Equipment Failure -> Equipment  Failure
INC-00319,incidents,dirty_label:incident_type,Near Miss -> NEAR MISS
INC-00320,incidents,mixed_date_format:incident_date,used format %m/%d/%Y: 10/04/2023
INC-00323,incidents,mixed_date_format:incident_date,used format %d/%m/%Y: 05/03/2024
INC-00324,incidents,dirty_label:severity,Low -> Lo
INC-00327,incidents,invalid_coordinates,"coordinates (0,0)"
INC-00327,incidents,missing_required_field:severity,
INC-00327,incidents,future_date:incident_date,2026-09-10
INC-00329,incidents,mixed_date_format:incident_date,used format %m/%d/%Y: 01/06/2026
INC-00329,incidents,out_of_range:compliance_score,-0.5
INC-00331,incidents,dirty_label:severity,Low -> Lo
INC-00331,incidents,mixed_date_format:incident_date,used format %d-%b-%Y: 13-Aug-2023
INC-00333,incidents,missing_required_field:severity,
INC-00335,incidents,mixed_date_format:incident_date,used format %Y-%m-%dT%H:%M:%SZ: 2023-09-29T00:00:00Z
INC-00336,incidents,dirty_label:severity,Low -> Lo
INC-00337,incidents,dirty_label:severity,High -> high
INC-00340,incidents,dirty_label:severity,High -> high
INC-00341,incidents,missing_required_field:severity,
INC-00346,incidents,mixed_date_format:incident_date,used format %d-%b-%Y: 13-Apr-2025
INC-00347,incidents,dirty_label:severity,Low -> low
INC-00348,incidents,dirty_label:incident_type,Leak -> Oil Leak
INC-00350,incidents,dirty_label:incident_type,Equipment Failure -> Equipment  Failure
INC-00354,incidents,dirty_label:incident_type,Leak -> LEAK
INC-00357,incidents,mixed_date_format:incident_date,used format %d-%b-%Y: 06-Apr-2025
INC-00358,incidents,invalid_coordinates,longitude=251.935706 outside valid range
INC-00360,incidents,missing_required_field:severity,
INC-00360,incidents,future_date:incident_date,2026-09-29
INC-00361,incidents,dirty_label:incident_type,Fire -> Fire 
INC-00363,incidents,mixed_date_format:incident_date,used format %d/%m/%Y: 10/02/2025
INC-00365,incidents,dirty_label:severity,Low -> low 
INC-00365,incidents,mixed_date_format:incident_date,used format %d-%b-%Y: 16-Apr-2025
INC-00365,incidents,missing_required_field:severity,
INC-00366,incidents,mixed_date_format:incident_date,used format %d/%m/%Y: 06/03/2024
INC-00369,incidents,missing_required_field:incident_type,
INC-00371,incidents,dirty_label:severity,Critical -> critical
INC-00376,incidents,dirty_label:severity,Medium -> Medium 
INC-00377,incidents,dirty_label:incident_type,Equipment Failure -> Equipment  Failure
INC-00379,incidents,dirty_label:severity,Low -> Lo
INC-00379,incidents,mixed_date_format:incident_date,used format %Y-%m-%dT%H:%M:%SZ: 2023-10-21T00:00:00Z
INC-00379,incidents,missing_required_field:severity,
INC-00381,incidents,missing_required_field:incident_type,
INC-00384,incidents,missing_required_field:severity,
INC-00385,incidents,out_of_range:compliance_score,-12.3
INC-00387,incidents,mixed_date_format:incident_date,used format %d-%b-%Y: 23-Jul-2023
INC-00388,incidents,dirty_label:severity,High -> HIGH
INC-00391,incidents,mixed_date_format:incident_date,used format %Y-%m-%dT%H:%M:%SZ: 2025-11-18T00:00:00Z
INC-00392,incidents,mixed_date_format:incident_date,used format %d/%m/%Y: 24/04/2026
INC-00395,incidents,missing_required_field:severity,
INC-00397,incidents,mixed_date_format:incident_date,used format %d/%m/%Y: 29/06/2024
INC-00399,incidents,dirty_label:severity,Low -> Lo
INC-00400,incidents,mixed_date_format:incident_date,used format %m/%d/%Y: 01/17/2026
INC-00403,incidents,dirty_label:incident_type,Leak -> LEAK
INC-00405,incidents,mixed_date_format:incident_date,used format %d-%b-%Y: 25-Jan-2024
INC-00406,incidents,invalid_coordinates,longitude=206.374834 outside valid range
INC-00406,incidents,mixed_date_format:incident_date,used format %Y-%m-%dT%H:%M:%SZ: 2023-08-01T00:00:00Z
INC-00408,incidents,dirty_label:incident_type,Spill -> SPILL
INC-00408,incidents,mixed_date_format:incident_date,used format %d-%b-%Y: 27-May-2025
INC-00409,incidents,mixed_date_format:incident_date,used format %Y-%m-%dT%H:%M:%SZ: 2024-10-03T00:00:00Z
INC-00414,incidents,dirty_label:severity,High ->  High
INC-00414,incidents,mixed_date_format:incident_date,used format %d/%m/%Y: 25/11/2025
INC-00416,incidents,mixed_date_format:incident_date,used format %d-%b-%Y: 18-Jul-2026
INC-00416,incidents,out_of_range:compliance_score,-5.0
INC-00418,incidents,mixed_date_format:incident_date,used format %d-%b-%Y: 27-Feb-2025
INC-00423,incidents,dirty_label:severity,High ->  High
INC-00426,incidents,mixed_date_format:incident_date,used format %d-%b-%Y: 10-Jun-2026
INC-00432,incidents,mixed_date_format:incident_date,used format %m/%d/%Y: 02/10/2025
INC-00433,incidents,dirty_label:severity,Low -> low
INC-00433,incidents,out_of_range:compliance_score,-5.0
INC-00434,incidents,dirty_label:severity,Critical -> Crit
INC-00436,incidents,dirty_label:incident_type,Equipment Failure -> Equip. Failure
INC-00436,incidents,missing_required_field:severity,
INC-00437,incidents,mixed_date_format:incident_date,used format %Y-%m-%dT%H:%M:%SZ: 2024-06-25T00:00:00Z
INC-00438,incidents,dirty_label:incident_type,Fire -> FIRE
INC-00439,incidents,dirty_label:severity,Low -> low
INC-00440,incidents,mixed_date_format:incident_date,used format %Y-%m-%dT%H:%M:%SZ: 2024-08-12T00:00:00Z
INC-00441,incidents,missing_required_field:severity,
INC-00442,incidents,dirty_label:severity,High -> HIGH
INC-00443,incidents,dirty_label:incident_type,Equipment Failure -> Equipment  Failure
INC-00445,incidents,dirty_label:severity,Medium -> MEDIUM
INC-00445,incidents,missing_required_field:severity,
INC-00446,incidents,missing_required_field:severity,
INC-00450,incidents,dirty_label:severity,Medium -> Med
INC-00450,incidents,mixed_date_format:incident_date,used format %Y-%m-%dT%H:%M:%SZ: 2024-04-15T00:00:00Z
INC-00453,incidents,mixed_date_format:incident_date,used format %d/%m/%Y: 22/09/2023
INC-00454,incidents,mixed_date_format:incident_date,used format %d-%b-%Y: 01-Aug-2025
INC-00456,incidents,dirty_label:severity,High -> high
INC-00457,incidents,mixed_date_format:incident_date,used format %m/%d/%Y: 12/23/2024
INC-00459,incidents,dirty_label:incident_type,Spill -> Minor Spill
INC-00460,incidents,dirty_label:severity,Critical -> Crit
INC-00460,incidents,missing_required_field:severity,
INC-00461,incidents,dirty_label:severity,Low ->  Low
INC-00466,incidents,mixed_date_format:incident_date,used format %d-%b-%Y: 15-Jan-2025
INC-00467,incidents,out_of_range:compliance_score,115.7
INC-00469,incidents,mixed_date_format:incident_date,used format %d-%b-%Y: 06-Nov-2024
INC-00471,incidents,mixed_date_format:incident_date,used format %d-%b-%Y: 22-Jan-2024
INC-00472,incidents,dirty_label:severity,Medium ->  medium
INC-00473,incidents,dirty_label:severity,Critical -> critical
INC-00476,incidents,dirty_label:severity,Low -> Lo
INC-00476,incidents,mixed_date_format:incident_date,used format %m/%d/%Y: 10/29/2023
INC-00476,incidents,future_date:incident_date,2026-10-19
INC-00479,incidents,dirty_label:severity,Low -> Lo
INC-00484,incidents,mixed_date_format:incident_date,used format %d-%b-%Y: 16-May-2024
INC-00484,incidents,missing_required_field:incident_type,
INC-00487,incidents,mixed_date_format:incident_date,used format %d-%b-%Y: 13-Jul-2026
INC-00490,incidents,missing_required_field:severity,
INC-00494,incidents,mixed_date_format:incident_date,used format %Y-%m-%dT%H:%M:%SZ: 2024-05-02T00:00:00Z
INC-00498,incidents,mixed_date_format:incident_date,used format %m/%d/%Y: 05/07/2024
INC-00500,incidents,dirty_label:incident_type,Near Miss -> near miss
INC-00500,incidents,mixed_date_format:incident_date,used format %d/%m/%Y: 25/02/2026
INC-00501,incidents,dirty_label:severity,Low -> LOW
INC-00503,incidents,missing_required_field:incident_type,
INC-00505,incidents,dirty_label:severity,Low -> low
INC-00505,incidents,mixed_date_format:incident_date,used format %m/%d/%Y: 07/04/2026
INC-00506,incidents,mixed_date_format:incident_date,used format %d-%b-%Y: 06-Apr-2024
INC-00507,incidents,dirty_label:severity,Medium -> medium
INC-00507,incidents,future_date:incident_date,2026-08-15
INC-00508,incidents,dirty_label:severity,Medium -> Med
INC-00508,incidents,out_of_range:compliance_score,150.0
INC-00510,incidents,mixed_date_format:incident_date,used format %d-%b-%Y: 03-Nov-2023
INC-00512,incidents,dirty_label:severity,High -> HIGH
INC-00518,incidents,future_date:incident_date,2026-09-27
INC-00520,incidents,mixed_date_format:incident_date,used format %d-%b-%Y: 24-Jun-2026
INC-00522,incidents,mixed_date_format:incident_date,used format %m/%d/%Y: 01/25/2024
INC-00524,incidents,mixed_date_format:incident_date,used format %d/%m/%Y: 10/04/2026
INC-00525,incidents,missing_required_field:severity,
INC-00527,incidents,dirty_label:incident_type,Near Miss -> near miss
INC-00529,incidents,dirty_label:severity,Medium -> medium
INC-00529,incidents,mixed_date_format:incident_date,used format %d/%m/%Y: 01/02/2026
INC-00529,incidents,missing_required_field:severity,
INC-00530,incidents,dirty_label:incident_type,Equipment Failure -> Equipment  Failure
INC-00532,incidents,mixed_date_format:incident_date,used format %d-%b-%Y: 07-May-2026
INC-00533,incidents,mixed_date_format:incident_date,used format %Y-%m-%dT%H:%M:%SZ: 2023-08-27T00:00:00Z
INC-00534,incidents,dirty_label:severity,High ->  High
INC-00534,incidents,missing_required_field:severity,
INC-00536,incidents,dirty_label:severity,Medium -> MEDIUM
INC-00538,incidents,missing_required_field:incident_type,
INC-00547,incidents,dirty_label:severity,High -> Hi
INC-00548,incidents,missing_required_field:incident_type,
INC-00550,incidents,missing_required_field:incident_type,
INC-00551,incidents,mixed_date_format:incident_date,used format %Y-%m-%dT%H:%M:%SZ: 2023-10-14T00:00:00Z
INC-00552,incidents,dirty_label:incident_type,Near Miss -> Near  Miss
INC-00556,incidents,dirty_label:severity,Medium -> MEDIUM
INC-00557,incidents,dirty_label:severity,High ->  High
INC-00557,incidents,dirty_label:incident_type,Leak -> leak
INC-00557,incidents,mixed_date_format:incident_date,used format %Y-%m-%dT%H:%M:%SZ: 2025-11-04T00:00:00Z
INC-00558,incidents,dirty_label:severity,Medium -> MEDIUM
INC-00559,incidents,dirty_label:incident_type,Equipment Failure -> Equip. Failure
INC-00559,incidents,missing_required_field:incident_type,
INC-00561,incidents,dirty_label:incident_type,Spill ->  spill 
INC-00561,incidents,mixed_date_format:incident_date,used format %d/%m/%Y: 26/12/2023
INC-00562,incidents,dirty_label:incident_type,Leak -> leak 
INC-00563,incidents,missing_required_field:severity,
INC-00564,incidents,missing_required_field:severity,
INC-00565,incidents,mixed_date_format:incident_date,used format %Y-%m-%dT%H:%M:%SZ: 2025-09-07T00:00:00Z
INC-00567,incidents,dirty_label:severity,High ->  High
INC-00569,incidents,dirty_label:incident_type,Near Miss -> near miss
INC-00572,incidents,mixed_date_format:incident_date,used format %d/%m/%Y: 13/02/2024
INC-00573,incidents,mixed_date_format:incident_date,used format %m/%d/%Y: 05/07/2024
INC-00576,incidents,dirty_label:severity,Critical ->  Critical
INC-00577,incidents,mixed_date_format:incident_date,used format %Y-%m-%dT%H:%M:%SZ: 2026-07-02T00:00:00Z
INC-00578,incidents,future_date:incident_date,2026-08-23
INC-00580,incidents,dirty_label:severity,Critical -> crit
INC-00582,incidents,dirty_label:severity,Medium -> Med
INC-00582,incidents,dirty_label:incident_type,Equipment Failure -> Equip. Failure
INC-00583,incidents,mixed_date_format:incident_date,used format %m/%d/%Y: 07/02/2024
INC-00585,incidents,future_date:incident_date,2026-08-14
INC-00588,incidents,dirty_label:incident_type,Equipment Failure -> equipment failure
INC-00590,incidents,dirty_label:severity,Medium -> Med
INC-00591,incidents,dirty_label:severity,High ->  High
INC-00591,incidents,mixed_date_format:incident_date,used format %Y-%m-%dT%H:%M:%SZ: 2023-09-13T00:00:00Z
INC-00594,incidents,future_date:incident_date,2026-09-16
INC-00596,incidents,missing_required_field:severity,
INC-00598,incidents,dirty_label:severity,Low -> LOW
INC-00601,incidents,mixed_date_format:incident_date,used format %d/%m/%Y: 16/11/2024
INC-00606,incidents,missing_required_field:severity,
INC-00609,incidents,mixed_date_format:incident_date,used format %d/%m/%Y: 06/04/2026
INC-00613,incidents,mixed_date_format:incident_date,used format %d/%m/%Y: 20/12/2024
INC-00618,incidents,mixed_date_format:incident_date,used format %d/%m/%Y: 02/07/2025
INC-00619,incidents,dirty_label:incident_type,Equipment Failure -> EQUIPMENT FAILURE
INC-00619,incidents,mixed_date_format:incident_date,used format %d/%m/%Y: 30/05/2026
INC-00620,incidents,dirty_label:incident_type,Leak -> Oil Leak
INC-00623,incidents,dirty_label:severity,Critical ->  Critical
INC-00624,incidents,missing_required_field:severity,
INC-00627,incidents,dirty_label:incident_type,Fire -> fire
INC-00632,incidents,mixed_date_format:incident_date,used format %m/%d/%Y: 09/12/2025
INC-00635,incidents,missing_required_field:incident_type,
INC-00637,incidents,mixed_date_format:incident_date,used format %d-%b-%Y: 16-Oct-2023
INC-00638,incidents,missing_required_field:severity,
INC-00645,incidents,dirty_label:severity,Low -> LOW
INC-00646,incidents,dirty_label:incident_type,Near Miss -> near miss
INC-00647,incidents,missing_required_field:severity,
INC-00648,incidents,dirty_label:incident_type,Spill -> Minor Spill
INC-00651,incidents,mixed_date_format:incident_date,used format %d/%m/%Y: 25/06/2024
INC-00657,incidents,dirty_label:severity,Low -> Lo
INC-00660,incidents,mixed_date_format:incident_date,used format %Y-%m-%dT%H:%M:%SZ: 2023-11-26T00:00:00Z
INC-00661,incidents,dirty_label:severity,Medium -> medium
INC-00663,incidents,mixed_date_format:incident_date,used format %d/%m/%Y: 24/09/2023
INC-00664,incidents,missing_required_field:severity,
INC-00665,incidents,dirty_label:incident_type,Fire ->  fire
INC-00667,incidents,mixed_date_format:incident_date,used format %m/%d/%Y: 07/15/2026
INC-00671,incidents,missing_required_field:severity,
INC-00671,incidents,missing_required_field:incident_type,
INC-00672,incidents,mixed_date_format:incident_date,used format %d-%b-%Y: 28-May-2024
INC-00675,incidents,dirty_label:incident_type,Spill -> Minor Spill
INC-00678,incidents,dirty_label:severity,Low ->  Low
INC-00679,incidents,invalid_coordinates,latitude=166.214032 > 90
INC-00681,incidents,future_date:incident_date,2026-07-28
INC-00683,incidents,dirty_label:incident_type,Equipment Failure -> EQUIPMENT FAILURE
INC-00683,incidents,missing_required_field:severity,
INC-00684,incidents,dirty_label:severity,Low -> low
INC-00684,incidents,mixed_date_format:incident_date,used format %m/%d/%Y: 04/09/2026
INC-00686,incidents,dirty_label:incident_type,Equipment Failure -> Equipment  Failure
INC-00686,incidents,mixed_date_format:incident_date,used format %m/%d/%Y: 06/06/2024
INC-00689,incidents,future_date:incident_date,2026-09-22
INC-00694,incidents,dirty_label:incident_type,Leak -> leak
INC-00694,incidents,missing_required_field:severity,
INC-00701,incidents,out_of_range:compliance_score,104.0
INC-00703,incidents,invalid_coordinates,"coordinates (0,0)"
INC-00703,incidents,dirty_label:incident_type,Leak ->  Leak
INC-00704,incidents,missing_required_field:severity,
INC-00708,incidents,missing_required_field:incident_type,
INC-00710,incidents,dirty_label:severity,Medium -> MEDIUM
INC-00711,incidents,missing_required_field:severity,
INC-00713,incidents,dirty_label:incident_type,Spill -> spill
INC-00718,incidents,mixed_date_format:incident_date,used format %m/%d/%Y: 04/24/2026
INC-00718,incidents,future_date:incident_date,2026-08-18
INC-00718,incidents,out_of_range:compliance_score,150.0
INC-00722,incidents,missing_required_field:severity,
INC-00727,incidents,missing_required_field:severity,
INC-00728,incidents,dirty_label:severity,Critical -> Crit
INC-00731,incidents,mixed_date_format:incident_date,used format %d-%b-%Y: 04-Dec-2023
INC-00732,incidents,dirty_label:incident_type,Near Miss -> near miss
INC-00733,incidents,dirty_label:severity,Low ->  Low
INC-00738,incidents,future_date:incident_date,2026-09-26
INC-00739,incidents,missing_required_field:incident_type,
INC-00740,incidents,dirty_label:incident_type,Fire -> FIRE
INC-00741,incidents,dirty_label:incident_type,Spill -> Spill 
INC-00742,incidents,dirty_label:severity,Medium -> MEDIUM
INC-00742,incidents,mixed_date_format:incident_date,used format %m/%d/%Y: 06/19/2025
INC-00744,incidents,mixed_date_format:incident_date,used format %d-%b-%Y: 08-Sep-2024
INC-00745,incidents,mixed_date_format:incident_date,used format %m/%d/%Y: 08/15/2025
INC-00745,incidents,missing_required_field:incident_type,
INC-00746,incidents,dirty_label:incident_type,Equipment Failure -> equipment failure
INC-00747,incidents,dirty_label:incident_type,Equipment Failure -> Equip. Failure
INC-00748,incidents,dirty_label:incident_type,Leak -> LEAK
INC-00750,incidents,dirty_label:incident_type,Spill -> SPILL
INC-00750,incidents,mixed_date_format:incident_date,used format %Y-%m-%dT%H:%M:%SZ: 2023-10-25T00:00:00Z
INC-00755,incidents,dirty_label:severity,Medium -> Medium 
INC-00760,incidents,mixed_date_format:incident_date,used format %d/%m/%Y: 19/05/2024
INC-00760,incidents,missing_required_field:severity,
INC-00763,incidents,mixed_date_format:incident_date,used format %Y-%m-%dT%H:%M:%SZ: 2025-10-11T00:00:00Z
INC-00765,incidents,dirty_label:severity,High -> high
INC-00765,incidents,dirty_label:incident_type,Leak -> LEAK
INC-00767,incidents,mixed_date_format:incident_date,used format %d-%b-%Y: 04-May-2024
INC-00768,incidents,dirty_label:severity,High -> high
INC-00769,incidents,dirty_label:severity,Medium -> medium
INC-00769,incidents,mixed_date_format:incident_date,used format %m/%d/%Y: 05/29/2026
INC-00771,incidents,dirty_label:incident_type,Leak -> Oil Leak
INC-00772,incidents,mixed_date_format:incident_date,used format %Y-%m-%dT%H:%M:%SZ: 2025-03-21T00:00:00Z
INC-00773,incidents,mixed_date_format:incident_date,used format %m/%d/%Y: 10/02/2023
INC-00774,incidents,dirty_label:incident_type,Leak -> leak
INC-00777,incidents,dirty_label:incident_type,Spill -> spill
INC-00777,incidents,mixed_date_format:incident_date,used format %Y-%m-%dT%H:%M:%SZ: 2026-01-20T00:00:00Z
INC-00778,incidents,dirty_label:severity,Low ->  Low
INC-00783,incidents,dirty_label:severity,High -> high
INC-00783,incidents,dirty_label:incident_type,Spill -> Spill 
INC-00785,incidents,dirty_label:severity,Low -> Lo
INC-00785,incidents,mixed_date_format:incident_date,used format %d-%b-%Y: 06-Jan-2024
INC-00787,incidents,mixed_date_format:incident_date,used format %Y-%m-%dT%H:%M:%SZ: 2024-10-05T00:00:00Z
INC-00791,incidents,dirty_label:severity,High -> HIGH
INC-00793,incidents,dirty_label:incident_type,Spill -> spill
INC-00793,incidents,future_date:incident_date,2026-07-25
INC-00803,incidents,dirty_label:incident_type,Leak -> LEAK
INC-00804,incidents,future_date:incident_date,2026-09-13
INC-00805,incidents,mixed_date_format:incident_date,used format %m/%d/%Y: 09/06/2025
INC-00806,incidents,dirty_label:incident_type,Near Miss -> near-miss
INC-00806,incidents,missing_required_field:incident_type,
INC-00807,incidents,dirty_label:severity,Medium -> medium
INC-00807,incidents,dirty_label:incident_type,Leak -> Oil Leak
INC-00807,incidents,mixed_date_format:incident_date,used format %d/%m/%Y: 27/05/2026
INC-00810,incidents,dirty_label:severity,Medium -> medium
INC-00810,incidents,mixed_date_format:incident_date,used format %Y-%m-%dT%H:%M:%SZ: 2026-06-14T00:00:00Z
INC-00811,incidents,dirty_label:incident_type,Leak -> LEAK
INC-00811,incidents,future_date:incident_date,2026-09-20
INC-00813,incidents,dirty_label:severity,Medium -> MEDIUM
INC-00815,incidents,dirty_label:severity,High -> HIGH
INC-00815,incidents,dirty_label:incident_type,Equipment Failure -> Equip. Failure
INC-00816,incidents,mixed_date_format:incident_date,used format %d-%b-%Y: 28-Nov-2023
INC-00818,incidents,dirty_label:severity,Critical -> Crit
INC-00818,incidents,mixed_date_format:incident_date,used format %d-%b-%Y: 12-May-2025
INC-00819,incidents,dirty_label:incident_type,Spill -> Spill 
INC-00823,incidents,out_of_range:compliance_score,150.0
INC-00824,incidents,dirty_label:incident_type,Equipment Failure -> Equipment  Failure
INC-00824,incidents,out_of_range:compliance_score,-0.5
INC-00827,incidents,missing_required_field:incident_type,
INC-00829,incidents,dirty_label:incident_type,Leak -> leak
INC-00831,incidents,mixed_date_format:incident_date,used format %m/%d/%Y: 06/11/2026
INC-00831,incidents,missing_required_field:severity,
INC-00832,incidents,mixed_date_format:incident_date,used format %m/%d/%Y: 11/12/2024
INC-00832,incidents,missing_required_field:severity,
INC-00833,incidents,missing_required_field:severity,
INC-00835,incidents,dirty_label:incident_type,Equipment Failure -> Equip. Failure
INC-00841,incidents,mixed_date_format:incident_date,used format %Y-%m-%dT%H:%M:%SZ: 2025-03-17T00:00:00Z
INC-00843,incidents,dirty_label:incident_type,Fire -> fire
INC-00845,incidents,mixed_date_format:incident_date,used format %d/%m/%Y: 01/01/2024
INC-00845,incidents,missing_required_field:incident_type,
INC-00849,incidents,dirty_label:severity,Low -> low 
INC-00853,incidents,mixed_date_format:incident_date,used format %d/%m/%Y: 17/11/2024
INC-00854,incidents,dirty_label:severity,Critical -> critical
INC-00855,incidents,dirty_label:incident_type,Leak ->  Leak
INC-00856,incidents,missing_required_field:incident_type,
INC-00860,incidents,mixed_date_format:incident_date,used format %Y-%m-%dT%H:%M:%SZ: 2025-03-22T00:00:00Z
INC-00861,incidents,dirty_label:incident_type,Equipment Failure -> Equip. Failure
INC-00861,incidents,missing_required_field:incident_type,
INC-00862,incidents,mixed_date_format:incident_date,used format %Y-%m-%dT%H:%M:%SZ: 2023-09-05T00:00:00Z
INC-00868,incidents,missing_required_field:severity,
INC-00869,incidents,dirty_label:incident_type,Equipment Failure -> Equipment  Failure
INC-00873,incidents,mixed_date_format:incident_date,used format %m/%d/%Y: 02/27/2024
INC-00875,incidents,mixed_date_format:incident_date,used format %d/%m/%Y: 21/12/2025
INC-00877,incidents,dirty_label:incident_type,Equipment Failure -> EQUIPMENT FAILURE
INC-00880,incidents,mixed_date_format:incident_date,used format %Y-%m-%dT%H:%M:%SZ: 2025-01-14T00:00:00Z
INC-00880,incidents,missing_required_field:severity,
INC-00888,incidents,mixed_date_format:incident_date,used format %Y-%m-%dT%H:%M:%SZ: 2025-04-19T00:00:00Z
INC-00889,incidents,missing_required_field:severity,
INC-00892,incidents,out_of_range:compliance_score,115.7
INC-00894,incidents,mixed_date_format:incident_date,used format %d/%m/%Y: 10/10/2025
INC-00900,incidents,dirty_label:severity,High -> Hi
INC-00900,incidents,dirty_label:incident_type,Near Miss -> NEAR MISS
INC-00901,incidents,invalid_coordinates,"coordinates (0,0)"
INC-00902,incidents,dirty_label:incident_type,Equipment Failure -> Equipment  Failure
INC-00903,incidents,mixed_date_format:incident_date,used format %d-%b-%Y: 04-Dec-2025
INC-00905,incidents,dirty_label:severity,Low -> low
INC-00905,incidents,dirty_label:incident_type,Fire -> Fire 
INC-00905,incidents,missing_required_field:incident_type,
INC-00909,incidents,mixed_date_format:incident_date,used format %d-%b-%Y: 05-Apr-2025
INC-00910,incidents,mixed_date_format:incident_date,used format %Y-%m-%dT%H:%M:%SZ: 2024-06-14T00:00:00Z
INC-00911,incidents,dirty_label:severity,Medium -> medium
INC-00912,incidents,missing_required_field:incident_type,
INC-00915,incidents,dirty_label:severity,Medium -> Med
INC-00918,incidents,dirty_label:incident_type,Equipment Failure -> Equipment  Failure
INC-00920,incidents,dirty_label:severity,Medium ->  medium
INC-00922,incidents,dirty_label:severity,High ->  High
INC-00922,incidents,dirty_label:incident_type,Spill -> Spill 
INC-00925,incidents,mixed_date_format:incident_date,used format %m/%d/%Y: 04/05/2026
INC-00926,incidents,mixed_date_format:incident_date,used format %m/%d/%Y: 02/12/2024
INC-00934,incidents,dirty_label:severity,Critical -> critical
INC-00938,incidents,mixed_date_format:incident_date,used format %d-%b-%Y: 16-Aug-2024
INC-00940,incidents,missing_required_field:incident_type,
INC-00943,incidents,missing_required_field:severity,
INC-00944,incidents,dirty_label:incident_type,Leak -> Oil Leak
INC-00945,incidents,missing_required_field:severity,
INC-00947,incidents,missing_required_field:incident_type,
INC-00951,incidents,mixed_date_format:incident_date,used format %Y-%m-%dT%H:%M:%SZ: 2023-10-04T00:00:00Z
INC-00952,incidents,dirty_label:incident_type,Spill ->  spill 
INC-00953,incidents,future_date:incident_date,2026-07-26
INC-00955,incidents,missing_required_field:incident_type,
INC-00957,incidents,dirty_label:severity,Low -> low 
INC-00958,incidents,mixed_date_format:incident_date,used format %d/%m/%Y: 07/03/2026
INC-00963,incidents,invalid_coordinates,latitude=130.504624 > 90
INC-00963,incidents,mixed_date_format:incident_date,used format %d-%b-%Y: 24-Dec-2025
INC-00964,incidents,dirty_label:incident_type,Leak -> LEAK
INC-00965,incidents,mixed_date_format:incident_date,used format %d-%b-%Y: 20-Apr-2025
INC-00965,incidents,missing_required_field:severity,
INC-00965,incidents,out_of_range:compliance_score,-0.5
INC-00970,incidents,invalid_coordinates,"coordinates (0,0)"
INC-00970,incidents,mixed_date_format:incident_date,used format %d/%m/%Y: 06/02/2024
INC-00971,incidents,dirty_label:severity,Low -> low 
INC-00971,incidents,missing_required_field:incident_type,
INC-00972,incidents,mixed_date_format:incident_date,used format %Y-%m-%dT%H:%M:%SZ: 2025-01-17T00:00:00Z
INC-00975,incidents,mixed_date_format:incident_date,used format %m/%d/%Y: 02/07/2026
INC-00978,incidents,dirty_label:severity,Medium -> medium
INC-00978,incidents,missing_required_field:severity,
INC-00982,incidents,dirty_label:incident_type,Near Miss -> near-miss
INC-00983,incidents,future_date:incident_date,2026-07-28
INC-00987,incidents,missing_required_field:incident_type,
INC-00988,incidents,dirty_label:incident_type,Near Miss -> near miss
INC-00991,incidents,dirty_label:severity,High -> Hi
INC-00991,incidents,mixed_date_format:incident_date,used format %d/%m/%Y: 29/11/2024
INC-00993,incidents,dirty_label:severity,High -> high
INC-00993,incidents,dirty_label:incident_type,Near Miss -> Near  Miss
INC-00998,incidents,missing_required_field:severity,
INC-01001,incidents,missing_required_field:severity,
INC-01003,incidents,dirty_label:severity,Medium -> Med
INC-01009,incidents,missing_required_field:incident_type,
INC-01011,incidents,mixed_date_format:incident_date,used format %d/%m/%Y: 15/04/2025
INC-01012,incidents,mixed_date_format:incident_date,used format %Y-%m-%dT%H:%M:%SZ: 2025-02-15T00:00:00Z
INC-01015,incidents,dirty_label:incident_type,Near Miss -> near-miss
INC-01016,incidents,future_date:incident_date,2026-10-02
INC-01017,incidents,dirty_label:incident_type,Fire -> FIRE
INC-01017,incidents,mixed_date_format:incident_date,used format %Y-%m-%dT%H:%M:%SZ: 2025-01-07T00:00:00Z
INC-01017,incidents,missing_required_field:incident_type,
INC-01018,incidents,dirty_label:incident_type,Leak -> Oil Leak
INC-01019,incidents,invalid_coordinates,"coordinates (0,0)"
INC-01019,incidents,dirty_label:incident_type,Equipment Failure -> EQUIPMENT FAILURE
INC-01020,incidents,dirty_label:incident_type,Leak -> leak 
INC-01023,incidents,dirty_label:severity,Medium ->  medium
INC-01023,incidents,dirty_label:incident_type,Spill -> spill
INC-01031,incidents,mixed_date_format:incident_date,used format %d/%m/%Y: 19/06/2026
INC-01032,incidents,dirty_label:incident_type,Near Miss -> near-miss
INC-01035,incidents,dirty_label:incident_type,Equipment Failure -> EQUIPMENT FAILURE
INC-01036,incidents,mixed_date_format:incident_date,used format %m/%d/%Y: 11/02/2024
INC-01038,incidents,missing_required_field:severity,
INC-01039,incidents,mixed_date_format:incident_date,used format %Y-%m-%dT%H:%M:%SZ: 2024-11-05T00:00:00Z
INC-01040,incidents,missing_required_field:incident_type,
INC-01041,incidents,dirty_label:incident_type,Spill -> spill
INC-01045,incidents,mixed_date_format:incident_date,used format %d/%m/%Y: 08/06/2025
INC-01045,incidents,missing_required_field:severity,
INC-01045,incidents,out_of_range:compliance_score,115.7
INC-01046,incidents,future_date:incident_date,2026-09-29
INC-01047,incidents,dirty_label:incident_type,Equipment Failure -> Equipment  Failure
INC-01047,incidents,future_date:incident_date,2026-08-20
INC-01048,incidents,dirty_label:incident_type,Leak -> LEAK
INC-01048,incidents,mixed_date_format:incident_date,used format %d/%m/%Y: 19/03/2024
INC-01049,incidents,missing_required_field:severity,
INC-01051,incidents,dirty_label:incident_type,Fire -> Fire 
INC-01051,incidents,mixed_date_format:incident_date,used format %d/%m/%Y: 23/09/2025
INC-01051,incidents,future_date:incident_date,2026-08-16
INC-01053,incidents,dirty_label:severity,Medium ->  medium
INC-01061,incidents,dirty_label:incident_type,Near Miss -> NEAR MISS
INC-01061,incidents,out_of_range:compliance_score,104.0
INC-01064,incidents,dirty_label:incident_type,Leak ->  Leak
INC-01069,incidents,mixed_date_format:incident_date,used format %Y-%m-%dT%H:%M:%SZ: 2026-03-17T00:00:00Z
INC-01070,incidents,mixed_date_format:incident_date,used format %d/%m/%Y: 21/05/2025
INC-01070,incidents,missing_required_field:severity,
INC-01073,incidents,missing_required_field:severity,
INC-01075,incidents,out_of_range:compliance_score,104.0
INC-01076,incidents,mixed_date_format:incident_date,used format %Y-%m-%dT%H:%M:%SZ: 2024-12-31T00:00:00Z
INC-01080,incidents,dirty_label:severity,Critical -> crit
INC-01086,incidents,dirty_label:severity,Low -> LOW
INC-01087,incidents,missing_required_field:incident_type,
INC-01088,incidents,mixed_date_format:incident_date,used format %d-%b-%Y: 25-May-2024
INC-01090,incidents,mixed_date_format:incident_date,used format %d-%b-%Y: 28-Jun-2026
INC-01092,incidents,dirty_label:severity,Medium ->  medium
INC-01092,incidents,mixed_date_format:incident_date,used format %m/%d/%Y: 10/01/2024
INC-01093,incidents,dirty_label:severity,Medium -> medium
INC-01096,incidents,dirty_label:incident_type,Near Miss -> NEAR MISS
INC-01099,incidents,mixed_date_format:incident_date,used format %Y-%m-%dT%H:%M:%SZ: 2023-11-13T00:00:00Z
INC-01101,incidents,missing_required_field:severity,
INC-01105,incidents,mixed_date_format:incident_date,used format %Y-%m-%dT%H:%M:%SZ: 2024-07-02T00:00:00Z
INC-01106,incidents,mixed_date_format:incident_date,used format %m/%d/%Y: 04/04/2025
INC-01107,incidents,dirty_label:severity,Medium -> MEDIUM
INC-01108,incidents,dirty_label:incident_type,Near Miss -> near miss
INC-01108,incidents,missing_required_field:incident_type,
INC-01109,incidents,dirty_label:severity,Medium -> Med
INC-01109,incidents,dirty_label:incident_type,Leak -> Oil Leak
INC-01111,incidents,dirty_label:severity,Critical -> critical
INC-01111,incidents,mixed_date_format:incident_date,used format %m/%d/%Y: 02/14/2025
INC-01112,incidents,dirty_label:severity,Low -> Lo
INC-01113,incidents,mixed_date_format:incident_date,used format %d/%m/%Y: 03/06/2025
INC-01114,incidents,out_of_range:compliance_score,150.0
INC-01118,incidents,mixed_date_format:incident_date,used format %m/%d/%Y: 03/15/2025
INC-01119,incidents,dirty_label:incident_type,Fire -> FIRE
INC-01122,incidents,dirty_label:severity,Medium ->  medium
INC-01126,incidents,dirty_label:incident_type,Equipment Failure -> EQUIPMENT FAILURE
INC-01130,incidents,dirty_label:incident_type,Leak -> Oil Leak
INC-01138,incidents,dirty_label:severity,Medium -> medium
INC-01138,incidents,dirty_label:incident_type,Leak ->  Leak
INC-01140,incidents,mixed_date_format:incident_date,used format %d-%b-%Y: 26-Oct-2025
INC-01144,incidents,dirty_label:severity,Medium -> Med
INC-01145,incidents,dirty_label:severity,Low -> LOW
INC-01151,incidents,mixed_date_format:incident_date,used format %d-%b-%Y: 20-Jun-2024
INC-01151,incidents,missing_required_field:severity,
INC-01152,incidents,mixed_date_format:incident_date,used format %d/%m/%Y: 17/02/2026
INC-01166,incidents,dirty_label:severity,Low ->  Low
INC-01167,incidents,mixed_date_format:incident_date,used format %d/%m/%Y: 31/08/2023
INC-01168,incidents,dirty_label:severity,Critical -> CRITICAL
INC-01169,incidents,out_of_range:compliance_score,-12.3
INC-01170,incidents,dirty_label:incident_type,Fire -> FIRE
INC-01171,incidents,mixed_date_format:incident_date,used format %d/%m/%Y: 16/10/2024
INC-01173,incidents,mixed_date_format:incident_date,used format %Y-%m-%dT%H:%M:%SZ: 2024-11-19T00:00:00Z
INC-01175,incidents,mixed_date_format:incident_date,used format %m/%d/%Y: 12/28/2023
INC-01176,incidents,dirty_label:incident_type,Fire -> fire
INC-01178,incidents,missing_required_field:incident_type,
INC-01182,incidents,mixed_date_format:incident_date,used format %d/%m/%Y: 16/02/2024
INC-01184,incidents,dirty_label:severity,Critical -> critical
INC-01186,incidents,mixed_date_format:incident_date,used format %m/%d/%Y: 03/07/2024
INC-01192,incidents,dirty_label:incident_type,Leak -> Oil Leak
INC-01192,incidents,mixed_date_format:incident_date,used format %d-%b-%Y: 13-Jul-2025
INC-01193,incidents,future_date:incident_date,2026-07-28
INC-01194,incidents,missing_required_field:incident_type,
INC-01195,incidents,mixed_date_format:incident_date,used format %Y-%m-%dT%H:%M:%SZ: 2024-05-04T00:00:00Z
INC-01195,incidents,missing_required_field:incident_type,
INC-01196,incidents,dirty_label:incident_type,Leak -> Oil Leak
INC-01197,incidents,dirty_label:severity,Critical -> crit
INC-01199,incidents,out_of_range:compliance_score,115.7
INC-01200,incidents,mixed_date_format:incident_date,used format %d-%b-%Y: 30-Apr-2024
INC-01201,incidents,dirty_label:severity,High -> high
INC-01203,incidents,dirty_label:severity,High -> high
INC-01209,incidents,dirty_label:incident_type,Leak -> leak 
INC-01216,incidents,dirty_label:severity,Critical -> Crit
INC-01218,incidents,invalid_coordinates,latitude=95.609305 > 90
INC-01218,incidents,mixed_date_format:incident_date,used format %d/%m/%Y: 21/08/2024
INC-01219,incidents,dirty_label:severity,Critical -> CRITICAL
INC-01219,incidents,mixed_date_format:incident_date,used format %Y-%m-%dT%H:%M:%SZ: 2024-09-17T00:00:00Z
INC-01220,incidents,dirty_label:severity,Medium ->  medium
INC-01221,incidents,dirty_label:incident_type,Near Miss -> near miss
INC-01223,incidents,missing_required_field:severity,
INC-01224,incidents,mixed_date_format:incident_date,used format %d-%b-%Y: 31-Jul-2024
INC-01226,incidents,mixed_date_format:incident_date,used format %d-%b-%Y: 29-Sep-2024
INC-01228,incidents,dirty_label:severity,High -> HIGH
INC-01231,incidents,mixed_date_format:incident_date,used format %Y-%m-%dT%H:%M:%SZ: 2025-05-30T00:00:00Z
INC-01233,incidents,missing_required_field:severity,
INC-01237,incidents,dirty_label:severity,High ->  High
INC-01238,incidents,dirty_label:incident_type,Near Miss -> near-miss
INC-01240,incidents,dirty_label:severity,Low -> low 
INC-01242,incidents,dirty_label:severity,High -> HIGH
INC-01246,incidents,mixed_date_format:incident_date,used format %Y-%m-%dT%H:%M:%SZ: 2025-11-09T00:00:00Z
INC-01249,incidents,mixed_date_format:incident_date,used format %m/%d/%Y: 07/11/2025
INC-01251,incidents,dirty_label:severity,Low -> Lo
INC-01251,incidents,mixed_date_format:incident_date,used format %m/%d/%Y: 06/03/2024
INC-01252,incidents,missing_required_field:incident_type,
INC-01256,incidents,dirty_label:severity,Low -> low 
INC-01256,incidents,mixed_date_format:incident_date,used format %m/%d/%Y: 06/17/2024
INC-01257,incidents,dirty_label:severity,Medium -> medium
INC-01257,incidents,missing_required_field:incident_type,
INC-01258,incidents,dirty_label:incident_type,Equipment Failure -> Equipment  Failure
INC-01260,incidents,dirty_label:severity,Medium -> Med
INC-01260,incidents,mixed_date_format:incident_date,used format %d/%m/%Y: 05/05/2026
INC-01261,incidents,mixed_date_format:incident_date,used format %Y-%m-%dT%H:%M:%SZ: 2026-06-26T00:00:00Z
INC-01263,incidents,mixed_date_format:incident_date,used format %d-%b-%Y: 20-May-2024
INC-01264,incidents,mixed_date_format:incident_date,used format %d-%b-%Y: 03-Oct-2025
INC-01266,incidents,mixed_date_format:incident_date,used format %d-%b-%Y: 17-Mar-2025
INC-01268,incidents,mixed_date_format:incident_date,used format %Y-%m-%dT%H:%M:%SZ: 2023-12-26T00:00:00Z
INC-01269,incidents,dirty_label:severity,Medium -> Medium 
INC-01272,incidents,missing_required_field:severity,
INC-01273,incidents,mixed_date_format:incident_date,used format %d-%b-%Y: 11-May-2026
INC-01274,incidents,future_date:incident_date,2026-08-10
INC-01275,incidents,mixed_date_format:incident_date,used format %m/%d/%Y: 05/27/2024
INC-01279,incidents,out_of_range:compliance_score,-12.3
INC-01280,incidents,dirty_label:incident_type,Near Miss -> Near  Miss
INC-01288,incidents,mixed_date_format:incident_date,used format %m/%d/%Y: 12/07/2025
INC-01288,incidents,missing_required_field:incident_type,
INC-01289,incidents,dirty_label:incident_type,Leak -> LEAK
INC-01290,incidents,mixed_date_format:incident_date,used format %d-%b-%Y: 22-Mar-2026
INC-01294,incidents,dirty_label:incident_type,Equipment Failure -> equipment failure
INC-01294,incidents,mixed_date_format:incident_date,used format %d-%b-%Y: 30-Oct-2025
INC-01301,incidents,dirty_label:severity,Low -> LOW
INC-01305,incidents,mixed_date_format:incident_date,used format %m/%d/%Y: 03/31/2024
INC-01309,incidents,dirty_label:severity,Medium -> Med
INC-01309,incidents,mixed_date_format:incident_date,used format %d/%m/%Y: 06/06/2026
INC-01311,incidents,dirty_label:severity,Medium -> Med
INC-01312,incidents,dirty_label:incident_type,Leak -> leak
INC-01314,incidents,dirty_label:severity,Medium -> Med
INC-01314,incidents,mixed_date_format:incident_date,used format %Y-%m-%dT%H:%M:%SZ: 2024-01-13T00:00:00Z
INC-01315,incidents,mixed_date_format:incident_date,used format %d/%m/%Y: 24/01/2025
INC-01317,incidents,mixed_date_format:incident_date,used format %m/%d/%Y: 02/27/2026
INC-01319,incidents,out_of_range:compliance_score,104.0
INC-01321,incidents,dirty_label:severity,High ->  High
INC-01324,incidents,dirty_label:incident_type,Equipment Failure -> Equipment  Failure
INC-01325,incidents,mixed_date_format:incident_date,used format %Y-%m-%dT%H:%M:%SZ: 2024-11-01T00:00:00Z
INC-01330,incidents,dirty_label:severity,High -> high
INC-01331,incidents,mixed_date_format:incident_date,used format %m/%d/%Y: 06/29/2024
INC-01332,incidents,dirty_label:severity,Medium -> Med
INC-01332,incidents,mixed_date_format:incident_date,used format %d/%m/%Y: 16/07/2026
INC-01334,incidents,dirty_label:incident_type,Leak ->  Leak
INC-01337,incidents,dirty_label:severity,High ->  High
INC-01338,incidents,dirty_label:severity,High -> HIGH
INC-01339,incidents,future_date:incident_date,2026-10-05
INC-01341,incidents,dirty_label:incident_type,Spill -> Minor Spill
INC-01342,incidents,missing_required_field:incident_type,
INC-01344,incidents,mixed_date_format:incident_date,used format %d/%m/%Y: 08/04/2026
INC-01346,incidents,dirty_label:incident_type,Fire -> Fire 
INC-01347,incidents,dirty_label:incident_type,Spill -> Spill 
INC-01348,incidents,dirty_label:severity,Medium ->  medium
INC-01351,incidents,dirty_label:severity,High -> high
INC-01361,incidents,dirty_label:severity,High ->  High
INC-01361,incidents,mixed_date_format:incident_date,used format %d/%m/%Y: 09/07/2026
INC-01363,incidents,mixed_date_format:incident_date,used format %m/%d/%Y: 01/31/2024
INC-01364,incidents,mixed_date_format:incident_date,used format %d/%m/%Y: 23/12/2025
INC-01366,incidents,mixed_date_format:incident_date,used format %d/%m/%Y: 20/07/2024
INC-01366,incidents,future_date:incident_date,2026-07-29
INC-01367,incidents,dirty_label:severity,Medium -> Medium 
INC-01367,incidents,mixed_date_format:incident_date,used format %Y-%m-%dT%H:%M:%SZ: 2023-12-18T00:00:00Z
INC-01368,incidents,dirty_label:severity,Low -> Lo
INC-01370,incidents,dirty_label:severity,High -> HIGH
INC-01371,incidents,mixed_date_format:incident_date,used format %d-%b-%Y: 07-Dec-2023
INC-01376,incidents,dirty_label:severity,Medium ->  medium
INC-01376,incidents,mixed_date_format:incident_date,used format %d-%b-%Y: 09-Jan-2026
INC-01378,incidents,mixed_date_format:incident_date,used format %d-%b-%Y: 13-Aug-2023
INC-01380,incidents,missing_required_field:incident_type,
INC-01382,incidents,mixed_date_format:incident_date,used format %m/%d/%Y: 04/14/2025
INC-01383,incidents,dirty_label:incident_type,Equipment Failure -> EQUIPMENT FAILURE
INC-01385,incidents,mixed_date_format:incident_date,used format %d/%m/%Y: 01/10/2024
INC-01385,incidents,future_date:incident_date,2026-09-29
INC-01387,incidents,missing_required_field:severity,
INC-01390,incidents,dirty_label:incident_type,Leak -> LEAK
INC-01394,incidents,mixed_date_format:incident_date,used format %Y-%m-%dT%H:%M:%SZ: 2024-10-17T00:00:00Z
INC-01395,incidents,dirty_label:incident_type,Near Miss -> Near  Miss
INC-01395,incidents,mixed_date_format:incident_date,used format %Y-%m-%dT%H:%M:%SZ: 2023-09-28T00:00:00Z
INC-01400,incidents,mixed_date_format:incident_date,used format %m/%d/%Y: 12/16/2023
INC-01402,incidents,dirty_label:incident_type,Fire -> fire
INC-01403,incidents,dirty_label:severity,Critical -> Crit
INC-01406,incidents,dirty_label:severity,High -> HIGH
INC-01406,incidents,mixed_date_format:incident_date,used format %Y-%m-%dT%H:%M:%SZ: 2026-07-15T00:00:00Z
INC-01407,incidents,dirty_label:severity,High -> high
INC-01411,incidents,missing_required_field:incident_type,
INC-01412,incidents,mixed_date_format:incident_date,used format %d-%b-%Y: 12-Jul-2025
INC-01414,incidents,mixed_date_format:incident_date,used format %m/%d/%Y: 03/07/2024
INC-01415,incidents,mixed_date_format:incident_date,used format %Y-%m-%dT%H:%M:%SZ: 2024-09-17T00:00:00Z
INC-01418,incidents,mixed_date_format:incident_date,used format %m/%d/%Y: 11/26/2024
INC-01419,incidents,mixed_date_format:incident_date,used format %m/%d/%Y: 05/04/2024
INC-01419,incidents,missing_required_field:severity,
INC-01421,incidents,mixed_date_format:incident_date,used format %d-%b-%Y: 21-Oct-2024
INC-01422,incidents,dirty_label:severity,Low -> low
INC-01422,incidents,mixed_date_format:incident_date,used format %m/%d/%Y: 01/10/2025
INC-01424,incidents,dirty_label:severity,Medium -> medium
INC-01427,incidents,mixed_date_format:incident_date,used format %d-%b-%Y: 05-Jul-2024
INC-01428,incidents,mixed_date_format:incident_date,used format %d-%b-%Y: 12-Oct-2023
INC-01431,incidents,dirty_label:incident_type,Spill -> Minor Spill
INC-01431,incidents,missing_required_field:severity,
INC-01437,incidents,mixed_date_format:incident_date,used format %d-%b-%Y: 29-Dec-2023
INC-01438,incidents,missing_required_field:severity,
INC-01440,incidents,dirty_label:severity,Medium -> Medium 
INC-01440,incidents,mixed_date_format:incident_date,used format %Y-%m-%dT%H:%M:%SZ: 2025-02-23T00:00:00Z
INC-01443,incidents,dirty_label:severity,Medium -> MEDIUM
INC-01443,incidents,dirty_label:incident_type,Leak ->  Leak
INC-01444,incidents,mixed_date_format:incident_date,used format %d/%m/%Y: 03/08/2024
INC-01448,incidents,dirty_label:severity,Medium -> medium
INC-01449,incidents,dirty_label:severity,High -> high
INC-01450,incidents,dirty_label:severity,High ->  High
INC-01451,incidents,dirty_label:incident_type,Equipment Failure -> EQUIPMENT FAILURE
INC-01452,incidents,dirty_label:severity,Low -> Lo
INC-01453,incidents,missing_required_field:incident_type,
INC-01454,incidents,future_date:incident_date,2026-09-03
INC-01456,incidents,dirty_label:incident_type,Spill -> spill
INC-01457,incidents,dirty_label:severity,Low ->  Low
INC-01459,incidents,mixed_date_format:incident_date,used format %d/%m/%Y: 05/01/2026
INC-01460,incidents,dirty_label:incident_type,Leak -> leak 
INC-01460,incidents,mixed_date_format:incident_date,used format %Y-%m-%dT%H:%M:%SZ: 2024-01-11T00:00:00Z
INC-01461,incidents,missing_required_field:severity,
INC-01462,incidents,dirty_label:severity,High -> HIGH
INC-01462,incidents,out_of_range:compliance_score,-12.3
INC-01463,incidents,out_of_range:compliance_score,115.7
INC-01464,incidents,future_date:incident_date,2026-08-01
INC-01465,incidents,dirty_label:severity,Medium -> Medium 
INC-01466,incidents,mixed_date_format:incident_date,used format %Y-%m-%dT%H:%M:%SZ: 2024-06-12T00:00:00Z
INC-01478,incidents,dirty_label:severity,Medium -> Med
INC-01479,incidents,dirty_label:severity,Critical -> critical
INC-01481,incidents,mixed_date_format:incident_date,used format %d/%m/%Y: 28/03/2026
INC-01482,incidents,mixed_date_format:incident_date,used format %d-%b-%Y: 06-Feb-2026
INC-01488,incidents,missing_required_field:severity,
INC-01489,incidents,dirty_label:severity,High -> HIGH
INC-01489,incidents,dirty_label:incident_type,Leak -> leak 
INC-01491,incidents,dirty_label:severity,Medium -> medium
INC-01491,incidents,mixed_date_format:incident_date,used format %d/%m/%Y: 21/08/2024
INC-01492,incidents,invalid_coordinates,"coordinates (0,0)"
INC-01492,incidents,mixed_date_format:incident_date,used format %m/%d/%Y: 10/18/2023
INC-01492,incidents,out_of_range:compliance_score,104.0
INC-01493,incidents,dirty_label:incident_type,Fire -> Fire 
INC-01493,incidents,mixed_date_format:incident_date,used format %d/%m/%Y: 26/05/2026
INC-01499,incidents,mixed_date_format:incident_date,used format %d/%m/%Y: 07/09/2024
INC-01500,incidents,dirty_label:severity,Critical -> Crit
INC-01500,incidents,dirty_label:incident_type,Spill -> Spill 
INC-01500,incidents,missing_required_field:severity,
INC-01501,incidents,dirty_label:severity,Low -> Lo
INC-01512,incidents,mixed_date_format:incident_date,used format %d-%b-%Y: 15-Feb-2024
INC-01513,incidents,dirty_label:severity,Medium -> Medium 
INC-01514,incidents,dirty_label:severity,Critical -> critical
INC-01514,incidents,mixed_date_format:incident_date,used format %d-%b-%Y: 26-Jun-2025
INC-01515,incidents,mixed_date_format:incident_date,used format %d/%m/%Y: 24/07/2025
INC-01519,incidents,mixed_date_format:incident_date,used format %Y-%m-%dT%H:%M:%SZ: 2026-04-01T00:00:00Z
INC-01519,incidents,missing_required_field:incident_type,
INC-01523,incidents,dirty_label:incident_type,Leak -> Oil Leak
INC-01524,incidents,dirty_label:severity,Critical -> critical
INC-01525,incidents,dirty_label:incident_type,Leak -> leak
INC-01525,incidents,mixed_date_format:incident_date,used format %Y-%m-%dT%H:%M:%SZ: 2026-02-02T00:00:00Z
INC-01529,incidents,mixed_date_format:incident_date,used format %d-%b-%Y: 01-Sep-2023
INC-01531,incidents,dirty_label:severity,Critical -> critical
INC-01536,incidents,dirty_label:severity,High -> HIGH
INC-01537,incidents,mixed_date_format:incident_date,used format %Y-%m-%dT%H:%M:%SZ: 2024-03-25T00:00:00Z
INC-01537,incidents,missing_required_field:incident_type,
INC-01539,incidents,dirty_label:severity,High ->  High
INC-01540,incidents,mixed_date_format:incident_date,used format %m/%d/%Y: 01/10/2025
INC-01541,incidents,dirty_label:incident_type,Spill -> Spill 
INC-01543,incidents,mixed_date_format:incident_date,used format %d-%b-%Y: 03-Mar-2026
INC-01546,incidents,dirty_label:severity,Medium ->  medium
INC-01548,incidents,mixed_date_format:incident_date,used format %d-%b-%Y: 24-May-2025
INC-01549,incidents,dirty_label:severity,Low -> LOW
INC-01550,incidents,mixed_date_format:incident_date,used format %d-%b-%Y: 01-Jun-2026
INC-01553,incidents,dirty_label:severity,Critical -> Crit
INC-01553,incidents,out_of_range:compliance_score,-0.5
INC-01555,incidents,mixed_date_format:incident_date,used format %m/%d/%Y: 05/29/2025
INC-01555,incidents,missing_required_field:incident_type,
INC-01558,incidents,dirty_label:incident_type,Leak -> LEAK
INC-01558,incidents,mixed_date_format:incident_date,used format %m/%d/%Y: 10/29/2024
INC-01559,incidents,dirty_label:incident_type,Spill -> spill
INC-01564,incidents,missing_required_field:severity,
INC-01565,incidents,mixed_date_format:incident_date,used format %d-%b-%Y: 01-Oct-2023
INC-01567,incidents,missing_required_field:incident_type,
INC-01569,incidents,dirty_label:severity,Medium -> MEDIUM
INC-01569,incidents,dirty_label:incident_type,Fire ->  fire
INC-01571,incidents,dirty_label:incident_type,Near Miss -> NEAR MISS
INC-01574,incidents,mixed_date_format:incident_date,used format %Y-%m-%dT%H:%M:%SZ: 2024-10-10T00:00:00Z
INC-01580,incidents,dirty_label:severity,Low -> low 
INC-01581,incidents,missing_required_field:incident_type,
INC-01582,incidents,mixed_date_format:incident_date,used format %m/%d/%Y: 05/08/2026
INC-01590,incidents,dirty_label:incident_type,Near Miss -> near miss
INC-01590,incidents,missing_required_field:incident_type,
INC-01591,incidents,dirty_label:incident_type,Fire -> Fire 
INC-01591,incidents,missing_required_field:severity,
INC-01592,incidents,mixed_date_format:incident_date,used format %d-%b-%Y: 13-Jan-2024
INC-01595,incidents,mixed_date_format:incident_date,used format %Y-%m-%dT%H:%M:%SZ: 2025-08-03T00:00:00Z
INC-01599,incidents,dirty_label:incident_type,Near Miss -> NEAR MISS
INC-01600,incidents,missing_required_field:severity,
INC-01601,incidents,missing_required_field:incident_type,
INC-01602,incidents,out_of_range:compliance_score,104.0
INC-01604,incidents,dirty_label:severity,High -> high
INC-01604,incidents,mixed_date_format:incident_date,used format %d-%b-%Y: 01-Apr-2025
INC-01604,incidents,missing_required_field:incident_type,
INC-01605,incidents,missing_required_field:incident_type,
INC-01606,incidents,mixed_date_format:incident_date,used format %d-%b-%Y: 05-Sep-2024
INC-01611,incidents,dirty_label:severity,Low ->  Low
INC-01616,incidents,dirty_label:severity,Medium -> Med
INC-01617,incidents,dirty_label:severity,Critical -> crit
INC-01617,incidents,mixed_date_format:incident_date,used format %d/%m/%Y: 02/06/2025
INC-01617,incidents,missing_required_field:severity,
INC-01618,incidents,missing_required_field:incident_type,
INC-01621,incidents,mixed_date_format:incident_date,used format %m/%d/%Y: 09/05/2023
INC-01621,incidents,out_of_range:compliance_score,150.0
INC-01622,incidents,dirty_label:severity,Medium -> Medium 
INC-01623,incidents,out_of_range:compliance_score,104.0
INC-01624,incidents,dirty_label:severity,High -> HIGH
INC-01625,incidents,missing_required_field:incident_type,
INC-01627,incidents,dirty_label:incident_type,Leak ->  Leak
INC-01627,incidents,mixed_date_format:incident_date,used format %m/%d/%Y: 02/18/2026
INC-01635,incidents,mixed_date_format:incident_date,used format %d-%b-%Y: 06-Aug-2025
INC-01636,incidents,missing_required_field:severity,
INC-01637,incidents,dirty_label:severity,Low -> low 
INC-01642,incidents,dirty_label:severity,High -> HIGH
INC-01643,incidents,mixed_date_format:incident_date,used format %Y-%m-%dT%H:%M:%SZ: 2025-05-01T00:00:00Z
INC-01647,incidents,dirty_label:incident_type,Spill -> SPILL
INC-01647,incidents,missing_required_field:severity,
INC-01650,incidents,dirty_label:incident_type,Leak -> leak
INC-01653,incidents,dirty_label:severity,Medium -> medium
INC-01653,incidents,missing_required_field:incident_type,
INC-01656,incidents,dirty_label:incident_type,Equipment Failure -> Equipment  Failure
INC-01660,incidents,mixed_date_format:incident_date,used format %m/%d/%Y: 02/09/2024
INC-01661,incidents,dirty_label:severity,Medium -> MEDIUM
INC-01661,incidents,mixed_date_format:incident_date,used format %d/%m/%Y: 09/02/2024
INC-01661,incidents,missing_required_field:severity,
INC-01664,incidents,dirty_label:severity,Medium -> Med
INC-01667,incidents,missing_required_field:severity,
INC-01668,incidents,dirty_label:severity,High ->  High
INC-01668,incidents,missing_required_field:severity,
INC-01670,incidents,missing_required_field:severity,
INC-01671,incidents,dirty_label:severity,Critical -> critical
INC-01671,incidents,out_of_range:compliance_score,-0.5
INC-01672,incidents,dirty_label:severity,Medium -> Med
INC-01676,incidents,mixed_date_format:incident_date,used format %d/%m/%Y: 06/04/2025
INC-01679,incidents,mixed_date_format:incident_date,used format %d/%m/%Y: 07/10/2025
INC-01683,incidents,mixed_date_format:incident_date,used format %Y-%m-%dT%H:%M:%SZ: 2025-11-03T00:00:00Z
INC-01684,incidents,dirty_label:severity,Low -> low 
INC-01685,incidents,missing_required_field:severity,
INC-01686,incidents,dirty_label:severity,Critical -> crit
INC-01688,incidents,dirty_label:incident_type,Spill -> Minor Spill
INC-01692,incidents,mixed_date_format:incident_date,used format %d/%m/%Y: 08/09/2024
INC-01694,incidents,mixed_date_format:incident_date,used format %m/%d/%Y: 07/16/2026
INC-01696,incidents,missing_required_field:incident_type,
INC-01697,incidents,dirty_label:severity,Low -> LOW
INC-01697,incidents,mixed_date_format:incident_date,used format %Y-%m-%dT%H:%M:%SZ: 2026-06-28T00:00:00Z
INC-01700,incidents,dirty_label:severity,Medium -> medium
INC-01701,incidents,mixed_date_format:incident_date,used format %m/%d/%Y: 02/22/2024
INC-01702,incidents,mixed_date_format:incident_date,used format %Y-%m-%dT%H:%M:%SZ: 2026-03-16T00:00:00Z
INC-01705,incidents,missing_required_field:incident_type,
INC-01710,incidents,dirty_label:severity,High -> HIGH
INC-01711,incidents,dirty_label:severity,Critical -> Crit
INC-01711,incidents,mixed_date_format:incident_date,used format %m/%d/%Y: 12/09/2025
INC-01712,incidents,invalid_coordinates,"coordinates (0,0)"
INC-01714,incidents,mixed_date_format:incident_date,used format %d-%b-%Y: 01-Feb-2026
INC-01714,incidents,out_of_range:compliance_score,104.0
INC-01715,incidents,dirty_label:incident_type,Spill -> Minor Spill
INC-01715,incidents,future_date:incident_date,2026-09-29
INC-01717,incidents,mixed_date_format:incident_date,used format %Y-%m-%dT%H:%M:%SZ: 2025-04-09T00:00:00Z
INC-01721,incidents,mixed_date_format:incident_date,used format %d/%m/%Y: 07/10/2023
INC-01722,incidents,dirty_label:severity,Low -> Lo
INC-01722,incidents,dirty_label:incident_type,Equipment Failure -> EQUIPMENT FAILURE
INC-01725,incidents,dirty_label:severity,Medium -> medium
INC-01725,incidents,mixed_date_format:incident_date,used format %d-%b-%Y: 09-Jun-2026
INC-01728,incidents,dirty_label:severity,High -> high
INC-01732,incidents,mixed_date_format:incident_date,used format %m/%d/%Y: 09/19/2024
INC-01733,incidents,dirty_label:severity,Low -> LOW
INC-01734,incidents,invalid_coordinates,latitude=99.673673 > 90
INC-01737,incidents,mixed_date_format:incident_date,used format %d-%b-%Y: 16-Aug-2025
INC-01737,incidents,missing_required_field:severity,
INC-01738,incidents,mixed_date_format:incident_date,used format %d-%b-%Y: 13-Jul-2026
INC-01739,incidents,mixed_date_format:incident_date,used format %d-%b-%Y: 28-Dec-2024
INC-01740,incidents,mixed_date_format:incident_date,used format %m/%d/%Y: 12/09/2024
INC-01740,incidents,missing_required_field:severity,
INC-01743,incidents,mixed_date_format:incident_date,used format %Y-%m-%dT%H:%M:%SZ: 2023-11-19T00:00:00Z
INC-01744,incidents,dirty_label:incident_type,Equipment Failure -> EQUIPMENT FAILURE
INC-01744,incidents,mixed_date_format:incident_date,used format %m/%d/%Y: 05/30/2024
INC-01744,incidents,missing_required_field:severity,
INC-01745,incidents,dirty_label:severity,Critical -> CRITICAL
INC-01750,incidents,mixed_date_format:incident_date,used format %d/%m/%Y: 04/01/2026
INC-01756,incidents,mixed_date_format:incident_date,used format %m/%d/%Y: 02/27/2025
INC-01757,incidents,dirty_label:incident_type,Equipment Failure -> Equipment  Failure
INC-01758,incidents,dirty_label:severity,Low -> low 
INC-01758,incidents,dirty_label:incident_type,Fire -> FIRE
INC-01758,incidents,mixed_date_format:incident_date,used format %Y-%m-%dT%H:%M:%SZ: 2023-11-06T00:00:00Z
INC-01763,incidents,dirty_label:incident_type,Equipment Failure -> EQUIPMENT FAILURE
INC-01763,incidents,missing_required_field:severity,
INC-01764,incidents,mixed_date_format:incident_date,used format %d/%m/%Y: 27/03/2025
INC-01766,incidents,mixed_date_format:incident_date,used format %m/%d/%Y: 06/10/2025
INC-01768,incidents,dirty_label:severity,Medium -> Med
INC-01768,incidents,mixed_date_format:incident_date,used format %d-%b-%Y: 05-May-2026
INC-01773,incidents,dirty_label:severity,High -> high
INC-01776,incidents,dirty_label:severity,Medium ->  medium
INC-01776,incidents,mixed_date_format:incident_date,used format %Y-%m-%dT%H:%M:%SZ: 2023-12-27T00:00:00Z
INC-01777,incidents,mixed_date_format:incident_date,used format %d-%b-%Y: 19-Feb-2026
INC-01784,incidents,future_date:incident_date,2026-09-09
INC-01786,incidents,mixed_date_format:incident_date,used format %d/%m/%Y: 28/12/2025
INC-01786,incidents,missing_required_field:incident_type,
INC-01790,incidents,mixed_date_format:incident_date,used format %d/%m/%Y: 30/10/2023
INC-01792,incidents,dirty_label:severity,High ->  High
INC-01792,incidents,mixed_date_format:incident_date,used format %d-%b-%Y: 14-Mar-2024
INC-01792,incidents,future_date:incident_date,2026-09-19
INC-01795,incidents,dirty_label:severity,High -> high
INC-01797,incidents,dirty_label:incident_type,Leak -> LEAK
INC-01798,incidents,dirty_label:incident_type,Near Miss -> NEAR MISS
INC-01799,incidents,mixed_date_format:incident_date,used format %m/%d/%Y: 07/06/2025
INC-01799,incidents,missing_required_field:incident_type,
INC-01802,incidents,out_of_range:compliance_score,150.0
INC-01804,incidents,dirty_label:incident_type,Spill -> Spill 
INC-01804,incidents,mixed_date_format:incident_date,used format %d-%b-%Y: 16-Nov-2024
INC-01804,incidents,missing_required_field:incident_type,
INC-01805,incidents,future_date:incident_date,2026-10-04
INC-01807,incidents,dirty_label:severity,Medium -> medium
INC-01813,incidents,mixed_date_format:incident_date,used format %Y-%m-%dT%H:%M:%SZ: 2025-07-15T00:00:00Z
INC-01814,incidents,mixed_date_format:incident_date,used format %d/%m/%Y: 18/11/2023
INC-01817,incidents,mixed_date_format:incident_date,used format %Y-%m-%dT%H:%M:%SZ: 2024-03-06T00:00:00Z
INC-01818,incidents,mixed_date_format:incident_date,used format %m/%d/%Y: 07/08/2026
INC-01819,incidents,mixed_date_format:incident_date,used format %d-%b-%Y: 30-Sep-2023
INC-01821,incidents,mixed_date_format:incident_date,used format %Y-%m-%dT%H:%M:%SZ: 2025-12-28T00:00:00Z
INC-01822,incidents,dirty_label:incident_type,Near Miss -> NEAR MISS
INC-01824,incidents,out_of_range:compliance_score,104.0
INC-01828,incidents,out_of_range:compliance_score,150.0
INC-01830,incidents,dirty_label:severity,Low -> LOW
INC-01830,incidents,dirty_label:incident_type,Leak -> LEAK
INC-01830,incidents,mixed_date_format:incident_date,used format %Y-%m-%dT%H:%M:%SZ: 2023-12-06T00:00:00Z
INC-01833,incidents,mixed_date_format:incident_date,used format %d/%m/%Y: 12/07/2025
INC-01834,incidents,missing_required_field:severity,
INC-01835,incidents,mixed_date_format:incident_date,used format %d-%b-%Y: 06-Nov-2024
INC-01836,incidents,dirty_label:incident_type,Near Miss -> NEAR MISS
INC-01840,incidents,mixed_date_format:incident_date,used format %d/%m/%Y: 05/06/2024
INC-01841,incidents,dirty_label:incident_type,Leak ->  Leak
INC-01842,incidents,dirty_label:severity,High -> Hi
INC-01842,incidents,out_of_range:compliance_score,104.0
INC-01843,incidents,mixed_date_format:incident_date,used format %Y-%m-%dT%H:%M:%SZ: 2023-11-11T00:00:00Z
INC-01844,incidents,dirty_label:incident_type,Near Miss -> NEAR MISS
INC-01848,incidents,dirty_label:incident_type,Fire -> fire
INC-01849,incidents,future_date:incident_date,2026-08-23
INC-01853,incidents,dirty_label:severity,Critical -> Crit
INC-01858,incidents,dirty_label:incident_type,Leak ->  Leak
INC-01860,incidents,dirty_label:incident_type,Equipment Failure -> Equip. Failure
INC-01863,incidents,mixed_date_format:incident_date,used format %d-%b-%Y: 24-Oct-2023
INC-01873,incidents,mixed_date_format:incident_date,used format %Y-%m-%dT%H:%M:%SZ: 2024-10-30T00:00:00Z
INC-01874,incidents,dirty_label:incident_type,Fire -> Fire 
INC-01875,incidents,mixed_date_format:incident_date,used format %m/%d/%Y: 02/15/2026
INC-01875,incidents,missing_required_field:severity,
INC-01877,incidents,future_date:incident_date,2026-09-16
INC-01878,incidents,dirty_label:severity,High -> Hi
INC-01884,incidents,mixed_date_format:incident_date,used format %d-%b-%Y: 14-Aug-2024
INC-01885,incidents,dirty_label:severity,High -> high
INC-01888,incidents,missing_required_field:incident_type,
INC-01890,incidents,out_of_range:compliance_score,-0.5
INC-01891,incidents,dirty_label:severity,High -> high
INC-01891,incidents,mixed_date_format:incident_date,used format %d-%b-%Y: 25-Dec-2025
INC-01896,incidents,mixed_date_format:incident_date,used format %d/%m/%Y: 22/05/2024
INC-01897,incidents,missing_required_field:severity,
INC-01898,incidents,missing_required_field:severity,
INC-01904,incidents,mixed_date_format:incident_date,used format %d/%m/%Y: 21/02/2024
INC-01908,incidents,dirty_label:incident_type,Spill -> spill
INC-01909,incidents,dirty_label:severity,Low -> Lo
INC-01909,incidents,dirty_label:incident_type,Equipment Failure -> Equipment  Failure
INC-01910,incidents,missing_required_field:severity,
INC-01911,incidents,invalid_coordinates,longitude=294.837746 outside valid range
INC-01911,incidents,mixed_date_format:incident_date,used format %Y-%m-%dT%H:%M:%SZ: 2025-04-26T00:00:00Z
INC-01912,incidents,dirty_label:severity,High ->  High
INC-01915,incidents,out_of_range:compliance_score,-5.0
INC-01916,incidents,dirty_label:severity,Medium -> medium
INC-01919,incidents,mixed_date_format:incident_date,used format %Y-%m-%dT%H:%M:%SZ: 2024-06-26T00:00:00Z
INC-01921,incidents,mixed_date_format:incident_date,used format %d-%b-%Y: 13-Sep-2025
INC-01922,incidents,invalid_coordinates,latitude=106.428457 > 90
INC-01922,incidents,dirty_label:severity,Medium -> medium
INC-01922,incidents,mixed_date_format:incident_date,used format %d/%m/%Y: 21/08/2024
INC-01926,incidents,dirty_label:incident_type,Leak -> Oil Leak
INC-01930,incidents,mixed_date_format:incident_date,used format %d-%b-%Y: 16-Apr-2025
INC-01933,incidents,missing_required_field:severity,
INC-01934,incidents,dirty_label:severity,High -> Hi
INC-01935,incidents,mixed_date_format:incident_date,used format %d-%b-%Y: 07-Nov-2025
INC-01938,incidents,out_of_range:compliance_score,150.0
INC-01940,incidents,mixed_date_format:incident_date,used format %d/%m/%Y: 05/07/2026
INC-01942,incidents,invalid_coordinates,latitude=178.578758 > 90
INC-01942,incidents,mixed_date_format:incident_date,used format %Y-%m-%dT%H:%M:%SZ: 2025-12-05T00:00:00Z
INC-01942,incidents,missing_required_field:incident_type,
INC-01942,incidents,out_of_range:compliance_score,150.0
INC-01945,incidents,missing_required_field:incident_type,
INC-01947,incidents,dirty_label:severity,Medium -> MEDIUM
INC-01947,incidents,mixed_date_format:incident_date,used format %m/%d/%Y: 12/25/2024
INC-01948,incidents,dirty_label:severity,Critical -> critical
INC-01949,incidents,dirty_label:incident_type,Fire ->  fire
INC-01952,incidents,mixed_date_format:incident_date,used format %d/%m/%Y: 22/08/2024
INC-01953,incidents,mixed_date_format:incident_date,used format %d-%b-%Y: 23-Aug-2023
INC-01954,incidents,future_date:incident_date,2026-09-22
INC-01956,incidents,mixed_date_format:incident_date,used format %d-%b-%Y: 01-Nov-2023
INC-01956,incidents,out_of_range:compliance_score,104.0
INC-01961,incidents,mixed_date_format:incident_date,used format %d/%m/%Y: 30/06/2026
INC-01961,incidents,missing_required_field:incident_type,
INC-01962,incidents,mixed_date_format:incident_date,used format %d/%m/%Y: 23/07/2025
INC-01963,incidents,dirty_label:incident_type,Equipment Failure -> EQUIPMENT FAILURE
INC-01967,incidents,dirty_label:severity,Low -> low 
INC-01967,incidents,missing_required_field:incident_type,
INC-01968,incidents,dirty_label:severity,High -> Hi
INC-01968,incidents,mixed_date_format:incident_date,used format %Y-%m-%dT%H:%M:%SZ: 2024-10-07T00:00:00Z
INC-01972,incidents,dirty_label:incident_type,Near Miss -> near miss
INC-01973,incidents,dirty_label:incident_type,Near Miss -> NEAR MISS
INC-01977,incidents,mixed_date_format:incident_date,used format %m/%d/%Y: 01/25/2024
INC-01980,incidents,mixed_date_format:incident_date,used format %d/%m/%Y: 10/10/2024
INC-01981,incidents,mixed_date_format:incident_date,used format %m/%d/%Y: 09/11/2025
INC-01982,incidents,dirty_label:severity,Medium -> Medium 
INC-01986,incidents,mixed_date_format:incident_date,used format %Y-%m-%dT%H:%M:%SZ: 2026-02-22T00:00:00Z
INC-01987,incidents,dirty_label:incident_type,Leak ->  Leak
INC-01987,incidents,mixed_date_format:incident_date,used format %Y-%m-%dT%H:%M:%SZ: 2023-12-08T00:00:00Z
INC-01988,incidents,mixed_date_format:incident_date,used format %m/%d/%Y: 06/26/2026
INC-01990,incidents,dirty_label:incident_type,Fire -> Fire 
INC-01994,incidents,mixed_date_format:incident_date,used format %Y-%m-%dT%H:%M:%SZ: 2026-07-20T00:00:00Z
INC-01995,incidents,mixed_date_format:incident_date,used format %d/%m/%Y: 26/05/2025
INC-01997,incidents,dirty_label:severity,Medium -> Medium 
INC-01998,incidents,missing_required_field:severity,
INC-01999,incidents,mixed_date_format:incident_date,used format %Y-%m-%dT%H:%M:%SZ: 2023-08-27T00:00:00Z
INC-02000,incidents,dirty_label:incident_type,Near Miss -> NEAR MISS
INC-02000,incidents,missing_required_field:severity,
INC-02001,incidents,mixed_date_format:incident_date,used format %Y-%m-%dT%H:%M:%SZ: 2026-07-13T00:00:00Z
INC-02003,incidents,mixed_date_format:incident_date,used format %d/%m/%Y: 18/10/2024
INC-02005,incidents,missing_required_field:incident_type,
INC-02007,incidents,mixed_date_format:incident_date,used format %d/%m/%Y: 30/06/2025
INC-02010,incidents,mixed_date_format:incident_date,used format %d/%m/%Y: 02/01/2026
INC-02012,incidents,mixed_date_format:incident_date,used format %d-%b-%Y: 07-Sep-2025
INC-02013,incidents,dirty_label:incident_type,Spill -> Minor Spill
INC-02014,incidents,dirty_label:incident_type,Equipment Failure -> EQUIPMENT FAILURE
INC-02015,incidents,mixed_date_format:incident_date,used format %m/%d/%Y: 04/29/2026
INC-02016,incidents,mixed_date_format:incident_date,used format %d/%m/%Y: 28/09/2024
INC-02018,incidents,mixed_date_format:incident_date,used format %Y-%m-%dT%H:%M:%SZ: 2024-04-10T00:00:00Z
INC-02019,incidents,future_date:incident_date,2026-08-18
INC-02020,incidents,dirty_label:severity,Critical -> critical
INC-02021,incidents,mixed_date_format:incident_date,used format %d-%b-%Y: 10-Aug-2025
INC-02027,incidents,missing_required_field:incident_type,
INC-02034,incidents,dirty_label:severity,High -> HIGH
INC-02034,incidents,mixed_date_format:incident_date,used format %m/%d/%Y: 07/14/2024
INC-02035,incidents,mixed_date_format:incident_date,used format %Y-%m-%dT%H:%M:%SZ: 2025-12-21T00:00:00Z
INC-02038,incidents,dirty_label:incident_type,Leak -> leak
INC-02039,incidents,mixed_date_format:incident_date,used format %d/%m/%Y: 02/08/2023
INC-02041,incidents,mixed_date_format:incident_date,used format %Y-%m-%dT%H:%M:%SZ: 2024-08-06T00:00:00Z
INC-02044,incidents,mixed_date_format:incident_date,used format %Y-%m-%dT%H:%M:%SZ: 2024-08-10T00:00:00Z
INC-02044,incidents,missing_required_field:incident_type,
INC-02045,incidents,dirty_label:severity,Critical -> crit
INC-02046,incidents,dirty_label:incident_type,Leak -> leak
INC-02046,incidents,missing_required_field:incident_type,
INC-02048,incidents,mixed_date_format:incident_date,used format %m/%d/%Y: 02/22/2026
INC-02050,incidents,dirty_label:incident_type,Fire -> Fire 
INC-02051,incidents,mixed_date_format:incident_date,used format %Y-%m-%dT%H:%M:%SZ: 2024-05-23T00:00:00Z
INC-02052,incidents,future_date:incident_date,2026-09-19
INC-02058,incidents,missing_required_field:incident_type,
INC-02060,incidents,mixed_date_format:incident_date,used format %m/%d/%Y: 02/03/2026
INC-02063,incidents,dirty_label:severity,Low ->  Low
INC-02063,incidents,dirty_label:incident_type,Equipment Failure -> Equip. Failure
INC-02064,incidents,dirty_label:severity,Medium -> medium
INC-02064,incidents,dirty_label:incident_type,Leak ->  Leak
INC-02065,incidents,dirty_label:incident_type,Spill -> Minor Spill
INC-02067,incidents,missing_required_field:severity,
INC-02068,incidents,mixed_date_format:incident_date,used format %d/%m/%Y: 23/09/2023
INC-02069,incidents,dirty_label:incident_type,Near Miss -> NEAR MISS
INC-02076,incidents,mixed_date_format:incident_date,used format %m/%d/%Y: 05/03/2026
INC-02077,incidents,dirty_label:incident_type,Leak -> LEAK
INC-02079,incidents,mixed_date_format:incident_date,used format %d/%m/%Y: 27/09/2024
INC-02080,incidents,dirty_label:severity,Low -> Lo
INC-02081,incidents,out_of_range:compliance_score,-0.5
INC-02083,incidents,dirty_label:severity,Low -> low 
INC-02084,incidents,mixed_date_format:incident_date,used format %d/%m/%Y: 28/01/2025
INC-02084,incidents,missing_required_field:incident_type,
INC-02085,incidents,dirty_label:incident_type,Near Miss -> Near  Miss
INC-02088,incidents,mixed_date_format:incident_date,used format %d-%b-%Y: 07-Nov-2023
INC-02090,incidents,dirty_label:severity,Medium -> Medium 
INC-02091,incidents,mixed_date_format:incident_date,used format %m/%d/%Y: 10/26/2024
INC-02093,incidents,out_of_range:compliance_score,-0.5
INC-02094,incidents,mixed_date_format:incident_date,used format %Y-%m-%dT%H:%M:%SZ: 2023-08-14T00:00:00Z
INC-02095,incidents,mixed_date_format:incident_date,used format %d-%b-%Y: 07-Jun-2026
INC-02096,incidents,dirty_label:incident_type,Near Miss -> near-miss
INC-02097,incidents,dirty_label:incident_type,Near Miss -> Near  Miss
INC-02097,incidents,mixed_date_format:incident_date,used format %d-%b-%Y: 26-Mar-2025
INC-02097,incidents,missing_required_field:incident_type,
INC-02098,incidents,mixed_date_format:incident_date,used format %m/%d/%Y: 08/11/2023
INC-02100,incidents,dirty_label:severity,Low ->  Low
INC-02103,incidents,missing_required_field:incident_type,
INC-02103,incidents,out_of_range:compliance_score,150.0
INC-02104,incidents,mixed_date_format:incident_date,used format %m/%d/%Y: 01/03/2025
INC-02108,incidents,mixed_date_format:incident_date,used format %d/%m/%Y: 26/11/2023
INC-02110,incidents,dirty_label:incident_type,Spill ->  spill 
INC-02112,incidents,invalid_coordinates,latitude=91.15602 > 90
INC-02113,incidents,missing_required_field:severity,
INC-02113,incidents,missing_required_field:incident_type,
INC-02115,incidents,missing_required_field:severity,
INC-02116,incidents,invalid_coordinates,latitude=173.13631 > 90
INC-02116,incidents,dirty_label:incident_type,Equipment Failure -> Equip. Failure
INC-02117,incidents,dirty_label:severity,Medium -> Med
INC-02117,incidents,mixed_date_format:incident_date,used format %m/%d/%Y: 11/13/2023
INC-02118,incidents,out_of_range:compliance_score,104.0
INC-02123,incidents,dirty_label:incident_type,Leak -> leak
INC-02125,incidents,missing_required_field:severity,
INC-02129,incidents,mixed_date_format:incident_date,used format %Y-%m-%dT%H:%M:%SZ: 2025-09-11T00:00:00Z
INC-02134,incidents,dirty_label:severity,Medium -> Medium 
INC-02137,incidents,dirty_label:incident_type,Fire -> fire
INC-02138,incidents,mixed_date_format:incident_date,used format %d-%b-%Y: 31-Dec-2025
INC-02142,incidents,invalid_coordinates,longitude=235.169298 outside valid range
INC-02142,incidents,mixed_date_format:incident_date,used format %Y-%m-%dT%H:%M:%SZ: 2024-09-21T00:00:00Z
INC-02146,incidents,mixed_date_format:incident_date,used format %Y-%m-%dT%H:%M:%SZ: 2024-07-30T00:00:00Z
INC-02148,incidents,out_of_range:compliance_score,150.0
INC-02151,incidents,dirty_label:incident_type,Equipment Failure -> equipment failure
INC-02154,incidents,missing_required_field:severity,
INC-02155,incidents,mixed_date_format:incident_date,used format %Y-%m-%dT%H:%M:%SZ: 2023-10-22T00:00:00Z
INC-02157,incidents,out_of_range:compliance_score,115.7
INC-02158,incidents,missing_required_field:incident_type,
INC-02159,incidents,dirty_label:severity,Critical -> CRITICAL
INC-02161,incidents,dirty_label:incident_type,Near Miss -> near miss
INC-02163,incidents,mixed_date_format:incident_date,used format %m/%d/%Y: 01/10/2024
INC-02165,incidents,mixed_date_format:incident_date,used format %d-%b-%Y: 01-Nov-2023
INC-02165,incidents,out_of_range:compliance_score,-12.3
INC-02166,incidents,mixed_date_format:incident_date,used format %m/%d/%Y: 12/25/2025
INC-02172,incidents,mixed_date_format:incident_date,used format %d-%b-%Y: 25-May-2025
INC-02173,incidents,missing_required_field:incident_type,
INC-02175,incidents,missing_required_field:incident_type,
INC-02176,incidents,dirty_label:incident_type,Spill ->  spill 
INC-02176,incidents,mixed_date_format:incident_date,used format %d/%m/%Y: 09/05/2024
INC-02177,incidents,dirty_label:severity,Low -> low
INC-02179,incidents,missing_required_field:severity,
INC-02180,incidents,dirty_label:incident_type,Spill ->  spill 
INC-02186,incidents,mixed_date_format:incident_date,used format %Y-%m-%dT%H:%M:%SZ: 2025-10-20T00:00:00Z
INC-02187,incidents,mixed_date_format:incident_date,used format %m/%d/%Y: 01/27/2026
INC-02187,incidents,future_date:incident_date,2026-08-19
INC-02190,incidents,mixed_date_format:incident_date,used format %Y-%m-%dT%H:%M:%SZ: 2024-05-12T00:00:00Z
INC-02193,incidents,dirty_label:incident_type,Spill -> spill
INC-02193,incidents,missing_required_field:severity,
INC-02194,incidents,dirty_label:severity,Critical -> crit
INC-02198,incidents,dirty_label:severity,High ->  High
INC-02198,incidents,mixed_date_format:incident_date,used format %d-%b-%Y: 15-Apr-2024
INC-02203,incidents,dirty_label:severity,High -> Hi
INC-02203,incidents,mixed_date_format:incident_date,used format %m/%d/%Y: 04/03/2025
INC-02204,incidents,mixed_date_format:incident_date,used format %Y-%m-%dT%H:%M:%SZ: 2024-04-28T00:00:00Z
INC-02206,incidents,mixed_date_format:incident_date,used format %Y-%m-%dT%H:%M:%SZ: 2024-01-25T00:00:00Z
INC-02206,incidents,out_of_range:compliance_score,-0.5
INC-02207,incidents,mixed_date_format:incident_date,used format %m/%d/%Y: 10/09/2023
INC-02208,incidents,out_of_range:compliance_score,-5.0
INC-02216,incidents,dirty_label:incident_type,Spill ->  spill 
INC-02218,incidents,dirty_label:severity,High -> high
INC-02219,incidents,dirty_label:severity,High -> HIGH
INC-02220,incidents,dirty_label:severity,Low -> low
INC-02220,incidents,mixed_date_format:incident_date,used format %m/%d/%Y: 02/20/2026
INC-02221,incidents,mixed_date_format:incident_date,used format %d-%b-%Y: 31-Jan-2026
INC-02224,incidents,dirty_label:severity,Critical -> critical
INC-02225,incidents,dirty_label:severity,Low -> low
INC-02229,incidents,dirty_label:severity,Medium -> Medium 
INC-02231,incidents,mixed_date_format:incident_date,used format %d/%m/%Y: 17/06/2026
INC-02232,incidents,mixed_date_format:incident_date,used format %d/%m/%Y: 12/01/2024
INC-02233,incidents,mixed_date_format:incident_date,used format %d/%m/%Y: 30/11/2023
INC-02235,incidents,dirty_label:incident_type,Fire ->  fire
INC-02237,incidents,dirty_label:severity,Medium ->  medium
INC-02239,incidents,out_of_range:compliance_score,150.0
INC-02242,incidents,future_date:incident_date,2026-10-07
INC-02247,incidents,mixed_date_format:incident_date,used format %d/%m/%Y: 10/05/2026
INC-02252,incidents,dirty_label:incident_type,Equipment Failure -> EQUIPMENT FAILURE
INC-02252,incidents,mixed_date_format:incident_date,used format %Y-%m-%dT%H:%M:%SZ: 2025-06-15T00:00:00Z
INC-02256,incidents,missing_required_field:severity,
INC-02257,incidents,mixed_date_format:incident_date,used format %Y-%m-%dT%H:%M:%SZ: 2024-11-20T00:00:00Z
INC-02259,incidents,mixed_date_format:incident_date,used format %d/%m/%Y: 14/03/2026
INC-02261,incidents,mixed_date_format:incident_date,used format %Y-%m-%dT%H:%M:%SZ: 2023-11-17T00:00:00Z
INC-02263,incidents,missing_required_field:severity,
INC-02267,incidents,mixed_date_format:incident_date,used format %Y-%m-%dT%H:%M:%SZ: 2026-07-06T00:00:00Z
INC-02268,incidents,dirty_label:severity,Low -> LOW
INC-02269,incidents,dirty_label:incident_type,Leak -> Oil Leak
INC-02269,incidents,missing_required_field:incident_type,
INC-02270,incidents,mixed_date_format:incident_date,used format %d/%m/%Y: 06/01/2024
INC-02270,incidents,missing_required_field:incident_type,
INC-02271,incidents,dirty_label:incident_type,Leak ->  Leak
INC-02271,incidents,mixed_date_format:incident_date,used format %d-%b-%Y: 25-Jul-2024
INC-02273,incidents,mixed_date_format:incident_date,used format %Y-%m-%dT%H:%M:%SZ: 2025-01-11T00:00:00Z
INC-02277,incidents,mixed_date_format:incident_date,used format %d/%m/%Y: 05/07/2024
INC-02278,incidents,mixed_date_format:incident_date,used format %d/%m/%Y: 11/11/2025
INC-02279,incidents,dirty_label:incident_type,Spill -> Minor Spill
INC-02284,incidents,dirty_label:severity,Medium -> Medium 
INC-02284,incidents,dirty_label:incident_type,Equipment Failure -> EQUIPMENT FAILURE
INC-02291,incidents,mixed_date_format:incident_date,used format %Y-%m-%dT%H:%M:%SZ: 2025-11-16T00:00:00Z
INC-02292,incidents,mixed_date_format:incident_date,used format %Y-%m-%dT%H:%M:%SZ: 2024-05-17T00:00:00Z
INC-02295,incidents,mixed_date_format:incident_date,used format %d-%b-%Y: 20-Aug-2024
INC-02297,incidents,future_date:incident_date,2026-08-10
INC-02298,incidents,dirty_label:incident_type,Leak -> leak 
INC-02302,incidents,dirty_label:severity,High ->  High
INC-02303,incidents,mixed_date_format:incident_date,used format %Y-%m-%dT%H:%M:%SZ: 2025-03-20T00:00:00Z
INC-02310,incidents,future_date:incident_date,2026-08-03
INC-02311,incidents,mixed_date_format:incident_date,used format %d-%b-%Y: 22-Jul-2024
INC-02312,incidents,mixed_date_format:incident_date,used format %m/%d/%Y: 01/14/2024
INC-02317,incidents,dirty_label:severity,Medium -> MEDIUM
INC-02319,incidents,dirty_label:incident_type,Leak -> LEAK
INC-02321,incidents,dirty_label:severity,High ->  High
INC-02325,incidents,dirty_label:severity,Medium ->  medium
INC-02326,incidents,missing_required_field:incident_type,
INC-02327,incidents,dirty_label:severity,Medium -> Med
INC-02328,incidents,dirty_label:incident_type,Equipment Failure -> Equip. Failure
INC-02329,incidents,missing_required_field:incident_type,
INC-02332,incidents,dirty_label:incident_type,Fire -> fire
INC-02332,incidents,mixed_date_format:incident_date,used format %Y-%m-%dT%H:%M:%SZ: 2024-07-05T00:00:00Z
INC-02334,incidents,mixed_date_format:incident_date,used format %m/%d/%Y: 11/02/2025
INC-02339,incidents,dirty_label:severity,Low -> Lo
INC-02339,incidents,dirty_label:incident_type,Equipment Failure -> equipment failure
INC-02339,incidents,mixed_date_format:incident_date,used format %d-%b-%Y: 30-Dec-2025
INC-02339,incidents,missing_required_field:incident_type,
INC-02340,incidents,mixed_date_format:incident_date,used format %m/%d/%Y: 03/22/2024
INC-02342,incidents,mixed_date_format:incident_date,used format %m/%d/%Y: 11/03/2023
INC-02343,incidents,dirty_label:incident_type,Near Miss -> Near  Miss
INC-02350,incidents,missing_required_field:incident_type,
INC-02351,incidents,missing_required_field:severity,
INC-02354,incidents,dirty_label:severity,Critical -> crit
INC-02354,incidents,mixed_date_format:incident_date,used format %d-%b-%Y: 02-Aug-2024
INC-02356,incidents,mixed_date_format:incident_date,used format %d/%m/%Y: 23/11/2023
INC-02356,incidents,future_date:incident_date,2026-08-31
INC-02357,incidents,dirty_label:incident_type,Leak -> LEAK
INC-02357,incidents,missing_required_field:incident_type,
INC-02358,incidents,dirty_label:incident_type,Equipment Failure -> equipment failure
INC-02358,incidents,future_date:incident_date,2026-09-21
INC-02362,incidents,missing_required_field:severity,
INC-02363,incidents,dirty_label:severity,Low ->  Low
INC-02364,incidents,mixed_date_format:incident_date,used format %d-%b-%Y: 31-May-2024
INC-02366,incidents,dirty_label:severity,Critical -> critical
INC-02366,incidents,mixed_date_format:incident_date,used format %d/%m/%Y: 11/08/2024
INC-02368,incidents,missing_required_field:severity,
INC-02369,incidents,mixed_date_format:incident_date,used format %d/%m/%Y: 20/10/2023
INC-02370,incidents,invalid_coordinates,latitude=175.69975 > 90
INC-02370,incidents,mixed_date_format:incident_date,used format %Y-%m-%dT%H:%M:%SZ: 2024-07-13T00:00:00Z
INC-02374,incidents,mixed_date_format:incident_date,used format %d-%b-%Y: 09-Aug-2025
INC-02377,incidents,dirty_label:incident_type,Equipment Failure -> equipment failure
INC-02378,incidents,dirty_label:severity,High -> Hi
INC-02378,incidents,dirty_label:incident_type,Spill ->  spill 
INC-02378,incidents,mixed_date_format:incident_date,used format %d-%b-%Y: 22-Dec-2023
INC-02382,incidents,mixed_date_format:incident_date,used format %d/%m/%Y: 15/12/2024
INC-02383,incidents,dirty_label:severity,Medium -> medium
INC-02384,incidents,dirty_label:severity,Critical -> critical
INC-02388,incidents,out_of_range:compliance_score,104.0
INC-02391,incidents,mixed_date_format:incident_date,used format %m/%d/%Y: 05/23/2025
INC-02391,incidents,missing_required_field:severity,
INC-02392,incidents,dirty_label:incident_type,Near Miss -> NEAR MISS
INC-02394,incidents,dirty_label:incident_type,Spill -> SPILL
INC-02394,incidents,missing_required_field:incident_type,
INC-02398,incidents,missing_required_field:severity,
INC-02401,incidents,mixed_date_format:incident_date,used format %Y-%m-%dT%H:%M:%SZ: 2025-10-17T00:00:00Z
INC-02402,incidents,dirty_label:severity,Medium -> medium
INC-02404,incidents,dirty_label:incident_type,Equipment Failure -> EQUIPMENT FAILURE
INC-02404,incidents,mixed_date_format:incident_date,used format %Y-%m-%dT%H:%M:%SZ: 2023-11-19T00:00:00Z
INC-02407,incidents,dirty_label:incident_type,Fire ->  fire
INC-02407,incidents,mixed_date_format:incident_date,used format %d/%m/%Y: 17/02/2024
INC-02409,incidents,dirty_label:incident_type,Equipment Failure -> Equip. Failure
INC-02409,incidents,mixed_date_format:incident_date,used format %d-%b-%Y: 25-Nov-2024
INC-02409,incidents,missing_required_field:severity,
INC-02415,incidents,dirty_label:incident_type,Equipment Failure -> Equip. Failure
INC-02415,incidents,missing_required_field:incident_type,
INC-02416,incidents,dirty_label:severity,High -> HIGH
INC-02419,incidents,dirty_label:incident_type,Near Miss -> near miss
INC-02419,incidents,mixed_date_format:incident_date,used format %m/%d/%Y: 04/14/2026
INC-02420,incidents,mixed_date_format:incident_date,used format %m/%d/%Y: 10/17/2023
INC-02421,incidents,dirty_label:severity,Low -> LOW
INC-02424,incidents,dirty_label:severity,Low ->  Low
INC-02424,incidents,mixed_date_format:incident_date,used format %m/%d/%Y: 12/05/2024
INC-02425,incidents,dirty_label:severity,Low ->  Low
INC-02428,incidents,mixed_date_format:incident_date,used format %Y-%m-%dT%H:%M:%SZ: 2023-08-23T00:00:00Z
INC-02429,incidents,missing_required_field:incident_type,
INC-02431,incidents,mixed_date_format:incident_date,used format %d/%m/%Y: 28/07/2023
INC-02433,incidents,mixed_date_format:incident_date,used format %d/%m/%Y: 30/11/2024
INC-02436,incidents,mixed_date_format:incident_date,used format %d/%m/%Y: 06/10/2025
INC-02437,incidents,dirty_label:severity,High ->  High
INC-02437,incidents,dirty_label:incident_type,Equipment Failure -> Equipment  Failure
INC-02440,incidents,missing_required_field:severity,
INC-02443,incidents,invalid_coordinates,longitude=309.357888 outside valid range
INC-02443,incidents,dirty_label:incident_type,Fire -> fire
INC-02446,incidents,dirty_label:incident_type,Leak -> leak 
INC-02448,incidents,mixed_date_format:incident_date,used format %d-%b-%Y: 01-Jan-2026
INC-02449,incidents,mixed_date_format:incident_date,used format %m/%d/%Y: 05/28/2024
INC-02453,incidents,mixed_date_format:incident_date,used format %m/%d/%Y: 02/01/2024
INC-02454,incidents,dirty_label:severity,Medium -> MEDIUM
INC-02457,incidents,mixed_date_format:incident_date,used format %Y-%m-%dT%H:%M:%SZ: 2024-04-04T00:00:00Z
INC-02458,incidents,invalid_coordinates,longitude=278.934279 outside valid range
INC-02459,incidents,dirty_label:incident_type,Near Miss -> NEAR MISS
INC-02462,incidents,mixed_date_format:incident_date,used format %Y-%m-%dT%H:%M:%SZ: 2024-06-07T00:00:00Z
INC-02464,incidents,mixed_date_format:incident_date,used format %d/%m/%Y: 24/04/2026
INC-02466,incidents,dirty_label:incident_type,Equipment Failure -> Equipment  Failure
INC-02468,incidents,mixed_date_format:incident_date,used format %d/%m/%Y: 19/01/2026
INC-02470,incidents,mixed_date_format:incident_date,used format %d-%b-%Y: 06-Jul-2025
INC-02471,incidents,dirty_label:incident_type,Spill -> spill
INC-02472,incidents,dirty_label:incident_type,Fire -> FIRE
INC-02473,incidents,dirty_label:incident_type,Fire ->  fire
INC-02475,incidents,mixed_date_format:incident_date,used format %Y-%m-%dT%H:%M:%SZ: 2024-11-05T00:00:00Z
INC-02478,incidents,dirty_label:incident_type,Leak -> leak
INC-02479,incidents,mixed_date_format:incident_date,used format %d/%m/%Y: 08/03/2025
INC-02483,incidents,missing_required_field:severity,
INC-02485,incidents,dirty_label:severity,Low -> low 
INC-02485,incidents,mixed_date_format:incident_date,used format %d/%m/%Y: 15/01/2024
INC-02489,incidents,dirty_label:incident_type,Spill -> spill
INC-02495,incidents,dirty_label:severity,Medium -> Med
INC-02498,incidents,mixed_date_format:incident_date,used format %d/%m/%Y: 15/02/2026
INC-02500,incidents,mixed_date_format:incident_date,used format %d/%m/%Y: 25/04/2024
INC-02501,incidents,out_of_range:compliance_score,-0.5
INC-02502,incidents,dirty_label:severity,Medium -> Med
INC-02503,incidents,dirty_label:severity,Medium -> MEDIUM
INC-02503,incidents,mixed_date_format:incident_date,used format %d/%m/%Y: 29/08/2023
INC-02504,incidents,dirty_label:incident_type,Spill -> Spill 
INC-02505,incidents,dirty_label:incident_type,Spill ->  spill 
INC-02506,incidents,dirty_label:severity,Critical -> CRITICAL
INC-02507,incidents,mixed_date_format:incident_date,used format %d/%m/%Y: 23/03/2025
INC-02508,incidents,mixed_date_format:incident_date,used format %d-%b-%Y: 10-Jan-2024
INC-02509,incidents,dirty_label:incident_type,Equipment Failure -> Equip. Failure
INC-02512,incidents,dirty_label:incident_type,Fire -> fire
INC-02518,incidents,missing_required_field:incident_type,
INC-02523,incidents,dirty_label:incident_type,Near Miss -> near miss
INC-02523,incidents,mixed_date_format:incident_date,used format %d/%m/%Y: 11/04/2026
INC-02526,incidents,dirty_label:severity,Medium -> MEDIUM
INC-02532,incidents,dirty_label:severity,Low ->  Low
INC-02532,incidents,mixed_date_format:incident_date,used format %m/%d/%Y: 01/01/2026
INC-02534,incidents,mixed_date_format:incident_date,used format %d-%b-%Y: 12-Sep-2023
INC-02537,incidents,dirty_label:severity,Medium ->  medium
INC-02539,incidents,dirty_label:incident_type,Leak -> leak
INC-02542,incidents,dirty_label:incident_type,Near Miss -> Near  Miss
INC-02544,incidents,mixed_date_format:incident_date,used format %d-%b-%Y: 09-Oct-2025
INC-02545,incidents,mixed_date_format:incident_date,used format %d-%b-%Y: 26-Jun-2026
INC-02547,incidents,invalid_coordinates,latitude=120.392452 > 90
INC-02550,incidents,missing_required_field:incident_type,
INC-02552,incidents,mixed_date_format:incident_date,used format %d/%m/%Y: 30/04/2024
INC-02555,incidents,dirty_label:severity,High -> Hi
INC-02555,incidents,mixed_date_format:incident_date,used format %m/%d/%Y: 06/14/2026
INC-02556,incidents,future_date:incident_date,2026-10-12
INC-02558,incidents,missing_required_field:severity,
INC-02560,incidents,dirty_label:severity,Medium -> medium
INC-02565,incidents,missing_required_field:severity,
INC-02566,incidents,dirty_label:incident_type,Leak -> Oil Leak
INC-02570,incidents,dirty_label:incident_type,Leak ->  Leak
INC-02572,incidents,mixed_date_format:incident_date,used format %d/%m/%Y: 21/02/2026
INC-02574,incidents,dirty_label:incident_type,Fire ->  fire
INC-02575,incidents,out_of_range:compliance_score,150.0
INC-02577,incidents,missing_required_field:severity,
INC-02584,incidents,mixed_date_format:incident_date,used format %Y-%m-%dT%H:%M:%SZ: 2023-08-29T00:00:00Z
INC-02586,incidents,mixed_date_format:incident_date,used format %d-%b-%Y: 21-Jan-2025
INC-02586,incidents,out_of_range:compliance_score,-0.5
INC-02588,incidents,dirty_label:severity,Medium -> Med
INC-02590,incidents,dirty_label:incident_type,Leak -> LEAK
INC-02590,incidents,mixed_date_format:incident_date,used format %d/%m/%Y: 25/10/2023
INC-02599,incidents,dirty_label:severity,Critical -> Crit
INC-02600,incidents,dirty_label:incident_type,Leak -> leak
INC-02600,incidents,mixed_date_format:incident_date,used format %Y-%m-%dT%H:%M:%SZ: 2025-05-25T00:00:00Z
INC-02602,incidents,mixed_date_format:incident_date,used format %d/%m/%Y: 01/05/2025
INC-02603,incidents,dirty_label:incident_type,Equipment Failure -> Equip. Failure
INC-02604,incidents,dirty_label:incident_type,Fire -> Fire 
INC-02605,incidents,mixed_date_format:incident_date,used format %Y-%m-%dT%H:%M:%SZ: 2025-12-24T00:00:00Z
INC-02606,incidents,mixed_date_format:incident_date,used format %d/%m/%Y: 12/01/2024
INC-02609,incidents,dirty_label:incident_type,Spill -> Spill 
INC-02610,incidents,missing_required_field:incident_type,
INC-02611,incidents,mixed_date_format:incident_date,used format %d-%b-%Y: 12-May-2024
INC-02613,incidents,mixed_date_format:incident_date,used format %d-%b-%Y: 01-Jul-2025
INC-02613,incidents,missing_required_field:severity,
INC-02615,incidents,dirty_label:severity,Medium -> medium
INC-02616,incidents,dirty_label:severity,Critical -> critical
INC-02620,incidents,dirty_label:severity,Low -> low 
INC-02620,incidents,missing_required_field:incident_type,
INC-02624,incidents,dirty_label:incident_type,Near Miss -> Near  Miss
INC-02626,incidents,missing_required_field:severity,
INC-02627,incidents,dirty_label:incident_type,Leak ->  Leak
INC-02627,incidents,mixed_date_format:incident_date,used format %m/%d/%Y: 11/18/2023
INC-02629,incidents,dirty_label:incident_type,Near Miss -> NEAR MISS
INC-02630,incidents,missing_required_field:incident_type,
INC-02631,incidents,dirty_label:incident_type,Equipment Failure -> EQUIPMENT FAILURE
INC-02632,incidents,invalid_coordinates,"coordinates (0,0)"
INC-02634,incidents,mixed_date_format:incident_date,used format %m/%d/%Y: 08/24/2023
INC-02636,incidents,dirty_label:incident_type,Fire ->  fire
INC-02636,incidents,future_date:incident_date,2026-09-22
INC-02638,incidents,dirty_label:incident_type,Leak -> Oil Leak
INC-02643,incidents,dirty_label:incident_type,Leak -> leak 
INC-02644,incidents,mixed_date_format:incident_date,used format %d-%b-%Y: 26-Mar-2025
INC-02645,incidents,mixed_date_format:incident_date,used format %d-%b-%Y: 05-Mar-2025
INC-02646,incidents,mixed_date_format:incident_date,used format %Y-%m-%dT%H:%M:%SZ: 2026-01-08T00:00:00Z
INC-02652,incidents,dirty_label:severity,Critical ->  Critical
INC-02652,incidents,mixed_date_format:incident_date,used format %m/%d/%Y: 07/06/2025
INC-02652,incidents,missing_required_field:severity,
INC-02652,incidents,future_date:incident_date,2026-10-16
INC-02655,incidents,dirty_label:incident_type,Near Miss -> NEAR MISS
INC-02655,incidents,mixed_date_format:incident_date,used format %d/%m/%Y: 03/08/2024
INC-02656,incidents,mixed_date_format:incident_date,used format %Y-%m-%dT%H:%M:%SZ: 2024-01-09T00:00:00Z
INC-02658,incidents,missing_required_field:severity,
INC-02661,incidents,mixed_date_format:incident_date,used format %d-%b-%Y: 19-Apr-2024
INC-02661,incidents,missing_required_field:severity,
INC-02662,incidents,out_of_range:compliance_score,-5.0
INC-02667,incidents,missing_required_field:severity,
INC-02668,incidents,future_date:incident_date,2026-07-31
INC-02670,incidents,dirty_label:severity,Low -> Lo
INC-02671,incidents,invalid_coordinates,latitude=133.774844 > 90
INC-02673,incidents,dirty_label:incident_type,Spill ->  spill 
INC-02675,incidents,mixed_date_format:incident_date,used format %d-%b-%Y: 04-Mar-2026
INC-02678,incidents,mixed_date_format:incident_date,used format %m/%d/%Y: 12/27/2025
INC-02678,incidents,missing_required_field:incident_type,
INC-02679,incidents,dirty_label:severity,High ->  High
INC-02681,incidents,out_of_range:compliance_score,115.7
INC-02693,incidents,dirty_label:severity,High -> HIGH
INC-02697,incidents,out_of_range:compliance_score,115.7
INC-02699,incidents,mixed_date_format:incident_date,used format %Y-%m-%dT%H:%M:%SZ: 2025-02-04T00:00:00Z
INC-02701,incidents,dirty_label:severity,Low ->  Low
INC-02706,incidents,dirty_label:severity,Low -> low
INC-02707,incidents,dirty_label:severity,Medium ->  medium
INC-02708,incidents,dirty_label:severity,High -> Hi
INC-02709,incidents,mixed_date_format:incident_date,used format %d-%b-%Y: 10-Aug-2023
INC-02710,incidents,missing_required_field:incident_type,
INC-02711,incidents,dirty_label:severity,Low -> low
INC-02713,incidents,dirty_label:incident_type,Leak -> Oil Leak
INC-02713,incidents,missing_required_field:incident_type,
INC-02717,incidents,mixed_date_format:incident_date,used format %d/%m/%Y: 04/09/2024
INC-02718,incidents,dirty_label:incident_type,Near Miss -> NEAR MISS
INC-02719,incidents,invalid_coordinates,latitude=136.596629 > 90
INC-02720,incidents,mixed_date_format:incident_date,used format %d-%b-%Y: 23-Aug-2023
INC-02722,incidents,mixed_date_format:incident_date,used format %m/%d/%Y: 05/12/2025
INC-02723,incidents,mixed_date_format:incident_date,used format %Y-%m-%dT%H:%M:%SZ: 2025-02-18T00:00:00Z
INC-02725,incidents,mixed_date_format:incident_date,used format %Y-%m-%dT%H:%M:%SZ: 2025-02-25T00:00:00Z
INC-02726,incidents,dirty_label:incident_type,Near Miss -> near miss
INC-02726,incidents,missing_required_field:incident_type,
INC-02728,incidents,dirty_label:severity,Critical -> critical
INC-02732,incidents,mixed_date_format:incident_date,used format %d-%b-%Y: 11-Jun-2025
INC-02736,incidents,mixed_date_format:incident_date,used format %d/%m/%Y: 13/01/2024
INC-02736,incidents,missing_required_field:severity,
INC-02737,incidents,missing_required_field:severity,
INC-02738,incidents,mixed_date_format:incident_date,used format %d-%b-%Y: 13-Jul-2024
INC-02739,incidents,dirty_label:severity,High -> HIGH
INC-02740,incidents,dirty_label:incident_type,Near Miss -> Near  Miss
INC-02740,incidents,mixed_date_format:incident_date,used format %d/%m/%Y: 22/05/2026
INC-02741,incidents,mixed_date_format:incident_date,used format %d-%b-%Y: 07-Jul-2025
INC-02746,incidents,mixed_date_format:incident_date,used format %m/%d/%Y: 11/04/2024
INC-02747,incidents,mixed_date_format:incident_date,used format %m/%d/%Y: 09/23/2025
INC-02748,incidents,dirty_label:incident_type,Near Miss -> Near  Miss
INC-02749,incidents,dirty_label:incident_type,Leak -> leak
INC-02749,incidents,mixed_date_format:incident_date,used format %Y-%m-%dT%H:%M:%SZ: 2024-07-21T00:00:00Z
INC-02752,incidents,mixed_date_format:incident_date,used format %Y-%m-%dT%H:%M:%SZ: 2026-01-06T00:00:00Z
INC-02752,incidents,out_of_range:compliance_score,-5.0
INC-02765,incidents,mixed_date_format:incident_date,used format %Y-%m-%dT%H:%M:%SZ: 2025-05-11T00:00:00Z
INC-02766,incidents,invalid_coordinates,longitude=291.126659 outside valid range
INC-02767,incidents,dirty_label:incident_type,Spill -> spill
INC-02769,incidents,mixed_date_format:incident_date,used format %d-%b-%Y: 05-Feb-2026
INC-02770,incidents,mixed_date_format:incident_date,used format %d/%m/%Y: 27/02/2024
INC-02771,incidents,dirty_label:severity,High -> Hi
INC-02772,incidents,mixed_date_format:incident_date,used format %d-%b-%Y: 29-Jul-2024
INC-02773,incidents,mixed_date_format:incident_date,used format %d-%b-%Y: 25-Feb-2024
INC-02775,incidents,dirty_label:severity,High -> HIGH
INC-02777,incidents,mixed_date_format:incident_date,used format %m/%d/%Y: 11/07/2023
INC-02780,incidents,mixed_date_format:incident_date,used format %d-%b-%Y: 22-Feb-2024
INC-02781,incidents,dirty_label:incident_type,Spill ->  spill 
INC-02784,incidents,dirty_label:severity,Medium -> Med
INC-02784,incidents,mixed_date_format:incident_date,used format %d/%m/%Y: 08/12/2025
INC-02785,incidents,out_of_range:compliance_score,-5.0
INC-02786,incidents,mixed_date_format:incident_date,used format %Y-%m-%dT%H:%M:%SZ: 2023-11-22T00:00:00Z
INC-02792,incidents,missing_required_field:incident_type,
INC-02793,incidents,missing_required_field:severity,
INC-02798,incidents,mixed_date_format:incident_date,used format %m/%d/%Y: 12/12/2024
INC-02802,incidents,mixed_date_format:incident_date,used format %d/%m/%Y: 21/08/2025
INC-02803,incidents,mixed_date_format:incident_date,used format %d-%b-%Y: 29-Sep-2024
INC-02804,incidents,mixed_date_format:incident_date,used format %m/%d/%Y: 11/08/2023
INC-02805,incidents,dirty_label:severity,Low -> low
INC-02806,incidents,dirty_label:severity,Medium -> medium
INC-02807,incidents,mixed_date_format:incident_date,used format %m/%d/%Y: 12/28/2024
INC-02808,incidents,dirty_label:severity,Critical -> CRITICAL
INC-02810,incidents,dirty_label:incident_type,Near Miss -> near miss
INC-02813,incidents,mixed_date_format:incident_date,used format %d/%m/%Y: 10/08/2023
INC-02814,incidents,dirty_label:severity,High ->  High
INC-02815,incidents,dirty_label:incident_type,Equipment Failure -> Equip. Failure
INC-02817,incidents,dirty_label:severity,Low -> low 
INC-02820,incidents,dirty_label:severity,High -> Hi
INC-02822,incidents,mixed_date_format:incident_date,used format %Y-%m-%dT%H:%M:%SZ: 2024-04-14T00:00:00Z
INC-02824,incidents,dirty_label:incident_type,Leak -> leak
INC-02825,incidents,mixed_date_format:incident_date,used format %m/%d/%Y: 02/07/2024
INC-02830,incidents,dirty_label:incident_type,Near Miss -> Near  Miss
INC-02830,incidents,mixed_date_format:incident_date,used format %d/%m/%Y: 05/04/2026
INC-02831,incidents,dirty_label:incident_type,Spill ->  spill 
INC-02834,incidents,missing_required_field:severity,
INC-02837,incidents,mixed_date_format:incident_date,used format %d-%b-%Y: 11-Sep-2023
INC-02838,incidents,dirty_label:incident_type,Leak -> Oil Leak
INC-02838,incidents,mixed_date_format:incident_date,used format %m/%d/%Y: 12/13/2024
INC-02839,incidents,dirty_label:incident_type,Leak -> Oil Leak
INC-02839,incidents,mixed_date_format:incident_date,used format %d/%m/%Y: 12/01/2024
INC-02840,incidents,mixed_date_format:incident_date,used format %m/%d/%Y: 11/17/2025
INC-02841,incidents,mixed_date_format:incident_date,used format %d-%b-%Y: 18-Oct-2025
INC-02845,incidents,dirty_label:severity,Low -> low
INC-02845,incidents,missing_required_field:severity,
INC-02845,incidents,out_of_range:compliance_score,104.0
INC-02849,incidents,missing_required_field:incident_type,
INC-02850,incidents,dirty_label:incident_type,Equipment Failure -> EQUIPMENT FAILURE
INC-02853,incidents,mixed_date_format:incident_date,used format %m/%d/%Y: 06/22/2025
INC-02854,incidents,missing_required_field:incident_type,
INC-02856,incidents,dirty_label:severity,Critical -> critical
INC-02857,incidents,mixed_date_format:incident_date,used format %m/%d/%Y: 01/11/2026
INC-02859,incidents,mixed_date_format:incident_date,used format %d/%m/%Y: 12/05/2026
INC-02860,incidents,missing_required_field:incident_type,
INC-02861,incidents,future_date:incident_date,2026-09-16
INC-02863,incidents,dirty_label:severity,Medium -> medium
INC-02864,incidents,mixed_date_format:incident_date,used format %d/%m/%Y: 18/03/2025
INC-02865,incidents,dirty_label:severity,Low -> low
INC-02868,incidents,dirty_label:severity,Medium ->  medium
INC-02868,incidents,mixed_date_format:incident_date,used format %Y-%m-%dT%H:%M:%SZ: 2025-05-17T00:00:00Z
INC-02871,incidents,dirty_label:incident_type,Near Miss -> Near  Miss
INC-02871,incidents,mixed_date_format:incident_date,used format %d/%m/%Y: 07/03/2026
INC-02872,incidents,future_date:incident_date,2026-10-11
INC-02873,incidents,dirty_label:severity,Low ->  Low
INC-02873,incidents,mixed_date_format:incident_date,used format %d-%b-%Y: 06-Sep-2023
INC-02873,incidents,missing_required_field:severity,
INC-02875,incidents,dirty_label:severity,Low -> Lo
INC-02877,incidents,missing_required_field:incident_type,
INC-02878,incidents,mixed_date_format:incident_date,used format %Y-%m-%dT%H:%M:%SZ: 2023-09-14T00:00:00Z
INC-02880,incidents,mixed_date_format:incident_date,used format %d/%m/%Y: 29/08/2023
INC-02886,incidents,mixed_date_format:incident_date,used format %d/%m/%Y: 09/05/2026
INC-02888,incidents,mixed_date_format:incident_date,used format %d/%m/%Y: 24/01/2025
INC-02890,incidents,mixed_date_format:incident_date,used format %m/%d/%Y: 01/26/2024
INC-02893,incidents,out_of_range:compliance_score,150.0
INC-02895,incidents,missing_required_field:incident_type,
INC-02896,incidents,dirty_label:incident_type,Equipment Failure -> equipment failure
INC-02902,incidents,dirty_label:severity,High -> high
INC-02902,incidents,dirty_label:incident_type,Spill -> spill
INC-02903,incidents,dirty_label:incident_type,Equipment Failure -> equipment failure
INC-02903,incidents,mixed_date_format:incident_date,used format %Y-%m-%dT%H:%M:%SZ: 2025-06-10T00:00:00Z
INC-02906,incidents,mixed_date_format:incident_date,used format %d-%b-%Y: 07-Jul-2026
INC-02909,incidents,dirty_label:incident_type,Equipment Failure -> equipment failure
INC-02909,incidents,mixed_date_format:incident_date,used format %d-%b-%Y: 30-Jan-2026
INC-02912,incidents,mixed_date_format:incident_date,used format %Y-%m-%dT%H:%M:%SZ: 2026-07-06T00:00:00Z
INC-02913,incidents,out_of_range:compliance_score,-5.0
INC-02916,incidents,dirty_label:severity,Medium -> Medium 
INC-02918,incidents,mixed_date_format:incident_date,used format %d/%m/%Y: 04/03/2025
INC-02919,incidents,dirty_label:incident_type,Spill -> SPILL
INC-02920,incidents,mixed_date_format:incident_date,used format %Y-%m-%dT%H:%M:%SZ: 2024-09-13T00:00:00Z
INC-02922,incidents,dirty_label:incident_type,Spill -> Minor Spill
INC-02923,incidents,mixed_date_format:incident_date,used format %d-%b-%Y: 29-Jul-2023
INC-02924,incidents,mixed_date_format:incident_date,used format %m/%d/%Y: 07/18/2025
INC-02927,incidents,out_of_range:compliance_score,-5.0
INC-02933,incidents,mixed_date_format:incident_date,used format %d-%b-%Y: 02-Aug-2025
INC-02934,incidents,dirty_label:severity,Medium -> Med
INC-02937,incidents,invalid_coordinates,latitude=117.722105 > 90
INC-02938,incidents,mixed_date_format:incident_date,used format %m/%d/%Y: 10/12/2024
INC-02941,incidents,dirty_label:severity,Low ->  Low
INC-02941,incidents,dirty_label:incident_type,Spill -> spill
INC-02944,incidents,dirty_label:incident_type,Leak -> LEAK
INC-02947,incidents,dirty_label:incident_type,Near Miss -> near miss
INC-02948,incidents,mixed_date_format:incident_date,used format %m/%d/%Y: 08/09/2023
INC-02951,incidents,dirty_label:incident_type,Leak -> LEAK
INC-02952,incidents,mixed_date_format:incident_date,used format %m/%d/%Y: 03/13/2025
INC-02959,incidents,dirty_label:incident_type,Equipment Failure -> Equip. Failure
INC-02959,incidents,mixed_date_format:incident_date,used format %d/%m/%Y: 06/06/2026
INC-02960,incidents,missing_required_field:severity,
INC-02963,incidents,future_date:incident_date,2026-08-04
INC-02964,incidents,dirty_label:incident_type,Spill -> spill
INC-02964,incidents,mixed_date_format:incident_date,used format %d/%m/%Y: 06/01/2026
INC-02967,incidents,dirty_label:incident_type,Fire -> fire
INC-02967,incidents,mixed_date_format:incident_date,used format %d/%m/%Y: 12/07/2025
INC-02968,incidents,mixed_date_format:incident_date,used format %m/%d/%Y: 04/13/2025
INC-02969,incidents,mixed_date_format:incident_date,used format %Y-%m-%dT%H:%M:%SZ: 2026-01-01T00:00:00Z
INC-02970,incidents,mixed_date_format:incident_date,used format %d-%b-%Y: 13-May-2025
INC-02972,incidents,mixed_date_format:incident_date,used format %Y-%m-%dT%H:%M:%SZ: 2024-12-29T00:00:00Z
INC-02976,incidents,mixed_date_format:incident_date,used format %m/%d/%Y: 04/30/2024
INC-02978,incidents,dirty_label:incident_type,Near Miss -> near-miss
INC-02981,incidents,missing_required_field:incident_type,
INC-02983,incidents,missing_required_field:incident_type,
INC-02988,incidents,mixed_date_format:incident_date,used format %d/%m/%Y: 12/03/2024
INC-02988,incidents,missing_required_field:incident_type,
INC-02992,incidents,dirty_label:severity,Low -> low
INC-02993,incidents,dirty_label:incident_type,Fire -> fire
INC-02994,incidents,missing_required_field:severity,
INC-02995,incidents,mixed_date_format:incident_date,used format %d-%b-%Y: 15-Jul-2026
INC-02998,incidents,mixed_date_format:incident_date,used format %Y-%m-%dT%H:%M:%SZ: 2026-02-22T00:00:00Z
INC-03000,incidents,future_date:incident_date,2026-08-28
INC-03004,incidents,mixed_date_format:incident_date,used format %m/%d/%Y: 09/30/2024
INC-03005,incidents,mixed_date_format:incident_date,used format %Y-%m-%dT%H:%M:%SZ: 2026-03-09T00:00:00Z
INC-03006,incidents,mixed_date_format:incident_date,used format %m/%d/%Y: 12/18/2024
INC-03006,incidents,out_of_range:compliance_score,-12.3
INC-03010,incidents,dirty_label:incident_type,Spill -> SPILL
INC-03015,incidents,dirty_label:severity,Critical -> CRITICAL
INC-03019,incidents,mixed_date_format:incident_date,used format %Y-%m-%dT%H:%M:%SZ: 2025-06-24T00:00:00Z
INC-03023,incidents,missing_required_field:severity,
INC-03025,incidents,future_date:incident_date,2026-09-27
INC-03026,incidents,missing_required_field:severity,
INC-03027,incidents,dirty_label:severity,Critical -> CRITICAL
INC-03030,incidents,dirty_label:incident_type,Leak -> leak
INC-03030,incidents,missing_required_field:severity,
INC-03031,incidents,dirty_label:incident_type,Leak -> leak
INC-03031,incidents,mixed_date_format:incident_date,used format %Y-%m-%dT%H:%M:%SZ: 2025-09-13T00:00:00Z
INC-03035,incidents,dirty_label:severity,Medium -> Med
INC-03035,incidents,mixed_date_format:incident_date,used format %d/%m/%Y: 17/11/2023
INC-03039,incidents,mixed_date_format:incident_date,used format %d/%m/%Y: 04/01/2026
INC-03040,incidents,mixed_date_format:incident_date,used format %d/%m/%Y: 08/08/2023
INC-03041,incidents,dirty_label:incident_type,Spill -> Minor Spill
INC-03043,incidents,dirty_label:incident_type,Near Miss -> near miss
INC-03045,incidents,missing_required_field:severity,
INC-03049,incidents,dirty_label:incident_type,Leak -> leak
INC-03051,incidents,mixed_date_format:incident_date,used format %m/%d/%Y: 05/09/2026
INC-03052,incidents,mixed_date_format:incident_date,used format %d-%b-%Y: 09-Aug-2024
INC-03057,incidents,mixed_date_format:incident_date,used format %Y-%m-%dT%H:%M:%SZ: 2026-07-15T00:00:00Z
INC-03059,incidents,mixed_date_format:incident_date,used format %d/%m/%Y: 13/09/2023
INC-03062,incidents,missing_required_field:incident_type,
INC-03065,incidents,missing_required_field:incident_type,
INC-03066,incidents,mixed_date_format:incident_date,used format %m/%d/%Y: 05/22/2024
INC-03067,incidents,mixed_date_format:incident_date,used format %d-%b-%Y: 17-Jan-2025
INC-03068,incidents,future_date:incident_date,2026-09-10
INC-03069,incidents,mixed_date_format:incident_date,used format %m/%d/%Y: 05/15/2026
INC-03070,incidents,dirty_label:severity,High -> HIGH
INC-03070,incidents,dirty_label:incident_type,Spill -> SPILL
INC-03070,incidents,mixed_date_format:incident_date,used format %Y-%m-%dT%H:%M:%SZ: 2026-01-02T00:00:00Z
INC-03071,incidents,mixed_date_format:incident_date,used format %m/%d/%Y: 06/02/2024
INC-03074,incidents,dirty_label:incident_type,Near Miss -> Near  Miss
INC-03074,incidents,mixed_date_format:incident_date,used format %m/%d/%Y: 10/08/2025
INC-03074,incidents,future_date:incident_date,2026-07-29
INC-03075,incidents,dirty_label:severity,Low -> LOW
INC-03078,incidents,dirty_label:severity,Critical ->  Critical
INC-03079,incidents,dirty_label:severity,Critical ->  Critical
INC-03080,incidents,dirty_label:severity,Low -> Lo
INC-03081,incidents,missing_required_field:incident_type,
INC-03083,incidents,missing_required_field:severity,
INC-03084,incidents,mixed_date_format:incident_date,used format %m/%d/%Y: 05/22/2025
INC-03085,incidents,mixed_date_format:incident_date,used format %m/%d/%Y: 08/30/2023
INC-03086,incidents,missing_required_field:severity,
INC-03087,incidents,dirty_label:incident_type,Near Miss -> near-miss
INC-03088,incidents,invalid_coordinates,latitude=171.961258 > 90
INC-03088,incidents,dirty_label:severity,Medium -> Med
INC-03088,incidents,future_date:incident_date,2026-10-01
INC-03090,incidents,dirty_label:severity,Medium -> Med
INC-03092,incidents,dirty_label:incident_type,Leak -> Oil Leak
INC-03095,incidents,missing_required_field:incident_type,
INC-03097,incidents,mixed_date_format:incident_date,used format %d-%b-%Y: 30-May-2024
INC-03099,incidents,missing_required_field:incident_type,
INC-03100,incidents,dirty_label:incident_type,Spill ->  spill 
INC-03108,incidents,dirty_label:incident_type,Near Miss -> near miss
INC-03109,incidents,mixed_date_format:incident_date,used format %Y-%m-%dT%H:%M:%SZ: 2025-11-01T00:00:00Z
INC-03110,incidents,mixed_date_format:incident_date,used format %d-%b-%Y: 08-Aug-2023
INC-03112,incidents,mixed_date_format:incident_date,used format %d-%b-%Y: 25-Oct-2025
INC-03115,incidents,missing_required_field:severity,
INC-03115,incidents,future_date:incident_date,2026-10-19
INC-03118,incidents,mixed_date_format:incident_date,used format %d-%b-%Y: 07-Feb-2024
INC-03118,incidents,missing_required_field:incident_type,
INC-03120,incidents,missing_required_field:severity,
INC-03121,incidents,missing_required_field:severity,
INC-03123,incidents,dirty_label:severity,Critical -> CRITICAL
INC-03125,incidents,dirty_label:severity,Low -> LOW
INC-03129,incidents,missing_required_field:severity,
INC-03130,incidents,dirty_label:incident_type,Leak -> Oil Leak
INC-03130,incidents,mixed_date_format:incident_date,used format %d/%m/%Y: 15/01/2024
INC-03132,incidents,mixed_date_format:incident_date,used format %m/%d/%Y: 04/24/2025
INC-03135,incidents,dirty_label:severity,Low -> Lo
INC-03143,incidents,mixed_date_format:incident_date,used format %Y-%m-%dT%H:%M:%SZ: 2025-04-01T00:00:00Z
INC-03145,incidents,dirty_label:severity,High -> Hi
INC-03146,incidents,invalid_coordinates,latitude=102.054636 > 90
INC-03149,incidents,mixed_date_format:incident_date,used format %m/%d/%Y: 05/07/2025
INC-03152,incidents,out_of_range:compliance_score,-5.0
INC-03155,incidents,dirty_label:incident_type,Leak -> leak 
INC-03163,incidents,mixed_date_format:incident_date,used format %m/%d/%Y: 06/16/2026
INC-03164,incidents,dirty_label:incident_type,Leak -> leak
INC-03169,incidents,mixed_date_format:incident_date,used format %m/%d/%Y: 12/30/2023
INC-03171,incidents,dirty_label:incident_type,Spill -> spill
INC-03174,incidents,missing_required_field:incident_type,
INC-03175,incidents,out_of_range:compliance_score,150.0
INC-03177,incidents,dirty_label:incident_type,Spill -> Minor Spill
INC-03177,incidents,missing_required_field:severity,
INC-03180,incidents,missing_required_field:severity,
INC-03185,incidents,mixed_date_format:incident_date,used format %Y-%m-%dT%H:%M:%SZ: 2024-04-30T00:00:00Z
INC-03188,incidents,dirty_label:severity,Low -> LOW
INC-03190,incidents,dirty_label:severity,Medium -> Med
INC-03193,incidents,out_of_range:compliance_score,-12.3
INC-03195,incidents,future_date:incident_date,2026-08-14
INC-03197,incidents,mixed_date_format:incident_date,used format %m/%d/%Y: 06/20/2025
INC-03197,incidents,missing_required_field:severity,
INC-03202,incidents,dirty_label:severity,Medium -> MEDIUM
INC-03204,incidents,mixed_date_format:incident_date,used format %Y-%m-%dT%H:%M:%SZ: 2023-11-17T00:00:00Z
INC-03205,incidents,mixed_date_format:incident_date,used format %m/%d/%Y: 06/04/2024
INC-03206,incidents,missing_required_field:severity,
INC-03209,incidents,mixed_date_format:incident_date,used format %d-%b-%Y: 13-Jan-2025
INC-03211,incidents,dirty_label:incident_type,Spill -> spill
INC-03212,incidents,missing_required_field:severity,
INC-03213,incidents,dirty_label:severity,Critical -> CRITICAL
INC-03213,incidents,mixed_date_format:incident_date,used format %m/%d/%Y: 04/26/2024
INC-03214,incidents,mixed_date_format:incident_date,used format %Y-%m-%dT%H:%M:%SZ: 2023-09-01T00:00:00Z
INC-03216,incidents,dirty_label:severity,Low -> low 
INC-03219,incidents,dirty_label:severity,Low -> low 
INC-03222,incidents,dirty_label:severity,High ->  High
INC-03223,incidents,dirty_label:incident_type,Fire ->  fire
INC-03223,incidents,mixed_date_format:incident_date,used format %m/%d/%Y: 05/14/2025
INC-03224,incidents,missing_required_field:incident_type,
INC-03228,incidents,dirty_label:incident_type,Leak ->  Leak
INC-03229,incidents,future_date:incident_date,2026-07-23
INC-03231,incidents,missing_required_field:severity,
INC-03232,incidents,dirty_label:incident_type,Near Miss -> near miss
INC-03233,incidents,missing_required_field:severity,
INC-03236,incidents,out_of_range:compliance_score,104.0
INC-03237,incidents,future_date:incident_date,2026-09-26
INC-03238,incidents,mixed_date_format:incident_date,used format %d-%b-%Y: 09-Nov-2023
INC-03240,incidents,dirty_label:incident_type,Leak ->  Leak
INC-03240,incidents,mixed_date_format:incident_date,used format %d/%m/%Y: 03/12/2024
INC-03241,incidents,mixed_date_format:incident_date,used format %d-%b-%Y: 22-Jun-2026
INC-03243,incidents,dirty_label:severity,High -> high
INC-03245,incidents,missing_required_field:incident_type,
INC-03249,incidents,dirty_label:incident_type,Equipment Failure -> Equip. Failure
INC-03249,incidents,mixed_date_format:incident_date,used format %d/%m/%Y: 20/06/2026
INC-03252,incidents,dirty_label:severity,Critical -> critical
INC-03257,incidents,mixed_date_format:incident_date,used format %d/%m/%Y: 25/07/2024
INC-03259,incidents,mixed_date_format:incident_date,used format %d-%b-%Y: 24-Aug-2023
INC-03261,incidents,missing_required_field:incident_type,
INC-03262,incidents,mixed_date_format:incident_date,used format %Y-%m-%dT%H:%M:%SZ: 2024-11-26T00:00:00Z
INC-03262,incidents,missing_required_field:incident_type,
INC-03265,incidents,dirty_label:incident_type,Equipment Failure -> Equipment  Failure
INC-03266,incidents,dirty_label:incident_type,Fire ->  fire
INC-03266,incidents,mixed_date_format:incident_date,used format %d-%b-%Y: 09-Jun-2026
INC-03267,incidents,future_date:incident_date,2026-10-10
INC-03268,incidents,mixed_date_format:incident_date,used format %d-%b-%Y: 15-May-2024
INC-03269,incidents,missing_required_field:incident_type,
INC-03270,incidents,mixed_date_format:incident_date,used format %m/%d/%Y: 05/23/2026
INC-03271,incidents,dirty_label:severity,Critical -> Crit
INC-03272,incidents,dirty_label:incident_type,Spill ->  spill 
INC-03274,incidents,dirty_label:severity,Medium ->  medium
INC-03274,incidents,mixed_date_format:incident_date,used format %d-%b-%Y: 24-Feb-2025
INC-03275,incidents,mixed_date_format:incident_date,used format %d-%b-%Y: 13-Apr-2024
INC-03279,incidents,mixed_date_format:incident_date,used format %Y-%m-%dT%H:%M:%SZ: 2024-06-12T00:00:00Z
INC-03280,incidents,missing_required_field:severity,
INC-03281,incidents,dirty_label:severity,Medium -> medium
INC-03282,incidents,dirty_label:incident_type,Leak ->  Leak
INC-03283,incidents,dirty_label:incident_type,Spill -> spill
INC-03284,incidents,dirty_label:incident_type,Spill -> Spill 
INC-03286,incidents,mixed_date_format:incident_date,used format %d/%m/%Y: 12/08/2025
INC-03287,incidents,mixed_date_format:incident_date,used format %d-%b-%Y: 07-Mar-2026
INC-03290,incidents,mixed_date_format:incident_date,used format %m/%d/%Y: 05/13/2024
INC-03292,incidents,dirty_label:incident_type,Spill -> Spill 
INC-03294,incidents,dirty_label:severity,Low -> Lo
INC-03295,incidents,dirty_label:incident_type,Near Miss -> near-miss
INC-03295,incidents,missing_required_field:incident_type,
INC-03301,incidents,missing_required_field:incident_type,
INC-03304,incidents,mixed_date_format:incident_date,used format %d-%b-%Y: 14-May-2024
INC-03306,incidents,mixed_date_format:incident_date,used format %d/%m/%Y: 27/12/2023
INC-03308,incidents,dirty_label:incident_type,Near Miss -> near miss
INC-03309,incidents,mixed_date_format:incident_date,used format %d/%m/%Y: 20/09/2024
INC-03312,incidents,dirty_label:incident_type,Fire -> FIRE
INC-03313,incidents,mixed_date_format:incident_date,used format %Y-%m-%dT%H:%M:%SZ: 2025-10-18T00:00:00Z
INC-03317,incidents,missing_required_field:incident_type,
INC-03320,incidents,dirty_label:incident_type,Near Miss -> Near  Miss
INC-03322,incidents,dirty_label:incident_type,Near Miss -> Near  Miss
INC-03322,incidents,mixed_date_format:incident_date,used format %Y-%m-%dT%H:%M:%SZ: 2024-07-29T00:00:00Z
INC-03323,incidents,dirty_label:incident_type,Spill -> spill
INC-03323,incidents,mixed_date_format:incident_date,used format %Y-%m-%dT%H:%M:%SZ: 2024-10-16T00:00:00Z
INC-03325,incidents,dirty_label:incident_type,Equipment Failure -> Equipment  Failure
INC-03327,incidents,mixed_date_format:incident_date,used format %d/%m/%Y: 17/11/2025
INC-03329,incidents,mixed_date_format:incident_date,used format %m/%d/%Y: 08/25/2025
INC-03333,incidents,dirty_label:incident_type,Equipment Failure -> Equipment  Failure
INC-03334,incidents,mixed_date_format:incident_date,used format %d-%b-%Y: 13-Feb-2025
INC-03335,incidents,dirty_label:severity,Critical -> Crit
INC-03336,incidents,dirty_label:severity,Low -> Lo
INC-03336,incidents,mixed_date_format:incident_date,used format %d-%b-%Y: 01-Dec-2025
INC-03337,incidents,dirty_label:incident_type,Near Miss -> near miss
INC-03338,incidents,dirty_label:severity,Low ->  Low
INC-03339,incidents,mixed_date_format:incident_date,used format %Y-%m-%dT%H:%M:%SZ: 2025-02-09T00:00:00Z
INC-03343,incidents,mixed_date_format:incident_date,used format %Y-%m-%dT%H:%M:%SZ: 2026-07-07T00:00:00Z
INC-03344,incidents,dirty_label:incident_type,Near Miss -> Near  Miss
INC-03345,incidents,mixed_date_format:incident_date,used format %d-%b-%Y: 04-Jul-2026
INC-03346,incidents,dirty_label:incident_type,Leak -> LEAK
INC-03346,incidents,mixed_date_format:incident_date,used format %m/%d/%Y: 02/06/2025
INC-03347,incidents,missing_required_field:severity,
INC-03353,incidents,mixed_date_format:incident_date,used format %Y-%m-%dT%H:%M:%SZ: 2024-08-03T00:00:00Z
INC-03353,incidents,missing_required_field:severity,
INC-03356,incidents,dirty_label:incident_type,Equipment Failure -> Equip. Failure
INC-03356,incidents,mixed_date_format:incident_date,used format %Y-%m-%dT%H:%M:%SZ: 2023-09-18T00:00:00Z
INC-03357,incidents,missing_required_field:severity,
INC-03358,incidents,mixed_date_format:incident_date,used format %Y-%m-%dT%H:%M:%SZ: 2025-09-16T00:00:00Z
INC-03359,incidents,missing_required_field:severity,
INC-03360,incidents,mixed_date_format:incident_date,used format %d-%b-%Y: 19-Mar-2026
INC-03361,incidents,invalid_coordinates,"coordinates (0,0)"
INC-03361,incidents,dirty_label:incident_type,Near Miss -> near-miss
INC-03363,incidents,dirty_label:severity,Medium -> medium
INC-03365,incidents,dirty_label:incident_type,Leak -> Oil Leak
INC-03365,incidents,missing_required_field:severity,
INC-03368,incidents,missing_required_field:incident_type,
INC-03369,incidents,mixed_date_format:incident_date,used format %m/%d/%Y: 11/18/2023
INC-03370,incidents,dirty_label:severity,Medium -> MEDIUM
INC-03371,incidents,dirty_label:severity,Critical -> crit
INC-03376,incidents,dirty_label:severity,Critical -> critical
INC-03377,incidents,dirty_label:incident_type,Equipment Failure -> equipment failure
INC-03378,incidents,missing_required_field:incident_type,
INC-03379,incidents,mixed_date_format:incident_date,used format %Y-%m-%dT%H:%M:%SZ: 2024-10-28T00:00:00Z
INC-03379,incidents,future_date:incident_date,2026-08-30
INC-03382,incidents,mixed_date_format:incident_date,used format %d/%m/%Y: 04/06/2024
INC-03386,incidents,mixed_date_format:incident_date,used format %m/%d/%Y: 06/05/2026
INC-03386,incidents,out_of_range:compliance_score,-0.5
INC-03387,incidents,mixed_date_format:incident_date,used format %d/%m/%Y: 13/11/2024
INC-03389,incidents,dirty_label:severity,Medium -> MEDIUM
INC-03390,incidents,mixed_date_format:incident_date,used format %Y-%m-%dT%H:%M:%SZ: 2026-01-07T00:00:00Z
INC-03391,incidents,mixed_date_format:incident_date,used format %m/%d/%Y: 07/14/2025
INC-03395,incidents,mixed_date_format:incident_date,used format %Y-%m-%dT%H:%M:%SZ: 2026-04-26T00:00:00Z
INC-03399,incidents,missing_required_field:incident_type,
INC-03401,incidents,mixed_date_format:incident_date,used format %d-%b-%Y: 22-Dec-2024
INC-03401,incidents,out_of_range:compliance_score,-12.3
INC-03402,incidents,mixed_date_format:incident_date,used format %d/%m/%Y: 06/11/2023
INC-03403,incidents,future_date:incident_date,2026-08-31
INC-03405,incidents,mixed_date_format:incident_date,used format %Y-%m-%dT%H:%M:%SZ: 2024-12-12T00:00:00Z
INC-03405,incidents,missing_required_field:severity,
INC-03405,incidents,missing_required_field:incident_type,
INC-03412,incidents,mixed_date_format:incident_date,used format %m/%d/%Y: 10/14/2025
INC-03413,incidents,mixed_date_format:incident_date,used format %d-%b-%Y: 25-Mar-2024
INC-03414,incidents,mixed_date_format:incident_date,used format %Y-%m-%dT%H:%M:%SZ: 2024-02-17T00:00:00Z
INC-03418,incidents,dirty_label:severity,Medium -> MEDIUM
INC-03418,incidents,mixed_date_format:incident_date,used format %d-%b-%Y: 09-Nov-2025
INC-03419,incidents,dirty_label:severity,High -> Hi
INC-03421,incidents,mixed_date_format:incident_date,used format %d-%b-%Y: 21-Dec-2023
INC-03424,incidents,dirty_label:incident_type,Near Miss -> NEAR MISS
INC-03425,incidents,mixed_date_format:incident_date,used format %d-%b-%Y: 13-Jul-2024
INC-03427,incidents,dirty_label:incident_type,Fire ->  fire
INC-03427,incidents,mixed_date_format:incident_date,used format %d/%m/%Y: 05/04/2026
INC-03428,incidents,missing_required_field:severity,
INC-03429,incidents,future_date:incident_date,2026-10-03
INC-03434,incidents,mixed_date_format:incident_date,used format %Y-%m-%dT%H:%M:%SZ: 2024-05-12T00:00:00Z
INC-03435,incidents,missing_required_field:incident_type,
INC-03438,incidents,dirty_label:incident_type,Equipment Failure -> EQUIPMENT FAILURE
INC-03438,incidents,mixed_date_format:incident_date,used format %Y-%m-%dT%H:%M:%SZ: 2023-11-21T00:00:00Z
INC-03439,incidents,mixed_date_format:incident_date,used format %d-%b-%Y: 02-Aug-2024
INC-03440,incidents,mixed_date_format:incident_date,used format %m/%d/%Y: 06/27/2026
INC-03443,incidents,dirty_label:incident_type,Spill -> spill
INC-03443,incidents,mixed_date_format:incident_date,used format %d/%m/%Y: 25/02/2024
INC-03446,incidents,mixed_date_format:incident_date,used format %m/%d/%Y: 12/22/2024
INC-03450,incidents,mixed_date_format:incident_date,used format %d-%b-%Y: 23-Feb-2026
INC-03451,incidents,mixed_date_format:incident_date,used format %Y-%m-%dT%H:%M:%SZ: 2024-04-30T00:00:00Z
INC-03453,incidents,dirty_label:severity,Low -> low
INC-03453,incidents,missing_required_field:severity,
INC-03454,incidents,mixed_date_format:incident_date,used format %d-%b-%Y: 14-Dec-2024
INC-03456,incidents,dirty_label:incident_type,Equipment Failure -> EQUIPMENT FAILURE
INC-03457,incidents,mixed_date_format:incident_date,used format %d-%b-%Y: 20-Aug-2023
INC-03459,incidents,dirty_label:incident_type,Leak -> leak
INC-03464,incidents,dirty_label:severity,High -> Hi
INC-03464,incidents,mixed_date_format:incident_date,used format %m/%d/%Y: 06/06/2024
INC-03465,incidents,mixed_date_format:incident_date,used format %m/%d/%Y: 10/14/2024
INC-03468,incidents,dirty_label:severity,Critical -> critical
INC-03469,incidents,mixed_date_format:incident_date,used format %d-%b-%Y: 30-Dec-2023
INC-03474,incidents,dirty_label:severity,High ->  High
INC-03476,incidents,missing_required_field:severity,
INC-03479,incidents,dirty_label:incident_type,Leak -> LEAK
INC-03479,incidents,mixed_date_format:incident_date,used format %Y-%m-%dT%H:%M:%SZ: 2024-06-13T00:00:00Z
INC-03480,incidents,dirty_label:severity,Low ->  Low
INC-03481,incidents,dirty_label:incident_type,Spill ->  spill 
INC-03484,incidents,dirty_label:severity,Low -> low
INC-03488,incidents,dirty_label:incident_type,Near Miss -> Near  Miss
INC-03488,incidents,mixed_date_format:incident_date,used format %m/%d/%Y: 08/06/2025
INC-03489,incidents,invalid_coordinates,"coordinates (0,0)"
INC-03489,incidents,mixed_date_format:incident_date,used format %Y-%m-%dT%H:%M:%SZ: 2023-08-03T00:00:00Z
INC-03490,incidents,mixed_date_format:incident_date,used format %Y-%m-%dT%H:%M:%SZ: 2025-12-19T00:00:00Z
INC-03491,incidents,dirty_label:severity,Low -> Lo
INC-03491,incidents,dirty_label:incident_type,Near Miss -> near-miss
INC-03498,incidents,dirty_label:severity,Low ->  Low
INC-03500,incidents,mixed_date_format:incident_date,used format %d-%b-%Y: 22-Mar-2026
INC-03504,incidents,mixed_date_format:incident_date,used format %d-%b-%Y: 12-Apr-2026
INC-03505,incidents,missing_required_field:severity,
INC-03507,incidents,mixed_date_format:incident_date,used format %Y-%m-%dT%H:%M:%SZ: 2025-08-22T00:00:00Z
INC-03510,incidents,dirty_label:incident_type,Equipment Failure -> equipment failure
INC-03511,incidents,dirty_label:severity,High -> Hi
INC-03512,incidents,dirty_label:severity,High -> Hi
INC-03515,incidents,mixed_date_format:incident_date,used format %d/%m/%Y: 19/11/2023
INC-03519,incidents,dirty_label:severity,Medium -> Med
INC-03520,incidents,mixed_date_format:incident_date,used format %d-%b-%Y: 21-Sep-2023
INC-03521,incidents,mixed_date_format:incident_date,used format %d/%m/%Y: 11/11/2025
INC-03523,incidents,missing_required_field:severity,
INC-03528,incidents,dirty_label:incident_type,Near Miss -> near miss
INC-03532,incidents,missing_required_field:incident_type,
INC-03537,incidents,mixed_date_format:incident_date,used format %d-%b-%Y: 27-Apr-2026
INC-03539,incidents,dirty_label:severity,High -> high
INC-03541,incidents,missing_required_field:severity,
INC-03544,incidents,mixed_date_format:incident_date,used format %Y-%m-%dT%H:%M:%SZ: 2024-05-28T00:00:00Z
INC-03544,incidents,out_of_range:compliance_score,-5.0
INC-03545,incidents,dirty_label:severity,High -> Hi
INC-03545,incidents,mixed_date_format:incident_date,used format %d/%m/%Y: 30/06/2025
INC-03551,incidents,dirty_label:severity,Low ->  Low
INC-03552,incidents,dirty_label:incident_type,Spill ->  spill 
INC-03552,incidents,mixed_date_format:incident_date,used format %m/%d/%Y: 04/29/2025
INC-03556,incidents,dirty_label:severity,High ->  High
INC-03556,incidents,mixed_date_format:incident_date,used format %m/%d/%Y: 09/30/2024
INC-03557,incidents,mixed_date_format:incident_date,used format %Y-%m-%dT%H:%M:%SZ: 2026-01-25T00:00:00Z
INC-03559,incidents,dirty_label:severity,Critical -> CRITICAL
INC-03561,incidents,dirty_label:incident_type,Spill -> SPILL
INC-03561,incidents,mixed_date_format:incident_date,used format %d/%m/%Y: 18/05/2024
INC-03566,incidents,dirty_label:severity,High -> HIGH
INC-03567,incidents,dirty_label:severity,High -> HIGH
INC-03569,incidents,dirty_label:severity,High ->  High
INC-03570,incidents,mixed_date_format:incident_date,used format %d/%m/%Y: 15/02/2024
INC-03570,incidents,missing_required_field:severity,
INC-03571,incidents,mixed_date_format:incident_date,used format %m/%d/%Y: 11/11/2024
INC-03573,incidents,dirty_label:severity,Low -> low
INC-03574,incidents,dirty_label:severity,High -> HIGH
INC-03577,incidents,dirty_label:severity,High -> HIGH
INC-03578,incidents,dirty_label:severity,Medium -> Medium 
INC-03578,incidents,dirty_label:incident_type,Leak -> Oil Leak
INC-03578,incidents,missing_required_field:incident_type,
INC-03579,incidents,mixed_date_format:incident_date,used format %d/%m/%Y: 09/11/2024
INC-03580,incidents,dirty_label:severity,High -> high
INC-03581,incidents,mixed_date_format:incident_date,used format %Y-%m-%dT%H:%M:%SZ: 2024-07-01T00:00:00Z
INC-03583,incidents,mixed_date_format:incident_date,used format %d-%b-%Y: 18-Jun-2026
INC-03587,incidents,mixed_date_format:incident_date,used format %Y-%m-%dT%H:%M:%SZ: 2023-12-02T00:00:00Z
INC-03590,incidents,dirty_label:incident_type,Near Miss -> NEAR MISS
INC-03590,incidents,missing_required_field:severity,
INC-03591,incidents,future_date:incident_date,2026-08-27
INC-03593,incidents,mixed_date_format:incident_date,used format %m/%d/%Y: 02/14/2024
INC-03594,incidents,mixed_date_format:incident_date,used format %d-%b-%Y: 01-Apr-2024
INC-03596,incidents,dirty_label:severity,Medium -> Med
INC-03600,incidents,mixed_date_format:incident_date,used format %Y-%m-%dT%H:%M:%SZ: 2024-04-20T00:00:00Z
INC-03601,incidents,missing_required_field:incident_type,
INC-03601,incidents,future_date:incident_date,2026-08-08
INC-03603,incidents,missing_required_field:incident_type,
INC-03605,incidents,mixed_date_format:incident_date,used format %d/%m/%Y: 26/08/2025
INC-03606,incidents,dirty_label:severity,High -> high
INC-03616,incidents,dirty_label:severity,High -> high
INC-03616,incidents,mixed_date_format:incident_date,used format %Y-%m-%dT%H:%M:%SZ: 2026-01-30T00:00:00Z
INC-03625,incidents,missing_required_field:severity,
INC-03626,incidents,mixed_date_format:incident_date,used format %m/%d/%Y: 02/25/2025
INC-03627,incidents,mixed_date_format:incident_date,used format %Y-%m-%dT%H:%M:%SZ: 2024-05-03T00:00:00Z
INC-03627,incidents,missing_required_field:severity,
INC-03631,incidents,dirty_label:severity,High ->  High
INC-03635,incidents,mixed_date_format:incident_date,used format %m/%d/%Y: 04/19/2025
INC-03636,incidents,mixed_date_format:incident_date,used format %Y-%m-%dT%H:%M:%SZ: 2024-05-21T00:00:00Z
INC-03637,incidents,dirty_label:severity,High -> HIGH
INC-03638,incidents,mixed_date_format:incident_date,used format %d/%m/%Y: 30/07/2023
INC-03641,incidents,dirty_label:severity,Medium -> Med
INC-03642,incidents,missing_required_field:severity,
INC-03644,incidents,missing_required_field:severity,
INC-03646,incidents,out_of_range:compliance_score,104.0
INC-03650,incidents,dirty_label:severity,Medium -> Medium 
INC-03652,incidents,mixed_date_format:incident_date,used format %Y-%m-%dT%H:%M:%SZ: 2025-06-14T00:00:00Z
INC-03652,incidents,future_date:incident_date,2026-09-07
INC-03653,incidents,dirty_label:severity,Medium -> medium
INC-03655,incidents,mixed_date_format:incident_date,used format %Y-%m-%dT%H:%M:%SZ: 2024-09-24T00:00:00Z
INC-03657,incidents,missing_required_field:incident_type,
INC-03658,incidents,mixed_date_format:incident_date,used format %m/%d/%Y: 01/02/2025
INC-03663,incidents,dirty_label:severity,High -> Hi
INC-03664,incidents,invalid_coordinates,longitude=250.524302 outside valid range
INC-03667,incidents,dirty_label:severity,High -> HIGH
INC-03667,incidents,mixed_date_format:incident_date,used format %m/%d/%Y: 01/19/2024
INC-03669,incidents,mixed_date_format:incident_date,used format %m/%d/%Y: 02/19/2026
INC-03673,incidents,mixed_date_format:incident_date,used format %d-%b-%Y: 10-Mar-2026
INC-03682,incidents,mixed_date_format:incident_date,used format %m/%d/%Y: 12/13/2024
INC-03684,incidents,dirty_label:severity,Medium -> Medium 
INC-03685,incidents,mixed_date_format:incident_date,used format %m/%d/%Y: 10/03/2025
INC-03685,incidents,future_date:incident_date,2026-10-02
INC-03686,incidents,dirty_label:severity,High -> HIGH
INC-03686,incidents,mixed_date_format:incident_date,used format %d-%b-%Y: 17-Nov-2025
INC-03690,incidents,missing_required_field:severity,
INC-03693,incidents,dirty_label:severity,High -> HIGH
INC-03693,incidents,dirty_label:incident_type,Equipment Failure -> Equip. Failure
INC-03694,incidents,missing_required_field:severity,
INC-03695,incidents,dirty_label:severity,High -> HIGH
INC-03699,incidents,mixed_date_format:incident_date,used format %d-%b-%Y: 23-Jan-2025
INC-03701,incidents,mixed_date_format:incident_date,used format %Y-%m-%dT%H:%M:%SZ: 2023-12-27T00:00:00Z
INC-03703,incidents,missing_required_field:incident_type,
INC-03704,incidents,dirty_label:severity,Critical -> critical
INC-03706,incidents,dirty_label:incident_type,Leak -> leak 
INC-03707,incidents,mixed_date_format:incident_date,used format %Y-%m-%dT%H:%M:%SZ: 2024-05-22T00:00:00Z
INC-03709,incidents,dirty_label:severity,High -> Hi
INC-03712,incidents,dirty_label:severity,Low ->  Low
INC-03714,incidents,dirty_label:severity,Low -> low 
INC-03718,incidents,out_of_range:compliance_score,-0.5
INC-03719,incidents,missing_required_field:severity,
INC-03721,incidents,dirty_label:incident_type,Leak -> leak 
INC-03721,incidents,mixed_date_format:incident_date,used format %d/%m/%Y: 08/08/2023
INC-03721,incidents,missing_required_field:severity,
INC-03721,incidents,future_date:incident_date,2026-08-19
INC-03722,incidents,dirty_label:incident_type,Equipment Failure -> EQUIPMENT FAILURE
INC-03727,incidents,mixed_date_format:incident_date,used format %Y-%m-%dT%H:%M:%SZ: 2025-08-01T00:00:00Z
INC-03727,incidents,missing_required_field:incident_type,
INC-03728,incidents,mixed_date_format:incident_date,used format %d/%m/%Y: 07/02/2024
INC-03730,incidents,mixed_date_format:incident_date,used format %m/%d/%Y: 07/21/2024
INC-03731,incidents,mixed_date_format:incident_date,used format %d/%m/%Y: 14/05/2025
INC-03732,incidents,dirty_label:incident_type,Fire -> fire
INC-03733,incidents,dirty_label:incident_type,Near Miss -> Near  Miss
INC-03735,incidents,dirty_label:severity,Low -> low 
INC-03741,incidents,dirty_label:incident_type,Near Miss -> near-miss
INC-03742,incidents,missing_required_field:severity,
INC-03743,incidents,mixed_date_format:incident_date,used format %d-%b-%Y: 14-Nov-2024
INC-03748,incidents,dirty_label:severity,Medium -> medium
INC-03751,incidents,dirty_label:severity,Critical ->  Critical
INC-03753,incidents,dirty_label:severity,Medium -> MEDIUM
INC-03760,incidents,mixed_date_format:incident_date,used format %m/%d/%Y: 01/21/2025
INC-03761,incidents,mixed_date_format:incident_date,used format %d-%b-%Y: 07-Apr-2024
INC-03762,incidents,mixed_date_format:incident_date,used format %m/%d/%Y: 10/07/2025
INC-03763,incidents,dirty_label:incident_type,Equipment Failure -> EQUIPMENT FAILURE
INC-03763,incidents,missing_required_field:severity,
INC-03764,incidents,mixed_date_format:incident_date,used format %m/%d/%Y: 09/20/2025
INC-03766,incidents,dirty_label:incident_type,Equipment Failure -> Equip. Failure
INC-03769,incidents,mixed_date_format:incident_date,used format %Y-%m-%dT%H:%M:%SZ: 2025-04-10T00:00:00Z
INC-03771,incidents,dirty_label:severity,Medium ->  medium
INC-03773,incidents,dirty_label:severity,Medium ->  medium
INC-03775,incidents,dirty_label:severity,High -> Hi
INC-03775,incidents,mixed_date_format:incident_date,used format %m/%d/%Y: 11/03/2025
INC-03778,incidents,mixed_date_format:incident_date,used format %Y-%m-%dT%H:%M:%SZ: 2023-10-10T00:00:00Z
INC-03779,incidents,dirty_label:severity,Low -> LOW
INC-03781,incidents,invalid_coordinates,longitude=259.344738 outside valid range
INC-03781,incidents,mixed_date_format:incident_date,used format %m/%d/%Y: 09/02/2023
INC-03782,incidents,missing_required_field:severity,
INC-03783,incidents,dirty_label:incident_type,Near Miss -> near miss
INC-03783,incidents,mixed_date_format:incident_date,used format %m/%d/%Y: 12/25/2025
INC-03784,incidents,dirty_label:incident_type,Leak -> leak 
INC-03785,incidents,missing_required_field:incident_type,
INC-03785,incidents,out_of_range:compliance_score,150.0
INC-03786,incidents,mixed_date_format:incident_date,used format %d-%b-%Y: 04-Nov-2024
INC-03788,incidents,missing_required_field:severity,
INC-03791,incidents,mixed_date_format:incident_date,used format %Y-%m-%dT%H:%M:%SZ: 2025-11-12T00:00:00Z
INC-03792,incidents,mixed_date_format:incident_date,used format %Y-%m-%dT%H:%M:%SZ: 2026-05-30T00:00:00Z
INC-03795,incidents,mixed_date_format:incident_date,used format %d/%m/%Y: 12/01/2025
INC-03799,incidents,dirty_label:incident_type,Fire -> Fire 
INC-03800,incidents,dirty_label:severity,Low -> LOW
INC-03800,incidents,mixed_date_format:incident_date,used format %Y-%m-%dT%H:%M:%SZ: 2025-10-22T00:00:00Z
INC-03803,incidents,mixed_date_format:incident_date,used format %Y-%m-%dT%H:%M:%SZ: 2023-10-18T00:00:00Z
INC-03803,incidents,missing_required_field:severity,
INC-03804,incidents,missing_required_field:incident_type,
INC-03805,incidents,dirty_label:severity,Critical -> CRITICAL
INC-03805,incidents,mixed_date_format:incident_date,used format %d/%m/%Y: 09/06/2025
INC-03809,incidents,mixed_date_format:incident_date,used format %d/%m/%Y: 10/12/2025
INC-03810,incidents,mixed_date_format:incident_date,used format %d/%m/%Y: 24/01/2026
INC-03812,incidents,missing_required_field:incident_type,
INC-03814,incidents,missing_required_field:severity,
INC-03818,incidents,dirty_label:severity,High -> high
INC-03818,incidents,missing_required_field:severity,
INC-03822,incidents,future_date:incident_date,2026-08-29
INC-03827,incidents,mixed_date_format:incident_date,used format %d/%m/%Y: 19/06/2025
INC-03828,incidents,dirty_label:incident_type,Spill -> spill
INC-03834,incidents,missing_required_field:severity,
INC-03838,incidents,missing_required_field:severity,
INC-03839,incidents,mixed_date_format:incident_date,used format %Y-%m-%dT%H:%M:%SZ: 2026-03-17T00:00:00Z
INC-03842,incidents,dirty_label:severity,Low -> LOW
INC-03842,incidents,dirty_label:incident_type,Leak -> LEAK
INC-03843,incidents,dirty_label:incident_type,Spill -> Spill 
INC-03843,incidents,mixed_date_format:incident_date,used format %d/%m/%Y: 27/12/2023
INC-03844,incidents,missing_required_field:severity,
INC-03850,incidents,dirty_label:severity,Medium -> MEDIUM
INC-03855,incidents,missing_required_field:severity,
INC-03861,incidents,mixed_date_format:incident_date,used format %d-%b-%Y: 24-Dec-2025
INC-03863,incidents,dirty_label:incident_type,Leak -> Oil Leak
INC-03864,incidents,dirty_label:severity,Medium -> MEDIUM
INC-03867,incidents,mixed_date_format:incident_date,used format %Y-%m-%dT%H:%M:%SZ: 2025-09-27T00:00:00Z
INC-03868,incidents,dirty_label:severity,High -> high
INC-03868,incidents,missing_required_field:severity,
INC-03872,incidents,mixed_date_format:incident_date,used format %d-%b-%Y: 02-Jan-2026
INC-03874,incidents,dirty_label:severity,Low -> low 
INC-03876,incidents,missing_required_field:incident_type,
INC-03877,incidents,mixed_date_format:incident_date,used format %m/%d/%Y: 09/19/2024
INC-03881,incidents,mixed_date_format:incident_date,used format %Y-%m-%dT%H:%M:%SZ: 2025-11-06T00:00:00Z
INC-03884,incidents,dirty_label:incident_type,Spill ->  spill 
INC-03886,incidents,dirty_label:severity,Critical -> CRITICAL
INC-03888,incidents,future_date:incident_date,2026-09-20
INC-03888,incidents,out_of_range:compliance_score,150.0
INC-03890,incidents,mixed_date_format:incident_date,used format %d/%m/%Y: 26/03/2024
INC-03891,incidents,dirty_label:severity,Critical -> critical
INC-03893,incidents,dirty_label:severity,Medium -> medium
INC-03894,incidents,dirty_label:severity,High -> high
INC-03896,incidents,missing_required_field:severity,
INC-03899,incidents,mixed_date_format:incident_date,used format %d-%b-%Y: 14-Apr-2024
INC-03900,incidents,mixed_date_format:incident_date,used format %Y-%m-%dT%H:%M:%SZ: 2023-12-09T00:00:00Z
INC-03905,incidents,invalid_coordinates,latitude=114.153701 > 90
INC-03905,incidents,missing_required_field:severity,
INC-03906,incidents,dirty_label:incident_type,Leak -> LEAK
INC-03908,incidents,out_of_range:compliance_score,-5.0
INC-03909,incidents,mixed_date_format:incident_date,used format %Y-%m-%dT%H:%M:%SZ: 2023-12-24T00:00:00Z
INC-03910,incidents,dirty_label:incident_type,Equipment Failure -> Equipment  Failure
INC-03913,incidents,out_of_range:compliance_score,104.0
INC-03914,incidents,future_date:incident_date,2026-09-19
INC-03915,incidents,dirty_label:incident_type,Equipment Failure -> Equipment  Failure
INC-03917,incidents,dirty_label:severity,Critical ->  Critical
INC-03918,incidents,missing_required_field:incident_type,
INC-03920,incidents,mixed_date_format:incident_date,used format %m/%d/%Y: 11/11/2024
INC-03921,incidents,dirty_label:incident_type,Equipment Failure -> Equipment  Failure
INC-03921,incidents,out_of_range:compliance_score,115.7
INC-03923,incidents,mixed_date_format:incident_date,used format %d-%b-%Y: 02-Mar-2026
INC-03924,incidents,mixed_date_format:incident_date,used format %d/%m/%Y: 27/11/2025
INC-03925,incidents,missing_required_field:incident_type,
INC-03930,incidents,dirty_label:incident_type,Equipment Failure -> EQUIPMENT FAILURE
INC-03930,incidents,mixed_date_format:incident_date,used format %d/%m/%Y: 19/08/2025
INC-03932,incidents,dirty_label:incident_type,Near Miss -> NEAR MISS
INC-03935,incidents,dirty_label:incident_type,Near Miss -> NEAR MISS
INC-03941,incidents,mixed_date_format:incident_date,used format %Y-%m-%dT%H:%M:%SZ: 2024-09-20T00:00:00Z
INC-03943,incidents,out_of_range:compliance_score,150.0
INC-03945,incidents,dirty_label:severity,Critical -> critical
INC-03946,incidents,dirty_label:severity,Medium -> Medium 
INC-03946,incidents,dirty_label:incident_type,Leak -> leak 
INC-03948,incidents,dirty_label:severity,Critical ->  Critical
INC-03948,incidents,missing_required_field:severity,
INC-03950,incidents,dirty_label:severity,High -> HIGH
INC-03950,incidents,dirty_label:incident_type,Spill -> SPILL
INC-03955,incidents,dirty_label:incident_type,Fire -> FIRE
INC-03965,incidents,mixed_date_format:incident_date,used format %Y-%m-%dT%H:%M:%SZ: 2025-04-29T00:00:00Z
INC-03966,incidents,dirty_label:severity,High -> high
INC-03967,incidents,dirty_label:severity,Critical -> Crit
INC-03968,incidents,mixed_date_format:incident_date,used format %d-%b-%Y: 28-Nov-2025
INC-03970,incidents,dirty_label:severity,Medium -> MEDIUM
INC-03974,incidents,missing_required_field:incident_type,
INC-03975,incidents,mixed_date_format:incident_date,used format %d/%m/%Y: 10/04/2026
INC-03980,incidents,mixed_date_format:incident_date,used format %d/%m/%Y: 22/01/2026
INC-03982,incidents,mixed_date_format:incident_date,used format %d-%b-%Y: 01-Oct-2024
INC-03984,incidents,out_of_range:compliance_score,104.0
INC-03985,incidents,mixed_date_format:incident_date,used format %Y-%m-%dT%H:%M:%SZ: 2024-04-16T00:00:00Z
INC-03988,incidents,future_date:incident_date,2026-10-07
INC-03994,incidents,dirty_label:incident_type,Near Miss -> near miss
INC-03995,incidents,dirty_label:incident_type,Spill -> Spill 
INC-03997,incidents,dirty_label:incident_type,Near Miss -> near miss
INC-04002,incidents,mixed_date_format:incident_date,used format %Y-%m-%dT%H:%M:%SZ: 2023-09-28T00:00:00Z
INC-04003,incidents,mixed_date_format:incident_date,used format %d/%m/%Y: 21/06/2025
INC-04004,incidents,dirty_label:incident_type,Equipment Failure -> EQUIPMENT FAILURE
INC-04005,incidents,dirty_label:severity,High -> Hi
INC-04008,incidents,dirty_label:severity,High -> HIGH
INC-04008,incidents,dirty_label:incident_type,Leak -> LEAK
INC-04010,incidents,mixed_date_format:incident_date,used format %m/%d/%Y: 03/21/2026
INC-04011,incidents,dirty_label:severity,High -> HIGH
INC-04011,incidents,missing_required_field:incident_type,
INC-04014,incidents,mixed_date_format:incident_date,used format %d/%m/%Y: 19/09/2023
INC-04014,incidents,out_of_range:compliance_score,104.0
INC-04016,incidents,mixed_date_format:incident_date,used format %d-%b-%Y: 17-Jun-2026
INC-04017,incidents,missing_required_field:incident_type,
INC-04020,incidents,dirty_label:severity,High -> Hi
INC-04021,incidents,mixed_date_format:incident_date,used format %Y-%m-%dT%H:%M:%SZ: 2023-08-18T00:00:00Z
INC-04022,incidents,dirty_label:severity,High -> HIGH
INC-04022,incidents,dirty_label:incident_type,Spill -> spill
INC-04025,incidents,dirty_label:severity,Low -> LOW
INC-04026,incidents,mixed_date_format:incident_date,used format %d-%b-%Y: 28-Jun-2025
INC-04027,incidents,dirty_label:severity,Medium -> medium
INC-04029,incidents,mixed_date_format:incident_date,used format %d-%b-%Y: 24-Oct-2023
INC-04031,incidents,mixed_date_format:incident_date,used format %d-%b-%Y: 07-Jan-2026
INC-04040,incidents,missing_required_field:incident_type,
INC-04041,incidents,dirty_label:incident_type,Near Miss -> NEAR MISS
INC-04045,incidents,mixed_date_format:incident_date,used format %d-%b-%Y: 18-Feb-2025
INC-04046,incidents,mixed_date_format:incident_date,used format %Y-%m-%dT%H:%M:%SZ: 2026-07-15T00:00:00Z
INC-04048,incidents,dirty_label:incident_type,Fire -> Fire 
INC-04050,incidents,dirty_label:incident_type,Spill -> SPILL
INC-04055,incidents,dirty_label:severity,High -> high
INC-04057,incidents,missing_required_field:severity,
INC-04057,incidents,future_date:incident_date,2026-08-05
INC-04060,incidents,dirty_label:severity,Low ->  Low
INC-04060,incidents,mixed_date_format:incident_date,used format %d-%b-%Y: 14-Jun-2025
INC-04061,incidents,dirty_label:severity,High -> HIGH
INC-04061,incidents,missing_required_field:severity,
INC-04063,incidents,missing_required_field:incident_type,
INC-04065,incidents,dirty_label:incident_type,Spill -> spill
INC-04066,incidents,mixed_date_format:incident_date,used format %m/%d/%Y: 11/30/2024
INC-04067,incidents,future_date:incident_date,2026-09-24
INC-04068,incidents,mixed_date_format:incident_date,used format %Y-%m-%dT%H:%M:%SZ: 2024-08-05T00:00:00Z
INC-04070,incidents,dirty_label:incident_type,Near Miss -> NEAR MISS
INC-04077,incidents,dirty_label:incident_type,Equipment Failure -> Equipment  Failure
INC-04077,incidents,mixed_date_format:incident_date,used format %Y-%m-%dT%H:%M:%SZ: 2025-09-27T00:00:00Z
INC-04080,incidents,dirty_label:severity,Critical -> critical
INC-04081,incidents,mixed_date_format:incident_date,used format %m/%d/%Y: 04/05/2024
INC-04083,incidents,dirty_label:severity,Medium -> Medium 
INC-04084,incidents,missing_required_field:incident_type,
INC-04086,incidents,dirty_label:severity,Low -> LOW
INC-04088,incidents,dirty_label:severity,Medium ->  medium
INC-04089,incidents,missing_required_field:severity,
INC-04090,incidents,mixed_date_format:incident_date,used format %d-%b-%Y: 18-Nov-2023
INC-04091,incidents,missing_required_field:severity,
INC-04091,incidents,missing_required_field:incident_type,
INC-04091,incidents,out_of_range:compliance_score,104.0
INC-04093,incidents,future_date:incident_date,2026-07-30
INC-04094,incidents,dirty_label:incident_type,Leak -> LEAK
INC-04095,incidents,dirty_label:severity,Low -> low
INC-04095,incidents,mixed_date_format:incident_date,used format %Y-%m-%dT%H:%M:%SZ: 2024-11-19T00:00:00Z
INC-04098,incidents,mixed_date_format:incident_date,used format %Y-%m-%dT%H:%M:%SZ: 2026-03-23T00:00:00Z
INC-04099,incidents,mixed_date_format:incident_date,used format %m/%d/%Y: 05/27/2025
INC-04101,incidents,dirty_label:incident_type,Spill -> spill
INC-04102,incidents,dirty_label:incident_type,Equipment Failure -> Equip. Failure
INC-04106,incidents,mixed_date_format:incident_date,used format %d-%b-%Y: 26-Oct-2023
INC-04109,incidents,mixed_date_format:incident_date,used format %d/%m/%Y: 19/08/2025
INC-04110,incidents,dirty_label:severity,High ->  High
INC-04110,incidents,mixed_date_format:incident_date,used format %d/%m/%Y: 08/07/2026
INC-04113,incidents,mixed_date_format:incident_date,used format %Y-%m-%dT%H:%M:%SZ: 2024-05-15T00:00:00Z
INC-04115,incidents,dirty_label:severity,Critical -> critical
INC-04117,incidents,mixed_date_format:incident_date,used format %Y-%m-%dT%H:%M:%SZ: 2024-08-02T00:00:00Z
INC-04121,incidents,dirty_label:incident_type,Equipment Failure -> EQUIPMENT FAILURE
INC-04121,incidents,missing_required_field:incident_type,
INC-04122,incidents,mixed_date_format:incident_date,used format %Y-%m-%dT%H:%M:%SZ: 2025-08-04T00:00:00Z
INC-04124,incidents,dirty_label:incident_type,Near Miss -> Near  Miss
INC-04125,incidents,dirty_label:incident_type,Equipment Failure -> EQUIPMENT FAILURE
INC-04129,incidents,mixed_date_format:incident_date,used format %d/%m/%Y: 13/11/2023
INC-04130,incidents,mixed_date_format:incident_date,used format %Y-%m-%dT%H:%M:%SZ: 2023-12-20T00:00:00Z
INC-04131,incidents,dirty_label:severity,High -> Hi
INC-04132,incidents,mixed_date_format:incident_date,used format %d/%m/%Y: 13/01/2024
INC-04133,incidents,mixed_date_format:incident_date,used format %d/%m/%Y: 02/03/2024
INC-04137,incidents,dirty_label:incident_type,Spill -> Spill 
INC-04137,incidents,missing_required_field:incident_type,
INC-04138,incidents,dirty_label:incident_type,Near Miss -> near-miss
INC-04141,incidents,dirty_label:severity,Medium -> MEDIUM
INC-04141,incidents,missing_required_field:incident_type,
INC-04141,incidents,future_date:incident_date,2026-10-11
INC-04144,incidents,mixed_date_format:incident_date,used format %Y-%m-%dT%H:%M:%SZ: 2023-11-29T00:00:00Z
INC-04146,incidents,mixed_date_format:incident_date,used format %d/%m/%Y: 22/02/2024
INC-04147,incidents,dirty_label:incident_type,Equipment Failure -> EQUIPMENT FAILURE
INC-04147,incidents,mixed_date_format:incident_date,used format %d-%b-%Y: 20-Sep-2024
INC-04151,incidents,dirty_label:severity,Medium -> Medium 
INC-04151,incidents,mixed_date_format:incident_date,used format %Y-%m-%dT%H:%M:%SZ: 2023-09-21T00:00:00Z
INC-04157,incidents,mixed_date_format:incident_date,used format %d-%b-%Y: 21-May-2026
INC-04158,incidents,mixed_date_format:incident_date,used format %Y-%m-%dT%H:%M:%SZ: 2026-07-14T00:00:00Z
INC-04158,incidents,missing_required_field:severity,
INC-04162,incidents,missing_required_field:incident_type,
INC-04167,incidents,dirty_label:severity,Low -> LOW
INC-04169,incidents,mixed_date_format:incident_date,used format %d/%m/%Y: 09/10/2023
INC-04172,incidents,mixed_date_format:incident_date,used format %d-%b-%Y: 27-Nov-2024
INC-04178,incidents,dirty_label:severity,Low -> low 
INC-04181,incidents,missing_required_field:severity,
INC-04184,incidents,mixed_date_format:incident_date,used format %d/%m/%Y: 19/01/2024
INC-04185,incidents,dirty_label:severity,Medium -> Med
INC-04186,incidents,dirty_label:incident_type,Leak -> Oil Leak
INC-04189,incidents,missing_required_field:incident_type,
INC-04190,incidents,mixed_date_format:incident_date,used format %d/%m/%Y: 03/05/2025
INC-04194,incidents,dirty_label:severity,High -> Hi
INC-04194,incidents,missing_required_field:incident_type,
INC-04199,incidents,mixed_date_format:incident_date,used format %d-%b-%Y: 17-Dec-2024
INC-04206,incidents,mixed_date_format:incident_date,used format %m/%d/%Y: 04/05/2025
INC-04207,incidents,mixed_date_format:incident_date,used format %Y-%m-%dT%H:%M:%SZ: 2024-02-09T00:00:00Z
INC-04207,incidents,missing_required_field:severity,
INC-04210,incidents,future_date:incident_date,2026-08-18
INC-04215,incidents,dirty_label:incident_type,Fire ->  fire
INC-04218,incidents,mixed_date_format:incident_date,used format %m/%d/%Y: 10/11/2024
INC-04218,incidents,missing_required_field:severity,
INC-04219,incidents,mixed_date_format:incident_date,used format %d/%m/%Y: 25/09/2025
INC-04222,incidents,mixed_date_format:incident_date,used format %d/%m/%Y: 30/07/2025
INC-04225,incidents,dirty_label:severity,Low -> low 
INC-04227,incidents,mixed_date_format:incident_date,used format %d-%b-%Y: 01-Jun-2025
INC-04228,incidents,dirty_label:severity,Medium -> medium
INC-04228,incidents,mixed_date_format:incident_date,used format %d/%m/%Y: 16/10/2025
INC-04229,incidents,mixed_date_format:incident_date,used format %m/%d/%Y: 12/24/2024
INC-04231,incidents,mixed_date_format:incident_date,used format %m/%d/%Y: 10/20/2024
INC-04232,incidents,mixed_date_format:incident_date,used format %d/%m/%Y: 28/08/2025
INC-04234,incidents,mixed_date_format:incident_date,used format %Y-%m-%dT%H:%M:%SZ: 2026-06-07T00:00:00Z
INC-04234,incidents,missing_required_field:severity,
INC-04235,incidents,dirty_label:severity,Low -> Lo
INC-04237,incidents,missing_required_field:severity,
INC-04239,incidents,mixed_date_format:incident_date,used format %Y-%m-%dT%H:%M:%SZ: 2026-02-08T00:00:00Z
INC-04242,incidents,dirty_label:incident_type,Spill -> SPILL
INC-04242,incidents,future_date:incident_date,2026-10-14
INC-04245,incidents,dirty_label:incident_type,Near Miss -> near miss
INC-04245,incidents,mixed_date_format:incident_date,used format %d/%m/%Y: 16/03/2026
INC-04246,incidents,dirty_label:incident_type,Near Miss -> Near  Miss
INC-04248,incidents,mixed_date_format:incident_date,used format %d/%m/%Y: 28/10/2024
INC-04250,incidents,mixed_date_format:incident_date,used format %Y-%m-%dT%H:%M:%SZ: 2024-10-09T00:00:00Z
INC-04254,incidents,future_date:incident_date,2026-08-29
INC-04255,incidents,mixed_date_format:incident_date,used format %m/%d/%Y: 08/03/2023
INC-04257,incidents,mixed_date_format:incident_date,used format %d/%m/%Y: 19/02/2024
INC-04258,incidents,dirty_label:severity,Medium ->  medium
INC-04258,incidents,mixed_date_format:incident_date,used format %d/%m/%Y: 14/12/2023
INC-04260,incidents,mixed_date_format:incident_date,used format %m/%d/%Y: 04/16/2025
INC-04261,incidents,dirty_label:incident_type,Spill -> Spill 
INC-04261,incidents,mixed_date_format:incident_date,used format %d/%m/%Y: 16/02/2026
INC-04262,incidents,future_date:incident_date,2026-08-22
INC-04263,incidents,mixed_date_format:incident_date,used format %d-%b-%Y: 15-Feb-2024
INC-04263,incidents,missing_required_field:incident_type,
INC-04266,incidents,dirty_label:incident_type,Leak ->  Leak
INC-04269,incidents,mixed_date_format:incident_date,used format %m/%d/%Y: 04/17/2024
INC-04270,incidents,mixed_date_format:incident_date,used format %m/%d/%Y: 11/16/2024
INC-04271,incidents,dirty_label:incident_type,Near Miss -> NEAR MISS
INC-04272,incidents,mixed_date_format:incident_date,used format %d-%b-%Y: 10-Aug-2025
INC-04276,incidents,mixed_date_format:incident_date,used format %m/%d/%Y: 09/13/2024
INC-04280,incidents,mixed_date_format:incident_date,used format %Y-%m-%dT%H:%M:%SZ: 2025-07-24T00:00:00Z
INC-04281,incidents,mixed_date_format:incident_date,used format %d/%m/%Y: 23/09/2023
INC-04284,incidents,missing_required_field:severity,
INC-04285,incidents,invalid_coordinates,latitude=134.879913 > 90
INC-04285,incidents,missing_required_field:incident_type,
INC-04288,incidents,dirty_label:incident_type,Equipment Failure -> equipment failure
INC-04288,incidents,mixed_date_format:incident_date,used format %d/%m/%Y: 09/08/2025
INC-04292,incidents,mixed_date_format:incident_date,used format %d-%b-%Y: 02-Oct-2023
INC-04296,incidents,dirty_label:severity,Low -> low 
INC-04298,incidents,future_date:incident_date,2026-07-24
INC-04299,incidents,mixed_date_format:incident_date,used format %m/%d/%Y: 03/06/2025
INC-04304,incidents,dirty_label:incident_type,Near Miss -> Near  Miss
INC-04304,incidents,missing_required_field:severity,
INC-04306,incidents,mixed_date_format:incident_date,used format %m/%d/%Y: 01/11/2026
INC-04308,incidents,mixed_date_format:incident_date,used format %d-%b-%Y: 31-Oct-2024
INC-04312,incidents,dirty_label:severity,Critical -> Crit
INC-04312,incidents,mixed_date_format:incident_date,used format %Y-%m-%dT%H:%M:%SZ: 2025-10-21T00:00:00Z
INC-04313,incidents,missing_required_field:severity,
INC-04316,incidents,missing_required_field:severity,
INC-04317,incidents,mixed_date_format:incident_date,used format %m/%d/%Y: 08/12/2024
INC-04318,incidents,mixed_date_format:incident_date,used format %d/%m/%Y: 14/08/2025
INC-04321,incidents,mixed_date_format:incident_date,used format %d/%m/%Y: 04/10/2024
INC-04323,incidents,dirty_label:severity,Critical -> Crit
INC-04323,incidents,mixed_date_format:incident_date,used format %m/%d/%Y: 03/31/2025
INC-04325,incidents,dirty_label:severity,High -> Hi
INC-04326,incidents,mixed_date_format:incident_date,used format %d/%m/%Y: 04/09/2025
INC-04327,incidents,dirty_label:incident_type,Near Miss -> Near  Miss
INC-04329,incidents,dirty_label:incident_type,Leak -> leak
INC-04331,incidents,dirty_label:severity,Critical -> crit
INC-04333,incidents,mixed_date_format:incident_date,used format %Y-%m-%dT%H:%M:%SZ: 2025-08-02T00:00:00Z
INC-04335,incidents,mixed_date_format:incident_date,used format %d/%m/%Y: 17/11/2023
INC-04337,incidents,dirty_label:incident_type,Near Miss -> near-miss
INC-04337,incidents,mixed_date_format:incident_date,used format %d-%b-%Y: 16-Sep-2023
INC-04338,incidents,missing_required_field:severity,
INC-04339,incidents,out_of_range:compliance_score,-12.3
INC-04340,incidents,mixed_date_format:incident_date,used format %d/%m/%Y: 25/02/2025
INC-04343,incidents,dirty_label:severity,Medium ->  medium
INC-04347,incidents,out_of_range:compliance_score,-0.5
INC-04349,incidents,dirty_label:severity,Critical -> CRITICAL
INC-04349,incidents,mixed_date_format:incident_date,used format %d/%m/%Y: 28/01/2025
INC-04350,incidents,dirty_label:severity,High -> Hi
INC-04353,incidents,future_date:incident_date,2026-10-06
INC-04354,incidents,mixed_date_format:incident_date,used format %Y-%m-%dT%H:%M:%SZ: 2024-04-16T00:00:00Z
INC-04356,incidents,missing_required_field:severity,
INC-04357,incidents,missing_required_field:severity,
INC-04360,incidents,missing_required_field:incident_type,
INC-04361,incidents,dirty_label:severity,High -> high
INC-04365,incidents,mixed_date_format:incident_date,used format %d/%m/%Y: 23/11/2023
INC-04365,incidents,out_of_range:compliance_score,-12.3
INC-04367,incidents,mixed_date_format:incident_date,used format %d-%b-%Y: 04-Jun-2024
INC-04368,incidents,dirty_label:incident_type,Equipment Failure -> EQUIPMENT FAILURE
INC-04374,incidents,missing_required_field:severity,
INC-04376,incidents,missing_required_field:severity,
INC-04377,incidents,out_of_range:compliance_score,-0.5
INC-04378,incidents,mixed_date_format:incident_date,used format %Y-%m-%dT%H:%M:%SZ: 2025-06-17T00:00:00Z
INC-04379,incidents,mixed_date_format:incident_date,used format %d/%m/%Y: 03/03/2024
INC-04381,incidents,mixed_date_format:incident_date,used format %d/%m/%Y: 07/02/2026
INC-04382,incidents,mixed_date_format:incident_date,used format %Y-%m-%dT%H:%M:%SZ: 2023-12-22T00:00:00Z
INC-04383,incidents,missing_required_field:severity,
INC-04388,incidents,dirty_label:severity,High -> high
INC-04390,incidents,invalid_coordinates,longitude=228.881437 outside valid range
INC-04390,incidents,missing_required_field:severity,
INC-04392,incidents,dirty_label:incident_type,Spill -> spill
INC-04392,incidents,mixed_date_format:incident_date,used format %d/%m/%Y: 04/02/2024
INC-04398,incidents,dirty_label:severity,Critical -> crit
INC-04398,incidents,dirty_label:incident_type,Leak -> leak
INC-04398,incidents,mixed_date_format:incident_date,used format %d-%b-%Y: 19-Dec-2023
INC-04399,incidents,dirty_label:severity,Low ->  Low
INC-04400,incidents,out_of_range:compliance_score,115.7
INC-04402,incidents,mixed_date_format:incident_date,used format %d/%m/%Y: 06/10/2023
INC-04402,incidents,missing_required_field:severity,
INC-04404,incidents,dirty_label:severity,High -> Hi
INC-04407,incidents,mixed_date_format:incident_date,used format %d/%m/%Y: 15/02/2026
INC-04411,incidents,dirty_label:severity,High ->  High
INC-04414,incidents,mixed_date_format:incident_date,used format %Y-%m-%dT%H:%M:%SZ: 2023-09-02T00:00:00Z
INC-04415,incidents,mixed_date_format:incident_date,used format %d-%b-%Y: 27-Dec-2024
INC-04421,incidents,dirty_label:severity,Critical -> critical
INC-04421,incidents,mixed_date_format:incident_date,used format %Y-%m-%dT%H:%M:%SZ: 2024-12-27T00:00:00Z
INC-04422,incidents,mixed_date_format:incident_date,used format %Y-%m-%dT%H:%M:%SZ: 2023-09-18T00:00:00Z
INC-04422,incidents,missing_required_field:incident_type,
INC-04423,incidents,mixed_date_format:incident_date,used format %d/%m/%Y: 03/02/2026
INC-04424,incidents,mixed_date_format:incident_date,used format %m/%d/%Y: 12/22/2025
INC-04425,incidents,dirty_label:severity,Critical -> crit
INC-04426,incidents,mixed_date_format:incident_date,used format %m/%d/%Y: 08/28/2023
INC-04426,incidents,future_date:incident_date,2026-08-21
INC-04427,incidents,dirty_label:severity,High -> high
INC-04427,incidents,mixed_date_format:incident_date,used format %Y-%m-%dT%H:%M:%SZ: 2025-09-01T00:00:00Z
INC-04429,incidents,mixed_date_format:incident_date,used format %Y-%m-%dT%H:%M:%SZ: 2025-09-22T00:00:00Z
INC-04430,incidents,missing_required_field:severity,
INC-04435,incidents,mixed_date_format:incident_date,used format %Y-%m-%dT%H:%M:%SZ: 2026-06-15T00:00:00Z
INC-04437,incidents,mixed_date_format:incident_date,used format %Y-%m-%dT%H:%M:%SZ: 2023-09-02T00:00:00Z
INC-04438,incidents,dirty_label:severity,Low ->  Low
INC-04439,incidents,dirty_label:severity,High -> Hi
INC-04440,incidents,mixed_date_format:incident_date,used format %Y-%m-%dT%H:%M:%SZ: 2024-08-31T00:00:00Z
INC-04443,incidents,dirty_label:incident_type,Near Miss -> Near  Miss
INC-04443,incidents,mixed_date_format:incident_date,used format %d/%m/%Y: 13/01/2024
INC-04444,incidents,dirty_label:incident_type,Near Miss -> near-miss
INC-04444,incidents,mixed_date_format:incident_date,used format %m/%d/%Y: 01/06/2024
INC-04450,incidents,dirty_label:severity,Critical -> critical
INC-04452,incidents,mixed_date_format:incident_date,used format %d/%m/%Y: 27/03/2026
INC-04453,incidents,dirty_label:severity,High -> Hi
INC-04453,incidents,dirty_label:incident_type,Equipment Failure -> EQUIPMENT FAILURE
INC-04456,incidents,dirty_label:severity,Medium -> Med
INC-04457,incidents,dirty_label:incident_type,Equipment Failure -> equipment failure
INC-04461,incidents,dirty_label:incident_type,Near Miss -> near-miss
INC-04464,incidents,dirty_label:incident_type,Leak -> Oil Leak
INC-04467,incidents,missing_required_field:severity,
INC-04470,incidents,mixed_date_format:incident_date,used format %Y-%m-%dT%H:%M:%SZ: 2024-04-03T00:00:00Z
INC-04473,incidents,mixed_date_format:incident_date,used format %Y-%m-%dT%H:%M:%SZ: 2025-01-10T00:00:00Z
INC-04474,incidents,dirty_label:severity,Critical ->  Critical
INC-04474,incidents,mixed_date_format:incident_date,used format %m/%d/%Y: 10/29/2025
INC-04476,incidents,dirty_label:severity,Critical -> crit
INC-04477,incidents,dirty_label:incident_type,Equipment Failure -> Equip. Failure
INC-04478,incidents,dirty_label:incident_type,Near Miss -> Near  Miss
INC-04479,incidents,dirty_label:severity,Critical -> critical
INC-04481,incidents,dirty_label:severity,High ->  High
INC-04483,incidents,dirty_label:severity,High ->  High
INC-04483,incidents,mixed_date_format:incident_date,used format %d/%m/%Y: 21/11/2025
INC-04484,incidents,dirty_label:incident_type,Near Miss -> near miss
INC-04484,incidents,mixed_date_format:incident_date,used format %d-%b-%Y: 12-Aug-2023
INC-04485,incidents,dirty_label:incident_type,Spill -> spill
INC-04487,incidents,dirty_label:incident_type,Spill ->  spill 
INC-04489,incidents,dirty_label:severity,Medium -> Medium 
INC-04489,incidents,dirty_label:incident_type,Equipment Failure -> equipment failure
INC-04489,incidents,mixed_date_format:incident_date,used format %d/%m/%Y: 23/12/2025
INC-04491,incidents,missing_required_field:severity,
INC-04502,incidents,mixed_date_format:incident_date,used format %Y-%m-%dT%H:%M:%SZ: 2025-02-01T00:00:00Z
INC-04505,incidents,dirty_label:incident_type,Leak -> LEAK
INC-04505,incidents,mixed_date_format:incident_date,used format %d/%m/%Y: 24/10/2023
INC-04507,incidents,dirty_label:incident_type,Fire -> fire
INC-04510,incidents,missing_required_field:incident_type,
INC-04511,incidents,dirty_label:severity,Medium -> MEDIUM
INC-04515,incidents,dirty_label:severity,Low -> LOW
INC-04516,incidents,dirty_label:incident_type,Fire -> FIRE
INC-04517,incidents,mixed_date_format:incident_date,used format %d/%m/%Y: 28/04/2025
INC-04517,incidents,out_of_range:compliance_score,-5.0
INC-04518,incidents,dirty_label:severity,Critical -> critical
INC-04519,incidents,mixed_date_format:incident_date,used format %m/%d/%Y: 07/15/2026
INC-04520,incidents,mixed_date_format:incident_date,used format %d/%m/%Y: 18/07/2024
INC-04521,incidents,dirty_label:severity,High -> Hi
INC-04521,incidents,mixed_date_format:incident_date,used format %Y-%m-%dT%H:%M:%SZ: 2026-07-19T00:00:00Z
INC-04524,incidents,dirty_label:severity,High -> HIGH
INC-04525,incidents,mixed_date_format:incident_date,used format %d/%m/%Y: 26/10/2023
INC-04527,incidents,dirty_label:severity,Medium -> medium
INC-04528,incidents,dirty_label:incident_type,Leak -> leak
INC-04528,incidents,missing_required_field:severity,
INC-04528,incidents,out_of_range:compliance_score,104.0
INC-04531,incidents,dirty_label:severity,High ->  High
INC-04535,incidents,dirty_label:incident_type,Spill -> SPILL
INC-04535,incidents,mixed_date_format:incident_date,used format %d/%m/%Y: 07/08/2024
INC-04536,incidents,dirty_label:incident_type,Equipment Failure -> Equip. Failure
INC-04538,incidents,future_date:incident_date,2026-08-10
INC-04539,incidents,missing_required_field:severity,
INC-04541,incidents,dirty_label:incident_type,Spill -> Spill 
INC-04543,incidents,dirty_label:severity,High -> HIGH
INC-04545,incidents,missing_required_field:incident_type,
INC-04549,incidents,mixed_date_format:incident_date,used format %d/%m/%Y: 15/11/2023
INC-04550,incidents,dirty_label:severity,Low -> LOW
INC-04557,incidents,mixed_date_format:incident_date,used format %d/%m/%Y: 30/08/2025
INC-04557,incidents,missing_required_field:severity,
INC-04560,incidents,dirty_label:incident_type,Leak ->  Leak
INC-04561,incidents,dirty_label:incident_type,Spill -> spill
INC-04562,incidents,out_of_range:compliance_score,104.0
INC-04564,incidents,dirty_label:severity,Critical -> crit
INC-04565,incidents,dirty_label:incident_type,Leak ->  Leak
INC-04566,incidents,dirty_label:severity,Medium ->  medium
INC-04571,incidents,missing_required_field:incident_type,
INC-04572,incidents,missing_required_field:incident_type,
INC-04574,incidents,mixed_date_format:incident_date,used format %Y-%m-%dT%H:%M:%SZ: 2023-09-03T00:00:00Z
INC-04575,incidents,dirty_label:severity,Critical -> crit
INC-04575,incidents,out_of_range:compliance_score,150.0
INC-04576,incidents,missing_required_field:incident_type,
INC-04577,incidents,mixed_date_format:incident_date,used format %d/%m/%Y: 07/02/2025
INC-04578,incidents,dirty_label:incident_type,Fire -> FIRE
INC-04579,incidents,missing_required_field:severity,
INC-04581,incidents,mixed_date_format:incident_date,used format %d/%m/%Y: 23/09/2024
INC-04582,incidents,dirty_label:incident_type,Near Miss -> near miss
INC-04584,incidents,dirty_label:severity,Low -> Lo
INC-04584,incidents,mixed_date_format:incident_date,used format %m/%d/%Y: 12/02/2023
INC-04588,incidents,dirty_label:severity,High ->  High
INC-04590,incidents,dirty_label:incident_type,Fire ->  fire
INC-04591,incidents,dirty_label:severity,Low -> low 
INC-04592,incidents,mixed_date_format:incident_date,used format %Y-%m-%dT%H:%M:%SZ: 2026-02-11T00:00:00Z
INC-04593,incidents,mixed_date_format:incident_date,used format %m/%d/%Y: 11/23/2025
INC-04595,incidents,mixed_date_format:incident_date,used format %d-%b-%Y: 15-Mar-2026
INC-04599,incidents,mixed_date_format:incident_date,used format %d/%m/%Y: 12/04/2024
INC-04601,incidents,invalid_coordinates,latitude=165.382095 > 90
INC-04601,incidents,mixed_date_format:incident_date,used format %Y-%m-%dT%H:%M:%SZ: 2025-11-27T00:00:00Z
INC-04601,incidents,missing_required_field:incident_type,
INC-04604,incidents,mixed_date_format:incident_date,used format %d/%m/%Y: 18/07/2025
INC-04605,incidents,mixed_date_format:incident_date,used format %Y-%m-%dT%H:%M:%SZ: 2023-09-29T00:00:00Z
INC-04606,incidents,missing_required_field:incident_type,
INC-04607,incidents,dirty_label:severity,High -> HIGH
INC-04608,incidents,dirty_label:severity,Medium -> medium
INC-04608,incidents,mixed_date_format:incident_date,used format %Y-%m-%dT%H:%M:%SZ: 2026-01-11T00:00:00Z
INC-04608,incidents,out_of_range:compliance_score,-5.0
INC-04611,incidents,dirty_label:severity,High -> high
INC-04611,incidents,mixed_date_format:incident_date,used format %Y-%m-%dT%H:%M:%SZ: 2025-09-01T00:00:00Z
INC-04611,incidents,missing_required_field:incident_type,
INC-04612,incidents,mixed_date_format:incident_date,used format %m/%d/%Y: 07/03/2025
INC-04612,incidents,future_date:incident_date,2026-08-25
INC-04613,incidents,missing_required_field:incident_type,
INC-04614,incidents,dirty_label:severity,Medium -> MEDIUM
INC-04617,incidents,mixed_date_format:incident_date,used format %d-%b-%Y: 06-Oct-2024
INC-04620,incidents,mixed_date_format:incident_date,used format %Y-%m-%dT%H:%M:%SZ: 2026-05-05T00:00:00Z
INC-04620,incidents,missing_required_field:severity,
INC-04622,incidents,mixed_date_format:incident_date,used format %d-%b-%Y: 29-Jun-2025
INC-04626,incidents,out_of_range:compliance_score,-5.0
INC-04628,incidents,mixed_date_format:incident_date,used format %m/%d/%Y: 07/23/2023
INC-04629,incidents,mixed_date_format:incident_date,used format %d-%b-%Y: 16-May-2026
INC-04629,incidents,missing_required_field:severity,
INC-04630,incidents,dirty_label:incident_type,Leak ->  Leak
INC-04630,incidents,mixed_date_format:incident_date,used format %d/%m/%Y: 08/03/2024
INC-04632,incidents,dirty_label:incident_type,Leak ->  Leak
INC-04635,incidents,mixed_date_format:incident_date,used format %d-%b-%Y: 05-Nov-2023
INC-04638,incidents,mixed_date_format:incident_date,used format %Y-%m-%dT%H:%M:%SZ: 2025-03-31T00:00:00Z
INC-04641,incidents,dirty_label:severity,Low -> Lo
INC-04644,incidents,missing_required_field:incident_type,
INC-04647,incidents,dirty_label:severity,Medium ->  medium
INC-04648,incidents,dirty_label:severity,High -> HIGH
INC-04649,incidents,mixed_date_format:incident_date,used format %Y-%m-%dT%H:%M:%SZ: 2025-10-04T00:00:00Z
INC-04650,incidents,mixed_date_format:incident_date,used format %d/%m/%Y: 30/06/2026
INC-04650,incidents,missing_required_field:incident_type,
INC-04651,incidents,dirty_label:severity,Medium -> Medium 
INC-04652,incidents,dirty_label:severity,Low -> low
INC-04652,incidents,missing_required_field:severity,
INC-04654,incidents,invalid_coordinates,latitude=170.84537 > 90
INC-04655,incidents,dirty_label:severity,High ->  High
INC-04658,incidents,dirty_label:severity,Low -> low
INC-04658,incidents,dirty_label:incident_type,Spill -> spill
INC-04659,incidents,missing_required_field:incident_type,
INC-04660,incidents,dirty_label:severity,High -> Hi
INC-04660,incidents,mixed_date_format:incident_date,used format %m/%d/%Y: 05/26/2024
INC-04660,incidents,missing_required_field:severity,
INC-04664,incidents,dirty_label:incident_type,Near Miss -> NEAR MISS
INC-04665,incidents,mixed_date_format:incident_date,used format %d/%m/%Y: 29/07/2024
INC-04666,incidents,mixed_date_format:incident_date,used format %m/%d/%Y: 09/24/2025
INC-04668,incidents,dirty_label:severity,Low -> Lo
INC-04673,incidents,out_of_range:compliance_score,-12.3
INC-04674,incidents,dirty_label:severity,Medium -> MEDIUM
INC-04674,incidents,mixed_date_format:incident_date,used format %Y-%m-%dT%H:%M:%SZ: 2024-08-01T00:00:00Z
INC-04675,incidents,mixed_date_format:incident_date,used format %m/%d/%Y: 02/14/2025
INC-04677,incidents,dirty_label:incident_type,Leak -> leak 
INC-04679,incidents,dirty_label:severity,High ->  High
INC-04682,incidents,dirty_label:severity,Medium -> Med
INC-04682,incidents,dirty_label:incident_type,Near Miss -> NEAR MISS
INC-04688,incidents,missing_required_field:severity,
INC-04694,incidents,future_date:incident_date,2026-09-17
INC-04696,incidents,mixed_date_format:incident_date,used format %d-%b-%Y: 18-Oct-2023
INC-04698,incidents,dirty_label:severity,Medium -> medium
INC-04699,incidents,dirty_label:severity,Critical ->  Critical
INC-04701,incidents,missing_required_field:incident_type,
INC-04702,incidents,missing_required_field:severity,
INC-04703,incidents,dirty_label:incident_type,Equipment Failure -> EQUIPMENT FAILURE
INC-04703,incidents,missing_required_field:incident_type,
INC-04704,incidents,mixed_date_format:incident_date,used format %d/%m/%Y: 26/03/2024
INC-04705,incidents,dirty_label:severity,High ->  High
INC-04705,incidents,mixed_date_format:incident_date,used format %d-%b-%Y: 06-Apr-2024
INC-04705,incidents,missing_required_field:incident_type,
INC-04706,incidents,dirty_label:incident_type,Leak ->  Leak
INC-04706,incidents,mixed_date_format:incident_date,used format %d-%b-%Y: 02-Feb-2026
INC-04709,incidents,missing_required_field:incident_type,
INC-04710,incidents,mixed_date_format:incident_date,used format %d/%m/%Y: 19/10/2023
INC-04713,incidents,missing_required_field:severity,
INC-04715,incidents,dirty_label:incident_type,Fire ->  fire
INC-04715,incidents,mixed_date_format:incident_date,used format %d/%m/%Y: 08/10/2025
INC-04715,incidents,missing_required_field:incident_type,
INC-04716,incidents,dirty_label:incident_type,Leak -> Oil Leak
INC-04718,incidents,out_of_range:compliance_score,150.0
INC-04725,incidents,missing_required_field:incident_type,
INC-04727,incidents,mixed_date_format:incident_date,used format %m/%d/%Y: 07/05/2024
INC-04730,incidents,mixed_date_format:incident_date,used format %d/%m/%Y: 29/09/2025
INC-04731,incidents,missing_required_field:incident_type,
INC-04732,incidents,dirty_label:severity,Medium -> medium
INC-04733,incidents,mixed_date_format:incident_date,used format %m/%d/%Y: 01/30/2024
INC-04734,incidents,mixed_date_format:incident_date,used format %d/%m/%Y: 23/01/2025
INC-04735,incidents,dirty_label:incident_type,Near Miss -> near-miss
INC-04736,incidents,mixed_date_format:incident_date,used format %d/%m/%Y: 11/02/2026
INC-04738,incidents,dirty_label:severity,Medium -> Med
INC-04740,incidents,dirty_label:severity,Critical -> CRITICAL
INC-04740,incidents,mixed_date_format:incident_date,used format %d-%b-%Y: 18-May-2026
INC-04742,incidents,mixed_date_format:incident_date,used format %d-%b-%Y: 01-Feb-2025
INC-04744,incidents,mixed_date_format:incident_date,used format %Y-%m-%dT%H:%M:%SZ: 2025-02-10T00:00:00Z
INC-04745,incidents,dirty_label:incident_type,Near Miss -> NEAR MISS
INC-04746,incidents,mixed_date_format:incident_date,used format %Y-%m-%dT%H:%M:%SZ: 2024-08-20T00:00:00Z
INC-04748,incidents,dirty_label:severity,Medium -> Med
INC-04749,incidents,mixed_date_format:incident_date,used format %d-%b-%Y: 15-Mar-2026
INC-04750,incidents,dirty_label:incident_type,Leak -> leak 
INC-04751,incidents,mixed_date_format:incident_date,used format %m/%d/%Y: 08/08/2024
INC-04752,incidents,mixed_date_format:incident_date,used format %m/%d/%Y: 01/14/2026
INC-04753,incidents,dirty_label:severity,Medium -> MEDIUM
INC-04753,incidents,out_of_range:compliance_score,-0.5
INC-04760,incidents,dirty_label:severity,Medium -> Med
INC-04761,incidents,invalid_coordinates,longitude=207.143593 outside valid range
INC-04763,incidents,dirty_label:severity,Critical ->  Critical
INC-04763,incidents,mixed_date_format:incident_date,used format %d-%b-%Y: 21-Nov-2025
INC-04764,incidents,mixed_date_format:incident_date,used format %m/%d/%Y: 05/02/2025
INC-04764,incidents,missing_required_field:severity,
INC-04765,incidents,mixed_date_format:incident_date,used format %d/%m/%Y: 20/07/2025
INC-04769,incidents,mixed_date_format:incident_date,used format %m/%d/%Y: 01/10/2025
INC-04769,incidents,missing_required_field:severity,
INC-04770,incidents,dirty_label:incident_type,Fire ->  fire
INC-04772,incidents,dirty_label:severity,High -> HIGH
INC-04773,incidents,missing_required_field:severity,
INC-04776,incidents,missing_required_field:severity,
INC-04778,incidents,mixed_date_format:incident_date,used format %Y-%m-%dT%H:%M:%SZ: 2024-03-01T00:00:00Z
INC-04778,incidents,missing_required_field:severity,
INC-04779,incidents,mixed_date_format:incident_date,used format %m/%d/%Y: 09/01/2023
INC-04780,incidents,missing_required_field:severity,
INC-04781,incidents,missing_required_field:severity,
INC-04781,incidents,missing_required_field:incident_type,
INC-04782,incidents,mixed_date_format:incident_date,used format %d/%m/%Y: 04/07/2026
INC-04783,incidents,missing_required_field:incident_type,
INC-04786,incidents,dirty_label:severity,Critical -> critical
INC-04786,incidents,mixed_date_format:incident_date,used format %Y-%m-%dT%H:%M:%SZ: 2025-06-23T00:00:00Z
INC-04787,incidents,future_date:incident_date,2026-10-08
INC-04791,incidents,dirty_label:severity,Low -> low
INC-04791,incidents,mixed_date_format:incident_date,used format %m/%d/%Y: 09/01/2025
INC-04793,incidents,future_date:incident_date,2026-07-23
INC-04795,incidents,dirty_label:severity,Medium -> MEDIUM
INC-04795,incidents,mixed_date_format:incident_date,used format %d-%b-%Y: 26-Nov-2024
INC-04797,incidents,invalid_coordinates,latitude=104.065798 > 90
INC-04798,incidents,mixed_date_format:incident_date,used format %d-%b-%Y: 12-Sep-2024
INC-04799,incidents,mixed_date_format:incident_date,used format %d-%b-%Y: 07-Dec-2023
INC-04801,incidents,mixed_date_format:incident_date,used format %d/%m/%Y: 17/11/2025
INC-04803,incidents,out_of_range:compliance_score,104.0
INC-04804,incidents,future_date:incident_date,2026-09-04
INC-04805,incidents,mixed_date_format:incident_date,used format %d-%b-%Y: 10-Mar-2026
INC-04806,incidents,mixed_date_format:incident_date,used format %d-%b-%Y: 25-Jun-2024
INC-04808,incidents,dirty_label:severity,High ->  High
INC-04809,incidents,mixed_date_format:incident_date,used format %d/%m/%Y: 27/11/2024
INC-04811,incidents,mixed_date_format:incident_date,used format %d/%m/%Y: 24/09/2024
INC-04812,incidents,dirty_label:severity,Critical ->  Critical
INC-04813,incidents,missing_required_field:severity,
INC-04814,incidents,mixed_date_format:incident_date,used format %d-%b-%Y: 22-Nov-2024
INC-04815,incidents,mixed_date_format:incident_date,used format %d-%b-%Y: 20-Sep-2023
INC-04816,incidents,dirty_label:severity,Critical -> Crit
INC-04818,incidents,dirty_label:severity,Medium ->  medium
INC-04821,incidents,dirty_label:incident_type,Equipment Failure -> equipment failure
INC-04822,incidents,invalid_coordinates,longitude=289.392888 outside valid range
INC-04822,incidents,mixed_date_format:incident_date,used format %m/%d/%Y: 07/11/2025
INC-04824,incidents,missing_required_field:incident_type,
INC-04825,incidents,dirty_label:severity,Medium -> Med
INC-04826,incidents,dirty_label:severity,Critical ->  Critical
INC-04826,incidents,mixed_date_format:incident_date,used format %Y-%m-%dT%H:%M:%SZ: 2024-03-01T00:00:00Z
INC-04829,incidents,future_date:incident_date,2026-08-18
INC-04831,incidents,mixed_date_format:incident_date,used format %d/%m/%Y: 04/11/2023
INC-04832,incidents,mixed_date_format:incident_date,used format %d/%m/%Y: 21/01/2024
INC-04834,incidents,invalid_coordinates,longitude=250.342638 outside valid range
INC-04835,incidents,mixed_date_format:incident_date,used format %d/%m/%Y: 28/02/2024
INC-04836,incidents,mixed_date_format:incident_date,used format %Y-%m-%dT%H:%M:%SZ: 2024-07-31T00:00:00Z
INC-04841,incidents,dirty_label:incident_type,Fire -> Fire 
INC-04842,incidents,mixed_date_format:incident_date,used format %d/%m/%Y: 29/10/2023
INC-04842,incidents,missing_required_field:incident_type,
INC-04845,incidents,mixed_date_format:incident_date,used format %d/%m/%Y: 20/02/2026
INC-04849,incidents,dirty_label:incident_type,Leak -> LEAK
INC-04850,incidents,missing_required_field:incident_type,
INC-04851,incidents,dirty_label:severity,Medium ->  medium
INC-04851,incidents,dirty_label:incident_type,Leak ->  Leak
INC-04851,incidents,out_of_range:compliance_score,104.0
INC-04852,incidents,dirty_label:severity,High -> Hi
INC-04853,incidents,mixed_date_format:incident_date,used format %m/%d/%Y: 07/13/2025
INC-04859,incidents,dirty_label:severity,Critical -> Crit
INC-04860,incidents,dirty_label:incident_type,Leak -> Oil Leak
INC-04860,incidents,mixed_date_format:incident_date,used format %m/%d/%Y: 05/23/2024
INC-04861,incidents,dirty_label:severity,High -> HIGH
INC-04862,incidents,dirty_label:severity,Low -> low
INC-04864,incidents,dirty_label:severity,Critical -> Crit
INC-04868,incidents,mixed_date_format:incident_date,used format %m/%d/%Y: 10/31/2023
INC-04870,incidents,mixed_date_format:incident_date,used format %m/%d/%Y: 07/16/2025
INC-04870,incidents,missing_required_field:incident_type,
INC-04871,incidents,dirty_label:incident_type,Fire ->  fire
INC-04874,incidents,dirty_label:incident_type,Fire -> Fire 
INC-04878,incidents,dirty_label:severity,Low -> LOW
INC-04881,incidents,missing_required_field:severity,
INC-04883,incidents,dirty_label:severity,High -> Hi
INC-04886,incidents,mixed_date_format:incident_date,used format %Y-%m-%dT%H:%M:%SZ: 2024-11-09T00:00:00Z
INC-04887,incidents,dirty_label:incident_type,Near Miss -> NEAR MISS
INC-04887,incidents,mixed_date_format:incident_date,used format %d-%b-%Y: 27-Aug-2023
INC-04891,incidents,mixed_date_format:incident_date,used format %Y-%m-%dT%H:%M:%SZ: 2024-07-22T00:00:00Z
INC-04891,incidents,future_date:incident_date,2026-09-21
INC-04893,incidents,dirty_label:severity,Low -> LOW
INC-04897,incidents,out_of_range:compliance_score,-0.5
INC-04900,incidents,mixed_date_format:incident_date,used format %d/%m/%Y: 06/12/2025
INC-04900,incidents,missing_required_field:incident_type,
INC-04903,incidents,dirty_label:severity,High ->  High
INC-04904,incidents,mixed_date_format:incident_date,used format %d/%m/%Y: 23/05/2024
INC-04905,incidents,mixed_date_format:incident_date,used format %d/%m/%Y: 22/05/2025
INC-04908,incidents,mixed_date_format:incident_date,used format %d-%b-%Y: 25-Feb-2025
INC-04910,incidents,missing_required_field:severity,
INC-04911,incidents,mixed_date_format:incident_date,used format %d-%b-%Y: 04-Nov-2024
INC-04913,incidents,invalid_coordinates,longitude=186.09838 outside valid range
INC-04916,incidents,mixed_date_format:incident_date,used format %m/%d/%Y: 02/22/2024
INC-04920,incidents,dirty_label:severity,Medium -> medium
INC-04920,incidents,mixed_date_format:incident_date,used format %m/%d/%Y: 12/26/2023
INC-04921,incidents,mixed_date_format:incident_date,used format %d-%b-%Y: 15-Apr-2024
INC-04922,incidents,dirty_label:severity,Medium -> Medium 
INC-04922,incidents,mixed_date_format:incident_date,used format %d/%m/%Y: 03/10/2024
INC-04922,incidents,missing_required_field:severity,
INC-04922,incidents,missing_required_field:incident_type,
INC-04924,incidents,mixed_date_format:incident_date,used format %Y-%m-%dT%H:%M:%SZ: 2024-06-01T00:00:00Z
INC-04925,incidents,mixed_date_format:incident_date,used format %Y-%m-%dT%H:%M:%SZ: 2025-07-11T00:00:00Z
INC-04926,incidents,dirty_label:incident_type,Fire -> fire
INC-04932,incidents,future_date:incident_date,2026-09-25
INC-04935,incidents,mixed_date_format:incident_date,used format %d-%b-%Y: 20-Jul-2026
INC-04937,incidents,dirty_label:incident_type,Equipment Failure -> EQUIPMENT FAILURE
INC-04942,incidents,missing_required_field:severity,
INC-04944,incidents,mixed_date_format:incident_date,used format %d/%m/%Y: 11/06/2024
INC-04945,incidents,dirty_label:incident_type,Spill -> spill
INC-04946,incidents,mixed_date_format:incident_date,used format %m/%d/%Y: 12/29/2024
INC-04948,incidents,mixed_date_format:incident_date,used format %m/%d/%Y: 04/28/2025
INC-04950,incidents,mixed_date_format:incident_date,used format %Y-%m-%dT%H:%M:%SZ: 2023-09-26T00:00:00Z
INC-04950,incidents,future_date:incident_date,2026-07-27
INC-04951,incidents,mixed_date_format:incident_date,used format %d-%b-%Y: 23-May-2024
INC-04956,incidents,dirty_label:severity,Low -> Lo
INC-04958,incidents,mixed_date_format:incident_date,used format %Y-%m-%dT%H:%M:%SZ: 2024-10-15T00:00:00Z
INC-04959,incidents,future_date:incident_date,2026-10-18
INC-04964,incidents,mixed_date_format:incident_date,used format %Y-%m-%dT%H:%M:%SZ: 2024-07-20T00:00:00Z
INC-04964,incidents,out_of_range:compliance_score,104.0
INC-04965,incidents,mixed_date_format:incident_date,used format %m/%d/%Y: 01/11/2025
INC-04966,incidents,missing_required_field:incident_type,
INC-04969,incidents,mixed_date_format:incident_date,used format %d-%b-%Y: 24-Apr-2025
INC-04973,incidents,mixed_date_format:incident_date,used format %d/%m/%Y: 16/05/2026
INC-04974,incidents,missing_required_field:incident_type,
INC-04977,incidents,dirty_label:incident_type,Spill -> SPILL
INC-04978,incidents,dirty_label:incident_type,Spill -> Minor Spill
INC-04980,incidents,dirty_label:incident_type,Fire -> FIRE
INC-04982,incidents,missing_required_field:severity,
INC-04987,incidents,mixed_date_format:incident_date,used format %d-%b-%Y: 11-Jun-2025
INC-04989,incidents,out_of_range:compliance_score,-0.5
INC-04992,incidents,mixed_date_format:incident_date,used format %d/%m/%Y: 09/05/2025
INC-04992,incidents,missing_required_field:severity,
INC-04993,incidents,dirty_label:severity,High -> HIGH
INC-04995,incidents,missing_required_field:severity,
INC-04996,incidents,missing_required_field:incident_type,
INC-04999,incidents,dirty_label:severity,Critical -> Crit
INC-04999,incidents,mixed_date_format:incident_date,used format %m/%d/%Y: 08/23/2025
INC-05000,incidents,mixed_date_format:incident_date,used format %d-%b-%Y: 20-Mar-2026
INC-05000,incidents,missing_required_field:incident_type,
INC-05003,incidents,missing_required_field:incident_type,
INC-05004,incidents,mixed_date_format:incident_date,used format %m/%d/%Y: 11/21/2023
INC-05005,incidents,missing_required_field:incident_type,
INC-05006,incidents,mixed_date_format:incident_date,used format %m/%d/%Y: 09/20/2024
INC-05008,incidents,dirty_label:severity,Medium -> Med
INC-05008,incidents,mixed_date_format:incident_date,used format %m/%d/%Y: 05/30/2024
INC-05009,incidents,mixed_date_format:incident_date,used format %d-%b-%Y: 16-Jul-2025
INC-05013,incidents,mixed_date_format:incident_date,used format %m/%d/%Y: 05/19/2025
INC-05016,incidents,mixed_date_format:incident_date,used format %Y-%m-%dT%H:%M:%SZ: 2024-11-20T00:00:00Z
INC-05017,incidents,mixed_date_format:incident_date,used format %d/%m/%Y: 13/03/2025
INC-05017,incidents,out_of_range:compliance_score,-12.3
INC-05032,incidents,mixed_date_format:incident_date,used format %m/%d/%Y: 12/16/2025
INC-05033,incidents,dirty_label:incident_type,Equipment Failure -> Equip. Failure
INC-05033,incidents,mixed_date_format:incident_date,used format %Y-%m-%dT%H:%M:%SZ: 2024-01-03T00:00:00Z
INC-05035,incidents,dirty_label:incident_type,Fire -> Fire 
INC-05036,incidents,missing_required_field:severity,
INC-05038,incidents,dirty_label:incident_type,Leak -> Oil Leak
INC-05040,incidents,dirty_label:incident_type,Fire -> fire
INC-05042,incidents,dirty_label:incident_type,Spill ->  spill 
INC-05042,incidents,mixed_date_format:incident_date,used format %Y-%m-%dT%H:%M:%SZ: 2023-08-26T00:00:00Z
INC-05043,incidents,mixed_date_format:incident_date,used format %m/%d/%Y: 01/09/2026
INC-05044,incidents,mixed_date_format:incident_date,used format %m/%d/%Y: 01/05/2025
INC-05047,incidents,dirty_label:severity,High ->  High
INC-05049,incidents,dirty_label:incident_type,Spill -> SPILL
INC-05053,incidents,dirty_label:severity,Low -> low
INC-05054,incidents,future_date:incident_date,2026-10-14
INC-05059,incidents,missing_required_field:severity,
INC-05061,incidents,dirty_label:incident_type,Near Miss -> Near  Miss
INC-05064,incidents,dirty_label:incident_type,Equipment Failure -> Equipment  Failure
INC-05066,incidents,missing_required_field:severity,
INC-05068,incidents,dirty_label:incident_type,Near Miss -> near miss
INC-05069,incidents,dirty_label:severity,High -> HIGH
INC-05071,incidents,dirty_label:severity,Critical -> CRITICAL
INC-05071,incidents,mixed_date_format:incident_date,used format %Y-%m-%dT%H:%M:%SZ: 2024-01-14T00:00:00Z
INC-05072,incidents,dirty_label:severity,Low -> Lo
INC-05074,incidents,mixed_date_format:incident_date,used format %m/%d/%Y: 08/01/2023
INC-05074,incidents,future_date:incident_date,2026-09-05
INC-05075,incidents,mixed_date_format:incident_date,used format %d-%b-%Y: 26-May-2024
INC-05076,incidents,dirty_label:incident_type,Fire -> FIRE
INC-05076,incidents,out_of_range:compliance_score,-0.5
INC-05078,incidents,future_date:incident_date,2026-07-29
INC-05082,incidents,dirty_label:incident_type,Leak -> leak 
INC-05084,incidents,dirty_label:severity,Medium -> medium
INC-05085,incidents,dirty_label:incident_type,Near Miss -> NEAR MISS
INC-05085,incidents,mixed_date_format:incident_date,used format %m/%d/%Y: 08/16/2025
INC-05087,incidents,dirty_label:incident_type,Near Miss -> Near  Miss
INC-05088,incidents,dirty_label:severity,Critical -> CRITICAL
INC-05088,incidents,dirty_label:incident_type,Equipment Failure -> equipment failure
INC-05088,incidents,mixed_date_format:incident_date,used format %d/%m/%Y: 14/08/2023
INC-05096,incidents,mixed_date_format:incident_date,used format %Y-%m-%dT%H:%M:%SZ: 2023-10-20T00:00:00Z
INC-05098,incidents,mixed_date_format:incident_date,used format %d-%b-%Y: 11-Jul-2024
INC-05100,incidents,mixed_date_format:incident_date,used format %d/%m/%Y: 02/06/2024
INC-05101,incidents,dirty_label:severity,Low -> low
INC-05101,incidents,mixed_date_format:incident_date,used format %m/%d/%Y: 07/14/2024
INC-05109,incidents,mixed_date_format:incident_date,used format %m/%d/%Y: 03/27/2026
INC-05112,incidents,dirty_label:incident_type,Spill -> Minor Spill
INC-05114,incidents,mixed_date_format:incident_date,used format %d/%m/%Y: 13/01/2026
INC-05114,incidents,missing_required_field:incident_type,
INC-05115,incidents,dirty_label:severity,Critical ->  Critical
INC-05115,incidents,mixed_date_format:incident_date,used format %d/%m/%Y: 30/11/2023
INC-05116,incidents,mixed_date_format:incident_date,used format %m/%d/%Y: 02/26/2024
INC-05118,incidents,mixed_date_format:incident_date,used format %d/%m/%Y: 14/08/2024
INC-05120,incidents,missing_required_field:severity,
INC-05121,incidents,out_of_range:compliance_score,-12.3
INC-05122,incidents,mixed_date_format:incident_date,used format %d-%b-%Y: 29-Nov-2024
INC-05122,incidents,missing_required_field:incident_type,
INC-05123,incidents,dirty_label:incident_type,Leak -> LEAK
INC-05125,incidents,mixed_date_format:incident_date,used format %d/%m/%Y: 02/04/2026
INC-05127,incidents,mixed_date_format:incident_date,used format %d/%m/%Y: 07/03/2026
INC-05127,incidents,missing_required_field:severity,
INC-05133,incidents,mixed_date_format:incident_date,used format %d/%m/%Y: 13/02/2025
INC-05136,incidents,dirty_label:incident_type,Fire ->  fire
INC-05138,incidents,missing_required_field:severity,
INC-05139,incidents,dirty_label:severity,Medium -> Med
INC-05139,incidents,dirty_label:incident_type,Spill ->  spill 
INC-05139,incidents,mixed_date_format:incident_date,used format %m/%d/%Y: 11/13/2024
INC-05140,incidents,dirty_label:incident_type,Spill ->  spill 
INC-05140,incidents,mixed_date_format:incident_date,used format %Y-%m-%dT%H:%M:%SZ: 2024-09-17T00:00:00Z
INC-05141,incidents,dirty_label:incident_type,Fire ->  fire
INC-05142,incidents,mixed_date_format:incident_date,used format %Y-%m-%dT%H:%M:%SZ: 2026-06-29T00:00:00Z
INC-05143,incidents,mixed_date_format:incident_date,used format %m/%d/%Y: 10/14/2025
INC-05145,incidents,dirty_label:severity,Medium -> Medium 
INC-05145,incidents,dirty_label:incident_type,Equipment Failure -> Equipment  Failure
INC-05147,incidents,dirty_label:incident_type,Equipment Failure -> Equip. Failure
INC-05148,incidents,mixed_date_format:incident_date,used format %d-%b-%Y: 27-Feb-2024
INC-05150,incidents,dirty_label:severity,High ->  High
INC-05150,incidents,mixed_date_format:incident_date,used format %d-%b-%Y: 02-Jun-2024
INC-05153,incidents,dirty_label:severity,High -> HIGH
INC-05154,incidents,dirty_label:severity,Medium ->  medium
INC-05155,incidents,dirty_label:incident_type,Spill -> spill
INC-05166,incidents,dirty_label:incident_type,Near Miss -> near miss
INC-05166,incidents,mixed_date_format:incident_date,used format %d/%m/%Y: 08/10/2023
INC-05167,incidents,dirty_label:incident_type,Spill -> Spill 
INC-05170,incidents,invalid_coordinates,latitude=115.946432 > 90
INC-05174,incidents,mixed_date_format:incident_date,used format %d-%b-%Y: 28-Mar-2024
INC-05175,incidents,missing_required_field:severity,
INC-05179,incidents,dirty_label:severity,High ->  High
INC-05179,incidents,dirty_label:incident_type,Fire -> Fire 
INC-05179,incidents,mixed_date_format:incident_date,used format %d-%b-%Y: 29-Aug-2023
INC-05182,incidents,dirty_label:incident_type,Leak -> leak 
INC-05183,incidents,missing_required_field:severity,
INC-05184,incidents,mixed_date_format:incident_date,used format %Y-%m-%dT%H:%M:%SZ: 2023-08-13T00:00:00Z
INC-05185,incidents,mixed_date_format:incident_date,used format %Y-%m-%dT%H:%M:%SZ: 2024-01-05T00:00:00Z
INC-05186,incidents,dirty_label:incident_type,Near Miss -> near miss
INC-05186,incidents,mixed_date_format:incident_date,used format %Y-%m-%dT%H:%M:%SZ: 2023-07-28T00:00:00Z
INC-05189,incidents,dirty_label:severity,Medium -> Medium 
INC-05193,incidents,mixed_date_format:incident_date,used format %Y-%m-%dT%H:%M:%SZ: 2024-07-10T00:00:00Z
INC-05197,incidents,out_of_range:compliance_score,115.7
INC-05202,incidents,dirty_label:severity,High -> high
INC-05202,incidents,dirty_label:incident_type,Leak -> leak 
INC-05202,incidents,missing_required_field:incident_type,
INC-05202,incidents,future_date:incident_date,2026-07-28
INC-05203,incidents,dirty_label:incident_type,Near Miss -> NEAR MISS
INC-05204,incidents,dirty_label:incident_type,Near Miss -> Near  Miss
INC-05206,incidents,dirty_label:incident_type,Leak ->  Leak
INC-05209,incidents,dirty_label:incident_type,Fire -> Fire 
INC-05210,incidents,mixed_date_format:incident_date,used format %d-%b-%Y: 08-Jul-2026
INC-05213,incidents,dirty_label:severity,Low ->  Low
INC-05213,incidents,dirty_label:incident_type,Leak ->  Leak
INC-05222,incidents,missing_required_field:severity,
INC-05223,incidents,dirty_label:incident_type,Equipment Failure -> Equip. Failure
INC-05224,incidents,dirty_label:incident_type,Fire ->  fire
INC-05225,incidents,dirty_label:incident_type,Spill -> Minor Spill
INC-05226,incidents,dirty_label:incident_type,Spill -> Spill 
INC-05226,incidents,mixed_date_format:incident_date,used format %d/%m/%Y: 19/04/2026
INC-05227,incidents,missing_required_field:severity,
INC-05233,incidents,dirty_label:incident_type,Spill ->  spill 
INC-05234,incidents,dirty_label:severity,Critical ->  Critical
INC-05236,incidents,dirty_label:severity,Low -> LOW
INC-05238,incidents,mixed_date_format:incident_date,used format %Y-%m-%dT%H:%M:%SZ: 2024-11-26T00:00:00Z
INC-05239,incidents,dirty_label:incident_type,Near Miss -> Near  Miss
INC-05241,incidents,invalid_coordinates,longitude=294.122383 outside valid range
INC-05241,incidents,mixed_date_format:incident_date,used format %Y-%m-%dT%H:%M:%SZ: 2025-09-13T00:00:00Z
INC-05242,incidents,dirty_label:severity,Low -> low
INC-05242,incidents,dirty_label:incident_type,Equipment Failure -> Equip. Failure
INC-05246,incidents,out_of_range:compliance_score,150.0
INC-05247,incidents,missing_required_field:incident_type,
INC-05250,incidents,dirty_label:severity,High ->  High
INC-05252,incidents,dirty_label:severity,Critical -> CRITICAL
INC-05253,incidents,mixed_date_format:incident_date,used format %m/%d/%Y: 06/22/2026
INC-05255,incidents,future_date:incident_date,2026-09-04
INC-05259,incidents,mixed_date_format:incident_date,used format %m/%d/%Y: 04/07/2026
INC-05260,incidents,dirty_label:severity,Low ->  Low
INC-05260,incidents,mixed_date_format:incident_date,used format %m/%d/%Y: 01/11/2026
INC-05262,incidents,dirty_label:severity,Critical ->  Critical
INC-05262,incidents,mixed_date_format:incident_date,used format %m/%d/%Y: 10/22/2023
INC-05263,incidents,mixed_date_format:incident_date,used format %d-%b-%Y: 18-Apr-2025
INC-05267,incidents,mixed_date_format:incident_date,used format %m/%d/%Y: 09/07/2024
INC-05268,incidents,dirty_label:incident_type,Leak ->  Leak
INC-05271,incidents,mixed_date_format:incident_date,used format %m/%d/%Y: 11/04/2025
INC-05273,incidents,mixed_date_format:incident_date,used format %d-%b-%Y: 25-Apr-2025
INC-05277,incidents,out_of_range:compliance_score,104.0
INC-05280,incidents,mixed_date_format:incident_date,used format %Y-%m-%dT%H:%M:%SZ: 2025-02-18T00:00:00Z
INC-05280,incidents,missing_required_field:incident_type,
INC-05281,incidents,mixed_date_format:incident_date,used format %Y-%m-%dT%H:%M:%SZ: 2024-09-03T00:00:00Z
INC-05283,incidents,missing_required_field:severity,
INC-05284,incidents,dirty_label:incident_type,Leak -> Oil Leak
INC-05286,incidents,missing_required_field:incident_type,
INC-05287,incidents,dirty_label:incident_type,Fire -> fire
INC-05293,incidents,dirty_label:severity,Medium ->  medium
INC-05294,incidents,dirty_label:severity,Medium -> Medium 
INC-05295,incidents,dirty_label:incident_type,Spill -> SPILL
INC-05298,incidents,dirty_label:incident_type,Equipment Failure -> EQUIPMENT FAILURE
INC-05299,incidents,mixed_date_format:incident_date,used format %Y-%m-%dT%H:%M:%SZ: 2025-07-23T00:00:00Z
INC-05301,incidents,dirty_label:severity,Medium ->  medium
INC-05302,incidents,missing_required_field:severity,
INC-05304,incidents,mixed_date_format:incident_date,used format %d-%b-%Y: 15-Oct-2024
INC-05305,incidents,missing_required_field:severity,
INC-05310,incidents,missing_required_field:severity,
INC-05311,incidents,mixed_date_format:incident_date,used format %Y-%m-%dT%H:%M:%SZ: 2024-05-31T00:00:00Z
INC-05319,incidents,mixed_date_format:incident_date,used format %d/%m/%Y: 24/01/2024
INC-05321,incidents,out_of_range:compliance_score,-0.5
INC-05322,incidents,mixed_date_format:incident_date,used format %m/%d/%Y: 03/10/2025
INC-05322,incidents,missing_required_field:severity,
INC-05323,incidents,dirty_label:severity,Medium -> MEDIUM
INC-05323,incidents,mixed_date_format:incident_date,used format %Y-%m-%dT%H:%M:%SZ: 2023-12-19T00:00:00Z
INC-05324,incidents,dirty_label:incident_type,Fire -> FIRE
INC-05324,incidents,future_date:incident_date,2026-10-09
INC-05326,incidents,dirty_label:severity,Low -> LOW
INC-05329,incidents,dirty_label:severity,Medium -> medium
INC-05329,incidents,mixed_date_format:incident_date,used format %m/%d/%Y: 12/11/2024
INC-05330,incidents,dirty_label:incident_type,Near Miss -> Near  Miss
INC-05330,incidents,missing_required_field:incident_type,
INC-05331,incidents,dirty_label:severity,Low -> Lo
INC-05331,incidents,dirty_label:incident_type,Near Miss -> near miss
INC-05331,incidents,mixed_date_format:incident_date,used format %d-%b-%Y: 24-Sep-2025
INC-05338,incidents,invalid_coordinates,longitude=276.236814 outside valid range
INC-05338,incidents,dirty_label:severity,High ->  High
INC-05338,incidents,missing_required_field:incident_type,
INC-05339,incidents,dirty_label:incident_type,Near Miss -> near miss
INC-05339,incidents,future_date:incident_date,2026-10-10
INC-05342,incidents,dirty_label:severity,Medium -> Medium 
INC-05343,incidents,dirty_label:incident_type,Spill -> Spill 
INC-05354,incidents,dirty_label:severity,Critical ->  Critical
INC-05355,incidents,dirty_label:severity,Medium -> Med
INC-05355,incidents,mixed_date_format:incident_date,used format %m/%d/%Y: 04/17/2026
INC-05357,incidents,dirty_label:severity,High ->  High
INC-05357,incidents,dirty_label:incident_type,Near Miss -> near miss
INC-05358,incidents,dirty_label:severity,High -> Hi
INC-05363,incidents,dirty_label:incident_type,Fire -> FIRE
INC-05363,incidents,mixed_date_format:incident_date,used format %d/%m/%Y: 28/05/2024
INC-05364,incidents,dirty_label:severity,Critical -> critical
INC-05364,incidents,mixed_date_format:incident_date,used format %m/%d/%Y: 09/23/2023
INC-05365,incidents,future_date:incident_date,2026-09-10
INC-05367,incidents,dirty_label:severity,High -> Hi
INC-05368,incidents,dirty_label:severity,High -> Hi
INC-05370,incidents,missing_required_field:severity,
INC-05373,incidents,mixed_date_format:incident_date,used format %d/%m/%Y: 02/12/2025
INC-05377,incidents,mixed_date_format:incident_date,used format %m/%d/%Y: 02/09/2024
INC-05378,incidents,mixed_date_format:incident_date,used format %m/%d/%Y: 07/14/2025
INC-05380,incidents,dirty_label:severity,High -> high
INC-05380,incidents,mixed_date_format:incident_date,used format %d-%b-%Y: 08-Aug-2025
INC-05382,incidents,dirty_label:severity,Low ->  Low
INC-05383,incidents,mixed_date_format:incident_date,used format %m/%d/%Y: 03/13/2024
INC-05391,incidents,dirty_label:severity,High ->  High
INC-05392,incidents,dirty_label:severity,Medium ->  medium
INC-05394,incidents,dirty_label:severity,Low ->  Low
INC-05399,incidents,missing_required_field:severity,
INC-05400,incidents,mixed_date_format:incident_date,used format %d-%b-%Y: 26-Jul-2024
INC-05403,incidents,mixed_date_format:incident_date,used format %Y-%m-%dT%H:%M:%SZ: 2025-12-16T00:00:00Z
INC-05404,incidents,mixed_date_format:incident_date,used format %d-%b-%Y: 26-Apr-2025
INC-05407,incidents,mixed_date_format:incident_date,used format %Y-%m-%dT%H:%M:%SZ: 2026-05-22T00:00:00Z
INC-05408,incidents,mixed_date_format:incident_date,used format %d-%b-%Y: 02-Dec-2024
INC-05409,incidents,mixed_date_format:incident_date,used format %d-%b-%Y: 02-Dec-2025
INC-05411,incidents,dirty_label:severity,Medium -> MEDIUM
INC-05413,incidents,dirty_label:incident_type,Leak -> Oil Leak
INC-05413,incidents,mixed_date_format:incident_date,used format %d-%b-%Y: 23-Mar-2026
INC-05414,incidents,missing_required_field:severity,
INC-05414,incidents,missing_required_field:incident_type,
INC-05415,incidents,mixed_date_format:incident_date,used format %m/%d/%Y: 03/02/2026
INC-05416,incidents,mixed_date_format:incident_date,used format %d/%m/%Y: 02/07/2024
INC-05416,incidents,missing_required_field:severity,
INC-05417,incidents,dirty_label:severity,Low -> LOW
INC-05417,incidents,mixed_date_format:incident_date,used format %d/%m/%Y: 12/07/2026
INC-05419,incidents,mixed_date_format:incident_date,used format %d/%m/%Y: 11/10/2024
INC-05420,incidents,out_of_range:compliance_score,-0.5
INC-05422,incidents,dirty_label:severity,Critical -> CRITICAL
INC-05424,incidents,mixed_date_format:incident_date,used format %Y-%m-%dT%H:%M:%SZ: 2025-07-21T00:00:00Z
INC-05427,incidents,dirty_label:incident_type,Equipment Failure -> Equip. Failure
INC-05428,incidents,missing_required_field:incident_type,
INC-05430,incidents,dirty_label:severity,Medium ->  medium
INC-05431,incidents,mixed_date_format:incident_date,used format %m/%d/%Y: 01/10/2026
INC-05432,incidents,mixed_date_format:incident_date,used format %m/%d/%Y: 11/19/2023
INC-05435,incidents,dirty_label:severity,Medium -> MEDIUM
INC-05438,incidents,future_date:incident_date,2026-07-29
INC-05441,incidents,dirty_label:incident_type,Spill -> Spill 
INC-05441,incidents,mixed_date_format:incident_date,used format %m/%d/%Y: 05/11/2024
INC-05442,incidents,dirty_label:incident_type,Near Miss -> Near  Miss
INC-05444,incidents,dirty_label:severity,Low -> Lo
INC-05445,incidents,dirty_label:incident_type,Equipment Failure -> Equip. Failure
INC-05446,incidents,dirty_label:severity,Low ->  Low
INC-05447,incidents,mixed_date_format:incident_date,used format %m/%d/%Y: 08/15/2025
INC-05448,incidents,mixed_date_format:incident_date,used format %m/%d/%Y: 06/10/2025
INC-05449,incidents,mixed_date_format:incident_date,used format %Y-%m-%dT%H:%M:%SZ: 2023-10-27T00:00:00Z
INC-05449,incidents,missing_required_field:severity,
INC-05450,incidents,mixed_date_format:incident_date,used format %m/%d/%Y: 10/24/2023
INC-05452,incidents,dirty_label:severity,Medium -> MEDIUM
INC-05452,incidents,dirty_label:incident_type,Near Miss -> Near  Miss
INC-05453,incidents,dirty_label:incident_type,Near Miss -> near-miss
INC-05459,incidents,mixed_date_format:incident_date,used format %Y-%m-%dT%H:%M:%SZ: 2025-04-24T00:00:00Z
INC-05460,incidents,mixed_date_format:incident_date,used format %d/%m/%Y: 14/06/2026
INC-05463,incidents,dirty_label:severity,Medium -> MEDIUM
INC-05464,incidents,missing_required_field:severity,
INC-05465,incidents,dirty_label:incident_type,Spill -> Minor Spill
INC-05469,incidents,dirty_label:severity,Medium -> Medium 
INC-05469,incidents,missing_required_field:severity,
INC-05469,incidents,missing_required_field:incident_type,
INC-05470,incidents,out_of_range:compliance_score,-12.3
INC-05471,incidents,mixed_date_format:incident_date,used format %d-%b-%Y: 03-May-2024
INC-05475,incidents,mixed_date_format:incident_date,used format %d-%b-%Y: 20-Dec-2024
INC-05476,incidents,dirty_label:severity,Low -> Lo
INC-05477,incidents,dirty_label:incident_type,Fire -> FIRE
INC-05478,incidents,dirty_label:incident_type,Leak ->  Leak
INC-05478,incidents,future_date:incident_date,2026-09-15
INC-05480,incidents,mixed_date_format:incident_date,used format %m/%d/%Y: 06/17/2026
INC-05481,incidents,mixed_date_format:incident_date,used format %d/%m/%Y: 29/11/2025
INC-05482,incidents,mixed_date_format:incident_date,used format %Y-%m-%dT%H:%M:%SZ: 2025-03-23T00:00:00Z
INC-05483,incidents,mixed_date_format:incident_date,used format %m/%d/%Y: 04/05/2024
INC-05486,incidents,mixed_date_format:incident_date,used format %d-%b-%Y: 11-Nov-2024
INC-05486,incidents,future_date:incident_date,2026-09-15
INC-05487,incidents,dirty_label:incident_type,Leak -> leak 
INC-05489,incidents,mixed_date_format:incident_date,used format %d-%b-%Y: 26-Nov-2025
INC-05490,incidents,mixed_date_format:incident_date,used format %d-%b-%Y: 20-Apr-2026
INC-05492,incidents,mixed_date_format:incident_date,used format %Y-%m-%dT%H:%M:%SZ: 2023-11-29T00:00:00Z
INC-05493,incidents,missing_required_field:incident_type,
INC-05496,incidents,dirty_label:incident_type,Equipment Failure -> equipment failure
INC-05498,incidents,mixed_date_format:incident_date,used format %d-%b-%Y: 03-Jun-2026
INC-05500,incidents,missing_required_field:severity,
INC-05506,incidents,dirty_label:severity,Low ->  Low
INC-05506,incidents,mixed_date_format:incident_date,used format %m/%d/%Y: 03/16/2025
INC-05508,incidents,dirty_label:severity,Low -> low 
INC-05509,incidents,out_of_range:compliance_score,-0.5
INC-05514,incidents,dirty_label:incident_type,Fire -> Fire 
INC-05514,incidents,mixed_date_format:incident_date,used format %d-%b-%Y: 26-Feb-2024
INC-05514,incidents,missing_required_field:severity,
INC-05515,incidents,mixed_date_format:incident_date,used format %m/%d/%Y: 01/25/2026
INC-05517,incidents,dirty_label:incident_type,Near Miss -> near miss
INC-05520,incidents,dirty_label:severity,Medium -> MEDIUM
INC-05522,incidents,mixed_date_format:incident_date,used format %Y-%m-%dT%H:%M:%SZ: 2023-08-02T00:00:00Z
INC-05523,incidents,dirty_label:incident_type,Leak -> Oil Leak
INC-05525,incidents,missing_required_field:severity,
INC-05526,incidents,mixed_date_format:incident_date,used format %Y-%m-%dT%H:%M:%SZ: 2024-12-31T00:00:00Z
INC-05530,incidents,missing_required_field:incident_type,
INC-05532,incidents,missing_required_field:severity,
INC-05535,incidents,dirty_label:severity,High ->  High
INC-05536,incidents,mixed_date_format:incident_date,used format %Y-%m-%dT%H:%M:%SZ: 2023-10-28T00:00:00Z
INC-05538,incidents,mixed_date_format:incident_date,used format %m/%d/%Y: 08/22/2024
INC-05539,incidents,out_of_range:compliance_score,-5.0
INC-05545,incidents,dirty_label:incident_type,Equipment Failure -> EQUIPMENT FAILURE
INC-05548,incidents,dirty_label:severity,High ->  High
INC-05549,incidents,dirty_label:incident_type,Leak -> leak 
INC-05549,incidents,out_of_range:compliance_score,150.0
INC-05551,incidents,mixed_date_format:incident_date,used format %m/%d/%Y: 01/07/2026
INC-05553,incidents,dirty_label:incident_type,Equipment Failure -> equipment failure
INC-05556,incidents,mixed_date_format:incident_date,used format %m/%d/%Y: 03/04/2024
INC-05557,incidents,mixed_date_format:incident_date,used format %Y-%m-%dT%H:%M:%SZ: 2025-08-05T00:00:00Z
INC-05558,incidents,missing_required_field:incident_type,
INC-05560,incidents,dirty_label:incident_type,Near Miss -> Near  Miss
INC-05560,incidents,mixed_date_format:incident_date,used format %d-%b-%Y: 10-Apr-2024
INC-05561,incidents,mixed_date_format:incident_date,used format %m/%d/%Y: 07/20/2024
INC-05562,incidents,mixed_date_format:incident_date,used format %d-%b-%Y: 08-Mar-2026
INC-05562,incidents,out_of_range:compliance_score,-0.5
INC-05571,incidents,dirty_label:severity,Low -> LOW
INC-05572,incidents,missing_required_field:incident_type,
INC-05574,incidents,missing_required_field:incident_type,
INC-05575,incidents,dirty_label:incident_type,Leak -> LEAK
INC-05576,incidents,future_date:incident_date,2026-08-11
INC-05577,incidents,dirty_label:severity,Medium ->  medium
INC-05577,incidents,dirty_label:incident_type,Equipment Failure -> equipment failure
INC-05582,incidents,dirty_label:severity,Critical -> Crit
INC-05584,incidents,missing_required_field:severity,
INC-05585,incidents,dirty_label:severity,Low -> LOW
INC-05592,incidents,mixed_date_format:incident_date,used format %d/%m/%Y: 13/11/2023
INC-05592,incidents,future_date:incident_date,2026-10-14
INC-05593,incidents,missing_required_field:severity,
INC-05594,incidents,missing_required_field:severity,
INC-05595,incidents,dirty_label:incident_type,Equipment Failure -> EQUIPMENT FAILURE
INC-05597,incidents,dirty_label:severity,Critical -> Crit
INC-05598,incidents,dirty_label:incident_type,Leak -> leak
INC-05598,incidents,missing_required_field:severity,
INC-05599,incidents,dirty_label:severity,High -> high
INC-05599,incidents,mixed_date_format:incident_date,used format %d/%m/%Y: 06/12/2024
INC-05599,incidents,out_of_range:compliance_score,-12.3
INC-05601,incidents,mixed_date_format:incident_date,used format %d/%m/%Y: 03/02/2025
INC-05602,incidents,dirty_label:incident_type,Equipment Failure -> EQUIPMENT FAILURE
INC-05603,incidents,mixed_date_format:incident_date,used format %m/%d/%Y: 10/10/2025
INC-05603,incidents,missing_required_field:incident_type,
INC-05604,incidents,dirty_label:incident_type,Leak ->  Leak
INC-05605,incidents,dirty_label:incident_type,Equipment Failure -> Equip. Failure
INC-05608,incidents,dirty_label:incident_type,Equipment Failure -> EQUIPMENT FAILURE
INC-05609,incidents,dirty_label:severity,Low -> LOW
INC-05610,incidents,missing_required_field:severity,
INC-05613,incidents,dirty_label:severity,High -> high
INC-05614,incidents,dirty_label:severity,Medium -> Medium 
INC-05614,incidents,dirty_label:incident_type,Equipment Failure -> Equip. Failure
INC-05615,incidents,mixed_date_format:incident_date,used format %d/%m/%Y: 18/06/2026
INC-05619,incidents,missing_required_field:incident_type,
INC-05621,incidents,dirty_label:severity,Low -> low
INC-05622,incidents,dirty_label:severity,Critical ->  Critical
INC-05622,incidents,future_date:incident_date,2026-08-14
INC-05623,incidents,dirty_label:incident_type,Spill ->  spill 
INC-05626,incidents,missing_required_field:incident_type,
INC-05628,incidents,mixed_date_format:incident_date,used format %Y-%m-%dT%H:%M:%SZ: 2024-05-02T00:00:00Z
INC-05631,incidents,mixed_date_format:incident_date,used format %Y-%m-%dT%H:%M:%SZ: 2024-04-09T00:00:00Z
INC-05634,incidents,invalid_coordinates,"coordinates (0,0)"
INC-05636,incidents,mixed_date_format:incident_date,used format %Y-%m-%dT%H:%M:%SZ: 2024-10-02T00:00:00Z
INC-05636,incidents,missing_required_field:severity,
INC-05637,incidents,missing_required_field:severity,
INC-05637,incidents,missing_required_field:incident_type,
INC-05639,incidents,dirty_label:severity,Low -> LOW
INC-05639,incidents,mixed_date_format:incident_date,used format %Y-%m-%dT%H:%M:%SZ: 2024-01-13T00:00:00Z
INC-05641,incidents,mixed_date_format:incident_date,used format %m/%d/%Y: 09/20/2025
INC-05643,incidents,mixed_date_format:incident_date,used format %Y-%m-%dT%H:%M:%SZ: 2024-05-21T00:00:00Z
INC-05646,incidents,missing_required_field:severity,
INC-05649,incidents,mixed_date_format:incident_date,used format %Y-%m-%dT%H:%M:%SZ: 2024-12-09T00:00:00Z
INC-05651,incidents,dirty_label:severity,High -> high
INC-05652,incidents,mixed_date_format:incident_date,used format %d-%b-%Y: 05-Sep-2023
INC-05653,incidents,missing_required_field:severity,
INC-05659,incidents,dirty_label:incident_type,Equipment Failure -> EQUIPMENT FAILURE
INC-05660,incidents,mixed_date_format:incident_date,used format %d-%b-%Y: 11-Jan-2025
INC-05661,incidents,dirty_label:severity,Critical -> Crit
INC-05664,incidents,mixed_date_format:incident_date,used format %d-%b-%Y: 05-Jul-2025
INC-05666,incidents,dirty_label:incident_type,Leak -> leak
INC-05666,incidents,mixed_date_format:incident_date,used format %d/%m/%Y: 01/03/2025
INC-05666,incidents,out_of_range:compliance_score,104.0
INC-05667,incidents,dirty_label:severity,High -> HIGH
INC-05667,incidents,mixed_date_format:incident_date,used format %d/%m/%Y: 27/03/2024
INC-05669,incidents,dirty_label:severity,Low ->  Low
INC-05669,incidents,dirty_label:incident_type,Leak -> leak 
INC-05670,incidents,dirty_label:severity,Medium -> Medium 
INC-05672,incidents,dirty_label:severity,High -> HIGH
INC-05673,incidents,mixed_date_format:incident_date,used format %d-%b-%Y: 06-Jul-2025
INC-05674,incidents,dirty_label:severity,Medium -> Med
INC-05675,incidents,dirty_label:incident_type,Fire -> fire
INC-05676,incidents,mixed_date_format:incident_date,used format %Y-%m-%dT%H:%M:%SZ: 2026-05-07T00:00:00Z
INC-05677,incidents,mixed_date_format:incident_date,used format %d-%b-%Y: 26-Oct-2023
INC-05678,incidents,mixed_date_format:incident_date,used format %d-%b-%Y: 13-Mar-2024
INC-05681,incidents,mixed_date_format:incident_date,used format %Y-%m-%dT%H:%M:%SZ: 2026-01-15T00:00:00Z
INC-05682,incidents,dirty_label:severity,Medium ->  medium
INC-05685,incidents,mixed_date_format:incident_date,used format %m/%d/%Y: 06/30/2025
INC-05687,incidents,dirty_label:incident_type,Near Miss -> near miss
INC-05690,incidents,missing_required_field:severity,
INC-05690,incidents,future_date:incident_date,2026-08-20
INC-05695,incidents,dirty_label:severity,Medium -> Medium 
INC-05696,incidents,dirty_label:severity,Medium -> MEDIUM
INC-05697,incidents,dirty_label:severity,Medium -> MEDIUM
INC-05698,incidents,dirty_label:severity,Medium -> medium
INC-05700,incidents,dirty_label:severity,Critical -> CRITICAL
INC-05702,incidents,dirty_label:incident_type,Equipment Failure -> EQUIPMENT FAILURE
INC-05703,incidents,mixed_date_format:incident_date,used format %d/%m/%Y: 27/07/2024
INC-05704,incidents,mixed_date_format:incident_date,used format %d-%b-%Y: 12-Nov-2025
INC-05709,incidents,out_of_range:compliance_score,150.0
INC-05710,incidents,dirty_label:severity,High -> HIGH
INC-05710,incidents,dirty_label:incident_type,Spill -> Spill 
INC-05718,incidents,mixed_date_format:incident_date,used format %m/%d/%Y: 10/14/2025
INC-05720,incidents,dirty_label:severity,High -> Hi
INC-05722,incidents,mixed_date_format:incident_date,used format %d-%b-%Y: 27-Nov-2024
INC-05725,incidents,mixed_date_format:incident_date,used format %d-%b-%Y: 06-Apr-2026
INC-05726,incidents,mixed_date_format:incident_date,used format %d/%m/%Y: 29/02/2024
INC-05727,incidents,mixed_date_format:incident_date,used format %m/%d/%Y: 10/23/2023
INC-05736,incidents,mixed_date_format:incident_date,used format %m/%d/%Y: 01/14/2026
INC-05738,incidents,dirty_label:severity,High -> high
INC-05738,incidents,mixed_date_format:incident_date,used format %d-%b-%Y: 08-Jan-2025
INC-05739,incidents,dirty_label:incident_type,Near Miss -> Near  Miss
INC-05739,incidents,mixed_date_format:incident_date,used format %d/%m/%Y: 29/07/2023
INC-05740,incidents,dirty_label:incident_type,Leak -> leak 
INC-05741,incidents,mixed_date_format:incident_date,used format %Y-%m-%dT%H:%M:%SZ: 2025-10-09T00:00:00Z
INC-05741,incidents,missing_required_field:incident_type,
INC-05742,incidents,invalid_coordinates,longitude=284.566344 outside valid range
INC-05744,incidents,missing_required_field:incident_type,
INC-05745,incidents,dirty_label:severity,Medium -> medium
INC-05745,incidents,mixed_date_format:incident_date,used format %m/%d/%Y: 09/21/2023
INC-05746,incidents,mixed_date_format:incident_date,used format %m/%d/%Y: 02/08/2024
INC-05747,incidents,mixed_date_format:incident_date,used format %m/%d/%Y: 04/03/2024
INC-05750,incidents,mixed_date_format:incident_date,used format %Y-%m-%dT%H:%M:%SZ: 2024-02-25T00:00:00Z
INC-05753,incidents,dirty_label:incident_type,Equipment Failure -> EQUIPMENT FAILURE
INC-05759,incidents,mixed_date_format:incident_date,used format %d-%b-%Y: 23-Jul-2025
INC-05762,incidents,dirty_label:severity,Critical -> CRITICAL
INC-05763,incidents,dirty_label:severity,Low -> low
INC-05763,incidents,future_date:incident_date,2026-08-28
INC-05764,incidents,mixed_date_format:incident_date,used format %d/%m/%Y: 12/02/2025
INC-05765,incidents,invalid_coordinates,latitude=120.850118 > 90
INC-05766,incidents,mixed_date_format:incident_date,used format %Y-%m-%dT%H:%M:%SZ: 2025-01-11T00:00:00Z
INC-05767,incidents,dirty_label:severity,Critical -> crit
INC-05767,incidents,dirty_label:incident_type,Spill -> SPILL
INC-05771,incidents,mixed_date_format:incident_date,used format %d/%m/%Y: 26/03/2024
INC-05773,incidents,mixed_date_format:incident_date,used format %d/%m/%Y: 14/11/2024
INC-05773,incidents,future_date:incident_date,2026-09-11
INC-05774,incidents,dirty_label:incident_type,Leak -> Oil Leak
INC-05775,incidents,mixed_date_format:incident_date,used format %d/%m/%Y: 22/06/2024
INC-05776,incidents,dirty_label:severity,Medium -> Med
INC-05776,incidents,missing_required_field:incident_type,
INC-05777,incidents,missing_required_field:incident_type,
INC-05786,incidents,invalid_coordinates,"coordinates (0,0)"
INC-05786,incidents,dirty_label:incident_type,Leak -> Oil Leak
INC-05787,incidents,dirty_label:severity,Medium ->  medium
INC-05788,incidents,dirty_label:severity,Medium -> Med
INC-05789,incidents,missing_required_field:severity,
INC-05792,incidents,dirty_label:severity,High -> high
INC-05792,incidents,mixed_date_format:incident_date,used format %Y-%m-%dT%H:%M:%SZ: 2026-02-14T00:00:00Z
INC-05793,incidents,mixed_date_format:incident_date,used format %d-%b-%Y: 09-Nov-2024
INC-05794,incidents,dirty_label:severity,High -> high
INC-05797,incidents,dirty_label:severity,High ->  High
INC-05798,incidents,dirty_label:severity,Critical -> Crit
INC-05798,incidents,dirty_label:incident_type,Fire ->  fire
INC-05798,incidents,mixed_date_format:incident_date,used format %d-%b-%Y: 16-Apr-2024
INC-05800,incidents,missing_required_field:severity,
INC-05802,incidents,missing_required_field:severity,
INC-05803,incidents,dirty_label:incident_type,Leak -> leak
INC-05807,incidents,dirty_label:incident_type,Spill ->  spill 
INC-05810,incidents,dirty_label:severity,High -> Hi
INC-05813,incidents,missing_required_field:incident_type,
INC-05815,incidents,mixed_date_format:incident_date,used format %d-%b-%Y: 13-May-2024
INC-05816,incidents,dirty_label:severity,Low -> Lo
INC-05817,incidents,mixed_date_format:incident_date,used format %Y-%m-%dT%H:%M:%SZ: 2026-05-26T00:00:00Z
INC-05818,incidents,future_date:incident_date,2026-08-28
INC-05819,incidents,dirty_label:severity,High ->  High
INC-05822,incidents,mixed_date_format:incident_date,used format %d/%m/%Y: 29/08/2023
INC-05823,incidents,dirty_label:incident_type,Fire -> Fire 
INC-05824,incidents,dirty_label:severity,Critical -> Crit
INC-05824,incidents,mixed_date_format:incident_date,used format %m/%d/%Y: 05/04/2024
INC-05825,incidents,out_of_range:compliance_score,150.0
INC-05827,incidents,dirty_label:severity,Low -> Lo
INC-05828,incidents,missing_required_field:severity,
INC-05829,incidents,mixed_date_format:incident_date,used format %m/%d/%Y: 01/02/2025
INC-05830,incidents,dirty_label:incident_type,Leak -> LEAK
INC-05833,incidents,mixed_date_format:incident_date,used format %d/%m/%Y: 28/03/2025
INC-05835,incidents,missing_required_field:severity,
INC-05836,incidents,mixed_date_format:incident_date,used format %d/%m/%Y: 16/02/2026
INC-05837,incidents,missing_required_field:severity,
INC-05839,incidents,dirty_label:incident_type,Leak -> LEAK
INC-05844,incidents,dirty_label:severity,High -> Hi
INC-05849,incidents,mixed_date_format:incident_date,used format %m/%d/%Y: 02/15/2026
INC-05850,incidents,dirty_label:incident_type,Near Miss -> Near  Miss
INC-05857,incidents,mixed_date_format:incident_date,used format %m/%d/%Y: 06/29/2025
INC-05863,incidents,missing_required_field:incident_type,
INC-05864,incidents,missing_required_field:severity,
INC-05864,incidents,missing_required_field:incident_type,
INC-05865,incidents,mixed_date_format:incident_date,used format %d-%b-%Y: 15-Jan-2026
INC-05866,incidents,mixed_date_format:incident_date,used format %Y-%m-%dT%H:%M:%SZ: 2024-08-02T00:00:00Z
INC-05868,incidents,mixed_date_format:incident_date,used format %d/%m/%Y: 04/09/2024
INC-05871,incidents,dirty_label:incident_type,Leak -> LEAK
INC-05874,incidents,mixed_date_format:incident_date,used format %d/%m/%Y: 17/11/2025
INC-05875,incidents,mixed_date_format:incident_date,used format %Y-%m-%dT%H:%M:%SZ: 2023-08-28T00:00:00Z
INC-05875,incidents,missing_required_field:incident_type,
INC-05876,incidents,mixed_date_format:incident_date,used format %m/%d/%Y: 03/21/2025
INC-05877,incidents,dirty_label:severity,High ->  High
INC-05879,incidents,mixed_date_format:incident_date,used format %Y-%m-%dT%H:%M:%SZ: 2026-04-08T00:00:00Z
INC-05882,incidents,dirty_label:severity,Medium ->  medium
INC-05884,incidents,dirty_label:incident_type,Equipment Failure -> EQUIPMENT FAILURE
INC-05885,incidents,dirty_label:incident_type,Spill -> spill
INC-05886,incidents,mixed_date_format:incident_date,used format %d-%b-%Y: 15-Oct-2025
INC-05887,incidents,mixed_date_format:incident_date,used format %d/%m/%Y: 16/07/2024
INC-05888,incidents,mixed_date_format:incident_date,used format %m/%d/%Y: 10/13/2024
INC-05894,incidents,missing_required_field:incident_type,
INC-05895,incidents,future_date:incident_date,2026-08-23
INC-05896,incidents,mixed_date_format:incident_date,used format %m/%d/%Y: 01/15/2025
INC-05901,incidents,mixed_date_format:incident_date,used format %d-%b-%Y: 19-Oct-2023
INC-05902,incidents,dirty_label:incident_type,Fire -> FIRE
INC-05906,incidents,dirty_label:incident_type,Spill -> Minor Spill
INC-05912,incidents,dirty_label:severity,Low -> LOW
INC-05913,incidents,mixed_date_format:incident_date,used format %d/%m/%Y: 11/05/2026
INC-05915,incidents,mixed_date_format:incident_date,used format %Y-%m-%dT%H:%M:%SZ: 2024-04-12T00:00:00Z
INC-05915,incidents,out_of_range:compliance_score,150.0
INC-05917,incidents,dirty_label:incident_type,Equipment Failure -> Equip. Failure
INC-05919,incidents,out_of_range:compliance_score,-5.0
INC-05923,incidents,dirty_label:incident_type,Spill ->  spill 
INC-05923,incidents,mixed_date_format:incident_date,used format %Y-%m-%dT%H:%M:%SZ: 2025-10-14T00:00:00Z
INC-05926,incidents,missing_required_field:severity,
INC-05928,incidents,dirty_label:severity,Medium ->  medium
INC-05928,incidents,mixed_date_format:incident_date,used format %Y-%m-%dT%H:%M:%SZ: 2025-04-15T00:00:00Z
INC-05931,incidents,missing_required_field:incident_type,
INC-05933,incidents,dirty_label:incident_type,Equipment Failure -> Equip. Failure
INC-05933,incidents,missing_required_field:severity,
INC-05936,incidents,mixed_date_format:incident_date,used format %d/%m/%Y: 14/03/2026
INC-05938,incidents,dirty_label:incident_type,Leak -> leak
INC-05940,incidents,mixed_date_format:incident_date,used format %d-%b-%Y: 26-Aug-2023
INC-05940,incidents,missing_required_field:severity,
INC-05946,incidents,dirty_label:incident_type,Fire ->  fire
INC-05947,incidents,missing_required_field:incident_type,
INC-05951,incidents,missing_required_field:incident_type,
INC-05955,incidents,dirty_label:incident_type,Spill -> Spill 
INC-05956,incidents,dirty_label:severity,Low -> low
INC-05960,incidents,dirty_label:incident_type,Near Miss -> Near  Miss
INC-05960,incidents,missing_required_field:severity,
INC-05961,incidents,dirty_label:severity,High -> high
INC-05962,incidents,future_date:incident_date,2026-08-28
INC-05963,incidents,dirty_label:severity,Critical ->  Critical
INC-05964,incidents,mixed_date_format:incident_date,used format %d/%m/%Y: 03/03/2024
INC-05964,incidents,out_of_range:compliance_score,-5.0
INC-05965,incidents,missing_required_field:incident_type,
INC-05967,incidents,mixed_date_format:incident_date,used format %m/%d/%Y: 11/30/2023
INC-05969,incidents,mixed_date_format:incident_date,used format %Y-%m-%dT%H:%M:%SZ: 2025-01-29T00:00:00Z
INC-05971,incidents,missing_required_field:incident_type,
INC-05973,incidents,dirty_label:incident_type,Leak -> leak 
INC-05973,incidents,missing_required_field:incident_type,
INC-05974,incidents,mixed_date_format:incident_date,used format %Y-%m-%dT%H:%M:%SZ: 2026-01-08T00:00:00Z
INC-05975,incidents,dirty_label:incident_type,Near Miss -> NEAR MISS
INC-05976,incidents,dirty_label:incident_type,Leak ->  Leak
INC-05976,incidents,out_of_range:compliance_score,115.7
INC-05977,incidents,mixed_date_format:incident_date,used format %Y-%m-%dT%H:%M:%SZ: 2025-12-12T00:00:00Z
INC-05978,incidents,mixed_date_format:incident_date,used format %m/%d/%Y: 06/06/2025
INC-05979,incidents,dirty_label:severity,Low -> low
INC-05979,incidents,out_of_range:compliance_score,115.7
INC-05980,incidents,dirty_label:incident_type,Equipment Failure -> Equip. Failure
INC-05986,incidents,dirty_label:severity,High -> HIGH
INC-05986,incidents,mixed_date_format:incident_date,used format %d-%b-%Y: 28-Jun-2026
INC-05987,incidents,dirty_label:severity,High -> HIGH
INC-05987,incidents,mixed_date_format:incident_date,used format %d-%b-%Y: 26-Jun-2025
INC-05988,incidents,dirty_label:incident_type,Fire -> FIRE
INC-05992,incidents,mixed_date_format:incident_date,used format %m/%d/%Y: 12/07/2023
INC-05992,incidents,out_of_range:compliance_score,-5.0
INC-05995,incidents,dirty_label:severity,Low -> Lo
INC-05998,incidents,future_date:incident_date,2026-07-25
INC-06001,incidents,invalid_coordinates,longitude=310.251643 outside valid range
INC-06002,incidents,invalid_coordinates,longitude=328.149465 outside valid range
INC-06004,incidents,missing_required_field:incident_type,
INC-06008,incidents,missing_required_field:severity,
INC-06013,incidents,dirty_label:severity,Low -> LOW
INC-06013,incidents,future_date:incident_date,2026-08-06
INC-06014,incidents,dirty_label:incident_type,Equipment Failure -> Equip. Failure
INC-06014,incidents,mixed_date_format:incident_date,used format %d-%b-%Y: 05-Oct-2025
INC-06015,incidents,future_date:incident_date,2026-07-31
INC-06017,incidents,mixed_date_format:incident_date,used format %d/%m/%Y: 14/03/2026
INC-06020,incidents,dirty_label:severity,High ->  High
INC-06022,incidents,dirty_label:incident_type,Fire -> fire
INC-06023,incidents,dirty_label:incident_type,Fire -> Fire 
INC-06027,incidents,dirty_label:severity,Critical -> CRITICAL
INC-06029,incidents,dirty_label:severity,High -> HIGH
INC-06029,incidents,mixed_date_format:incident_date,used format %Y-%m-%dT%H:%M:%SZ: 2024-12-02T00:00:00Z
INC-06031,incidents,missing_required_field:incident_type,
INC-06032,incidents,out_of_range:compliance_score,-12.3
INC-06035,incidents,mixed_date_format:incident_date,used format %d/%m/%Y: 18/12/2025
INC-06042,incidents,dirty_label:severity,High -> high
INC-06042,incidents,mixed_date_format:incident_date,used format %d/%m/%Y: 12/11/2023
INC-06042,incidents,missing_required_field:incident_type,
INC-06044,incidents,dirty_label:incident_type,Near Miss -> NEAR MISS
INC-06051,incidents,dirty_label:severity,Low -> Lo
INC-06054,incidents,invalid_coordinates,"coordinates (0,0)"
INC-06057,incidents,dirty_label:incident_type,Fire -> fire
INC-06057,incidents,mixed_date_format:incident_date,used format %d-%b-%Y: 30-Oct-2023
INC-06058,incidents,dirty_label:severity,Low -> Lo
INC-06059,incidents,dirty_label:incident_type,Near Miss -> near-miss
INC-06063,incidents,missing_required_field:incident_type,
INC-06064,incidents,mixed_date_format:incident_date,used format %d-%b-%Y: 25-Aug-2025
INC-06064,incidents,future_date:incident_date,2026-08-05
INC-06066,incidents,dirty_label:severity,Medium ->  medium
INC-06066,incidents,mixed_date_format:incident_date,used format %d/%m/%Y: 14/03/2024
INC-06067,incidents,mixed_date_format:incident_date,used format %d-%b-%Y: 26-Aug-2023
INC-06067,incidents,missing_required_field:incident_type,
INC-06069,incidents,dirty_label:incident_type,Fire -> FIRE
INC-06069,incidents,mixed_date_format:incident_date,used format %d/%m/%Y: 21/04/2025
INC-06071,incidents,mixed_date_format:incident_date,used format %m/%d/%Y: 09/05/2025
INC-06071,incidents,missing_required_field:incident_type,
INC-06073,incidents,dirty_label:severity,Critical ->  Critical
INC-06074,incidents,mixed_date_format:incident_date,used format %d-%b-%Y: 12-Oct-2023
INC-06074,incidents,missing_required_field:severity,
INC-06076,incidents,mixed_date_format:incident_date,used format %d-%b-%Y: 27-Sep-2023
INC-06078,incidents,dirty_label:severity,Low ->  Low
INC-06078,incidents,mixed_date_format:incident_date,used format %Y-%m-%dT%H:%M:%SZ: 2026-01-14T00:00:00Z
INC-06078,incidents,future_date:incident_date,2026-08-28
INC-06080,incidents,mixed_date_format:incident_date,used format %Y-%m-%dT%H:%M:%SZ: 2024-03-25T00:00:00Z
INC-06082,incidents,dirty_label:severity,Medium -> medium
INC-06083,incidents,dirty_label:severity,Medium -> Medium 
INC-06083,incidents,dirty_label:incident_type,Fire ->  fire
INC-06083,incidents,mixed_date_format:incident_date,used format %d/%m/%Y: 01/05/2024
INC-06083,incidents,missing_required_field:severity,
INC-06086,incidents,missing_required_field:severity,
INC-01536,incidents,duplicate_id,
INC-05757,incidents,duplicate_id,
INC-04433,incidents,duplicate_id,
INC-06059,incidents,duplicate_id,
INC-04816,incidents,duplicate_id,
INC-03391,incidents,duplicate_id,
INC-00641,incidents,duplicate_id,
INC-03400,incidents,duplicate_id,
INC-01956,incidents,duplicate_id,
INC-01368,incidents,duplicate_id,
INC-00254,incidents,duplicate_id,
INC-02476,incidents,duplicate_id,
INC-05627,incidents,duplicate_id,
INC-05857,incidents,duplicate_id,
INC-04722,incidents,duplicate_id,
INC-01557,incidents,duplicate_id,
INC-01498,incidents,duplicate_id,
INC-01020,incidents,duplicate_id,
INC-06030,incidents,duplicate_id,
INC-03129,incidents,duplicate_id,
INC-04018,incidents,duplicate_id,
INC-06010,incidents,duplicate_id,
INC-04984,incidents,duplicate_id,
INC-02706,incidents,duplicate_id,
INC-00973,incidents,duplicate_id,
INC-01099,incidents,duplicate_id,
INC-02755,incidents,duplicate_id,
INC-05876,incidents,duplicate_id,
INC-02777,incidents,duplicate_id,
INC-03898,incidents,duplicate_id,
INC-05700,incidents,duplicate_id,
INC-01302,incidents,duplicate_id,
INC-05821,incidents,duplicate_id,
INC-00228,incidents,duplicate_id,
INC-00172,incidents,duplicate_id,
INC-04650,incidents,duplicate_id,
INC-01230,incidents,duplicate_id,
INC-00710,incidents,duplicate_id,
INC-05740,incidents,duplicate_id,
INC-05107,incidents,duplicate_id,
INC-03456,incidents,duplicate_id,
INC-02668,incidents,duplicate_id,
INC-00675,incidents,duplicate_id,
INC-03158,incidents,duplicate_id,
INC-02510,incidents,duplicate_id,
INC-02101,incidents,duplicate_id,
INC-00954,incidents,duplicate_id,
INC-02638,incidents,duplicate_id,
INC-01440,incidents,duplicate_id,
INC-00186,incidents,duplicate_id,
INC-02799,incidents,duplicate_id,
INC-03404,incidents,duplicate_id,
INC-02354,incidents,duplicate_id,
INC-03195,incidents,duplicate_id,
INC-05672,incidents,duplicate_id,
INC-01524,incidents,duplicate_id,
INC-03862,incidents,duplicate_id,
INC-05438,incidents,duplicate_id,
INC-01047,incidents,duplicate_id,
INC-01990,incidents,duplicate_id,
INC-00374,incidents,duplicate_id,
INC-01013,incidents,duplicate_id,
INC-03733,incidents,duplicate_id,
INC-03619,incidents,duplicate_id,
INC-03351,incidents,duplicate_id,
INC-04536,incidents,duplicate_id,
INC-04290,incidents,duplicate_id,
INC-03679,incidents,duplicate_id,
INC-03583,incidents,duplicate_id,
INC-05433,incidents,duplicate_id,
INC-03004,incidents,duplicate_id,
INC-04857,incidents,duplicate_id,
INC-05476,incidents,duplicate_id,
INC-05237,incidents,duplicate_id,
INC-06090,incidents,duplicate_id,
INC-03402,incidents,duplicate_id,
INC-01016,incidents,duplicate_id,
INC-02150,incidents,duplicate_id,
INC-01731,incidents,duplicate_id,
INC-05168,incidents,duplicate_id,
INC-01508,incidents,duplicate_id,
INC-03153,incidents,duplicate_id,
INC-05596,incidents,duplicate_id,
INC-05187,incidents,duplicate_id,
INC-04248,incidents,duplicate_id,
INC-03399,incidents,duplicate_id,
INC-01369,incidents,duplicate_id,
INC-01297,incidents,duplicate_id,
INC-03507,incidents,duplicate_id,
INC-05770,incidents,duplicate_id,
INC-00925,incidents,duplicate_id,
AUD-00009,audits,mixed_date_format:inspection_date,used format %d-%b-%Y: 09-May-2024
AUD-00014,audits,mixed_date_format:closed_date,used format %d-%b-%Y: 06-Jul-2026
AUD-00016,audits,mixed_date_format:closed_date,used format %m/%d/%Y: 01/09/2025
AUD-00017,audits,mixed_date_format:closed_date,used format %m/%d/%Y: 03/12/2025
AUD-00018,audits,mixed_date_format:inspection_date,used format %d/%m/%Y: 09/06/2026
AUD-00020,audits,mixed_date_format:inspection_date,used format %Y-%m-%dT%H:%M:%SZ: 2024-09-08T00:00:00Z
AUD-00021,audits,mixed_date_format:inspection_date,used format %d-%b-%Y: 22-Jun-2025
AUD-00021,audits,mixed_date_format:closed_date,used format %Y-%m-%dT%H:%M:%SZ: 2025-06-28T00:00:00Z
AUD-00022,audits,mixed_date_format:closed_date,used format %m/%d/%Y: 12/24/2024
AUD-00024,audits,mixed_date_format:inspection_date,used format %Y-%m-%dT%H:%M:%SZ: 2025-06-06T00:00:00Z
AUD-00031,audits,closed_before_inspection,closed=2025-05-24 < inspection=2025-06-01
AUD-00032,audits,mixed_date_format:inspection_date,used format %d-%b-%Y: 12-Apr-2024
AUD-00033,audits,closed_before_inspection,closed=2025-01-06 < inspection=2025-02-05
AUD-00034,audits,mixed_date_format:closed_date,used format %Y-%m-%dT%H:%M:%SZ: 2025-05-26T00:00:00Z
AUD-00034,audits,closed_before_inspection,closed=2025-04-28 < inspection=2025-05-02
AUD-00036,audits,mixed_date_format:inspection_date,used format %d/%m/%Y: 01/08/2024
AUD-00039,audits,mixed_date_format:inspection_date,used format %m/%d/%Y: 02/22/2026
AUD-00041,audits,mixed_date_format:closed_date,used format %m/%d/%Y: 04/11/2026
AUD-00044,audits,mixed_date_format:inspection_date,used format %d-%b-%Y: 12-Dec-2024
AUD-00046,audits,mixed_date_format:inspection_date,used format %d-%b-%Y: 06-Feb-2024
AUD-00049,audits,closed_before_inspection,closed=2025-11-08 < inspection=2025-11-25
AUD-00056,audits,mixed_date_format:closed_date,used format %m/%d/%Y: 05/06/2025
AUD-00056,audits,closed_before_inspection,closed=2025-03-31 < inspection=2025-04-14
AUD-00060,audits,mixed_date_format:inspection_date,used format %m/%d/%Y: 12/07/2024
AUD-00064,audits,mixed_date_format:closed_date,used format %m/%d/%Y: 04/10/2025
AUD-00064,audits,closed_before_inspection,closed=2025-03-22 < inspection=2025-03-29
AUD-00067,audits,out_of_range:compliance_score,-7.5
AUD-00069,audits,mixed_date_format:closed_date,used format %Y-%m-%dT%H:%M:%SZ: 2026-01-05T00:00:00Z
AUD-00074,audits,mixed_date_format:closed_date,used format %m/%d/%Y: 07/27/2025
AUD-00078,audits,mixed_date_format:inspection_date,used format %m/%d/%Y: 07/04/2026
AUD-00078,audits,out_of_range:compliance_score,-7.1
AUD-00079,audits,mixed_date_format:inspection_date,used format %d/%m/%Y: 14/07/2026
AUD-00081,audits,mixed_date_format:inspection_date,used format %m/%d/%Y: 03/13/2025
AUD-00082,audits,mixed_date_format:inspection_date,used format %Y-%m-%dT%H:%M:%SZ: 2025-04-22T00:00:00Z
AUD-00082,audits,out_of_range:compliance_score,-3.4
AUD-00085,audits,closed_before_inspection,closed=2026-06-14 < inspection=2026-06-19
AUD-00086,audits,mixed_date_format:inspection_date,used format %d-%b-%Y: 24-Jul-2025
AUD-00088,audits,mixed_date_format:inspection_date,used format %Y-%m-%dT%H:%M:%SZ: 2025-10-21T00:00:00Z
AUD-00090,audits,mixed_date_format:inspection_date,used format %d/%m/%Y: 05/02/2024
AUD-00094,audits,closed_before_inspection,closed=2024-12-12 < inspection=2024-12-26
AUD-00096,audits,mixed_date_format:inspection_date,used format %d/%m/%Y: 22/10/2025
AUD-00102,audits,out_of_range:compliance_score,104.0
AUD-00105,audits,mixed_date_format:inspection_date,used format %d-%b-%Y: 05-May-2024
AUD-00113,audits,mixed_date_format:inspection_date,used format %Y-%m-%dT%H:%M:%SZ: 2026-07-11T00:00:00Z
AUD-00118,audits,mixed_date_format:inspection_date,used format %m/%d/%Y: 01/11/2026
AUD-00123,audits,mixed_date_format:inspection_date,used format %d/%m/%Y: 15/08/2024
AUD-00123,audits,mixed_date_format:closed_date,used format %Y-%m-%dT%H:%M:%SZ: 2024-10-11T00:00:00Z
AUD-00124,audits,out_of_range:compliance_score,-2.7
AUD-00125,audits,mixed_date_format:closed_date,used format %d/%m/%Y: 30/04/2024
AUD-00129,audits,mixed_date_format:closed_date,used format %d/%m/%Y: 06/01/2025
AUD-00146,audits,mixed_date_format:inspection_date,used format %Y-%m-%dT%H:%M:%SZ: 2025-08-18T00:00:00Z
AUD-00147,audits,closed_before_inspection,closed=2025-07-20 < inspection=2025-08-07
AUD-00148,audits,mixed_date_format:inspection_date,used format %m/%d/%Y: 06/08/2024
AUD-00161,audits,mixed_date_format:closed_date,used format %d/%m/%Y: 11/04/2026
AUD-00169,audits,mixed_date_format:inspection_date,used format %Y-%m-%dT%H:%M:%SZ: 2024-02-06T00:00:00Z
AUD-00175,audits,mixed_date_format:inspection_date,used format %m/%d/%Y: 08/26/2024
AUD-00177,audits,mixed_date_format:closed_date,used format %d/%m/%Y: 05/08/2024
AUD-00179,audits,mixed_date_format:closed_date,used format %d/%m/%Y: 08/01/2025
AUD-00179,audits,closed_before_inspection,closed=2024-11-24 < inspection=2024-12-23
AUD-00184,audits,mixed_date_format:closed_date,used format %d/%m/%Y: 18/04/2025
AUD-00188,audits,mixed_date_format:inspection_date,used format %d-%b-%Y: 05-Dec-2024
AUD-00189,audits,out_of_range:compliance_score,-3.2
AUD-00190,audits,mixed_date_format:inspection_date,used format %d-%b-%Y: 11-May-2026
AUD-00191,audits,mixed_date_format:inspection_date,used format %d/%m/%Y: 11/07/2026
AUD-00208,audits,mixed_date_format:inspection_date,used format %m/%d/%Y: 02/07/2024
AUD-00214,audits,mixed_date_format:inspection_date,used format %m/%d/%Y: 06/18/2026
AUD-00215,audits,mixed_date_format:closed_date,used format %d-%b-%Y: 24-Aug-2024
AUD-00216,audits,mixed_date_format:closed_date,used format %d/%m/%Y: 14/05/2024
AUD-00227,audits,mixed_date_format:inspection_date,used format %m/%d/%Y: 02/21/2025
AUD-00227,audits,mixed_date_format:closed_date,used format %d/%m/%Y: 17/05/2025
AUD-00231,audits,mixed_date_format:inspection_date,used format %d/%m/%Y: 25/06/2026
AUD-00231,audits,mixed_date_format:closed_date,used format %d-%b-%Y: 30-Jun-2026
AUD-00233,audits,mixed_date_format:closed_date,used format %d-%b-%Y: 20-May-2024
AUD-00234,audits,out_of_range:compliance_score,104.3
AUD-00234,audits,closed_before_inspection,closed=2026-04-13 < inspection=2026-04-28
AUD-00244,audits,mixed_date_format:inspection_date,used format %d/%m/%Y: 30/07/2024
AUD-00245,audits,mixed_date_format:inspection_date,used format %d-%b-%Y: 15-Nov-2025
AUD-00252,audits,future_date:inspection_date,2026-08-07
AUD-00254,audits,mixed_date_format:inspection_date,used format %Y-%m-%dT%H:%M:%SZ: 2026-07-08T00:00:00Z
AUD-00254,audits,mixed_date_format:closed_date,used format %m/%d/%Y: 07/20/2026
AUD-00257,audits,mixed_date_format:inspection_date,used format %d-%b-%Y: 07-Mar-2024
AUD-00257,audits,mixed_date_format:closed_date,used format %d-%b-%Y: 04-Apr-2024
AUD-00258,audits,mixed_date_format:closed_date,used format %d-%b-%Y: 15-Feb-2026
AUD-00263,audits,mixed_date_format:closed_date,used format %m/%d/%Y: 12/25/2025
AUD-00264,audits,mixed_date_format:inspection_date,used format %m/%d/%Y: 06/19/2025
AUD-00274,audits,closed_before_inspection,closed=2025-11-13 < inspection=2025-12-07
AUD-00276,audits,mixed_date_format:inspection_date,used format %m/%d/%Y: 02/23/2024
AUD-00278,audits,mixed_date_format:inspection_date,used format %Y-%m-%dT%H:%M:%SZ: 2024-05-19T00:00:00Z
AUD-00283,audits,mixed_date_format:inspection_date,used format %Y-%m-%dT%H:%M:%SZ: 2025-12-02T00:00:00Z
AUD-00284,audits,mixed_date_format:inspection_date,used format %d/%m/%Y: 10/05/2026
AUD-00285,audits,mixed_date_format:inspection_date,used format %d-%b-%Y: 26-Feb-2025
AUD-00286,audits,mixed_date_format:closed_date,used format %d-%b-%Y: 24-May-2026
AUD-00288,audits,mixed_date_format:closed_date,used format %d/%m/%Y: 28/07/2024
AUD-00291,audits,mixed_date_format:closed_date,used format %d/%m/%Y: 22/07/2024
AUD-00292,audits,closed_before_inspection,closed=2026-06-18 < inspection=2026-07-09
AUD-00294,audits,mixed_date_format:inspection_date,used format %d/%m/%Y: 14/09/2025
AUD-00297,audits,mixed_date_format:inspection_date,used format %Y-%m-%dT%H:%M:%SZ: 2025-12-05T00:00:00Z
AUD-00297,audits,mixed_date_format:closed_date,used format %d-%b-%Y: 29-Dec-2025
AUD-00304,audits,mixed_date_format:closed_date,used format %d/%m/%Y: 07/11/2024
AUD-00305,audits,mixed_date_format:inspection_date,used format %d/%m/%Y: 23/03/2026
AUD-00307,audits,mixed_date_format:inspection_date,used format %Y-%m-%dT%H:%M:%SZ: 2026-03-01T00:00:00Z
AUD-00312,audits,mixed_date_format:inspection_date,used format %d-%b-%Y: 15-May-2024
AUD-00312,audits,mixed_date_format:closed_date,used format %d/%m/%Y: 10/06/2024
AUD-00314,audits,mixed_date_format:inspection_date,used format %d-%b-%Y: 06-Sep-2025
AUD-00314,audits,mixed_date_format:closed_date,used format %m/%d/%Y: 10/10/2025
AUD-00315,audits,mixed_date_format:closed_date,used format %Y-%m-%dT%H:%M:%SZ: 2024-08-14T00:00:00Z
AUD-00326,audits,mixed_date_format:inspection_date,used format %Y-%m-%dT%H:%M:%SZ: 2024-12-03T00:00:00Z
AUD-00326,audits,mixed_date_format:closed_date,used format %d-%b-%Y: 26-Dec-2024
AUD-00329,audits,future_date:inspection_date,2026-07-29
AUD-00332,audits,mixed_date_format:inspection_date,used format %m/%d/%Y: 05/01/2024
AUD-00343,audits,mixed_date_format:inspection_date,used format %d-%b-%Y: 15-Mar-2024
AUD-00356,audits,mixed_date_format:inspection_date,used format %d/%m/%Y: 05/11/2025
AUD-00358,audits,out_of_range:compliance_score,150.1
AUD-00362,audits,mixed_date_format:inspection_date,used format %m/%d/%Y: 04/12/2026
AUD-00366,audits,mixed_date_format:inspection_date,used format %Y-%m-%dT%H:%M:%SZ: 2025-02-17T00:00:00Z
AUD-00367,audits,mixed_date_format:closed_date,used format %d/%m/%Y: 16/05/2025
AUD-00369,audits,mixed_date_format:inspection_date,used format %d/%m/%Y: 04/05/2026
AUD-00374,audits,mixed_date_format:inspection_date,used format %d-%b-%Y: 04-Feb-2024
AUD-00383,audits,mixed_date_format:closed_date,used format %m/%d/%Y: 07/07/2025
AUD-00393,audits,future_date:inspection_date,2026-09-01
AUD-00395,audits,mixed_date_format:inspection_date,used format %d/%m/%Y: 15/11/2024
AUD-00396,audits,future_date:inspection_date,2026-08-15
AUD-00397,audits,mixed_date_format:inspection_date,used format %d/%m/%Y: 13/06/2024
AUD-00398,audits,mixed_date_format:closed_date,used format %d/%m/%Y: 17/09/2025
AUD-00401,audits,mixed_date_format:inspection_date,used format %d-%b-%Y: 25-Mar-2025
AUD-00406,audits,closed_before_inspection,closed=2025-05-19 < inspection=2025-06-17
AUD-00408,audits,mixed_date_format:inspection_date,used format %Y-%m-%dT%H:%M:%SZ: 2025-05-20T00:00:00Z
AUD-00412,audits,out_of_range:compliance_score,104.4
AUD-00413,audits,mixed_date_format:inspection_date,used format %d/%m/%Y: 17/12/2024
AUD-00413,audits,mixed_date_format:closed_date,used format %m/%d/%Y: 12/25/2024
AUD-00414,audits,future_date:inspection_date,2026-07-30
AUD-00415,audits,mixed_date_format:closed_date,used format %d/%m/%Y: 14/11/2025
AUD-00430,audits,mixed_date_format:closed_date,used format %Y-%m-%dT%H:%M:%SZ: 2026-07-04T00:00:00Z
AUD-00432,audits,mixed_date_format:inspection_date,used format %m/%d/%Y: 02/13/2025
AUD-00441,audits,mixed_date_format:closed_date,used format %d/%m/%Y: 24/10/2024
AUD-00445,audits,mixed_date_format:inspection_date,used format %m/%d/%Y: 05/20/2024
AUD-00446,audits,mixed_date_format:closed_date,used format %d/%m/%Y: 02/11/2024
AUD-00448,audits,mixed_date_format:inspection_date,used format %Y-%m-%dT%H:%M:%SZ: 2025-07-06T00:00:00Z
AUD-00451,audits,mixed_date_format:inspection_date,used format %d-%b-%Y: 20-Oct-2024
AUD-00452,audits,mixed_date_format:inspection_date,used format %d/%m/%Y: 24/05/2025
AUD-00452,audits,mixed_date_format:closed_date,used format %m/%d/%Y: 06/06/2025
AUD-00458,audits,mixed_date_format:inspection_date,used format %d/%m/%Y: 24/05/2024
AUD-00461,audits,mixed_date_format:closed_date,used format %d-%b-%Y: 09-Mar-2024
AUD-00473,audits,mixed_date_format:inspection_date,used format %d-%b-%Y: 15-May-2024
AUD-00480,audits,mixed_date_format:inspection_date,used format %m/%d/%Y: 09/28/2024
AUD-00481,audits,mixed_date_format:inspection_date,used format %d-%b-%Y: 11-Jul-2025
AUD-00484,audits,mixed_date_format:closed_date,used format %d-%b-%Y: 23-Dec-2025
AUD-00490,audits,mixed_date_format:inspection_date,used format %Y-%m-%dT%H:%M:%SZ: 2026-05-12T00:00:00Z
AUD-00494,audits,mixed_date_format:inspection_date,used format %d/%m/%Y: 07/05/2025
AUD-00498,audits,future_date:inspection_date,2026-09-17
AUD-00499,audits,mixed_date_format:inspection_date,used format %Y-%m-%dT%H:%M:%SZ: 2026-06-19T00:00:00Z
AUD-00500,audits,mixed_date_format:inspection_date,used format %m/%d/%Y: 06/08/2024
AUD-00500,audits,mixed_date_format:closed_date,used format %Y-%m-%dT%H:%M:%SZ: 2024-06-17T00:00:00Z
AUD-00505,audits,out_of_range:compliance_score,-3.0
AUD-00506,audits,mixed_date_format:inspection_date,used format %d/%m/%Y: 14/01/2026
AUD-00509,audits,mixed_date_format:inspection_date,used format %d/%m/%Y: 13/06/2025
AUD-00510,audits,mixed_date_format:inspection_date,used format %d/%m/%Y: 03/06/2025
AUD-00511,audits,mixed_date_format:closed_date,used format %Y-%m-%dT%H:%M:%SZ: 2025-05-04T00:00:00Z
AUD-00511,audits,future_date:inspection_date,2026-07-24
AUD-00514,audits,mixed_date_format:inspection_date,used format %Y-%m-%dT%H:%M:%SZ: 2025-02-07T00:00:00Z
AUD-00523,audits,out_of_range:compliance_score,-2.6
AUD-00528,audits,mixed_date_format:inspection_date,used format %Y-%m-%dT%H:%M:%SZ: 2024-12-18T00:00:00Z
AUD-00536,audits,future_date:inspection_date,2026-07-27
AUD-00540,audits,mixed_date_format:inspection_date,used format %d/%m/%Y: 28/09/2025
AUD-00543,audits,mixed_date_format:inspection_date,used format %d/%m/%Y: 14/07/2024
AUD-00545,audits,mixed_date_format:closed_date,used format %d-%b-%Y: 06-Aug-2025
AUD-00547,audits,mixed_date_format:inspection_date,used format %d-%b-%Y: 30-Mar-2024
AUD-00554,audits,mixed_date_format:closed_date,used format %m/%d/%Y: 02/21/2025
AUD-00558,audits,mixed_date_format:closed_date,used format %d/%m/%Y: 11/04/2024
AUD-00568,audits,mixed_date_format:inspection_date,used format %m/%d/%Y: 08/30/2025
AUD-00568,audits,future_date:inspection_date,2026-08-10
AUD-00575,audits,mixed_date_format:closed_date,used format %Y-%m-%dT%H:%M:%SZ: 2025-01-16T00:00:00Z
AUD-00578,audits,mixed_date_format:inspection_date,used format %d-%b-%Y: 26-Mar-2026
AUD-00582,audits,mixed_date_format:closed_date,used format %m/%d/%Y: 10/08/2024
AUD-00584,audits,mixed_date_format:closed_date,used format %Y-%m-%dT%H:%M:%SZ: 2025-09-08T00:00:00Z
AUD-00588,audits,mixed_date_format:closed_date,used format %d/%m/%Y: 06/07/2024
AUD-00597,audits,mixed_date_format:closed_date,used format %d/%m/%Y: 10/11/2024
AUD-00598,audits,mixed_date_format:closed_date,used format %Y-%m-%dT%H:%M:%SZ: 2025-10-05T00:00:00Z
AUD-00606,audits,mixed_date_format:inspection_date,used format %d/%m/%Y: 15/06/2025
AUD-00607,audits,mixed_date_format:inspection_date,used format %d/%m/%Y: 14/02/2025
AUD-00612,audits,mixed_date_format:inspection_date,used format %m/%d/%Y: 04/05/2024
AUD-00619,audits,mixed_date_format:closed_date,used format %d/%m/%Y: 01/09/2025
AUD-00621,audits,mixed_date_format:closed_date,used format %d-%b-%Y: 15-May-2026
AUD-00623,audits,mixed_date_format:inspection_date,used format %m/%d/%Y: 05/01/2024
AUD-00625,audits,mixed_date_format:closed_date,used format %Y-%m-%dT%H:%M:%SZ: 2025-02-20T00:00:00Z
AUD-00631,audits,mixed_date_format:inspection_date,used format %d-%b-%Y: 10-Apr-2025
AUD-00632,audits,mixed_date_format:closed_date,used format %d-%b-%Y: 28-Feb-2026
AUD-00632,audits,closed_before_inspection,closed=2026-02-01 < inspection=2026-02-05
AUD-00634,audits,mixed_date_format:inspection_date,used format %d/%m/%Y: 25/02/2025
AUD-00634,audits,mixed_date_format:closed_date,used format %d-%b-%Y: 08-Mar-2025
AUD-00635,audits,mixed_date_format:inspection_date,used format %d/%m/%Y: 29/12/2025
AUD-00636,audits,future_date:inspection_date,2026-07-27
AUD-00639,audits,mixed_date_format:inspection_date,used format %m/%d/%Y: 02/07/2025
AUD-00640,audits,mixed_date_format:closed_date,used format %d-%b-%Y: 25-Oct-2025
AUD-00642,audits,mixed_date_format:inspection_date,used format %m/%d/%Y: 02/12/2025
AUD-00645,audits,out_of_range:compliance_score,150.2
AUD-00647,audits,mixed_date_format:inspection_date,used format %Y-%m-%dT%H:%M:%SZ: 2024-12-20T00:00:00Z
AUD-00649,audits,mixed_date_format:closed_date,used format %d-%b-%Y: 03-Feb-2025
AUD-00649,audits,future_date:inspection_date,2026-08-23
AUD-00653,audits,mixed_date_format:inspection_date,used format %d-%b-%Y: 14-Jan-2026
AUD-00654,audits,mixed_date_format:closed_date,used format %m/%d/%Y: 03/06/2025
AUD-00656,audits,mixed_date_format:inspection_date,used format %d/%m/%Y: 31/01/2026
AUD-00658,audits,mixed_date_format:inspection_date,used format %d/%m/%Y: 08/06/2024
AUD-00659,audits,mixed_date_format:closed_date,used format %Y-%m-%dT%H:%M:%SZ: 2026-01-12T00:00:00Z
AUD-00666,audits,mixed_date_format:inspection_date,used format %d-%b-%Y: 16-Aug-2024
AUD-00668,audits,out_of_range:compliance_score,-3.0
AUD-00669,audits,mixed_date_format:inspection_date,used format %d-%b-%Y: 02-Dec-2025
AUD-00673,audits,mixed_date_format:closed_date,used format %d-%b-%Y: 15-Jan-2025
AUD-00677,audits,out_of_range:compliance_score,105.0
AUD-00678,audits,mixed_date_format:closed_date,used format %m/%d/%Y: 05/17/2026
AUD-00684,audits,out_of_range:compliance_score,-2.6
AUD-00685,audits,mixed_date_format:inspection_date,used format %d-%b-%Y: 15-Aug-2024
AUD-00686,audits,mixed_date_format:closed_date,used format %d/%m/%Y: 28/09/2024
AUD-00688,audits,mixed_date_format:inspection_date,used format %d/%m/%Y: 30/05/2024
AUD-00688,audits,out_of_range:compliance_score,-7.5
AUD-00689,audits,mixed_date_format:inspection_date,used format %Y-%m-%dT%H:%M:%SZ: 2026-04-04T00:00:00Z
AUD-00693,audits,mixed_date_format:inspection_date,used format %d-%b-%Y: 31-May-2026
AUD-00699,audits,mixed_date_format:closed_date,used format %Y-%m-%dT%H:%M:%SZ: 2025-02-10T00:00:00Z
AUD-00701,audits,mixed_date_format:inspection_date,used format %m/%d/%Y: 06/04/2025
AUD-00703,audits,mixed_date_format:inspection_date,used format %m/%d/%Y: 07/01/2024
AUD-00706,audits,mixed_date_format:inspection_date,used format %m/%d/%Y: 06/28/2025
AUD-00708,audits,mixed_date_format:inspection_date,used format %m/%d/%Y: 07/30/2024
AUD-00709,audits,mixed_date_format:inspection_date,used format %m/%d/%Y: 11/20/2025
AUD-00716,audits,mixed_date_format:closed_date,used format %d-%b-%Y: 13-Jul-2025
AUD-00717,audits,out_of_range:compliance_score,-7.3
AUD-00719,audits,mixed_date_format:closed_date,used format %m/%d/%Y: 06/04/2025
AUD-00721,audits,out_of_range:compliance_score,104.0
AUD-00724,audits,mixed_date_format:inspection_date,used format %m/%d/%Y: 03/15/2025
AUD-00728,audits,mixed_date_format:inspection_date,used format %m/%d/%Y: 01/12/2026
AUD-00729,audits,mixed_date_format:inspection_date,used format %m/%d/%Y: 06/18/2025
AUD-00731,audits,mixed_date_format:inspection_date,used format %d/%m/%Y: 04/09/2024
AUD-00740,audits,mixed_date_format:inspection_date,used format %Y-%m-%dT%H:%M:%SZ: 2026-06-21T00:00:00Z
AUD-00746,audits,closed_before_inspection,closed=2025-04-23 < inspection=2025-05-01
AUD-00753,audits,future_date:inspection_date,2026-07-31
AUD-00756,audits,mixed_date_format:closed_date,used format %Y-%m-%dT%H:%M:%SZ: 2024-09-04T00:00:00Z
AUD-00757,audits,mixed_date_format:inspection_date,used format %Y-%m-%dT%H:%M:%SZ: 2025-07-29T00:00:00Z
AUD-00761,audits,mixed_date_format:inspection_date,used format %d/%m/%Y: 07/06/2025
AUD-00772,audits,mixed_date_format:closed_date,used format %d/%m/%Y: 22/09/2025
AUD-00773,audits,mixed_date_format:closed_date,used format %m/%d/%Y: 03/22/2026
AUD-00774,audits,mixed_date_format:inspection_date,used format %d-%b-%Y: 05-May-2025
AUD-00777,audits,future_date:inspection_date,2026-09-06
AUD-00778,audits,mixed_date_format:closed_date,used format %d-%b-%Y: 25-Jan-2025
AUD-00779,audits,mixed_date_format:inspection_date,used format %m/%d/%Y: 05/22/2024
AUD-00780,audits,mixed_date_format:inspection_date,used format %d/%m/%Y: 09/06/2024
AUD-00791,audits,mixed_date_format:inspection_date,used format %d/%m/%Y: 07/02/2024
AUD-00793,audits,mixed_date_format:inspection_date,used format %d/%m/%Y: 17/12/2025
AUD-00794,audits,mixed_date_format:inspection_date,used format %d/%m/%Y: 05/03/2026
AUD-00796,audits,mixed_date_format:closed_date,used format %d/%m/%Y: 22/06/2024
AUD-00799,audits,mixed_date_format:inspection_date,used format %m/%d/%Y: 08/25/2024
AUD-00803,audits,mixed_date_format:closed_date,used format %d-%b-%Y: 14-Aug-2024
AUD-00804,audits,mixed_date_format:inspection_date,used format %d-%b-%Y: 06-Oct-2025
AUD-00819,audits,mixed_date_format:inspection_date,used format %d/%m/%Y: 30/12/2025
AUD-00821,audits,mixed_date_format:inspection_date,used format %d-%b-%Y: 03-Aug-2024
AUD-00827,audits,mixed_date_format:inspection_date,used format %d-%b-%Y: 25-Jan-2026
AUD-00828,audits,mixed_date_format:closed_date,used format %d/%m/%Y: 20/08/2025
AUD-00828,audits,closed_before_inspection,closed=2025-07-17 < inspection=2025-08-01
AUD-00832,audits,future_date:inspection_date,2026-08-06
AUD-00835,audits,mixed_date_format:closed_date,used format %d-%b-%Y: 14-Aug-2026
AUD-00836,audits,mixed_date_format:closed_date,used format %d-%b-%Y: 19-Mar-2026
AUD-00837,audits,mixed_date_format:closed_date,used format %d-%b-%Y: 09-Sep-2025
AUD-00839,audits,mixed_date_format:inspection_date,used format %Y-%m-%dT%H:%M:%SZ: 2024-08-07T00:00:00Z
AUD-00841,audits,mixed_date_format:inspection_date,used format %d-%b-%Y: 13-Mar-2026
AUD-00843,audits,mixed_date_format:inspection_date,used format %d/%m/%Y: 11/04/2026
AUD-00846,audits,mixed_date_format:inspection_date,used format %m/%d/%Y: 05/17/2026
AUD-00846,audits,out_of_range:compliance_score,104.8
AUD-00853,audits,mixed_date_format:closed_date,used format %m/%d/%Y: 07/23/2025
AUD-00856,audits,mixed_date_format:inspection_date,used format %Y-%m-%dT%H:%M:%SZ: 2026-04-14T00:00:00Z
AUD-00857,audits,mixed_date_format:inspection_date,used format %m/%d/%Y: 07/12/2024
AUD-00870,audits,mixed_date_format:closed_date,used format %d-%b-%Y: 23-Sep-2024
AUD-00875,audits,mixed_date_format:inspection_date,used format %Y-%m-%dT%H:%M:%SZ: 2024-03-03T00:00:00Z
AUD-00883,audits,mixed_date_format:inspection_date,used format %d-%b-%Y: 12-Jun-2026
AUD-00884,audits,mixed_date_format:inspection_date,used format %d-%b-%Y: 13-Apr-2024
AUD-00884,audits,mixed_date_format:closed_date,used format %m/%d/%Y: 06/15/2024
AUD-00884,audits,out_of_range:compliance_score,-2.9
AUD-00886,audits,mixed_date_format:closed_date,used format %Y-%m-%dT%H:%M:%SZ: 2025-08-09T00:00:00Z
AUD-00892,audits,mixed_date_format:inspection_date,used format %d/%m/%Y: 15/06/2024
AUD-00893,audits,mixed_date_format:inspection_date,used format %Y-%m-%dT%H:%M:%SZ: 2024-08-15T00:00:00Z
AUD-00905,audits,future_date:inspection_date,2026-09-17
AUD-00916,audits,mixed_date_format:inspection_date,used format %m/%d/%Y: 03/16/2025
AUD-00916,audits,mixed_date_format:closed_date,used format %Y-%m-%dT%H:%M:%SZ: 2025-04-11T00:00:00Z
AUD-00922,audits,closed_before_inspection,closed=2024-09-09 < inspection=2024-09-11
AUD-00923,audits,mixed_date_format:inspection_date,used format %d-%b-%Y: 09-Feb-2026
AUD-00924,audits,future_date:inspection_date,2026-09-11
AUD-00926,audits,mixed_date_format:inspection_date,used format %d-%b-%Y: 12-Sep-2024
AUD-00929,audits,mixed_date_format:inspection_date,used format %Y-%m-%dT%H:%M:%SZ: 2025-03-27T00:00:00Z
AUD-00929,audits,mixed_date_format:closed_date,used format %d/%m/%Y: 11/04/2025
AUD-00930,audits,out_of_range:compliance_score,112.4
AUD-00931,audits,mixed_date_format:inspection_date,used format %d/%m/%Y: 27/02/2024
AUD-00935,audits,mixed_date_format:inspection_date,used format %d/%m/%Y: 03/07/2026
AUD-00935,audits,mixed_date_format:closed_date,used format %m/%d/%Y: 07/20/2026
AUD-00940,audits,mixed_date_format:closed_date,used format %d/%m/%Y: 15/02/2025
AUD-00943,audits,mixed_date_format:inspection_date,used format %d-%b-%Y: 29-Nov-2025
AUD-00947,audits,out_of_range:compliance_score,-7.4
AUD-00949,audits,mixed_date_format:closed_date,used format %d-%b-%Y: 30-May-2024
AUD-00951,audits,mixed_date_format:closed_date,used format %Y-%m-%dT%H:%M:%SZ: 2024-07-27T00:00:00Z
AUD-00953,audits,mixed_date_format:inspection_date,used format %m/%d/%Y: 03/20/2025
AUD-00960,audits,mixed_date_format:closed_date,used format %m/%d/%Y: 12/06/2024
AUD-00961,audits,mixed_date_format:inspection_date,used format %d-%b-%Y: 25-Oct-2024
AUD-00961,audits,mixed_date_format:closed_date,used format %d/%m/%Y: 02/12/2024
AUD-00966,audits,mixed_date_format:inspection_date,used format %m/%d/%Y: 01/14/2026
AUD-00967,audits,mixed_date_format:closed_date,used format %d/%m/%Y: 17/08/2024
AUD-00969,audits,mixed_date_format:inspection_date,used format %Y-%m-%dT%H:%M:%SZ: 2025-07-31T00:00:00Z
AUD-00973,audits,mixed_date_format:inspection_date,used format %d-%b-%Y: 05-Nov-2024
AUD-00975,audits,mixed_date_format:inspection_date,used format %Y-%m-%dT%H:%M:%SZ: 2024-02-14T00:00:00Z
AUD-00976,audits,mixed_date_format:closed_date,used format %m/%d/%Y: 06/26/2024
AUD-00984,audits,mixed_date_format:inspection_date,used format %d/%m/%Y: 02/05/2025
AUD-00986,audits,mixed_date_format:closed_date,used format %d-%b-%Y: 15-Aug-2024
AUD-00988,audits,mixed_date_format:inspection_date,used format %Y-%m-%dT%H:%M:%SZ: 2025-02-20T00:00:00Z
AUD-00995,audits,mixed_date_format:inspection_date,used format %m/%d/%Y: 05/17/2024
AUD-00996,audits,mixed_date_format:inspection_date,used format %Y-%m-%dT%H:%M:%SZ: 2025-04-23T00:00:00Z
AUD-00998,audits,mixed_date_format:closed_date,used format %Y-%m-%dT%H:%M:%SZ: 2024-09-30T00:00:00Z
AUD-01006,audits,mixed_date_format:inspection_date,used format %d-%b-%Y: 08-Oct-2024
AUD-01016,audits,mixed_date_format:inspection_date,used format %m/%d/%Y: 03/05/2025
AUD-01019,audits,mixed_date_format:closed_date,used format %Y-%m-%dT%H:%M:%SZ: 2025-02-04T00:00:00Z
AUD-01021,audits,mixed_date_format:closed_date,used format %d-%b-%Y: 19-Sep-2025
AUD-01029,audits,mixed_date_format:inspection_date,used format %d/%m/%Y: 16/05/2025
AUD-01030,audits,mixed_date_format:closed_date,used format %m/%d/%Y: 06/22/2024
AUD-01033,audits,mixed_date_format:closed_date,used format %d-%b-%Y: 16-Feb-2026
AUD-01036,audits,mixed_date_format:inspection_date,used format %m/%d/%Y: 12/28/2025
AUD-01037,audits,mixed_date_format:inspection_date,used format %Y-%m-%dT%H:%M:%SZ: 2024-06-09T00:00:00Z
AUD-01046,audits,mixed_date_format:inspection_date,used format %d/%m/%Y: 03/04/2025
AUD-01049,audits,mixed_date_format:closed_date,used format %d-%b-%Y: 16-Aug-2025
AUD-01057,audits,mixed_date_format:closed_date,used format %Y-%m-%dT%H:%M:%SZ: 2026-08-14T00:00:00Z
AUD-01059,audits,mixed_date_format:inspection_date,used format %d/%m/%Y: 08/01/2025
AUD-01064,audits,mixed_date_format:closed_date,used format %m/%d/%Y: 04/25/2024
AUD-01081,audits,mixed_date_format:inspection_date,used format %Y-%m-%dT%H:%M:%SZ: 2026-06-02T00:00:00Z
AUD-01085,audits,out_of_range:compliance_score,150.2
AUD-01086,audits,mixed_date_format:inspection_date,used format %d-%b-%Y: 20-Mar-2026
AUD-01088,audits,mixed_date_format:closed_date,used format %d/%m/%Y: 06/05/2025
AUD-01094,audits,mixed_date_format:inspection_date,used format %d-%b-%Y: 13-Jan-2025
AUD-01097,audits,mixed_date_format:closed_date,used format %Y-%m-%dT%H:%M:%SZ: 2025-06-23T00:00:00Z
AUD-01098,audits,mixed_date_format:closed_date,used format %d-%b-%Y: 07-Jul-2025
AUD-01099,audits,mixed_date_format:inspection_date,used format %Y-%m-%dT%H:%M:%SZ: 2025-07-25T00:00:00Z
AUD-01102,audits,mixed_date_format:closed_date,used format %Y-%m-%dT%H:%M:%SZ: 2024-04-06T00:00:00Z
AUD-01104,audits,mixed_date_format:inspection_date,used format %Y-%m-%dT%H:%M:%SZ: 2025-10-26T00:00:00Z
AUD-01104,audits,mixed_date_format:closed_date,used format %d-%b-%Y: 22-Nov-2025
AUD-01114,audits,mixed_date_format:inspection_date,used format %Y-%m-%dT%H:%M:%SZ: 2024-10-02T00:00:00Z
AUD-01123,audits,mixed_date_format:inspection_date,used format %d-%b-%Y: 02-May-2025
AUD-01123,audits,mixed_date_format:closed_date,used format %m/%d/%Y: 05/26/2025
AUD-01126,audits,mixed_date_format:inspection_date,used format %d-%b-%Y: 24-Sep-2024
AUD-01129,audits,closed_before_inspection,closed=2024-07-20 < inspection=2024-08-16
AUD-01134,audits,mixed_date_format:inspection_date,used format %Y-%m-%dT%H:%M:%SZ: 2025-06-09T00:00:00Z
AUD-01140,audits,mixed_date_format:inspection_date,used format %d-%b-%Y: 27-May-2024
AUD-01141,audits,mixed_date_format:closed_date,used format %m/%d/%Y: 05/06/2024
AUD-01148,audits,mixed_date_format:inspection_date,used format %d-%b-%Y: 14-Jan-2026
AUD-01152,audits,mixed_date_format:inspection_date,used format %d-%b-%Y: 23-Feb-2024
AUD-01154,audits,future_date:inspection_date,2026-07-26
AUD-01161,audits,mixed_date_format:closed_date,used format %m/%d/%Y: 07/01/2026
AUD-01161,audits,out_of_range:compliance_score,104.4
AUD-01163,audits,mixed_date_format:inspection_date,used format %m/%d/%Y: 06/09/2025
AUD-01166,audits,mixed_date_format:inspection_date,used format %d/%m/%Y: 16/06/2026
AUD-01176,audits,mixed_date_format:closed_date,used format %d-%b-%Y: 07-Nov-2024
AUD-01176,audits,out_of_range:compliance_score,104.4
AUD-01180,audits,mixed_date_format:inspection_date,used format %d/%m/%Y: 14/04/2024
AUD-01182,audits,closed_before_inspection,closed=2024-02-01 < inspection=2024-02-28
AUD-01188,audits,mixed_date_format:inspection_date,used format %m/%d/%Y: 11/20/2025
AUD-01190,audits,mixed_date_format:inspection_date,used format %d-%b-%Y: 28-Aug-2024
AUD-01194,audits,mixed_date_format:inspection_date,used format %Y-%m-%dT%H:%M:%SZ: 2026-04-10T00:00:00Z
AUD-01200,audits,future_date:inspection_date,2026-08-07
AUD-01201,audits,out_of_range:compliance_score,-2.8
AUD-01205,audits,out_of_range:compliance_score,-3.1
AUD-01207,audits,mixed_date_format:closed_date,used format %m/%d/%Y: 12/06/2025
AUD-01209,audits,mixed_date_format:closed_date,used format %Y-%m-%dT%H:%M:%SZ: 2026-03-10T00:00:00Z
AUD-01216,audits,mixed_date_format:inspection_date,used format %m/%d/%Y: 04/09/2026
AUD-01219,audits,mixed_date_format:inspection_date,used format %d-%b-%Y: 27-Jan-2026
AUD-01219,audits,mixed_date_format:closed_date,used format %m/%d/%Y: 02/06/2026
AUD-01221,audits,mixed_date_format:closed_date,used format %d-%b-%Y: 26-Jan-2026
AUD-01223,audits,mixed_date_format:inspection_date,used format %d-%b-%Y: 10-Dec-2025
AUD-01224,audits,mixed_date_format:inspection_date,used format %Y-%m-%dT%H:%M:%SZ: 2024-11-30T00:00:00Z
AUD-01230,audits,mixed_date_format:inspection_date,used format %m/%d/%Y: 02/23/2026
AUD-01241,audits,mixed_date_format:inspection_date,used format %d-%b-%Y: 21-Apr-2024
AUD-01243,audits,mixed_date_format:inspection_date,used format %d/%m/%Y: 29/05/2026
AUD-01252,audits,mixed_date_format:closed_date,used format %m/%d/%Y: 05/29/2024
AUD-01265,audits,mixed_date_format:closed_date,used format %Y-%m-%dT%H:%M:%SZ: 2025-06-03T00:00:00Z
AUD-01267,audits,mixed_date_format:closed_date,used format %m/%d/%Y: 08/17/2024
AUD-01271,audits,mixed_date_format:closed_date,used format %Y-%m-%dT%H:%M:%SZ: 2025-07-05T00:00:00Z
AUD-01272,audits,mixed_date_format:inspection_date,used format %d-%b-%Y: 22-Mar-2026
AUD-01273,audits,mixed_date_format:inspection_date,used format %d/%m/%Y: 08/06/2026
AUD-01279,audits,mixed_date_format:inspection_date,used format %d-%b-%Y: 28-May-2024
AUD-01283,audits,mixed_date_format:closed_date,used format %Y-%m-%dT%H:%M:%SZ: 2024-07-04T00:00:00Z
AUD-01287,audits,closed_before_inspection,closed=2025-12-16 < inspection=2025-12-26
AUD-01288,audits,mixed_date_format:inspection_date,used format %Y-%m-%dT%H:%M:%SZ: 2026-03-09T00:00:00Z
AUD-01292,audits,mixed_date_format:inspection_date,used format %Y-%m-%dT%H:%M:%SZ: 2026-06-12T00:00:00Z
AUD-01295,audits,mixed_date_format:closed_date,used format %m/%d/%Y: 04/11/2024
AUD-01296,audits,mixed_date_format:inspection_date,used format %Y-%m-%dT%H:%M:%SZ: 2026-03-04T00:00:00Z
AUD-01299,audits,mixed_date_format:inspection_date,used format %d-%b-%Y: 20-Jun-2025
AUD-01305,audits,mixed_date_format:inspection_date,used format %m/%d/%Y: 09/20/2025
AUD-01307,audits,mixed_date_format:closed_date,used format %Y-%m-%dT%H:%M:%SZ: 2026-03-08T00:00:00Z
AUD-01311,audits,mixed_date_format:closed_date,used format %Y-%m-%dT%H:%M:%SZ: 2026-01-31T00:00:00Z
AUD-01319,audits,mixed_date_format:inspection_date,used format %d/%m/%Y: 19/08/2024
AUD-01320,audits,mixed_date_format:closed_date,used format %d-%b-%Y: 12-Jan-2026
AUD-01324,audits,mixed_date_format:closed_date,used format %Y-%m-%dT%H:%M:%SZ: 2024-07-15T00:00:00Z
AUD-01326,audits,mixed_date_format:inspection_date,used format %Y-%m-%dT%H:%M:%SZ: 2025-01-11T00:00:00Z
AUD-01329,audits,mixed_date_format:closed_date,used format %d-%b-%Y: 23-Mar-2025
AUD-01332,audits,mixed_date_format:inspection_date,used format %m/%d/%Y: 07/07/2026
AUD-01336,audits,mixed_date_format:inspection_date,used format %Y-%m-%dT%H:%M:%SZ: 2025-03-26T00:00:00Z
AUD-01337,audits,out_of_range:compliance_score,150.2
AUD-01338,audits,mixed_date_format:closed_date,used format %d/%m/%Y: 08/06/2026
AUD-01343,audits,mixed_date_format:closed_date,used format %m/%d/%Y: 09/24/2024
AUD-01351,audits,mixed_date_format:inspection_date,used format %d-%b-%Y: 25-Mar-2025
AUD-01351,audits,mixed_date_format:closed_date,used format %Y-%m-%dT%H:%M:%SZ: 2025-05-20T00:00:00Z
AUD-01358,audits,mixed_date_format:closed_date,used format %d/%m/%Y: 19/07/2025
AUD-01366,audits,mixed_date_format:inspection_date,used format %m/%d/%Y: 11/05/2025
AUD-01367,audits,mixed_date_format:inspection_date,used format %d/%m/%Y: 06/09/2024
AUD-01373,audits,mixed_date_format:inspection_date,used format %d/%m/%Y: 06/08/2025
AUD-01377,audits,mixed_date_format:closed_date,used format %d/%m/%Y: 24/02/2025
AUD-01380,audits,mixed_date_format:inspection_date,used format %m/%d/%Y: 08/25/2025
AUD-01387,audits,mixed_date_format:closed_date,used format %Y-%m-%dT%H:%M:%SZ: 2026-05-24T00:00:00Z
AUD-01393,audits,mixed_date_format:closed_date,used format %m/%d/%Y: 09/23/2025
AUD-01394,audits,mixed_date_format:closed_date,used format %Y-%m-%dT%H:%M:%SZ: 2024-04-11T00:00:00Z
AUD-01403,audits,mixed_date_format:inspection_date,used format %d/%m/%Y: 19/06/2024
AUD-01405,audits,mixed_date_format:inspection_date,used format %Y-%m-%dT%H:%M:%SZ: 2024-07-06T00:00:00Z
AUD-01406,audits,mixed_date_format:inspection_date,used format %d-%b-%Y: 17-Jan-2025
AUD-01406,audits,mixed_date_format:closed_date,used format %d/%m/%Y: 11/02/2025
AUD-01411,audits,mixed_date_format:inspection_date,used format %m/%d/%Y: 08/06/2025
AUD-01411,audits,out_of_range:compliance_score,150.7
AUD-01418,audits,mixed_date_format:inspection_date,used format %Y-%m-%dT%H:%M:%SZ: 2024-03-06T00:00:00Z
AUD-01419,audits,mixed_date_format:closed_date,used format %d/%m/%Y: 31/10/2024
AUD-01421,audits,mixed_date_format:closed_date,used format %d-%b-%Y: 01-Dec-2025
AUD-01427,audits,mixed_date_format:inspection_date,used format %Y-%m-%dT%H:%M:%SZ: 2024-06-05T00:00:00Z
AUD-01428,audits,mixed_date_format:closed_date,used format %m/%d/%Y: 12/02/2025
AUD-01430,audits,mixed_date_format:closed_date,used format %m/%d/%Y: 01/20/2025
AUD-01431,audits,mixed_date_format:inspection_date,used format %d-%b-%Y: 01-Mar-2025
AUD-01432,audits,mixed_date_format:closed_date,used format %d/%m/%Y: 03/08/2026
AUD-01433,audits,mixed_date_format:inspection_date,used format %d-%b-%Y: 21-Feb-2024
AUD-01438,audits,mixed_date_format:closed_date,used format %m/%d/%Y: 05/23/2024
AUD-01440,audits,mixed_date_format:inspection_date,used format %m/%d/%Y: 04/27/2026
AUD-01440,audits,mixed_date_format:closed_date,used format %d-%b-%Y: 27-May-2026
AUD-01441,audits,mixed_date_format:inspection_date,used format %d/%m/%Y: 21/05/2024
AUD-01446,audits,mixed_date_format:closed_date,used format %d-%b-%Y: 24-May-2026
AUD-01447,audits,mixed_date_format:inspection_date,used format %Y-%m-%dT%H:%M:%SZ: 2025-08-08T00:00:00Z
AUD-01451,audits,mixed_date_format:closed_date,used format %d-%b-%Y: 13-Nov-2024
AUD-01455,audits,mixed_date_format:inspection_date,used format %m/%d/%Y: 05/01/2026
AUD-01461,audits,mixed_date_format:inspection_date,used format %m/%d/%Y: 02/07/2026
AUD-01462,audits,mixed_date_format:closed_date,used format %m/%d/%Y: 02/26/2025
AUD-01464,audits,mixed_date_format:closed_date,used format %m/%d/%Y: 10/27/2025
AUD-01469,audits,mixed_date_format:closed_date,used format %d/%m/%Y: 16/05/2026
AUD-01478,audits,mixed_date_format:closed_date,used format %m/%d/%Y: 12/03/2024
AUD-01478,audits,closed_before_inspection,closed=2024-08-28 < inspection=2024-09-16
AUD-01479,audits,mixed_date_format:closed_date,used format %Y-%m-%dT%H:%M:%SZ: 2024-06-24T00:00:00Z
AUD-01485,audits,mixed_date_format:closed_date,used format %d/%m/%Y: 01/04/2024
AUD-01489,audits,mixed_date_format:closed_date,used format %m/%d/%Y: 09/17/2025
AUD-01493,audits,closed_before_inspection,closed=2024-03-15 < inspection=2024-04-12
AUD-01498,audits,mixed_date_format:closed_date,used format %d/%m/%Y: 31/10/2025
AUD-01514,audits,mixed_date_format:closed_date,used format %m/%d/%Y: 08/03/2026
AUD-01519,audits,out_of_range:compliance_score,150.8
AUD-01520,audits,mixed_date_format:inspection_date,used format %Y-%m-%dT%H:%M:%SZ: 2024-03-10T00:00:00Z
AUD-01522,audits,mixed_date_format:closed_date,used format %d-%b-%Y: 28-Sep-2025
AUD-01523,audits,mixed_date_format:closed_date,used format %m/%d/%Y: 05/30/2024
AUD-01526,audits,mixed_date_format:closed_date,used format %Y-%m-%dT%H:%M:%SZ: 2024-11-20T00:00:00Z
AUD-01530,audits,mixed_date_format:inspection_date,used format %m/%d/%Y: 02/11/2024
AUD-01535,audits,mixed_date_format:inspection_date,used format %d-%b-%Y: 24-Apr-2025
AUD-01535,audits,mixed_date_format:closed_date,used format %d/%m/%Y: 04/05/2025
AUD-01551,audits,mixed_date_format:inspection_date,used format %m/%d/%Y: 07/31/2025
AUD-01552,audits,closed_before_inspection,closed=2026-01-13 < inspection=2026-01-19
AUD-01555,audits,future_date:inspection_date,2026-07-26
AUD-01556,audits,mixed_date_format:inspection_date,used format %Y-%m-%dT%H:%M:%SZ: 2024-06-01T00:00:00Z
AUD-01568,audits,mixed_date_format:inspection_date,used format %m/%d/%Y: 12/22/2025
AUD-01573,audits,closed_before_inspection,closed=2025-08-01 < inspection=2025-08-06
AUD-01575,audits,closed_before_inspection,closed=2024-03-31 < inspection=2024-04-11
AUD-01578,audits,mixed_date_format:closed_date,used format %d-%b-%Y: 18-Mar-2025
AUD-01580,audits,future_date:inspection_date,2026-08-23
AUD-01582,audits,closed_before_inspection,closed=2025-06-12 < inspection=2025-06-28
AUD-01583,audits,mixed_date_format:inspection_date,used format %Y-%m-%dT%H:%M:%SZ: 2025-01-04T00:00:00Z
AUD-01586,audits,mixed_date_format:closed_date,used format %Y-%m-%dT%H:%M:%SZ: 2026-03-04T00:00:00Z
AUD-01588,audits,mixed_date_format:closed_date,used format %d/%m/%Y: 03/04/2025
AUD-01588,audits,closed_before_inspection,closed=2025-02-28 < inspection=2025-03-14
AUD-01594,audits,mixed_date_format:closed_date,used format %Y-%m-%dT%H:%M:%SZ: 2025-02-11T00:00:00Z
AUD-01595,audits,mixed_date_format:inspection_date,used format %d/%m/%Y: 18/10/2025
AUD-01599,audits,mixed_date_format:closed_date,used format %Y-%m-%dT%H:%M:%SZ: 2024-09-06T00:00:00Z
AUD-01600,audits,out_of_range:compliance_score,112.5
AUD-01608,audits,future_date:inspection_date,2026-09-06
AUD-01612,audits,mixed_date_format:inspection_date,used format %Y-%m-%dT%H:%M:%SZ: 2024-08-17T00:00:00Z
AUD-01615,audits,mixed_date_format:inspection_date,used format %d-%b-%Y: 18-Aug-2025
AUD-01619,audits,mixed_date_format:inspection_date,used format %m/%d/%Y: 02/20/2025
AUD-01621,audits,mixed_date_format:inspection_date,used format %d-%b-%Y: 07-Jun-2025
AUD-01621,audits,mixed_date_format:closed_date,used format %d-%b-%Y: 11-Jul-2025
AUD-01624,audits,mixed_date_format:closed_date,used format %m/%d/%Y: 05/10/2026
AUD-01630,audits,mixed_date_format:inspection_date,used format %Y-%m-%dT%H:%M:%SZ: 2024-10-05T00:00:00Z
AUD-01630,audits,mixed_date_format:closed_date,used format %d-%b-%Y: 17-Oct-2024
AUD-01632,audits,mixed_date_format:closed_date,used format %d/%m/%Y: 24/07/2025
AUD-01638,audits,mixed_date_format:inspection_date,used format %m/%d/%Y: 12/22/2024
AUD-01640,audits,mixed_date_format:closed_date,used format %m/%d/%Y: 08/07/2024
AUD-01647,audits,mixed_date_format:inspection_date,used format %d/%m/%Y: 13/06/2026
AUD-01649,audits,mixed_date_format:inspection_date,used format %Y-%m-%dT%H:%M:%SZ: 2026-07-07T00:00:00Z
AUD-01658,audits,mixed_date_format:inspection_date,used format %d/%m/%Y: 19/03/2026
AUD-01668,audits,mixed_date_format:inspection_date,used format %Y-%m-%dT%H:%M:%SZ: 2025-05-01T00:00:00Z
AUD-01670,audits,future_date:inspection_date,2026-09-12
AUD-01680,audits,mixed_date_format:inspection_date,used format %m/%d/%Y: 05/02/2024
AUD-01681,audits,mixed_date_format:inspection_date,used format %Y-%m-%dT%H:%M:%SZ: 2025-03-05T00:00:00Z
AUD-01689,audits,mixed_date_format:closed_date,used format %m/%d/%Y: 04/23/2026
AUD-01692,audits,mixed_date_format:inspection_date,used format %d-%b-%Y: 11-Jun-2025
AUD-01694,audits,mixed_date_format:inspection_date,used format %Y-%m-%dT%H:%M:%SZ: 2025-01-26T00:00:00Z
AUD-01695,audits,mixed_date_format:inspection_date,used format %m/%d/%Y: 12/29/2025
AUD-01695,audits,mixed_date_format:closed_date,used format %Y-%m-%dT%H:%M:%SZ: 2026-01-19T00:00:00Z
AUD-01696,audits,mixed_date_format:inspection_date,used format %m/%d/%Y: 02/08/2026
AUD-01698,audits,mixed_date_format:inspection_date,used format %Y-%m-%dT%H:%M:%SZ: 2024-09-13T00:00:00Z
AUD-01700,audits,mixed_date_format:inspection_date,used format %d/%m/%Y: 20/02/2026
AUD-01703,audits,mixed_date_format:inspection_date,used format %d-%b-%Y: 29-Feb-2024
AUD-01717,audits,future_date:inspection_date,2026-08-18
AUD-01719,audits,mixed_date_format:inspection_date,used format %m/%d/%Y: 06/30/2024
AUD-01722,audits,mixed_date_format:inspection_date,used format %m/%d/%Y: 04/06/2024
AUD-01722,audits,future_date:inspection_date,2026-09-16
AUD-01723,audits,mixed_date_format:inspection_date,used format %d-%b-%Y: 02-Jun-2026
AUD-01727,audits,mixed_date_format:inspection_date,used format %Y-%m-%dT%H:%M:%SZ: 2025-09-15T00:00:00Z
AUD-01729,audits,mixed_date_format:closed_date,used format %Y-%m-%dT%H:%M:%SZ: 2025-01-27T00:00:00Z
AUD-01731,audits,mixed_date_format:inspection_date,used format %Y-%m-%dT%H:%M:%SZ: 2024-11-04T00:00:00Z
AUD-01731,audits,mixed_date_format:closed_date,used format %Y-%m-%dT%H:%M:%SZ: 2024-11-14T00:00:00Z
AUD-01731,audits,out_of_range:compliance_score,112.5
AUD-01735,audits,mixed_date_format:inspection_date,used format %Y-%m-%dT%H:%M:%SZ: 2024-10-16T00:00:00Z
AUD-01742,audits,mixed_date_format:inspection_date,used format %d/%m/%Y: 05/09/2025
AUD-01745,audits,mixed_date_format:closed_date,used format %m/%d/%Y: 02/01/2025
AUD-01750,audits,mixed_date_format:inspection_date,used format %d/%m/%Y: 22/09/2024
AUD-01753,audits,closed_before_inspection,closed=2025-12-30 < inspection=2026-01-21
AUD-01759,audits,mixed_date_format:inspection_date,used format %d/%m/%Y: 14/04/2026
AUD-01764,audits,mixed_date_format:closed_date,used format %d-%b-%Y: 11-Sep-2024
AUD-01768,audits,closed_before_inspection,closed=2025-09-26 < inspection=2025-10-02
AUD-01778,audits,mixed_date_format:inspection_date,used format %Y-%m-%dT%H:%M:%SZ: 2025-07-14T00:00:00Z
AUD-01779,audits,mixed_date_format:inspection_date,used format %Y-%m-%dT%H:%M:%SZ: 2025-03-20T00:00:00Z
AUD-01782,audits,mixed_date_format:closed_date,used format %d/%m/%Y: 16/06/2026
AUD-01788,audits,mixed_date_format:inspection_date,used format %d-%b-%Y: 06-Jan-2025
AUD-01790,audits,mixed_date_format:inspection_date,used format %m/%d/%Y: 06/08/2024
AUD-01791,audits,mixed_date_format:inspection_date,used format %Y-%m-%dT%H:%M:%SZ: 2025-01-31T00:00:00Z
AUD-01804,audits,mixed_date_format:closed_date,used format %d/%m/%Y: 16/09/2025
AUD-01805,audits,mixed_date_format:inspection_date,used format %Y-%m-%dT%H:%M:%SZ: 2026-03-13T00:00:00Z
AUD-01806,audits,mixed_date_format:closed_date,used format %m/%d/%Y: 04/09/2025
AUD-01813,audits,out_of_range:compliance_score,150.4
AUD-01818,audits,mixed_date_format:inspection_date,used format %d/%m/%Y: 01/06/2025
AUD-01820,audits,mixed_date_format:closed_date,used format %Y-%m-%dT%H:%M:%SZ: 2026-07-02T00:00:00Z
AUD-01822,audits,out_of_range:compliance_score,112.8
AUD-01826,audits,mixed_date_format:closed_date,used format %d/%m/%Y: 20/03/2024
AUD-01827,audits,mixed_date_format:inspection_date,used format %d/%m/%Y: 25/07/2025
AUD-01834,audits,mixed_date_format:inspection_date,used format %d/%m/%Y: 11/07/2026
AUD-01848,audits,mixed_date_format:inspection_date,used format %Y-%m-%dT%H:%M:%SZ: 2024-12-11T00:00:00Z
AUD-01849,audits,mixed_date_format:inspection_date,used format %Y-%m-%dT%H:%M:%SZ: 2024-12-24T00:00:00Z
AUD-01854,audits,mixed_date_format:inspection_date,used format %m/%d/%Y: 05/19/2026
AUD-01855,audits,mixed_date_format:closed_date,used format %d/%m/%Y: 04/12/2025
AUD-01857,audits,mixed_date_format:closed_date,used format %d/%m/%Y: 29/07/2024
AUD-01861,audits,mixed_date_format:closed_date,used format %m/%d/%Y: 11/02/2024
AUD-01865,audits,mixed_date_format:closed_date,used format %m/%d/%Y: 06/02/2024
AUD-01867,audits,mixed_date_format:inspection_date,used format %Y-%m-%dT%H:%M:%SZ: 2024-11-12T00:00:00Z
AUD-01869,audits,mixed_date_format:inspection_date,used format %d/%m/%Y: 05/07/2026
AUD-01870,audits,mixed_date_format:inspection_date,used format %Y-%m-%dT%H:%M:%SZ: 2024-12-13T00:00:00Z
AUD-01874,audits,mixed_date_format:closed_date,used format %d-%b-%Y: 31-Oct-2024
AUD-01875,audits,mixed_date_format:closed_date,used format %m/%d/%Y: 07/18/2026
AUD-01876,audits,mixed_date_format:inspection_date,used format %d/%m/%Y: 06/07/2025
AUD-01877,audits,mixed_date_format:inspection_date,used format %m/%d/%Y: 12/11/2025
AUD-01881,audits,mixed_date_format:inspection_date,used format %d-%b-%Y: 28-May-2025
AUD-01881,audits,mixed_date_format:closed_date,used format %Y-%m-%dT%H:%M:%SZ: 2025-06-18T00:00:00Z
AUD-01883,audits,mixed_date_format:closed_date,used format %m/%d/%Y: 12/19/2025
AUD-01883,audits,out_of_range:compliance_score,-2.6
AUD-01891,audits,mixed_date_format:inspection_date,used format %m/%d/%Y: 02/19/2025
AUD-01894,audits,mixed_date_format:closed_date,used format %d/%m/%Y: 30/05/2026
AUD-01895,audits,mixed_date_format:inspection_date,used format %Y-%m-%dT%H:%M:%SZ: 2025-08-08T00:00:00Z
AUD-01901,audits,mixed_date_format:closed_date,used format %m/%d/%Y: 09/19/2026
AUD-01905,audits,mixed_date_format:inspection_date,used format %d/%m/%Y: 17/07/2025
AUD-01909,audits,mixed_date_format:inspection_date,used format %d-%b-%Y: 27-Sep-2025
AUD-01910,audits,mixed_date_format:closed_date,used format %m/%d/%Y: 05/07/2025
AUD-01910,audits,closed_before_inspection,closed=2025-03-31 < inspection=2025-04-25
AUD-01912,audits,mixed_date_format:inspection_date,used format %d-%b-%Y: 21-Jan-2025
AUD-01913,audits,mixed_date_format:inspection_date,used format %Y-%m-%dT%H:%M:%SZ: 2024-11-30T00:00:00Z
AUD-01915,audits,mixed_date_format:closed_date,used format %d/%m/%Y: 11/07/2024
AUD-01917,audits,mixed_date_format:closed_date,used format %m/%d/%Y: 05/08/2024
AUD-01918,audits,mixed_date_format:closed_date,used format %Y-%m-%dT%H:%M:%SZ: 2025-09-02T00:00:00Z
AUD-01924,audits,mixed_date_format:inspection_date,used format %Y-%m-%dT%H:%M:%SZ: 2024-07-08T00:00:00Z
AUD-01927,audits,mixed_date_format:inspection_date,used format %m/%d/%Y: 03/05/2025
AUD-01927,audits,mixed_date_format:closed_date,used format %m/%d/%Y: 03/24/2025
AUD-01928,audits,mixed_date_format:closed_date,used format %m/%d/%Y: 03/31/2025
AUD-01928,audits,closed_before_inspection,closed=2025-01-05 < inspection=2025-01-30
AUD-01930,audits,mixed_date_format:closed_date,used format %Y-%m-%dT%H:%M:%SZ: 2025-11-10T00:00:00Z
AUD-01938,audits,mixed_date_format:inspection_date,used format %d-%b-%Y: 27-Aug-2025
AUD-01938,audits,mixed_date_format:closed_date,used format %m/%d/%Y: 09/17/2025
AUD-01939,audits,mixed_date_format:inspection_date,used format %d/%m/%Y: 11/09/2024
AUD-01942,audits,out_of_range:compliance_score,-3.2
AUD-01943,audits,mixed_date_format:inspection_date,used format %d-%b-%Y: 12-Nov-2024
AUD-01944,audits,mixed_date_format:inspection_date,used format %m/%d/%Y: 02/07/2026
AUD-01946,audits,closed_before_inspection,closed=2024-12-24 < inspection=2025-01-07
AUD-01948,audits,mixed_date_format:inspection_date,used format %d/%m/%Y: 25/08/2024
AUD-01957,audits,mixed_date_format:closed_date,used format %d/%m/%Y: 13/11/2024
AUD-01964,audits,mixed_date_format:closed_date,used format %m/%d/%Y: 11/26/2025
AUD-01973,audits,mixed_date_format:closed_date,used format %d/%m/%Y: 05/05/2026
AUD-01975,audits,mixed_date_format:closed_date,used format %Y-%m-%dT%H:%M:%SZ: 2026-04-30T00:00:00Z
AUD-01976,audits,mixed_date_format:closed_date,used format %d/%m/%Y: 11/01/2026
AUD-01976,audits,closed_before_inspection,closed=2025-12-19 < inspection=2025-12-21
AUD-01982,audits,out_of_range:compliance_score,150.8
AUD-01984,audits,out_of_range:compliance_score,-2.8
AUD-01986,audits,mixed_date_format:inspection_date,used format %d/%m/%Y: 06/12/2024
AUD-01987,audits,mixed_date_format:inspection_date,used format %m/%d/%Y: 05/09/2024
AUD-01990,audits,mixed_date_format:inspection_date,used format %m/%d/%Y: 04/28/2024
AUD-01991,audits,mixed_date_format:closed_date,used format %m/%d/%Y: 04/07/2025
AUD-01994,audits,mixed_date_format:inspection_date,used format %d-%b-%Y: 03-Jan-2026
AUD-01994,audits,mixed_date_format:closed_date,used format %d/%m/%Y: 14/01/2026
AUD-02000,audits,mixed_date_format:inspection_date,used format %d/%m/%Y: 26/04/2026
AUD-02007,audits,mixed_date_format:inspection_date,used format %d/%m/%Y: 20/10/2025
AUD-02013,audits,mixed_date_format:inspection_date,used format %m/%d/%Y: 08/20/2024
AUD-02018,audits,mixed_date_format:inspection_date,used format %d/%m/%Y: 07/02/2025
AUD-02022,audits,mixed_date_format:inspection_date,used format %d/%m/%Y: 27/05/2026
AUD-02028,audits,mixed_date_format:closed_date,used format %d-%b-%Y: 01-Mar-2024
AUD-02029,audits,mixed_date_format:inspection_date,used format %d-%b-%Y: 27-Oct-2024
AUD-02030,audits,mixed_date_format:inspection_date,used format %d/%m/%Y: 18/08/2024
AUD-02033,audits,mixed_date_format:closed_date,used format %Y-%m-%dT%H:%M:%SZ: 2025-02-04T00:00:00Z
AUD-02035,audits,closed_before_inspection,closed=2026-01-24 < inspection=2026-02-12
AUD-02038,audits,closed_before_inspection,closed=2024-09-01 < inspection=2024-09-06
AUD-02039,audits,mixed_date_format:inspection_date,used format %d/%m/%Y: 30/06/2025
AUD-02049,audits,mixed_date_format:inspection_date,used format %m/%d/%Y: 02/12/2025
AUD-02050,audits,mixed_date_format:inspection_date,used format %m/%d/%Y: 05/08/2024
AUD-02052,audits,mixed_date_format:closed_date,used format %m/%d/%Y: 09/10/2025
AUD-02054,audits,mixed_date_format:closed_date,used format %m/%d/%Y: 06/04/2024
AUD-02056,audits,mixed_date_format:inspection_date,used format %d/%m/%Y: 11/09/2024
AUD-02063,audits,mixed_date_format:inspection_date,used format %Y-%m-%dT%H:%M:%SZ: 2024-10-25T00:00:00Z
AUD-02064,audits,mixed_date_format:inspection_date,used format %d-%b-%Y: 20-Aug-2025
AUD-02070,audits,mixed_date_format:closed_date,used format %Y-%m-%dT%H:%M:%SZ: 2024-04-16T00:00:00Z
AUD-02075,audits,mixed_date_format:inspection_date,used format %d-%b-%Y: 03-Dec-2024
AUD-02075,audits,mixed_date_format:closed_date,used format %Y-%m-%dT%H:%M:%SZ: 2025-02-09T00:00:00Z
AUD-02078,audits,mixed_date_format:closed_date,used format %d/%m/%Y: 04/02/2025
AUD-02085,audits,mixed_date_format:inspection_date,used format %d/%m/%Y: 07/08/2025
AUD-02088,audits,mixed_date_format:closed_date,used format %m/%d/%Y: 01/28/2026
AUD-02090,audits,future_date:inspection_date,2026-09-16
AUD-02096,audits,mixed_date_format:closed_date,used format %d/%m/%Y: 04/09/2024
AUD-02097,audits,mixed_date_format:inspection_date,used format %Y-%m-%dT%H:%M:%SZ: 2025-10-03T00:00:00Z
AUD-02099,audits,mixed_date_format:inspection_date,used format %Y-%m-%dT%H:%M:%SZ: 2024-02-22T00:00:00Z
AUD-02100,audits,mixed_date_format:inspection_date,used format %d/%m/%Y: 28/10/2024
AUD-02106,audits,mixed_date_format:inspection_date,used format %Y-%m-%dT%H:%M:%SZ: 2026-06-23T00:00:00Z
AUD-02109,audits,mixed_date_format:closed_date,used format %m/%d/%Y: 05/26/2024
AUD-02110,audits,mixed_date_format:closed_date,used format %d/%m/%Y: 11/04/2025
AUD-02113,audits,mixed_date_format:closed_date,used format %Y-%m-%dT%H:%M:%SZ: 2026-06-17T00:00:00Z
AUD-02115,audits,mixed_date_format:inspection_date,used format %d/%m/%Y: 23/07/2024
AUD-02122,audits,out_of_range:compliance_score,-7.5
AUD-02125,audits,mixed_date_format:inspection_date,used format %d/%m/%Y: 28/09/2024
AUD-02126,audits,mixed_date_format:inspection_date,used format %Y-%m-%dT%H:%M:%SZ: 2026-06-24T00:00:00Z
AUD-02128,audits,mixed_date_format:closed_date,used format %m/%d/%Y: 07/30/2026
AUD-02132,audits,mixed_date_format:closed_date,used format %m/%d/%Y: 03/20/2026
AUD-02143,audits,mixed_date_format:closed_date,used format %d/%m/%Y: 13/12/2024
AUD-02149,audits,mixed_date_format:inspection_date,used format %d/%m/%Y: 12/11/2024
AUD-02151,audits,mixed_date_format:inspection_date,used format %m/%d/%Y: 01/15/2025
AUD-02153,audits,mixed_date_format:closed_date,used format %m/%d/%Y: 04/17/2024
AUD-02157,audits,mixed_date_format:inspection_date,used format %m/%d/%Y: 04/15/2024
AUD-02161,audits,mixed_date_format:inspection_date,used format %m/%d/%Y: 04/12/2026
AUD-02165,audits,mixed_date_format:closed_date,used format %d-%b-%Y: 27-Aug-2024
AUD-02172,audits,mixed_date_format:inspection_date,used format %d-%b-%Y: 18-Apr-2024
AUD-02175,audits,mixed_date_format:closed_date,used format %d-%b-%Y: 17-Dec-2024
AUD-02180,audits,mixed_date_format:closed_date,used format %d/%m/%Y: 09/04/2024
AUD-02184,audits,mixed_date_format:closed_date,used format %d-%b-%Y: 04-Jul-2025
AUD-02188,audits,mixed_date_format:inspection_date,used format %d/%m/%Y: 19/05/2026
AUD-02191,audits,mixed_date_format:closed_date,used format %d/%m/%Y: 11/07/2024
AUD-02191,audits,future_date:inspection_date,2026-08-31
AUD-02194,audits,mixed_date_format:inspection_date,used format %d/%m/%Y: 01/03/2024
AUD-02194,audits,out_of_range:compliance_score,150.9
AUD-02194,audits,future_date:inspection_date,2026-09-18
AUD-02198,audits,mixed_date_format:inspection_date,used format %d/%m/%Y: 29/01/2025
AUD-02205,audits,mixed_date_format:inspection_date,used format %m/%d/%Y: 09/27/2024
AUD-02207,audits,closed_before_inspection,closed=2025-01-24 < inspection=2025-01-28
AUD-02210,audits,mixed_date_format:closed_date,used format %m/%d/%Y: 01/08/2025
AUD-02212,audits,mixed_date_format:inspection_date,used format %m/%d/%Y: 08/19/2024
AUD-02215,audits,mixed_date_format:inspection_date,used format %Y-%m-%dT%H:%M:%SZ: 2026-06-11T00:00:00Z
AUD-02216,audits,mixed_date_format:inspection_date,used format %m/%d/%Y: 11/13/2025
AUD-02219,audits,future_date:inspection_date,2026-07-26
AUD-02223,audits,future_date:inspection_date,2026-09-05
AUD-02227,audits,closed_before_inspection,closed=2025-10-07 < inspection=2025-10-18
AUD-02235,audits,mixed_date_format:inspection_date,used format %Y-%m-%dT%H:%M:%SZ: 2025-08-14T00:00:00Z
AUD-02236,audits,mixed_date_format:inspection_date,used format %Y-%m-%dT%H:%M:%SZ: 2024-12-25T00:00:00Z
AUD-02237,audits,mixed_date_format:inspection_date,used format %d-%b-%Y: 19-May-2026
AUD-02237,audits,mixed_date_format:closed_date,used format %d-%b-%Y: 08-Jun-2026
AUD-02238,audits,mixed_date_format:closed_date,used format %d/%m/%Y: 18/05/2026
AUD-02241,audits,future_date:inspection_date,2026-08-13
AUD-02247,audits,future_date:inspection_date,2026-08-07
AUD-02248,audits,mixed_date_format:inspection_date,used format %Y-%m-%dT%H:%M:%SZ: 2025-03-17T00:00:00Z
AUD-02251,audits,mixed_date_format:inspection_date,used format %d-%b-%Y: 15-Jul-2026
AUD-02256,audits,mixed_date_format:inspection_date,used format %d-%b-%Y: 28-Mar-2024
AUD-02263,audits,mixed_date_format:closed_date,used format %Y-%m-%dT%H:%M:%SZ: 2025-05-30T00:00:00Z
AUD-02266,audits,mixed_date_format:inspection_date,used format %d/%m/%Y: 06/01/2026
AUD-02270,audits,mixed_date_format:inspection_date,used format %Y-%m-%dT%H:%M:%SZ: 2026-05-26T00:00:00Z
AUD-02271,audits,closed_before_inspection,closed=2025-02-27 < inspection=2025-03-19
AUD-02275,audits,mixed_date_format:inspection_date,used format %d-%b-%Y: 02-Dec-2025
AUD-02276,audits,mixed_date_format:closed_date,used format %d-%b-%Y: 31-Jul-2026
AUD-02279,audits,mixed_date_format:inspection_date,used format %d-%b-%Y: 10-Apr-2024
AUD-02284,audits,mixed_date_format:inspection_date,used format %d/%m/%Y: 19/10/2025
AUD-02285,audits,mixed_date_format:inspection_date,used format %m/%d/%Y: 05/12/2024
AUD-02292,audits,out_of_range:compliance_score,104.4
AUD-02294,audits,mixed_date_format:inspection_date,used format %m/%d/%Y: 09/21/2025
AUD-02302,audits,mixed_date_format:inspection_date,used format %d/%m/%Y: 01/03/2025
AUD-02303,audits,future_date:inspection_date,2026-09-01
AUD-02304,audits,mixed_date_format:inspection_date,used format %d-%b-%Y: 24-Dec-2025
AUD-02304,audits,out_of_range:compliance_score,150.6
AUD-02307,audits,mixed_date_format:closed_date,used format %Y-%m-%dT%H:%M:%SZ: 2025-01-09T00:00:00Z
AUD-02308,audits,mixed_date_format:closed_date,used format %Y-%m-%dT%H:%M:%SZ: 2024-06-14T00:00:00Z
AUD-02309,audits,mixed_date_format:closed_date,used format %d-%b-%Y: 12-Dec-2024
AUD-02315,audits,mixed_date_format:inspection_date,used format %d-%b-%Y: 30-Jul-2024
AUD-02316,audits,mixed_date_format:closed_date,used format %d-%b-%Y: 14-Apr-2024
AUD-02318,audits,future_date:inspection_date,2026-08-08
AUD-02321,audits,mixed_date_format:inspection_date,used format %Y-%m-%dT%H:%M:%SZ: 2026-06-23T00:00:00Z
AUD-02324,audits,mixed_date_format:closed_date,used format %Y-%m-%dT%H:%M:%SZ: 2025-11-16T00:00:00Z
AUD-02326,audits,mixed_date_format:inspection_date,used format %d/%m/%Y: 23/06/2025
AUD-02330,audits,mixed_date_format:inspection_date,used format %d/%m/%Y: 22/09/2025
AUD-02332,audits,out_of_range:compliance_score,112.6
AUD-02334,audits,mixed_date_format:closed_date,used format %d/%m/%Y: 07/09/2025
AUD-02335,audits,mixed_date_format:inspection_date,used format %m/%d/%Y: 05/04/2025
AUD-02338,audits,mixed_date_format:inspection_date,used format %d-%b-%Y: 03-Jan-2025
AUD-02339,audits,closed_before_inspection,closed=2024-07-12 < inspection=2024-07-22
AUD-02340,audits,mixed_date_format:inspection_date,used format %d-%b-%Y: 16-Mar-2025
AUD-02347,audits,mixed_date_format:closed_date,used format %d/%m/%Y: 20/06/2024
AUD-02348,audits,mixed_date_format:inspection_date,used format %d-%b-%Y: 28-Feb-2025
AUD-02354,audits,mixed_date_format:inspection_date,used format %d-%b-%Y: 07-Dec-2024
AUD-02355,audits,mixed_date_format:inspection_date,used format %m/%d/%Y: 10/26/2024
AUD-02359,audits,mixed_date_format:closed_date,used format %Y-%m-%dT%H:%M:%SZ: 2026-03-15T00:00:00Z
AUD-02361,audits,mixed_date_format:inspection_date,used format %m/%d/%Y: 01/25/2025
AUD-02363,audits,mixed_date_format:inspection_date,used format %m/%d/%Y: 08/20/2024
AUD-02363,audits,mixed_date_format:closed_date,used format %Y-%m-%dT%H:%M:%SZ: 2024-10-11T00:00:00Z
AUD-02364,audits,mixed_date_format:inspection_date,used format %d/%m/%Y: 26/03/2025
AUD-02378,audits,mixed_date_format:inspection_date,used format %Y-%m-%dT%H:%M:%SZ: 2024-08-12T00:00:00Z
AUD-02380,audits,mixed_date_format:inspection_date,used format %m/%d/%Y: 08/26/2024
AUD-02381,audits,mixed_date_format:inspection_date,used format %d/%m/%Y: 24/07/2025
AUD-02383,audits,mixed_date_format:inspection_date,used format %Y-%m-%dT%H:%M:%SZ: 2025-04-25T00:00:00Z
AUD-02385,audits,mixed_date_format:inspection_date,used format %Y-%m-%dT%H:%M:%SZ: 2026-04-06T00:00:00Z
AUD-02388,audits,mixed_date_format:closed_date,used format %d-%b-%Y: 10-Sep-2025
AUD-02389,audits,mixed_date_format:inspection_date,used format %d-%b-%Y: 20-Jul-2024
AUD-02392,audits,mixed_date_format:inspection_date,used format %Y-%m-%dT%H:%M:%SZ: 2025-08-03T00:00:00Z
AUD-02393,audits,mixed_date_format:inspection_date,used format %d-%b-%Y: 07-Jan-2025
AUD-02395,audits,mixed_date_format:closed_date,used format %d/%m/%Y: 15/08/2025
AUD-02397,audits,mixed_date_format:inspection_date,used format %d/%m/%Y: 27/06/2025
AUD-02401,audits,mixed_date_format:inspection_date,used format %d/%m/%Y: 01/01/2025
AUD-02401,audits,mixed_date_format:closed_date,used format %Y-%m-%dT%H:%M:%SZ: 2025-01-09T00:00:00Z
AUD-02405,audits,mixed_date_format:closed_date,used format %d-%b-%Y: 19-Jul-2024
AUD-02408,audits,mixed_date_format:closed_date,used format %d/%m/%Y: 16/06/2026
AUD-02413,audits,mixed_date_format:inspection_date,used format %d-%b-%Y: 19-Sep-2025
AUD-02414,audits,mixed_date_format:closed_date,used format %m/%d/%Y: 09/10/2024
AUD-02414,audits,out_of_range:compliance_score,104.9
AUD-02423,audits,mixed_date_format:closed_date,used format %d/%m/%Y: 16/07/2026
AUD-02431,audits,mixed_date_format:inspection_date,used format %d-%b-%Y: 13-Mar-2025
AUD-02437,audits,out_of_range:compliance_score,150.7
AUD-02448,audits,mixed_date_format:closed_date,used format %d-%b-%Y: 28-Feb-2026
AUD-02449,audits,mixed_date_format:closed_date,used format %d/%m/%Y: 07/09/2024
AUD-02451,audits,mixed_date_format:inspection_date,used format %m/%d/%Y: 12/06/2025
AUD-02453,audits,out_of_range:compliance_score,-7.2
AUD-02456,audits,future_date:inspection_date,2026-08-25
AUD-02469,audits,mixed_date_format:closed_date,used format %d-%b-%Y: 31-Aug-2024
AUD-02470,audits,mixed_date_format:inspection_date,used format %d-%b-%Y: 10-Oct-2024
AUD-02473,audits,mixed_date_format:closed_date,used format %m/%d/%Y: 08/04/2025
AUD-02478,audits,mixed_date_format:inspection_date,used format %d-%b-%Y: 12-Feb-2024
AUD-02481,audits,mixed_date_format:closed_date,used format %d/%m/%Y: 11/12/2024
AUD-02486,audits,closed_before_inspection,closed=2026-05-26 < inspection=2026-06-08
AUD-02487,audits,closed_before_inspection,closed=2024-10-24 < inspection=2024-11-20
AUD-02491,audits,mixed_date_format:inspection_date,used format %Y-%m-%dT%H:%M:%SZ: 2026-03-31T00:00:00Z
AUD-02494,audits,mixed_date_format:inspection_date,used format %Y-%m-%dT%H:%M:%SZ: 2025-09-19T00:00:00Z
AUD-02495,audits,mixed_date_format:inspection_date,used format %Y-%m-%dT%H:%M:%SZ: 2026-05-23T00:00:00Z
AUD-02496,audits,mixed_date_format:inspection_date,used format %Y-%m-%dT%H:%M:%SZ: 2025-11-13T00:00:00Z
AUD-02499,audits,closed_before_inspection,closed=2026-05-25 < inspection=2026-06-03
AUD-02500,audits,mixed_date_format:inspection_date,used format %m/%d/%Y: 04/10/2026
AUD-02500,audits,mixed_date_format:closed_date,used format %d-%b-%Y: 28-Jun-2026
AUD-02510,audits,mixed_date_format:inspection_date,used format %m/%d/%Y: 06/17/2025
AUD-02519,audits,mixed_date_format:inspection_date,used format %m/%d/%Y: 01/21/2025
AUD-02529,audits,mixed_date_format:inspection_date,used format %m/%d/%Y: 07/16/2026
AUD-02530,audits,mixed_date_format:inspection_date,used format %m/%d/%Y: 08/11/2025
AUD-02536,audits,mixed_date_format:closed_date,used format %m/%d/%Y: 09/29/2024
AUD-02539,audits,mixed_date_format:inspection_date,used format %d-%b-%Y: 03-Jun-2025
AUD-02541,audits,mixed_date_format:inspection_date,used format %m/%d/%Y: 02/05/2024
AUD-02541,audits,out_of_range:compliance_score,112.0
AUD-02545,audits,mixed_date_format:inspection_date,used format %d-%b-%Y: 08-Jul-2024
AUD-02547,audits,mixed_date_format:inspection_date,used format %d/%m/%Y: 14/04/2025
AUD-02550,audits,mixed_date_format:inspection_date,used format %Y-%m-%dT%H:%M:%SZ: 2026-05-23T00:00:00Z
AUD-02552,audits,mixed_date_format:inspection_date,used format %d/%m/%Y: 12/02/2025
AUD-02553,audits,mixed_date_format:inspection_date,used format %d-%b-%Y: 23-Aug-2024
AUD-02555,audits,mixed_date_format:inspection_date,used format %m/%d/%Y: 10/23/2024
AUD-02555,audits,mixed_date_format:closed_date,used format %d/%m/%Y: 11/11/2024
AUD-02556,audits,mixed_date_format:closed_date,used format %Y-%m-%dT%H:%M:%SZ: 2025-05-15T00:00:00Z
AUD-02557,audits,mixed_date_format:closed_date,used format %d/%m/%Y: 04/03/2025
AUD-02570,audits,out_of_range:compliance_score,150.7
AUD-02571,audits,closed_before_inspection,closed=2025-03-11 < inspection=2025-03-20
AUD-02574,audits,mixed_date_format:inspection_date,used format %m/%d/%Y: 05/27/2026
AUD-02575,audits,future_date:inspection_date,2026-08-01
AUD-02579,audits,mixed_date_format:inspection_date,used format %d-%b-%Y: 24-Feb-2025
AUD-02588,audits,mixed_date_format:inspection_date,used format %d/%m/%Y: 14/02/2025
AUD-02588,audits,mixed_date_format:closed_date,used format %m/%d/%Y: 03/04/2025
AUD-02591,audits,mixed_date_format:closed_date,used format %d/%m/%Y: 16/05/2025
AUD-02592,audits,mixed_date_format:inspection_date,used format %Y-%m-%dT%H:%M:%SZ: 2024-06-02T00:00:00Z
AUD-02593,audits,mixed_date_format:inspection_date,used format %m/%d/%Y: 04/26/2025
AUD-02594,audits,mixed_date_format:inspection_date,used format %d-%b-%Y: 23-Jan-2025
AUD-02597,audits,mixed_date_format:inspection_date,used format %d-%b-%Y: 29-Feb-2024
AUD-02602,audits,mixed_date_format:inspection_date,used format %d/%m/%Y: 01/10/2024
AUD-02604,audits,mixed_date_format:closed_date,used format %d-%b-%Y: 10-Oct-2024
AUD-02605,audits,mixed_date_format:inspection_date,used format %m/%d/%Y: 12/28/2024
AUD-02607,audits,mixed_date_format:inspection_date,used format %m/%d/%Y: 11/28/2025
AUD-02616,audits,out_of_range:compliance_score,150.8
AUD-02618,audits,mixed_date_format:closed_date,used format %d-%b-%Y: 17-May-2025
AUD-02622,audits,mixed_date_format:closed_date,used format %Y-%m-%dT%H:%M:%SZ: 2026-02-27T00:00:00Z
AUD-02625,audits,future_date:inspection_date,2026-08-06
AUD-02635,audits,future_date:inspection_date,2026-08-31
AUD-02643,audits,mixed_date_format:closed_date,used format %Y-%m-%dT%H:%M:%SZ: 2026-07-31T00:00:00Z
AUD-02651,audits,future_date:inspection_date,2026-07-24
AUD-02652,audits,mixed_date_format:closed_date,used format %d/%m/%Y: 30/11/2024
AUD-02653,audits,out_of_range:compliance_score,150.8
AUD-02657,audits,mixed_date_format:inspection_date,used format %Y-%m-%dT%H:%M:%SZ: 2026-06-04T00:00:00Z
AUD-02658,audits,mixed_date_format:closed_date,used format %d-%b-%Y: 11-Oct-2024
AUD-02659,audits,mixed_date_format:inspection_date,used format %Y-%m-%dT%H:%M:%SZ: 2024-09-19T00:00:00Z
AUD-02660,audits,mixed_date_format:closed_date,used format %d/%m/%Y: 15/08/2024
AUD-02665,audits,future_date:inspection_date,2026-08-30
AUD-02668,audits,mixed_date_format:inspection_date,used format %m/%d/%Y: 10/29/2025
AUD-02671,audits,mixed_date_format:inspection_date,used format %d/%m/%Y: 21/05/2024
AUD-02672,audits,mixed_date_format:inspection_date,used format %Y-%m-%dT%H:%M:%SZ: 2024-07-22T00:00:00Z
AUD-02672,audits,mixed_date_format:closed_date,used format %d/%m/%Y: 10/08/2024
AUD-02678,audits,mixed_date_format:inspection_date,used format %d/%m/%Y: 16/01/2025
AUD-02680,audits,mixed_date_format:closed_date,used format %d/%m/%Y: 28/03/2024
AUD-02684,audits,mixed_date_format:closed_date,used format %d/%m/%Y: 09/02/2025
AUD-02691,audits,mixed_date_format:closed_date,used format %d-%b-%Y: 29-Mar-2024
AUD-02694,audits,mixed_date_format:inspection_date,used format %d/%m/%Y: 14/01/2025
AUD-02697,audits,mixed_date_format:closed_date,used format %Y-%m-%dT%H:%M:%SZ: 2025-06-25T00:00:00Z
AUD-02697,audits,out_of_range:compliance_score,-2.6
AUD-02698,audits,out_of_range:compliance_score,104.6
AUD-02701,audits,mixed_date_format:inspection_date,used format %Y-%m-%dT%H:%M:%SZ: 2025-06-24T00:00:00Z
AUD-02704,audits,mixed_date_format:inspection_date,used format %m/%d/%Y: 09/19/2024
AUD-02709,audits,out_of_range:compliance_score,-2.9
AUD-02726,audits,mixed_date_format:inspection_date,used format %d/%m/%Y: 09/06/2026
AUD-02727,audits,mixed_date_format:inspection_date,used format %Y-%m-%dT%H:%M:%SZ: 2025-01-28T00:00:00Z
AUD-02727,audits,mixed_date_format:closed_date,used format %d-%b-%Y: 24-Feb-2025
AUD-02734,audits,mixed_date_format:inspection_date,used format %m/%d/%Y: 03/11/2025
AUD-02737,audits,mixed_date_format:inspection_date,used format %d/%m/%Y: 24/07/2025
AUD-02740,audits,mixed_date_format:inspection_date,used format %d/%m/%Y: 18/01/2026
AUD-02742,audits,mixed_date_format:closed_date,used format %d-%b-%Y: 03-Jun-2026
AUD-02743,audits,mixed_date_format:closed_date,used format %m/%d/%Y: 01/08/2025
AUD-02748,audits,mixed_date_format:inspection_date,used format %d/%m/%Y: 26/08/2025
AUD-02753,audits,mixed_date_format:closed_date,used format %Y-%m-%dT%H:%M:%SZ: 2024-11-18T00:00:00Z
AUD-02764,audits,mixed_date_format:closed_date,used format %Y-%m-%dT%H:%M:%SZ: 2026-06-22T00:00:00Z
AUD-02774,audits,out_of_range:compliance_score,-7.6
AUD-02775,audits,mixed_date_format:closed_date,used format %m/%d/%Y: 08/14/2024
AUD-02777,audits,closed_before_inspection,closed=2024-11-12 < inspection=2024-11-28
AUD-02778,audits,mixed_date_format:closed_date,used format %m/%d/%Y: 04/11/2024
AUD-02783,audits,closed_before_inspection,closed=2026-03-09 < inspection=2026-03-16
AUD-02796,audits,mixed_date_format:inspection_date,used format %Y-%m-%dT%H:%M:%SZ: 2025-07-29T00:00:00Z
AUD-02802,audits,mixed_date_format:inspection_date,used format %m/%d/%Y: 04/04/2026
AUD-02806,audits,mixed_date_format:closed_date,used format %d/%m/%Y: 26/01/2025
AUD-02817,audits,mixed_date_format:inspection_date,used format %d-%b-%Y: 12-May-2024
AUD-02821,audits,mixed_date_format:inspection_date,used format %m/%d/%Y: 10/16/2025
AUD-02825,audits,mixed_date_format:inspection_date,used format %m/%d/%Y: 05/12/2026
AUD-02827,audits,mixed_date_format:inspection_date,used format %m/%d/%Y: 07/31/2025
AUD-02836,audits,mixed_date_format:inspection_date,used format %Y-%m-%dT%H:%M:%SZ: 2024-07-13T00:00:00Z
AUD-02841,audits,mixed_date_format:inspection_date,used format %d/%m/%Y: 02/02/2025
AUD-02841,audits,mixed_date_format:closed_date,used format %Y-%m-%dT%H:%M:%SZ: 2025-02-23T00:00:00Z
AUD-02849,audits,mixed_date_format:inspection_date,used format %m/%d/%Y: 07/05/2025
AUD-02849,audits,mixed_date_format:closed_date,used format %d/%m/%Y: 28/07/2025
AUD-02850,audits,mixed_date_format:closed_date,used format %d-%b-%Y: 19-Jun-2026
AUD-02853,audits,mixed_date_format:inspection_date,used format %Y-%m-%dT%H:%M:%SZ: 2025-08-04T00:00:00Z
AUD-02855,audits,mixed_date_format:inspection_date,used format %d/%m/%Y: 08/06/2024
AUD-02860,audits,mixed_date_format:closed_date,used format %m/%d/%Y: 07/13/2025
AUD-02861,audits,mixed_date_format:inspection_date,used format %Y-%m-%dT%H:%M:%SZ: 2024-05-26T00:00:00Z
AUD-02862,audits,mixed_date_format:inspection_date,used format %d-%b-%Y: 07-Jul-2025
AUD-02864,audits,mixed_date_format:inspection_date,used format %Y-%m-%dT%H:%M:%SZ: 2024-10-09T00:00:00Z
AUD-02868,audits,out_of_range:compliance_score,-3.2
AUD-02869,audits,mixed_date_format:inspection_date,used format %Y-%m-%dT%H:%M:%SZ: 2024-05-06T00:00:00Z
AUD-02869,audits,mixed_date_format:closed_date,used format %m/%d/%Y: 05/31/2024
AUD-02873,audits,mixed_date_format:inspection_date,used format %d-%b-%Y: 01-Mar-2026
AUD-02880,audits,mixed_date_format:inspection_date,used format %m/%d/%Y: 04/28/2024
AUD-02883,audits,mixed_date_format:inspection_date,used format %d-%b-%Y: 18-Apr-2026
AUD-02886,audits,mixed_date_format:inspection_date,used format %d-%b-%Y: 02-Mar-2024
AUD-02888,audits,mixed_date_format:closed_date,used format %d-%b-%Y: 11-Jun-2025
AUD-02889,audits,mixed_date_format:closed_date,used format %d-%b-%Y: 10-Jul-2024
AUD-02894,audits,mixed_date_format:closed_date,used format %d-%b-%Y: 08-Dec-2025
AUD-02896,audits,mixed_date_format:inspection_date,used format %d-%b-%Y: 14-Jul-2025
AUD-02912,audits,mixed_date_format:closed_date,used format %d-%b-%Y: 11-Nov-2024
AUD-02914,audits,mixed_date_format:inspection_date,used format %d/%m/%Y: 19/02/2025
AUD-02917,audits,mixed_date_format:closed_date,used format %d-%b-%Y: 31-May-2026
AUD-02917,audits,out_of_range:compliance_score,112.3
AUD-02918,audits,mixed_date_format:closed_date,used format %m/%d/%Y: 01/09/2026
AUD-02928,audits,mixed_date_format:inspection_date,used format %Y-%m-%dT%H:%M:%SZ: 2026-02-16T00:00:00Z
AUD-02930,audits,mixed_date_format:closed_date,used format %d-%b-%Y: 11-Mar-2026
AUD-02931,audits,mixed_date_format:inspection_date,used format %m/%d/%Y: 03/09/2025
AUD-02936,audits,mixed_date_format:inspection_date,used format %Y-%m-%dT%H:%M:%SZ: 2024-04-06T00:00:00Z
AUD-02938,audits,mixed_date_format:closed_date,used format %d/%m/%Y: 19/04/2025
AUD-02939,audits,mixed_date_format:inspection_date,used format %m/%d/%Y: 12/28/2025
AUD-02940,audits,mixed_date_format:inspection_date,used format %Y-%m-%dT%H:%M:%SZ: 2026-01-11T00:00:00Z
AUD-02940,audits,mixed_date_format:closed_date,used format %d/%m/%Y: 08/02/2026
AUD-02941,audits,mixed_date_format:closed_date,used format %m/%d/%Y: 09/06/2025
AUD-02944,audits,closed_before_inspection,closed=2025-08-22 < inspection=2025-08-31
AUD-02948,audits,mixed_date_format:inspection_date,used format %Y-%m-%dT%H:%M:%SZ: 2024-08-01T00:00:00Z
AUD-02950,audits,mixed_date_format:inspection_date,used format %m/%d/%Y: 03/30/2025
AUD-02950,audits,mixed_date_format:closed_date,used format %d-%b-%Y: 21-Apr-2025
AUD-02953,audits,mixed_date_format:inspection_date,used format %d/%m/%Y: 23/04/2026
AUD-02954,audits,mixed_date_format:closed_date,used format %d-%b-%Y: 23-Dec-2024
AUD-02956,audits,mixed_date_format:inspection_date,used format %m/%d/%Y: 04/23/2024
AUD-02973,audits,mixed_date_format:closed_date,used format %Y-%m-%dT%H:%M:%SZ: 2024-02-29T00:00:00Z
AUD-02975,audits,out_of_range:compliance_score,-3.0
AUD-02976,audits,out_of_range:compliance_score,-3.3
AUD-02979,audits,mixed_date_format:closed_date,used format %d-%b-%Y: 10-May-2025
AUD-02980,audits,mixed_date_format:closed_date,used format %d-%b-%Y: 13-Sep-2024
AUD-02984,audits,mixed_date_format:inspection_date,used format %d-%b-%Y: 14-Mar-2024
AUD-02985,audits,closed_before_inspection,closed=2025-02-26 < inspection=2025-03-23
AUD-02992,audits,mixed_date_format:closed_date,used format %Y-%m-%dT%H:%M:%SZ: 2025-11-20T00:00:00Z
AUD-02994,audits,mixed_date_format:closed_date,used format %d-%b-%Y: 11-Feb-2025
AUD-02997,audits,mixed_date_format:inspection_date,used format %d/%m/%Y: 29/12/2024
AUD-00122,audits,duplicate_id,
AUD-02845,audits,duplicate_id,
AUD-02602,audits,duplicate_id,
AUD-01111,audits,duplicate_id,
AUD-02354,audits,duplicate_id,
AUD-01868,audits,duplicate_id,
AUD-01585,audits,duplicate_id,
AUD-01319,audits,duplicate_id,
AUD-00287,audits,duplicate_id,
AUD-01188,audits,duplicate_id,
AUD-00260,audits,duplicate_id,
AUD-01977,audits,duplicate_id,
AUD-00999,audits,duplicate_id,
AUD-01704,audits,duplicate_id,
AUD-02243,audits,duplicate_id,
AUD-00443,audits,duplicate_id,
AUD-02346,audits,duplicate_id,
AUD-02308,audits,duplicate_id,
AUD-02875,audits,duplicate_id,
AUD-01109,audits,duplicate_id,
AUD-02604,audits,duplicate_id,
AUD-01941,audits,duplicate_id,
AUD-00052,audits,duplicate_id,
AUD-02746,audits,duplicate_id,
AUD-01245,audits,duplicate_id,
AUD-01375,audits,duplicate_id,
AUD-01437,audits,duplicate_id,
AUD-00719,audits,duplicate_id,
AUD-01335,audits,duplicate_id,
AUD-02909,audits,duplicate_id,
TEL-000985,telemetry,pressure_spike,pressure=700 at 2026-05-10T12:00:19 site=SITE-002
TEL-000986,telemetry,pressure_spike,pressure=850 at 2026-05-10T12:15:18 site=SITE-005
TEL-000987,telemetry,pressure_spike,pressure=1301.6 at 2026-05-10T12:31:30 site=SITE-003
TEL-001504,telemetry,pressure_spike,pressure=700 at 2026-05-19T11:28:12 site=SITE-006
TEL-001505,telemetry,pressure_spike,pressure=850 at 2026-05-19T11:34:45 site=SITE-002
TEL-001506,telemetry,pressure_spike,pressure=1000 at 2026-05-19T11:38:08 site=SITE-002
TEL-001507,telemetry,pressure_spike,pressure=-27.1 at 2026-05-19T11:53:13 site=SITE-002
TEL-001931,telemetry,pressure_spike,pressure=700 at 2026-05-27T05:35:15 site=SITE-003
TEL-001932,telemetry,pressure_spike,pressure=850 at 2026-05-27T05:36:14 site=SITE-003
TEL-001933,telemetry,pressure_spike,pressure=1000 at 2026-05-27T06:08:15 site=SITE-002
TEL-001934,telemetry,pressure_spike,pressure=1150 at 2026-05-27T06:10:58 site=SITE-007
TEL-001935,telemetry,pressure_spike,pressure=-13.1 at 2026-05-27T08:03:05 site=SITE-005
TEL-002356,telemetry,pressure_spike,pressure=700 at 2026-06-03T19:23:59 site=SITE-005
TEL-002357,telemetry,pressure_spike,pressure=850 at 2026-06-03T20:48:17 site=SITE-004
TEL-002358,telemetry,pressure_spike,pressure=1000 at 2026-06-03T21:08:29 site=SITE-003
TEL-002359,telemetry,pressure_spike,pressure=-24.6 at 2026-06-03T22:35:04 site=SITE-007
TEL-002719,telemetry,pressure_spike,pressure=700 at 2026-06-10T18:50:01 site=SITE-004
TEL-002720,telemetry,pressure_spike,pressure=850 at 2026-06-10T18:52:44 site=SITE-004
TEL-002721,telemetry,pressure_spike,pressure=1176.1 at 2026-06-10T19:11:56 site=SITE-003
TEL-002748,telemetry,pressure_spike,pressure=700 at 2026-06-11T02:21:07 site=SITE-004
TEL-002749,telemetry,pressure_spike,pressure=850 at 2026-06-11T02:24:36 site=SITE-007
TEL-002750,telemetry,pressure_spike,pressure=1000 at 2026-06-11T02:27:54 site=SITE-006
TEL-002751,telemetry,pressure_spike,pressure=1408.8 at 2026-06-11T03:15:34 site=SITE-006
TEL-003029,telemetry,pressure_spike,pressure=700 at 2026-06-15T22:32:15 site=SITE-004
TEL-003030,telemetry,pressure_spike,pressure=850 at 2026-06-15T22:41:57 site=SITE-004
TEL-003031,telemetry,pressure_spike,pressure=1000 at 2026-06-15T22:47:02 site=SITE-004
TEL-003032,telemetry,pressure_spike,pressure=1150 at 2026-06-15T22:49:41 site=SITE-004
TEL-003033,telemetry,pressure_spike,pressure=1158.6 at 2026-06-15T22:56:53 site=SITE-005
TEL-003843,telemetry,pressure_spike,pressure=700 at 2026-06-30T19:55:09 site=SITE-005
TEL-003844,telemetry,pressure_spike,pressure=850 at 2026-06-30T20:34:50 site=SITE-003
TEL-003845,telemetry,pressure_spike,pressure=1000 at 2026-06-30T21:17:27 site=SITE-002
TEL-003846,telemetry,pressure_spike,pressure=-10.7 at 2026-06-30T21:56:58 site=SITE-001
TEL-004077,telemetry,pressure_spike,pressure=700 at 2026-07-05T12:44:36 site=SITE-003
TEL-004078,telemetry,pressure_spike,pressure=850 at 2026-07-05T13:02:45 site=SITE-006
TEL-004079,telemetry,pressure_spike,pressure=1000 at 2026-07-05T13:19:42 site=SITE-001
TEL-004080,telemetry,pressure_spike,pressure=1150 at 2026-07-05T13:45:00 site=SITE-001
TEL-004081,telemetry,pressure_spike,pressure=1256.2 at 2026-07-05T14:00:27 site=SITE-005
TEL-004762,telemetry,pressure_spike,pressure=700 at 2026-07-17T04:05:17 site=SITE-004
TEL-004763,telemetry,pressure_spike,pressure=850 at 2026-07-17T04:23:05 site=SITE-003
TEL-004764,telemetry,pressure_spike,pressure=1000 at 2026-07-17T04:50:53 site=SITE-006
TEL-004765,telemetry,pressure_spike,pressure=1150 at 2026-07-17T04:59:27 site=SITE-002
TEL-004766,telemetry,pressure_spike,pressure=1104.5 at 2026-07-17T05:03:34 site=SITE-001
TEL-004792,telemetry,pressure_spike,pressure=700 at 2026-07-17T15:41:23 site=SITE-001
TEL-004793,telemetry,pressure_spike,pressure=850 at 2026-07-17T15:58:30 site=SITE-004
TEL-004794,telemetry,pressure_spike,pressure=1000 at 2026-07-17T16:03:48 site=SITE-001
TEL-004795,telemetry,pressure_spike,pressure=1150 at 2026-07-17T16:50:38 site=SITE-006
TEL-004796,telemetry,pressure_spike,pressure=1050.7 at 2026-07-17T17:06:52 site=SITE-005
TEL-004800,telemetry,pressure_spike,pressure=700 at 2026-07-17T18:47:26 site=SITE-003
TEL-004801,telemetry,pressure_spike,pressure=850 at 2026-07-17T19:01:07 site=SITE-001
TEL-004802,telemetry,pressure_spike,pressure=1000 at 2026-07-17T19:29:41 site=SITE-005
TEL-004803,telemetry,pressure_spike,pressure=1150 at 2026-07-17T19:45:47 site=SITE-005
TEL-004804,telemetry,pressure_spike,pressure=1100.7 at 2026-07-17T19:54:09 site=SITE-006
TEL-000001,telemetry,dirty_label:site,SITE-001 -> NAIROBI
TEL-000002,telemetry,dirty_label:site,SITE-003 -> Makueni PS
TEL-000007,telemetry,dirty_label:site,SITE-002 -> Kipevu terminal
TEL-000014,telemetry,dirty_label:site,SITE-003 -> Kibwezi
TEL-000019,telemetry,dirty_label:site,SITE-002 -> MOMBASA
TEL-000023,telemetry,dirty_label:site,SITE-004 -> NKR Depot
TEL-000030,telemetry,sensor_dropout,temperature_celsius set to null
TEL-000036,telemetry,dirty_label:site,SITE-007 -> Kisumu  Terminal
TEL-000041,telemetry,dirty_label:site,SITE-006 -> sinendet pump
TEL-000041,telemetry,sensor_dropout,pressure_psi set to null
TEL-000042,telemetry,dirty_label:site,SITE-001 -> Nairobi term
TEL-000045,telemetry,sensor_dropout,flow_rate_bph set to null
TEL-000050,telemetry,dirty_label:site,SITE-001 -> nairobi terminal
TEL-000054,telemetry,dirty_label:site,SITE-004 -> Nakuru dep
TEL-000056,telemetry,sensor_dropout,pressure_psi set to null
TEL-000057,telemetry,dirty_label:site,SITE-004 -> NAKURU
TEL-000058,telemetry,dirty_label:site,SITE-005 -> ELD Terminal
TEL-000065,telemetry,dirty_label:site,SITE-003 -> Kibwezi
TEL-000068,telemetry,dirty_label:site,SITE-003 -> Kibwezi
TEL-000071,telemetry,dirty_label:site,SITE-006 -> sinendet pump
TEL-000077,telemetry,dirty_label:site,SITE-004 -> NAKURU
TEL-000087,telemetry,dirty_label:site,SITE-003 -> makueni section
TEL-000090,telemetry,dirty_label:site,SITE-005 -> Eldoret term
TEL-000099,telemetry,dirty_label:site,SITE-007 -> kisumu terminal
TEL-000100,telemetry,dirty_label:site,SITE-001 -> NAIROBI
TEL-000104,telemetry,dirty_label:site,SITE-002 -> MSA Terminal
TEL-000124,telemetry,dirty_label:site,SITE-005 -> eldoret terminal
TEL-000134,telemetry,dirty_label:site,SITE-006 -> sinendet pump station
TEL-000139,telemetry,dirty_label:site,SITE-003 -> makueni section
TEL-000155,telemetry,dirty_label:site,SITE-005 -> Eldoret  Terminal
TEL-000158,telemetry,dirty_label:site,SITE-005 -> ELD Terminal
TEL-000167,telemetry,dirty_label:site,SITE-002 -> MOMBASA
TEL-000172,telemetry,sensor_dropout,temperature_celsius set to null
TEL-000173,telemetry,dirty_label:site,SITE-006 -> sinendet pump station
TEL-000175,telemetry,dirty_label:site,SITE-001 -> NAIROBI
TEL-000177,telemetry,dirty_label:site,SITE-003 -> makueni pipeline
TEL-000178,telemetry,dirty_label:site,SITE-007 -> Kisumu term
TEL-000182,telemetry,dirty_label:site,SITE-006 -> Sinendet  Pump Station
TEL-000190,telemetry,sensor_dropout,pressure_psi set to null
TEL-000196,telemetry,dirty_label:site,SITE-001 -> Nairobi  Terminal
TEL-000198,telemetry,dirty_label:site,SITE-002 -> Kipevu terminal
TEL-000204,telemetry,dirty_label:site,SITE-003 -> Makueni PS
TEL-000206,telemetry,dirty_label:site,SITE-006 -> sinendet pump
TEL-000210,telemetry,dirty_label:site,SITE-001 -> Nairobi term
TEL-000222,telemetry,dirty_label:site,SITE-005 -> eldoret terminal
TEL-000227,telemetry,dirty_label:site,SITE-005 -> Eldoret  Terminal
TEL-000238,telemetry,dirty_label:site,SITE-003 -> Thange section
TEL-000242,telemetry,dirty_label:site,SITE-004 -> Nakuru dep
TEL-000243,telemetry,dirty_label:site,SITE-006 -> Sinendet  Pump Station
TEL-000257,telemetry,dirty_label:site,SITE-006 -> Sinendet PS
TEL-000259,telemetry,dirty_label:site,SITE-007 -> kisumu terminal
TEL-000265,telemetry,dirty_label:site,SITE-005 -> Eldoret term
TEL-000267,telemetry,dirty_label:site,SITE-002 -> Mombasa term
TEL-000270,telemetry,dirty_label:site,SITE-006 -> Sinendet PS
TEL-000273,telemetry,sensor_dropout,flow_rate_bph set to null
TEL-000279,telemetry,sensor_dropout,pressure_psi set to null
TEL-000280,telemetry,dirty_label:site,SITE-005 -> eldoret terminal
TEL-000281,telemetry,dirty_label:site,SITE-003 -> Thange section
TEL-000285,telemetry,dirty_label:site,SITE-004 -> NKR Depot
TEL-000285,telemetry,sensor_dropout,temperature_celsius set to null
TEL-000292,telemetry,sensor_dropout,flow_rate_bph set to null
TEL-000300,telemetry,dirty_label:site,SITE-002 -> Mombasa  Terminal
TEL-000305,telemetry,dirty_label:site,SITE-007 -> Kisumu term
TEL-000315,telemetry,dirty_label:site,SITE-002 -> mombasa terminal
TEL-000326,telemetry,sensor_dropout,pressure_psi set to null
TEL-000333,telemetry,dirty_label:site,SITE-001 -> Nairobi term
TEL-000335,telemetry,dirty_label:site,SITE-003 -> Kibwezi
TEL-000349,telemetry,dirty_label:site,SITE-005 -> ELD Terminal
TEL-000349,telemetry,sensor_dropout,temperature_celsius set to null
TEL-000350,telemetry,dirty_label:site,SITE-001 -> Nairobi  Terminal
TEL-000352,telemetry,dirty_label:site,SITE-007 -> Kisumu  Terminal
TEL-000356,telemetry,dirty_label:site,SITE-007 -> kisumu terminal
TEL-000361,telemetry,sensor_dropout,pressure_psi set to null
TEL-000362,telemetry,dirty_label:site,SITE-001 -> NAIROBI
TEL-000365,telemetry,dirty_label:site,SITE-004 -> Nakuru  Depot
TEL-000365,telemetry,sensor_dropout,pressure_psi set to null
TEL-000369,telemetry,sensor_dropout,flow_rate_bph set to null
TEL-000376,telemetry,dirty_label:site,SITE-006 -> SINENDET
TEL-000383,telemetry,dirty_label:site,SITE-003 -> makueni section
TEL-000384,telemetry,dirty_label:site,SITE-007 -> Kisumu term
TEL-000389,telemetry,dirty_label:site,SITE-003 -> makueni pipeline
TEL-000389,telemetry,sensor_dropout,flow_rate_bph set to null
TEL-000391,telemetry,dirty_label:site,SITE-004 -> NAKURU
TEL-000393,telemetry,dirty_label:site,SITE-004 -> Nakuru  Depot
TEL-000404,telemetry,dirty_label:site,SITE-003 -> Makueni PS
TEL-000405,telemetry,dirty_label:site,SITE-001 -> Nairobi term
TEL-000413,telemetry,dirty_label:site,SITE-004 -> Nakuru  Depot
TEL-000419,telemetry,dirty_label:site,SITE-005 -> ELD Terminal
TEL-000425,telemetry,dirty_label:site,SITE-001 -> NRB Terminal
TEL-000428,telemetry,dirty_label:site,SITE-001 -> Nairobi term
TEL-000429,telemetry,dirty_label:site,SITE-006 -> Sinendet PS
TEL-000433,telemetry,dirty_label:site,SITE-002 -> MOMBASA
TEL-000435,telemetry,dirty_label:site,SITE-003 -> makueni pipeline
TEL-000441,telemetry,dirty_label:site,SITE-001 -> nairobi terminal
TEL-000442,telemetry,dirty_label:site,SITE-001 -> NRB Terminal
TEL-000445,telemetry,dirty_label:site,SITE-005 -> ELDORET
TEL-000447,telemetry,sensor_dropout,temperature_celsius set to null
TEL-000448,telemetry,dirty_label:site,SITE-002 -> Kipevu terminal
TEL-000451,telemetry,dirty_label:site,SITE-004 -> Nakuru dep
TEL-000460,telemetry,dirty_label:site,SITE-004 -> NAKURU
TEL-000465,telemetry,dirty_label:site,SITE-004 -> Nakuru  Depot
TEL-000465,telemetry,sensor_dropout,temperature_celsius set to null
TEL-000485,telemetry,dirty_label:site,SITE-001 -> NAIROBI
TEL-000489,telemetry,dirty_label:site,SITE-005 -> eldoret terminal
TEL-000495,telemetry,sensor_dropout,flow_rate_bph set to null
TEL-000503,telemetry,dirty_label:site,SITE-005 -> ELDORET
TEL-000510,telemetry,dirty_label:site,SITE-006 -> sinendet pump station
TEL-000517,telemetry,dirty_label:site,SITE-005 -> Eldoret term
TEL-000529,telemetry,dirty_label:site,SITE-002 -> Mombasa  Terminal
TEL-000545,telemetry,dirty_label:site,SITE-005 -> ELDORET
TEL-000559,telemetry,dirty_label:site,SITE-001 -> Nairobi  Terminal
TEL-000562,telemetry,dirty_label:site,SITE-007 -> Kisumu term
TEL-000569,telemetry,sensor_dropout,pressure_psi set to null
TEL-000573,telemetry,dirty_label:site,SITE-005 -> eldoret terminal
TEL-000574,telemetry,dirty_label:site,SITE-003 -> Makueni PS
TEL-000576,telemetry,dirty_label:site,SITE-004 -> NKR Depot
TEL-000579,telemetry,dirty_label:site,SITE-005 -> Eldoret term
TEL-000586,telemetry,dirty_label:site,SITE-001 -> Nairobi term
TEL-000588,telemetry,dirty_label:site,SITE-001 -> Nairobi term
TEL-000594,telemetry,dirty_label:site,SITE-005 -> eldoret terminal
TEL-000594,telemetry,sensor_dropout,temperature_celsius set to null
TEL-000595,telemetry,dirty_label:site,SITE-007 -> kisumu terminal
TEL-000602,telemetry,dirty_label:site,SITE-005 -> Eldoret  Terminal
TEL-000612,telemetry,dirty_label:site,SITE-005 -> Eldoret  Terminal
TEL-000625,telemetry,dirty_label:site,SITE-002 -> MSA Terminal
TEL-000627,telemetry,dirty_label:site,SITE-001 -> NAIROBI
TEL-000633,telemetry,dirty_label:site,SITE-005 -> eldoret terminal
TEL-000641,telemetry,dirty_label:site,SITE-002 -> MSA Terminal
TEL-000642,telemetry,dirty_label:site,SITE-001 -> Nairobi term
TEL-000659,telemetry,dirty_label:site,SITE-003 -> makueni pipeline
TEL-000664,telemetry,dirty_label:site,SITE-003 -> Thange section
TEL-000673,telemetry,dirty_label:site,SITE-005 -> ELDORET
TEL-000690,telemetry,sensor_dropout,pressure_psi set to null
TEL-000692,telemetry,dirty_label:site,SITE-001 -> NAIROBI
TEL-000694,telemetry,dirty_label:site,SITE-003 -> makueni section
TEL-000697,telemetry,dirty_label:site,SITE-002 -> MOMBASA
TEL-000702,telemetry,sensor_dropout,temperature_celsius set to null
TEL-000703,telemetry,sensor_dropout,flow_rate_bph set to null
TEL-000707,telemetry,dirty_label:site,SITE-004 -> nakuru depot
TEL-000712,telemetry,dirty_label:site,SITE-004 -> NAKURU
TEL-000713,telemetry,dirty_label:site,SITE-002 -> MOMBASA
TEL-000716,telemetry,dirty_label:site,SITE-005 -> ELD Terminal
TEL-000733,telemetry,dirty_label:site,SITE-007 -> KSM Terminal
TEL-000736,telemetry,dirty_label:site,SITE-003 -> MAKUENI
TEL-000741,telemetry,sensor_dropout,pressure_psi set to null
TEL-000761,telemetry,dirty_label:site,SITE-006 -> sinendet pump station
TEL-000763,telemetry,sensor_dropout,pressure_psi set to null
TEL-000767,telemetry,sensor_dropout,pressure_psi set to null
TEL-000773,telemetry,dirty_label:site,SITE-001 -> Nairobi term
TEL-000774,telemetry,sensor_dropout,temperature_celsius set to null
TEL-000776,telemetry,dirty_label:site,SITE-003 -> MAKUENI
TEL-000778,telemetry,dirty_label:site,SITE-004 -> Nakuru dep
TEL-000797,telemetry,dirty_label:site,SITE-005 -> ELD Terminal
TEL-000801,telemetry,dirty_label:site,SITE-004 -> Nakuru dep
TEL-000805,telemetry,dirty_label:site,SITE-005 -> Eldoret  Terminal
TEL-000806,telemetry,dirty_label:site,SITE-001 -> Nairobi  Terminal
TEL-000811,telemetry,dirty_label:site,SITE-002 -> mombasa terminal
TEL-000816,telemetry,dirty_label:site,SITE-002 -> MOMBASA
TEL-000822,telemetry,dirty_label:site,SITE-005 -> Eldoret  Terminal
TEL-000839,telemetry,dirty_label:site,SITE-006 -> sinendet pump station
TEL-000844,telemetry,dirty_label:site,SITE-006 -> Sinendet PS
TEL-000846,telemetry,dirty_label:site,SITE-004 -> NAKURU
TEL-000858,telemetry,dirty_label:site,SITE-004 -> NAKURU
TEL-000860,telemetry,dirty_label:site,SITE-001 -> Nairobi  Terminal
TEL-000870,telemetry,dirty_label:site,SITE-006 -> Sinendet PS
TEL-000871,telemetry,dirty_label:site,SITE-002 -> mombasa terminal
TEL-000872,telemetry,dirty_label:site,SITE-001 -> Nairobi  Terminal
TEL-000873,telemetry,dirty_label:site,SITE-006 -> sinendet pump station
TEL-000875,telemetry,dirty_label:site,SITE-005 -> ELD Terminal
TEL-000881,telemetry,dirty_label:site,SITE-004 -> NKR Depot
TEL-000884,telemetry,dirty_label:site,SITE-003 -> Thange section
TEL-000890,telemetry,dirty_label:site,SITE-006 -> Sinendet  Pump Station
TEL-000893,telemetry,dirty_label:site,SITE-005 -> Eldoret term
TEL-000897,telemetry,dirty_label:site,SITE-006 -> SINENDET
TEL-000899,telemetry,dirty_label:site,SITE-003 -> makueni section
TEL-000900,telemetry,dirty_label:site,SITE-006 -> sinendet pump station
TEL-000907,telemetry,dirty_label:site,SITE-006 -> sinendet pump
TEL-000915,telemetry,dirty_label:site,SITE-004 -> Nakuru dep
TEL-000918,telemetry,dirty_label:site,SITE-005 -> Eldoret term
TEL-000924,telemetry,dirty_label:site,SITE-007 -> kisumu terminal
TEL-000930,telemetry,dirty_label:site,SITE-002 -> Mombasa term
TEL-000933,telemetry,dirty_label:site,SITE-004 -> Nakuru dep
TEL-000933,telemetry,sensor_dropout,pressure_psi set to null
TEL-000936,telemetry,sensor_dropout,temperature_celsius set to null
TEL-000937,telemetry,dirty_label:site,SITE-001 -> nairobi terminal
TEL-000942,telemetry,sensor_dropout,pressure_psi set to null
TEL-000952,telemetry,sensor_dropout,pressure_psi set to null
TEL-000958,telemetry,dirty_label:site,SITE-005 -> Eldoret  Terminal
TEL-000962,telemetry,dirty_label:site,SITE-007 -> kisumu terminal
TEL-000973,telemetry,dirty_label:site,SITE-006 -> Sinendet PS
TEL-000983,telemetry,dirty_label:site,SITE-004 -> Nakuru  Depot
TEL-001021,telemetry,dirty_label:site,SITE-004 -> NAKURU
TEL-001033,telemetry,dirty_label:site,SITE-001 -> Nairobi term
TEL-001034,telemetry,dirty_label:site,SITE-007 -> KSM Terminal
TEL-001041,telemetry,dirty_label:site,SITE-003 -> Kibwezi
TEL-001060,telemetry,dirty_label:site,SITE-007 -> Kisumu term
TEL-001061,telemetry,dirty_label:site,SITE-001 -> Nairobi  Terminal
TEL-001070,telemetry,dirty_label:site,SITE-003 -> Makueni PS
TEL-001080,telemetry,dirty_label:site,SITE-004 -> Nakuru dep
TEL-001090,telemetry,dirty_label:site,SITE-007 -> KSM Terminal
TEL-001097,telemetry,dirty_label:site,SITE-006 -> sinendet pump station
TEL-001116,telemetry,dirty_label:site,SITE-003 -> makueni section
TEL-001123,telemetry,dirty_label:site,SITE-003 -> makueni pipeline
TEL-001139,telemetry,dirty_label:site,SITE-005 -> Eldoret term
TEL-001160,telemetry,dirty_label:site,SITE-001 -> NRB Terminal
TEL-001162,telemetry,sensor_dropout,pressure_psi set to null
TEL-001169,telemetry,dirty_label:site,SITE-003 -> makueni section
TEL-001170,telemetry,dirty_label:site,SITE-001 -> Nairobi term
TEL-001177,telemetry,dirty_label:site,SITE-006 -> Sinendet PS
TEL-001179,telemetry,dirty_label:site,SITE-003 -> Kibwezi
TEL-001198,telemetry,dirty_label:site,SITE-005 -> Eldoret term
TEL-001199,telemetry,sensor_dropout,pressure_psi set to null
TEL-001201,telemetry,sensor_dropout,pressure_psi set to null
TEL-001203,telemetry,dirty_label:site,SITE-001 -> nairobi terminal
TEL-001206,telemetry,dirty_label:site,SITE-001 -> Nairobi  Terminal
TEL-001213,telemetry,dirty_label:site,SITE-002 -> MSA Terminal
TEL-001222,telemetry,dirty_label:site,SITE-005 -> ELDORET
TEL-001226,telemetry,dirty_label:site,SITE-006 -> Sinendet  Pump Station
TEL-001232,telemetry,sensor_dropout,temperature_celsius set to null
TEL-001255,telemetry,dirty_label:site,SITE-002 -> Mombasa term
TEL-001264,telemetry,sensor_dropout,pressure_psi set to null
TEL-001270,telemetry,sensor_dropout,temperature_celsius set to null
TEL-001272,telemetry,dirty_label:site,SITE-005 -> Eldoret term
TEL-001280,telemetry,dirty_label:site,SITE-006 -> Sinendet  Pump Station
TEL-001282,telemetry,sensor_dropout,pressure_psi set to null
TEL-001283,telemetry,dirty_label:site,SITE-004 -> NKR Depot
TEL-001288,telemetry,dirty_label:site,SITE-006 -> SINENDET
TEL-001293,telemetry,dirty_label:site,SITE-003 -> Makueni PS
TEL-001294,telemetry,dirty_label:site,SITE-001 -> Nairobi term
TEL-001314,telemetry,dirty_label:site,SITE-005 -> Eldoret term
TEL-001315,telemetry,dirty_label:site,SITE-002 -> MOMBASA
TEL-001317,telemetry,dirty_label:site,SITE-001 -> Nairobi term
TEL-001329,telemetry,dirty_label:site,SITE-004 -> NKR Depot
TEL-001342,telemetry,dirty_label:site,SITE-007 -> Kisumu  Terminal
TEL-001344,telemetry,dirty_label:site,SITE-003 -> MAKUENI
TEL-001346,telemetry,dirty_label:site,SITE-001 -> NRB Terminal
TEL-001352,telemetry,dirty_label:site,SITE-002 -> Mombasa  Terminal
TEL-001364,telemetry,dirty_label:site,SITE-005 -> eldoret terminal
TEL-001365,telemetry,dirty_label:site,SITE-004 -> Nakuru dep
TEL-001373,telemetry,dirty_label:site,SITE-002 -> MOMBASA
TEL-001382,telemetry,sensor_dropout,flow_rate_bph set to null
TEL-001391,telemetry,dirty_label:site,SITE-006 -> Sinendet  Pump Station
TEL-001396,telemetry,dirty_label:site,SITE-001 -> Nairobi term
TEL-001403,telemetry,dirty_label:site,SITE-005 -> ELD Terminal
TEL-001405,telemetry,dirty_label:site,SITE-006 -> Sinendet  Pump Station
TEL-001406,telemetry,dirty_label:site,SITE-005 -> ELD Terminal
TEL-001417,telemetry,sensor_dropout,pressure_psi set to null
TEL-001427,telemetry,dirty_label:site,SITE-003 -> makueni pipeline
TEL-001430,telemetry,dirty_label:site,SITE-002 -> MSA Terminal
TEL-001448,telemetry,dirty_label:site,SITE-007 -> Kisumu term
TEL-001466,telemetry,dirty_label:site,SITE-007 -> Kisumu term
TEL-001467,telemetry,dirty_label:site,SITE-002 -> Mombasa  Terminal
TEL-001475,telemetry,sensor_dropout,pressure_psi set to null
TEL-001484,telemetry,sensor_dropout,flow_rate_bph set to null
TEL-001486,telemetry,sensor_dropout,pressure_psi set to null
TEL-001504,telemetry,dirty_label:site,SITE-006 -> SINENDET
TEL-001515,telemetry,dirty_label:site,SITE-003 -> makueni section
TEL-001529,telemetry,dirty_label:site,SITE-004 -> nakuru depot
TEL-001530,telemetry,dirty_label:site,SITE-005 -> ELDORET
TEL-001532,telemetry,dirty_label:site,SITE-007 -> kisumu terminal
TEL-001541,telemetry,sensor_dropout,pressure_psi set to null
TEL-001543,telemetry,dirty_label:site,SITE-006 -> sinendet pump station
TEL-001544,telemetry,dirty_label:site,SITE-004 -> Nakuru  Depot
TEL-001547,telemetry,dirty_label:site,SITE-007 -> KISUMU
TEL-001549,telemetry,dirty_label:site,SITE-006 -> Sinendet  Pump Station
TEL-001554,telemetry,dirty_label:site,SITE-006 -> sinendet pump
TEL-001559,telemetry,dirty_label:site,SITE-006 -> SINENDET
TEL-001564,telemetry,dirty_label:site,SITE-005 -> Eldoret  Terminal
TEL-001576,telemetry,dirty_label:site,SITE-007 -> KSM Terminal
TEL-001580,telemetry,dirty_label:site,SITE-003 -> Thange section
TEL-001606,telemetry,dirty_label:site,SITE-001 -> nairobi terminal
TEL-001608,telemetry,sensor_dropout,pressure_psi set to null
TEL-001614,telemetry,dirty_label:site,SITE-006 -> Sinendet  Pump Station
TEL-001615,telemetry,dirty_label:site,SITE-001 -> Nairobi  Terminal
TEL-001616,telemetry,dirty_label:site,SITE-005 -> Eldoret  Terminal
TEL-001626,telemetry,dirty_label:site,SITE-004 -> Nakuru dep
TEL-001629,telemetry,dirty_label:site,SITE-001 -> nairobi terminal
TEL-001631,telemetry,dirty_label:site,SITE-001 -> NRB Terminal
TEL-001633,telemetry,dirty_label:site,SITE-007 -> KSM Terminal
TEL-001640,telemetry,dirty_label:site,SITE-005 -> eldoret terminal
TEL-001644,telemetry,dirty_label:site,SITE-002 -> MSA Terminal
TEL-001648,telemetry,dirty_label:site,SITE-004 -> nakuru depot
TEL-001651,telemetry,sensor_dropout,pressure_psi set to null
TEL-001654,telemetry,dirty_label:site,SITE-004 -> NKR Depot
TEL-001656,telemetry,dirty_label:site,SITE-007 -> KSM Terminal
TEL-001658,telemetry,dirty_label:site,SITE-007 -> KSM Terminal
TEL-001664,telemetry,dirty_label:site,SITE-004 -> NKR Depot
TEL-001671,telemetry,dirty_label:site,SITE-005 -> ELDORET
TEL-001673,telemetry,sensor_dropout,pressure_psi set to null
TEL-001679,telemetry,dirty_label:site,SITE-005 -> Eldoret term
TEL-001680,telemetry,dirty_label:site,SITE-001 -> NAIROBI
TEL-001681,telemetry,dirty_label:site,SITE-004 -> nakuru depot
TEL-001682,telemetry,dirty_label:site,SITE-006 -> SINENDET
TEL-001684,telemetry,dirty_label:site,SITE-003 -> Thange section
TEL-001685,telemetry,dirty_label:site,SITE-006 -> Sinendet PS
TEL-001686,telemetry,dirty_label:site,SITE-003 -> makueni section
TEL-001691,telemetry,dirty_label:site,SITE-002 -> Mombasa term
TEL-001693,telemetry,dirty_label:site,SITE-003 -> Thange section
TEL-001704,telemetry,sensor_dropout,temperature_celsius set to null
TEL-001710,telemetry,dirty_label:site,SITE-006 -> Sinendet  Pump Station
TEL-001713,telemetry,dirty_label:site,SITE-001 -> nairobi terminal
TEL-001717,telemetry,dirty_label:site,SITE-006 -> Sinendet  Pump Station
TEL-001720,telemetry,dirty_label:site,SITE-004 -> NKR Depot
TEL-001726,telemetry,dirty_label:site,SITE-003 -> makueni pipeline
TEL-001733,telemetry,dirty_label:site,SITE-001 -> Nairobi term
TEL-001741,telemetry,dirty_label:site,SITE-004 -> Nakuru dep
TEL-001745,telemetry,dirty_label:site,SITE-006 -> Sinendet PS
TEL-001748,telemetry,dirty_label:site,SITE-004 -> Nakuru  Depot
TEL-001749,telemetry,sensor_dropout,flow_rate_bph set to null
TEL-001750,telemetry,dirty_label:site,SITE-001 -> Nairobi term
TEL-001756,telemetry,dirty_label:site,SITE-002 -> Mombasa  Terminal
TEL-001764,telemetry,sensor_dropout,pressure_psi set to null
TEL-001769,telemetry,dirty_label:site,SITE-006 -> Sinendet PS
TEL-001770,telemetry,dirty_label:site,SITE-003 -> MAKUENI
TEL-001770,telemetry,sensor_dropout,flow_rate_bph set to null
TEL-001795,telemetry,dirty_label:site,SITE-003 -> makueni pipeline
TEL-001799,telemetry,sensor_dropout,pressure_psi set to null
TEL-001801,telemetry,dirty_label:site,SITE-007 -> KSM Terminal
TEL-001812,telemetry,sensor_dropout,pressure_psi set to null
TEL-001815,telemetry,dirty_label:site,SITE-003 -> makueni section
TEL-001819,telemetry,dirty_label:site,SITE-005 -> ELDORET
TEL-001828,telemetry,dirty_label:site,SITE-005 -> ELDORET
TEL-001832,telemetry,dirty_label:site,SITE-007 -> KISUMU
TEL-001843,telemetry,sensor_dropout,temperature_celsius set to null
TEL-001847,telemetry,dirty_label:site,SITE-007 -> kisumu terminal
TEL-001851,telemetry,dirty_label:site,SITE-006 -> sinendet pump station
TEL-001863,telemetry,dirty_label:site,SITE-005 -> ELDORET
TEL-001867,telemetry,sensor_dropout,pressure_psi set to null
TEL-001870,telemetry,dirty_label:site,SITE-003 -> Kibwezi
TEL-001874,telemetry,dirty_label:site,SITE-002 -> Mombasa  Terminal
TEL-001875,telemetry,dirty_label:site,SITE-005 -> eldoret terminal
TEL-001882,telemetry,dirty_label:site,SITE-004 -> NAKURU
TEL-001885,telemetry,dirty_label:site,SITE-005 -> ELDORET
TEL-001893,telemetry,dirty_label:site,SITE-005 -> Eldoret  Terminal
TEL-001897,telemetry,dirty_label:site,SITE-003 -> Kibwezi
TEL-001898,telemetry,dirty_label:site,SITE-001 -> Nairobi term
TEL-001908,telemetry,dirty_label:site,SITE-007 -> KSM Terminal
TEL-001910,telemetry,sensor_dropout,pressure_psi set to null
TEL-001912,telemetry,dirty_label:site,SITE-004 -> Nakuru dep
TEL-001942,telemetry,dirty_label:site,SITE-006 -> sinendet pump
TEL-001950,telemetry,dirty_label:site,SITE-004 -> Nakuru  Depot
TEL-001952,telemetry,dirty_label:site,SITE-002 -> Mombasa term
TEL-001964,telemetry,dirty_label:site,SITE-004 -> Nakuru dep
TEL-001969,telemetry,sensor_dropout,flow_rate_bph set to null
TEL-001976,telemetry,sensor_dropout,temperature_celsius set to null
TEL-001977,telemetry,dirty_label:site,SITE-006 -> SINENDET
TEL-001982,telemetry,dirty_label:site,SITE-004 -> Nakuru  Depot
TEL-001984,telemetry,dirty_label:site,SITE-001 -> Nairobi  Terminal
TEL-001987,telemetry,dirty_label:site,SITE-003 -> Makueni PS
TEL-001993,telemetry,dirty_label:site,SITE-001 -> Nairobi  Terminal
TEL-001994,telemetry,dirty_label:site,SITE-004 -> Nakuru dep
TEL-001999,telemetry,dirty_label:site,SITE-001 -> NRB Terminal
TEL-002000,telemetry,dirty_label:site,SITE-002 -> mombasa terminal
TEL-002017,telemetry,dirty_label:site,SITE-006 -> Sinendet  Pump Station
TEL-002025,telemetry,dirty_label:site,SITE-002 -> Mombasa term
TEL-002027,telemetry,dirty_label:site,SITE-007 -> kisumu terminal
TEL-002030,telemetry,dirty_label:site,SITE-004 -> Nakuru dep
TEL-002031,telemetry,dirty_label:site,SITE-004 -> Nakuru dep
TEL-002038,telemetry,dirty_label:site,SITE-003 -> Makueni PS
TEL-002042,telemetry,dirty_label:site,SITE-003 -> makueni pipeline
TEL-002061,telemetry,sensor_dropout,pressure_psi set to null
TEL-002062,telemetry,dirty_label:site,SITE-001 -> Nairobi term
TEL-002063,telemetry,dirty_label:site,SITE-002 -> Kipevu terminal
TEL-002067,telemetry,dirty_label:site,SITE-001 -> Nairobi term
TEL-002070,telemetry,dirty_label:site,SITE-001 -> Nairobi  Terminal
TEL-002078,telemetry,dirty_label:site,SITE-002 -> mombasa terminal
TEL-002080,telemetry,dirty_label:site,SITE-007 -> Kisumu term
TEL-002086,telemetry,dirty_label:site,SITE-001 -> Nairobi  Terminal
TEL-002103,telemetry,dirty_label:site,SITE-005 -> Eldoret term
TEL-002114,telemetry,dirty_label:site,SITE-004 -> NAKURU
TEL-002125,telemetry,dirty_label:site,SITE-007 -> KSM Terminal
TEL-002130,telemetry,dirty_label:site,SITE-001 -> NRB Terminal
TEL-002138,telemetry,dirty_label:site,SITE-005 -> Eldoret  Terminal
TEL-002143,telemetry,dirty_label:site,SITE-002 -> MOMBASA
TEL-002151,telemetry,dirty_label:site,SITE-006 -> Sinendet  Pump Station
TEL-002152,telemetry,dirty_label:site,SITE-001 -> NAIROBI
TEL-002155,telemetry,dirty_label:site,SITE-005 -> eldoret terminal
TEL-002156,telemetry,dirty_label:site,SITE-003 -> Makueni PS
TEL-002170,telemetry,dirty_label:site,SITE-004 -> NKR Depot
TEL-002172,telemetry,dirty_label:site,SITE-007 -> Kisumu term
TEL-002178,telemetry,dirty_label:site,SITE-007 -> kisumu terminal
TEL-002179,telemetry,dirty_label:site,SITE-001 -> NAIROBI
TEL-002183,telemetry,dirty_label:site,SITE-006 -> Sinendet PS
TEL-002184,telemetry,dirty_label:site,SITE-001 -> Nairobi term
TEL-002196,telemetry,sensor_dropout,flow_rate_bph set to null
TEL-002207,telemetry,sensor_dropout,pressure_psi set to null
TEL-002210,telemetry,dirty_label:site,SITE-002 -> MSA Terminal
TEL-002213,telemetry,dirty_label:site,SITE-005 -> ELDORET
TEL-002220,telemetry,sensor_dropout,flow_rate_bph set to null
TEL-002222,telemetry,dirty_label:site,SITE-003 -> MAKUENI
TEL-002226,telemetry,dirty_label:site,SITE-007 -> KISUMU
TEL-002234,telemetry,sensor_dropout,pressure_psi set to null
TEL-002236,telemetry,dirty_label:site,SITE-002 -> mombasa terminal
TEL-002240,telemetry,sensor_dropout,temperature_celsius set to null
TEL-002246,telemetry,dirty_label:site,SITE-007 -> KISUMU
TEL-002252,telemetry,dirty_label:site,SITE-007 -> kisumu terminal
TEL-002268,telemetry,dirty_label:site,SITE-002 -> Mombasa  Terminal
TEL-002273,telemetry,dirty_label:site,SITE-003 -> makueni section
TEL-002274,telemetry,dirty_label:site,SITE-005 -> ELD Terminal
TEL-002275,telemetry,dirty_label:site,SITE-005 -> ELDORET
TEL-002282,telemetry,dirty_label:site,SITE-004 -> nakuru depot
TEL-002302,telemetry,dirty_label:site,SITE-001 -> Nairobi  Terminal
TEL-002323,telemetry,dirty_label:site,SITE-003 -> Makueni PS
TEL-002326,telemetry,dirty_label:site,SITE-006 -> sinendet pump station
TEL-002329,telemetry,dirty_label:site,SITE-003 -> Thange section
TEL-002339,telemetry,dirty_label:site,SITE-007 -> KSM Terminal
TEL-002341,telemetry,dirty_label:site,SITE-002 -> MSA Terminal
TEL-002347,telemetry,dirty_label:site,SITE-001 -> nairobi terminal
TEL-002348,telemetry,dirty_label:site,SITE-003 -> makueni section
TEL-002350,telemetry,dirty_label:site,SITE-004 -> NKR Depot
TEL-002358,telemetry,dirty_label:site,SITE-003 -> Kibwezi
TEL-002364,telemetry,dirty_label:site,SITE-006 -> Sinendet PS
TEL-002368,telemetry,dirty_label:site,SITE-003 -> Thange section
TEL-002369,telemetry,dirty_label:site,SITE-007 -> Kisumu term
TEL-002382,telemetry,dirty_label:site,SITE-007 -> kisumu terminal
TEL-002383,telemetry,sensor_dropout,flow_rate_bph set to null
TEL-002386,telemetry,dirty_label:site,SITE-003 -> Makueni PS
TEL-002387,telemetry,dirty_label:site,SITE-003 -> Thange section
TEL-002390,telemetry,dirty_label:site,SITE-006 -> sinendet pump station
TEL-002400,telemetry,dirty_label:site,SITE-001 -> nairobi terminal
TEL-002402,telemetry,dirty_label:site,SITE-007 -> Kisumu  Terminal
TEL-002410,telemetry,dirty_label:site,SITE-001 -> Nairobi  Terminal
TEL-002412,telemetry,sensor_dropout,temperature_celsius set to null
TEL-002415,telemetry,dirty_label:site,SITE-003 -> MAKUENI
TEL-002419,telemetry,dirty_label:site,SITE-003 -> Thange section
TEL-002422,telemetry,dirty_label:site,SITE-001 -> nairobi terminal
TEL-002427,telemetry,dirty_label:site,SITE-004 -> NKR Depot
TEL-002430,telemetry,sensor_dropout,temperature_celsius set to null
TEL-002432,telemetry,dirty_label:site,SITE-003 -> Thange section
TEL-002435,telemetry,dirty_label:site,SITE-002 -> mombasa terminal
TEL-002436,telemetry,dirty_label:site,SITE-005 -> Eldoret term
TEL-002441,telemetry,dirty_label:site,SITE-006 -> sinendet pump
TEL-002443,telemetry,dirty_label:site,SITE-002 -> mombasa terminal
TEL-002449,telemetry,sensor_dropout,flow_rate_bph set to null
TEL-002450,telemetry,dirty_label:site,SITE-001 -> nairobi terminal
TEL-002452,telemetry,dirty_label:site,SITE-005 -> Eldoret term
TEL-002462,telemetry,dirty_label:site,SITE-005 -> ELD Terminal
TEL-002464,telemetry,dirty_label:site,SITE-001 -> NAIROBI
TEL-002465,telemetry,dirty_label:site,SITE-004 -> NKR Depot
TEL-002467,telemetry,sensor_dropout,temperature_celsius set to null
TEL-002468,telemetry,dirty_label:site,SITE-003 -> Kibwezi
TEL-002471,telemetry,sensor_dropout,temperature_celsius set to null
TEL-002475,telemetry,sensor_dropout,pressure_psi set to null
TEL-002490,telemetry,dirty_label:site,SITE-005 -> ELD Terminal
TEL-002502,telemetry,dirty_label:site,SITE-006 -> Sinendet PS
TEL-002506,telemetry,dirty_label:site,SITE-006 -> Sinendet PS
TEL-002516,telemetry,dirty_label:site,SITE-007 -> kisumu terminal
TEL-002519,telemetry,dirty_label:site,SITE-002 -> Kipevu terminal
TEL-002524,telemetry,dirty_label:site,SITE-002 -> MOMBASA
TEL-002525,telemetry,sensor_dropout,temperature_celsius set to null
TEL-002529,telemetry,sensor_dropout,pressure_psi set to null
TEL-002530,telemetry,dirty_label:site,SITE-006 -> sinendet pump station
TEL-002533,telemetry,dirty_label:site,SITE-002 -> Kipevu terminal
TEL-002537,telemetry,dirty_label:site,SITE-002 -> Mombasa  Terminal
TEL-002539,telemetry,sensor_dropout,flow_rate_bph set to null
TEL-002545,telemetry,dirty_label:site,SITE-007 -> KSM Terminal
TEL-002548,telemetry,dirty_label:site,SITE-003 -> makueni pipeline
TEL-002549,telemetry,dirty_label:site,SITE-005 -> Eldoret term
TEL-002550,telemetry,dirty_label:site,SITE-001 -> NAIROBI
TEL-002552,telemetry,dirty_label:site,SITE-002 -> Kipevu terminal
TEL-002559,telemetry,dirty_label:site,SITE-004 -> Nakuru  Depot
TEL-002562,telemetry,dirty_label:site,SITE-006 -> sinendet pump
TEL-002569,telemetry,dirty_label:site,SITE-001 -> Nairobi  Terminal
TEL-002587,telemetry,dirty_label:site,SITE-002 -> Mombasa  Terminal
TEL-002590,telemetry,dirty_label:site,SITE-007 -> KISUMU
TEL-002591,telemetry,dirty_label:site,SITE-004 -> NKR Depot
TEL-002592,telemetry,dirty_label:site,SITE-004 -> Nakuru  Depot
TEL-002594,telemetry,dirty_label:site,SITE-003 -> makueni pipeline
TEL-002600,telemetry,sensor_dropout,pressure_psi set to null
TEL-002611,telemetry,dirty_label:site,SITE-002 -> MOMBASA
TEL-002613,telemetry,dirty_label:site,SITE-003 -> Makueni PS
TEL-002617,telemetry,dirty_label:site,SITE-001 -> NAIROBI
TEL-002626,telemetry,dirty_label:site,SITE-007 -> Kisumu term
TEL-002638,telemetry,dirty_label:site,SITE-004 -> NKR Depot
TEL-002639,telemetry,dirty_label:site,SITE-003 -> Kibwezi
TEL-002640,telemetry,dirty_label:site,SITE-003 -> makueni section
TEL-002643,telemetry,dirty_label:site,SITE-005 -> Eldoret  Terminal
TEL-002645,telemetry,dirty_label:site,SITE-004 -> Nakuru dep
TEL-002662,telemetry,sensor_dropout,pressure_psi set to null
TEL-002675,telemetry,dirty_label:site,SITE-005 -> ELD Terminal
TEL-002683,telemetry,dirty_label:site,SITE-004 -> Nakuru dep
TEL-002687,telemetry,dirty_label:site,SITE-002 -> Kipevu terminal
TEL-002715,telemetry,dirty_label:site,SITE-004 -> NKR Depot
TEL-002716,telemetry,dirty_label:site,SITE-002 -> Kipevu terminal
TEL-002720,telemetry,dirty_label:site,SITE-004 -> Nakuru  Depot
TEL-002744,telemetry,dirty_label:site,SITE-006 -> SINENDET
TEL-002761,telemetry,dirty_label:site,SITE-004 -> nakuru depot
TEL-002767,telemetry,dirty_label:site,SITE-002 -> mombasa terminal
TEL-002777,telemetry,dirty_label:site,SITE-005 -> eldoret terminal
TEL-002779,telemetry,sensor_dropout,pressure_psi set to null
TEL-002783,telemetry,dirty_label:site,SITE-002 -> MSA Terminal
TEL-002789,telemetry,dirty_label:site,SITE-007 -> Kisumu  Terminal
TEL-002795,telemetry,dirty_label:site,SITE-006 -> sinendet pump station
TEL-002800,telemetry,dirty_label:site,SITE-007 -> Kisumu term
TEL-002805,telemetry,dirty_label:site,SITE-006 -> Sinendet  Pump Station
TEL-002806,telemetry,dirty_label:site,SITE-007 -> Kisumu  Terminal
TEL-002812,telemetry,dirty_label:site,SITE-006 -> Sinendet  Pump Station
TEL-002812,telemetry,sensor_dropout,temperature_celsius set to null
TEL-002813,telemetry,sensor_dropout,flow_rate_bph set to null
TEL-002819,telemetry,dirty_label:site,SITE-007 -> Kisumu  Terminal
TEL-002827,telemetry,dirty_label:site,SITE-007 -> Kisumu term
TEL-002831,telemetry,dirty_label:site,SITE-005 -> ELD Terminal
TEL-002834,telemetry,dirty_label:site,SITE-002 -> mombasa terminal
TEL-002843,telemetry,dirty_label:site,SITE-002 -> Kipevu terminal
TEL-002843,telemetry,sensor_dropout,temperature_celsius set to null
TEL-002845,telemetry,dirty_label:site,SITE-002 -> Mombasa term
TEL-002850,telemetry,dirty_label:site,SITE-005 -> eldoret terminal
TEL-002851,telemetry,dirty_label:site,SITE-002 -> Mombasa term
TEL-002856,telemetry,dirty_label:site,SITE-004 -> Nakuru  Depot
TEL-002857,telemetry,sensor_dropout,pressure_psi set to null
TEL-002868,telemetry,dirty_label:site,SITE-005 -> Eldoret  Terminal
TEL-002869,telemetry,dirty_label:site,SITE-004 -> Nakuru dep
TEL-002878,telemetry,dirty_label:site,SITE-002 -> Mombasa  Terminal
TEL-002888,telemetry,dirty_label:site,SITE-005 -> ELDORET
TEL-002894,telemetry,sensor_dropout,flow_rate_bph set to null
TEL-002900,telemetry,dirty_label:site,SITE-004 -> NKR Depot
TEL-002902,telemetry,dirty_label:site,SITE-007 -> Kisumu  Terminal
TEL-002907,telemetry,sensor_dropout,flow_rate_bph set to null
TEL-002915,telemetry,dirty_label:site,SITE-002 -> mombasa terminal
TEL-002915,telemetry,sensor_dropout,pressure_psi set to null
TEL-002924,telemetry,dirty_label:site,SITE-001 -> NRB Terminal
TEL-002943,telemetry,dirty_label:site,SITE-007 -> Kisumu term
TEL-002944,telemetry,dirty_label:site,SITE-007 -> Kisumu  Terminal
TEL-002945,telemetry,dirty_label:site,SITE-005 -> ELD Terminal
TEL-002947,telemetry,dirty_label:site,SITE-002 -> Kipevu terminal
TEL-002953,telemetry,dirty_label:site,SITE-003 -> Makueni PS
TEL-002954,telemetry,dirty_label:site,SITE-006 -> SINENDET
TEL-002955,telemetry,sensor_dropout,flow_rate_bph set to null
TEL-002959,telemetry,dirty_label:site,SITE-005 -> ELDORET
TEL-002963,telemetry,dirty_label:site,SITE-002 -> Mombasa  Terminal
TEL-002972,telemetry,dirty_label:site,SITE-006 -> SINENDET
TEL-002975,telemetry,dirty_label:site,SITE-003 -> makueni section
TEL-002976,telemetry,sensor_dropout,pressure_psi set to null
TEL-002981,telemetry,dirty_label:site,SITE-002 -> MSA Terminal
TEL-002988,telemetry,sensor_dropout,pressure_psi set to null
TEL-002993,telemetry,sensor_dropout,temperature_celsius set to null
TEL-002998,telemetry,dirty_label:site,SITE-007 -> KISUMU
TEL-003007,telemetry,dirty_label:site,SITE-005 -> eldoret terminal
TEL-003009,telemetry,dirty_label:site,SITE-003 -> Kibwezi
TEL-003013,telemetry,dirty_label:site,SITE-004 -> NAKURU
TEL-003017,telemetry,dirty_label:site,SITE-004 -> NKR Depot
TEL-003018,telemetry,sensor_dropout,temperature_celsius set to null
TEL-003028,telemetry,dirty_label:site,SITE-007 -> KSM Terminal
TEL-003043,telemetry,dirty_label:site,SITE-006 -> Sinendet PS
TEL-003044,telemetry,dirty_label:site,SITE-007 -> KISUMU
TEL-003055,telemetry,dirty_label:site,SITE-002 -> MOMBASA
TEL-003061,telemetry,dirty_label:site,SITE-007 -> Kisumu  Terminal
TEL-003064,telemetry,dirty_label:site,SITE-003 -> makueni section
TEL-003068,telemetry,dirty_label:site,SITE-006 -> SINENDET
TEL-003069,telemetry,dirty_label:site,SITE-004 -> Nakuru  Depot
TEL-003070,telemetry,dirty_label:site,SITE-007 -> KSM Terminal
TEL-003074,telemetry,dirty_label:site,SITE-001 -> Nairobi term
TEL-003076,telemetry,dirty_label:site,SITE-002 -> MSA Terminal
TEL-003081,telemetry,sensor_dropout,temperature_celsius set to null
TEL-003083,telemetry,dirty_label:site,SITE-006 -> sinendet pump
TEL-003089,telemetry,dirty_label:site,SITE-005 -> ELD Terminal
TEL-003095,telemetry,dirty_label:site,SITE-002 -> MOMBASA
TEL-003102,telemetry,dirty_label:site,SITE-007 -> Kisumu term
TEL-003113,telemetry,dirty_label:site,SITE-007 -> kisumu terminal
TEL-003117,telemetry,sensor_dropout,flow_rate_bph set to null
TEL-003126,telemetry,dirty_label:site,SITE-006 -> sinendet pump station
TEL-003131,telemetry,dirty_label:site,SITE-004 -> Nakuru  Depot
TEL-003135,telemetry,dirty_label:site,SITE-004 -> Nakuru dep
TEL-003139,telemetry,dirty_label:site,SITE-004 -> nakuru depot
TEL-003145,telemetry,dirty_label:site,SITE-007 -> KSM Terminal
TEL-003146,telemetry,sensor_dropout,temperature_celsius set to null
TEL-003147,telemetry,dirty_label:site,SITE-005 -> ELDORET
TEL-003149,telemetry,dirty_label:site,SITE-002 -> Mombasa  Terminal
TEL-003160,telemetry,dirty_label:site,SITE-004 -> Nakuru  Depot
TEL-003162,telemetry,dirty_label:site,SITE-004 -> Nakuru  Depot
TEL-003168,telemetry,dirty_label:site,SITE-005 -> eldoret terminal
TEL-003181,telemetry,dirty_label:site,SITE-002 -> Kipevu terminal
TEL-003183,telemetry,dirty_label:site,SITE-003 -> Kibwezi
TEL-003184,telemetry,sensor_dropout,pressure_psi set to null
TEL-003185,telemetry,dirty_label:site,SITE-002 -> MSA Terminal
TEL-003186,telemetry,dirty_label:site,SITE-001 -> Nairobi term
TEL-003194,telemetry,dirty_label:site,SITE-003 -> makueni pipeline
TEL-003196,telemetry,dirty_label:site,SITE-005 -> Eldoret  Terminal
TEL-003197,telemetry,sensor_dropout,flow_rate_bph set to null
TEL-003201,telemetry,sensor_dropout,flow_rate_bph set to null
TEL-003213,telemetry,dirty_label:site,SITE-004 -> NAKURU
TEL-003216,telemetry,dirty_label:site,SITE-005 -> eldoret terminal
TEL-003218,telemetry,sensor_dropout,flow_rate_bph set to null
TEL-003221,telemetry,sensor_dropout,flow_rate_bph set to null
TEL-003233,telemetry,dirty_label:site,SITE-006 -> Sinendet PS
TEL-003254,telemetry,dirty_label:site,SITE-003 -> makueni pipeline
TEL-003264,telemetry,sensor_dropout,flow_rate_bph set to null
TEL-003273,telemetry,dirty_label:site,SITE-006 -> sinendet pump station
TEL-003277,telemetry,sensor_dropout,pressure_psi set to null
TEL-003278,telemetry,dirty_label:site,SITE-004 -> NKR Depot
TEL-003288,telemetry,dirty_label:site,SITE-002 -> MOMBASA
TEL-003290,telemetry,dirty_label:site,SITE-003 -> makueni pipeline
TEL-003293,telemetry,dirty_label:site,SITE-002 -> Mombasa  Terminal
TEL-003294,telemetry,dirty_label:site,SITE-003 -> Makueni PS
TEL-003298,telemetry,dirty_label:site,SITE-005 -> ELD Terminal
TEL-003300,telemetry,dirty_label:site,SITE-001 -> Nairobi  Terminal
TEL-003301,telemetry,sensor_dropout,flow_rate_bph set to null
TEL-003305,telemetry,dirty_label:site,SITE-004 -> Nakuru dep
TEL-003312,telemetry,dirty_label:site,SITE-007 -> Kisumu term
TEL-003315,telemetry,sensor_dropout,flow_rate_bph set to null
TEL-003320,telemetry,dirty_label:site,SITE-006 -> Sinendet  Pump Station
TEL-003325,telemetry,sensor_dropout,flow_rate_bph set to null
TEL-003326,telemetry,dirty_label:site,SITE-002 -> MOMBASA
TEL-003338,telemetry,dirty_label:site,SITE-003 -> makueni pipeline
TEL-003339,telemetry,dirty_label:site,SITE-001 -> NAIROBI
TEL-003346,telemetry,dirty_label:site,SITE-005 -> Eldoret term
TEL-003362,telemetry,dirty_label:site,SITE-005 -> ELD Terminal
TEL-003364,telemetry,dirty_label:site,SITE-003 -> Makueni PS
TEL-003371,telemetry,dirty_label:site,SITE-001 -> nairobi terminal
TEL-003377,telemetry,dirty_label:site,SITE-001 -> nairobi terminal
TEL-003385,telemetry,dirty_label:site,SITE-004 -> nakuru depot
TEL-003397,telemetry,dirty_label:site,SITE-005 -> ELDORET
TEL-003398,telemetry,dirty_label:site,SITE-005 -> Eldoret  Terminal
TEL-003404,telemetry,dirty_label:site,SITE-005 -> ELD Terminal
TEL-003407,telemetry,dirty_label:site,SITE-002 -> Mombasa term
TEL-003414,telemetry,dirty_label:site,SITE-006 -> SINENDET
TEL-003417,telemetry,dirty_label:site,SITE-007 -> KISUMU
TEL-003420,telemetry,dirty_label:site,SITE-005 -> eldoret terminal
TEL-003427,telemetry,dirty_label:site,SITE-004 -> nakuru depot
TEL-003431,telemetry,dirty_label:site,SITE-007 -> Kisumu term
TEL-003433,telemetry,dirty_label:site,SITE-006 -> sinendet pump
TEL-003444,telemetry,dirty_label:site,SITE-005 -> Eldoret term
TEL-003447,telemetry,dirty_label:site,SITE-002 -> MOMBASA
TEL-003456,telemetry,dirty_label:site,SITE-001 -> nairobi terminal
TEL-003459,telemetry,sensor_dropout,flow_rate_bph set to null
TEL-003464,telemetry,dirty_label:site,SITE-003 -> Makueni PS
TEL-003468,telemetry,dirty_label:site,SITE-007 -> KISUMU
TEL-003470,telemetry,dirty_label:site,SITE-005 -> Eldoret  Terminal
TEL-003475,telemetry,dirty_label:site,SITE-001 -> NAIROBI
TEL-003476,telemetry,dirty_label:site,SITE-001 -> Nairobi term
TEL-003478,telemetry,dirty_label:site,SITE-004 -> nakuru depot
TEL-003483,telemetry,dirty_label:site,SITE-007 -> Kisumu term
TEL-003488,telemetry,dirty_label:site,SITE-001 -> NRB Terminal
TEL-003497,telemetry,dirty_label:site,SITE-003 -> MAKUENI
TEL-003499,telemetry,sensor_dropout,pressure_psi set to null
TEL-003500,telemetry,sensor_dropout,temperature_celsius set to null
TEL-003501,telemetry,dirty_label:site,SITE-007 -> kisumu terminal
TEL-003502,telemetry,dirty_label:site,SITE-001 -> Nairobi  Terminal
TEL-003524,telemetry,dirty_label:site,SITE-002 -> Mombasa  Terminal
TEL-003525,telemetry,dirty_label:site,SITE-007 -> Kisumu term
TEL-003532,telemetry,dirty_label:site,SITE-006 -> sinendet pump
TEL-003534,telemetry,dirty_label:site,SITE-001 -> Nairobi  Terminal
TEL-003535,telemetry,dirty_label:site,SITE-003 -> Thange section
TEL-003538,telemetry,dirty_label:site,SITE-002 -> MSA Terminal
TEL-003541,telemetry,dirty_label:site,SITE-006 -> Sinendet PS
TEL-003547,telemetry,sensor_dropout,pressure_psi set to null
TEL-003550,telemetry,dirty_label:site,SITE-004 -> NAKURU
TEL-003552,telemetry,sensor_dropout,temperature_celsius set to null
TEL-003557,telemetry,dirty_label:site,SITE-006 -> sinendet pump
TEL-003559,telemetry,dirty_label:site,SITE-001 -> Nairobi term
TEL-003560,telemetry,dirty_label:site,SITE-004 -> NAKURU
TEL-003564,telemetry,dirty_label:site,SITE-007 -> Kisumu  Terminal
TEL-003567,telemetry,dirty_label:site,SITE-002 -> MSA Terminal
TEL-003574,telemetry,dirty_label:site,SITE-004 -> nakuru depot
TEL-003585,telemetry,dirty_label:site,SITE-003 -> Kibwezi
TEL-003586,telemetry,sensor_dropout,flow_rate_bph set to null
TEL-003587,telemetry,dirty_label:site,SITE-002 -> mombasa terminal
TEL-003591,telemetry,dirty_label:site,SITE-004 -> nakuru depot
TEL-003594,telemetry,dirty_label:site,SITE-002 -> Mombasa term
TEL-003608,telemetry,dirty_label:site,SITE-004 -> Nakuru dep
TEL-003611,telemetry,sensor_dropout,pressure_psi set to null
TEL-003613,telemetry,dirty_label:site,SITE-001 -> nairobi terminal
TEL-003614,telemetry,dirty_label:site,SITE-005 -> eldoret terminal
TEL-003615,telemetry,dirty_label:site,SITE-006 -> Sinendet  Pump Station
TEL-003618,telemetry,dirty_label:site,SITE-006 -> SINENDET
TEL-003620,telemetry,dirty_label:site,SITE-007 -> Kisumu  Terminal
TEL-003626,telemetry,sensor_dropout,flow_rate_bph set to null
TEL-003627,telemetry,dirty_label:site,SITE-004 -> Nakuru dep
TEL-003631,telemetry,dirty_label:site,SITE-004 -> NKR Depot
TEL-003631,telemetry,sensor_dropout,pressure_psi set to null
TEL-003633,telemetry,dirty_label:site,SITE-005 -> ELD Terminal
TEL-003634,telemetry,dirty_label:site,SITE-001 -> NAIROBI
TEL-003637,telemetry,dirty_label:site,SITE-004 -> NKR Depot
TEL-003639,telemetry,dirty_label:site,SITE-001 -> Nairobi term
TEL-003640,telemetry,dirty_label:site,SITE-004 -> NAKURU
TEL-003645,telemetry,sensor_dropout,pressure_psi set to null
TEL-003646,telemetry,dirty_label:site,SITE-004 -> Nakuru dep
TEL-003648,telemetry,dirty_label:site,SITE-003 -> MAKUENI
TEL-003653,telemetry,dirty_label:site,SITE-003 -> Kibwezi
TEL-003657,telemetry,dirty_label:site,SITE-006 -> sinendet pump
TEL-003659,telemetry,dirty_label:site,SITE-007 -> Kisumu term
TEL-003664,telemetry,sensor_dropout,pressure_psi set to null
TEL-003669,telemetry,dirty_label:site,SITE-006 -> SINENDET
TEL-003672,telemetry,sensor_dropout,flow_rate_bph set to null
TEL-003676,telemetry,dirty_label:site,SITE-003 -> makueni section
TEL-003680,telemetry,dirty_label:site,SITE-004 -> NKR Depot
TEL-003681,telemetry,dirty_label:site,SITE-007 -> Kisumu term
TEL-003682,telemetry,dirty_label:site,SITE-006 -> Sinendet PS
TEL-003683,telemetry,dirty_label:site,SITE-004 -> NAKURU
TEL-003703,telemetry,dirty_label:site,SITE-002 -> Mombasa  Terminal
TEL-003705,telemetry,dirty_label:site,SITE-007 -> Kisumu term
TEL-003706,telemetry,sensor_dropout,flow_rate_bph set to null
TEL-003712,telemetry,dirty_label:site,SITE-001 -> NAIROBI
TEL-003721,telemetry,dirty_label:site,SITE-007 -> Kisumu term
TEL-003729,telemetry,dirty_label:site,SITE-004 -> NAKURU
TEL-003733,telemetry,sensor_dropout,temperature_celsius set to null
TEL-003735,telemetry,dirty_label:site,SITE-001 -> Nairobi  Terminal
TEL-003735,telemetry,sensor_dropout,temperature_celsius set to null
TEL-003736,telemetry,dirty_label:site,SITE-005 -> eldoret terminal
TEL-003739,telemetry,dirty_label:site,SITE-006 -> Sinendet  Pump Station
TEL-003745,telemetry,dirty_label:site,SITE-007 -> kisumu terminal
TEL-003752,telemetry,dirty_label:site,SITE-007 -> kisumu terminal
TEL-003754,telemetry,dirty_label:site,SITE-007 -> Kisumu  Terminal
TEL-003755,telemetry,sensor_dropout,temperature_celsius set to null
TEL-003756,telemetry,sensor_dropout,flow_rate_bph set to null
TEL-003770,telemetry,dirty_label:site,SITE-006 -> sinendet pump station
TEL-003771,telemetry,sensor_dropout,flow_rate_bph set to null
TEL-003772,telemetry,dirty_label:site,SITE-005 -> Eldoret term
TEL-003792,telemetry,dirty_label:site,SITE-002 -> Mombasa term
TEL-003802,telemetry,dirty_label:site,SITE-007 -> Kisumu  Terminal
TEL-003809,telemetry,dirty_label:site,SITE-006 -> Sinendet PS
TEL-003815,telemetry,dirty_label:site,SITE-001 -> NRB Terminal
TEL-003817,telemetry,dirty_label:site,SITE-001 -> Nairobi term
TEL-003818,telemetry,dirty_label:site,SITE-006 -> SINENDET
TEL-003833,telemetry,dirty_label:site,SITE-003 -> Kibwezi
TEL-003835,telemetry,dirty_label:site,SITE-004 -> Nakuru dep
TEL-003839,telemetry,sensor_dropout,flow_rate_bph set to null
TEL-003859,telemetry,dirty_label:site,SITE-003 -> makueni pipeline
TEL-003863,telemetry,dirty_label:site,SITE-004 -> Nakuru  Depot
TEL-003876,telemetry,dirty_label:site,SITE-002 -> MSA Terminal
TEL-003883,telemetry,dirty_label:site,SITE-007 -> KISUMU
TEL-003888,telemetry,dirty_label:site,SITE-007 -> Kisumu  Terminal
TEL-003891,telemetry,dirty_label:site,SITE-004 -> NKR Depot
TEL-003898,telemetry,dirty_label:site,SITE-005 -> Eldoret term
TEL-003901,telemetry,dirty_label:site,SITE-005 -> ELD Terminal
TEL-003910,telemetry,dirty_label:site,SITE-006 -> SINENDET
TEL-003917,telemetry,dirty_label:site,SITE-001 -> Nairobi term
TEL-003920,telemetry,dirty_label:site,SITE-003 -> Kibwezi
TEL-003926,telemetry,dirty_label:site,SITE-004 -> nakuru depot
TEL-003933,telemetry,dirty_label:site,SITE-001 -> Nairobi term
TEL-003939,telemetry,dirty_label:site,SITE-006 -> sinendet pump
TEL-003957,telemetry,dirty_label:site,SITE-003 -> makueni section
TEL-003959,telemetry,dirty_label:site,SITE-001 -> Nairobi  Terminal
TEL-003964,telemetry,dirty_label:site,SITE-004 -> Nakuru dep
TEL-003978,telemetry,dirty_label:site,SITE-006 -> sinendet pump
TEL-004004,telemetry,dirty_label:site,SITE-006 -> sinendet pump
TEL-004019,telemetry,dirty_label:site,SITE-007 -> Kisumu  Terminal
TEL-004028,telemetry,sensor_dropout,flow_rate_bph set to null
TEL-004031,telemetry,dirty_label:site,SITE-001 -> Nairobi term
TEL-004034,telemetry,sensor_dropout,temperature_celsius set to null
TEL-004039,telemetry,dirty_label:site,SITE-006 -> sinendet pump
TEL-004041,telemetry,sensor_dropout,pressure_psi set to null
TEL-004047,telemetry,dirty_label:site,SITE-001 -> Nairobi term
TEL-004050,telemetry,sensor_dropout,pressure_psi set to null
TEL-004052,telemetry,sensor_dropout,pressure_psi set to null
TEL-004055,telemetry,dirty_label:site,SITE-003 -> Kibwezi
TEL-004056,telemetry,dirty_label:site,SITE-006 -> Sinendet PS
TEL-004059,telemetry,dirty_label:site,SITE-005 -> Eldoret  Terminal
TEL-004068,telemetry,dirty_label:site,SITE-001 -> nairobi terminal
TEL-004069,telemetry,dirty_label:site,SITE-003 -> makueni section
TEL-004075,telemetry,dirty_label:site,SITE-006 -> Sinendet  Pump Station
TEL-004077,telemetry,dirty_label:site,SITE-003 -> Kibwezi
TEL-004081,telemetry,sensor_dropout,temperature_celsius set to null
TEL-004083,telemetry,dirty_label:site,SITE-007 -> KSM Terminal
TEL-004089,telemetry,dirty_label:site,SITE-003 -> MAKUENI
TEL-004095,telemetry,dirty_label:site,SITE-004 -> Nakuru  Depot
TEL-004109,telemetry,dirty_label:site,SITE-007 -> KISUMU
TEL-004112,telemetry,dirty_label:site,SITE-006 -> Sinendet  Pump Station
TEL-004116,telemetry,dirty_label:site,SITE-003 -> Thange section
TEL-004125,telemetry,dirty_label:site,SITE-004 -> NKR Depot
TEL-004126,telemetry,dirty_label:site,SITE-002 -> Mombasa  Terminal
TEL-004132,telemetry,sensor_dropout,temperature_celsius set to null
TEL-004133,telemetry,dirty_label:site,SITE-001 -> nairobi terminal
TEL-004146,telemetry,dirty_label:site,SITE-004 -> nakuru depot
TEL-004150,telemetry,dirty_label:site,SITE-006 -> Sinendet PS
TEL-004154,telemetry,dirty_label:site,SITE-007 -> KSM Terminal
TEL-004156,telemetry,dirty_label:site,SITE-002 -> Mombasa  Terminal
TEL-004159,telemetry,dirty_label:site,SITE-004 -> nakuru depot
TEL-004165,telemetry,dirty_label:site,SITE-006 -> SINENDET
TEL-004168,telemetry,dirty_label:site,SITE-002 -> mombasa terminal
TEL-004179,telemetry,dirty_label:site,SITE-007 -> Kisumu term
TEL-004189,telemetry,dirty_label:site,SITE-006 -> Sinendet PS
TEL-004191,telemetry,dirty_label:site,SITE-004 -> Nakuru  Depot
TEL-004194,telemetry,dirty_label:site,SITE-003 -> makueni pipeline
TEL-004196,telemetry,dirty_label:site,SITE-003 -> MAKUENI
TEL-004198,telemetry,dirty_label:site,SITE-007 -> Kisumu term
TEL-004213,telemetry,dirty_label:site,SITE-006 -> sinendet pump
TEL-004220,telemetry,dirty_label:site,SITE-005 -> eldoret terminal
TEL-004221,telemetry,dirty_label:site,SITE-005 -> Eldoret  Terminal
TEL-004226,telemetry,dirty_label:site,SITE-002 -> mombasa terminal
TEL-004228,telemetry,sensor_dropout,flow_rate_bph set to null
TEL-004233,telemetry,dirty_label:site,SITE-006 -> sinendet pump
TEL-004247,telemetry,dirty_label:site,SITE-003 -> makueni pipeline
TEL-004259,telemetry,dirty_label:site,SITE-002 -> mombasa terminal
TEL-004262,telemetry,sensor_dropout,temperature_celsius set to null
TEL-004273,telemetry,dirty_label:site,SITE-007 -> kisumu terminal
TEL-004286,telemetry,dirty_label:site,SITE-006 -> sinendet pump
TEL-004301,telemetry,dirty_label:site,SITE-004 -> nakuru depot
TEL-004306,telemetry,dirty_label:site,SITE-006 -> Sinendet PS
TEL-004308,telemetry,dirty_label:site,SITE-006 -> SINENDET
TEL-004309,telemetry,dirty_label:site,SITE-004 -> Nakuru  Depot
TEL-004315,telemetry,dirty_label:site,SITE-005 -> ELD Terminal
TEL-004318,telemetry,dirty_label:site,SITE-007 -> KISUMU
TEL-004320,telemetry,dirty_label:site,SITE-006 -> sinendet pump station
TEL-004321,telemetry,dirty_label:site,SITE-006 -> Sinendet  Pump Station
TEL-004325,telemetry,dirty_label:site,SITE-001 -> NRB Terminal
TEL-004329,telemetry,sensor_dropout,pressure_psi set to null
TEL-004333,telemetry,dirty_label:site,SITE-007 -> Kisumu term
TEL-004337,telemetry,dirty_label:site,SITE-003 -> makueni section
TEL-004338,telemetry,sensor_dropout,flow_rate_bph set to null
TEL-004352,telemetry,dirty_label:site,SITE-005 -> ELD Terminal
TEL-004356,telemetry,sensor_dropout,temperature_celsius set to null
TEL-004357,telemetry,dirty_label:site,SITE-004 -> NKR Depot
TEL-004358,telemetry,sensor_dropout,pressure_psi set to null
TEL-004365,telemetry,sensor_dropout,temperature_celsius set to null
TEL-004366,telemetry,dirty_label:site,SITE-006 -> sinendet pump station
TEL-004374,telemetry,dirty_label:site,SITE-001 -> Nairobi term
TEL-004381,telemetry,dirty_label:site,SITE-004 -> Nakuru dep
TEL-004386,telemetry,dirty_label:site,SITE-001 -> Nairobi  Terminal
TEL-004390,telemetry,dirty_label:site,SITE-002 -> MOMBASA
TEL-004392,telemetry,dirty_label:site,SITE-003 -> makueni section
TEL-004393,telemetry,dirty_label:site,SITE-007 -> kisumu terminal
TEL-004396,telemetry,dirty_label:site,SITE-003 -> Kibwezi
TEL-004399,telemetry,dirty_label:site,SITE-007 -> KSM Terminal
TEL-004401,telemetry,dirty_label:site,SITE-003 -> Makueni PS
TEL-004406,telemetry,dirty_label:site,SITE-001 -> NRB Terminal
TEL-004408,telemetry,dirty_label:site,SITE-001 -> NAIROBI
TEL-004410,telemetry,dirty_label:site,SITE-006 -> SINENDET
TEL-004410,telemetry,sensor_dropout,temperature_celsius set to null
TEL-004411,telemetry,dirty_label:site,SITE-006 -> Sinendet  Pump Station
TEL-004414,telemetry,dirty_label:site,SITE-006 -> sinendet pump
TEL-004419,telemetry,sensor_dropout,pressure_psi set to null
TEL-004429,telemetry,dirty_label:site,SITE-005 -> Eldoret term
TEL-004444,telemetry,dirty_label:site,SITE-003 -> Thange section
TEL-004449,telemetry,sensor_dropout,pressure_psi set to null
TEL-004458,telemetry,dirty_label:site,SITE-002 -> MSA Terminal
TEL-004461,telemetry,dirty_label:site,SITE-003 -> Makueni PS
TEL-004465,telemetry,dirty_label:site,SITE-005 -> ELDORET
TEL-004466,telemetry,dirty_label:site,SITE-001 -> Nairobi  Terminal
TEL-004468,telemetry,dirty_label:site,SITE-006 -> Sinendet PS
TEL-004473,telemetry,dirty_label:site,SITE-005 -> ELDORET
TEL-004483,telemetry,dirty_label:site,SITE-006 -> SINENDET
TEL-004486,telemetry,dirty_label:site,SITE-005 -> ELD Terminal
TEL-004487,telemetry,sensor_dropout,flow_rate_bph set to null
TEL-004489,telemetry,dirty_label:site,SITE-004 -> NAKURU
TEL-004500,telemetry,sensor_dropout,temperature_celsius set to null
TEL-004501,telemetry,dirty_label:site,SITE-005 -> ELD Terminal
TEL-004503,telemetry,sensor_dropout,flow_rate_bph set to null
TEL-004514,telemetry,dirty_label:site,SITE-004 -> NKR Depot
TEL-004515,telemetry,dirty_label:site,SITE-002 -> Kipevu terminal
TEL-004531,telemetry,dirty_label:site,SITE-006 -> sinendet pump station
TEL-004532,telemetry,dirty_label:site,SITE-006 -> Sinendet  Pump Station
TEL-004534,telemetry,dirty_label:site,SITE-004 -> NAKURU
TEL-004539,telemetry,sensor_dropout,temperature_celsius set to null
TEL-004542,telemetry,dirty_label:site,SITE-001 -> Nairobi term
TEL-004544,telemetry,dirty_label:site,SITE-007 -> Kisumu  Terminal
TEL-004545,telemetry,dirty_label:site,SITE-004 -> Nakuru  Depot
TEL-004546,telemetry,dirty_label:site,SITE-001 -> NRB Terminal
TEL-004548,telemetry,dirty_label:site,SITE-007 -> Kisumu term
TEL-004549,telemetry,dirty_label:site,SITE-004 -> Nakuru  Depot
TEL-004554,telemetry,sensor_dropout,temperature_celsius set to null
TEL-004563,telemetry,dirty_label:site,SITE-005 -> ELDORET
TEL-004564,telemetry,dirty_label:site,SITE-002 -> MOMBASA
TEL-004565,telemetry,dirty_label:site,SITE-007 -> Kisumu term
TEL-004566,telemetry,sensor_dropout,temperature_celsius set to null
TEL-004568,telemetry,dirty_label:site,SITE-003 -> makueni pipeline
TEL-004569,telemetry,dirty_label:site,SITE-002 -> MOMBASA
TEL-004571,telemetry,dirty_label:site,SITE-004 -> nakuru depot
TEL-004575,telemetry,dirty_label:site,SITE-007 -> KISUMU
TEL-004580,telemetry,dirty_label:site,SITE-006 -> Sinendet  Pump Station
TEL-004582,telemetry,dirty_label:site,SITE-004 -> Nakuru  Depot
TEL-004592,telemetry,dirty_label:site,SITE-007 -> kisumu terminal
TEL-004594,telemetry,dirty_label:site,SITE-002 -> MSA Terminal
TEL-004595,telemetry,dirty_label:site,SITE-004 -> NKR Depot
TEL-004609,telemetry,dirty_label:site,SITE-007 -> KSM Terminal
TEL-004610,telemetry,dirty_label:site,SITE-004 -> Nakuru dep
TEL-004612,telemetry,dirty_label:site,SITE-007 -> Kisumu  Terminal
TEL-004617,telemetry,dirty_label:site,SITE-005 -> eldoret terminal
TEL-004621,telemetry,dirty_label:site,SITE-004 -> Nakuru  Depot
TEL-004625,telemetry,dirty_label:site,SITE-001 -> Nairobi  Terminal
TEL-004633,telemetry,dirty_label:site,SITE-001 -> NAIROBI
TEL-004641,telemetry,dirty_label:site,SITE-002 -> Mombasa term
TEL-004654,telemetry,dirty_label:site,SITE-004 -> NAKURU
TEL-004663,telemetry,dirty_label:site,SITE-001 -> nairobi terminal
TEL-004678,telemetry,dirty_label:site,SITE-006 -> sinendet pump station
TEL-004681,telemetry,dirty_label:site,SITE-002 -> MOMBASA
TEL-004682,telemetry,sensor_dropout,pressure_psi set to null
TEL-004684,telemetry,dirty_label:site,SITE-001 -> nairobi terminal
TEL-004694,telemetry,dirty_label:site,SITE-005 -> Eldoret term
TEL-004701,telemetry,dirty_label:site,SITE-004 -> Nakuru dep
TEL-004714,telemetry,dirty_label:site,SITE-006 -> sinendet pump
TEL-004738,telemetry,dirty_label:site,SITE-005 -> ELDORET
TEL-004739,telemetry,dirty_label:site,SITE-002 -> Mombasa term
TEL-004742,telemetry,sensor_dropout,flow_rate_bph set to null
TEL-004747,telemetry,dirty_label:site,SITE-005 -> eldoret terminal
TEL-004751,telemetry,sensor_dropout,flow_rate_bph set to null
TEL-004755,telemetry,dirty_label:site,SITE-003 -> Thange section
TEL-004762,telemetry,dirty_label:site,SITE-004 -> Nakuru dep
TEL-004766,telemetry,dirty_label:site,SITE-001 -> Nairobi term
TEL-004768,telemetry,dirty_label:site,SITE-005 -> Eldoret term
TEL-004770,telemetry,dirty_label:site,SITE-003 -> MAKUENI
TEL-004783,telemetry,dirty_label:site,SITE-004 -> Nakuru  Depot
TEL-004784,telemetry,dirty_label:site,SITE-005 -> ELD Terminal
TEL-004785,telemetry,dirty_label:site,SITE-005 -> ELD Terminal
TEL-004787,telemetry,dirty_label:site,SITE-005 -> ELD Terminal
TEL-004792,telemetry,dirty_label:site,SITE-001 -> Nairobi term
TEL-004794,telemetry,dirty_label:site,SITE-001 -> Nairobi term
TEL-004798,telemetry,dirty_label:site,SITE-002 -> MOMBASA
TEL-004802,telemetry,dirty_label:site,SITE-005 -> Eldoret  Terminal
TEL-004803,telemetry,sensor_dropout,pressure_psi set to null
TEL-004807,telemetry,dirty_label:site,SITE-004 -> Nakuru dep
TEL-004808,telemetry,sensor_dropout,flow_rate_bph set to null
TEL-004814,telemetry,dirty_label:site,SITE-004 -> NKR Depot
TEL-004816,telemetry,sensor_dropout,pressure_psi set to null
TEL-004819,telemetry,dirty_label:site,SITE-007 -> kisumu terminal
TEL-004820,telemetry,dirty_label:site,SITE-003 -> makueni section
TEL-004820,telemetry,sensor_dropout,temperature_celsius set to null
TEL-004829,telemetry,dirty_label:site,SITE-004 -> Nakuru dep
TEL-004835,telemetry,dirty_label:site,SITE-005 -> Eldoret term
TEL-004838,telemetry,dirty_label:site,SITE-005 -> Eldoret term
TEL-004843,telemetry,dirty_label:site,SITE-006 -> Sinendet  Pump Station
TEL-004849,telemetry,dirty_label:site,SITE-002 -> Kipevu terminal
TEL-004853,telemetry,dirty_label:site,SITE-005 -> ELDORET
TEL-004859,telemetry,dirty_label:site,SITE-004 -> NAKURU
TEL-004865,telemetry,dirty_label:site,SITE-001 -> Nairobi term
TEL-004867,telemetry,dirty_label:site,SITE-001 -> nairobi terminal
TEL-004868,telemetry,dirty_label:site,SITE-006 -> Sinendet  Pump Station
TEL-004873,telemetry,dirty_label:site,SITE-002 -> MSA Terminal
TEL-004878,telemetry,sensor_dropout,temperature_celsius set to null
TEL-004904,telemetry,dirty_label:site,SITE-007 -> Kisumu  Terminal
TEL-004910,telemetry,sensor_dropout,flow_rate_bph set to null
TEL-004915,telemetry,dirty_label:site,SITE-001 -> NAIROBI
TEL-004916,telemetry,dirty_label:site,SITE-004 -> NKR Depot
TEL-004920,telemetry,dirty_label:site,SITE-007 -> KISUMU
TEL-004923,telemetry,dirty_label:site,SITE-004 -> Nakuru  Depot
TEL-004923,telemetry,sensor_dropout,flow_rate_bph set to null
TEL-004944,telemetry,dirty_label:site,SITE-004 -> NAKURU
TEL-004947,telemetry,dirty_label:site,SITE-002 -> MSA Terminal
TEL-004954,telemetry,dirty_label:site,SITE-006 -> sinendet pump
TEL-004958,telemetry,sensor_dropout,temperature_celsius set to null
TEL-004966,telemetry,dirty_label:site,SITE-006 -> Sinendet  Pump Station
TEL-004978,telemetry,dirty_label:site,SITE-002 -> Mombasa  Terminal
TEL-004979,telemetry,sensor_dropout,pressure_psi set to null
TEL-004991,telemetry,dirty_label:site,SITE-002 -> mombasa terminal
TEL-004996,telemetry,dirty_label:site,SITE-007 -> Kisumu  Terminal
TEL-004998,telemetry,dirty_label:site,SITE-003 -> Thange section
TEL-003870,telemetry,duplicate_id,
TEL-003844,telemetry,duplicate_id,
TEL-004246,telemetry,duplicate_id,
TEL-000510,telemetry,duplicate_id,
TEL-000738,telemetry,duplicate_id,
TEL-003434,telemetry,duplicate_id,
TEL-000115,telemetry,duplicate_id,
TEL-000691,telemetry,duplicate_id,
TEL-003177,telemetry,duplicate_id,
TEL-002195,telemetry,duplicate_id,
TEL-001011,telemetry,duplicate_id,
TEL-001866,telemetry,duplicate_id,
TEL-002424,telemetry,duplicate_id,
TEL-000687,telemetry,duplicate_id,
TEL-003478,telemetry,duplicate_id,
TEL-002681,telemetry,duplicate_id,
TEL-000511,telemetry,duplicate_id,
TEL-003871,telemetry,duplicate_id,
TEL-004578,telemetry,duplicate_id,
TEL-003564,telemetry,duplicate_id,
TEL-000637,telemetry,duplicate_id,
TEL-000154,telemetry,duplicate_id,
TEL-000679,telemetry,duplicate_id,
TEL-001895,telemetry,duplicate_id,
TEL-000964,telemetry,duplicate_id,
TEL-000959,telemetry,duplicate_id,
TEL-004843,telemetry,duplicate_id,
TEL-003784,telemetry,duplicate_id,
TEL-000921,telemetry,duplicate_id,
TEL-003885,telemetry,duplicate_id,
TEL-002999,telemetry,duplicate_id,
TEL-004219,telemetry,duplicate_id,
TEL-000807,telemetry,duplicate_id,
TEL-000378,telemetry,duplicate_id,
TEL-003462,telemetry,duplicate_id,
TEL-000795,telemetry,duplicate_id,
TEL-003671,telemetry,duplicate_id,
TEL-000063,telemetry,duplicate_id,
TEL-003586,telemetry,duplicate_id,
TEL-003781,telemetry,duplicate_id,
TEL-003822,telemetry,duplicate_id,
TEL-000121,telemetry,duplicate_id,
TEL-002968,telemetry,duplicate_id,
TEL-004706,telemetry,duplicate_id,
TEL-000986,telemetry,duplicate_id,
TEL-004460,telemetry,duplicate_id,
TEL-002462,telemetry,duplicate_id,
TEL-003618,telemetry,duplicate_id,
TEL-001558,telemetry,duplicate_id,
TEL-002146,telemetry,duplicate_id,
TEL-000209,telemetry,pressure_spike,pressure=700 at 2026-04-26T17:46:10 site=SITE-005
TEL-000210,telemetry,pressure_spike,pressure=850 at 2026-04-26T18:23:56 site=SITE-002
TEL-000211,telemetry,pressure_spike,pressure=1000 at 2026-04-26T19:09:26 site=SITE-004
TEL-000212,telemetry,pressure_spike,pressure=1150 at 2026-04-26T19:30:15 site=SITE-002
TEL-000213,telemetry,pressure_spike,pressure=-33.6 at 2026-04-26T20:18:48 site=SITE-005
TEL-000530,telemetry,pressure_spike,pressure=700 at 2026-05-02T11:00:13 site=SITE-007
TEL-000531,telemetry,pressure_spike,pressure=850 at 2026-05-02T11:39:01 site=SITE-005
TEL-000532,telemetry,pressure_spike,pressure=1000 at 2026-05-02T11:58:32 site=SITE-003
TEL-000533,telemetry,pressure_spike,pressure=1150 at 2026-05-02T12:07:03 site=SITE-002
TEL-000534,telemetry,pressure_spike,pressure=1102.7 at 2026-05-02T12:12:49 site=SITE-005
TEL-000912,telemetry,pressure_spike,pressure=700 at 2026-05-09T02:20:06 site=SITE-004
TEL-000913,telemetry,pressure_spike,pressure=850 at 2026-05-09T02:28:37 site=SITE-006
TEL-000914,telemetry,pressure_spike,pressure=-17.4 at 2026-05-09T03:13:10 site=SITE-001
TEL-002085,telemetry,pressure_spike,pressure=700 at 2026-05-30T11:39:43 site=SITE-005
TEL-002086,telemetry,pressure_spike,pressure=850 at 2026-05-30T12:14:28 site=SITE-005
TEL-002087,telemetry,pressure_spike,pressure=1000 at 2026-05-30T12:14:53 site=SITE-004
TEL-002088,telemetry,pressure_spike,pressure=1150 at 2026-05-30T12:22:51 site=SITE-002
TEL-002089,telemetry,pressure_spike,pressure=-28.7 at 2026-05-30T13:37:52 site=SITE-001
TEL-002282,telemetry,pressure_spike,pressure=700 at 2026-06-03T08:30:33 site=SITE-004
TEL-002283,telemetry,pressure_spike,pressure=850 at 2026-06-03T08:35:22 site=SITE-005
TEL-002284,telemetry,pressure_spike,pressure=1000 at 2026-06-03T09:08:34 site=SITE-003
TEL-002285,telemetry,pressure_spike,pressure=-34.2 at 2026-06-03T09:13:06 site=SITE-002
TEL-002292,telemetry,pressure_spike,pressure=700 at 2026-06-03T11:25:44 site=SITE-001
TEL-002293,telemetry,pressure_spike,pressure=850 at 2026-06-03T11:57:55 site=SITE-002
TEL-002294,telemetry,pressure_spike,pressure=1000 at 2026-06-03T11:58:41 site=SITE-005
TEL-002295,telemetry,pressure_spike,pressure=1150 at 2026-06-03T12:13:46 site=SITE-004
TEL-002296,telemetry,pressure_spike,pressure=-27.1 at 2026-06-03T12:14:34 site=SITE-006
TEL-002506,telemetry,pressure_spike,pressure=700 at 2026-06-06T23:53:52 site=SITE-002
TEL-002507,telemetry,pressure_spike,pressure=850 at 2026-06-07T00:33:04 site=SITE-004
TEL-002508,telemetry,pressure_spike,pressure=1284.4 at 2026-06-07T00:36:40 site=SITE-002
TEL-002703,telemetry,pressure_spike,pressure=700 at 2026-06-10T14:21:47 site=SITE-001
TEL-002704,telemetry,pressure_spike,pressure=850 at 2026-06-10T15:12:23 site=SITE-006
TEL-002705,telemetry,pressure_spike,pressure=1000 at 2026-06-10T15:47:07 site=SITE-002
TEL-002706,telemetry,pressure_spike,pressure=1150 at 2026-06-10T15:50:47 site=SITE-002
TEL-002707,telemetry,pressure_spike,pressure=-21.9 at 2026-06-10T16:12:12 site=SITE-001
TEL-003083,telemetry,pressure_spike,pressure=700 at 2026-06-16T17:54:24 site=SITE-005
TEL-003084,telemetry,pressure_spike,pressure=850 at 2026-06-16T17:54:37 site=SITE-001
TEL-003085,telemetry,pressure_spike,pressure=1000 at 2026-06-16T18:46:12 site=SITE-002
TEL-003086,telemetry,pressure_spike,pressure=1150 at 2026-06-16T19:01:49 site=SITE-005
TEL-003087,telemetry,pressure_spike,pressure=-46.5 at 2026-06-16T19:04:24 site=SITE-006
TEL-003158,telemetry,pressure_spike,pressure=700 at 2026-06-18T02:20:07 site=SITE-001
TEL-003159,telemetry,pressure_spike,pressure=850 at 2026-06-18T03:00:34 site=SITE-005
TEL-003160,telemetry,pressure_spike,pressure=1000 at 2026-06-18T03:27:00 site=SITE-007
TEL-003161,telemetry,pressure_spike,pressure=1150 at 2026-06-18T04:04:16 site=SITE-001
TEL-003162,telemetry,pressure_spike,pressure=-38.1 at 2026-06-18T04:10:11 site=SITE-002
TEL-003416,telemetry,pressure_spike,pressure=700 at 2026-06-22T22:40:10 site=SITE-003
TEL-003417,telemetry,pressure_spike,pressure=850 at 2026-06-22T22:44:59 site=SITE-003
TEL-003418,telemetry,pressure_spike,pressure=1103.9 at 2026-06-22T22:47:36 site=SITE-003
TEL-004758,telemetry,pressure_spike,pressure=700 at 2026-07-17T11:01:32 site=SITE-004
TEL-004759,telemetry,pressure_spike,pressure=850 at 2026-07-17T11:08:44 site=SITE-002
TEL-004760,telemetry,pressure_spike,pressure=-43.8 at 2026-07-17T11:36:59 site=SITE-005
TEL-000002,telemetry,dirty_label:site,SITE-003 -> Kibwezi
TEL-000003,telemetry,sensor_dropout,temperature_celsius set to null
TEL-000005,telemetry,dirty_label:site,SITE-001 -> Nairobi term
TEL-000008,telemetry,dirty_label:site,SITE-002 -> MOMBASA
TEL-000014,telemetry,dirty_label:site,SITE-003 -> Makueni PS
TEL-000018,telemetry,dirty_label:site,SITE-006 -> SINENDET
TEL-000023,telemetry,dirty_label:site,SITE-006 -> SINENDET
TEL-000027,telemetry,sensor_dropout,temperature_celsius set to null
TEL-000030,telemetry,dirty_label:site,SITE-007 -> Kisumu term
TEL-000045,telemetry,dirty_label:site,SITE-001 -> NRB Terminal
TEL-000059,telemetry,dirty_label:site,SITE-007 -> KISUMU
TEL-000060,telemetry,dirty_label:site,SITE-007 -> Kisumu term
TEL-000074,telemetry,dirty_label:site,SITE-007 -> kisumu terminal
TEL-000098,telemetry,dirty_label:site,SITE-001 -> Nairobi term
TEL-000103,telemetry,dirty_label:site,SITE-006 -> Sinendet  Pump Station
TEL-000113,telemetry,dirty_label:site,SITE-006 -> sinendet pump
TEL-000114,telemetry,dirty_label:site,SITE-007 -> Kisumu  Terminal
TEL-000118,telemetry,dirty_label:site,SITE-001 -> NAIROBI
TEL-000123,telemetry,sensor_dropout,flow_rate_bph set to null
TEL-000125,telemetry,dirty_label:site,SITE-001 -> Nairobi  Terminal
TEL-000126,telemetry,dirty_label:site,SITE-006 -> sinendet pump
TEL-000127,telemetry,dirty_label:site,SITE-001 -> NAIROBI
TEL-000128,telemetry,dirty_label:site,SITE-002 -> Mombasa  Terminal
TEL-000135,telemetry,sensor_dropout,temperature_celsius set to null
TEL-000138,telemetry,dirty_label:site,SITE-007 -> kisumu terminal
TEL-000139,telemetry,dirty_label:site,SITE-002 -> MSA Terminal
TEL-000139,telemetry,sensor_dropout,temperature_celsius set to null
TEL-000140,telemetry,dirty_label:site,SITE-001 -> Nairobi  Terminal
TEL-000146,telemetry,dirty_label:site,SITE-007 -> Kisumu  Terminal
TEL-000151,telemetry,dirty_label:site,SITE-006 -> sinendet pump
TEL-000152,telemetry,sensor_dropout,pressure_psi set to null
TEL-000160,telemetry,dirty_label:site,SITE-006 -> Sinendet PS
TEL-000164,telemetry,dirty_label:site,SITE-003 -> MAKUENI
TEL-000167,telemetry,dirty_label:site,SITE-003 -> Makueni PS
TEL-000168,telemetry,dirty_label:site,SITE-005 -> Eldoret  Terminal
TEL-000170,telemetry,dirty_label:site,SITE-007 -> Kisumu term
TEL-000172,telemetry,sensor_dropout,pressure_psi set to null
TEL-000173,telemetry,dirty_label:site,SITE-006 -> Sinendet  Pump Station
TEL-000178,telemetry,dirty_label:site,SITE-007 -> Kisumu  Terminal
TEL-000185,telemetry,dirty_label:site,SITE-007 -> KSM Terminal
TEL-000196,telemetry,dirty_label:site,SITE-003 -> makueni section
TEL-000203,telemetry,dirty_label:site,SITE-005 -> ELDORET
TEL-000209,telemetry,dirty_label:site,SITE-005 -> ELDORET
TEL-000215,telemetry,dirty_label:site,SITE-004 -> NKR Depot
TEL-000216,telemetry,dirty_label:site,SITE-002 -> mombasa terminal
TEL-000218,telemetry,dirty_label:site,SITE-003 -> Thange section
TEL-000219,telemetry,dirty_label:site,SITE-006 -> Sinendet PS
TEL-000220,telemetry,dirty_label:site,SITE-003 -> makueni pipeline
TEL-000225,telemetry,dirty_label:site,SITE-004 -> nakuru depot
TEL-000232,telemetry,dirty_label:site,SITE-001 -> NAIROBI
TEL-000235,telemetry,dirty_label:site,SITE-007 -> Kisumu term
TEL-000239,telemetry,dirty_label:site,SITE-003 -> Thange section
TEL-000251,telemetry,dirty_label:site,SITE-006 -> Sinendet  Pump Station
TEL-000252,telemetry,sensor_dropout,temperature_celsius set to null
TEL-000255,telemetry,dirty_label:site,SITE-007 -> Kisumu term
TEL-000265,telemetry,sensor_dropout,pressure_psi set to null
TEL-000274,telemetry,dirty_label:site,SITE-007 -> Kisumu  Terminal
TEL-000277,telemetry,dirty_label:site,SITE-003 -> makueni section
TEL-000281,telemetry,dirty_label:site,SITE-006 -> Sinendet PS
TEL-000286,telemetry,sensor_dropout,flow_rate_bph set to null
TEL-000288,telemetry,dirty_label:site,SITE-007 -> Kisumu  Terminal
TEL-000293,telemetry,dirty_label:site,SITE-004 -> Nakuru dep
TEL-000307,telemetry,dirty_label:site,SITE-006 -> sinendet pump station
TEL-000312,telemetry,dirty_label:site,SITE-007 -> KSM Terminal
TEL-000315,telemetry,dirty_label:site,SITE-004 -> nakuru depot
TEL-000318,telemetry,dirty_label:site,SITE-001 -> NAIROBI
TEL-000322,telemetry,sensor_dropout,pressure_psi set to null
TEL-000323,telemetry,sensor_dropout,temperature_celsius set to null
TEL-000325,telemetry,dirty_label:site,SITE-005 -> Eldoret  Terminal
TEL-000327,telemetry,sensor_dropout,flow_rate_bph set to null
TEL-000328,telemetry,dirty_label:site,SITE-007 -> kisumu terminal
TEL-000329,telemetry,sensor_dropout,temperature_celsius set to null
TEL-000334,telemetry,dirty_label:site,SITE-001 -> Nairobi term
TEL-000334,telemetry,sensor_dropout,temperature_celsius set to null
TEL-000353,telemetry,dirty_label:site,SITE-006 -> Sinendet  Pump Station
TEL-000362,telemetry,dirty_label:site,SITE-005 -> ELDORET
TEL-000363,telemetry,dirty_label:site,SITE-002 -> Mombasa  Terminal
TEL-000365,telemetry,dirty_label:site,SITE-001 -> nairobi terminal
TEL-000374,telemetry,dirty_label:site,SITE-002 -> Mombasa  Terminal
TEL-000380,telemetry,dirty_label:site,SITE-001 -> NAIROBI
TEL-000397,telemetry,dirty_label:site,SITE-002 -> MSA Terminal
TEL-000397,telemetry,sensor_dropout,flow_rate_bph set to null
TEL-000411,telemetry,dirty_label:site,SITE-007 -> kisumu terminal
TEL-000417,telemetry,sensor_dropout,pressure_psi set to null
TEL-000424,telemetry,dirty_label:site,SITE-003 -> makueni pipeline
TEL-000426,telemetry,dirty_label:site,SITE-004 -> Nakuru  Depot
TEL-000429,telemetry,dirty_label:site,SITE-001 -> nairobi terminal
TEL-000456,telemetry,dirty_label:site,SITE-007 -> Kisumu term
TEL-000462,telemetry,sensor_dropout,temperature_celsius set to null
TEL-000464,telemetry,dirty_label:site,SITE-004 -> Nakuru dep
TEL-000475,telemetry,dirty_label:site,SITE-002 -> mombasa terminal
TEL-000476,telemetry,dirty_label:site,SITE-003 -> Makueni PS
TEL-000482,telemetry,dirty_label:site,SITE-004 -> NAKURU
TEL-000483,telemetry,dirty_label:site,SITE-004 -> nakuru depot
TEL-000484,telemetry,sensor_dropout,temperature_celsius set to null
TEL-000492,telemetry,dirty_label:site,SITE-001 -> NRB Terminal
TEL-000496,telemetry,dirty_label:site,SITE-006 -> SINENDET
TEL-000499,telemetry,dirty_label:site,SITE-001 -> Nairobi  Terminal
TEL-000506,telemetry,dirty_label:site,SITE-004 -> nakuru depot
TEL-000508,telemetry,dirty_label:site,SITE-003 -> makueni pipeline
TEL-000509,telemetry,dirty_label:site,SITE-003 -> MAKUENI
TEL-000511,telemetry,dirty_label:site,SITE-003 -> Thange section
TEL-000512,telemetry,dirty_label:site,SITE-003 -> makueni pipeline
TEL-000514,telemetry,dirty_label:site,SITE-003 -> makueni pipeline
TEL-000516,telemetry,dirty_label:site,SITE-003 -> MAKUENI
TEL-000532,telemetry,dirty_label:site,SITE-003 -> Kibwezi
TEL-000535,telemetry,dirty_label:site,SITE-005 -> Eldoret term
TEL-000535,telemetry,sensor_dropout,pressure_psi set to null
TEL-000538,telemetry,dirty_label:site,SITE-004 -> Nakuru dep
TEL-000544,telemetry,dirty_label:site,SITE-005 -> ELD Terminal
TEL-000546,telemetry,dirty_label:site,SITE-006 -> Sinendet PS
TEL-000552,telemetry,dirty_label:site,SITE-003 -> MAKUENI
TEL-000554,telemetry,dirty_label:site,SITE-003 -> makueni pipeline
TEL-000564,telemetry,dirty_label:site,SITE-003 -> makueni pipeline
TEL-000565,telemetry,dirty_label:site,SITE-004 -> Nakuru  Depot
TEL-000570,telemetry,dirty_label:site,SITE-006 -> Sinendet  Pump Station
TEL-000577,telemetry,dirty_label:site,SITE-007 -> KSM Terminal
TEL-000580,telemetry,sensor_dropout,flow_rate_bph set to null
TEL-000589,telemetry,dirty_label:site,SITE-005 -> Eldoret term
TEL-000593,telemetry,dirty_label:site,SITE-004 -> NAKURU
TEL-000600,telemetry,dirty_label:site,SITE-002 -> MOMBASA
TEL-000603,telemetry,dirty_label:site,SITE-005 -> ELDORET
TEL-000611,telemetry,dirty_label:site,SITE-005 -> Eldoret term
TEL-000613,telemetry,dirty_label:site,SITE-004 -> nakuru depot
TEL-000614,telemetry,dirty_label:site,SITE-005 -> Eldoret  Terminal
TEL-000617,telemetry,dirty_label:site,SITE-003 -> MAKUENI
TEL-000618,telemetry,sensor_dropout,pressure_psi set to null
TEL-000622,telemetry,dirty_label:site,SITE-004 -> Nakuru dep
TEL-000632,telemetry,dirty_label:site,SITE-001 -> NRB Terminal
TEL-000642,telemetry,dirty_label:site,SITE-006 -> SINENDET
TEL-000646,telemetry,dirty_label:site,SITE-003 -> makueni section
TEL-000653,telemetry,dirty_label:site,SITE-005 -> Eldoret  Terminal
TEL-000653,telemetry,sensor_dropout,flow_rate_bph set to null
TEL-000663,telemetry,dirty_label:site,SITE-007 -> KISUMU
TEL-000663,telemetry,sensor_dropout,flow_rate_bph set to null
TEL-000671,telemetry,sensor_dropout,temperature_celsius set to null
TEL-000677,telemetry,sensor_dropout,temperature_celsius set to null
TEL-000678,telemetry,dirty_label:site,SITE-002 -> Mombasa  Terminal
TEL-000683,telemetry,dirty_label:site,SITE-005 -> ELD Terminal
TEL-000683,telemetry,sensor_dropout,pressure_psi set to null
TEL-000691,telemetry,dirty_label:site,SITE-002 -> MOMBASA
TEL-000692,telemetry,dirty_label:site,SITE-005 -> Eldoret term
TEL-000698,telemetry,dirty_label:site,SITE-003 -> makueni pipeline
TEL-000700,telemetry,dirty_label:site,SITE-006 -> Sinendet  Pump Station
TEL-000702,telemetry,dirty_label:site,SITE-001 -> nairobi terminal
TEL-000706,telemetry,sensor_dropout,temperature_celsius set to null
TEL-000710,telemetry,dirty_label:site,SITE-003 -> Makueni PS
TEL-000718,telemetry,dirty_label:site,SITE-004 -> NKR Depot
TEL-000723,telemetry,dirty_label:site,SITE-001 -> NAIROBI
TEL-000725,telemetry,dirty_label:site,SITE-005 -> ELDORET
TEL-000726,telemetry,dirty_label:site,SITE-003 -> Thange section
TEL-000732,telemetry,dirty_label:site,SITE-004 -> NAKURU
TEL-000737,telemetry,dirty_label:site,SITE-006 -> Sinendet  Pump Station
TEL-000740,telemetry,sensor_dropout,pressure_psi set to null
TEL-000746,telemetry,dirty_label:site,SITE-004 -> Nakuru dep
TEL-000749,telemetry,dirty_label:site,SITE-006 -> sinendet pump station
TEL-000752,telemetry,dirty_label:site,SITE-003 -> Makueni PS
TEL-000765,telemetry,sensor_dropout,temperature_celsius set to null
TEL-000770,telemetry,dirty_label:site,SITE-001 -> NRB Terminal
TEL-000794,telemetry,dirty_label:site,SITE-006 -> SINENDET
TEL-000796,telemetry,sensor_dropout,pressure_psi set to null
TEL-000801,telemetry,dirty_label:site,SITE-003 -> Thange section
TEL-000804,telemetry,dirty_label:site,SITE-007 -> kisumu terminal
TEL-000812,telemetry,dirty_label:site,SITE-004 -> nakuru depot
TEL-000814,telemetry,dirty_label:site,SITE-004 -> Nakuru dep
TEL-000822,telemetry,sensor_dropout,pressure_psi set to null
TEL-000829,telemetry,dirty_label:site,SITE-002 -> Mombasa  Terminal
TEL-000865,telemetry,dirty_label:site,SITE-003 -> Makueni PS
TEL-000875,telemetry,dirty_label:site,SITE-007 -> Kisumu term
TEL-000879,telemetry,dirty_label:site,SITE-002 -> Mombasa  Terminal
TEL-000881,telemetry,dirty_label:site,SITE-001 -> NAIROBI
TEL-000891,telemetry,dirty_label:site,SITE-004 -> Nakuru  Depot
TEL-000895,telemetry,dirty_label:site,SITE-006 -> SINENDET
TEL-000897,telemetry,dirty_label:site,SITE-002 -> MOMBASA
TEL-000899,telemetry,dirty_label:site,SITE-004 -> Nakuru dep
TEL-000905,telemetry,dirty_label:site,SITE-002 -> Mombasa term
TEL-000915,telemetry,dirty_label:site,SITE-004 -> NKR Depot
TEL-000925,telemetry,dirty_label:site,SITE-001 -> NAIROBI
TEL-000929,telemetry,sensor_dropout,flow_rate_bph set to null
TEL-000933,telemetry,sensor_dropout,temperature_celsius set to null
TEL-000935,telemetry,dirty_label:site,SITE-006 -> Sinendet  Pump Station
TEL-000936,telemetry,dirty_label:site,SITE-002 -> mombasa terminal
TEL-000939,telemetry,dirty_label:site,SITE-006 -> sinendet pump
TEL-000943,telemetry,sensor_dropout,flow_rate_bph set to null
TEL-000945,telemetry,dirty_label:site,SITE-006 -> sinendet pump
TEL-000950,telemetry,dirty_label:site,SITE-007 -> KSM Terminal
TEL-000952,telemetry,dirty_label:site,SITE-007 -> KSM Terminal
TEL-000952,telemetry,sensor_dropout,flow_rate_bph set to null
TEL-000957,telemetry,dirty_label:site,SITE-002 -> Mombasa  Terminal
TEL-000958,telemetry,sensor_dropout,pressure_psi set to null
TEL-000959,telemetry,dirty_label:site,SITE-005 -> Eldoret  Terminal
TEL-000972,telemetry,sensor_dropout,temperature_celsius set to null
TEL-000973,telemetry,dirty_label:site,SITE-004 -> nakuru depot
TEL-000977,telemetry,dirty_label:site,SITE-006 -> Sinendet PS
TEL-000989,telemetry,dirty_label:site,SITE-002 -> Mombasa term
TEL-000994,telemetry,sensor_dropout,flow_rate_bph set to null
TEL-001002,telemetry,dirty_label:site,SITE-005 -> ELDORET
TEL-001007,telemetry,dirty_label:site,SITE-005 -> eldoret terminal
TEL-001022,telemetry,dirty_label:site,SITE-001 -> Nairobi term
TEL-001026,telemetry,dirty_label:site,SITE-005 -> eldoret terminal
TEL-001027,telemetry,dirty_label:site,SITE-007 -> KISUMU
TEL-001038,telemetry,dirty_label:site,SITE-006 -> sinendet pump station
TEL-001043,telemetry,dirty_label:site,SITE-004 -> NKR Depot
TEL-001047,telemetry,dirty_label:site,SITE-002 -> mombasa terminal
TEL-001049,telemetry,dirty_label:site,SITE-004 -> NAKURU
TEL-001054,telemetry,dirty_label:site,SITE-005 -> ELDORET
TEL-001066,telemetry,dirty_label:site,SITE-004 -> NAKURU
TEL-001085,telemetry,dirty_label:site,SITE-005 -> ELD Terminal
TEL-001122,telemetry,dirty_label:site,SITE-007 -> Kisumu  Terminal
TEL-001126,telemetry,sensor_dropout,temperature_celsius set to null
TEL-001127,telemetry,dirty_label:site,SITE-006 -> sinendet pump station
TEL-001131,telemetry,dirty_label:site,SITE-003 -> Thange section
TEL-001139,telemetry,dirty_label:site,SITE-007 -> Kisumu term
TEL-001141,telemetry,dirty_label:site,SITE-002 -> Mombasa term
TEL-001157,telemetry,sensor_dropout,temperature_celsius set to null
TEL-001160,telemetry,dirty_label:site,SITE-005 -> Eldoret  Terminal
TEL-001161,telemetry,dirty_label:site,SITE-007 -> Kisumu  Terminal
TEL-001172,telemetry,dirty_label:site,SITE-007 -> kisumu terminal
TEL-001175,telemetry,dirty_label:site,SITE-007 -> Kisumu term
TEL-001175,telemetry,sensor_dropout,temperature_celsius set to null
TEL-001177,telemetry,dirty_label:site,SITE-002 -> Kipevu terminal
TEL-001187,telemetry,dirty_label:site,SITE-002 -> mombasa terminal
TEL-001189,telemetry,dirty_label:site,SITE-007 -> Kisumu term
TEL-001197,telemetry,dirty_label:site,SITE-003 -> Makueni PS
TEL-001202,telemetry,dirty_label:site,SITE-003 -> Kibwezi
TEL-001203,telemetry,dirty_label:site,SITE-004 -> NAKURU
TEL-001205,telemetry,dirty_label:site,SITE-007 -> Kisumu term
TEL-001206,telemetry,sensor_dropout,flow_rate_bph set to null
TEL-001207,telemetry,dirty_label:site,SITE-007 -> KSM Terminal
TEL-001217,telemetry,dirty_label:site,SITE-004 -> NKR Depot
TEL-001228,telemetry,dirty_label:site,SITE-001 -> nairobi terminal
TEL-001251,telemetry,dirty_label:site,SITE-007 -> KISUMU
TEL-001256,telemetry,sensor_dropout,temperature_celsius set to null
TEL-001257,telemetry,dirty_label:site,SITE-006 -> Sinendet PS
TEL-001260,telemetry,dirty_label:site,SITE-004 -> nakuru depot
TEL-001262,telemetry,sensor_dropout,pressure_psi set to null
TEL-001267,telemetry,dirty_label:site,SITE-005 -> ELD Terminal
TEL-001285,telemetry,dirty_label:site,SITE-002 -> MSA Terminal
TEL-001289,telemetry,dirty_label:site,SITE-003 -> Kibwezi
TEL-001293,telemetry,dirty_label:site,SITE-005 -> eldoret terminal
TEL-001297,telemetry,dirty_label:site,SITE-001 -> nairobi terminal
TEL-001299,telemetry,dirty_label:site,SITE-005 -> ELDORET
TEL-001304,telemetry,dirty_label:site,SITE-006 -> sinendet pump station
TEL-001313,telemetry,sensor_dropout,pressure_psi set to null
TEL-001316,telemetry,dirty_label:site,SITE-004 -> Nakuru  Depot
TEL-001329,telemetry,dirty_label:site,SITE-005 -> eldoret terminal
TEL-001332,telemetry,dirty_label:site,SITE-002 -> Mombasa  Terminal
TEL-001338,telemetry,dirty_label:site,SITE-005 -> Eldoret  Terminal
TEL-001347,telemetry,dirty_label:site,SITE-007 -> Kisumu term
TEL-001352,telemetry,dirty_label:site,SITE-005 -> ELD Terminal
TEL-001359,telemetry,dirty_label:site,SITE-005 -> eldoret terminal
TEL-001362,telemetry,sensor_dropout,flow_rate_bph set to null
TEL-001365,telemetry,dirty_label:site,SITE-006 -> Sinendet PS
TEL-001369,telemetry,dirty_label:site,SITE-001 -> Nairobi  Terminal
TEL-001374,telemetry,dirty_label:site,SITE-005 -> ELDORET
TEL-001377,telemetry,dirty_label:site,SITE-003 -> Makueni PS
TEL-001382,telemetry,dirty_label:site,SITE-001 -> nairobi terminal
TEL-001385,telemetry,sensor_dropout,flow_rate_bph set to null
TEL-001390,telemetry,dirty_label:site,SITE-006 -> Sinendet PS
TEL-001391,telemetry,dirty_label:site,SITE-001 -> Nairobi  Terminal
TEL-001392,telemetry,dirty_label:site,SITE-007 -> Kisumu term
TEL-001395,telemetry,dirty_label:site,SITE-007 -> Kisumu term
TEL-001397,telemetry,dirty_label:site,SITE-006 -> SINENDET
TEL-001399,telemetry,dirty_label:site,SITE-002 -> mombasa terminal
TEL-001405,telemetry,dirty_label:site,SITE-007 -> Kisumu  Terminal
TEL-001407,telemetry,dirty_label:site,SITE-002 -> Mombasa term
TEL-001411,telemetry,dirty_label:site,SITE-003 -> Thange section
TEL-001415,telemetry,dirty_label:site,SITE-004 -> nakuru depot
TEL-001417,telemetry,dirty_label:site,SITE-002 -> MOMBASA
TEL-001418,telemetry,dirty_label:site,SITE-002 -> Kipevu terminal
TEL-001420,telemetry,dirty_label:site,SITE-007 -> KSM Terminal
TEL-001428,telemetry,dirty_label:site,SITE-004 -> nakuru depot
TEL-001451,telemetry,dirty_label:site,SITE-003 -> Makueni PS
TEL-001452,telemetry,dirty_label:site,SITE-005 -> ELD Terminal
TEL-001461,telemetry,dirty_label:site,SITE-003 -> Thange section
TEL-001462,telemetry,dirty_label:site,SITE-004 -> NAKURU
TEL-001463,telemetry,dirty_label:site,SITE-005 -> Eldoret  Terminal
TEL-001480,telemetry,dirty_label:site,SITE-002 -> MSA Terminal
TEL-001485,telemetry,dirty_label:site,SITE-002 -> Mombasa term
TEL-001486,telemetry,dirty_label:site,SITE-001 -> Nairobi  Terminal
TEL-001487,telemetry,dirty_label:site,SITE-006 -> sinendet pump
TEL-001491,telemetry,dirty_label:site,SITE-001 -> NAIROBI
TEL-001493,telemetry,dirty_label:site,SITE-007 -> Kisumu  Terminal
TEL-001497,telemetry,dirty_label:site,SITE-007 -> KISUMU
TEL-001499,telemetry,dirty_label:site,SITE-006 -> sinendet pump
TEL-001502,telemetry,sensor_dropout,pressure_psi set to null
TEL-001515,telemetry,dirty_label:site,SITE-004 -> Nakuru dep
TEL-001520,telemetry,dirty_label:site,SITE-004 -> Nakuru dep
TEL-001526,telemetry,dirty_label:site,SITE-007 -> Kisumu  Terminal
TEL-001531,telemetry,dirty_label:site,SITE-002 -> MOMBASA
TEL-001532,telemetry,dirty_label:site,SITE-005 -> Eldoret term
TEL-001533,telemetry,dirty_label:site,SITE-003 -> Thange section
TEL-001549,telemetry,dirty_label:site,SITE-005 -> ELDORET
TEL-001549,telemetry,sensor_dropout,pressure_psi set to null
TEL-001552,telemetry,sensor_dropout,flow_rate_bph set to null
TEL-001564,telemetry,dirty_label:site,SITE-005 -> ELD Terminal
TEL-001570,telemetry,dirty_label:site,SITE-003 -> MAKUENI
TEL-001574,telemetry,dirty_label:site,SITE-002 -> Mombasa term
TEL-001579,telemetry,sensor_dropout,flow_rate_bph set to null
TEL-001586,telemetry,dirty_label:site,SITE-007 -> Kisumu  Terminal
TEL-001609,telemetry,dirty_label:site,SITE-004 -> NKR Depot
TEL-001616,telemetry,sensor_dropout,flow_rate_bph set to null
TEL-001617,telemetry,dirty_label:site,SITE-002 -> Mombasa term
TEL-001621,telemetry,dirty_label:site,SITE-004 -> NKR Depot
TEL-001624,telemetry,dirty_label:site,SITE-004 -> NAKURU
TEL-001626,telemetry,dirty_label:site,SITE-005 -> ELD Terminal
TEL-001633,telemetry,dirty_label:site,SITE-005 -> ELD Terminal
TEL-001637,telemetry,dirty_label:site,SITE-003 -> Makueni PS
TEL-001657,telemetry,dirty_label:site,SITE-003 -> Makueni PS
TEL-001661,telemetry,dirty_label:site,SITE-002 -> Kipevu terminal
TEL-001662,telemetry,dirty_label:site,SITE-003 -> Thange section
TEL-001663,telemetry,dirty_label:site,SITE-007 -> kisumu terminal
TEL-001673,telemetry,dirty_label:site,SITE-001 -> Nairobi  Terminal
TEL-001677,telemetry,dirty_label:site,SITE-002 -> mombasa terminal
TEL-001680,telemetry,dirty_label:site,SITE-005 -> Eldoret term
TEL-001691,telemetry,dirty_label:site,SITE-007 -> KSM Terminal
TEL-001696,telemetry,dirty_label:site,SITE-007 -> KISUMU
TEL-001698,telemetry,dirty_label:site,SITE-004 -> Nakuru  Depot
TEL-001706,telemetry,sensor_dropout,flow_rate_bph set to null
TEL-001711,telemetry,dirty_label:site,SITE-002 -> Mombasa term
TEL-001714,telemetry,dirty_label:site,SITE-001 -> nairobi terminal
TEL-001719,telemetry,dirty_label:site,SITE-003 -> Thange section
TEL-001727,telemetry,dirty_label:site,SITE-003 -> makueni pipeline
TEL-001738,telemetry,dirty_label:site,SITE-007 -> kisumu terminal
TEL-001755,telemetry,dirty_label:site,SITE-004 -> Nakuru dep
TEL-001758,telemetry,dirty_label:site,SITE-007 -> KISUMU
TEL-001763,telemetry,dirty_label:site,SITE-003 -> Makueni PS
TEL-001779,telemetry,dirty_label:site,SITE-004 -> NKR Depot
TEL-001793,telemetry,dirty_label:site,SITE-005 -> Eldoret term
TEL-001800,telemetry,dirty_label:site,SITE-003 -> MAKUENI
TEL-001808,telemetry,sensor_dropout,pressure_psi set to null
TEL-001809,telemetry,dirty_label:site,SITE-005 -> Eldoret  Terminal
TEL-001810,telemetry,dirty_label:site,SITE-007 -> Kisumu term
TEL-001812,telemetry,dirty_label:site,SITE-003 -> makueni section
TEL-001821,telemetry,dirty_label:site,SITE-005 -> Eldoret term
TEL-001832,telemetry,dirty_label:site,SITE-001 -> NAIROBI
TEL-001841,telemetry,dirty_label:site,SITE-007 -> Kisumu term
TEL-001843,telemetry,dirty_label:site,SITE-004 -> NKR Depot
TEL-001845,telemetry,dirty_label:site,SITE-001 -> Nairobi term
TEL-001850,telemetry,dirty_label:site,SITE-002 -> mombasa terminal
TEL-001852,telemetry,dirty_label:site,SITE-005 -> ELDORET
TEL-001853,telemetry,dirty_label:site,SITE-004 -> NKR Depot
TEL-001855,telemetry,dirty_label:site,SITE-002 -> Mombasa  Terminal
TEL-001872,telemetry,dirty_label:site,SITE-001 -> NAIROBI
TEL-001874,telemetry,dirty_label:site,SITE-005 -> Eldoret  Terminal
TEL-001877,telemetry,dirty_label:site,SITE-005 -> Eldoret term
TEL-001885,telemetry,dirty_label:site,SITE-006 -> Sinendet  Pump Station
TEL-001891,telemetry,dirty_label:site,SITE-006 -> sinendet pump
TEL-001892,telemetry,dirty_label:site,SITE-001 -> Nairobi term
TEL-001908,telemetry,dirty_label:site,SITE-002 -> Mombasa term
TEL-001909,telemetry,dirty_label:site,SITE-003 -> makueni section
TEL-001912,telemetry,dirty_label:site,SITE-005 -> Eldoret  Terminal
TEL-001918,telemetry,dirty_label:site,SITE-004 -> NKR Depot
TEL-001921,telemetry,dirty_label:site,SITE-001 -> Nairobi term
TEL-001927,telemetry,dirty_label:site,SITE-003 -> MAKUENI
TEL-001929,telemetry,dirty_label:site,SITE-002 -> MOMBASA
TEL-001941,telemetry,dirty_label:site,SITE-006 -> sinendet pump
TEL-001942,telemetry,dirty_label:site,SITE-007 -> KISUMU
TEL-001948,telemetry,dirty_label:site,SITE-005 -> ELDORET
TEL-001948,telemetry,sensor_dropout,temperature_celsius set to null
TEL-001952,telemetry,dirty_label:site,SITE-004 -> NAKURU
TEL-001953,telemetry,dirty_label:site,SITE-004 -> Nakuru  Depot
TEL-001953,telemetry,sensor_dropout,pressure_psi set to null
TEL-001960,telemetry,dirty_label:site,SITE-002 -> Mombasa  Terminal
TEL-001968,telemetry,sensor_dropout,flow_rate_bph set to null
TEL-001969,telemetry,dirty_label:site,SITE-004 -> Nakuru  Depot
TEL-001973,telemetry,dirty_label:site,SITE-007 -> Kisumu  Terminal
TEL-001976,telemetry,dirty_label:site,SITE-006 -> Sinendet PS
TEL-001977,telemetry,sensor_dropout,temperature_celsius set to null
TEL-001983,telemetry,dirty_label:site,SITE-006 -> SINENDET
TEL-001986,telemetry,dirty_label:site,SITE-007 -> kisumu terminal
TEL-001991,telemetry,dirty_label:site,SITE-006 -> Sinendet PS
TEL-001998,telemetry,dirty_label:site,SITE-002 -> MSA Terminal
TEL-002001,telemetry,dirty_label:site,SITE-001 -> Nairobi  Terminal
TEL-002002,telemetry,dirty_label:site,SITE-001 -> Nairobi term
TEL-002004,telemetry,dirty_label:site,SITE-004 -> Nakuru dep
TEL-002009,telemetry,dirty_label:site,SITE-007 -> Kisumu term
TEL-002010,telemetry,sensor_dropout,flow_rate_bph set to null
TEL-002015,telemetry,dirty_label:site,SITE-001 -> Nairobi  Terminal
TEL-002021,telemetry,dirty_label:site,SITE-007 -> Kisumu  Terminal
TEL-002022,telemetry,dirty_label:site,SITE-002 -> Mombasa  Terminal
TEL-002023,telemetry,dirty_label:site,SITE-001 -> Nairobi  Terminal
TEL-002024,telemetry,dirty_label:site,SITE-001 -> Nairobi term
TEL-002027,telemetry,dirty_label:site,SITE-001 -> Nairobi term
TEL-002038,telemetry,dirty_label:site,SITE-005 -> ELD Terminal
TEL-002040,telemetry,sensor_dropout,flow_rate_bph set to null
TEL-002041,telemetry,dirty_label:site,SITE-006 -> Sinendet  Pump Station
TEL-002047,telemetry,dirty_label:site,SITE-002 -> MOMBASA
TEL-002056,telemetry,dirty_label:site,SITE-001 -> Nairobi term
TEL-002062,telemetry,dirty_label:site,SITE-004 -> NAKURU
TEL-002071,telemetry,dirty_label:site,SITE-002 -> mombasa terminal
TEL-002079,telemetry,dirty_label:site,SITE-006 -> sinendet pump
TEL-002081,telemetry,dirty_label:site,SITE-007 -> KISUMU
TEL-002085,telemetry,dirty_label:site,SITE-005 -> Eldoret term
TEL-002089,telemetry,dirty_label:site,SITE-001 -> nairobi terminal
TEL-002092,telemetry,dirty_label:site,SITE-006 -> sinendet pump
TEL-002094,telemetry,dirty_label:site,SITE-006 -> SINENDET
TEL-002095,telemetry,dirty_label:site,SITE-001 -> NAIROBI
TEL-002105,telemetry,dirty_label:site,SITE-005 -> Eldoret  Terminal
TEL-002107,telemetry,dirty_label:site,SITE-006 -> Sinendet  Pump Station
TEL-002111,telemetry,sensor_dropout,pressure_psi set to null
TEL-002112,telemetry,sensor_dropout,temperature_celsius set to null
TEL-002116,telemetry,dirty_label:site,SITE-006 -> Sinendet PS
TEL-002121,telemetry,dirty_label:site,SITE-005 -> eldoret terminal
TEL-002124,telemetry,dirty_label:site,SITE-002 -> MSA Terminal
TEL-002129,telemetry,sensor_dropout,temperature_celsius set to null
TEL-002142,telemetry,sensor_dropout,temperature_celsius set to null
TEL-002146,telemetry,dirty_label:site,SITE-006 -> Sinendet  Pump Station
TEL-002148,telemetry,dirty_label:site,SITE-002 -> Kipevu terminal
TEL-002161,telemetry,dirty_label:site,SITE-001 -> NAIROBI
TEL-002169,telemetry,dirty_label:site,SITE-001 -> Nairobi term
TEL-002175,telemetry,dirty_label:site,SITE-001 -> Nairobi term
TEL-002181,telemetry,sensor_dropout,flow_rate_bph set to null
TEL-002182,telemetry,dirty_label:site,SITE-001 -> NAIROBI
TEL-002184,telemetry,dirty_label:site,SITE-003 -> Kibwezi
TEL-002188,telemetry,dirty_label:site,SITE-004 -> Nakuru  Depot
TEL-002190,telemetry,dirty_label:site,SITE-007 -> KSM Terminal
TEL-002197,telemetry,dirty_label:site,SITE-006 -> sinendet pump station
TEL-002203,telemetry,dirty_label:site,SITE-001 -> Nairobi term
TEL-002205,telemetry,dirty_label:site,SITE-006 -> sinendet pump
TEL-002207,telemetry,sensor_dropout,flow_rate_bph set to null
TEL-002208,telemetry,dirty_label:site,SITE-002 -> MSA Terminal
TEL-002211,telemetry,dirty_label:site,SITE-007 -> kisumu terminal
TEL-002222,telemetry,dirty_label:site,SITE-006 -> SINENDET
TEL-002230,telemetry,dirty_label:site,SITE-004 -> NAKURU
TEL-002234,telemetry,dirty_label:site,SITE-004 -> NKR Depot
TEL-002238,telemetry,dirty_label:site,SITE-002 -> Kipevu terminal
TEL-002241,telemetry,dirty_label:site,SITE-007 -> kisumu terminal
TEL-002245,telemetry,dirty_label:site,SITE-007 -> Kisumu  Terminal
TEL-002258,telemetry,sensor_dropout,temperature_celsius set to null
TEL-002265,telemetry,dirty_label:site,SITE-007 -> KISUMU
TEL-002268,telemetry,dirty_label:site,SITE-002 -> Mombasa term
TEL-002276,telemetry,dirty_label:site,SITE-002 -> Kipevu terminal
TEL-002277,telemetry,dirty_label:site,SITE-003 -> makueni section
TEL-002287,telemetry,dirty_label:site,SITE-001 -> Nairobi  Terminal
TEL-002288,telemetry,dirty_label:site,SITE-001 -> nairobi terminal
TEL-002289,telemetry,dirty_label:site,SITE-007 -> Kisumu  Terminal
TEL-002296,telemetry,dirty_label:site,SITE-006 -> Sinendet PS
TEL-002297,telemetry,dirty_label:site,SITE-006 -> Sinendet PS
TEL-002304,telemetry,dirty_label:site,SITE-007 -> KISUMU
TEL-002310,telemetry,dirty_label:site,SITE-002 -> MSA Terminal
TEL-002321,telemetry,dirty_label:site,SITE-004 -> NKR Depot
TEL-002329,telemetry,dirty_label:site,SITE-006 -> Sinendet PS
TEL-002332,telemetry,dirty_label:site,SITE-004 -> nakuru depot
TEL-002337,telemetry,dirty_label:site,SITE-006 -> sinendet pump
TEL-002338,telemetry,dirty_label:site,SITE-006 -> SINENDET
TEL-002356,telemetry,sensor_dropout,flow_rate_bph set to null
TEL-002367,telemetry,dirty_label:site,SITE-002 -> Mombasa term
TEL-002369,telemetry,sensor_dropout,flow_rate_bph set to null
TEL-002396,telemetry,dirty_label:site,SITE-004 -> nakuru depot
TEL-002398,telemetry,sensor_dropout,flow_rate_bph set to null
TEL-002411,telemetry,dirty_label:site,SITE-001 -> NAIROBI
TEL-002415,telemetry,dirty_label:site,SITE-001 -> NAIROBI
TEL-002417,telemetry,dirty_label:site,SITE-007 -> KSM Terminal
TEL-002419,telemetry,dirty_label:site,SITE-007 -> Kisumu  Terminal
TEL-002422,telemetry,dirty_label:site,SITE-007 -> KSM Terminal
TEL-002426,telemetry,dirty_label:site,SITE-005 -> Eldoret  Terminal
TEL-002427,telemetry,dirty_label:site,SITE-004 -> NAKURU
TEL-002428,telemetry,dirty_label:site,SITE-005 -> ELDORET
TEL-002433,telemetry,dirty_label:site,SITE-004 -> NAKURU
TEL-002443,telemetry,dirty_label:site,SITE-004 -> Nakuru  Depot
TEL-002452,telemetry,dirty_label:site,SITE-007 -> KSM Terminal
TEL-002453,telemetry,dirty_label:site,SITE-003 -> Thange section
TEL-002461,telemetry,sensor_dropout,temperature_celsius set to null
TEL-002462,telemetry,sensor_dropout,pressure_psi set to null
TEL-002494,telemetry,dirty_label:site,SITE-006 -> sinendet pump
TEL-002494,telemetry,sensor_dropout,pressure_psi set to null
TEL-002495,telemetry,dirty_label:site,SITE-001 -> NAIROBI
TEL-002497,telemetry,dirty_label:site,SITE-007 -> Kisumu term
TEL-002498,telemetry,sensor_dropout,flow_rate_bph set to null
TEL-002501,telemetry,dirty_label:site,SITE-007 -> kisumu terminal
TEL-002520,telemetry,dirty_label:site,SITE-002 -> MSA Terminal
TEL-002527,telemetry,dirty_label:site,SITE-007 -> KSM Terminal
TEL-002537,telemetry,dirty_label:site,SITE-005 -> eldoret terminal
TEL-002540,telemetry,dirty_label:site,SITE-004 -> Nakuru  Depot
TEL-002541,telemetry,dirty_label:site,SITE-001 -> NRB Terminal
TEL-002552,telemetry,dirty_label:site,SITE-006 -> SINENDET
TEL-002563,telemetry,dirty_label:site,SITE-005 -> ELDORET
TEL-002567,telemetry,sensor_dropout,pressure_psi set to null
TEL-002571,telemetry,sensor_dropout,temperature_celsius set to null
TEL-002580,telemetry,sensor_dropout,temperature_celsius set to null
TEL-002598,telemetry,dirty_label:site,SITE-002 -> mombasa terminal
TEL-002601,telemetry,sensor_dropout,flow_rate_bph set to null
TEL-002603,telemetry,dirty_label:site,SITE-004 -> NKR Depot
TEL-002604,telemetry,dirty_label:site,SITE-003 -> Makueni PS
TEL-002616,telemetry,sensor_dropout,pressure_psi set to null
TEL-002618,telemetry,dirty_label:site,SITE-002 -> Mombasa term
TEL-002622,telemetry,dirty_label:site,SITE-005 -> ELD Terminal
TEL-002633,telemetry,dirty_label:site,SITE-001 -> Nairobi term
TEL-002635,telemetry,dirty_label:site,SITE-002 -> mombasa terminal
TEL-002636,telemetry,dirty_label:site,SITE-004 -> Nakuru  Depot
TEL-002639,telemetry,dirty_label:site,SITE-003 -> Thange section
TEL-002640,telemetry,dirty_label:site,SITE-005 -> ELDORET
TEL-002641,telemetry,dirty_label:site,SITE-003 -> makueni section
TEL-002643,telemetry,sensor_dropout,pressure_psi set to null
TEL-002646,telemetry,dirty_label:site,SITE-006 -> sinendet pump
TEL-002652,telemetry,dirty_label:site,SITE-003 -> makueni pipeline
TEL-002658,telemetry,dirty_label:site,SITE-007 -> KSM Terminal
TEL-002662,telemetry,dirty_label:site,SITE-005 -> Eldoret term
TEL-002670,telemetry,dirty_label:site,SITE-002 -> Mombasa term
TEL-002687,telemetry,dirty_label:site,SITE-001 -> Nairobi  Terminal
TEL-002696,telemetry,sensor_dropout,temperature_celsius set to null
TEL-002701,telemetry,sensor_dropout,pressure_psi set to null
TEL-002702,telemetry,dirty_label:site,SITE-006 -> sinendet pump
TEL-002706,telemetry,dirty_label:site,SITE-002 -> Mombasa term
TEL-002718,telemetry,dirty_label:site,SITE-004 -> Nakuru dep
TEL-002728,telemetry,sensor_dropout,temperature_celsius set to null
TEL-002729,telemetry,dirty_label:site,SITE-005 -> Eldoret term
TEL-002743,telemetry,dirty_label:site,SITE-004 -> NKR Depot
TEL-002745,telemetry,dirty_label:site,SITE-004 -> Nakuru dep
TEL-002748,telemetry,dirty_label:site,SITE-002 -> Mombasa term
TEL-002750,telemetry,dirty_label:site,SITE-007 -> Kisumu term
TEL-002752,telemetry,dirty_label:site,SITE-006 -> sinendet pump station
TEL-002754,telemetry,dirty_label:site,SITE-006 -> sinendet pump
TEL-002759,telemetry,dirty_label:site,SITE-007 -> KSM Terminal
TEL-002763,telemetry,dirty_label:site,SITE-005 -> ELD Terminal
TEL-002764,telemetry,dirty_label:site,SITE-002 -> Mombasa term
TEL-002768,telemetry,dirty_label:site,SITE-004 -> NKR Depot
TEL-002771,telemetry,dirty_label:site,SITE-001 -> nairobi terminal
TEL-002784,telemetry,dirty_label:site,SITE-001 -> NAIROBI
TEL-002787,telemetry,sensor_dropout,flow_rate_bph set to null
TEL-002792,telemetry,dirty_label:site,SITE-001 -> Nairobi term
TEL-002805,telemetry,dirty_label:site,SITE-002 -> MOMBASA
TEL-002805,telemetry,sensor_dropout,pressure_psi set to null
TEL-002810,telemetry,dirty_label:site,SITE-005 -> ELDORET
TEL-002813,telemetry,dirty_label:site,SITE-003 -> makueni section
TEL-002825,telemetry,dirty_label:site,SITE-004 -> Nakuru  Depot
TEL-002829,telemetry,dirty_label:site,SITE-002 -> MOMBASA
TEL-002833,telemetry,sensor_dropout,pressure_psi set to null
TEL-002835,telemetry,dirty_label:site,SITE-003 -> makueni section
TEL-002840,telemetry,dirty_label:site,SITE-001 -> Nairobi  Terminal
TEL-002847,telemetry,dirty_label:site,SITE-005 -> eldoret terminal
TEL-002869,telemetry,dirty_label:site,SITE-006 -> Sinendet PS
TEL-002873,telemetry,dirty_label:site,SITE-001 -> Nairobi  Terminal
TEL-002876,telemetry,sensor_dropout,flow_rate_bph set to null
TEL-002878,telemetry,dirty_label:site,SITE-003 -> Makueni PS
TEL-002879,telemetry,dirty_label:site,SITE-001 -> NAIROBI
TEL-002890,telemetry,dirty_label:site,SITE-003 -> makueni pipeline
TEL-002894,telemetry,dirty_label:site,SITE-003 -> Makueni PS
TEL-002900,telemetry,dirty_label:site,SITE-002 -> Mombasa  Terminal
TEL-002905,telemetry,dirty_label:site,SITE-002 -> Mombasa  Terminal
TEL-002919,telemetry,dirty_label:site,SITE-004 -> NAKURU
TEL-002921,telemetry,dirty_label:site,SITE-006 -> Sinendet  Pump Station
TEL-002925,telemetry,dirty_label:site,SITE-005 -> ELDORET
TEL-002940,telemetry,sensor_dropout,pressure_psi set to null
TEL-002942,telemetry,sensor_dropout,flow_rate_bph set to null
TEL-002947,telemetry,dirty_label:site,SITE-005 -> ELDORET
TEL-002947,telemetry,sensor_dropout,flow_rate_bph set to null
TEL-002948,telemetry,dirty_label:site,SITE-005 -> ELD Terminal
TEL-002949,telemetry,dirty_label:site,SITE-002 -> Kipevu terminal
TEL-002949,telemetry,sensor_dropout,pressure_psi set to null
TEL-002956,telemetry,dirty_label:site,SITE-002 -> MOMBASA
TEL-002965,telemetry,dirty_label:site,SITE-002 -> MOMBASA
TEL-002969,telemetry,dirty_label:site,SITE-003 -> makueni section
TEL-002991,telemetry,dirty_label:site,SITE-004 -> NAKURU
TEL-002993,telemetry,dirty_label:site,SITE-007 -> KISUMU
TEL-002995,telemetry,sensor_dropout,flow_rate_bph set to null
TEL-002997,telemetry,dirty_label:site,SITE-007 -> Kisumu  Terminal
TEL-002998,telemetry,dirty_label:site,SITE-002 -> Kipevu terminal
TEL-002999,telemetry,dirty_label:site,SITE-005 -> eldoret terminal
TEL-003001,telemetry,dirty_label:site,SITE-005 -> Eldoret term
TEL-003004,telemetry,dirty_label:site,SITE-007 -> Kisumu  Terminal
TEL-003007,telemetry,dirty_label:site,SITE-003 -> MAKUENI
TEL-003008,telemetry,dirty_label:site,SITE-004 -> NKR Depot
TEL-003009,telemetry,dirty_label:site,SITE-001 -> NRB Terminal
TEL-003010,telemetry,dirty_label:site,SITE-001 -> Nairobi term
TEL-003013,telemetry,dirty_label:site,SITE-003 -> MAKUENI
TEL-003021,telemetry,dirty_label:site,SITE-002 -> Kipevu terminal
TEL-003023,telemetry,dirty_label:site,SITE-004 -> NKR Depot
TEL-003027,telemetry,dirty_label:site,SITE-005 -> ELDORET
TEL-003028,telemetry,dirty_label:site,SITE-005 -> eldoret terminal
TEL-003030,telemetry,dirty_label:site,SITE-007 -> KISUMU
TEL-003033,telemetry,sensor_dropout,temperature_celsius set to null
TEL-003042,telemetry,dirty_label:site,SITE-005 -> ELDORET
TEL-003058,telemetry,dirty_label:site,SITE-004 -> nakuru depot
TEL-003061,telemetry,dirty_label:site,SITE-007 -> KSM Terminal
TEL-003062,telemetry,dirty_label:site,SITE-006 -> Sinendet PS
TEL-003063,telemetry,dirty_label:site,SITE-001 -> Nairobi  Terminal
TEL-003064,telemetry,dirty_label:site,SITE-001 -> Nairobi  Terminal
TEL-003072,telemetry,dirty_label:site,SITE-001 -> Nairobi  Terminal
TEL-003079,telemetry,dirty_label:site,SITE-001 -> NRB Terminal
TEL-003090,telemetry,dirty_label:site,SITE-001 -> nairobi terminal
TEL-003093,telemetry,dirty_label:site,SITE-003 -> makueni pipeline
TEL-003104,telemetry,dirty_label:site,SITE-005 -> eldoret terminal
TEL-003109,telemetry,dirty_label:site,SITE-007 -> KISUMU
TEL-003113,telemetry,dirty_label:site,SITE-007 -> KSM Terminal
TEL-003115,telemetry,dirty_label:site,SITE-006 -> Sinendet  Pump Station
TEL-003118,telemetry,dirty_label:site,SITE-004 -> Nakuru  Depot
TEL-003118,telemetry,sensor_dropout,pressure_psi set to null
TEL-003124,telemetry,dirty_label:site,SITE-007 -> Kisumu  Terminal
TEL-003128,telemetry,dirty_label:site,SITE-006 -> Sinendet PS
TEL-003132,telemetry,dirty_label:site,SITE-005 -> Eldoret term
TEL-003138,telemetry,dirty_label:site,SITE-007 -> KSM Terminal
TEL-003140,telemetry,dirty_label:site,SITE-006 -> sinendet pump station
TEL-003143,telemetry,dirty_label:site,SITE-002 -> Kipevu terminal
TEL-003155,telemetry,dirty_label:site,SITE-006 -> Sinendet PS
TEL-003157,telemetry,dirty_label:site,SITE-005 -> Eldoret term
TEL-003158,telemetry,dirty_label:site,SITE-001 -> Nairobi  Terminal
TEL-003165,telemetry,dirty_label:site,SITE-004 -> NAKURU
TEL-003170,telemetry,dirty_label:site,SITE-007 -> KSM Terminal
TEL-003175,telemetry,dirty_label:site,SITE-007 -> Kisumu term
TEL-003177,telemetry,sensor_dropout,flow_rate_bph set to null
TEL-003182,telemetry,dirty_label:site,SITE-001 -> NAIROBI
TEL-003202,telemetry,dirty_label:site,SITE-005 -> eldoret terminal
TEL-003210,telemetry,dirty_label:site,SITE-001 -> NAIROBI
TEL-003217,telemetry,dirty_label:site,SITE-006 -> SINENDET
TEL-003230,telemetry,dirty_label:site,SITE-005 -> ELDORET
TEL-003232,telemetry,dirty_label:site,SITE-001 -> Nairobi term
TEL-003233,telemetry,dirty_label:site,SITE-007 -> KISUMU
TEL-003236,telemetry,dirty_label:site,SITE-004 -> NAKURU
TEL-003239,telemetry,sensor_dropout,temperature_celsius set to null
TEL-003248,telemetry,dirty_label:site,SITE-001 -> NRB Terminal
TEL-003258,telemetry,dirty_label:site,SITE-006 -> Sinendet  Pump Station
TEL-003262,telemetry,sensor_dropout,temperature_celsius set to null
TEL-003263,telemetry,sensor_dropout,temperature_celsius set to null
TEL-003264,telemetry,dirty_label:site,SITE-007 -> kisumu terminal
TEL-003276,telemetry,dirty_label:site,SITE-001 -> NAIROBI
TEL-003291,telemetry,sensor_dropout,pressure_psi set to null
TEL-003293,telemetry,sensor_dropout,temperature_celsius set to null
TEL-003294,telemetry,dirty_label:site,SITE-007 -> Kisumu term
TEL-003310,telemetry,dirty_label:site,SITE-002 -> MSA Terminal
TEL-003312,telemetry,dirty_label:site,SITE-001 -> Nairobi term
TEL-003314,telemetry,dirty_label:site,SITE-003 -> makueni pipeline
TEL-003317,telemetry,sensor_dropout,flow_rate_bph set to null
TEL-003330,telemetry,dirty_label:site,SITE-004 -> Nakuru dep
TEL-003343,telemetry,dirty_label:site,SITE-003 -> makueni section
TEL-003346,telemetry,dirty_label:site,SITE-004 -> NKR Depot
TEL-003349,telemetry,dirty_label:site,SITE-003 -> Makueni PS
TEL-003375,telemetry,dirty_label:site,SITE-001 -> Nairobi  Terminal
TEL-003378,telemetry,dirty_label:site,SITE-002 -> mombasa terminal
TEL-003390,telemetry,dirty_label:site,SITE-005 -> ELDORET
TEL-003402,telemetry,dirty_label:site,SITE-005 -> ELD Terminal
TEL-003404,telemetry,dirty_label:site,SITE-006 -> Sinendet  Pump Station
TEL-003405,telemetry,dirty_label:site,SITE-007 -> KSM Terminal
TEL-003424,telemetry,dirty_label:site,SITE-006 -> sinendet pump station
TEL-003427,telemetry,dirty_label:site,SITE-001 -> Nairobi term
TEL-003430,telemetry,dirty_label:site,SITE-002 -> MSA Terminal
TEL-003431,telemetry,dirty_label:site,SITE-001 -> nairobi terminal
TEL-003433,telemetry,dirty_label:site,SITE-005 -> ELD Terminal
TEL-003448,telemetry,dirty_label:site,SITE-006 -> sinendet pump
TEL-003450,telemetry,dirty_label:site,SITE-005 -> ELD Terminal
TEL-003456,telemetry,sensor_dropout,flow_rate_bph set to null
TEL-003459,telemetry,dirty_label:site,SITE-001 -> Nairobi  Terminal
TEL-003461,telemetry,dirty_label:site,SITE-007 -> KISUMU
TEL-003463,telemetry,sensor_dropout,flow_rate_bph set to null
TEL-003466,telemetry,dirty_label:site,SITE-005 -> ELD Terminal
TEL-003468,telemetry,dirty_label:site,SITE-003 -> Makueni PS
TEL-003475,telemetry,dirty_label:site,SITE-007 -> Kisumu term
TEL-003476,telemetry,dirty_label:site,SITE-004 -> nakuru depot
TEL-003490,telemetry,dirty_label:site,SITE-003 -> Makueni PS
TEL-003491,telemetry,dirty_label:site,SITE-005 -> Eldoret term
TEL-003494,telemetry,dirty_label:site,SITE-001 -> NAIROBI
TEL-003500,telemetry,sensor_dropout,flow_rate_bph set to null
TEL-003503,telemetry,dirty_label:site,SITE-006 -> SINENDET
TEL-003510,telemetry,dirty_label:site,SITE-005 -> eldoret terminal
TEL-003518,telemetry,dirty_label:site,SITE-005 -> Eldoret term
TEL-003531,telemetry,dirty_label:site,SITE-002 -> MSA Terminal
TEL-003539,telemetry,dirty_label:site,SITE-003 -> Kibwezi
TEL-003542,telemetry,dirty_label:site,SITE-004 -> nakuru depot
TEL-003547,telemetry,dirty_label:site,SITE-006 -> sinendet pump
TEL-003549,telemetry,dirty_label:site,SITE-004 -> Nakuru dep
TEL-003560,telemetry,sensor_dropout,pressure_psi set to null
TEL-003567,telemetry,dirty_label:site,SITE-005 -> eldoret terminal
TEL-003579,telemetry,dirty_label:site,SITE-003 -> Makueni PS
TEL-003586,telemetry,dirty_label:site,SITE-007 -> Kisumu term
TEL-003598,telemetry,dirty_label:site,SITE-007 -> kisumu terminal
TEL-003599,telemetry,sensor_dropout,pressure_psi set to null
TEL-003601,telemetry,dirty_label:site,SITE-005 -> ELDORET
TEL-003602,telemetry,dirty_label:site,SITE-007 -> kisumu terminal
TEL-003611,telemetry,dirty_label:site,SITE-006 -> Sinendet PS
TEL-003616,telemetry,dirty_label:site,SITE-006 -> SINENDET
TEL-003617,telemetry,sensor_dropout,flow_rate_bph set to null
TEL-003618,telemetry,dirty_label:site,SITE-001 -> NRB Terminal
TEL-003625,telemetry,dirty_label:site,SITE-006 -> Sinendet PS
TEL-003628,telemetry,dirty_label:site,SITE-003 -> makueni pipeline
TEL-003639,telemetry,dirty_label:site,SITE-007 -> KSM Terminal
TEL-003644,telemetry,dirty_label:site,SITE-004 -> NAKURU
TEL-003648,telemetry,dirty_label:site,SITE-004 -> NAKURU
TEL-003659,telemetry,dirty_label:site,SITE-003 -> Makueni PS
TEL-003660,telemetry,sensor_dropout,flow_rate_bph set to null
TEL-003674,telemetry,dirty_label:site,SITE-007 -> Kisumu  Terminal
TEL-003678,telemetry,dirty_label:site,SITE-004 -> NAKURU
TEL-003692,telemetry,dirty_label:site,SITE-002 -> mombasa terminal
TEL-003693,telemetry,dirty_label:site,SITE-006 -> Sinendet PS
TEL-003708,telemetry,dirty_label:site,SITE-003 -> Kibwezi
TEL-003709,telemetry,dirty_label:site,SITE-002 -> MSA Terminal
TEL-003709,telemetry,sensor_dropout,flow_rate_bph set to null
TEL-003710,telemetry,dirty_label:site,SITE-001 -> NAIROBI
TEL-003712,telemetry,dirty_label:site,SITE-006 -> Sinendet  Pump Station
TEL-003716,telemetry,dirty_label:site,SITE-004 -> Nakuru  Depot
TEL-003723,telemetry,dirty_label:site,SITE-005 -> ELDORET
TEL-003725,telemetry,dirty_label:site,SITE-004 -> NAKURU
TEL-003728,telemetry,dirty_label:site,SITE-002 -> MSA Terminal
TEL-003733,telemetry,dirty_label:site,SITE-001 -> NRB Terminal
TEL-003738,telemetry,dirty_label:site,SITE-002 -> MOMBASA
TEL-003749,telemetry,dirty_label:site,SITE-007 -> KISUMU
TEL-003756,telemetry,dirty_label:site,SITE-005 -> Eldoret term
TEL-003763,telemetry,dirty_label:site,SITE-005 -> Eldoret term
TEL-003765,telemetry,dirty_label:site,SITE-002 -> Mombasa term
TEL-003769,telemetry,dirty_label:site,SITE-002 -> Kipevu terminal
TEL-003776,telemetry,dirty_label:site,SITE-004 -> Nakuru  Depot
TEL-003784,telemetry,dirty_label:site,SITE-006 -> sinendet pump station
TEL-003789,telemetry,dirty_label:site,SITE-004 -> NKR Depot
TEL-003793,telemetry,dirty_label:site,SITE-004 -> nakuru depot
TEL-003799,telemetry,dirty_label:site,SITE-005 -> ELDORET
TEL-003811,telemetry,dirty_label:site,SITE-002 -> mombasa terminal
TEL-003824,telemetry,dirty_label:site,SITE-007 -> KSM Terminal
TEL-003831,telemetry,dirty_label:site,SITE-006 -> sinendet pump station
TEL-003833,telemetry,dirty_label:site,SITE-002 -> MSA Terminal
TEL-003845,telemetry,dirty_label:site,SITE-007 -> KISUMU
TEL-003856,telemetry,sensor_dropout,flow_rate_bph set to null
TEL-003858,telemetry,dirty_label:site,SITE-002 -> mombasa terminal
TEL-003861,telemetry,dirty_label:site,SITE-003 -> MAKUENI
TEL-003875,telemetry,dirty_label:site,SITE-004 -> NKR Depot
TEL-003883,telemetry,dirty_label:site,SITE-005 -> Eldoret  Terminal
TEL-003895,telemetry,dirty_label:site,SITE-002 -> Mombasa  Terminal
TEL-003903,telemetry,dirty_label:site,SITE-002 -> Mombasa term
TEL-003908,telemetry,dirty_label:site,SITE-004 -> Nakuru dep
TEL-003912,telemetry,sensor_dropout,temperature_celsius set to null
TEL-003935,telemetry,sensor_dropout,flow_rate_bph set to null
TEL-003945,telemetry,dirty_label:site,SITE-004 -> nakuru depot
TEL-003947,telemetry,dirty_label:site,SITE-003 -> MAKUENI
TEL-003955,telemetry,dirty_label:site,SITE-006 -> Sinendet PS
TEL-003958,telemetry,dirty_label:site,SITE-002 -> mombasa terminal
TEL-003962,telemetry,dirty_label:site,SITE-003 -> Kibwezi
TEL-003964,telemetry,dirty_label:site,SITE-002 -> mombasa terminal
TEL-003964,telemetry,sensor_dropout,flow_rate_bph set to null
TEL-003992,telemetry,sensor_dropout,temperature_celsius set to null
TEL-003997,telemetry,dirty_label:site,SITE-002 -> mombasa terminal
TEL-004014,telemetry,sensor_dropout,temperature_celsius set to null
TEL-004016,telemetry,dirty_label:site,SITE-006 -> SINENDET
TEL-004017,telemetry,dirty_label:site,SITE-002 -> MOMBASA
TEL-004029,telemetry,dirty_label:site,SITE-003 -> Kibwezi
TEL-004031,telemetry,dirty_label:site,SITE-005 -> ELD Terminal
TEL-004038,telemetry,sensor_dropout,temperature_celsius set to null
TEL-004041,telemetry,dirty_label:site,SITE-003 -> makueni pipeline
TEL-004044,telemetry,sensor_dropout,temperature_celsius set to null
TEL-004050,telemetry,dirty_label:site,SITE-006 -> Sinendet PS
TEL-004052,telemetry,dirty_label:site,SITE-007 -> kisumu terminal
TEL-004055,telemetry,dirty_label:site,SITE-007 -> kisumu terminal
TEL-004058,telemetry,dirty_label:site,SITE-003 -> makueni section
TEL-004064,telemetry,dirty_label:site,SITE-006 -> Sinendet PS
TEL-004068,telemetry,dirty_label:site,SITE-001 -> Nairobi  Terminal
TEL-004079,telemetry,dirty_label:site,SITE-005 -> Eldoret term
TEL-004083,telemetry,dirty_label:site,SITE-002 -> Mombasa  Terminal
TEL-004091,telemetry,dirty_label:site,SITE-007 -> kisumu terminal
TEL-004093,telemetry,dirty_label:site,SITE-002 -> MSA Terminal
TEL-004105,telemetry,sensor_dropout,flow_rate_bph set to null
TEL-004114,telemetry,dirty_label:site,SITE-005 -> Eldoret  Terminal
TEL-004131,telemetry,sensor_dropout,temperature_celsius set to null
TEL-004136,telemetry,dirty_label:site,SITE-007 -> KSM Terminal
TEL-004137,telemetry,dirty_label:site,SITE-001 -> nairobi terminal
TEL-004140,telemetry,sensor_dropout,temperature_celsius set to null
TEL-004144,telemetry,dirty_label:site,SITE-007 -> Kisumu term
TEL-004156,telemetry,sensor_dropout,pressure_psi set to null
TEL-004169,telemetry,dirty_label:site,SITE-006 -> sinendet pump
TEL-004177,telemetry,sensor_dropout,pressure_psi set to null
TEL-004184,telemetry,dirty_label:site,SITE-007 -> Kisumu term
TEL-004186,telemetry,sensor_dropout,pressure_psi set to null
TEL-004187,telemetry,dirty_label:site,SITE-004 -> NAKURU
TEL-004192,telemetry,dirty_label:site,SITE-002 -> Mombasa  Terminal
TEL-004196,telemetry,dirty_label:site,SITE-007 -> Kisumu  Terminal
TEL-004197,telemetry,dirty_label:site,SITE-005 -> ELDORET
TEL-004203,telemetry,dirty_label:site,SITE-004 -> NAKURU
TEL-004205,telemetry,dirty_label:site,SITE-005 -> ELDORET
TEL-004206,telemetry,dirty_label:site,SITE-003 -> Kibwezi
TEL-004206,telemetry,sensor_dropout,flow_rate_bph set to null
TEL-004209,telemetry,dirty_label:site,SITE-003 -> MAKUENI
TEL-004219,telemetry,dirty_label:site,SITE-005 -> ELDORET
TEL-004220,telemetry,dirty_label:site,SITE-005 -> ELD Terminal
TEL-004223,telemetry,dirty_label:site,SITE-006 -> sinendet pump
TEL-004231,telemetry,dirty_label:site,SITE-004 -> NAKURU
TEL-004241,telemetry,dirty_label:site,SITE-005 -> Eldoret term
TEL-004244,telemetry,dirty_label:site,SITE-007 -> kisumu terminal
TEL-004248,telemetry,dirty_label:site,SITE-006 -> SINENDET
TEL-004249,telemetry,sensor_dropout,pressure_psi set to null
TEL-004253,telemetry,sensor_dropout,temperature_celsius set to null
TEL-004259,telemetry,dirty_label:site,SITE-004 -> NAKURU
TEL-004262,telemetry,dirty_label:site,SITE-003 -> Makueni PS
TEL-004264,telemetry,dirty_label:site,SITE-002 -> MOMBASA
TEL-004277,telemetry,dirty_label:site,SITE-007 -> Kisumu term
TEL-004284,telemetry,dirty_label:site,SITE-006 -> SINENDET
TEL-004297,telemetry,dirty_label:site,SITE-001 -> nairobi terminal
TEL-004301,telemetry,dirty_label:site,SITE-004 -> Nakuru dep
TEL-004307,telemetry,dirty_label:site,SITE-006 -> Sinendet PS
TEL-004308,telemetry,dirty_label:site,SITE-003 -> makueni section
TEL-004314,telemetry,dirty_label:site,SITE-003 -> Makueni PS
TEL-004315,telemetry,sensor_dropout,temperature_celsius set to null
TEL-004317,telemetry,dirty_label:site,SITE-003 -> Makueni PS
TEL-004320,telemetry,dirty_label:site,SITE-005 -> ELDORET
TEL-004324,telemetry,dirty_label:site,SITE-002 -> Kipevu terminal
TEL-004331,telemetry,dirty_label:site,SITE-004 -> Nakuru dep
TEL-004341,telemetry,dirty_label:site,SITE-005 -> eldoret terminal
TEL-004343,telemetry,sensor_dropout,flow_rate_bph set to null
TEL-004353,telemetry,sensor_dropout,flow_rate_bph set to null
TEL-004355,telemetry,dirty_label:site,SITE-006 -> Sinendet  Pump Station
TEL-004357,telemetry,dirty_label:site,SITE-001 -> Nairobi term
TEL-004363,telemetry,dirty_label:site,SITE-007 -> KISUMU
TEL-004369,telemetry,dirty_label:site,SITE-001 -> NAIROBI
TEL-004385,telemetry,dirty_label:site,SITE-004 -> NAKURU
TEL-004393,telemetry,dirty_label:site,SITE-002 -> mombasa terminal
TEL-004400,telemetry,sensor_dropout,pressure_psi set to null
TEL-004411,telemetry,dirty_label:site,SITE-001 -> NRB Terminal
TEL-004412,telemetry,sensor_dropout,pressure_psi set to null
TEL-004417,telemetry,dirty_label:site,SITE-007 -> KISUMU
TEL-004419,telemetry,dirty_label:site,SITE-003 -> Thange section
TEL-004427,telemetry,dirty_label:site,SITE-002 -> Kipevu terminal
TEL-004428,telemetry,dirty_label:site,SITE-004 -> Nakuru dep
TEL-004432,telemetry,dirty_label:site,SITE-003 -> MAKUENI
TEL-004440,telemetry,dirty_label:site,SITE-004 -> Nakuru  Depot
TEL-004441,telemetry,dirty_label:site,SITE-002 -> MSA Terminal
TEL-004445,telemetry,dirty_label:site,SITE-001 -> Nairobi  Terminal
TEL-004454,telemetry,sensor_dropout,flow_rate_bph set to null
TEL-004461,telemetry,dirty_label:site,SITE-002 -> Mombasa  Terminal
TEL-004463,telemetry,dirty_label:site,SITE-006 -> SINENDET
TEL-004473,telemetry,dirty_label:site,SITE-002 -> MOMBASA
TEL-004476,telemetry,sensor_dropout,flow_rate_bph set to null
TEL-004477,telemetry,dirty_label:site,SITE-003 -> Thange section
TEL-004485,telemetry,dirty_label:site,SITE-003 -> MAKUENI
TEL-004494,telemetry,dirty_label:site,SITE-003 -> Kibwezi
TEL-004499,telemetry,dirty_label:site,SITE-003 -> MAKUENI
TEL-004503,telemetry,dirty_label:site,SITE-007 -> KISUMU
TEL-004510,telemetry,dirty_label:site,SITE-006 -> Sinendet  Pump Station
TEL-004512,telemetry,dirty_label:site,SITE-001 -> NRB Terminal
TEL-004529,telemetry,dirty_label:site,SITE-002 -> MSA Terminal
TEL-004535,telemetry,dirty_label:site,SITE-001 -> NAIROBI
TEL-004540,telemetry,dirty_label:site,SITE-007 -> Kisumu  Terminal
TEL-004552,telemetry,dirty_label:site,SITE-007 -> KISUMU
TEL-004553,telemetry,dirty_label:site,SITE-003 -> makueni pipeline
TEL-004569,telemetry,dirty_label:site,SITE-003 -> Makueni PS
TEL-004576,telemetry,sensor_dropout,flow_rate_bph set to null
TEL-004578,telemetry,dirty_label:site,SITE-005 -> ELDORET
TEL-004580,telemetry,dirty_label:site,SITE-003 -> Thange section
TEL-004585,telemetry,dirty_label:site,SITE-005 -> Eldoret term
TEL-004590,telemetry,dirty_label:site,SITE-005 -> Eldoret  Terminal
TEL-004598,telemetry,dirty_label:site,SITE-003 -> makueni pipeline
TEL-004632,telemetry,dirty_label:site,SITE-007 -> Kisumu  Terminal
TEL-004634,telemetry,dirty_label:site,SITE-002 -> mombasa terminal
TEL-004659,telemetry,dirty_label:site,SITE-005 -> ELD Terminal
TEL-004663,telemetry,sensor_dropout,temperature_celsius set to null
TEL-004664,telemetry,dirty_label:site,SITE-007 -> Kisumu term
TEL-004679,telemetry,sensor_dropout,temperature_celsius set to null
TEL-004687,telemetry,dirty_label:site,SITE-003 -> Thange section
TEL-004699,telemetry,dirty_label:site,SITE-002 -> MSA Terminal
TEL-004703,telemetry,dirty_label:site,SITE-006 -> SINENDET
TEL-004705,telemetry,sensor_dropout,temperature_celsius set to null
TEL-004706,telemetry,dirty_label:site,SITE-007 -> KISUMU
TEL-004711,telemetry,sensor_dropout,flow_rate_bph set to null
TEL-004716,telemetry,dirty_label:site,SITE-003 -> makueni section
TEL-004720,telemetry,dirty_label:site,SITE-007 -> kisumu terminal
TEL-004721,telemetry,dirty_label:site,SITE-006 -> Sinendet PS
TEL-004731,telemetry,dirty_label:site,SITE-002 -> mombasa terminal
TEL-004744,telemetry,dirty_label:site,SITE-004 -> Nakuru  Depot
TEL-004746,telemetry,dirty_label:site,SITE-004 -> Nakuru dep
TEL-004748,telemetry,dirty_label:site,SITE-003 -> Makueni PS
TEL-004752,telemetry,dirty_label:site,SITE-003 -> MAKUENI
TEL-004753,telemetry,dirty_label:site,SITE-006 -> Sinendet PS
TEL-004759,telemetry,dirty_label:site,SITE-002 -> Mombasa  Terminal
TEL-004761,telemetry,dirty_label:site,SITE-003 -> Thange section
TEL-004767,telemetry,dirty_label:site,SITE-002 -> Mombasa  Terminal
TEL-004768,telemetry,dirty_label:site,SITE-002 -> Mombasa term
TEL-004771,telemetry,dirty_label:site,SITE-007 -> Kisumu term
TEL-004772,telemetry,dirty_label:site,SITE-001 -> nairobi terminal
TEL-004784,telemetry,dirty_label:site,SITE-003 -> makueni pipeline
TEL-004787,telemetry,dirty_label:site,SITE-004 -> NAKURU
TEL-004801,telemetry,dirty_label:site,SITE-004 -> nakuru depot
TEL-004802,telemetry,dirty_label:site,SITE-005 -> eldoret terminal
TEL-004803,telemetry,sensor_dropout,pressure_psi set to null
TEL-004810,telemetry,dirty_label:site,SITE-001 -> Nairobi term
TEL-004815,telemetry,dirty_label:site,SITE-007 -> Kisumu term
TEL-004819,telemetry,dirty_label:site,SITE-006 -> sinendet pump
TEL-004837,telemetry,dirty_label:site,SITE-006 -> Sinendet PS
TEL-004840,telemetry,dirty_label:site,SITE-004 -> NKR Depot
TEL-004846,telemetry,sensor_dropout,temperature_celsius set to null
TEL-004850,telemetry,dirty_label:site,SITE-002 -> Mombasa term
TEL-004854,telemetry,dirty_label:site,SITE-001 -> nairobi terminal
TEL-004866,telemetry,dirty_label:site,SITE-007 -> KISUMU
TEL-004877,telemetry,sensor_dropout,flow_rate_bph set to null
TEL-004886,telemetry,dirty_label:site,SITE-007 -> KSM Terminal
TEL-004908,telemetry,dirty_label:site,SITE-004 -> Nakuru dep
TEL-004918,telemetry,sensor_dropout,temperature_celsius set to null
TEL-004920,telemetry,dirty_label:site,SITE-004 -> NAKURU
TEL-004923,telemetry,dirty_label:site,SITE-007 -> KSM Terminal
TEL-004924,telemetry,dirty_label:site,SITE-007 -> KSM Terminal
TEL-004939,telemetry,dirty_label:site,SITE-005 -> ELD Terminal
TEL-004948,telemetry,sensor_dropout,flow_rate_bph set to null
TEL-004953,telemetry,dirty_label:site,SITE-006 -> sinendet pump station
TEL-004959,telemetry,dirty_label:site,SITE-001 -> Nairobi  Terminal
TEL-004965,telemetry,dirty_label:site,SITE-005 -> Eldoret term
TEL-004978,telemetry,dirty_label:site,SITE-005 -> Eldoret term
TEL-004982,telemetry,dirty_label:site,SITE-002 -> MOMBASA
TEL-001806,telemetry,duplicate_id,
TEL-002154,telemetry,duplicate_id,
TEL-000676,telemetry,duplicate_id,
TEL-001606,telemetry,duplicate_id,
TEL-001800,telemetry,duplicate_id,
TEL-003114,telemetry,duplicate_id,
TEL-001245,telemetry,duplicate_id,
TEL-002353,telemetry,duplicate_id,
TEL-001539,telemetry,duplicate_id,
TEL-001612,telemetry,duplicate_id,
TEL-002788,telemetry,duplicate_id,
TEL-003135,telemetry,duplicate_id,
TEL-003183,telemetry,duplicate_id,
TEL-004024,telemetry,duplicate_id,
TEL-003824,telemetry,duplicate_id,
TEL-000703,telemetry,duplicate_id,
TEL-003128,telemetry,duplicate_id,
TEL-003565,telemetry,duplicate_id,
TEL-001040,telemetry,duplicate_id,
TEL-002753,telemetry,duplicate_id,
TEL-003166,telemetry,duplicate_id,
TEL-004888,telemetry,duplicate_id,
TEL-004713,telemetry,duplicate_id,
TEL-000753,telemetry,duplicate_id,
TEL-001955,telemetry,duplicate_id,
TEL-000731,telemetry,duplicate_id,
TEL-001846,telemetry,duplicate_id,
TEL-004828,telemetry,duplicate_id,
TEL-001935,telemetry,duplicate_id,
TEL-000231,telemetry,duplicate_id,
TEL-002471,telemetry,duplicate_id,
TEL-003412,telemetry,duplicate_id,
TEL-004068,telemetry,duplicate_id,
TEL-004832,telemetry,duplicate_id,
TEL-001274,telemetry,duplicate_id,
TEL-004946,telemetry,duplicate_id,
TEL-001787,telemetry,duplicate_id,
TEL-004721,telemetry,duplicate_id,
TEL-001271,telemetry,duplicate_id,
TEL-001653,telemetry,duplicate_id,
TEL-004646,telemetry,duplicate_id,
TEL-004908,telemetry,duplicate_id,
TEL-003409,telemetry,duplicate_id,
TEL-002231,telemetry,duplicate_id,
TEL-004133,telemetry,duplicate_id,
TEL-003271,telemetry,duplicate_id,
TEL-000718,telemetry,duplicate_id,
TEL-001311,telemetry,duplicate_id,
TEL-001476,telemetry,duplicate_id,
TEL-000198,telemetry,duplicate_id,
