reading_id,timestamp,site,pipeline_section,pressure_psi,flow_rate_bph,temperature_celsius,valve_status,sensor_id
TEL-003864,2026-07-01T04:47:31,SITE-006,Section F — Kisumu Terminal Link,397.9,2194.6,28.9,Partially Open,SNS-011
TEL-003881,2026-07-01T11:34:42,SITE-003,Section F — Kisumu Terminal Link,391.1,2779.6,36.8,Open,SNS-009
TEL-004225,2026-07-08T07:52:27,SITE-001,Section A — Mombasa-Nairobi Main,315.9,2618.2,32.0,Closed,SNS-002
TEL-002273,2026-06-02T06:37:41,makueni section,Section D — Sinendet Lateral,286.1,2396.4,26.5,Open,SNS-008
TEL-002813,2026-06-12T01:43:26,SITE-004,Section A — Mombasa-Nairobi Main,481.1,,25.5,Partially Open,SNS-014
TEL-004202,2026-07-07T21:49:10,SITE-005,Section E — Makueni Branch,527.4,3407.9,33.6,Closed,SNS-009
TEL-002760,2026-06-11T07:04:21,SITE-004,Section B — Nairobi-Nakuru Spur,356.8,3481.5,25.0,Closed,SNS-001
TEL-000615,2026-05-03T15:28:01,SITE-006,Section F — Kisumu Terminal Link,292.1,3694.4,19.5,Partially Open,SNS-009
TEL-003247,2026-06-19T16:53:13,SITE-006,Section E — Makueni Branch,380.6,2454.2,20.7,Open,SNS-011
TEL-004419,2026-07-11T19:47:32,SITE-007,Section B — Nairobi-Nakuru Spur,,3702.7,26.9,Open,SNS-006
TEL-004463,2026-07-12T10:44:44,SITE-005,Section B — Nairobi-Nakuru Spur,503.6,2365.7,23.6,Open,SNS-005
TEL-000877,2026-05-08T08:35:45,SITE-001,Section E — Makueni Branch,403.1,2949.2,38.4,Open,SNS-002
TEL-003579,2026-06-25T17:09:41,SITE-003,Section C — Nakuru-Eldoret Extension,431.9,2108.3,24.7,Open,SNS-003
TEL-002076,2026-05-29T19:06:42,SITE-003,Section D — Sinendet Lateral,351.7,3959.5,39.5,Open,SNS-006
TEL-003190,2026-06-18T14:34:52,SITE-005,Section C — Nakuru-Eldoret Extension,519.2,3417.7,26.6,Partially Open,SNS-014
TEL-004579,2026-07-14T08:55:13,SITE-005,Section A — Mombasa-Nairobi Main,506.1,2740.4,26.3,Open,SNS-011
TEL-001132,2026-05-13T04:49:12,SITE-001,Section B — Nairobi-Nakuru Spur,363.5,1720.5,21.7,Closed,SNS-009
TEL-004148,2026-07-06T19:51:56,SITE-004,Section D — Sinendet Lateral,523.1,2867.0,35.8,Open,SNS-001
TEL-000302,2026-04-28T09:02:40,SITE-006,Section D — Sinendet Lateral,252.9,2370.5,37.7,Open,SNS-007
TEL-000307,2026-04-28T10:47:02,SITE-006,Section B — Nairobi-Nakuru Spur,351.1,3362.5,29.0,Open,SNS-014
TEL-004797,2026-07-17T17:34:42,SITE-006,Section B — Nairobi-Nakuru Spur,378.5,4113.5,28.0,Open,SNS-013
TEL-004576,2026-07-14T07:34:35,SITE-007,Section C — Nakuru-Eldoret Extension,313.8,2564.9,29.3,Open,SNS-013
TEL-003133,2026-06-17T17:00:36,SITE-007,Section A — Mombasa-Nairobi Main,427.5,3287.0,26.5,Open,SNS-012
TEL-003623,2026-06-26T13:38:04,SITE-001,Section D — Sinendet Lateral,371.8,2787.5,32.4,Open,SNS-007
TEL-001193,2026-05-14T07:17:35,SITE-001,Section A — Mombasa-Nairobi Main,422.1,2456.3,31.7,Closed,SNS-007
TEL-000145,2026-04-25T09:02:30,SITE-002,Section F — Kisumu Terminal Link,309.7,3312.0,43.0,Closed,SNS-006
TEL-000291,2026-04-28T04:28:08,SITE-004,Section C — Nakuru-Eldoret Extension,352.5,4159.9,34.2,Open,SNS-001
TEL-002659,2026-06-09T14:12:37,SITE-004,Section F — Kisumu Terminal Link,278.9,4689.5,35.9,Closed,SNS-007
TEL-003117,2026-06-17T11:30:54,SITE-003,Section A — Mombasa-Nairobi Main,429.2,,25.0,Open,SNS-012
TEL-003995,2026-07-03T23:37:05,SITE-002,Section D — Sinendet Lateral,410.6,2649.9,36.5,Open,SNS-004
TEL-003958,2026-07-03T02:29:49,SITE-005,Section C — Nakuru-Eldoret Extension,387.1,2008.2,15.0,Open,SNS-009
TEL-000762,2026-05-06T08:02:02,SITE-001,Section F — Kisumu Terminal Link,227.6,1744.8,28.3,Open,SNS-007
TEL-004322,2026-07-09T19:05:59,SITE-001,Section B — Nairobi-Nakuru Spur,366.2,3351.6,18.8,Closed,SNS-008
TEL-003853,2026-06-30T22:23:57,SITE-004,Section C — Nakuru-Eldoret Extension,463.5,3943.0,36.2,Closed,SNS-012
TEL-004184,2026-07-07T14:25:49,SITE-003,Section A — Mombasa-Nairobi Main,421.9,3094.2,20.5,Open,SNS-008
TEL-004878,2026-07-19T09:54:53,SITE-004,Section D — Sinendet Lateral,340.6,2989.1,,Open,SNS-014
TEL-002698,2026-06-10T08:55:38,SITE-007,Section C — Nakuru-Eldoret Extension,301.6,3941.0,33.5,Open,SNS-004
TEL-001060,2026-05-11T18:22:02,Kisumu term,Section A — Mombasa-Nairobi Main,402.9,1840.3,39.9,Open,SNS-011
TEL-002742,2026-06-11T00:13:05,SITE-004,Section B — Nairobi-Nakuru Spur,400.7,2395.3,35.5,Open,SNS-013
TEL-001213,2026-05-14T16:27:42,MSA Terminal,Section F — Kisumu Terminal Link,422.2,3289.4,20.6,Open,SNS-008
TEL-001882,2026-05-26T02:48:01,NAKURU,Section F — Kisumu Terminal Link,424.7,3755.7,24.4,Closed,SNS-009
TEL-003858,2026-07-01T00:35:40,SITE-006,Section F — Kisumu Terminal Link,576.6,1772.3,30.1,Partially Open,SNS-011
TEL-002484,2026-06-06T09:50:21,SITE-004,Section F — Kisumu Terminal Link,494.7,3784.3,31.5,Partially Open,SNS-001
TEL-000814,2026-05-07T07:11:31,SITE-005,Section F — Kisumu Terminal Link,422.2,2927.9,32.9,Open,SNS-012
TEL-003137,2026-06-17T17:36:26,SITE-004,Section B — Nairobi-Nakuru Spur,308.9,1920.2,24.0,Closed,SNS-014
TEL-004836,2026-07-18T12:31:32,SITE-002,Section E — Makueni Branch,383.6,3747.0,30.8,Open,SNS-003
TEL-002562,2026-06-07T18:22:45,sinendet pump,Section F — Kisumu Terminal Link,353.2,2068.8,31.8,Open,SNS-014
TEL-001382,2026-05-17T09:00:57,SITE-004,Section D — Sinendet Lateral,573.1,,33.4,Open,SNS-010
TEL-000284,2026-04-28T01:10:17,SITE-003,Section D — Sinendet Lateral,405.4,2924.9,41.8,Open,SNS-001
TEL-003893,2026-07-01T18:03:04,SITE-001,Section A — Mombasa-Nairobi Main,453.3,4596.3,41.1,Closed,SNS-002
TEL-002946,2026-06-14T05:24:22,SITE-001,Section A — Mombasa-Nairobi Main,335.7,3829.0,27.7,Closed,SNS-012
TEL-003982,2026-07-03T15:41:04,SITE-001,Section F — Kisumu Terminal Link,409.6,2443.3,31.4,Open,SNS-002
TEL-002848,2026-06-12T14:14:57,SITE-003,Section C — Nakuru-Eldoret Extension,450.7,2982.7,26.4,Open,SNS-011
TEL-000039,2026-04-23T16:21:19,SITE-005,Section E — Makueni Branch,374.1,2659.9,33.4,Open,SNS-001
TEL-001654,2026-05-22T04:10:53,NKR Depot,Section A — Mombasa-Nairobi Main,429.6,3685.1,30.4,Open,SNS-002
TEL-000485,2026-05-01T10:38:17,NAIROBI,Section A — Mombasa-Nairobi Main,379.0,2450.9,26.8,Partially Open,SNS-008
TEL-001645,2026-05-22T01:25:05,SITE-006,Section C — Nakuru-Eldoret Extension,348.3,3644.5,30.4,Open,SNS-007
TEL-003089,2026-06-17T01:07:09,ELD Terminal,Section E — Makueni Branch,419.2,3384.2,29.6,Open,SNS-005
TEL-000384,2026-04-29T14:28:18,Kisumu term,Section B — Nairobi-Nakuru Spur,226.3,2270.3,31.0,Partially Open,SNS-014
TEL-000855,2026-05-07T22:13:40,SITE-003,Section B — Nairobi-Nakuru Spur,408.1,2273.0,21.3,Partially Open,SNS-010
TEL-003792,2026-06-29T14:41:16,Mombasa term,Section D — Sinendet Lateral,511.3,3576.0,30.2,Open,SNS-001
TEL-003755,2026-06-28T23:42:15,SITE-003,Section D — Sinendet Lateral,366.7,2887.9,,Closed,SNS-012
TEL-001397,2026-05-17T14:11:51,SITE-006,Section C — Nakuru-Eldoret Extension,267.5,3665.3,32.8,Partially Open,SNS-001
TEL-001597,2026-05-21T04:38:23,SITE-006,Section B — Nairobi-Nakuru Spur,490.4,4069.8,33.6,Closed,SNS-010
TEL-001589,2026-05-20T23:43:31,SITE-004,Section F — Kisumu Terminal Link,422.5,2526.4,32.3,Open,SNS-006
TEL-003596,2026-06-25T23:13:12,SITE-006,Section A — Mombasa-Nairobi Main,347.8,2839.4,32.3,Open,SNS-002
TEL-002862,2026-06-12T20:47:36,SITE-004,Section B — Nairobi-Nakuru Spur,531.3,3441.6,23.8,Partially Open,SNS-013
TEL-002432,2026-06-05T07:16:32,Thange section,Section C — Nakuru-Eldoret Extension,437.1,2443.6,28.3,Partially Open,SNS-004
TEL-001189,2026-05-14T03:57:10,SITE-007,Section F — Kisumu Terminal Link,527.8,3242.7,33.0,Partially Open,SNS-006
TEL-000924,2026-05-09T06:38:58,kisumu terminal,Section B — Nairobi-Nakuru Spur,334.9,3843.2,26.1,Closed,SNS-009
TEL-001796,2026-05-24T11:12:02,SITE-005,Section E — Makueni Branch,466.2,3041.1,31.7,Closed,SNS-007
TEL-004286,2026-07-09T05:37:39,sinendet pump,Section E — Makueni Branch,395.7,3433.4,32.4,Partially Open,SNS-006
TEL-002895,2026-06-13T07:52:50,SITE-005,Section D — Sinendet Lateral,424.9,2646.6,33.0,Closed,SNS-007
TEL-003282,2026-06-20T07:02:42,SITE-001,Section E — Makueni Branch,367.1,2422.5,35.6,Open,SNS-003
TEL-001627,2026-05-21T18:45:42,SITE-004,Section E — Makueni Branch,275.5,1823.1,24.9,Closed,SNS-001
TEL-002193,2026-05-31T21:48:36,SITE-004,Section F — Kisumu Terminal Link,438.1,3691.3,33.6,Open,SNS-008
TEL-004956,2026-07-20T23:36:34,SITE-002,Section E — Makueni Branch,274.2,2399.1,38.2,Closed,SNS-010
TEL-000378,2026-04-29T13:00:59,SITE-003,Section A — Mombasa-Nairobi Main,200.0,2625.6,32.8,Open,SNS-011
TEL-003101,2026-06-17T06:25:54,SITE-005,Section F — Kisumu Terminal Link,322.9,2860.3,29.8,Open,SNS-012
TEL-002492,2026-06-06T14:32:55,SITE-006,Section F — Kisumu Terminal Link,329.7,2601.3,28.1,Partially Open,SNS-011
TEL-002606,2026-06-08T15:12:39,SITE-002,Section D — Sinendet Lateral,337.7,3690.2,31.3,Closed,SNS-003
TEL-000546,2026-05-02T14:42:42,SITE-003,Section B — Nairobi-Nakuru Spur,396.9,3566.6,27.6,Open,SNS-011
TEL-003199,2026-06-18T19:12:40,SITE-003,Section D — Sinendet Lateral,506.3,3232.0,30.4,Partially Open,SNS-005
TEL-004826,2026-07-18T06:32:55,SITE-006,Section A — Mombasa-Nairobi Main,571.2,3145.8,33.9,Open,SNS-008
TEL-001811,2026-05-24T19:18:08,SITE-003,Section A — Mombasa-Nairobi Main,420.0,1648.6,35.3,Closed,SNS-009
TEL-003913,2026-07-02T04:52:28,SITE-006,Section F — Kisumu Terminal Link,489.9,4656.6,24.0,Open,SNS-001
TEL-001352,2026-05-17T01:01:45,Mombasa  Terminal,Section B — Nairobi-Nakuru Spur,390.1,2699.3,27.7,Open,SNS-010
TEL-003564,2026-06-25T10:43:03,Kisumu  Terminal,Section A — Mombasa-Nairobi Main,299.6,3643.6,27.8,Open,SNS-002
TEL-002051,2026-05-29T09:48:11,SITE-006,Section C — Nakuru-Eldoret Extension,236.3,2033.8,24.6,Open,SNS-004
TEL-000563,2026-05-02T21:02:24,SITE-001,Section E — Makueni Branch,416.7,1843.9,33.2,Open,SNS-004
TEL-003945,2026-07-02T19:35:45,SITE-002,Section F — Kisumu Terminal Link,461.2,2908.3,37.9,Open,SNS-003
TEL-000335,2026-04-28T23:12:25,Kibwezi,Section B — Nairobi-Nakuru Spur,495.8,3788.0,32.7,Open,SNS-009
TEL-003509,2026-06-24T11:40:15,SITE-003,Section C — Nakuru-Eldoret Extension,236.5,3128.8,25.2,Closed,SNS-011
TEL-003791,2026-06-29T14:35:47,SITE-005,Section A — Mombasa-Nairobi Main,536.6,1993.2,24.6,Open,SNS-010
TEL-004441,2026-07-12T03:23:16,SITE-003,Section C — Nakuru-Eldoret Extension,442.6,2678.9,37.6,Open,SNS-005
TEL-001571,2026-05-20T15:45:28,SITE-004,Section B — Nairobi-Nakuru Spur,464.9,2557.5,30.3,Partially Open,SNS-010
TEL-004770,2026-07-17T06:20:00,MAKUENI,Section A — Mombasa-Nairobi Main,456.8,4066.6,39.8,Partially Open,SNS-001
TEL-000112,2026-04-24T20:24:25,SITE-006,Section E — Makueni Branch,331.4,3397.1,30.7,Open,SNS-002
TEL-000134,2026-04-25T04:44:15,sinendet pump station,Section C — Nakuru-Eldoret Extension,294.9,4370.5,21.9,Partially Open,SNS-008
TEL-002206,2026-06-01T02:17:44,SITE-003,Section C — Nakuru-Eldoret Extension,337.4,3411.3,31.1,Closed,SNS-010
TEL-002739,2026-06-11T00:03:14,SITE-005,Section A — Mombasa-Nairobi Main,512.3,1057.0,23.6,Closed,SNS-006
TEL-004010,2026-07-04T05:25:14,SITE-007,Section C — Nakuru-Eldoret Extension,292.9,3073.8,34.0,Open,SNS-007
TEL-001137,2026-05-13T09:27:13,SITE-004,Section E — Makueni Branch,389.8,1812.8,20.7,Closed,SNS-014
TEL-002356,2026-06-03T19:23:59,SITE-005,Section D — Sinendet Lateral,700,2756.6,33.7,Partially Open,SNS-002
TEL-002838,2026-06-12T09:05:10,SITE-004,Section B — Nairobi-Nakuru Spur,217.6,2603.4,33.6,Open,SNS-008
TEL-002569,2026-06-07T20:41:19,Nairobi  Terminal,Section E — Makueni Branch,406.2,4186.5,34.8,Open,SNS-013
TEL-002221,2026-06-01T07:20:12,SITE-006,Section A — Mombasa-Nairobi Main,454.8,3276.5,24.9,Partially Open,SNS-002
TEL-004824,2026-07-18T06:09:50,SITE-004,Section D — Sinendet Lateral,541.5,3358.5,20.0,Partially Open,SNS-014
TEL-003179,2026-06-18T10:38:24,SITE-007,Section C — Nakuru-Eldoret Extension,600.0,2340.4,30.6,Open,SNS-014
TEL-004108,2026-07-06T00:50:19,SITE-005,Section E — Makueni Branch,383.0,3085.5,34.2,Open,SNS-014
TEL-004260,2026-07-08T19:48:17,SITE-002,Section F — Kisumu Terminal Link,476.9,2767.7,28.8,Open,SNS-001
TEL-002535,2026-06-07T07:39:49,SITE-007,Section B — Nairobi-Nakuru Spur,446.8,3242.5,36.3,Closed,SNS-014
TEL-000102,2026-04-24T16:43:51,SITE-004,Section C — Nakuru-Eldoret Extension,332.8,3174.5,36.5,Open,SNS-007
TEL-004493,2026-07-12T23:33:28,SITE-002,Section F — Kisumu Terminal Link,432.4,3631.3,29.7,Partially Open,SNS-001
TEL-003495,2026-06-24T05:52:20,SITE-004,Section C — Nakuru-Eldoret Extension,357.1,2542.5,27.4,Closed,SNS-002
TEL-000394,2026-04-29T17:43:11,SITE-001,Section C — Nakuru-Eldoret Extension,330.5,3234.7,21.4,Open,SNS-013
TEL-001733,2026-05-23T05:16:42,Nairobi term,Section A — Mombasa-Nairobi Main,392.6,1971.8,29.1,Open,SNS-011
TEL-003480,2026-06-23T21:44:58,SITE-006,Section A — Mombasa-Nairobi Main,339.4,4392.3,25.2,Closed,SNS-008
TEL-002244,2026-06-01T19:43:44,SITE-005,Section B — Nairobi-Nakuru Spur,428.0,3452.7,37.9,Closed,SNS-012
TEL-004371,2026-07-10T20:37:11,SITE-007,Section D — Sinendet Lateral,487.1,2056.4,26.1,Partially Open,SNS-014
TEL-004189,2026-07-07T17:00:19,Sinendet PS,Section F — Kisumu Terminal Link,348.6,3355.9,28.6,Closed,SNS-002
TEL-002662,2026-06-09T15:27:27,SITE-002,Section E — Makueni Branch,,2582.5,22.3,Open,SNS-011
TEL-003611,2026-06-26T08:18:04,SITE-001,Section C — Nakuru-Eldoret Extension,,3405.3,23.2,Closed,SNS-004
TEL-000839,2026-05-07T15:48:54,sinendet pump station,Section C — Nakuru-Eldoret Extension,535.4,3228.2,24.8,Closed,SNS-003
TEL-001815,2026-05-24T20:49:20,makueni section,Section F — Kisumu Terminal Link,319.5,2485.2,16.0,Open,SNS-003
TEL-001831,2026-05-25T04:30:05,SITE-002,Section F — Kisumu Terminal Link,378.0,3316.5,34.3,Open,SNS-014
TEL-000515,2026-05-01T22:45:07,SITE-002,Section D — Sinendet Lateral,460.0,2061.0,36.6,Partially Open,SNS-004
TEL-003023,2026-06-15T18:30:54,SITE-002,Section E — Makueni Branch,536.2,2162.5,37.6,Open,SNS-014
TEL-004557,2026-07-14T03:20:17,SITE-006,Section F — Kisumu Terminal Link,461.3,2975.6,29.6,Open,SNS-003
TEL-004954,2026-07-20T23:12:56,sinendet pump,Section E — Makueni Branch,375.8,3301.0,19.3,Open,SNS-010
TEL-003374,2026-06-21T19:50:23,SITE-002,Section B — Nairobi-Nakuru Spur,339.6,2677.0,25.8,Open,SNS-008
TEL-001735,2026-05-23T06:32:12,SITE-005,Section B — Nairobi-Nakuru Spur,315.8,2637.9,38.2,Open,SNS-010
TEL-003503,2026-06-24T08:31:22,SITE-006,Section D — Sinendet Lateral,487.0,4297.2,37.4,Closed,SNS-003
TEL-003848,2026-06-30T22:09:59,SITE-007,Section F — Kisumu Terminal Link,423.9,2786.0,27.3,Partially Open,SNS-007
TEL-004058,2026-07-05T05:12:38,SITE-007,Section B — Nairobi-Nakuru Spur,403.4,1996.3,36.3,Partially Open,SNS-006
TEL-001239,2026-05-15T01:17:08,SITE-005,Section A — Mombasa-Nairobi Main,549.8,2214.7,41.8,Closed,SNS-006
TEL-003154,2026-06-18T01:24:31,SITE-006,Section D — Sinendet Lateral,350.5,1975.1,25.3,Closed,SNS-010
TEL-001676,2026-05-22T12:29:14,SITE-006,Section B — Nairobi-Nakuru Spur,568.7,3300.1,25.3,Open,SNS-008
TEL-001152,2026-05-13T13:53:38,SITE-004,Section B — Nairobi-Nakuru Spur,358.1,3413.4,31.7,Open,SNS-010
TEL-004880,2026-07-19T10:09:51,SITE-007,Section C — Nakuru-Eldoret Extension,473.5,3146.1,28.6,Open,SNS-014
TEL-000242,2026-04-27T05:09:01,Nakuru dep,Section B — Nairobi-Nakuru Spur,416.9,3431.7,32.6,Open,SNS-003
TEL-004215,2026-07-08T03:55:56,SITE-002,Section B — Nairobi-Nakuru Spur,534.1,3160.7,26.9,Open,SNS-012
TEL-003996,2026-07-04T00:10:06,SITE-004,Section A — Mombasa-Nairobi Main,484.0,2337.3,31.0,Closed,SNS-001
TEL-000345,2026-04-29T03:42:20,SITE-005,Section E — Makueni Branch,530.0,4317.6,22.0,Open,SNS-003
TEL-003659,2026-06-27T08:35:42,Kisumu term,Section A — Mombasa-Nairobi Main,496.5,3564.8,26.2,Open,SNS-008
TEL-000408,2026-04-29T23:01:09,SITE-002,Section D — Sinendet Lateral,334.5,3405.1,15.0,Open,SNS-008
TEL-001542,2026-05-20T05:06:17,SITE-002,Section B — Nairobi-Nakuru Spur,458.6,2496.3,38.7,Partially Open,SNS-009
TEL-000129,2026-04-25T01:05:06,SITE-004,Section C — Nakuru-Eldoret Extension,525.8,2663.2,29.5,Open,SNS-014
TEL-003309,2026-06-20T15:33:01,SITE-004,Section F — Kisumu Terminal Link,284.0,2677.6,23.4,Open,SNS-013
TEL-000559,2026-05-02T19:19:00,Nairobi  Terminal,Section F — Kisumu Terminal Link,402.5,4206.2,30.5,Open,SNS-005
TEL-004071,2026-07-05T09:42:02,SITE-006,Section C — Nakuru-Eldoret Extension,342.4,3922.3,23.1,Closed,SNS-001
TEL-002608,2026-06-08T16:17:08,SITE-003,Section F — Kisumu Terminal Link,383.4,3756.5,35.1,Open,SNS-010
TEL-001908,2026-05-26T18:17:01,KSM Terminal,Section C — Nakuru-Eldoret Extension,355.1,2090.7,39.3,Open,SNS-012
TEL-003171,2026-06-18T09:09:45,SITE-005,Section E — Makueni Branch,288.1,2880.7,28.0,Partially Open,SNS-014
TEL-001032,2026-05-11T07:29:04,SITE-004,Section D — Sinendet Lateral,496.2,2057.9,37.3,Open,SNS-008
TEL-002896,2026-06-13T08:06:51,SITE-007,Section D — Sinendet Lateral,349.3,2575.3,29.9,Open,SNS-014
TEL-002309,2026-06-02T22:08:30,SITE-002,Section F — Kisumu Terminal Link,445.0,2597.6,24.4,Partially Open,SNS-011
TEL-004522,2026-07-13T12:01:13,SITE-006,Section E — Makueni Branch,384.5,2790.3,37.8,Closed,SNS-010
TEL-003550,2026-06-25T03:33:55,NAKURU,Section B — Nairobi-Nakuru Spur,350.0,3380.1,28.0,Partially Open,SNS-011
TEL-004740,2026-07-16T19:54:03,SITE-004,Section D — Sinendet Lateral,331.0,3315.8,31.3,Open,SNS-001
TEL-004719,2026-07-16T09:39:57,SITE-006,Section E — Makueni Branch,501.5,2147.2,23.0,Open,SNS-005
TEL-002190,2026-05-31T18:38:09,SITE-001,Section B — Nairobi-Nakuru Spur,404.1,4180.4,29.4,Partially Open,SNS-005
TEL-003892,2026-07-01T17:46:37,SITE-002,Section A — Mombasa-Nairobi Main,371.0,1507.0,19.7,Open,SNS-007
TEL-000628,2026-05-03T20:35:37,SITE-002,Section A — Mombasa-Nairobi Main,375.4,2963.0,30.9,Open,SNS-008
TEL-004561,2026-07-14T04:22:20,SITE-004,Section F — Kisumu Terminal Link,348.8,1986.0,38.9,Open,SNS-014
TEL-002041,2026-05-29T06:32:38,SITE-004,Section A — Mombasa-Nairobi Main,371.0,2055.6,35.8,Open,SNS-006
TEL-003718,2026-06-28T07:07:43,SITE-004,Section C — Nakuru-Eldoret Extension,467.9,2560.3,39.9,Open,SNS-012
TEL-000821,2026-05-07T09:17:40,SITE-003,Section C — Nakuru-Eldoret Extension,312.5,2596.1,18.3,Open,SNS-007
TEL-003031,2026-06-15T22:47:02,SITE-004,Section D — Sinendet Lateral,1000,3114.8,24.4,Closed,SNS-013
TEL-003693,2026-06-27T19:20:47,SITE-005,Section B — Nairobi-Nakuru Spur,447.0,3592.7,35.4,Partially Open,SNS-001
TEL-004677,2026-07-15T16:55:33,SITE-004,Section B — Nairobi-Nakuru Spur,328.4,2710.0,37.0,Partially Open,SNS-005
TEL-002338,2026-06-03T13:45:54,SITE-003,Section E — Makueni Branch,478.1,4351.8,35.5,Closed,SNS-003
TEL-003043,2026-06-16T04:24:15,Sinendet PS,Section F — Kisumu Terminal Link,353.4,3412.5,37.3,Open,SNS-013
TEL-002490,2026-06-06T13:38:14,ELD Terminal,Section A — Mombasa-Nairobi Main,445.8,2748.1,26.1,Open,SNS-001
TEL-000609,2026-05-03T13:13:16,SITE-007,Section A — Mombasa-Nairobi Main,355.5,3055.6,34.1,Partially Open,SNS-002
TEL-004188,2026-07-07T16:22:49,SITE-002,Section F — Kisumu Terminal Link,339.0,3008.4,36.9,Closed,SNS-014
TEL-003153,2026-06-18T01:03:44,SITE-003,Section A — Mombasa-Nairobi Main,253.4,3969.0,27.7,Closed,SNS-001
TEL-000537,2026-05-02T08:19:51,SITE-006,Section B — Nairobi-Nakuru Spur,523.3,3542.3,26.6,Closed,SNS-005
TEL-000362,2026-04-29T09:04:37,NAIROBI,Section A — Mombasa-Nairobi Main,441.6,1072.5,30.6,Closed,SNS-011
TEL-004034,2026-07-04T17:08:32,SITE-002,Section F — Kisumu Terminal Link,428.9,2620.9,,Open,SNS-005
TEL-003860,2026-07-01T02:14:54,SITE-005,Section E — Makueni Branch,430.7,2118.1,28.3,Open,SNS-001
TEL-004756,2026-07-17T01:45:36,SITE-007,Section B — Nairobi-Nakuru Spur,332.3,2598.2,32.3,Closed,SNS-009
TEL-004717,2026-07-16T08:48:57,SITE-006,Section E — Makueni Branch,337.2,2854.1,34.5,Open,SNS-008
TEL-002027,2026-05-28T21:09:25,kisumu terminal,Section B — Nairobi-Nakuru Spur,412.2,3533.7,32.8,Open,SNS-006
TEL-002043,2026-05-29T07:20:15,SITE-003,Section D — Sinendet Lateral,463.8,2406.9,20.6,Closed,SNS-008
TEL-002877,2026-06-13T01:15:06,SITE-006,Section C — Nakuru-Eldoret Extension,304.7,1592.9,45.0,Open,SNS-008
TEL-000864,2026-05-08T04:04:28,SITE-003,Section E — Makueni Branch,439.7,3344.0,24.1,Open,SNS-002
TEL-001858,2026-05-25T15:44:04,SITE-003,Section C — Nakuru-Eldoret Extension,450.9,2300.1,41.5,Open,SNS-003
TEL-001886,2026-05-26T05:29:32,SITE-002,Section D — Sinendet Lateral,432.8,3085.1,27.9,Open,SNS-008
TEL-002718,2026-06-10T18:42:41,SITE-002,Section A — Mombasa-Nairobi Main,445.6,2561.4,17.8,Open,SNS-001
TEL-001639,2026-05-21T23:43:28,SITE-004,Section E — Makueni Branch,417.4,3829.8,36.1,Partially Open,SNS-008
TEL-000672,2026-05-04T12:30:03,SITE-003,Section B — Nairobi-Nakuru Spur,504.6,3671.7,28.5,Closed,SNS-003
TEL-002905,2026-06-13T12:13:01,SITE-003,Section D — Sinendet Lateral,333.8,2372.6,31.5,Closed,SNS-008
TEL-002283,2026-06-02T10:22:02,SITE-002,Section D — Sinendet Lateral,418.6,3553.5,20.8,Open,SNS-012
TEL-003326,2026-06-21T02:49:55,MOMBASA,Section C — Nakuru-Eldoret Extension,358.8,2849.2,37.6,Closed,SNS-013
TEL-004942,2026-07-20T15:44:35,SITE-003,Section C — Nakuru-Eldoret Extension,369.7,3426.9,30.3,Closed,SNS-005
TEL-004594,2026-07-14T14:09:54,MSA Terminal,Section C — Nakuru-Eldoret Extension,407.0,3430.7,34.2,Open,SNS-009
TEL-001360,2026-05-17T02:38:09,SITE-001,Section A — Mombasa-Nairobi Main,234.8,3265.6,29.5,Closed,SNS-011
TEL-003549,2026-06-25T01:52:16,SITE-007,Section E — Makueni Branch,523.7,3082.0,28.7,Partially Open,SNS-014
TEL-001013,2026-05-10T23:10:39,SITE-007,Section F — Kisumu Terminal Link,415.9,3315.0,30.2,Closed,SNS-010
TEL-001801,2026-05-24T14:16:26,KSM Terminal,Section F — Kisumu Terminal Link,312.8,2558.3,29.5,Open,SNS-007
TEL-001168,2026-05-13T20:00:13,SITE-004,Section A — Mombasa-Nairobi Main,432.8,2631.0,33.4,Open,SNS-005
TEL-000221,2026-04-26T19:07:56,SITE-002,Section F — Kisumu Terminal Link,304.0,2841.0,36.0,Closed,SNS-002
TEL-002634,2026-06-09T05:25:26,SITE-003,Section E — Makueni Branch,377.8,2485.3,28.6,Open,SNS-003
TEL-004762,2026-07-17T04:05:17,Nakuru dep,Section F — Kisumu Terminal Link,700,2608.9,26.4,Closed,SNS-007
TEL-001971,2026-05-27T23:05:50,SITE-002,Section B — Nairobi-Nakuru Spur,311.3,4044.4,19.9,Open,SNS-005
TEL-001940,2026-05-27T09:39:08,SITE-006,Section F — Kisumu Terminal Link,490.5,3285.4,23.8,Open,SNS-011
TEL-000115,2026-04-24T21:10:04,SITE-005,Section B — Nairobi-Nakuru Spur,509.8,1898.8,21.8,Partially Open,SNS-014
TEL-003310,2026-06-20T16:17:52,SITE-007,Section B — Nairobi-Nakuru Spur,305.7,1856.7,28.7,Open,SNS-012
TEL-002962,2026-06-14T12:39:48,SITE-005,Section F — Kisumu Terminal Link,478.9,2459.7,40.0,Closed,SNS-007
TEL-001848,2026-05-25T10:49:37,SITE-003,Section B — Nairobi-Nakuru Spur,337.6,2590.2,39.8,Partially Open,SNS-010
TEL-001196,2026-05-14T08:48:27,SITE-003,Section B — Nairobi-Nakuru Spur,411.4,3002.8,27.4,Closed,SNS-010
TEL-001520,2026-05-19T20:23:54,SITE-006,Section B — Nairobi-Nakuru Spur,462.5,2897.4,32.4,Open,SNS-012
TEL-003256,2026-06-19T21:46:14,SITE-004,Section D — Sinendet Lateral,266.9,3267.7,34.1,Closed,SNS-010
TEL-002741,2026-06-11T00:09:48,SITE-006,Section D — Sinendet Lateral,324.9,1000.0,21.7,Closed,SNS-008
TEL-000622,2026-05-03T17:02:45,SITE-007,Section F — Kisumu Terminal Link,309.5,2941.9,32.7,Partially Open,SNS-002
TEL-004585,2026-07-14T10:54:40,SITE-001,Section B — Nairobi-Nakuru Spur,327.0,1575.4,30.8,Open,SNS-009
TEL-001356,2026-05-17T01:36:53,SITE-001,Section E — Makueni Branch,415.7,3583.7,19.9,Closed,SNS-002
TEL-001316,2026-05-16T04:58:45,SITE-002,Section D — Sinendet Lateral,379.1,2477.9,25.5,Closed,SNS-008
TEL-002429,2026-06-05T06:39:31,SITE-001,Section A — Mombasa-Nairobi Main,399.7,3046.9,34.4,Closed,SNS-002
TEL-004610,2026-07-14T19:27:45,Nakuru dep,Section E — Makueni Branch,544.5,3874.9,32.1,Open,SNS-011
TEL-001887,2026-05-26T05:31:56,SITE-007,Section C — Nakuru-Eldoret Extension,313.7,3579.8,17.8,Open,SNS-006
TEL-001083,2026-05-12T05:30:58,SITE-006,Section D — Sinendet Lateral,413.6,2170.6,26.9,Open,SNS-012
TEL-004706,2026-07-16T04:07:59,SITE-004,Section C — Nakuru-Eldoret Extension,253.0,3225.2,32.3,Partially Open,SNS-005
TEL-004638,2026-07-15T01:24:24,SITE-002,Section D — Sinendet Lateral,389.4,3674.4,31.6,Open,SNS-007
TEL-000561,2026-05-02T20:39:59,SITE-004,Section C — Nakuru-Eldoret Extension,208.7,2910.5,27.6,Closed,SNS-003
TEL-002821,2026-06-12T04:16:33,SITE-003,Section D — Sinendet Lateral,426.9,2781.7,29.0,Closed,SNS-003
TEL-004234,2026-07-08T11:47:42,SITE-002,Section E — Makueni Branch,431.1,4150.9,25.0,Closed,SNS-010
TEL-002092,2026-05-30T01:07:25,SITE-005,Section D — Sinendet Lateral,496.7,2241.0,30.5,Open,SNS-003
TEL-001961,2026-05-27T19:12:05,SITE-001,Section C — Nakuru-Eldoret Extension,496.3,4189.1,24.4,Open,SNS-005
TEL-004163,2026-07-07T03:18:13,SITE-003,Section D — Sinendet Lateral,249.2,3085.6,19.3,Open,SNS-002
TEL-000443,2026-04-30T13:04:11,SITE-003,Section D — Sinendet Lateral,464.9,3277.6,16.6,Partially Open,SNS-013
TEL-001538,2026-05-20T03:41:46,SITE-004,Section D — Sinendet Lateral,331.5,2085.0,21.9,Open,SNS-011
TEL-004979,2026-07-21T11:42:08,SITE-007,Section C — Nakuru-Eldoret Extension,,2292.6,21.5,Partially Open,SNS-013
TEL-000597,2026-05-03T08:27:15,SITE-001,Section A — Mombasa-Nairobi Main,483.1,2574.7,31.4,Open,SNS-009
TEL-001954,2026-05-27T15:36:51,SITE-003,Section C — Nakuru-Eldoret Extension,358.6,2597.8,25.3,Partially Open,SNS-008
TEL-000367,2026-04-29T10:12:17,SITE-003,Section E — Makueni Branch,389.3,2020.4,26.2,Open,SNS-009
TEL-003150,2026-06-17T23:59:22,SITE-003,Section E — Makueni Branch,390.4,1636.5,31.2,Open,SNS-007
TEL-003701,2026-06-27T23:00:30,SITE-005,Section E — Makueni Branch,447.0,3690.3,32.1,Closed,SNS-007
TEL-003673,2026-06-27T13:47:46,SITE-007,Section A — Mombasa-Nairobi Main,480.8,2233.3,22.3,Partially Open,SNS-001
TEL-003574,2026-06-25T15:00:42,nakuru depot,Section E — Makueni Branch,298.3,3594.4,28.1,Closed,SNS-007
TEL-004612,2026-07-14T19:57:46,Kisumu  Terminal,Section C — Nakuru-Eldoret Extension,463.4,2138.2,20.9,Closed,SNS-009
TEL-002996,2026-06-15T02:14:01,SITE-006,Section D — Sinendet Lateral,408.4,3102.5,17.3,Open,SNS-006
TEL-000231,2026-04-27T00:34:23,SITE-003,Section B — Nairobi-Nakuru Spur,370.3,2111.9,34.0,Open,SNS-004
TEL-002735,2026-06-10T23:07:28,SITE-007,Section F — Kisumu Terminal Link,323.8,2656.3,33.0,Closed,SNS-006
TEL-000817,2026-05-07T08:15:59,SITE-001,Section E — Makueni Branch,373.1,3012.6,32.0,Closed,SNS-007
TEL-002468,2026-06-06T02:16:17,Kibwezi,Section C — Nakuru-Eldoret Extension,402.3,2747.6,31.5,Closed,SNS-013
TEL-003640,2026-06-27T02:00:10,NAKURU,Section C — Nakuru-Eldoret Extension,326.6,2836.4,20.5,Partially Open,SNS-009
TEL-004095,2026-07-05T20:07:08,Nakuru  Depot,Section F — Kisumu Terminal Link,568.2,3061.8,38.7,Open,SNS-007
TEL-003062,2026-06-16T14:31:55,SITE-006,Section B — Nairobi-Nakuru Spur,379.7,2701.2,26.3,Open,SNS-012
TEL-001041,2026-05-11T10:26:52,Kibwezi,Section C — Nakuru-Eldoret Extension,532.2,2523.5,30.8,Open,SNS-012
TEL-003866,2026-07-01T06:05:59,SITE-001,Section D — Sinendet Lateral,573.4,3209.8,29.7,Open,SNS-012
TEL-001155,2026-05-13T14:27:46,SITE-006,Section A — Mombasa-Nairobi Main,425.3,3460.4,39.6,Closed,SNS-009
TEL-000634,2026-05-03T23:43:59,SITE-007,Section D — Sinendet Lateral,219.2,2633.2,25.3,Closed,SNS-003
TEL-000128,2026-04-25T00:35:56,SITE-004,Section D — Sinendet Lateral,341.7,4347.9,24.7,Closed,SNS-003
TEL-002599,2026-06-08T13:00:15,SITE-001,Section C — Nakuru-Eldoret Extension,407.8,2800.3,27.1,Open,SNS-014
TEL-000350,2026-04-29T04:59:44,Nairobi  Terminal,Section B — Nairobi-Nakuru Spur,394.6,1291.9,27.2,Partially Open,SNS-007
TEL-001096,2026-05-12T09:49:02,SITE-006,Section D — Sinendet Lateral,374.2,2768.7,36.3,Open,SNS-003
TEL-001140,2026-05-13T09:54:34,SITE-005,Section B — Nairobi-Nakuru Spur,415.8,4908.4,26.2,Closed,SNS-009
TEL-004127,2026-07-06T11:22:39,SITE-007,Section E — Makueni Branch,419.3,3328.9,30.6,Open,SNS-008
TEL-003871,2026-07-01T08:28:20,SITE-002,Section E — Makueni Branch,338.2,2199.7,28.3,Closed,SNS-010
TEL-002554,2026-06-07T13:28:18,SITE-002,Section D — Sinendet Lateral,471.6,3248.6,28.5,Partially Open,SNS-003
TEL-000507,2026-05-01T20:14:01,SITE-006,Section F — Kisumu Terminal Link,533.6,3556.7,38.3,Partially Open,SNS-006
TEL-001261,2026-05-15T11:05:11,SITE-004,Section F — Kisumu Terminal Link,399.6,3196.2,19.7,Closed,SNS-006
TEL-004431,2026-07-11T23:17:36,SITE-006,Section A — Mombasa-Nairobi Main,298.0,2740.5,31.8,Closed,SNS-006
TEL-004053,2026-07-05T04:19:08,SITE-007,Section B — Nairobi-Nakuru Spur,466.8,2831.6,26.0,Closed,SNS-004
TEL-002180,2026-05-31T15:08:55,SITE-007,Section A — Mombasa-Nairobi Main,518.7,3345.4,32.4,Open,SNS-007
TEL-004577,2026-07-14T07:57:22,SITE-007,Section B — Nairobi-Nakuru Spur,384.8,2048.6,20.5,Partially Open,SNS-008
TEL-002826,2026-06-12T06:24:25,SITE-004,Section B — Nairobi-Nakuru Spur,312.0,3313.8,26.3,Open,SNS-007
TEL-003939,2026-07-02T17:04:11,sinendet pump,Section C — Nakuru-Eldoret Extension,572.6,2805.7,27.8,Closed,SNS-005
TEL-000986,2026-05-10T12:15:18,SITE-005,Section F — Kisumu Terminal Link,850,2485.5,31.4,Partially Open,SNS-009
TEL-001157,2026-05-13T14:52:46,SITE-004,Section F — Kisumu Terminal Link,475.4,3331.1,39.7,Partially Open,SNS-012
TEL-003184,2026-06-18T13:00:29,SITE-007,Section D — Sinendet Lateral,,2321.3,24.8,Open,SNS-011
TEL-002714,2026-06-10T16:55:45,SITE-007,Section D — Sinendet Lateral,397.3,1864.5,40.9,Open,SNS-013
TEL-001438,2026-05-18T07:47:20,SITE-005,Section B — Nairobi-Nakuru Spur,417.2,1373.4,27.8,Closed,SNS-004
TEL-002346,2026-06-03T16:23:19,SITE-002,Section A — Mombasa-Nairobi Main,310.7,2074.8,38.8,Open,SNS-009
TEL-002186,2026-05-31T17:21:35,SITE-001,Section A — Mombasa-Nairobi Main,452.4,4149.5,45.0,Open,SNS-004
TEL-003203,2026-06-18T21:00:26,SITE-001,Section A — Mombasa-Nairobi Main,394.4,3319.9,29.2,Open,SNS-001
TEL-000060,2026-04-23T23:45:07,SITE-001,Section E — Makueni Branch,438.1,1724.1,26.0,Open,SNS-003
TEL-004962,2026-07-21T02:52:24,SITE-005,Section D — Sinendet Lateral,544.1,4369.5,23.3,Closed,SNS-002
TEL-003395,2026-06-22T06:02:53,SITE-004,Section A — Mombasa-Nairobi Main,411.5,5000.0,25.5,Open,SNS-003
TEL-001770,2026-05-23T23:37:10,MAKUENI,Section C — Nakuru-Eldoret Extension,341.9,,27.9,Closed,SNS-007
TEL-000520,2026-05-02T00:58:27,SITE-003,Section A — Mombasa-Nairobi Main,455.4,3185.2,32.5,Open,SNS-011
TEL-001784,2026-05-24T04:19:50,SITE-005,Section E — Makueni Branch,339.4,3885.9,36.8,Partially Open,SNS-014
TEL-002296,2026-06-02T16:32:43,SITE-005,Section B — Nairobi-Nakuru Spur,342.2,1981.2,35.4,Closed,SNS-007
TEL-004102,2026-07-05T22:49:12,SITE-003,Section C — Nakuru-Eldoret Extension,381.7,3001.4,30.1,Open,SNS-005
TEL-004075,2026-07-05T10:24:40,Sinendet  Pump Station,Section D — Sinendet Lateral,405.4,2957.7,15.1,Open,SNS-002
TEL-001387,2026-05-17T11:31:10,SITE-003,Section C — Nakuru-Eldoret Extension,295.3,1945.6,39.6,Partially Open,SNS-011
TEL-004863,2026-07-19T00:29:50,SITE-003,Section E — Makueni Branch,353.7,4414.6,31.6,Closed,SNS-003
TEL-002583,2026-06-08T03:41:08,SITE-006,Section D — Sinendet Lateral,513.0,4179.7,29.3,Closed,SNS-003
TEL-001892,2026-05-26T07:24:44,SITE-004,Section A — Mombasa-Nairobi Main,405.6,3826.8,23.8,Open,SNS-004
TEL-004383,2026-07-10T23:46:43,SITE-002,Section C — Nakuru-Eldoret Extension,384.9,2941.3,40.2,Open,SNS-006
TEL-000953,2026-05-09T21:24:03,SITE-005,Section A — Mombasa-Nairobi Main,501.8,2725.5,37.1,Partially Open,SNS-005
TEL-000790,2026-05-06T20:10:07,SITE-006,Section C — Nakuru-Eldoret Extension,490.2,2529.2,40.9,Open,SNS-010
TEL-001453,2026-05-18T14:20:01,SITE-001,Section D — Sinendet Lateral,404.3,3142.5,29.3,Open,SNS-011
TEL-000430,2026-04-30T07:48:26,SITE-004,Section D — Sinendet Lateral,450.7,3079.4,25.7,Closed,SNS-011
TEL-001674,2026-05-22T12:11:41,SITE-003,Section C — Nakuru-Eldoret Extension,317.9,5000.0,38.9,Closed,SNS-005
TEL-003252,2026-06-19T19:39:46,SITE-003,Section A — Mombasa-Nairobi Main,409.2,3587.4,34.7,Closed,SNS-006
TEL-004474,2026-07-12T15:16:06,SITE-006,Section A — Mombasa-Nairobi Main,391.7,2060.5,30.0,Open,SNS-013
TEL-002144,2026-05-30T23:36:57,SITE-003,Section D — Sinendet Lateral,400.9,1000.0,30.1,Open,SNS-010
TEL-003099,2026-06-17T05:03:28,SITE-003,Section B — Nairobi-Nakuru Spur,297.3,3798.5,31.5,Open,SNS-009
TEL-002228,2026-06-01T11:54:18,SITE-002,Section D — Sinendet Lateral,483.0,2042.0,29.0,Open,SNS-012
TEL-001758,2026-05-23T18:39:27,SITE-001,Section E — Makueni Branch,347.6,4391.3,25.3,Open,SNS-003
TEL-002436,2026-06-05T08:01:50,Eldoret term,Section B — Nairobi-Nakuru Spur,566.4,3346.5,29.8,Open,SNS-012
TEL-002454,2026-06-05T16:34:54,SITE-004,Section D — Sinendet Lateral,335.9,2856.1,29.2,Open,SNS-008
TEL-000807,2026-05-07T05:34:06,SITE-001,Section B — Nairobi-Nakuru Spur,460.3,4314.6,30.5,Closed,SNS-013
TEL-000331,2026-04-28T20:54:43,SITE-003,Section B — Nairobi-Nakuru Spur,412.7,3408.7,26.9,Open,SNS-013
TEL-001319,2026-05-16T07:13:33,SITE-006,Section E — Makueni Branch,365.3,2895.1,22.8,Closed,SNS-009
TEL-000072,2026-04-24T05:03:08,SITE-001,Section C — Nakuru-Eldoret Extension,405.1,2947.9,37.3,Closed,SNS-005
TEL-002858,2026-06-12T18:10:12,SITE-002,Section A — Mombasa-Nairobi Main,373.5,3610.9,26.3,Open,SNS-011
TEL-003812,2026-06-30T02:38:59,SITE-001,Section C — Nakuru-Eldoret Extension,412.7,1469.6,31.4,Open,SNS-001
TEL-004462,2026-07-12T10:42:21,SITE-002,Section B — Nairobi-Nakuru Spur,385.5,4331.5,31.4,Partially Open,SNS-005
TEL-002008,2026-05-28T13:11:10,SITE-006,Section C — Nakuru-Eldoret Extension,590.9,2030.3,39.3,Open,SNS-010
TEL-004144,2026-07-06T14:23:54,SITE-005,Section A — Mombasa-Nairobi Main,402.5,3009.7,25.3,Open,SNS-009
TEL-003224,2026-06-19T06:20:28,SITE-002,Section D — Sinendet Lateral,295.9,2993.9,29.3,Partially Open,SNS-005
TEL-001669,2026-05-22T09:30:56,SITE-003,Section B — Nairobi-Nakuru Spur,498.6,1847.6,31.5,Closed,SNS-012
TEL-001700,2026-05-22T20:14:20,SITE-001,Section E — Makueni Branch,365.2,2028.5,21.2,Partially Open,SNS-005
TEL-003816,2026-06-30T04:50:30,SITE-002,Section B — Nairobi-Nakuru Spur,324.8,2469.7,35.6,Partially Open,SNS-005
TEL-001150,2026-05-13T13:01:09,SITE-003,Section B — Nairobi-Nakuru Spur,454.2,4187.5,27.5,Closed,SNS-010
TEL-004488,2026-07-12T20:18:10,SITE-001,Section E — Makueni Branch,353.7,2432.1,22.0,Closed,SNS-004
TEL-003634,2026-06-26T22:26:49,NAIROBI,Section E — Makueni Branch,463.5,4407.4,34.9,Open,SNS-012
TEL-000887,2026-05-08T12:41:23,SITE-001,Section B — Nairobi-Nakuru Spur,373.0,2558.9,36.0,Closed,SNS-005
TEL-004674,2026-07-15T16:34:29,SITE-005,Section A — Mombasa-Nairobi Main,405.0,3135.0,39.2,Partially Open,SNS-010
TEL-000323,2026-04-28T17:30:42,SITE-003,Section A — Mombasa-Nairobi Main,368.2,2317.5,31.7,Open,SNS-002
TEL-004442,2026-07-12T03:35:37,SITE-007,Section B — Nairobi-Nakuru Spur,435.2,3538.0,25.0,Closed,SNS-014
TEL-003035,2026-06-16T00:45:47,SITE-001,Section E — Makueni Branch,403.7,3133.0,28.1,Closed,SNS-002
TEL-001981,2026-05-28T02:02:12,SITE-001,Section E — Makueni Branch,392.5,2876.3,28.1,Open,SNS-006
TEL-002038,2026-05-29T03:54:47,Makueni PS,Section D — Sinendet Lateral,422.5,3808.6,24.0,Partially Open,SNS-007
TEL-002237,2026-06-01T14:44:47,SITE-004,Section E — Makueni Branch,436.8,3358.3,35.6,Open,SNS-009
TEL-004733,2026-07-16T17:23:29,SITE-007,Section E — Makueni Branch,415.7,2387.1,26.6,Closed,SNS-005
TEL-001248,2026-05-15T03:52:25,SITE-005,Section E — Makueni Branch,375.6,2866.2,31.8,Closed,SNS-005
TEL-001465,2026-05-18T19:21:58,SITE-003,Section F — Kisumu Terminal Link,479.1,1635.0,29.3,Partially Open,SNS-011
TEL-001430,2026-05-18T03:54:46,MSA Terminal,Section A — Mombasa-Nairobi Main,305.6,4132.9,35.3,Closed,SNS-013
TEL-004998,2026-07-21T23:26:26,Thange section,Section A — Mombasa-Nairobi Main,302.9,2695.7,26.0,Partially Open,SNS-009
TEL-001059,2026-05-11T18:02:30,SITE-001,Section B — Nairobi-Nakuru Spur,416.7,2423.0,35.3,Partially Open,SNS-005
TEL-002816,2026-06-12T03:14:10,SITE-001,Section F — Kisumu Terminal Link,362.9,1941.6,38.3,Partially Open,SNS-007
TEL-003688,2026-06-27T17:34:51,SITE-004,Section E — Makueni Branch,473.7,2879.8,40.6,Partially Open,SNS-012
TEL-001855,2026-05-25T14:58:12,SITE-006,Section D — Sinendet Lateral,407.9,2476.2,33.1,Open,SNS-005
TEL-002526,2026-06-07T03:38:14,SITE-007,Section A — Mombasa-Nairobi Main,242.9,3281.4,24.1,Open,SNS-006
TEL-003398,2026-06-22T07:33:16,Eldoret  Terminal,Section F — Kisumu Terminal Link,396.3,1496.6,18.3,Open,SNS-008
TEL-003725,2026-06-28T08:57:59,SITE-004,Section B — Nairobi-Nakuru Spur,383.2,2858.9,31.0,Closed,SNS-007
TEL-000824,2026-05-07T10:09:38,SITE-001,Section A — Mombasa-Nairobi Main,451.7,2688.8,29.0,Partially Open,SNS-009
TEL-000262,2026-04-27T12:40:32,SITE-006,Section D — Sinendet Lateral,241.0,2765.6,28.8,Open,SNS-006
TEL-004559,2026-07-14T04:05:34,SITE-007,Section B — Nairobi-Nakuru Spur,388.3,2929.3,23.8,Partially Open,SNS-010
TEL-004929,2026-07-20T07:17:28,SITE-007,Section E — Makueni Branch,421.0,3917.9,40.1,Partially Open,SNS-014
TEL-001863,2026-05-25T17:52:33,ELDORET,Section A — Mombasa-Nairobi Main,248.9,3165.9,26.2,Closed,SNS-003
TEL-002928,2026-06-13T21:23:11,SITE-001,Section E — Makueni Branch,253.2,2789.1,38.6,Closed,SNS-012
TEL-002774,2026-06-11T11:32:30,SITE-006,Section F — Kisumu Terminal Link,393.7,1874.8,30.3,Open,SNS-001
TEL-000010,2026-04-23T07:03:33,SITE-001,Section B — Nairobi-Nakuru Spur,211.6,3312.5,26.6,Open,SNS-014
TEL-001181,2026-05-13T23:28:43,SITE-007,Section B — Nairobi-Nakuru Spur,367.7,2785.7,22.6,Partially Open,SNS-008
TEL-001338,2026-05-16T19:13:15,SITE-007,Section A — Mombasa-Nairobi Main,335.9,4132.3,31.7,Closed,SNS-002
TEL-001468,2026-05-18T20:46:04,SITE-003,Section D — Sinendet Lateral,496.4,3919.2,26.8,Partially Open,SNS-004
TEL-004492,2026-07-12T23:09:13,SITE-007,Section C — Nakuru-Eldoret Extension,410.0,2622.9,32.6,Closed,SNS-003
TEL-003590,2026-06-25T21:27:40,SITE-006,Section E — Makueni Branch,474.8,3170.6,27.4,Open,SNS-006
TEL-003750,2026-06-28T20:00:13,SITE-006,Section E — Makueni Branch,315.6,3066.2,35.9,Open,SNS-001
TEL-000700,2026-05-05T00:51:52,SITE-006,Section E — Makueni Branch,376.4,3772.8,41.6,Open,SNS-007
TEL-004997,2026-07-21T23:25:01,SITE-006,Section F — Kisumu Terminal Link,422.3,2492.9,27.2,Open,SNS-013
TEL-003901,2026-07-01T22:10:38,ELD Terminal,Section C — Nakuru-Eldoret Extension,315.8,3704.7,32.9,Partially Open,SNS-012
TEL-001845,2026-05-25T10:20:31,SITE-007,Section F — Kisumu Terminal Link,304.3,3643.2,38.0,Partially Open,SNS-011
TEL-001731,2026-05-23T04:53:49,SITE-001,Section C — Nakuru-Eldoret Extension,388.9,2550.3,22.8,Open,SNS-001
TEL-003728,2026-06-28T10:33:42,SITE-006,Section E — Makueni Branch,363.1,2463.6,32.8,Open,SNS-009
TEL-004052,2026-07-05T04:14:58,SITE-005,Section F — Kisumu Terminal Link,,2355.8,33.8,Open,SNS-010
TEL-002899,2026-06-13T09:22:46,SITE-001,Section E — Makueni Branch,482.6,2783.5,28.5,Open,SNS-011
TEL-000859,2026-05-08T01:12:51,SITE-004,Section C — Nakuru-Eldoret Extension,404.6,3960.6,32.6,Partially Open,SNS-006
TEL-004423,2026-07-11T20:51:25,SITE-001,Section A — Mombasa-Nairobi Main,519.8,3489.1,44.4,Open,SNS-001
TEL-003305,2026-06-20T14:21:17,Nakuru dep,Section E — Makueni Branch,310.4,2360.4,36.8,Closed,SNS-011
TEL-000923,2026-05-09T05:37:09,SITE-006,Section F — Kisumu Terminal Link,415.2,1301.2,22.5,Open,SNS-006
TEL-002692,2026-06-10T07:10:05,SITE-007,Section C — Nakuru-Eldoret Extension,434.0,1213.3,37.7,Partially Open,SNS-011
TEL-002074,2026-05-29T18:35:44,SITE-001,Section E — Makueni Branch,390.3,3051.6,32.3,Closed,SNS-006
TEL-002694,2026-06-10T07:17:36,SITE-003,Section E — Makueni Branch,371.5,4748.4,29.1,Closed,SNS-013
TEL-002042,2026-05-29T06:43:19,makueni pipeline,Section D — Sinendet Lateral,517.3,3314.1,36.3,Open,SNS-001
TEL-002136,2026-05-30T18:45:26,SITE-006,Section A — Mombasa-Nairobi Main,512.4,3203.2,40.6,Partially Open,SNS-011
TEL-003090,2026-06-17T01:07:18,SITE-007,Section D — Sinendet Lateral,386.3,5000.0,36.5,Closed,SNS-001
TEL-004465,2026-07-12T11:43:27,ELDORET,Section B — Nairobi-Nakuru Spur,459.1,3028.5,41.5,Closed,SNS-004
TEL-003870,2026-07-01T08:14:04,SITE-004,Section C — Nakuru-Eldoret Extension,272.1,2285.1,21.9,Open,SNS-014
TEL-004910,2026-07-19T22:33:45,SITE-002,Section C — Nakuru-Eldoret Extension,411.9,,31.2,Closed,SNS-013
TEL-001395,2026-05-17T13:20:16,SITE-001,Section C — Nakuru-Eldoret Extension,250.6,4181.8,19.5,Closed,SNS-010
TEL-004712,2026-07-16T06:37:57,SITE-007,Section F — Kisumu Terminal Link,600.0,3997.1,27.0,Open,SNS-005
TEL-004228,2026-07-08T09:21:23,SITE-006,Section E — Makueni Branch,506.0,,24.9,Partially Open,SNS-001
TEL-004757,2026-07-17T02:18:05,SITE-001,Section F — Kisumu Terminal Link,215.5,3739.9,27.1,Partially Open,SNS-006
TEL-000820,2026-05-07T09:09:12,SITE-005,Section E — Makueni Branch,373.5,3446.9,26.0,Open,SNS-001
TEL-004728,2026-07-16T13:56:30,SITE-006,Section C — Nakuru-Eldoret Extension,546.8,2129.3,32.3,Open,SNS-007
TEL-001511,2026-05-19T12:58:06,SITE-004,Section C — Nakuru-Eldoret Extension,355.1,2440.0,32.1,Closed,SNS-014
TEL-002699,2026-06-10T09:31:21,SITE-004,Section D — Sinendet Lateral,463.4,3586.1,38.9,Closed,SNS-007
TEL-004923,2026-07-20T04:22:45,Nakuru  Depot,Section E — Makueni Branch,485.6,,32.5,Closed,SNS-012
TEL-002869,2026-06-12T22:48:39,Nakuru dep,Section D — Sinendet Lateral,429.0,3170.6,24.2,Open,SNS-008
TEL-003606,2026-06-26T05:28:14,SITE-007,Section F — Kisumu Terminal Link,300.3,5000.0,28.9,Open,SNS-010
TEL-003325,2026-06-21T02:47:55,SITE-006,Section B — Nairobi-Nakuru Spur,377.1,,25.4,Closed,SNS-011
TEL-002421,2026-06-05T03:33:59,SITE-005,Section F — Kisumu Terminal Link,393.8,3249.4,30.8,Open,SNS-003
TEL-003883,2026-07-01T12:21:46,KISUMU,Section F — Kisumu Terminal Link,535.6,1545.0,32.2,Closed,SNS-010
TEL-004120,2026-07-06T06:01:48,SITE-005,Section F — Kisumu Terminal Link,399.8,2817.6,33.6,Open,SNS-007
TEL-004466,2026-07-12T12:08:08,Nairobi  Terminal,Section F — Kisumu Terminal Link,471.1,2547.1,32.3,Open,SNS-014
TEL-001835,2026-05-25T05:41:44,SITE-006,Section A — Mombasa-Nairobi Main,452.3,1965.9,23.2,Open,SNS-003
TEL-004505,2026-07-13T05:37:31,SITE-003,Section C — Nakuru-Eldoret Extension,420.3,4283.7,33.7,Open,SNS-012
TEL-003660,2026-06-27T08:39:58,SITE-004,Section F — Kisumu Terminal Link,490.0,5000.0,37.4,Closed,SNS-005
TEL-000462,2026-04-30T21:09:54,SITE-007,Section D — Sinendet Lateral,200.0,1669.0,24.3,Closed,SNS-006
TEL-004149,2026-07-06T20:34:40,SITE-001,Section C — Nakuru-Eldoret Extension,200.5,1436.2,36.5,Open,SNS-007
TEL-000931,2026-05-09T09:54:45,SITE-005,Section B — Nairobi-Nakuru Spur,304.6,2049.9,28.7,Open,SNS-001
TEL-000888,2026-05-08T13:05:19,SITE-005,Section E — Makueni Branch,328.0,3175.5,23.4,Open,SNS-008
TEL-003754,2026-06-28T22:37:56,Kisumu  Terminal,Section A — Mombasa-Nairobi Main,342.1,2932.4,22.1,Closed,SNS-002
TEL-003989,2026-07-03T19:53:27,SITE-006,Section A — Mombasa-Nairobi Main,433.2,2998.2,21.2,Closed,SNS-012
TEL-003432,2026-06-22T23:28:58,SITE-007,Section F — Kisumu Terminal Link,244.2,3564.7,40.2,Open,SNS-009
TEL-001624,2026-05-21T16:42:05,SITE-002,Section A — Mombasa-Nairobi Main,492.3,3306.2,25.7,Open,SNS-004
TEL-003532,2026-06-24T20:38:02,sinendet pump,Section F — Kisumu Terminal Link,478.1,1250.7,40.7,Open,SNS-010
TEL-001768,2026-05-23T22:54:25,SITE-007,Section C — Nakuru-Eldoret Extension,278.9,2936.5,29.1,Partially Open,SNS-004
TEL-004100,2026-07-05T22:24:21,SITE-005,Section A — Mombasa-Nairobi Main,405.9,1683.7,29.9,Open,SNS-012
TEL-004128,2026-07-06T11:26:21,SITE-003,Section A — Mombasa-Nairobi Main,492.7,2328.8,24.1,Closed,SNS-012
TEL-004533,2026-07-13T15:57:14,SITE-003,Section C — Nakuru-Eldoret Extension,419.9,2800.0,36.9,Partially Open,SNS-010
TEL-000073,2026-04-24T05:40:10,SITE-007,Section F — Kisumu Terminal Link,495.9,3597.2,28.8,Open,SNS-003
TEL-000892,2026-05-08T14:33:00,SITE-004,Section B — Nairobi-Nakuru Spur,498.1,1941.5,27.1,Open,SNS-001
TEL-001084,2026-05-12T06:02:07,SITE-003,Section B — Nairobi-Nakuru Spur,276.7,4670.5,23.2,Closed,SNS-014
TEL-004129,2026-07-06T11:39:03,SITE-007,Section C — Nakuru-Eldoret Extension,407.0,4169.3,28.3,Partially Open,SNS-012
TEL-002175,2026-05-31T11:57:50,SITE-002,Section E — Makueni Branch,477.1,3580.4,39.9,Closed,SNS-002
TEL-000727,2026-05-05T14:20:15,SITE-006,Section E — Makueni Branch,487.2,1817.9,34.2,Closed,SNS-012
TEL-000141,2026-04-25T07:26:50,SITE-005,Section D — Sinendet Lateral,356.1,2672.4,37.9,Open,SNS-004
TEL-004186,2026-07-07T15:45:26,SITE-001,Section D — Sinendet Lateral,511.7,1498.2,34.3,Open,SNS-010
TEL-001695,2026-05-22T18:20:14,SITE-006,Section D — Sinendet Lateral,494.0,3513.8,24.0,Closed,SNS-002
TEL-003551,2026-06-25T04:51:00,SITE-001,Section B — Nairobi-Nakuru Spur,460.6,3042.8,25.0,Open,SNS-012
TEL-001344,2026-05-16T21:11:03,MAKUENI,Section F — Kisumu Terminal Link,373.3,3580.2,32.9,Closed,SNS-012
TEL-000410,2026-04-29T23:52:09,SITE-004,Section E — Makueni Branch,406.3,3061.1,29.4,Closed,SNS-002
TEL-003162,2026-06-18T04:14:58,Nakuru  Depot,Section E — Makueni Branch,375.2,2962.9,29.3,Partially Open,SNS-014
TEL-001655,2026-05-22T04:18:40,SITE-007,Section B — Nairobi-Nakuru Spur,450.4,3366.3,28.5,Open,SNS-010
TEL-001762,2026-05-23T20:08:25,SITE-007,Section C — Nakuru-Eldoret Extension,332.7,2646.0,27.3,Open,SNS-003
TEL-001105,2026-05-12T13:52:11,SITE-006,Section A — Mombasa-Nairobi Main,430.7,2819.3,28.4,Open,SNS-007
TEL-000865,2026-05-08T04:17:01,SITE-003,Section A — Mombasa-Nairobi Main,370.1,1654.9,38.0,Closed,SNS-014
TEL-000286,2026-04-28T01:38:48,SITE-003,Section D — Sinendet Lateral,441.8,3681.9,26.4,Partially Open,SNS-009
TEL-004858,2026-07-18T21:03:06,SITE-002,Section C — Nakuru-Eldoret Extension,449.2,3038.4,31.3,Closed,SNS-002
TEL-004591,2026-07-14T12:16:42,SITE-006,Section D — Sinendet Lateral,324.5,3715.9,28.2,Partially Open,SNS-011
TEL-002939,2026-06-14T02:11:28,SITE-004,Section F — Kisumu Terminal Link,441.2,3525.7,22.0,Open,SNS-012
TEL-000459,2026-04-30T20:13:02,SITE-003,Section F — Kisumu Terminal Link,541.1,2536.2,26.3,Partially Open,SNS-013
TEL-002098,2026-05-30T04:30:04,SITE-007,Section E — Makueni Branch,410.9,3470.3,22.3,Open,SNS-004
TEL-002681,2026-06-10T01:51:10,SITE-004,Section B — Nairobi-Nakuru Spur,445.1,2006.5,38.5,Open,SNS-004
TEL-002712,2026-06-10T16:18:52,SITE-006,Section B — Nairobi-Nakuru Spur,327.4,3416.9,27.7,Open,SNS-012
TEL-003675,2026-06-27T14:27:56,SITE-005,Section E — Makueni Branch,399.6,3516.8,26.0,Open,SNS-002
TEL-001462,2026-05-18T18:46:05,SITE-001,Section F — Kisumu Terminal Link,513.7,2956.6,34.5,Open,SNS-009
TEL-001611,2026-05-21T08:30:05,SITE-005,Section B — Nairobi-Nakuru Spur,368.0,3640.9,20.3,Open,SNS-006
TEL-004472,2026-07-12T14:55:19,SITE-002,Section E — Makueni Branch,298.9,2835.3,32.0,Partially Open,SNS-012
TEL-000056,2026-04-23T22:46:27,SITE-004,Section A — Mombasa-Nairobi Main,,2143.6,32.7,Partially Open,SNS-007
TEL-003746,2026-06-28T16:59:41,SITE-005,Section B — Nairobi-Nakuru Spur,370.9,2830.6,31.5,Partially Open,SNS-003
TEL-001103,2026-05-12T12:16:01,SITE-007,Section F — Kisumu Terminal Link,379.4,4093.0,24.0,Closed,SNS-008
TEL-000347,2026-04-29T04:04:57,SITE-007,Section F — Kisumu Terminal Link,322.9,2347.4,32.2,Open,SNS-008
TEL-000360,2026-04-29T08:36:35,SITE-002,Section F — Kisumu Terminal Link,600.0,2778.9,32.2,Open,SNS-002
TEL-000996,2026-05-10T17:49:49,SITE-005,Section D — Sinendet Lateral,395.0,1629.1,32.2,Open,SNS-002
TEL-004491,2026-07-12T22:06:14,SITE-001,Section A — Mombasa-Nairobi Main,427.0,2969.3,27.5,Closed,SNS-004
TEL-001895,2026-05-26T09:46:33,SITE-005,Section E — Makueni Branch,324.2,2718.1,37.6,Closed,SNS-007
TEL-002198,2026-05-31T23:25:38,SITE-007,Section E — Makueni Branch,336.3,4719.1,39.1,Open,SNS-009
TEL-004066,2026-07-05T07:35:45,SITE-001,Section D — Sinendet Lateral,322.6,2696.2,37.2,Open,SNS-010
TEL-000511,2026-05-01T21:52:44,SITE-003,Section D — Sinendet Lateral,367.4,2295.6,29.6,Open,SNS-002
TEL-002859,2026-06-12T19:53:45,SITE-003,Section D — Sinendet Lateral,481.0,1997.4,34.7,Open,SNS-004
TEL-003429,2026-06-22T21:39:02,SITE-001,Section C — Nakuru-Eldoret Extension,407.6,2461.4,43.2,Open,SNS-002
TEL-000619,2026-05-03T16:26:20,SITE-007,Section E — Makueni Branch,339.3,1338.1,33.5,Partially Open,SNS-011
TEL-002853,2026-06-12T15:35:18,SITE-001,Section C — Nakuru-Eldoret Extension,563.1,3109.0,31.3,Open,SNS-010
TEL-001031,2026-05-11T06:45:25,SITE-006,Section A — Mombasa-Nairobi Main,412.7,3164.0,24.8,Open,SNS-013
TEL-000616,2026-05-03T15:42:25,SITE-005,Section D — Sinendet Lateral,448.6,3138.8,32.2,Open,SNS-005
TEL-000453,2026-04-30T16:59:28,SITE-004,Section A — Mombasa-Nairobi Main,371.3,3203.9,29.4,Closed,SNS-009
TEL-000737,2026-05-05T17:51:56,SITE-002,Section C — Nakuru-Eldoret Extension,446.1,3504.4,32.7,Partially Open,SNS-003
TEL-000337,2026-04-29T00:55:20,SITE-007,Section B — Nairobi-Nakuru Spur,386.7,3057.2,24.5,Open,SNS-012
TEL-002199,2026-05-31T23:36:09,SITE-001,Section E — Makueni Branch,433.2,2870.3,31.1,Closed,SNS-011
TEL-001108,2026-05-12T16:52:26,SITE-005,Section C — Nakuru-Eldoret Extension,345.2,1296.4,20.7,Partially Open,SNS-001
TEL-001030,2026-05-11T06:44:24,SITE-006,Section F — Kisumu Terminal Link,421.4,2857.1,28.9,Open,SNS-012
TEL-000652,2026-05-04T05:49:31,SITE-007,Section D — Sinendet Lateral,425.5,3328.1,17.2,Closed,SNS-002
TEL-004141,2026-07-06T13:46:53,SITE-004,Section E — Makueni Branch,334.0,3349.5,33.7,Closed,SNS-008
TEL-001489,2026-05-19T05:58:35,SITE-004,Section C — Nakuru-Eldoret Extension,516.2,2891.5,15.6,Open,SNS-004
TEL-002753,2026-06-11T05:09:32,SITE-004,Section E — Makueni Branch,329.1,3551.4,26.8,Open,SNS-009
TEL-000706,2026-05-05T03:56:47,SITE-007,Section E — Makueni Branch,398.1,1755.3,32.7,Closed,SNS-009
TEL-002212,2026-06-01T04:10:06,SITE-003,Section C — Nakuru-Eldoret Extension,342.7,3329.2,38.8,Open,SNS-008
TEL-000598,2026-05-03T08:46:30,SITE-005,Section F — Kisumu Terminal Link,451.5,1806.2,27.0,Closed,SNS-003
TEL-001689,2026-05-22T16:45:24,SITE-002,Section D — Sinendet Lateral,411.6,3002.5,24.2,Open,SNS-006
TEL-003069,2026-06-16T17:59:36,Nakuru  Depot,Section B — Nairobi-Nakuru Spur,368.6,3118.6,35.3,Open,SNS-013
TEL-004486,2026-07-12T19:48:57,ELD Terminal,Section F — Kisumu Terminal Link,492.6,3147.5,29.6,Open,SNS-010
TEL-004206,2026-07-08T00:37:09,SITE-001,Section C — Nakuru-Eldoret Extension,208.2,2486.5,29.3,Closed,SNS-005
TEL-002480,2026-06-06T06:54:47,SITE-001,Section C — Nakuru-Eldoret Extension,410.8,3280.1,27.7,Partially Open,SNS-006
TEL-003174,2026-06-18T09:37:01,SITE-002,Section D — Sinendet Lateral,386.1,2808.0,30.1,Open,SNS-012
TEL-000085,2026-04-24T08:54:22,SITE-004,Section D — Sinendet Lateral,324.7,1407.4,26.9,Open,SNS-004
TEL-001015,2026-05-10T23:47:28,SITE-002,Section D — Sinendet Lateral,274.3,2991.6,22.2,Open,SNS-004
TEL-002572,2026-06-07T21:23:43,SITE-002,Section E — Makueni Branch,406.5,2015.7,35.6,Open,SNS-003
TEL-001717,2026-05-23T01:25:59,Sinendet  Pump Station,Section A — Mombasa-Nairobi Main,480.3,2970.8,29.8,Closed,SNS-010
TEL-003747,2026-06-28T17:37:22,SITE-007,Section B — Nairobi-Nakuru Spur,301.5,2563.2,24.4,Open,SNS-008
TEL-000531,2026-05-02T04:53:02,SITE-002,Section D — Sinendet Lateral,329.5,2998.1,29.8,Closed,SNS-003
TEL-002351,2026-06-03T18:26:58,SITE-002,Section E — Makueni Branch,383.4,2135.3,32.0,Open,SNS-014
TEL-002892,2026-06-13T06:54:27,SITE-001,Section E — Makueni Branch,368.9,4119.2,25.8,Open,SNS-014
TEL-002509,2026-06-06T20:16:40,SITE-006,Section C — Nakuru-Eldoret Extension,472.3,2793.5,37.0,Open,SNS-013
TEL-002581,2026-06-08T02:48:51,SITE-007,Section D — Sinendet Lateral,405.5,4153.6,23.8,Closed,SNS-006
TEL-003443,2026-06-23T05:39:28,SITE-007,Section C — Nakuru-Eldoret Extension,325.0,3553.6,24.2,Open,SNS-014
TEL-004380,2026-07-10T22:58:54,SITE-006,Section B — Nairobi-Nakuru Spur,348.8,2733.1,30.9,Open,SNS-013
TEL-004381,2026-07-10T23:00:32,Nakuru dep,Section A — Mombasa-Nairobi Main,325.6,3076.8,39.7,Closed,SNS-008
TEL-003430,2026-06-22T21:46:48,SITE-003,Section A — Mombasa-Nairobi Main,291.2,2989.6,32.7,Partially Open,SNS-013
TEL-000109,2026-04-24T18:48:37,SITE-005,Section B — Nairobi-Nakuru Spur,493.1,2399.8,33.2,Open,SNS-009
TEL-004400,2026-07-11T08:42:31,SITE-002,Section B — Nairobi-Nakuru Spur,525.0,2660.5,18.9,Closed,SNS-011
TEL-003618,2026-06-26T12:07:32,SINENDET,Section B — Nairobi-Nakuru Spur,582.0,2965.3,39.0,Open,SNS-008
TEL-003424,2026-06-22T18:30:00,SITE-004,Section B — Nairobi-Nakuru Spur,449.3,4069.3,34.7,Open,SNS-003
TEL-002661,2026-06-09T15:11:18,SITE-003,Section C — Nakuru-Eldoret Extension,218.3,2026.9,32.2,Open,SNS-007
TEL-001990,2026-05-28T05:43:30,SITE-003,Section E — Makueni Branch,491.1,2999.2,41.5,Partially Open,SNS-009
TEL-001718,2026-05-23T01:50:26,SITE-001,Section D — Sinendet Lateral,514.0,3272.5,28.1,Open,SNS-002
TEL-004971,2026-07-21T09:00:18,SITE-001,Section B — Nairobi-Nakuru Spur,487.3,3055.9,40.6,Open,SNS-008
TEL-000273,2026-04-27T19:05:47,SITE-005,Section E — Makueni Branch,300.8,,28.1,Partially Open,SNS-014
TEL-000656,2026-05-04T06:43:32,SITE-002,Section D — Sinendet Lateral,600.0,3937.4,32.4,Open,SNS-010
TEL-001884,2026-05-26T03:41:26,SITE-001,Section D — Sinendet Lateral,355.6,4766.6,19.6,Closed,SNS-005
TEL-002749,2026-06-11T02:24:36,SITE-007,Section A — Mombasa-Nairobi Main,850,2208.8,30.4,Open,SNS-011
TEL-002106,2026-05-30T05:36:19,SITE-005,Section A — Mombasa-Nairobi Main,506.9,2676.7,35.7,Open,SNS-011
TEL-002765,2026-06-11T08:25:30,SITE-004,Section D — Sinendet Lateral,395.1,1399.2,40.7,Open,SNS-012
TEL-002978,2026-06-14T18:21:07,SITE-004,Section E — Makueni Branch,485.5,2914.8,36.4,Partially Open,SNS-006
TEL-004510,2026-07-13T08:00:35,SITE-001,Section B — Nairobi-Nakuru Spur,334.8,3337.7,26.8,Open,SNS-003
TEL-004084,2026-07-05T14:30:35,SITE-001,Section F — Kisumu Terminal Link,373.5,2814.9,28.0,Closed,SNS-012
TEL-000449,2026-04-30T14:59:14,SITE-003,Section A — Mombasa-Nairobi Main,370.7,3982.6,16.5,Partially Open,SNS-010
TEL-000455,2026-04-30T17:33:51,SITE-007,Section E — Makueni Branch,372.8,2768.7,29.8,Open,SNS-013
TEL-003726,2026-06-28T09:58:20,SITE-001,Section B — Nairobi-Nakuru Spur,483.3,3468.1,31.8,Closed,SNS-003
TEL-003941,2026-07-02T17:52:54,SITE-001,Section C — Nakuru-Eldoret Extension,431.0,2428.3,30.6,Partially Open,SNS-009
TEL-003793,2026-06-29T14:44:19,SITE-001,Section B — Nairobi-Nakuru Spur,381.1,3104.4,44.3,Open,SNS-001
TEL-000511,2026-05-01T21:52:44,SITE-003,Section D — Sinendet Lateral,367.4,2295.6,29.6,Open,SNS-002
TEL-004653,2026-07-15T09:58:00,SITE-006,Section F — Kisumu Terminal Link,325.0,3991.4,25.0,Partially Open,SNS-012
TEL-001613,2026-05-21T09:31:31,SITE-001,Section F — Kisumu Terminal Link,380.2,2207.0,28.8,Open,SNS-011
TEL-002616,2026-06-08T19:38:58,SITE-005,Section D — Sinendet Lateral,344.4,2448.6,34.3,Closed,SNS-005
TEL-001527,2026-05-19T22:28:35,SITE-003,Section C — Nakuru-Eldoret Extension,485.4,3515.5,34.9,Closed,SNS-005
TEL-000027,2026-04-23T12:57:39,SITE-006,Section C — Nakuru-Eldoret Extension,450.3,4337.1,35.0,Open,SNS-007
TEL-001436,2026-05-18T07:26:42,SITE-002,Section C — Nakuru-Eldoret Extension,419.9,3298.8,38.1,Closed,SNS-013
TEL-004158,2026-07-07T01:24:33,SITE-001,Section A — Mombasa-Nairobi Main,415.4,3325.8,26.6,Open,SNS-012
TEL-001798,2026-05-24T12:53:30,SITE-001,Section D — Sinendet Lateral,503.3,2412.7,37.1,Partially Open,SNS-009
TEL-001663,2026-05-22T07:22:10,SITE-005,Section C — Nakuru-Eldoret Extension,341.5,2967.8,32.2,Open,SNS-011
TEL-004547,2026-07-13T22:54:23,SITE-006,Section A — Mombasa-Nairobi Main,423.8,2670.9,42.9,Open,SNS-005
TEL-003749,2026-06-28T19:20:02,SITE-001,Section C — Nakuru-Eldoret Extension,369.7,2219.4,25.3,Open,SNS-011
TEL-002097,2026-05-30T04:07:18,SITE-001,Section B — Nairobi-Nakuru Spur,234.8,1692.7,32.2,Partially Open,SNS-001
TEL-002589,2026-06-08T06:51:38,SITE-002,Section B — Nairobi-Nakuru Spur,240.0,2648.0,25.2,Closed,SNS-003
TEL-001368,2026-05-17T04:38:33,SITE-006,Section D — Sinendet Lateral,352.9,3491.6,35.4,Open,SNS-007
TEL-000778,2026-05-06T15:49:14,Nakuru dep,Section C — Nakuru-Eldoret Extension,469.5,2824.0,32.0,Partially Open,SNS-009
TEL-004724,2026-07-16T12:41:58,SITE-005,Section C — Nakuru-Eldoret Extension,334.3,3529.5,30.5,Open,SNS-014
TEL-002560,2026-06-07T17:20:49,SITE-003,Section C — Nakuru-Eldoret Extension,393.2,3878.1,28.4,Open,SNS-008
TEL-004282,2026-07-09T04:31:03,SITE-003,Section F — Kisumu Terminal Link,207.3,5000.0,24.4,Open,SNS-005
TEL-001005,2026-05-10T21:21:49,SITE-003,Section C — Nakuru-Eldoret Extension,490.2,3133.1,37.1,Closed,SNS-004
TEL-002851,2026-06-12T14:46:37,Mombasa term,Section C — Nakuru-Eldoret Extension,317.0,2973.8,27.0,Open,SNS-014
TEL-000388,2026-04-29T16:18:18,SITE-001,Section A — Mombasa-Nairobi Main,311.4,1437.7,30.5,Closed,SNS-004
TEL-001381,2026-05-17T08:50:08,SITE-006,Section E — Makueni Branch,400.8,4174.8,19.9,Open,SNS-014
TEL-001898,2026-05-26T11:16:03,Nairobi term,Section A — Mombasa-Nairobi Main,436.3,2964.8,25.4,Open,SNS-008
TEL-001315,2026-05-16T04:29:24,MOMBASA,Section E — Makueni Branch,577.3,2516.6,30.9,Open,SNS-007
TEL-003082,2026-06-16T22:48:36,SITE-007,Section E — Makueni Branch,347.9,3463.4,27.9,Closed,SNS-005
TEL-004085,2026-07-05T14:31:16,SITE-005,Section E — Makueni Branch,385.3,2489.2,33.1,Open,SNS-001
TEL-002064,2026-05-29T13:57:17,SITE-006,Section E — Makueni Branch,386.7,3032.1,28.3,Open,SNS-008
TEL-003517,2026-06-24T15:28:25,SITE-003,Section E — Makueni Branch,253.4,3389.1,35.3,Open,SNS-009
TEL-003267,2026-06-20T01:17:38,SITE-001,Section B — Nairobi-Nakuru Spur,465.9,3153.6,31.1,Closed,SNS-014
TEL-003992,2026-07-03T22:20:30,SITE-002,Section F — Kisumu Terminal Link,464.7,4093.6,26.9,Partially Open,SNS-006
TEL-003036,2026-06-16T01:04:54,SITE-001,Section A — Mombasa-Nairobi Main,552.0,2613.1,41.2,Closed,SNS-005
TEL-003041,2026-06-16T03:51:01,SITE-006,Section C — Nakuru-Eldoret Extension,276.4,2665.6,23.7,Open,SNS-010
TEL-001741,2026-05-23T11:32:00,Nakuru dep,Section A — Mombasa-Nairobi Main,448.0,2389.0,37.5,Open,SNS-003
TEL-001950,2026-05-27T14:34:58,Nakuru  Depot,Section E — Makueni Branch,440.6,3145.9,29.9,Open,SNS-010
TEL-001240,2026-05-15T01:27:24,SITE-003,Section D — Sinendet Lateral,296.5,2973.3,40.5,Open,SNS-005
TEL-000804,2026-05-07T03:37:08,SITE-005,Section F — Kisumu Terminal Link,430.8,3595.6,18.6,Partially Open,SNS-009
TEL-002219,2026-06-01T07:02:29,SITE-004,Section A — Mombasa-Nairobi Main,382.3,3738.8,34.7,Closed,SNS-006
TEL-003957,2026-07-03T02:16:03,makueni section,Section A — Mombasa-Nairobi Main,344.6,2547.6,38.7,Open,SNS-005
TEL-003200,2026-06-18T19:19:35,SITE-006,Section E — Makueni Branch,459.1,3268.8,24.9,Open,SNS-003
TEL-002783,2026-06-11T14:19:31,MSA Terminal,Section C — Nakuru-Eldoret Extension,250.6,2993.5,36.7,Open,SNS-013
TEL-002164,2026-05-31T06:47:49,SITE-004,Section F — Kisumu Terminal Link,438.7,2119.6,39.5,Partially Open,SNS-003
TEL-003502,2026-06-24T08:26:35,Nairobi  Terminal,Section F — Kisumu Terminal Link,488.5,3009.6,31.9,Closed,SNS-002
TEL-002077,2026-05-29T19:11:51,SITE-003,Section C — Nakuru-Eldoret Extension,394.2,3768.1,24.1,Partially Open,SNS-014
TEL-004742,2026-07-16T20:39:38,SITE-004,Section F — Kisumu Terminal Link,299.9,,19.8,Open,SNS-001
TEL-000236,2026-04-27T01:55:59,SITE-003,Section B — Nairobi-Nakuru Spur,440.4,3386.8,28.1,Closed,SNS-007
TEL-001437,2026-05-18T07:30:03,SITE-005,Section B — Nairobi-Nakuru Spur,469.5,3475.8,26.5,Open,SNS-007
TEL-004268,2026-07-08T23:13:21,SITE-001,Section F — Kisumu Terminal Link,200.0,3884.1,28.5,Open,SNS-014
TEL-004291,2026-07-09T06:44:36,SITE-003,Section B — Nairobi-Nakuru Spur,367.5,1389.7,24.1,Open,SNS-008
TEL-002069,2026-05-29T15:47:08,SITE-004,Section C — Nakuru-Eldoret Extension,379.4,2739.0,23.0,Partially Open,SNS-001
TEL-000648,2026-05-04T04:41:04,SITE-004,Section C — Nakuru-Eldoret Extension,430.2,3066.9,39.3,Open,SNS-005
TEL-004398,2026-07-11T05:13:40,SITE-006,Section B — Nairobi-Nakuru Spur,309.1,3530.9,22.7,Partially Open,SNS-004
TEL-001021,2026-05-11T02:50:29,NAKURU,Section E — Makueni Branch,279.2,2679.4,24.9,Partially Open,SNS-006
TEL-001191,2026-05-14T05:00:41,SITE-004,Section B — Nairobi-Nakuru Spur,370.5,4809.8,31.0,Partially Open,SNS-001
TEL-001598,2026-05-21T05:17:45,SITE-005,Section B — Nairobi-Nakuru Spur,230.6,3509.2,28.9,Partially Open,SNS-003
TEL-003744,2026-06-28T15:53:00,SITE-003,Section B — Nairobi-Nakuru Spur,306.4,4272.1,34.4,Closed,SNS-002
TEL-000791,2026-05-06T21:52:12,SITE-007,Section A — Mombasa-Nairobi Main,349.1,3990.9,26.8,Closed,SNS-008
TEL-000368,2026-04-29T10:25:42,SITE-002,Section F — Kisumu Terminal Link,264.4,3342.3,38.5,Closed,SNS-003
TEL-003630,2026-06-26T20:38:55,SITE-004,Section B — Nairobi-Nakuru Spur,435.6,1976.1,39.1,Open,SNS-005
TEL-000874,2026-05-08T07:25:26,SITE-001,Section B — Nairobi-Nakuru Spur,402.4,3174.2,33.2,Partially Open,SNS-009
TEL-004253,2026-07-08T18:46:23,SITE-002,Section A — Mombasa-Nairobi Main,445.7,2905.7,29.2,Open,SNS-010
TEL-000451,2026-04-30T15:56:50,Nakuru dep,Section B — Nairobi-Nakuru Spur,348.4,2415.2,32.3,Partially Open,SNS-002
TEL-003205,2026-06-18T23:12:03,SITE-006,Section E — Makueni Branch,578.5,3039.2,29.9,Open,SNS-005
TEL-000501,2026-05-01T18:42:48,SITE-003,Section A — Mombasa-Nairobi Main,313.2,1832.4,20.4,Closed,SNS-008
TEL-001644,2026-05-22T00:44:34,MSA Terminal,Section C — Nakuru-Eldoret Extension,380.3,1970.6,37.5,Closed,SNS-001
TEL-004042,2026-07-04T19:49:08,SITE-006,Section C — Nakuru-Eldoret Extension,341.0,3444.2,22.1,Closed,SNS-009
TEL-002259,2026-06-02T02:26:08,SITE-005,Section E — Makueni Branch,552.4,2769.7,30.2,Closed,SNS-004
TEL-001518,2026-05-19T19:42:08,SITE-006,Section A — Mombasa-Nairobi Main,459.5,4073.2,27.4,Closed,SNS-011
TEL-000557,2026-05-02T18:13:04,SITE-001,Section A — Mombasa-Nairobi Main,335.0,3313.8,25.4,Open,SNS-008
TEL-000662,2026-05-04T08:11:02,SITE-005,Section C — Nakuru-Eldoret Extension,471.4,3074.2,26.3,Partially Open,SNS-003
TEL-000087,2026-04-24T09:46:11,makueni section,Section F — Kisumu Terminal Link,200.0,2819.7,28.7,Open,SNS-004
TEL-004364,2026-07-10T15:04:09,SITE-004,Section B — Nairobi-Nakuru Spur,548.7,3449.0,26.1,Open,SNS-006
TEL-004069,2026-07-05T08:05:25,makueni section,Section F — Kisumu Terminal Link,478.1,4056.3,31.0,Open,SNS-006
TEL-000552,2026-05-02T17:15:28,SITE-004,Section B — Nairobi-Nakuru Spur,271.3,3654.7,38.4,Open,SNS-006
TEL-001228,2026-05-14T20:39:49,SITE-004,Section E — Makueni Branch,408.0,2037.6,22.3,Closed,SNS-011
TEL-000746,2026-05-05T22:23:01,SITE-005,Section D — Sinendet Lateral,534.5,2632.1,31.1,Open,SNS-010
TEL-001398,2026-05-17T14:34:06,SITE-003,Section A — Mombasa-Nairobi Main,327.1,1982.3,35.6,Closed,SNS-006
TEL-004026,2026-07-04T12:52:48,SITE-002,Section F — Kisumu Terminal Link,433.5,3528.2,29.3,Open,SNS-004
TEL-003554,2026-06-25T06:07:41,SITE-004,Section C — Nakuru-Eldoret Extension,243.3,2500.0,20.6,Closed,SNS-010
TEL-001311,2026-05-16T03:41:42,SITE-002,Section D — Sinendet Lateral,327.1,2167.9,24.5,Closed,SNS-006
TEL-000565,2026-05-02T21:24:59,SITE-005,Section C — Nakuru-Eldoret Extension,374.7,2144.2,31.6,Partially Open,SNS-006
TEL-001233,2026-05-14T22:53:56,SITE-002,Section D — Sinendet Lateral,282.1,2734.9,23.2,Open,SNS-013
TEL-001827,2026-05-25T03:31:00,SITE-004,Section D — Sinendet Lateral,502.1,4512.7,23.4,Partially Open,SNS-001
TEL-003769,2026-06-29T06:07:31,SITE-006,Section F — Kisumu Terminal Link,534.0,4249.9,36.6,Closed,SNS-013
TEL-001337,2026-05-16T19:00:10,SITE-002,Section B — Nairobi-Nakuru Spur,363.3,2501.5,24.6,Open,SNS-007
TEL-002434,2026-06-05T07:32:34,SITE-001,Section C — Nakuru-Eldoret Extension,434.2,2726.6,27.3,Open,SNS-007
TEL-000472,2026-05-01T04:57:18,SITE-002,Section F — Kisumu Terminal Link,299.0,3924.5,30.4,Partially Open,SNS-011
TEL-000246,2026-04-27T06:28:21,SITE-001,Section C — Nakuru-Eldoret Extension,368.0,3691.3,33.9,Open,SNS-006
TEL-001531,2026-05-20T00:59:25,SITE-004,Section C — Nakuru-Eldoret Extension,431.2,2361.3,28.3,Closed,SNS-011
TEL-002383,2026-06-04T10:10:42,SITE-001,Section A — Mombasa-Nairobi Main,218.3,,24.2,Open,SNS-001
TEL-004626,2026-07-14T23:24:49,SITE-004,Section A — Mombasa-Nairobi Main,411.1,3609.8,38.8,Open,SNS-010
TEL-004437,2026-07-12T00:35:59,SITE-005,Section A — Mombasa-Nairobi Main,367.8,3033.6,27.0,Open,SNS-001
TEL-001964,2026-05-27T19:47:34,Nakuru dep,Section B — Nairobi-Nakuru Spur,391.8,2284.3,37.7,Closed,SNS-014
TEL-000614,2026-05-03T15:14:02,SITE-002,Section A — Mombasa-Nairobi Main,538.7,3191.2,28.2,Open,SNS-011
TEL-003593,2026-06-25T22:40:29,SITE-004,Section A — Mombasa-Nairobi Main,544.2,3035.7,21.3,Open,SNS-010
TEL-003998,2026-07-04T00:14:55,SITE-006,Section B — Nairobi-Nakuru Spur,412.9,1000.0,35.5,Partially Open,SNS-005
TEL-003720,2026-06-28T07:29:26,SITE-004,Section E — Makueni Branch,500.5,3730.5,28.5,Open,SNS-006
TEL-003384,2026-06-22T00:27:36,SITE-002,Section C — Nakuru-Eldoret Extension,426.0,2074.4,26.6,Partially Open,SNS-013
TEL-001563,2026-05-20T12:11:51,SITE-003,Section F — Kisumu Terminal Link,415.5,1504.4,26.9,Open,SNS-005
TEL-000843,2026-05-07T16:50:38,SITE-003,Section D — Sinendet Lateral,401.9,2841.8,26.8,Open,SNS-003
TEL-001701,2026-05-22T20:25:24,SITE-003,Section E — Makueni Branch,403.7,4519.0,18.6,Closed,SNS-011
TEL-000194,2026-04-26T10:12:40,SITE-004,Section B — Nairobi-Nakuru Spur,458.7,2391.7,39.8,Partially Open,SNS-004
TEL-003645,2026-06-27T02:33:03,SITE-005,Section F — Kisumu Terminal Link,,3328.4,31.6,Closed,SNS-002
TEL-004673,2026-07-15T16:32:25,SITE-006,Section C — Nakuru-Eldoret Extension,391.3,3478.8,26.5,Open,SNS-009
TEL-003441,2026-06-23T04:30:00,SITE-006,Section E — Makueni Branch,377.1,4426.3,21.4,Closed,SNS-008
TEL-000658,2026-05-04T07:23:04,SITE-001,Section E — Makueni Branch,376.2,3263.5,32.5,Open,SNS-006
TEL-002431,2026-06-05T07:00:42,SITE-004,Section E — Makueni Branch,452.9,1696.7,22.1,Partially Open,SNS-006
TEL-003367,2026-06-21T16:31:01,SITE-004,Section D — Sinendet Lateral,261.6,3692.2,33.0,Closed,SNS-011
TEL-003335,2026-06-21T05:07:47,SITE-007,Section A — Mombasa-Nairobi Main,480.0,3457.9,28.8,Open,SNS-008
TEL-004940,2026-07-20T15:03:56,SITE-006,Section C — Nakuru-Eldoret Extension,463.4,2875.9,32.9,Open,SNS-003
TEL-003580,2026-06-25T17:16:21,SITE-006,Section E — Makueni Branch,330.5,2478.8,33.5,Closed,SNS-007
TEL-002505,2026-06-06T18:39:41,SITE-003,Section F — Kisumu Terminal Link,375.3,2401.4,32.6,Open,SNS-007
TEL-004582,2026-07-14T10:17:52,Nakuru  Depot,Section B — Nairobi-Nakuru Spur,308.5,3058.0,20.2,Closed,SNS-001
TEL-002265,2026-06-02T03:48:17,SITE-001,Section E — Makueni Branch,417.7,1086.1,28.5,Open,SNS-012
TEL-003330,2026-06-21T03:21:06,SITE-006,Section D — Sinendet Lateral,394.9,3354.9,25.8,Closed,SNS-014
TEL-002708,2026-06-10T13:01:16,SITE-007,Section D — Sinendet Lateral,301.9,3428.8,25.0,Open,SNS-001
TEL-003163,2026-06-18T04:32:22,SITE-006,Section E — Makueni Branch,393.6,3790.6,25.8,Open,SNS-003
TEL-000154,2026-04-25T17:07:24,SITE-007,Section A — Mombasa-Nairobi Main,361.3,2972.0,38.3,Open,SNS-007
TEL-003004,2026-06-15T04:28:30,SITE-007,Section A — Mombasa-Nairobi Main,381.0,2722.0,28.0,Open,SNS-013
TEL-001881,2026-05-26T02:35:14,SITE-005,Section A — Mombasa-Nairobi Main,274.1,3033.1,29.7,Closed,SNS-002
TEL-001608,2026-05-21T07:58:46,SITE-005,Section A — Mombasa-Nairobi Main,,3188.0,28.1,Closed,SNS-002
TEL-003173,2026-06-18T09:35:01,SITE-004,Section E — Makueni Branch,417.9,3619.7,38.5,Closed,SNS-014
TEL-004718,2026-07-16T09:05:05,SITE-003,Section F — Kisumu Terminal Link,600.0,3775.1,22.8,Partially Open,SNS-005
TEL-000613,2026-05-03T15:11:54,SITE-002,Section F — Kisumu Terminal Link,486.4,2799.9,35.0,Closed,SNS-002
TEL-000774,2026-05-06T13:04:05,SITE-005,Section F — Kisumu Terminal Link,328.6,1987.9,,Partially Open,SNS-011
TEL-001450,2026-05-18T12:46:10,SITE-001,Section D — Sinendet Lateral,387.2,3205.9,24.3,Closed,SNS-010
TEL-003404,2026-06-22T11:11:27,ELD Terminal,Section C — Nakuru-Eldoret Extension,388.2,2218.6,28.3,Closed,SNS-009
TEL-000167,2026-04-25T21:04:58,MOMBASA,Section D — Sinendet Lateral,375.5,2732.6,22.8,Partially Open,SNS-014
TEL-004217,2026-07-08T05:17:38,SITE-003,Section E — Makueni Branch,331.4,3103.7,36.3,Open,SNS-013
TEL-004931,2026-07-20T08:44:46,SITE-001,Section B — Nairobi-Nakuru Spur,367.0,4430.6,34.9,Open,SNS-001
TEL-002766,2026-06-11T08:43:46,SITE-003,Section B — Nairobi-Nakuru Spur,373.4,3902.1,33.4,Partially Open,SNS-009
TEL-001068,2026-05-11T23:09:03,SITE-006,Section A — Mombasa-Nairobi Main,327.0,2988.8,38.8,Open,SNS-010
TEL-004554,2026-07-14T02:41:01,SITE-003,Section A — Mombasa-Nairobi Main,415.4,2077.3,,Open,SNS-011
TEL-004285,2026-07-09T05:27:02,SITE-002,Section E — Makueni Branch,413.0,2403.9,38.0,Open,SNS-002
TEL-001524,2026-05-19T21:49:14,SITE-007,Section C — Nakuru-Eldoret Extension,362.4,2528.1,22.8,Closed,SNS-002
TEL-003636,2026-06-26T23:06:32,SITE-006,Section C — Nakuru-Eldoret Extension,370.1,2136.0,33.9,Open,SNS-010
TEL-001097,2026-05-12T10:29:40,sinendet pump station,Section C — Nakuru-Eldoret Extension,200.1,3244.0,26.2,Open,SNS-004
TEL-000611,2026-05-03T14:17:03,SITE-005,Section F — Kisumu Terminal Link,511.3,3154.5,34.1,Partially Open,SNS-002
TEL-000556,2026-05-02T18:12:26,SITE-003,Section F — Kisumu Terminal Link,443.1,2745.0,19.5,Partially Open,SNS-006
TEL-001098,2026-05-12T10:46:21,SITE-002,Section F — Kisumu Terminal Link,278.8,2956.7,30.2,Open,SNS-006
TEL-004110,2026-07-06T02:19:46,SITE-005,Section E — Makueni Branch,409.6,1040.6,40.3,Partially Open,SNS-005
TEL-003358,2026-06-21T14:22:24,SITE-001,Section C — Nakuru-Eldoret Extension,282.0,4883.4,32.1,Partially Open,SNS-008
TEL-001879,2026-05-26T02:01:10,SITE-002,Section F — Kisumu Terminal Link,453.7,2847.2,30.4,Partially Open,SNS-010
TEL-000032,2026-04-23T14:58:01,SITE-003,Section E — Makueni Branch,427.7,2242.1,26.1,Closed,SNS-009
TEL-000212,2026-04-26T16:50:30,SITE-003,Section B — Nairobi-Nakuru Spur,455.8,2156.6,28.0,Closed,SNS-008
TEL-002461,2026-06-05T20:15:44,SITE-007,Section B — Nairobi-Nakuru Spur,526.9,2287.9,36.2,Open,SNS-003
TEL-001022,2026-05-11T03:28:41,SITE-001,Section F — Kisumu Terminal Link,361.4,4635.1,24.2,Closed,SNS-006
TEL-003343,2026-06-21T08:35:54,SITE-002,Section C — Nakuru-Eldoret Extension,401.5,2066.8,24.6,Open,SNS-011
TEL-004190,2026-07-07T17:06:44,SITE-005,Section E — Makueni Branch,417.6,2975.3,28.6,Partially Open,SNS-010
TEL-001932,2026-05-27T05:36:14,SITE-003,Section A — Mombasa-Nairobi Main,850,3023.4,20.5,Open,SNS-008
TEL-000637,2026-05-04T00:18:28,SITE-005,Section D — Sinendet Lateral,412.4,4252.1,15.0,Partially Open,SNS-003
TEL-000572,2026-05-03T00:35:10,SITE-004,Section E — Makueni Branch,366.0,2662.9,31.7,Open,SNS-002
TEL-001143,2026-05-13T10:53:50,SITE-001,Section C — Nakuru-Eldoret Extension,520.9,3888.6,29.0,Partially Open,SNS-012
TEL-001038,2026-05-11T10:21:20,SITE-007,Section C — Nakuru-Eldoret Extension,456.5,2406.7,30.2,Open,SNS-013
TEL-000013,2026-04-23T08:24:05,SITE-005,Section B — Nairobi-Nakuru Spur,319.9,3207.6,20.5,Closed,SNS-010
TEL-003578,2026-06-25T16:25:01,SITE-005,Section C — Nakuru-Eldoret Extension,505.2,2697.6,30.4,Closed,SNS-012
TEL-001832,2026-05-25T04:38:35,KISUMU,Section E — Makueni Branch,297.8,2998.0,28.9,Open,SNS-001
TEL-001643,2026-05-22T00:06:25,SITE-005,Section E — Makueni Branch,265.0,4355.4,34.1,Partially Open,SNS-006
TEL-000099,2026-04-24T15:30:36,kisumu terminal,Section E — Makueni Branch,426.2,1205.8,23.1,Open,SNS-013
TEL-003084,2026-06-16T23:56:04,SITE-001,Section D — Sinendet Lateral,332.1,2513.6,33.9,Open,SNS-002
TEL-004426,2026-07-11T22:00:18,SITE-007,Section E — Makueni Branch,321.9,4240.0,28.2,Open,SNS-011
TEL-002347,2026-06-03T16:26:45,nairobi terminal,Section F — Kisumu Terminal Link,501.7,3980.5,28.3,Open,SNS-004
TEL-001778,2026-05-24T02:13:09,SITE-007,Section B — Nairobi-Nakuru Spur,370.4,2120.2,40.1,Open,SNS-012
TEL-001304,2026-05-16T01:57:10,SITE-004,Section C — Nakuru-Eldoret Extension,370.4,3435.3,25.7,Open,SNS-010
TEL-003890,2026-07-01T17:22:39,SITE-005,Section A — Mombasa-Nairobi Main,477.3,2665.8,25.1,Closed,SNS-014
TEL-000719,2026-05-05T10:06:29,SITE-004,Section E — Makueni Branch,428.4,2191.1,21.0,Closed,SNS-011
TEL-001359,2026-05-17T02:16:48,SITE-006,Section E — Makueni Branch,295.3,3642.0,37.9,Closed,SNS-001
TEL-001432,2026-05-18T05:44:05,SITE-004,Section C — Nakuru-Eldoret Extension,452.7,2010.7,30.2,Closed,SNS-011
TEL-000358,2026-04-29T08:11:13,SITE-007,Section B — Nairobi-Nakuru Spur,469.8,2654.1,33.1,Partially Open,SNS-012
TEL-000494,2026-05-01T15:58:50,SITE-006,Section C — Nakuru-Eldoret Extension,305.4,2040.0,21.0,Partially Open,SNS-006
TEL-000705,2026-05-05T02:49:10,SITE-004,Section F — Kisumu Terminal Link,483.9,2571.7,34.2,Open,SNS-008
TEL-001441,2026-05-18T10:45:27,SITE-007,Section B — Nairobi-Nakuru Spur,446.6,2407.4,31.0,Closed,SNS-008
TEL-000139,2026-04-25T06:27:15,makueni section,Section F — Kisumu Terminal Link,375.8,2917.5,39.1,Open,SNS-010
TEL-003937,2026-07-02T15:46:30,SITE-002,Section A — Mombasa-Nairobi Main,497.6,3080.1,31.6,Open,SNS-014
TEL-002040,2026-05-29T05:17:21,SITE-007,Section F — Kisumu Terminal Link,406.3,4154.6,33.1,Closed,SNS-010
TEL-001952,2026-05-27T15:21:12,Mombasa term,Section A — Mombasa-Nairobi Main,585.7,3615.3,30.2,Open,SNS-009
TEL-001473,2026-05-18T22:37:17,SITE-007,Section F — Kisumu Terminal Link,254.0,1705.0,28.7,Closed,SNS-011
TEL-000474,2026-05-01T05:18:36,SITE-003,Section D — Sinendet Lateral,406.9,3300.8,25.1,Partially Open,SNS-008
TEL-000082,2026-04-24T07:28:50,SITE-002,Section A — Mombasa-Nairobi Main,353.3,2049.3,33.3,Closed,SNS-008
TEL-002947,2026-06-14T06:05:24,Kipevu terminal,Section A — Mombasa-Nairobi Main,536.2,2783.9,34.4,Partially Open,SNS-008
TEL-000861,2026-05-08T01:47:14,SITE-002,Section D — Sinendet Lateral,500.9,3833.6,38.0,Partially Open,SNS-002
TEL-000663,2026-05-04T08:13:03,SITE-003,Section B — Nairobi-Nakuru Spur,501.8,2090.2,21.7,Closed,SNS-011
TEL-001419,2026-05-18T00:06:49,SITE-002,Section A — Mombasa-Nairobi Main,403.6,3556.0,25.3,Closed,SNS-008
TEL-001507,2026-05-19T11:53:13,SITE-002,Section D — Sinendet Lateral,-27.1,4771.3,23.4,Closed,SNS-008
TEL-003774,2026-06-29T08:44:11,SITE-007,Section D — Sinendet Lateral,464.0,3230.7,26.4,Open,SNS-002
TEL-003813,2026-06-30T03:16:25,SITE-005,Section C — Nakuru-Eldoret Extension,446.5,2849.4,28.8,Open,SNS-013
TEL-003804,2026-06-29T21:09:50,SITE-007,Section C — Nakuru-Eldoret Extension,365.7,3125.3,24.1,Closed,SNS-009
TEL-003135,2026-06-17T17:23:15,Nakuru dep,Section D — Sinendet Lateral,457.4,1118.1,30.4,Open,SNS-003
TEL-001862,2026-05-25T17:49:04,SITE-001,Section D — Sinendet Lateral,406.4,2229.6,35.7,Partially Open,SNS-004
TEL-001325,2026-05-16T12:26:35,SITE-003,Section B — Nairobi-Nakuru Spur,348.4,2173.7,37.3,Closed,SNS-005
TEL-003401,2026-06-22T08:36:03,SITE-003,Section E — Makueni Branch,561.3,3398.9,23.2,Partially Open,SNS-009
TEL-003225,2026-06-19T06:53:44,SITE-003,Section D — Sinendet Lateral,307.7,2914.0,33.8,Open,SNS-005
TEL-002563,2026-06-07T18:34:26,SITE-006,Section A — Mombasa-Nairobi Main,340.8,3724.0,27.2,Open,SNS-003
TEL-003584,2026-06-25T19:00:19,SITE-007,Section A — Mombasa-Nairobi Main,256.0,3095.7,30.6,Closed,SNS-011
TEL-002871,2026-06-12T23:29:02,SITE-001,Section B — Nairobi-Nakuru Spur,338.8,2081.1,32.6,Closed,SNS-007
TEL-003266,2026-06-20T00:57:13,SITE-005,Section B — Nairobi-Nakuru Spur,436.6,3871.7,29.7,Closed,SNS-012
TEL-000547,2026-05-02T15:16:41,SITE-004,Section C — Nakuru-Eldoret Extension,446.3,3048.7,30.9,Open,SNS-005
TEL-001781,2026-05-24T03:09:28,SITE-005,Section E — Makueni Branch,553.2,2573.5,30.2,Closed,SNS-014
TEL-000303,2026-04-28T09:12:17,SITE-001,Section E — Makueni Branch,478.3,2736.1,23.7,Open,SNS-005
TEL-000058,2026-04-23T23:15:20,ELD Terminal,Section B — Nairobi-Nakuru Spur,417.9,4066.3,26.1,Partially Open,SNS-001
TEL-004823,2026-07-18T05:33:00,SITE-003,Section C — Nakuru-Eldoret Extension,402.4,2985.9,37.1,Open,SNS-011
TEL-003306,2026-06-20T14:33:24,SITE-002,Section E — Makueni Branch,575.7,1786.6,22.5,Partially Open,SNS-001
TEL-002084,2026-05-29T21:22:13,SITE-005,Section E — Makueni Branch,400.3,2843.7,29.5,Open,SNS-013
TEL-000930,2026-05-09T09:49:29,Mombasa term,Section F — Kisumu Terminal Link,456.2,3398.6,31.6,Closed,SNS-013
TEL-004680,2026-07-15T17:56:46,SITE-007,Section C — Nakuru-Eldoret Extension,370.1,1715.7,22.0,Open,SNS-007
TEL-002000,2026-05-28T09:38:54,mombasa terminal,Section C — Nakuru-Eldoret Extension,595.6,2602.2,29.7,Partially Open,SNS-011
TEL-000173,2026-04-26T00:03:15,sinendet pump station,Section D — Sinendet Lateral,314.8,2594.3,31.2,Partially Open,SNS-009
TEL-004255,2026-07-08T19:22:02,SITE-002,Section C — Nakuru-Eldoret Extension,359.4,2764.3,27.9,Open,SNS-012
TEL-001578,2026-05-20T18:25:26,SITE-004,Section E — Makueni Branch,314.4,3314.6,37.4,Closed,SNS-001
TEL-001007,2026-05-10T22:29:21,SITE-004,Section D — Sinendet Lateral,389.9,2508.1,19.5,Open,SNS-006
TEL-002124,2026-05-30T15:12:53,SITE-004,Section A — Mombasa-Nairobi Main,464.2,4217.3,24.8,Partially Open,SNS-011
TEL-004211,2026-07-08T01:56:43,SITE-007,Section E — Makueni Branch,448.9,2725.8,30.9,Open,SNS-010
TEL-000299,2026-04-28T08:04:47,SITE-001,Section B — Nairobi-Nakuru Spur,362.7,1430.9,31.2,Open,SNS-010
TEL-000745,2026-05-05T21:58:22,SITE-006,Section E — Makueni Branch,313.5,2612.3,25.6,Open,SNS-007
TEL-001075,2026-05-12T02:59:23,SITE-007,Section D — Sinendet Lateral,382.0,1552.6,37.9,Closed,SNS-006
TEL-002673,2026-06-09T19:08:58,SITE-005,Section E — Makueni Branch,485.5,3227.1,23.3,Closed,SNS-006
TEL-003514,2026-06-24T13:01:12,SITE-004,Section D — Sinendet Lateral,471.4,3558.0,22.3,Open,SNS-002
TEL-000108,2026-04-24T18:25:41,SITE-007,Section B — Nairobi-Nakuru Spur,394.1,1389.6,29.7,Open,SNS-004
TEL-001071,2026-05-12T01:14:58,SITE-002,Section C — Nakuru-Eldoret Extension,249.8,2390.0,26.8,Open,SNS-002
TEL-000297,2026-04-28T06:40:35,SITE-006,Section B — Nairobi-Nakuru Spur,417.5,3181.1,29.5,Partially Open,SNS-012
TEL-003637,2026-06-27T00:16:09,NKR Depot,Section B — Nairobi-Nakuru Spur,274.4,2546.8,36.2,Partially Open,SNS-011
TEL-002512,2026-06-06T20:33:46,SITE-006,Section D — Sinendet Lateral,484.1,2090.3,42.3,Open,SNS-013
TEL-001928,2026-05-27T03:37:19,SITE-001,Section B — Nairobi-Nakuru Spur,313.1,3799.1,40.0,Closed,SNS-006
TEL-003885,2026-07-01T13:21:26,SITE-001,Section B — Nairobi-Nakuru Spur,569.2,2453.0,19.9,Open,SNS-007
TEL-001659,2026-05-22T05:02:26,SITE-006,Section E — Makueni Branch,428.0,3209.4,26.5,Open,SNS-004
TEL-003218,2026-06-19T02:57:45,SITE-006,Section B — Nairobi-Nakuru Spur,439.0,,31.9,Partially Open,SNS-006
TEL-001996,2026-05-28T07:29:09,SITE-001,Section E — Makueni Branch,472.6,4352.2,35.5,Open,SNS-011
TEL-002331,2026-06-03T09:49:33,SITE-007,Section D — Sinendet Lateral,600.0,2847.5,33.6,Closed,SNS-008
TEL-004019,2026-07-04T11:13:15,Kisumu  Terminal,Section A — Mombasa-Nairobi Main,449.0,3151.3,41.9,Closed,SNS-010
TEL-004223,2026-07-08T07:19:09,SITE-003,Section D — Sinendet Lateral,486.6,1861.8,33.3,Open,SNS-007
TEL-002970,2026-06-14T16:50:04,SITE-003,Section B — Nairobi-Nakuru Spur,389.5,3361.1,29.8,Closed,SNS-008
TEL-003132,2026-06-17T16:38:09,SITE-002,Section D — Sinendet Lateral,566.3,3212.6,18.2,Partially Open,SNS-006
TEL-002053,2026-05-29T10:05:14,SITE-002,Section B — Nairobi-Nakuru Spur,367.9,3180.2,21.4,Partially Open,SNS-010
TEL-001625,2026-05-21T16:52:33,SITE-003,Section C — Nakuru-Eldoret Extension,470.5,3427.1,30.2,Partially Open,SNS-012
TEL-003014,2026-06-15T10:30:27,SITE-007,Section A — Mombasa-Nairobi Main,462.5,3116.8,15.0,Open,SNS-010
TEL-001685,2026-05-22T15:08:54,Sinendet PS,Section B — Nairobi-Nakuru Spur,411.1,3601.5,30.1,Open,SNS-012
TEL-002566,2026-06-07T19:58:41,SITE-003,Section B — Nairobi-Nakuru Spur,330.4,3990.5,27.9,Open,SNS-007
TEL-002998,2026-06-15T02:19:37,KISUMU,Section F — Kisumu Terminal Link,576.1,2059.3,30.3,Partially Open,SNS-002
TEL-002002,2026-05-28T10:13:54,SITE-007,Section E — Makueni Branch,527.8,3025.7,20.9,Open,SNS-008
TEL-003779,2026-06-29T10:45:08,SITE-003,Section B — Nairobi-Nakuru Spur,431.1,2603.6,27.9,Open,SNS-007
TEL-003475,2026-06-23T19:36:10,NAIROBI,Section A — Mombasa-Nairobi Main,467.3,2916.5,33.4,Closed,SNS-003
TEL-001682,2026-05-22T13:58:35,SINENDET,Section C — Nakuru-Eldoret Extension,483.6,2818.9,23.3,Open,SNS-005
TEL-004038,2026-07-04T18:31:05,SITE-001,Section E — Makueni Branch,353.4,1683.0,26.1,Closed,SNS-014
TEL-001813,2026-05-24T20:40:25,SITE-005,Section F — Kisumu Terminal Link,391.2,2354.6,24.9,Open,SNS-001
TEL-001818,2026-05-24T22:33:37,SITE-003,Section B — Nairobi-Nakuru Spur,402.6,2844.5,29.8,Closed,SNS-006
TEL-003614,2026-06-26T09:02:46,eldoret terminal,Section C — Nakuru-Eldoret Extension,398.5,2077.4,29.6,Open,SNS-008
TEL-002570,2026-06-07T20:46:28,SITE-003,Section C — Nakuru-Eldoret Extension,471.0,2232.8,29.9,Open,SNS-008
TEL-002024,2026-05-28T19:58:05,SITE-002,Section E — Makueni Branch,498.1,3716.9,28.5,Partially Open,SNS-014
TEL-002366,2026-06-04T03:16:58,SITE-002,Section D — Sinendet Lateral,313.8,2095.7,27.2,Closed,SNS-008
TEL-001106,2026-05-12T14:21:20,SITE-002,Section B — Nairobi-Nakuru Spur,402.3,2937.1,25.3,Open,SNS-012
TEL-003492,2026-06-24T02:42:48,SITE-001,Section E — Makueni Branch,309.2,4129.4,39.0,Closed,SNS-007
TEL-004941,2026-07-20T15:24:50,SITE-001,Section E — Makueni Branch,382.3,2464.6,29.4,Open,SNS-006
TEL-003731,2026-06-28T11:04:04,SITE-004,Section A — Mombasa-Nairobi Main,457.7,3875.9,28.5,Open,SNS-003
TEL-004739,2026-07-16T19:27:43,Mombasa term,Section C — Nakuru-Eldoret Extension,421.5,3288.3,30.8,Open,SNS-004
TEL-002280,2026-06-02T08:10:56,SITE-007,Section D — Sinendet Lateral,392.3,1448.8,24.1,Closed,SNS-010
TEL-001576,2026-05-20T18:15:54,KSM Terminal,Section D — Sinendet Lateral,437.4,2600.8,33.2,Open,SNS-007
TEL-002303,2026-06-02T18:49:50,SITE-007,Section B — Nairobi-Nakuru Spur,346.1,2365.7,25.1,Open,SNS-009
TEL-000217,2026-04-26T18:44:45,SITE-004,Section E — Makueni Branch,538.6,3322.2,25.1,Open,SNS-004
TEL-001994,2026-05-28T06:44:57,Nakuru dep,Section B — Nairobi-Nakuru Spur,337.9,2118.7,22.7,Open,SNS-012
TEL-003798,2026-06-29T16:16:44,SITE-002,Section A — Mombasa-Nairobi Main,510.3,2957.6,35.8,Open,SNS-003
TEL-000301,2026-04-28T09:02:28,SITE-006,Section A — Mombasa-Nairobi Main,403.5,3920.0,26.1,Open,SNS-001
TEL-002163,2026-05-31T06:37:43,SITE-006,Section E — Makueni Branch,392.0,3530.5,29.0,Open,SNS-012
TEL-004752,2026-07-16T23:40:47,SITE-007,Section A — Mombasa-Nairobi Main,320.9,3873.8,24.1,Open,SNS-012
TEL-000748,2026-05-06T00:15:00,SITE-007,Section F — Kisumu Terminal Link,344.0,3899.8,29.9,Partially Open,SNS-014
TEL-004114,2026-07-06T03:57:58,SITE-001,Section D — Sinendet Lateral,414.1,3579.8,30.4,Open,SNS-004
TEL-001891,2026-05-26T06:30:21,SITE-007,Section F — Kisumu Terminal Link,558.5,1668.5,31.3,Open,SNS-001
TEL-001443,2026-05-18T10:46:20,SITE-007,Section C — Nakuru-Eldoret Extension,348.7,4320.0,33.8,Closed,SNS-010
TEL-002756,2026-06-11T05:48:59,SITE-001,Section D — Sinendet Lateral,445.0,4042.5,33.0,Closed,SNS-001
TEL-004764,2026-07-17T04:50:53,SITE-006,Section C — Nakuru-Eldoret Extension,1000,2785.4,29.7,Open,SNS-007
TEL-001403,2026-05-17T16:15:12,ELD Terminal,Section A — Mombasa-Nairobi Main,258.3,2200.0,34.5,Open,SNS-006
TEL-001246,2026-05-15T03:41:20,SITE-001,Section B — Nairobi-Nakuru Spur,342.5,2979.7,26.1,Open,SNS-001
TEL-001649,2026-05-22T03:48:49,SITE-004,Section D — Sinendet Lateral,443.1,3702.1,29.3,Closed,SNS-008
TEL-002063,2026-05-29T12:50:20,Kipevu terminal,Section D — Sinendet Lateral,600.0,2469.2,26.2,Closed,SNS-002
TEL-004959,2026-07-21T00:50:19,SITE-006,Section A — Mombasa-Nairobi Main,354.3,3221.2,37.8,Open,SNS-002
TEL-000214,2026-04-26T17:30:59,SITE-007,Section C — Nakuru-Eldoret Extension,379.9,3655.8,24.0,Open,SNS-012
TEL-002453,2026-06-05T16:07:38,SITE-004,Section E — Makueni Branch,345.5,3395.0,25.7,Closed,SNS-002
TEL-002028,2026-05-28T22:41:05,SITE-001,Section A — Mombasa-Nairobi Main,504.7,3697.8,27.1,Open,SNS-005
TEL-002671,2026-06-09T17:27:47,SITE-005,Section A — Mombasa-Nairobi Main,352.5,4171.4,32.6,Open,SNS-010
TEL-003092,2026-06-17T02:01:51,SITE-003,Section F — Kisumu Terminal Link,493.4,2466.3,36.0,Closed,SNS-004
TEL-001698,2026-05-22T19:09:38,SITE-006,Section E — Makueni Branch,371.5,3868.6,28.3,Closed,SNS-014
TEL-001787,2026-05-24T05:30:00,SITE-002,Section E — Makueni Branch,489.5,2972.1,18.9,Open,SNS-013
TEL-002843,2026-06-12T11:00:34,Kipevu terminal,Section C — Nakuru-Eldoret Extension,304.7,3834.3,,Open,SNS-005
TEL-003428,2026-06-22T19:36:19,SITE-003,Section A — Mombasa-Nairobi Main,289.3,2643.8,31.8,Open,SNS-002
TEL-004098,2026-07-05T21:09:29,SITE-004,Section A — Mombasa-Nairobi Main,353.5,3432.7,36.3,Partially Open,SNS-011
TEL-002898,2026-06-13T09:02:05,SITE-002,Section E — Makueni Branch,399.1,3248.2,16.6,Closed,SNS-010
TEL-004477,2026-07-12T16:32:21,SITE-002,Section A — Mombasa-Nairobi Main,430.4,3879.2,25.4,Closed,SNS-013
TEL-000716,2026-05-05T07:46:15,ELD Terminal,Section F — Kisumu Terminal Link,285.4,4184.0,33.0,Closed,SNS-013
TEL-003307,2026-06-20T14:43:07,SITE-007,Section D — Sinendet Lateral,427.6,2857.7,25.1,Open,SNS-001
TEL-002235,2026-06-01T14:36:27,SITE-006,Section C — Nakuru-Eldoret Extension,432.5,3608.3,26.1,Open,SNS-003
TEL-003905,2026-07-02T00:09:31,SITE-001,Section F — Kisumu Terminal Link,381.9,2640.2,30.5,Closed,SNS-007
TEL-003322,2026-06-21T01:29:21,SITE-001,Section E — Makueni Branch,544.4,2897.4,23.9,Open,SNS-004
TEL-003597,2026-06-25T23:37:12,SITE-004,Section F — Kisumu Terminal Link,312.1,3436.4,35.5,Partially Open,SNS-010
TEL-002809,2026-06-12T00:04:47,SITE-002,Section A — Mombasa-Nairobi Main,404.6,1986.5,32.8,Open,SNS-004
TEL-002337,2026-06-03T13:33:33,SITE-003,Section B — Nairobi-Nakuru Spur,303.6,1754.9,34.9,Closed,SNS-004
TEL-001601,2026-05-21T06:48:48,SITE-006,Section E — Makueni Branch,265.4,4057.9,26.2,Open,SNS-004
TEL-003975,2026-07-03T09:37:13,SITE-003,Section C — Nakuru-Eldoret Extension,448.1,2264.6,18.5,Open,SNS-001
TEL-000359,2026-04-29T08:26:40,SITE-004,Section A — Mombasa-Nairobi Main,492.9,2790.2,22.3,Open,SNS-012
TEL-001488,2026-05-19T05:24:05,SITE-006,Section E — Makueni Branch,209.4,3801.0,31.2,Closed,SNS-007
TEL-004271,2026-07-09T01:20:26,SITE-003,Section E — Makueni Branch,250.2,3232.0,34.5,Closed,SNS-009
TEL-004955,2026-07-20T23:33:37,SITE-001,Section C — Nakuru-Eldoret Extension,351.9,3043.0,22.9,Closed,SNS-001
TEL-002384,2026-06-04T10:36:01,SITE-006,Section A — Mombasa-Nairobi Main,383.3,2911.7,20.6,Open,SNS-009
TEL-003724,2026-06-28T08:39:43,SITE-003,Section A — Mombasa-Nairobi Main,208.2,2266.0,28.2,Open,SNS-007
TEL-002264,2026-06-02T03:14:15,SITE-007,Section F — Kisumu Terminal Link,438.5,3303.7,30.7,Open,SNS-013
TEL-000760,2026-05-06T06:10:08,SITE-001,Section F — Kisumu Terminal Link,557.7,4466.1,30.3,Open,SNS-005
TEL-004106,2026-07-06T00:29:25,SITE-004,Section E — Makueni Branch,389.8,3549.0,29.0,Closed,SNS-003
TEL-004969,2026-07-21T07:24:16,SITE-007,Section D — Sinendet Lateral,433.6,3311.0,35.8,Closed,SNS-005
TEL-004161,2026-07-07T02:32:54,SITE-001,Section B — Nairobi-Nakuru Spur,442.3,2737.8,26.2,Open,SNS-012
TEL-004464,2026-07-12T11:30:08,SITE-004,Section D — Sinendet Lateral,508.9,4086.1,27.6,Open,SNS-014
TEL-000144,2026-04-25T08:14:37,SITE-003,Section D — Sinendet Lateral,384.6,3518.8,15.5,Open,SNS-009
TEL-002291,2026-06-02T15:15:00,SITE-007,Section B — Nairobi-Nakuru Spur,368.2,1331.4,37.4,Closed,SNS-005
TEL-004045,2026-07-04T23:07:32,SITE-005,Section C — Nakuru-Eldoret Extension,430.9,4030.1,28.7,Open,SNS-006
TEL-000140,2026-04-25T07:03:03,SITE-005,Section F — Kisumu Terminal Link,422.0,2509.4,24.3,Open,SNS-013
TEL-002846,2026-06-12T13:02:10,SITE-007,Section A — Mombasa-Nairobi Main,474.8,2610.9,29.8,Open,SNS-002
TEL-000055,2026-04-23T22:27:47,SITE-005,Section D — Sinendet Lateral,259.5,4258.7,27.2,Closed,SNS-004
TEL-002408,2026-06-04T21:55:12,SITE-003,Section E — Makueni Branch,457.5,3527.4,23.0,Open,SNS-003
TEL-002032,2026-05-29T00:08:05,SITE-007,Section F — Kisumu Terminal Link,354.6,2550.4,27.1,Open,SNS-014
TEL-001913,2026-05-26T20:08:46,SITE-003,Section B — Nairobi-Nakuru Spur,509.3,1752.5,19.7,Open,SNS-008
TEL-004968,2026-07-21T07:10:47,SITE-006,Section F — Kisumu Terminal Link,466.8,3989.7,28.0,Partially Open,SNS-008
TEL-000034,2026-04-23T15:19:40,SITE-006,Section D — Sinendet Lateral,431.2,3819.5,36.2,Closed,SNS-001
TEL-003072,2026-06-16T18:16:38,SITE-004,Section D — Sinendet Lateral,396.1,3810.7,28.2,Partially Open,SNS-006
TEL-002955,2026-06-14T09:42:52,SITE-005,Section B — Nairobi-Nakuru Spur,395.1,,35.2,Open,SNS-013
TEL-002428,2026-06-05T06:11:50,SITE-004,Section F — Kisumu Terminal Link,433.7,2618.4,26.8,Partially Open,SNS-008
TEL-004604,2026-07-14T16:57:44,SITE-005,Section E — Makueni Branch,408.2,2908.0,32.3,Closed,SNS-014
TEL-003455,2026-06-23T12:03:28,SITE-002,Section E — Makueni Branch,308.4,3440.1,34.6,Closed,SNS-001
TEL-000809,2026-05-07T06:09:33,SITE-003,Section F — Kisumu Terminal Link,331.5,2647.8,38.0,Closed,SNS-010
TEL-001839,2026-05-25T07:59:01,SITE-006,Section D — Sinendet Lateral,491.9,2878.5,21.6,Open,SNS-014
TEL-003585,2026-06-25T19:12:37,Kibwezi,Section A — Mombasa-Nairobi Main,357.3,1961.7,27.7,Open,SNS-010
TEL-001064,2026-05-11T20:24:19,SITE-004,Section B — Nairobi-Nakuru Spur,494.9,2579.7,32.3,Closed,SNS-001
TEL-004067,2026-07-05T07:55:21,SITE-006,Section A — Mombasa-Nairobi Main,508.9,3676.7,29.5,Open,SNS-006
TEL-004745,2026-07-16T21:48:57,SITE-005,Section F — Kisumu Terminal Link,384.2,3547.0,25.9,Partially Open,SNS-008
TEL-001299,2026-05-16T00:08:32,SITE-003,Section A — Mombasa-Nairobi Main,456.2,2352.4,17.7,Open,SNS-011
TEL-001756,2026-05-23T18:11:18,Mombasa  Terminal,Section B — Nairobi-Nakuru Spur,353.8,1942.1,33.4,Closed,SNS-002
TEL-002215,2026-06-01T05:23:31,SITE-002,Section B — Nairobi-Nakuru Spur,216.0,2836.0,33.2,Open,SNS-006
TEL-003822,2026-06-30T08:58:49,SITE-006,Section A — Mombasa-Nairobi Main,528.0,2528.5,31.1,Closed,SNS-005
TEL-002150,2026-05-31T00:59:37,SITE-004,Section B — Nairobi-Nakuru Spur,496.9,2606.5,20.0,Closed,SNS-010
TEL-003196,2026-06-18T18:23:47,Eldoret  Terminal,Section A — Mombasa-Nairobi Main,465.5,1986.5,28.8,Open,SNS-014
TEL-002706,2026-06-10T12:38:01,SITE-001,Section D — Sinendet Lateral,490.3,4179.0,42.6,Closed,SNS-011
TEL-004279,2026-07-09T03:59:30,SITE-002,Section E — Makueni Branch,401.6,4534.3,20.0,Open,SNS-007
TEL-001761,2026-05-23T20:00:58,SITE-006,Section F — Kisumu Terminal Link,337.6,3704.6,30.4,Partially Open,SNS-002
TEL-004109,2026-07-06T01:04:32,KISUMU,Section F — Kisumu Terminal Link,563.7,1416.0,33.7,Open,SNS-002
TEL-000670,2026-05-04T10:47:42,SITE-002,Section D — Sinendet Lateral,411.5,3512.6,34.5,Open,SNS-002
TEL-003108,2026-06-17T09:54:22,SITE-003,Section E — Makueni Branch,303.3,1499.6,34.2,Open,SNS-005
TEL-002389,2026-06-04T12:30:31,SITE-007,Section E — Makueni Branch,461.6,2797.0,23.8,Closed,SNS-010
TEL-003922,2026-07-02T08:28:31,SITE-001,Section A — Mombasa-Nairobi Main,361.4,3515.1,27.7,Open,SNS-014
TEL-000503,2026-05-01T19:21:34,ELDORET,Section D — Sinendet Lateral,445.3,4042.2,31.7,Closed,SNS-011
TEL-002993,2026-06-15T00:17:11,SITE-001,Section C — Nakuru-Eldoret Extension,417.7,3301.5,,Open,SNS-010
TEL-004074,2026-07-05T10:18:43,SITE-003,Section C — Nakuru-Eldoret Extension,482.9,3324.7,25.7,Partially Open,SNS-003
TEL-003419,2026-06-22T16:05:44,SITE-006,Section C — Nakuru-Eldoret Extension,452.7,3226.8,42.4,Open,SNS-012
TEL-002234,2026-06-01T14:24:14,SITE-001,Section D — Sinendet Lateral,,3127.9,34.4,Open,SNS-011
TEL-000290,2026-04-28T03:14:05,SITE-003,Section C — Nakuru-Eldoret Extension,579.3,2203.9,33.5,Open,SNS-006
TEL-002224,2026-06-01T09:17:25,SITE-005,Section E — Makueni Branch,271.6,3519.6,38.1,Open,SNS-007
TEL-003999,2026-07-04T00:45:34,SITE-006,Section B — Nairobi-Nakuru Spur,457.6,3394.1,28.8,Open,SNS-008
TEL-003287,2026-06-20T07:51:22,SITE-001,Section F — Kisumu Terminal Link,370.3,2689.0,30.9,Closed,SNS-007
TEL-003472,2026-06-23T18:18:32,SITE-006,Section A — Mombasa-Nairobi Main,523.9,3350.0,23.5,Closed,SNS-002
TEL-002297,2026-06-02T16:35:39,SITE-007,Section B — Nairobi-Nakuru Spur,511.9,2354.1,30.6,Closed,SNS-011
TEL-004489,2026-07-12T20:33:25,NAKURU,Section A — Mombasa-Nairobi Main,369.9,3308.7,29.9,Open,SNS-004
TEL-002327,2026-06-03T06:53:18,SITE-002,Section E — Makueni Branch,486.3,2992.9,21.3,Partially Open,SNS-001
TEL-003757,2026-06-29T00:48:37,SITE-005,Section D — Sinendet Lateral,463.2,1181.5,30.7,Closed,SNS-006
TEL-000289,2026-04-28T02:59:55,SITE-007,Section E — Makueni Branch,358.6,3916.6,37.0,Closed,SNS-007
TEL-003988,2026-07-03T19:25:30,SITE-001,Section A — Mombasa-Nairobi Main,429.1,4043.5,36.6,Open,SNS-014
TEL-001900,2026-05-26T12:38:08,SITE-007,Section A — Mombasa-Nairobi Main,492.1,4639.2,35.8,Closed,SNS-006
TEL-003328,2026-06-21T03:13:27,SITE-004,Section A — Mombasa-Nairobi Main,344.4,2494.8,38.2,Open,SNS-004
TEL-002893,2026-06-13T06:57:22,SITE-002,Section D — Sinendet Lateral,397.2,2727.3,28.5,Closed,SNS-001
TEL-004092,2026-07-05T19:39:16,SITE-006,Section A — Mombasa-Nairobi Main,486.9,2323.8,25.9,Open,SNS-014
TEL-004711,2026-07-16T06:26:01,SITE-003,Section F — Kisumu Terminal Link,337.5,2955.1,30.1,Closed,SNS-010
TEL-001526,2026-05-19T22:28:11,SITE-002,Section A — Mombasa-Nairobi Main,435.1,2505.6,29.8,Closed,SNS-012
TEL-002949,2026-06-14T06:31:26,SITE-003,Section B — Nairobi-Nakuru Spur,507.7,2580.5,18.8,Closed,SNS-012
TEL-004671,2026-07-15T15:47:25,SITE-007,Section B — Nairobi-Nakuru Spur,271.4,2873.5,25.4,Closed,SNS-007
TEL-002310,2026-06-02T22:15:58,SITE-006,Section E — Makueni Branch,381.6,3084.9,24.8,Partially Open,SNS-007
TEL-003581,2026-06-25T18:00:02,SITE-007,Section E — Makueni Branch,354.4,2549.7,20.0,Closed,SNS-008
TEL-001956,2026-05-27T16:48:59,SITE-002,Section F — Kisumu Terminal Link,306.3,3289.1,31.3,Open,SNS-002
TEL-001925,2026-05-27T01:10:52,SITE-001,Section D — Sinendet Lateral,404.8,4435.2,28.3,Open,SNS-006
TEL-002062,2026-05-29T12:28:09,Nairobi term,Section D — Sinendet Lateral,422.2,2045.1,19.9,Closed,SNS-006
TEL-000461,2026-04-30T20:41:47,SITE-004,Section B — Nairobi-Nakuru Spur,487.3,3156.0,35.6,Open,SNS-007
TEL-003598,2026-06-26T00:38:27,SITE-002,Section F — Kisumu Terminal Link,455.8,3238.9,32.0,Partially Open,SNS-009
TEL-003703,2026-06-28T00:01:46,Mombasa  Terminal,Section C — Nakuru-Eldoret Extension,446.1,2371.7,34.5,Open,SNS-001
TEL-004370,2026-07-10T20:29:00,SITE-005,Section C — Nakuru-Eldoret Extension,437.7,1231.5,39.6,Open,SNS-014
TEL-004656,2026-07-15T11:32:41,SITE-003,Section E — Makueni Branch,244.5,3924.5,39.0,Open,SNS-006
TEL-002272,2026-06-02T06:11:14,SITE-007,Section D — Sinendet Lateral,493.6,3979.1,23.4,Open,SNS-011
TEL-002133,2026-05-30T17:19:51,SITE-007,Section D — Sinendet Lateral,308.9,2774.1,40.3,Closed,SNS-009
TEL-004497,2026-07-13T00:52:00,SITE-001,Section E — Makueni Branch,398.9,3242.9,35.0,Open,SNS-003
TEL-001802,2026-05-24T14:35:37,SITE-001,Section B — Nairobi-Nakuru Spur,517.8,2185.4,30.1,Open,SNS-001
TEL-003865,2026-07-01T05:45:46,SITE-007,Section D — Sinendet Lateral,504.0,4151.8,35.9,Partially Open,SNS-009
TEL-003827,2026-06-30T11:34:25,SITE-003,Section E — Makueni Branch,509.0,2726.1,23.8,Partially Open,SNS-009
TEL-001305,2026-05-16T02:00:54,SITE-004,Section B — Nairobi-Nakuru Spur,300.3,4099.4,26.9,Partially Open,SNS-009
TEL-002543,2026-06-07T09:22:46,SITE-006,Section C — Nakuru-Eldoret Extension,432.1,3318.4,41.0,Partially Open,SNS-006
TEL-000375,2026-04-29T12:42:03,SITE-006,Section C — Nakuru-Eldoret Extension,350.3,3116.6,30.3,Closed,SNS-008
TEL-002956,2026-06-14T09:53:02,SITE-004,Section F — Kisumu Terminal Link,518.3,3281.3,28.6,Open,SNS-003
TEL-001153,2026-05-13T14:08:43,SITE-005,Section A — Mombasa-Nairobi Main,314.7,3424.5,29.8,Open,SNS-004
TEL-004665,2026-07-15T13:54:12,SITE-007,Section E — Makueni Branch,442.4,2805.9,32.0,Partially Open,SNS-008
TEL-001736,2026-05-23T06:35:15,SITE-005,Section B — Nairobi-Nakuru Spur,571.1,4206.8,35.3,Closed,SNS-007
TEL-001686,2026-05-22T15:25:53,makueni section,Section E — Makueni Branch,469.2,2228.9,44.2,Closed,SNS-007
TEL-004435,2026-07-11T23:50:24,SITE-006,Section F — Kisumu Terminal Link,389.6,3771.1,21.4,Closed,SNS-010
TEL-003400,2026-06-22T08:30:10,SITE-007,Section C — Nakuru-Eldoret Extension,295.2,3002.4,41.5,Closed,SNS-007
TEL-000118,2026-04-24T21:22:46,SITE-003,Section D — Sinendet Lateral,392.7,1411.1,21.5,Partially Open,SNS-003
TEL-000426,2026-04-30T06:10:06,SITE-005,Section D — Sinendet Lateral,292.5,2271.4,26.2,Closed,SNS-014
TEL-003576,2026-06-25T15:26:39,SITE-005,Section A — Mombasa-Nairobi Main,453.0,2541.0,27.9,Open,SNS-010
TEL-002632,2026-06-09T02:21:51,SITE-002,Section D — Sinendet Lateral,360.5,1704.6,34.2,Open,SNS-002
TEL-002781,2026-06-11T13:40:32,SITE-005,Section B — Nairobi-Nakuru Spur,414.1,4273.4,31.5,Closed,SNS-008
TEL-000918,2026-05-09T04:10:34,Eldoret term,Section D — Sinendet Lateral,403.1,4062.7,33.5,Closed,SNS-007
TEL-004641,2026-07-15T03:08:30,Mombasa term,Section A — Mombasa-Nairobi Main,457.2,2729.9,19.0,Closed,SNS-009
TEL-003687,2026-06-27T17:19:57,SITE-005,Section E — Makueni Branch,306.5,2940.4,24.9,Closed,SNS-006
TEL-000651,2026-05-04T04:59:25,SITE-003,Section D — Sinendet Lateral,297.7,2433.5,15.0,Closed,SNS-008
TEL-001751,2026-05-23T16:04:04,SITE-007,Section E — Makueni Branch,527.2,2538.7,31.9,Open,SNS-005
TEL-004135,2026-07-06T12:28:53,SITE-004,Section E — Makueni Branch,305.6,2759.5,31.0,Open,SNS-006
TEL-003007,2026-06-15T04:44:05,eldoret terminal,Section A — Mombasa-Nairobi Main,430.8,3503.8,38.7,Open,SNS-012
TEL-002565,2026-06-07T19:55:19,SITE-006,Section E — Makueni Branch,512.5,3126.5,29.2,Partially Open,SNS-010
TEL-002305,2026-06-02T19:35:25,SITE-004,Section D — Sinendet Lateral,416.8,3601.0,34.7,Closed,SNS-006
TEL-001875,2026-05-25T23:56:55,eldoret terminal,Section D — Sinendet Lateral,386.5,2965.5,32.9,Open,SNS-001
TEL-000161,2026-04-25T19:16:15,SITE-006,Section F — Kisumu Terminal Link,552.2,2022.4,34.9,Open,SNS-011
TEL-003250,2026-06-19T18:53:51,SITE-004,Section F — Kisumu Terminal Link,527.2,4375.3,26.3,Closed,SNS-013
TEL-000624,2026-05-03T18:17:07,SITE-006,Section C — Nakuru-Eldoret Extension,318.1,2553.1,30.4,Closed,SNS-007
TEL-001594,2026-05-21T02:51:49,SITE-005,Section B — Nairobi-Nakuru Spur,563.3,3474.6,29.7,Open,SNS-002
TEL-004298,2026-07-09T10:22:09,SITE-003,Section C — Nakuru-Eldoret Extension,314.9,2143.0,39.6,Partially Open,SNS-011
TEL-003382,2026-06-21T23:29:53,SITE-002,Section A — Mombasa-Nairobi Main,471.8,2643.7,31.5,Open,SNS-005
TEL-002278,2026-06-02T08:01:19,SITE-006,Section E — Makueni Branch,296.5,2311.1,20.0,Open,SNS-013
TEL-004222,2026-07-08T07:06:49,SITE-002,Section C — Nakuru-Eldoret Extension,408.5,1433.3,33.9,Closed,SNS-011
TEL-000487,2026-05-01T11:20:04,SITE-002,Section E — Makueni Branch,281.0,3163.3,27.1,Partially Open,SNS-013
TEL-000456,2026-04-30T18:28:21,SITE-006,Section A — Mombasa-Nairobi Main,563.5,2751.6,19.2,Partially Open,SNS-011
TEL-003100,2026-06-17T05:05:29,SITE-004,Section E — Makueni Branch,448.5,2732.4,28.3,Open,SNS-007
TEL-003956,2026-07-03T02:14:59,SITE-003,Section C — Nakuru-Eldoret Extension,413.1,4315.6,37.2,Open,SNS-006
TEL-003733,2026-06-28T11:08:43,SITE-007,Section B — Nairobi-Nakuru Spur,490.5,3080.0,,Open,SNS-007
TEL-003657,2026-06-27T07:24:43,sinendet pump,Section C — Nakuru-Eldoret Extension,457.6,2885.3,40.0,Partially Open,SNS-010
TEL-000135,2026-04-25T05:23:15,SITE-003,Section F — Kisumu Terminal Link,323.2,3126.4,29.3,Open,SNS-011
TEL-003116,2026-06-17T11:12:30,SITE-005,Section A — Mombasa-Nairobi Main,408.4,3460.4,22.0,Partially Open,SNS-008
TEL-003418,2026-06-22T15:50:42,SITE-002,Section E — Makueni Branch,436.4,3524.4,27.7,Partially Open,SNS-014
TEL-003498,2026-06-24T07:07:20,SITE-001,Section D — Sinendet Lateral,416.1,3629.0,40.3,Closed,SNS-009
TEL-002558,2026-06-07T15:40:10,SITE-007,Section B — Nairobi-Nakuru Spur,314.9,2579.2,20.9,Open,SNS-005
TEL-004153,2026-07-06T22:54:10,SITE-001,Section E — Makueni Branch,332.3,2563.7,31.2,Closed,SNS-012
TEL-002233,2026-06-01T14:19:43,SITE-002,Section F — Kisumu Terminal Link,439.9,1901.6,28.4,Partially Open,SNS-011
TEL-003269,2026-06-20T02:06:21,SITE-005,Section F — Kisumu Terminal Link,374.8,4508.8,22.7,Open,SNS-011
TEL-002764,2026-06-11T07:40:12,SITE-001,Section B — Nairobi-Nakuru Spur,388.2,4055.9,23.3,Open,SNS-010
TEL-001195,2026-05-14T07:36:21,SITE-006,Section C — Nakuru-Eldoret Extension,357.2,2974.0,35.6,Closed,SNS-007
TEL-004965,2026-07-21T06:23:55,SITE-006,Section F — Kisumu Terminal Link,374.9,3454.0,32.3,Open,SNS-003
TEL-000084,2026-04-24T07:49:01,SITE-006,Section D — Sinendet Lateral,486.4,2900.0,39.6,Open,SNS-003
TEL-002197,2026-05-31T23:25:22,SITE-005,Section C — Nakuru-Eldoret Extension,361.6,3166.6,26.0,Open,SNS-011
TEL-001951,2026-05-27T14:53:57,SITE-006,Section E — Makueni Branch,200.0,2126.1,26.7,Closed,SNS-011
TEL-000011,2026-04-23T07:15:53,SITE-001,Section C — Nakuru-Eldoret Extension,413.0,3103.8,30.3,Closed,SNS-011
TEL-000197,2026-04-26T10:54:20,SITE-007,Section A — Mombasa-Nairobi Main,324.8,3846.4,42.7,Open,SNS-012
TEL-000934,2026-05-09T11:06:49,SITE-001,Section B — Nairobi-Nakuru Spur,423.4,1797.4,33.5,Open,SNS-010
TEL-004142,2026-07-06T13:48:54,SITE-007,Section F — Kisumu Terminal Link,466.3,3016.2,30.0,Open,SNS-003
TEL-003748,2026-06-28T18:44:41,SITE-007,Section E — Makueni Branch,425.8,3241.1,27.5,Open,SNS-006
TEL-004192,2026-07-07T17:17:43,SITE-006,Section E — Makueni Branch,497.2,3699.0,38.8,Closed,SNS-007
TEL-004230,2026-07-08T10:21:10,SITE-007,Section F — Kisumu Terminal Link,474.5,1354.0,34.2,Open,SNS-005
TEL-004344,2026-07-10T04:54:55,SITE-005,Section C — Nakuru-Eldoret Extension,537.8,4433.8,15.0,Closed,SNS-007
TEL-002647,2026-06-09T10:19:14,SITE-005,Section C — Nakuru-Eldoret Extension,505.1,1789.4,35.6,Closed,SNS-002
TEL-003320,2026-06-21T00:52:16,Sinendet  Pump Station,Section B — Nairobi-Nakuru Spur,538.2,4281.2,29.0,Closed,SNS-014
TEL-003406,2026-06-22T12:12:53,SITE-004,Section E — Makueni Branch,382.0,3114.1,35.3,Open,SNS-005
TEL-003972,2026-07-03T09:17:11,SITE-003,Section E — Makueni Branch,341.4,3893.6,29.7,Closed,SNS-014
TEL-003489,2026-06-24T01:10:08,SITE-004,Section F — Kisumu Terminal Link,441.2,3526.9,23.9,Partially Open,SNS-008
TEL-003926,2026-07-02T09:49:01,nakuru depot,Section C — Nakuru-Eldoret Extension,426.9,1760.9,38.1,Open,SNS-014
TEL-003925,2026-07-02T09:12:05,SITE-004,Section D — Sinendet Lateral,392.5,1915.8,42.9,Closed,SNS-002
TEL-000091,2026-04-24T10:49:40,SITE-004,Section E — Makueni Branch,331.2,2281.9,26.2,Closed,SNS-009
TEL-002153,2026-05-31T02:16:31,SITE-002,Section C — Nakuru-Eldoret Extension,494.4,2810.6,30.7,Partially Open,SNS-012
TEL-004746,2026-07-16T22:34:24,SITE-006,Section F — Kisumu Terminal Link,556.5,3181.1,15.0,Open,SNS-002
TEL-001583,2026-05-20T20:12:22,SITE-001,Section B — Nairobi-Nakuru Spur,299.7,4144.6,27.0,Open,SNS-013
TEL-003876,2026-07-01T10:31:16,MSA Terminal,Section A — Mombasa-Nairobi Main,393.0,2398.6,35.7,Open,SNS-008
TEL-001692,2026-05-22T16:59:47,SITE-001,Section E — Makueni Branch,336.9,2633.2,23.0,Closed,SNS-006
TEL-004179,2026-07-07T12:00:53,Kisumu term,Section D — Sinendet Lateral,377.8,2552.6,27.1,Open,SNS-002
TEL-001129,2026-05-13T03:49:52,SITE-004,Section D — Sinendet Lateral,390.3,1857.8,37.5,Open,SNS-014
TEL-003207,2026-06-18T23:45:26,SITE-004,Section D — Sinendet Lateral,347.1,2791.3,30.9,Partially Open,SNS-003
TEL-001006,2026-05-10T21:25:28,SITE-002,Section F — Kisumu Terminal Link,327.8,2937.6,34.8,Closed,SNS-003
TEL-002648,2026-06-09T10:26:04,SITE-002,Section D — Sinendet Lateral,370.1,3970.5,36.8,Closed,SNS-014
TEL-002534,2026-06-07T07:23:38,SITE-002,Section D — Sinendet Lateral,381.4,2429.1,21.7,Closed,SNS-011
TEL-001948,2026-05-27T13:59:11,SITE-003,Section D — Sinendet Lateral,454.1,3300.0,27.7,Closed,SNS-011
TEL-004818,2026-07-18T03:30:21,SITE-006,Section F — Kisumu Terminal Link,332.1,2436.7,28.9,Partially Open,SNS-007
TEL-004197,2026-07-07T19:42:36,SITE-001,Section A — Mombasa-Nairobi Main,362.0,3139.1,25.9,Open,SNS-005
TEL-000354,2026-04-29T06:03:38,SITE-005,Section F — Kisumu Terminal Link,200.0,2285.0,37.5,Open,SNS-014
TEL-002440,2026-06-05T09:26:56,SITE-002,Section B — Nairobi-Nakuru Spur,434.5,3174.0,38.0,Partially Open,SNS-009
TEL-000278,2026-04-27T21:07:26,SITE-003,Section D — Sinendet Lateral,367.9,4297.0,33.2,Closed,SNS-004
TEL-000998,2026-05-10T18:05:36,SITE-001,Section A — Mombasa-Nairobi Main,423.0,4391.4,24.1,Open,SNS-008
TEL-000610,2026-05-03T14:11:46,SITE-002,Section B — Nairobi-Nakuru Spur,453.8,2908.9,20.3,Closed,SNS-014
TEL-000080,2026-04-24T07:13:26,SITE-005,Section D — Sinendet Lateral,505.9,2385.1,30.3,Open,SNS-012
TEL-001374,2026-05-17T06:08:03,SITE-001,Section D — Sinendet Lateral,352.0,3078.0,32.9,Partially Open,SNS-005
TEL-004384,2026-07-10T23:58:42,SITE-003,Section E — Makueni Branch,404.4,3442.3,28.7,Closed,SNS-003
TEL-004471,2026-07-12T14:24:55,SITE-004,Section D — Sinendet Lateral,493.5,4121.0,32.8,Partially Open,SNS-003
TEL-002635,2026-06-09T05:43:22,SITE-003,Section A — Mombasa-Nairobi Main,465.2,3669.4,28.1,Closed,SNS-009
TEL-002157,2026-05-31T04:02:57,SITE-001,Section F — Kisumu Terminal Link,285.6,2020.7,42.6,Open,SNS-013
TEL-001715,2026-05-23T01:09:23,SITE-007,Section C — Nakuru-Eldoret Extension,477.3,2384.6,21.6,Open,SNS-008
TEL-003347,2026-06-21T10:44:31,SITE-004,Section D — Sinendet Lateral,528.9,2408.7,32.3,Open,SNS-001
TEL-000696,2026-05-04T22:21:39,SITE-007,Section D — Sinendet Lateral,458.0,2650.7,36.8,Open,SNS-005
TEL-002549,2026-06-07T11:39:37,Eldoret term,Section C — Nakuru-Eldoret Extension,325.9,3051.6,22.6,Partially Open,SNS-007
TEL-000967,2026-05-10T04:33:23,SITE-002,Section E — Makueni Branch,432.8,3722.1,31.0,Closed,SNS-005
TEL-004520,2026-07-13T11:45:49,SITE-004,Section B — Nairobi-Nakuru Spur,370.1,3231.1,17.0,Partially Open,SNS-009
TEL-001516,2026-05-19T16:49:05,SITE-005,Section B — Nairobi-Nakuru Spur,276.9,2356.9,28.9,Closed,SNS-007
TEL-000086,2026-04-24T09:10:13,SITE-007,Section C — Nakuru-Eldoret Extension,474.5,4024.0,21.2,Partially Open,SNS-009
TEL-004247,2026-07-08T16:18:26,makueni pipeline,Section F — Kisumu Terminal Link,338.2,1368.6,21.7,Closed,SNS-011
TEL-001364,2026-05-17T03:35:14,eldoret terminal,Section B — Nairobi-Nakuru Spur,353.5,2204.3,24.0,Open,SNS-011
TEL-002650,2026-06-09T10:32:55,SITE-003,Section B — Nairobi-Nakuru Spur,395.8,3598.4,28.7,Closed,SNS-006
TEL-002974,2026-06-14T17:34:34,SITE-005,Section F — Kisumu Terminal Link,600.0,3239.1,24.1,Partially Open,SNS-005
TEL-000508,2026-05-01T20:29:15,SITE-001,Section E — Makueni Branch,379.3,2601.8,22.1,Open,SNS-012
TEL-003613,2026-06-26T08:45:49,nairobi terminal,Section D — Sinendet Lateral,409.2,2488.8,33.4,Open,SNS-004
TEL-002336,2026-06-03T13:29:27,SITE-003,Section B — Nairobi-Nakuru Spur,307.4,3372.8,34.4,Closed,SNS-012
TEL-002187,2026-05-31T17:49:09,SITE-003,Section C — Nakuru-Eldoret Extension,286.8,1886.6,22.8,Open,SNS-006
TEL-001965,2026-05-27T20:10:05,SITE-004,Section C — Nakuru-Eldoret Extension,492.4,3880.8,33.0,Open,SNS-007
TEL-002762,2026-06-11T07:13:42,SITE-001,Section E — Makueni Branch,490.4,3310.8,24.6,Open,SNS-010
TEL-001209,2026-05-14T15:48:53,SITE-003,Section B — Nairobi-Nakuru Spur,340.7,3210.7,34.4,Open,SNS-008
TEL-002815,2026-06-12T02:48:02,SITE-004,Section D — Sinendet Lateral,353.2,3403.2,27.9,Closed,SNS-011
TEL-004994,2026-07-21T22:28:55,SITE-004,Section E — Makueni Branch,519.7,1944.9,26.5,Open,SNS-007
TEL-004947,2026-07-20T17:50:03,MSA Terminal,Section D — Sinendet Lateral,592.4,3339.7,35.8,Open,SNS-004
TEL-002732,2026-06-10T22:07:09,SITE-006,Section E — Makueni Branch,305.0,2857.8,26.7,Partially Open,SNS-014
TEL-002182,2026-05-31T15:54:54,SITE-007,Section F — Kisumu Terminal Link,426.8,2713.8,22.5,Open,SNS-002
TEL-000237,2026-04-27T02:58:37,SITE-001,Section B — Nairobi-Nakuru Spur,361.2,2775.3,25.8,Open,SNS-003
TEL-002863,2026-06-12T20:54:13,SITE-007,Section E — Makueni Branch,371.4,2202.1,33.5,Partially Open,SNS-013
TEL-002012,2026-05-28T15:23:51,SITE-007,Section A — Mombasa-Nairobi Main,200.0,2078.7,27.5,Open,SNS-006
TEL-003717,2026-06-28T06:52:19,SITE-003,Section B — Nairobi-Nakuru Spur,407.6,2129.6,43.8,Open,SNS-012
TEL-003364,2026-06-21T15:43:19,Makueni PS,Section B — Nairobi-Nakuru Spur,308.1,3097.8,24.9,Open,SNS-006
TEL-003523,2026-06-24T17:06:28,SITE-006,Section C — Nakuru-Eldoret Extension,434.6,3367.7,23.9,Closed,SNS-012
TEL-000124,2026-04-24T22:45:18,eldoret terminal,Section C — Nakuru-Eldoret Extension,501.9,2824.2,36.8,Partially Open,SNS-005
TEL-003777,2026-06-29T10:02:50,SITE-001,Section A — Mombasa-Nairobi Main,460.3,2663.6,32.1,Open,SNS-007
TEL-000313,2026-04-28T12:44:17,SITE-005,Section A — Mombasa-Nairobi Main,354.4,3752.3,25.3,Closed,SNS-005
TEL-000396,2026-04-29T18:13:48,SITE-001,Section C — Nakuru-Eldoret Extension,498.4,3410.9,33.3,Open,SNS-002
TEL-001712,2026-05-23T00:20:58,SITE-007,Section B — Nairobi-Nakuru Spur,395.5,2732.3,27.0,Open,SNS-005
TEL-004367,2026-07-10T17:55:47,SITE-006,Section A — Mombasa-Nairobi Main,456.8,1599.0,35.6,Open,SNS-011
TEL-001498,2026-05-19T09:49:30,SITE-002,Section E — Makueni Branch,467.6,2904.1,29.2,Closed,SNS-004
TEL-000257,2026-04-27T10:47:17,Sinendet PS,Section B — Nairobi-Nakuru Spur,266.0,2629.8,29.6,Open,SNS-006
TEL-003178,2026-06-18T09:51:05,SITE-003,Section A — Mombasa-Nairobi Main,412.5,3210.2,24.2,Closed,SNS-012
TEL-002502,2026-06-06T17:41:06,Sinendet PS,Section C — Nakuru-Eldoret Extension,412.4,2849.6,23.9,Closed,SNS-005
TEL-001567,2026-05-20T13:29:43,SITE-002,Section A — Mombasa-Nairobi Main,526.3,3615.5,24.7,Open,SNS-007
TEL-004090,2026-07-05T16:49:06,SITE-006,Section E — Makueni Branch,436.6,2671.2,25.5,Partially Open,SNS-013
TEL-001600,2026-05-21T05:57:17,SITE-006,Section E — Makueni Branch,490.8,3377.4,26.4,Open,SNS-010
TEL-000668,2026-05-04T10:14:22,SITE-004,Section D — Sinendet Lateral,499.8,2453.2,41.7,Closed,SNS-012
TEL-004899,2026-07-19T17:21:51,SITE-007,Section B — Nairobi-Nakuru Spur,379.5,3567.4,28.4,Open,SNS-006
TEL-002584,2026-06-08T04:13:26,SITE-003,Section F — Kisumu Terminal Link,466.6,3603.8,26.8,Open,SNS-001
TEL-003932,2026-07-02T14:46:26,SITE-006,Section C — Nakuru-Eldoret Extension,418.6,3085.1,31.3,Closed,SNS-012
TEL-002593,2026-06-08T09:02:34,SITE-007,Section A — Mombasa-Nairobi Main,477.4,3101.5,29.2,Open,SNS-003
TEL-001234,2026-05-14T23:23:07,SITE-007,Section A — Mombasa-Nairobi Main,366.2,3738.4,41.1,Open,SNS-014
TEL-002496,2026-06-06T15:44:57,SITE-004,Section C — Nakuru-Eldoret Extension,461.5,2832.1,26.0,Closed,SNS-012
TEL-004606,2026-07-14T17:49:22,SITE-005,Section C — Nakuru-Eldoret Extension,228.1,2020.3,29.7,Open,SNS-010
TEL-003716,2026-06-28T06:28:06,SITE-002,Section E — Makueni Branch,281.6,3972.3,31.8,Open,SNS-006
TEL-004989,2026-07-21T19:19:12,SITE-001,Section E — Makueni Branch,462.6,2945.1,20.1,Closed,SNS-013
TEL-003349,2026-06-21T11:10:48,SITE-001,Section D — Sinendet Lateral,408.5,2741.8,28.4,Open,SNS-004
TEL-000871,2026-05-08T06:47:04,mombasa terminal,Section B — Nairobi-Nakuru Spur,298.5,4518.2,24.4,Open,SNS-008
TEL-001765,2026-05-23T21:40:37,SITE-005,Section F — Kisumu Terminal Link,304.9,2611.5,29.7,Closed,SNS-008
TEL-003413,2026-06-22T14:35:09,SITE-004,Section D — Sinendet Lateral,451.1,3838.1,38.7,Open,SNS-014
TEL-003431,2026-06-22T22:33:25,Kisumu term,Section D — Sinendet Lateral,415.1,3173.7,29.5,Open,SNS-013
TEL-001401,2026-05-17T15:37:32,SITE-005,Section F — Kisumu Terminal Link,405.1,1549.3,29.8,Closed,SNS-013
TEL-004736,2026-07-16T17:38:16,SITE-001,Section F — Kisumu Terminal Link,417.5,2186.7,17.1,Open,SNS-005
TEL-003298,2026-06-20T11:29:38,ELD Terminal,Section C — Nakuru-Eldoret Extension,581.8,2008.6,18.4,Open,SNS-008
TEL-001574,2026-05-20T17:42:15,SITE-001,Section F — Kisumu Terminal Link,418.4,3120.9,26.9,Open,SNS-004
TEL-001263,2026-05-15T11:47:29,SITE-001,Section C — Nakuru-Eldoret Extension,260.4,2119.5,38.6,Closed,SNS-008
TEL-003756,2026-06-29T00:07:30,SITE-004,Section B — Nairobi-Nakuru Spur,449.9,,30.2,Closed,SNS-012
TEL-001708,2026-05-22T23:05:45,SITE-006,Section F — Kisumu Terminal Link,329.6,3327.9,34.4,Open,SNS-013
TEL-002493,2026-06-06T14:34:27,SITE-001,Section F — Kisumu Terminal Link,316.2,3710.9,35.0,Open,SNS-010
TEL-001830,2026-05-25T04:27:03,SITE-001,Section B — Nairobi-Nakuru Spur,274.2,2922.4,32.5,Open,SNS-005
TEL-001490,2026-05-19T05:59:46,SITE-005,Section B — Nairobi-Nakuru Spur,469.6,3801.6,25.9,Open,SNS-004
TEL-000785,2026-05-06T18:00:13,SITE-005,Section B — Nairobi-Nakuru Spur,532.5,2921.6,37.0,Open,SNS-004
TEL-001647,2026-05-22T02:16:27,SITE-002,Section B — Nairobi-Nakuru Spur,393.9,2598.0,26.7,Partially Open,SNS-006
TEL-003412,2026-06-22T14:04:29,SITE-003,Section F — Kisumu Terminal Link,376.3,4068.0,20.9,Open,SNS-006
TEL-001375,2026-05-17T06:27:57,SITE-003,Section A — Mombasa-Nairobi Main,363.9,3517.5,35.7,Partially Open,SNS-010
TEL-002740,2026-06-11T00:05:52,SITE-001,Section B — Nairobi-Nakuru Spur,385.5,1976.3,32.7,Closed,SNS-003
TEL-003040,2026-06-16T03:29:56,SITE-007,Section E — Makueni Branch,313.9,3317.8,25.7,Open,SNS-011
TEL-002360,2026-06-03T22:59:02,SITE-002,Section E — Makueni Branch,418.5,3393.0,36.1,Open,SNS-012
TEL-004107,2026-07-06T00:41:54,SITE-005,Section C — Nakuru-Eldoret Extension,354.3,2546.5,20.2,Open,SNS-011
TEL-002542,2026-06-07T09:03:33,SITE-003,Section C — Nakuru-Eldoret Extension,437.2,3217.4,23.2,Closed,SNS-012
TEL-000329,2026-04-28T20:14:29,SITE-003,Section A — Mombasa-Nairobi Main,474.2,3517.5,20.6,Closed,SNS-002
TEL-004294,2026-07-09T07:40:20,SITE-006,Section D — Sinendet Lateral,307.3,3349.6,24.8,Open,SNS-007
TEL-000176,2026-04-26T02:29:51,SITE-006,Section D — Sinendet Lateral,479.6,4229.4,29.3,Open,SNS-010
TEL-004567,2026-07-14T06:20:09,SITE-003,Section D — Sinendet Lateral,408.7,2547.0,32.0,Open,SNS-006
TEL-004890,2026-07-19T12:53:42,SITE-004,Section F — Kisumu Terminal Link,386.4,3626.7,40.6,Open,SNS-010
TEL-001025,2026-05-11T06:02:37,SITE-004,Section D — Sinendet Lateral,327.6,2840.5,36.1,Closed,SNS-008
TEL-003047,2026-06-16T06:57:33,SITE-001,Section F — Kisumu Terminal Link,312.4,3208.2,40.2,Open,SNS-001
TEL-001100,2026-05-12T11:45:03,SITE-002,Section A — Mombasa-Nairobi Main,411.8,1977.9,31.0,Open,SNS-013
TEL-003249,2026-06-19T17:47:48,SITE-003,Section A — Mombasa-Nairobi Main,441.4,2429.7,32.9,Partially Open,SNS-004
TEL-001769,2026-05-23T23:30:20,Sinendet PS,Section B — Nairobi-Nakuru Spur,548.0,3999.2,45.0,Open,SNS-002
TEL-003344,2026-06-21T09:26:20,SITE-003,Section B — Nairobi-Nakuru Spur,378.8,2695.7,25.0,Closed,SNS-001
TEL-003559,2026-06-25T08:26:34,Nairobi term,Section C — Nakuru-Eldoret Extension,341.9,2968.6,40.6,Open,SNS-013
TEL-004083,2026-07-05T14:24:27,KSM Terminal,Section D — Sinendet Lateral,400.5,3589.8,42.0,Partially Open,SNS-007
TEL-000035,2026-04-23T15:26:58,SITE-006,Section A — Mombasa-Nairobi Main,276.5,1564.7,36.7,Open,SNS-004
TEL-003210,2026-06-19T00:29:30,SITE-003,Section D — Sinendet Lateral,337.4,3596.6,25.2,Partially Open,SNS-001
TEL-000306,2026-04-28T09:51:46,SITE-003,Section B — Nairobi-Nakuru Spur,542.3,3630.4,27.3,Partially Open,SNS-014
TEL-002538,2026-06-07T08:16:46,SITE-005,Section C — Nakuru-Eldoret Extension,445.7,3092.1,40.6,Open,SNS-009
TEL-000690,2026-05-04T19:48:21,SITE-005,Section B — Nairobi-Nakuru Spur,,3140.4,23.5,Closed,SNS-004
TEL-001992,2026-05-28T05:52:41,SITE-002,Section B — Nairobi-Nakuru Spur,422.4,3525.7,30.7,Closed,SNS-003
TEL-002705,2026-06-10T12:05:50,SITE-005,Section B — Nairobi-Nakuru Spur,428.5,2821.6,28.7,Open,SNS-008
TEL-000526,2026-05-02T02:50:54,SITE-005,Section A — Mombasa-Nairobi Main,372.8,3473.0,29.3,Closed,SNS-005
TEL-002435,2026-06-05T07:48:05,mombasa terminal,Section F — Kisumu Terminal Link,474.4,2348.8,37.7,Partially Open,SNS-014
TEL-000158,2026-04-25T18:57:04,ELD Terminal,Section C — Nakuru-Eldoret Extension,354.3,2898.2,28.0,Partially Open,SNS-009
TEL-000049,2026-04-23T20:07:02,SITE-004,Section A — Mombasa-Nairobi Main,335.3,2425.7,31.9,Closed,SNS-003
TEL-000296,2026-04-28T06:26:56,SITE-002,Section E — Makueni Branch,430.2,1000.0,24.2,Closed,SNS-014
TEL-003066,2026-06-16T17:13:57,SITE-006,Section C — Nakuru-Eldoret Extension,312.5,3921.2,32.6,Partially Open,SNS-008
TEL-004775,2026-07-17T08:15:32,SITE-001,Section B — Nairobi-Nakuru Spur,458.0,1787.5,22.5,Closed,SNS-004
TEL-002246,2026-06-01T21:07:25,KISUMU,Section B — Nairobi-Nakuru Spur,339.2,2560.0,23.5,Open,SNS-014
TEL-004926,2026-07-20T05:20:24,SITE-007,Section F — Kisumu Terminal Link,475.0,4659.0,30.3,Partially Open,SNS-014
TEL-002641,2026-06-09T08:33:03,SITE-007,Section A — Mombasa-Nairobi Main,247.3,3615.4,36.6,Closed,SNS-001
TEL-000037,2026-04-23T16:13:16,SITE-003,Section F — Kisumu Terminal Link,323.4,3585.4,29.9,Closed,SNS-004
TEL-000106,2026-04-24T17:27:06,SITE-007,Section F — Kisumu Terminal Link,380.5,2069.3,25.2,Partially Open,SNS-007
TEL-003461,2026-06-23T13:24:47,SITE-006,Section E — Makueni Branch,368.3,2511.0,30.7,Closed,SNS-010
TEL-001117,2026-05-12T22:30:22,SITE-005,Section D — Sinendet Lateral,363.7,4428.0,27.8,Closed,SNS-004
TEL-004862,2026-07-18T23:29:28,SITE-006,Section F — Kisumu Terminal Link,317.1,2881.2,27.1,Closed,SNS-011
TEL-001179,2026-05-13T23:12:42,Kibwezi,Section E — Makueni Branch,360.0,3542.3,30.7,Closed,SNS-007
TEL-002963,2026-06-14T13:19:50,Mombasa  Terminal,Section A — Mombasa-Nairobi Main,387.5,2069.8,31.5,Partially Open,SNS-009
TEL-000077,2026-04-24T05:55:22,NAKURU,Section B — Nairobi-Nakuru Spur,426.9,3116.4,25.7,Closed,SNS-005
TEL-001785,2026-05-24T04:38:25,SITE-003,Section F — Kisumu Terminal Link,484.0,4924.3,33.1,Open,SNS-008
TEL-003987,2026-07-03T19:06:37,SITE-004,Section E — Makueni Branch,246.4,2125.5,29.9,Partially Open,SNS-013
TEL-000192,2026-04-26T09:55:46,SITE-001,Section D — Sinendet Lateral,292.7,3102.3,40.6,Open,SNS-007
TEL-001470,2026-05-18T21:14:08,SITE-003,Section D — Sinendet Lateral,308.6,3210.4,39.5,Partially Open,SNS-008
TEL-002951,2026-06-14T07:18:08,SITE-004,Section E — Makueni Branch,366.4,2246.9,39.5,Open,SNS-014
TEL-004352,2026-07-10T10:14:42,ELD Terminal,Section B — Nairobi-Nakuru Spur,428.2,2925.3,38.5,Closed,SNS-013
TEL-001846,2026-05-25T10:36:42,SITE-001,Section B — Nairobi-Nakuru Spur,309.7,3404.4,36.7,Open,SNS-004
TEL-002299,2026-06-02T17:20:04,SITE-005,Section D — Sinendet Lateral,387.4,2915.5,40.0,Open,SNS-001
TEL-000951,2026-05-09T21:13:43,SITE-002,Section E — Makueni Branch,304.0,4354.3,39.1,Closed,SNS-014
TEL-002516,2026-06-06T22:23:16,kisumu terminal,Section D — Sinendet Lateral,337.3,1000.0,35.3,Closed,SNS-007
TEL-003127,2026-06-17T15:45:10,SITE-004,Section A — Mombasa-Nairobi Main,362.9,3302.0,25.1,Open,SNS-007
TEL-002362,2026-06-04T01:15:14,SITE-004,Section E — Makueni Branch,573.3,3331.6,31.2,Open,SNS-002
TEL-002169,2026-05-31T09:09:15,SITE-002,Section E — Makueni Branch,486.5,1894.6,32.4,Closed,SNS-005
TEL-000186,2026-04-26T07:56:26,SITE-002,Section A — Mombasa-Nairobi Main,446.6,2767.6,26.1,Open,SNS-004
TEL-004361,2026-07-10T14:16:10,SITE-006,Section C — Nakuru-Eldoret Extension,220.4,4659.8,26.9,Open,SNS-011
TEL-004315,2026-07-09T14:46:19,ELD Terminal,Section D — Sinendet Lateral,512.8,3773.3,29.3,Open,SNS-006
TEL-000213,2026-04-26T17:30:44,SITE-006,Section E — Makueni Branch,232.8,3403.4,37.3,Open,SNS-013
TEL-000730,2026-05-05T14:49:13,SITE-006,Section C — Nakuru-Eldoret Extension,476.3,3329.0,28.2,Open,SNS-003
TEL-004047,2026-07-05T00:02:07,Nairobi term,Section C — Nakuru-Eldoret Extension,441.6,1650.9,41.4,Partially Open,SNS-008
TEL-003863,2026-07-01T03:56:03,Nakuru  Depot,Section F — Kisumu Terminal Link,472.1,2005.8,24.4,Closed,SNS-011
TEL-004350,2026-07-10T08:25:57,SITE-002,Section F — Kisumu Terminal Link,238.8,2693.2,25.0,Open,SNS-006
TEL-003295,2026-06-20T09:35:12,SITE-007,Section A — Mombasa-Nairobi Main,365.5,1882.5,34.7,Open,SNS-002
TEL-000433,2026-04-30T09:16:45,MOMBASA,Section A — Mombasa-Nairobi Main,438.9,3500.6,34.7,Closed,SNS-010
TEL-001895,2026-05-26T09:46:33,SITE-005,Section E — Makueni Branch,324.2,2718.1,37.6,Closed,SNS-007
TEL-003439,2026-06-23T02:52:58,SITE-001,Section A — Mombasa-Nairobi Main,398.5,2931.4,40.5,Partially Open,SNS-003
TEL-002873,2026-06-12T23:56:40,SITE-001,Section B — Nairobi-Nakuru Spur,435.3,3195.3,35.7,Partially Open,SNS-003
TEL-003708,2026-06-28T02:18:01,SITE-006,Section D — Sinendet Lateral,452.6,2942.4,34.2,Open,SNS-006
TEL-003784,2026-06-29T12:37:05,SITE-007,Section D — Sinendet Lateral,322.5,2846.9,34.1,Open,SNS-003
TEL-002134,2026-05-30T17:27:29,SITE-007,Section A — Mombasa-Nairobi Main,494.5,3252.5,26.7,Closed,SNS-004
TEL-000113,2026-04-24T20:29:13,SITE-005,Section F — Kisumu Terminal Link,509.2,3624.4,23.4,Open,SNS-012
TEL-002959,2026-06-14T10:24:21,ELDORET,Section A — Mombasa-Nairobi Main,336.7,2778.8,29.2,Partially Open,SNS-013
TEL-000407,2026-04-29T22:41:34,SITE-001,Section F — Kisumu Terminal Link,343.7,3420.8,31.6,Partially Open,SNS-010
TEL-003953,2026-07-02T23:45:49,SITE-003,Section A — Mombasa-Nairobi Main,520.4,1885.3,25.7,Partially Open,SNS-010
TEL-000691,2026-05-04T20:34:19,SITE-005,Section F — Kisumu Terminal Link,351.0,2906.0,27.9,Closed,SNS-007
TEL-003051,2026-06-16T09:57:02,SITE-004,Section C — Nakuru-Eldoret Extension,404.2,3817.3,27.3,Open,SNS-009
TEL-001551,2026-05-20T06:57:23,SITE-005,Section A — Mombasa-Nairobi Main,439.7,3283.6,36.3,Closed,SNS-011
TEL-001210,2026-05-14T15:52:21,SITE-003,Section E — Makueni Branch,431.1,3527.4,35.4,Open,SNS-014
TEL-004649,2026-07-15T07:51:50,SITE-004,Section F — Kisumu Terminal Link,492.8,3207.2,26.3,Closed,SNS-005
TEL-001003,2026-05-10T20:16:35,SITE-006,Section C — Nakuru-Eldoret Extension,516.6,2634.3,27.9,Open,SNS-001
TEL-002602,2026-06-08T14:26:31,SITE-003,Section F — Kisumu Terminal Link,600.0,3604.1,24.2,Partially Open,SNS-013
TEL-000671,2026-05-04T11:54:22,SITE-003,Section E — Makueni Branch,264.2,3029.6,29.1,Open,SNS-003
TEL-004207,2026-07-08T00:49:10,SITE-005,Section B — Nairobi-Nakuru Spur,472.6,3172.7,31.9,Closed,SNS-013
TEL-003820,2026-06-30T07:59:08,SITE-003,Section D — Sinendet Lateral,479.2,2201.5,17.4,Open,SNS-007
TEL-001090,2026-05-12T08:07:27,KSM Terminal,Section D — Sinendet Lateral,498.0,2467.4,36.1,Closed,SNS-010
TEL-001076,2026-05-12T03:05:35,SITE-005,Section B — Nairobi-Nakuru Spur,435.0,3023.9,23.9,Open,SNS-012
TEL-002586,2026-06-08T05:27:55,SITE-002,Section D — Sinendet Lateral,498.5,5000.0,35.2,Open,SNS-005
TEL-002374,2026-06-04T06:25:26,SITE-006,Section A — Mombasa-Nairobi Main,359.3,3778.2,27.7,Partially Open,SNS-013
TEL-000250,2026-04-27T09:06:50,SITE-006,Section D — Sinendet Lateral,481.1,2864.9,30.0,Partially Open,SNS-006
TEL-004546,2026-07-13T22:37:59,NRB Terminal,Section A — Mombasa-Nairobi Main,302.9,3641.8,29.3,Closed,SNS-005
TEL-002353,2026-06-03T18:54:14,SITE-006,Section E — Makueni Branch,339.0,4031.1,23.7,Closed,SNS-005
TEL-002757,2026-06-11T05:57:36,SITE-007,Section C — Nakuru-Eldoret Extension,462.5,4009.3,23.0,Closed,SNS-006
TEL-000678,2026-05-04T15:49:37,SITE-006,Section F — Kisumu Terminal Link,417.9,1257.4,34.6,Open,SNS-012
TEL-003900,2026-07-01T22:02:56,SITE-007,Section B — Nairobi-Nakuru Spur,237.1,3811.5,33.4,Open,SNS-010
TEL-001633,2026-05-21T21:16:43,KSM Terminal,Section C — Nakuru-Eldoret Extension,384.0,3096.6,22.7,Open,SNS-013
TEL-004062,2026-07-05T06:47:18,SITE-001,Section F — Kisumu Terminal Link,411.2,4409.3,25.6,Open,SNS-008
TEL-003678,2026-06-27T15:17:30,SITE-005,Section E — Makueni Branch,389.0,3636.3,38.1,Open,SNS-008
TEL-000744,2026-05-05T21:40:05,SITE-007,Section F — Kisumu Terminal Link,352.6,5000.0,23.1,Open,SNS-006
TEL-004275,2026-07-09T03:34:47,SITE-003,Section B — Nairobi-Nakuru Spur,407.5,3083.6,16.9,Open,SNS-013
TEL-000095,2026-04-24T11:55:44,SITE-001,Section F — Kisumu Terminal Link,258.1,3587.6,40.9,Closed,SNS-010
TEL-003993,2026-07-03T22:38:31,SITE-002,Section F — Kisumu Terminal Link,405.0,2695.7,22.9,Open,SNS-005
TEL-000946,2026-05-09T19:16:56,SITE-002,Section B — Nairobi-Nakuru Spur,386.0,3049.7,18.8,Open,SNS-005
TEL-003712,2026-06-28T03:54:07,NAIROBI,Section F — Kisumu Terminal Link,285.9,1000.0,29.6,Open,SNS-006
TEL-002883,2026-06-13T03:24:53,SITE-006,Section C — Nakuru-Eldoret Extension,440.4,3377.8,23.8,Partially Open,SNS-001
TEL-000986,2026-05-10T12:15:18,SITE-005,Section F — Kisumu Terminal Link,850,2485.5,31.4,Partially Open,SNS-009
TEL-003039,2026-06-16T03:03:57,SITE-007,Section B — Nairobi-Nakuru Spur,304.2,4248.6,33.0,Open,SNS-009
TEL-000402,2026-04-29T21:39:14,SITE-001,Section A — Mombasa-Nairobi Main,334.3,2532.2,35.4,Open,SNS-009
TEL-000644,2026-05-04T02:30:29,SITE-003,Section E — Makueni Branch,489.2,2261.2,34.3,Open,SNS-013
TEL-001151,2026-05-13T13:38:46,SITE-001,Section C — Nakuru-Eldoret Extension,381.6,3546.1,28.2,Open,SNS-005
TEL-001630,2026-05-21T19:28:52,SITE-002,Section E — Makueni Branch,497.8,2866.3,29.7,Closed,SNS-007
TEL-002777,2026-06-11T11:41:38,eldoret terminal,Section C — Nakuru-Eldoret Extension,433.3,4400.5,21.9,Open,SNS-002
TEL-002644,2026-06-09T09:50:31,SITE-007,Section E — Makueni Branch,447.2,2752.1,24.0,Open,SNS-003
TEL-002126,2026-05-30T15:21:52,SITE-004,Section E — Makueni Branch,365.8,1414.3,37.9,Open,SNS-012
TEL-003823,2026-06-30T09:28:24,SITE-005,Section C — Nakuru-Eldoret Extension,501.5,2284.4,37.8,Open,SNS-012
TEL-000499,2026-05-01T17:32:27,SITE-004,Section F — Kisumu Terminal Link,283.5,2219.3,32.7,Open,SNS-008
TEL-004212,2026-07-08T02:56:21,SITE-005,Section B — Nairobi-Nakuru Spur,308.9,4440.0,30.0,Open,SNS-008
TEL-003214,2026-06-19T02:39:56,SITE-006,Section D — Sinendet Lateral,506.9,3073.5,32.5,Open,SNS-005
TEL-004925,2026-07-20T04:53:19,SITE-007,Section A — Mombasa-Nairobi Main,434.4,4588.5,31.4,Partially Open,SNS-013
TEL-001909,2026-05-26T18:27:23,SITE-002,Section E — Makueni Branch,417.8,3307.6,27.8,Open,SNS-008
TEL-002780,2026-06-11T13:36:02,SITE-005,Section C — Nakuru-Eldoret Extension,269.7,4705.3,30.8,Partially Open,SNS-013
TEL-000505,2026-05-01T19:26:11,SITE-007,Section B — Nairobi-Nakuru Spur,355.5,4464.3,26.8,Open,SNS-012
TEL-002811,2026-06-12T00:45:48,SITE-007,Section C — Nakuru-Eldoret Extension,473.1,4174.1,35.3,Open,SNS-010
TEL-000704,2026-05-05T02:38:42,SITE-005,Section A — Mombasa-Nairobi Main,442.4,3602.1,17.1,Partially Open,SNS-010
TEL-003790,2026-06-29T14:29:21,SITE-002,Section D — Sinendet Lateral,304.0,2439.3,29.9,Open,SNS-005
TEL-001066,2026-05-11T22:05:49,SITE-007,Section F — Kisumu Terminal Link,353.7,4000.9,29.7,Open,SNS-003
TEL-003392,2026-06-22T05:35:09,SITE-003,Section B — Nairobi-Nakuru Spur,352.7,2665.1,40.5,Open,SNS-005
TEL-003037,2026-06-16T02:28:01,SITE-003,Section C — Nakuru-Eldoret Extension,423.7,2861.3,31.0,Closed,SNS-005
TEL-001780,2026-05-24T02:41:08,SITE-002,Section E — Makueni Branch,352.6,3279.9,24.0,Open,SNS-004
TEL-003625,2026-06-26T14:33:40,SITE-002,Section D — Sinendet Lateral,340.0,1773.0,41.5,Closed,SNS-014
TEL-002523,2026-06-07T01:29:24,SITE-002,Section F — Kisumu Terminal Link,332.1,2649.3,45.0,Open,SNS-009
TEL-000910,2026-05-09T01:04:33,SITE-004,Section C — Nakuru-Eldoret Extension,369.5,1043.4,30.7,Partially Open,SNS-005
TEL-003868,2026-07-01T07:51:16,SITE-002,Section D — Sinendet Lateral,302.1,3467.1,31.8,Open,SNS-010
TEL-003742,2026-06-28T15:32:31,SITE-005,Section E — Makueni Branch,472.0,2740.5,28.2,Partially Open,SNS-001
TEL-002976,2026-06-14T18:14:27,SITE-006,Section F — Kisumu Terminal Link,,2950.0,27.5,Open,SNS-014
TEL-000833,2026-05-07T12:26:18,SITE-007,Section A — Mombasa-Nairobi Main,433.6,1268.6,34.6,Partially Open,SNS-011
TEL-002521,2026-06-07T00:49:26,SITE-002,Section C — Nakuru-Eldoret Extension,383.1,1617.6,24.3,Open,SNS-003
TEL-001420,2026-05-18T00:50:03,SITE-004,Section F — Kisumu Terminal Link,476.0,3367.1,29.2,Closed,SNS-006
TEL-000156,2026-04-25T17:27:08,SITE-002,Section C — Nakuru-Eldoret Extension,320.9,2691.3,32.7,Open,SNS-001
TEL-000783,2026-05-06T17:33:36,SITE-003,Section D — Sinendet Lateral,395.2,2860.5,30.2,Closed,SNS-011
TEL-000922,2026-05-09T05:18:38,SITE-007,Section A — Mombasa-Nairobi Main,393.9,3432.2,30.7,Closed,SNS-002
TEL-004321,2026-07-09T18:38:56,Sinendet  Pump Station,Section A — Mombasa-Nairobi Main,489.2,4007.6,25.1,Open,SNS-006
TEL-002681,2026-06-10T01:51:10,SITE-004,Section B — Nairobi-Nakuru Spur,445.1,2006.5,38.5,Open,SNS-004
TEL-003170,2026-06-18T08:34:10,SITE-004,Section F — Kisumu Terminal Link,492.2,2469.7,34.9,Open,SNS-004
TEL-003046,2026-06-16T06:50:48,SITE-006,Section F — Kisumu Terminal Link,435.4,3732.1,15.4,Open,SNS-009
TEL-000256,2026-04-27T10:46:08,SITE-006,Section A — Mombasa-Nairobi Main,279.7,3918.5,36.4,Open,SNS-001
TEL-003201,2026-06-18T20:33:24,SITE-002,Section A — Mombasa-Nairobi Main,579.1,,32.8,Open,SNS-004
TEL-004704,2026-07-16T02:38:46,SITE-003,Section B — Nairobi-Nakuru Spur,486.4,4231.4,35.3,Open,SNS-005
TEL-002196,2026-05-31T23:19:20,SITE-001,Section D — Sinendet Lateral,442.0,,35.2,Closed,SNS-010
TEL-004509,2026-07-13T07:46:07,SITE-006,Section D — Sinendet Lateral,294.7,2985.7,27.5,Open,SNS-006
TEL-002697,2026-06-10T08:09:20,SITE-002,Section A — Mombasa-Nairobi Main,437.0,3244.7,31.8,Closed,SNS-004
TEL-001274,2026-05-15T16:33:21,SITE-001,Section D — Sinendet Lateral,427.6,2211.3,38.1,Partially Open,SNS-008
TEL-004238,2026-07-08T13:01:57,SITE-001,Section A — Mombasa-Nairobi Main,457.0,3461.0,37.4,Closed,SNS-009
TEL-003242,2026-06-19T13:52:32,SITE-002,Section D — Sinendet Lateral,509.3,3898.9,27.9,Closed,SNS-008
TEL-004056,2026-07-05T04:27:24,Sinendet PS,Section B — Nairobi-Nakuru Spur,353.2,1169.3,28.5,Open,SNS-006
TEL-003702,2026-06-27T23:31:32,SITE-006,Section D — Sinendet Lateral,478.0,3413.9,27.6,Closed,SNS-001
TEL-004459,2026-07-12T08:29:24,SITE-006,Section C — Nakuru-Eldoret Extension,450.6,3655.3,32.3,Open,SNS-013
TEL-003423,2026-06-22T18:26:56,SITE-005,Section E — Makueni Branch,418.5,2939.2,41.5,Open,SNS-002
TEL-001295,2026-05-15T23:08:14,SITE-005,Section A — Mombasa-Nairobi Main,462.2,2893.1,28.5,Closed,SNS-013
TEL-003146,2026-06-17T21:59:36,SITE-006,Section B — Nairobi-Nakuru Spur,444.8,3243.1,,Closed,SNS-007
TEL-004845,2026-07-18T15:27:58,SITE-004,Section A — Mombasa-Nairobi Main,464.0,3874.6,23.6,Partially Open,SNS-002
TEL-000767,2026-05-06T11:13:26,SITE-004,Section A — Mombasa-Nairobi Main,,3120.8,26.5,Partially Open,SNS-001
TEL-001783,2026-05-24T03:41:32,SITE-006,Section A — Mombasa-Nairobi Main,361.3,3858.2,27.4,Open,SNS-012
TEL-001037,2026-05-11T09:16:04,SITE-005,Section B — Nairobi-Nakuru Spur,310.8,3122.7,40.1,Open,SNS-006
TEL-001282,2026-05-15T18:52:00,SITE-002,Section F — Kisumu Terminal Link,,3367.8,32.8,Open,SNS-008
TEL-001204,2026-05-14T14:20:39,SITE-006,Section D — Sinendet Lateral,402.0,4445.2,36.0,Open,SNS-007
TEL-003884,2026-07-01T13:01:04,SITE-003,Section D — Sinendet Lateral,470.7,3902.9,40.6,Open,SNS-006
TEL-002710,2026-06-10T15:00:22,SITE-007,Section A — Mombasa-Nairobi Main,531.6,4712.9,29.2,Closed,SNS-001
TEL-003656,2026-06-27T07:20:09,SITE-007,Section F — Kisumu Terminal Link,465.6,3275.8,29.8,Open,SNS-004
TEL-004884,2026-07-19T11:50:06,SITE-005,Section B — Nairobi-Nakuru Spur,409.5,2690.1,21.9,Partially Open,SNS-013
TEL-004434,2026-07-11T23:45:20,SITE-005,Section A — Mombasa-Nairobi Main,496.4,1833.8,31.7,Closed,SNS-003
TEL-003065,2026-06-16T15:58:24,SITE-001,Section A — Mombasa-Nairobi Main,381.8,3276.7,32.1,Open,SNS-006
TEL-003317,2026-06-20T23:31:18,SITE-007,Section E — Makueni Branch,498.5,2787.0,28.9,Closed,SNS-010
TEL-002953,2026-06-14T08:45:40,Makueni PS,Section A — Mombasa-Nairobi Main,319.0,2263.6,18.0,Open,SNS-008
TEL-001183,2026-05-14T00:57:10,SITE-005,Section D — Sinendet Lateral,317.0,2336.6,33.2,Open,SNS-003
TEL-003960,2026-07-03T02:50:11,SITE-006,Section D — Sinendet Lateral,464.0,3402.5,33.6,Closed,SNS-005
TEL-003895,2026-07-01T20:38:29,SITE-005,Section F — Kisumu Terminal Link,502.8,2709.8,21.1,Partially Open,SNS-012
TEL-002323,2026-06-03T05:13:42,Makueni PS,Section D — Sinendet Lateral,368.4,2149.8,36.9,Open,SNS-002
TEL-003571,2026-06-25T13:30:37,SITE-007,Section B — Nairobi-Nakuru Spur,288.3,3120.5,31.0,Closed,SNS-003
TEL-003055,2026-06-16T12:06:23,MOMBASA,Section D — Sinendet Lateral,527.5,3184.5,39.2,Open,SNS-011
TEL-002065,2026-05-29T14:01:41,SITE-006,Section B — Nairobi-Nakuru Spur,446.0,3851.6,30.5,Partially Open,SNS-014
TEL-004386,2026-07-11T00:34:36,Nairobi  Terminal,Section F — Kisumu Terminal Link,439.0,4542.7,21.9,Open,SNS-011
TEL-000902,2026-05-08T18:35:57,SITE-007,Section D — Sinendet Lateral,413.2,2949.3,28.4,Open,SNS-006
TEL-001821,2026-05-24T23:50:26,SITE-005,Section F — Kisumu Terminal Link,354.4,3666.6,28.6,Partially Open,SNS-011
TEL-002485,2026-06-06T11:56:07,SITE-004,Section B — Nairobi-Nakuru Spur,250.3,2943.0,27.8,Open,SNS-012
TEL-001806,2026-05-24T17:49:33,SITE-004,Section B — Nairobi-Nakuru Spur,406.0,2633.5,27.1,Closed,SNS-007
TEL-002308,2026-06-02T21:51:00,SITE-003,Section E — Makueni Branch,370.8,2684.2,26.9,Closed,SNS-010
TEL-002539,2026-06-07T08:22:27,SITE-001,Section B — Nairobi-Nakuru Spur,435.5,,30.8,Partially Open,SNS-004
TEL-004813,2026-07-18T01:16:20,SITE-007,Section A — Mombasa-Nairobi Main,277.6,2073.9,25.7,Closed,SNS-014
TEL-001795,2026-05-24T10:32:26,makueni pipeline,Section A — Mombasa-Nairobi Main,393.0,2795.3,30.1,Open,SNS-001
TEL-001229,2026-05-14T21:04:15,SITE-007,Section B — Nairobi-Nakuru Spur,430.4,2658.5,24.6,Closed,SNS-003
TEL-003160,2026-06-18T03:50:00,Nakuru  Depot,Section F — Kisumu Terminal Link,426.5,2084.9,22.3,Closed,SNS-006
TEL-004888,2026-07-19T12:24:30,SITE-005,Section B — Nairobi-Nakuru Spur,490.9,4035.3,20.2,Closed,SNS-002
TEL-004789,2026-07-17T15:01:12,SITE-004,Section E — Makueni Branch,440.5,3215.5,34.6,Open,SNS-008
TEL-003286,2026-06-20T07:46:41,SITE-004,Section A — Mombasa-Nairobi Main,339.6,4526.2,37.1,Open,SNS-004
TEL-000282,2026-04-27T23:46:05,SITE-004,Section F — Kisumu Terminal Link,600.0,2685.9,32.3,Open,SNS-002
TEL-000739,2026-05-05T19:47:25,SITE-002,Section A — Mombasa-Nairobi Main,397.0,3108.7,26.7,Open,SNS-004
TEL-002225,2026-06-01T09:24:16,SITE-001,Section D — Sinendet Lateral,464.4,4151.2,34.5,Closed,SNS-013
TEL-001281,2026-05-15T18:42:27,SITE-001,Section E — Makueni Branch,428.4,3616.1,34.2,Open,SNS-004
TEL-002460,2026-06-05T20:03:37,SITE-003,Section C — Nakuru-Eldoret Extension,443.7,3888.5,20.9,Closed,SNS-005
TEL-004016,2026-07-04T10:43:33,SITE-002,Section F — Kisumu Terminal Link,400.7,2802.5,37.5,Open,SNS-007
TEL-000386,2026-04-29T15:03:46,SITE-005,Section F — Kisumu Terminal Link,411.7,3735.1,22.7,Open,SNS-005
TEL-003705,2026-06-28T00:34:19,Kisumu term,Section A — Mombasa-Nairobi Main,329.3,1987.5,24.8,Open,SNS-006
TEL-003969,2026-07-03T08:39:42,SITE-003,Section D — Sinendet Lateral,477.7,3450.3,37.0,Open,SNS-012
TEL-003202,2026-06-18T20:39:45,SITE-005,Section E — Makueni Branch,342.3,2046.7,26.5,Partially Open,SNS-012
TEL-001808,2026-05-24T18:30:51,SITE-007,Section F — Kisumu Terminal Link,314.1,2973.3,31.8,Partially Open,SNS-013
TEL-004389,2026-07-11T00:58:48,SITE-001,Section B — Nairobi-Nakuru Spur,350.7,3780.0,25.1,Open,SNS-003
TEL-000567,2026-05-02T23:00:06,SITE-001,Section D — Sinendet Lateral,222.5,3035.4,36.6,Closed,SNS-010
TEL-004637,2026-07-15T01:12:13,SITE-004,Section A — Mombasa-Nairobi Main,404.7,3809.7,23.8,Partially Open,SNS-013
TEL-000111,2026-04-24T19:55:36,SITE-005,Section C — Nakuru-Eldoret Extension,373.3,1113.7,23.1,Closed,SNS-011
TEL-004922,2026-07-20T04:09:26,SITE-004,Section D — Sinendet Lateral,432.3,3033.5,27.8,Open,SNS-004
TEL-003169,2026-06-18T08:15:16,SITE-004,Section B — Nairobi-Nakuru Spur,493.6,2488.4,31.8,Partially Open,SNS-009
TEL-001095,2026-05-12T09:41:36,SITE-003,Section E — Makueni Branch,235.2,4093.7,25.3,Open,SNS-014
TEL-000738,2026-05-05T18:35:21,SITE-007,Section B — Nairobi-Nakuru Spur,370.9,2735.1,24.0,Closed,SNS-009
TEL-001642,2026-05-22T00:06:16,SITE-001,Section C — Nakuru-Eldoret Extension,289.2,2729.7,27.8,Open,SNS-007
TEL-004445,2026-07-12T04:17:27,SITE-004,Section F — Kisumu Terminal Link,367.1,3307.0,30.8,Closed,SNS-001
TEL-002957,2026-06-14T09:59:54,SITE-003,Section E — Makueni Branch,489.0,2453.6,37.9,Open,SNS-011
TEL-004139,2026-07-06T13:00:48,SITE-002,Section A — Mombasa-Nairobi Main,480.8,2098.4,37.0,Open,SNS-013
TEL-003497,2026-06-24T06:34:53,MAKUENI,Section F — Kisumu Terminal Link,467.9,1916.0,42.0,Open,SNS-008
TEL-003944,2026-07-02T18:51:09,SITE-002,Section F — Kisumu Terminal Link,366.0,3853.9,29.3,Open,SNS-012
TEL-000504,2026-05-01T19:21:35,SITE-002,Section E — Makueni Branch,439.0,2416.6,27.9,Open,SNS-014
TEL-000397,2026-04-29T18:14:01,SITE-003,Section F — Kisumu Terminal Link,329.9,4285.7,34.8,Open,SNS-008
TEL-003244,2026-06-19T14:11:01,SITE-001,Section F — Kisumu Terminal Link,507.3,3369.1,26.0,Open,SNS-008
TEL-003362,2026-06-21T15:25:55,ELD Terminal,Section D — Sinendet Lateral,365.8,2830.6,35.6,Partially Open,SNS-012
TEL-001980,2026-05-28T01:37:22,SITE-005,Section D — Sinendet Lateral,464.2,1742.0,29.2,Closed,SNS-004
TEL-004716,2026-07-16T08:32:14,SITE-004,Section F — Kisumu Terminal Link,359.9,2776.6,32.6,Open,SNS-010
TEL-000432,2026-04-30T09:09:27,SITE-001,Section B — Nairobi-Nakuru Spur,243.7,5000.0,28.9,Partially Open,SNS-003
TEL-002394,2026-06-04T13:46:37,SITE-003,Section C — Nakuru-Eldoret Extension,383.8,2986.4,36.0,Partially Open,SNS-014
TEL-004420,2026-07-11T20:04:41,SITE-004,Section D — Sinendet Lateral,383.4,2364.6,31.0,Closed,SNS-012
TEL-003030,2026-06-15T22:41:57,SITE-004,Section F — Kisumu Terminal Link,850,3719.4,29.2,Closed,SNS-007
TEL-002908,2026-06-13T14:12:46,SITE-002,Section A — Mombasa-Nairobi Main,327.3,4536.6,26.4,Open,SNS-008
TEL-004204,2026-07-07T22:05:42,SITE-007,Section B — Nairobi-Nakuru Spur,573.3,2931.0,36.2,Partially Open,SNS-006
TEL-001180,2026-05-13T23:27:16,SITE-005,Section F — Kisumu Terminal Link,479.7,3568.0,25.2,Open,SNS-004
TEL-004402,2026-07-11T09:01:54,SITE-004,Section C — Nakuru-Eldoret Extension,436.9,4161.7,38.7,Open,SNS-003
TEL-002909,2026-06-13T14:46:38,SITE-006,Section E — Makueni Branch,282.0,2383.0,30.7,Open,SNS-008
TEL-000365,2026-04-29T09:22:40,Nakuru  Depot,Section D — Sinendet Lateral,,2956.8,20.5,Open,SNS-005
TEL-004868,2026-07-19T03:08:07,Sinendet  Pump Station,Section E — Makueni Branch,355.2,3379.6,28.8,Open,SNS-005
TEL-001017,2026-05-11T01:19:27,SITE-003,Section F — Kisumu Terminal Link,453.1,4070.1,42.3,Partially Open,SNS-001
TEL-004470,2026-07-12T14:17:46,SITE-006,Section F — Kisumu Terminal Link,569.1,2658.0,20.3,Open,SNS-013
TEL-004378,2026-07-10T21:54:25,SITE-007,Section D — Sinendet Lateral,467.9,1600.1,39.0,Closed,SNS-011
TEL-004111,2026-07-06T02:54:40,SITE-005,Section D — Sinendet Lateral,339.3,3467.0,34.5,Partially Open,SNS-002
TEL-002475,2026-06-06T05:03:51,SITE-001,Section E — Makueni Branch,,2692.0,29.9,Open,SNS-013
TEL-002300,2026-06-02T17:20:46,SITE-005,Section C — Nakuru-Eldoret Extension,378.9,4229.5,35.1,Open,SNS-006
TEL-004104,2026-07-05T23:38:08,SITE-003,Section E — Makueni Branch,319.9,2361.2,25.0,Partially Open,SNS-011
TEL-002874,2026-06-13T00:39:29,SITE-004,Section C — Nakuru-Eldoret Extension,469.2,3112.4,38.9,Partially Open,SNS-009
TEL-001346,2026-05-16T21:41:16,NRB Terminal,Section F — Kisumu Terminal Link,465.0,1996.6,33.9,Open,SNS-012
TEL-004900,2026-07-19T17:41:52,SITE-006,Section D — Sinendet Lateral,362.3,4401.2,29.7,Closed,SNS-004
TEL-003071,2026-06-16T18:00:28,SITE-007,Section E — Makueni Branch,370.4,3796.6,36.3,Closed,SNS-001
TEL-003264,2026-06-20T00:48:48,SITE-002,Section C — Nakuru-Eldoret Extension,386.4,,31.4,Open,SNS-012
TEL-002181,2026-05-31T15:11:28,SITE-002,Section B — Nairobi-Nakuru Spur,447.8,1401.4,29.6,Open,SNS-005
TEL-004064,2026-07-05T07:29:15,SITE-007,Section C — Nakuru-Eldoret Extension,504.3,2877.3,28.2,Open,SNS-004
TEL-001133,2026-05-13T06:26:20,SITE-004,Section C — Nakuru-Eldoret Extension,559.0,2879.2,26.7,Open,SNS-011
TEL-002945,2026-06-14T04:43:23,ELD Terminal,Section B — Nairobi-Nakuru Spur,467.9,3307.9,32.7,Partially Open,SNS-012
TEL-003761,2026-06-29T01:41:34,SITE-001,Section C — Nakuru-Eldoret Extension,495.0,3210.7,28.1,Partially Open,SNS-004
TEL-000733,2026-05-05T16:04:36,KSM Terminal,Section B — Nairobi-Nakuru Spur,381.7,3397.3,38.0,Open,SNS-004
TEL-004523,2026-07-13T12:32:49,SITE-005,Section E — Makueni Branch,334.8,2328.4,28.9,Partially Open,SNS-011
TEL-004195,2026-07-07T19:15:57,SITE-006,Section F — Kisumu Terminal Link,501.5,2018.2,27.0,Closed,SNS-003
TEL-001292,2026-05-15T22:14:57,SITE-004,Section A — Mombasa-Nairobi Main,279.7,2124.9,22.8,Open,SNS-008
TEL-001814,2026-05-24T20:45:27,SITE-002,Section B — Nairobi-Nakuru Spur,482.3,3537.5,18.8,Open,SNS-014
TEL-002612,2026-06-08T18:27:30,SITE-003,Section F — Kisumu Terminal Link,275.1,3539.6,20.1,Open,SNS-011
TEL-004952,2026-07-20T22:20:38,SITE-003,Section A — Mombasa-Nairobi Main,482.9,2990.8,22.4,Partially Open,SNS-004
TEL-003389,2026-06-22T03:53:28,SITE-006,Section E — Makueni Branch,339.2,2004.5,35.7,Closed,SNS-003
TEL-004219,2026-07-08T06:03:21,SITE-003,Section E — Makueni Branch,200.0,3389.5,43.0,Closed,SNS-002
TEL-000770,2026-05-06T12:20:54,SITE-003,Section B — Nairobi-Nakuru Spur,500.7,4195.3,33.6,Open,SNS-013
TEL-002449,2026-06-05T14:47:06,SITE-002,Section C — Nakuru-Eldoret Extension,448.0,,34.4,Open,SNS-012
TEL-000993,2026-05-10T15:52:35,SITE-002,Section F — Kisumu Terminal Link,471.4,3801.5,22.8,Closed,SNS-014
TEL-004121,2026-07-06T07:15:55,SITE-004,Section B — Nairobi-Nakuru Spur,370.6,3592.6,38.5,Closed,SNS-002
TEL-004266,2026-07-08T22:21:08,SITE-004,Section A — Mombasa-Nairobi Main,367.4,1942.2,33.4,Closed,SNS-010
TEL-003923,2026-07-02T08:48:38,SITE-002,Section C — Nakuru-Eldoret Extension,365.4,3786.3,31.6,Open,SNS-013
TEL-004375,2026-07-10T21:25:49,SITE-005,Section F — Kisumu Terminal Link,369.1,2943.3,34.7,Open,SNS-008
TEL-000070,2026-04-24T02:54:00,SITE-005,Section A — Mombasa-Nairobi Main,434.5,2326.3,35.5,Open,SNS-008
TEL-002015,2026-05-28T17:15:16,SITE-001,Section A — Mombasa-Nairobi Main,340.9,3429.4,26.2,Partially Open,SNS-013
TEL-000927,2026-05-09T08:14:07,SITE-001,Section F — Kisumu Terminal Link,377.2,2791.5,26.4,Closed,SNS-014
TEL-001864,2026-05-25T17:53:23,SITE-004,Section F — Kisumu Terminal Link,374.1,1247.2,39.0,Partially Open,SNS-006
TEL-002688,2026-06-10T04:49:51,SITE-004,Section A — Mombasa-Nairobi Main,413.0,2947.1,37.9,Closed,SNS-005
TEL-000120,2026-04-24T21:53:59,SITE-006,Section E — Makueni Branch,416.9,2353.5,24.6,Partially Open,SNS-009
TEL-000751,2026-05-06T01:06:01,SITE-004,Section C — Nakuru-Eldoret Extension,353.9,2455.8,18.2,Partially Open,SNS-005
TEL-003270,2026-06-20T02:21:04,SITE-007,Section A — Mombasa-Nairobi Main,357.0,3109.7,37.9,Closed,SNS-013
TEL-001000,2026-05-10T18:47:49,SITE-005,Section D — Sinendet Lateral,292.8,3375.0,34.8,Partially Open,SNS-013
TEL-004624,2026-07-14T23:02:58,SITE-001,Section C — Nakuru-Eldoret Extension,411.9,4041.5,40.6,Closed,SNS-013
TEL-004690,2026-07-15T23:09:14,SITE-004,Section A — Mombasa-Nairobi Main,364.0,2598.5,27.1,Open,SNS-004
TEL-004292,2026-07-09T06:57:42,SITE-006,Section F — Kisumu Terminal Link,371.9,3624.1,34.6,Closed,SNS-013
TEL-004196,2026-07-07T19:17:27,MAKUENI,Section B — Nairobi-Nakuru Spur,480.8,3081.1,33.6,Closed,SNS-005
TEL-004714,2026-07-16T07:22:26,sinendet pump,Section A — Mombasa-Nairobi Main,384.6,3671.7,35.2,Open,SNS-014
TEL-001130,2026-05-13T04:01:46,SITE-004,Section F — Kisumu Terminal Link,337.2,1708.2,32.6,Open,SNS-008
TEL-004934,2026-07-20T12:40:33,SITE-001,Section A — Mombasa-Nairobi Main,305.6,3616.1,35.7,Partially Open,SNS-012
TEL-001094,2026-05-12T09:23:22,SITE-004,Section A — Mombasa-Nairobi Main,479.9,3275.8,28.0,Open,SNS-007
TEL-004611,2026-07-14T19:42:05,SITE-001,Section F — Kisumu Terminal Link,403.1,3744.7,27.1,Open,SNS-006
TEL-001372,2026-05-17T05:53:25,SITE-005,Section C — Nakuru-Eldoret Extension,531.3,2334.8,36.5,Open,SNS-002
TEL-004663,2026-07-15T13:20:16,nairobi terminal,Section A — Mombasa-Nairobi Main,414.2,2988.0,26.7,Closed,SNS-008
TEL-002120,2026-05-30T13:20:08,SITE-004,Section C — Nakuru-Eldoret Extension,200.0,3457.0,34.7,Open,SNS-007
TEL-002350,2026-06-03T18:13:03,NKR Depot,Section E — Makueni Branch,321.0,3751.3,35.0,Open,SNS-012
TEL-004421,2026-07-11T20:41:39,SITE-005,Section A — Mombasa-Nairobi Main,323.5,3859.3,30.6,Open,SNS-003
TEL-004993,2026-07-21T22:12:42,SITE-004,Section A — Mombasa-Nairobi Main,454.9,2861.4,23.2,Open,SNS-013
TEL-002609,2026-06-08T17:18:49,SITE-004,Section F — Kisumu Terminal Link,490.5,2336.4,29.8,Open,SNS-008
TEL-004541,2026-07-13T18:57:54,SITE-002,Section A — Mombasa-Nairobi Main,312.1,1622.0,38.5,Open,SNS-014
TEL-003537,2026-06-24T22:06:24,SITE-001,Section A — Mombasa-Nairobi Main,365.1,2641.2,37.5,Open,SNS-005
TEL-001342,2026-05-16T20:34:56,Kisumu  Terminal,Section D — Sinendet Lateral,491.8,3637.2,27.2,Partially Open,SNS-005
TEL-003026,2026-06-15T20:34:18,SITE-007,Section D — Sinendet Lateral,319.9,3473.8,25.7,Open,SNS-001
TEL-000763,2026-05-06T09:07:21,SITE-007,Section E — Makueni Branch,,1364.0,31.3,Closed,SNS-004
TEL-000326,2026-04-28T19:04:22,SITE-006,Section C — Nakuru-Eldoret Extension,,3485.8,31.5,Closed,SNS-004
TEL-004970,2026-07-21T07:27:25,SITE-005,Section A — Mombasa-Nairobi Main,506.8,3323.5,41.6,Closed,SNS-007
TEL-000838,2026-05-07T15:05:57,SITE-006,Section F — Kisumu Terminal Link,466.4,2654.7,28.6,Open,SNS-007
TEL-002823,2026-06-12T05:33:10,SITE-002,Section B — Nairobi-Nakuru Spur,336.4,4158.8,38.7,Closed,SNS-014
TEL-000346,2026-04-29T03:43:55,SITE-005,Section A — Mombasa-Nairobi Main,459.0,2540.6,35.1,Closed,SNS-005
TEL-000208,2026-04-26T16:34:08,SITE-006,Section D — Sinendet Lateral,542.2,1910.0,36.3,Open,SNS-012
TEL-004897,2026-07-19T15:37:10,SITE-003,Section F — Kisumu Terminal Link,341.8,4031.5,28.4,Open,SNS-009
TEL-003592,2026-06-25T22:27:49,SITE-001,Section E — Makueni Branch,395.1,3557.5,35.7,Open,SNS-014
TEL-000325,2026-04-28T18:52:51,SITE-004,Section D — Sinendet Lateral,278.9,3648.7,25.1,Partially Open,SNS-005
TEL-003836,2026-06-30T17:29:58,SITE-001,Section C — Nakuru-Eldoret Extension,312.6,2930.5,20.8,Open,SNS-010
TEL-003914,2026-07-02T05:05:28,SITE-005,Section C — Nakuru-Eldoret Extension,324.7,4296.3,29.3,Closed,SNS-001
TEL-003787,2026-06-29T13:30:22,SITE-004,Section F — Kisumu Terminal Link,584.5,3689.0,34.5,Open,SNS-012
TEL-002318,2026-06-03T01:36:34,SITE-004,Section A — Mombasa-Nairobi Main,330.0,3232.9,38.0,Partially Open,SNS-002
TEL-001254,2026-05-15T05:46:40,SITE-001,Section A — Mombasa-Nairobi Main,385.7,2015.7,32.0,Closed,SNS-011
TEL-000633,2026-05-03T23:02:01,eldoret terminal,Section F — Kisumu Terminal Link,518.6,1483.1,17.0,Closed,SNS-003
TEL-004078,2026-07-05T13:02:45,SITE-006,Section A — Mombasa-Nairobi Main,850,2152.5,30.2,Closed,SNS-010
TEL-003607,2026-06-26T06:12:27,SITE-005,Section E — Makueni Branch,319.1,2248.5,25.9,Closed,SNS-001
TEL-003948,2026-07-02T21:22:32,SITE-006,Section B — Nairobi-Nakuru Spur,403.3,3486.3,27.7,Open,SNS-001
TEL-004498,2026-07-13T01:36:37,SITE-002,Section B — Nairobi-Nakuru Spur,494.0,3667.7,21.1,Closed,SNS-012
TEL-000399,2026-04-29T20:09:12,SITE-004,Section D — Sinendet Lateral,318.9,2369.8,21.3,Open,SNS-006
TEL-002052,2026-05-29T09:52:07,SITE-001,Section E — Makueni Branch,233.0,2458.3,34.4,Partially Open,SNS-001
TEL-003405,2026-06-22T12:10:04,SITE-006,Section A — Mombasa-Nairobi Main,341.8,3826.7,19.5,Open,SNS-009
TEL-000066,2026-04-24T01:53:40,SITE-004,Section A — Mombasa-Nairobi Main,382.6,3869.0,38.8,Open,SNS-003
TEL-001478,2026-05-19T01:06:30,SITE-006,Section A — Mombasa-Nairobi Main,338.7,2136.8,32.5,Closed,SNS-001
TEL-004847,2026-07-18T15:49:54,SITE-001,Section E — Makueni Branch,453.0,3277.5,29.9,Partially Open,SNS-011
TEL-004526,2026-07-13T13:37:48,SITE-001,Section F — Kisumu Terminal Link,431.2,3353.8,32.1,Closed,SNS-002
TEL-003390,2026-06-22T04:08:38,SITE-003,Section E — Makueni Branch,417.1,2860.2,26.7,Open,SNS-013
TEL-004609,2026-07-14T19:03:32,KSM Terminal,Section B — Nairobi-Nakuru Spur,458.9,3014.6,21.7,Closed,SNS-007
TEL-002191,2026-05-31T19:53:30,SITE-006,Section D — Sinendet Lateral,297.8,2248.7,25.5,Open,SNS-006
TEL-004846,2026-07-18T15:28:46,SITE-003,Section D — Sinendet Lateral,529.9,2674.2,20.3,Partially Open,SNS-011
TEL-001110,2026-05-12T17:39:02,SITE-001,Section A — Mombasa-Nairobi Main,393.1,2975.2,38.2,Partially Open,SNS-005
TEL-001471,2026-05-18T21:22:33,SITE-005,Section F — Kisumu Terminal Link,286.0,2029.4,29.9,Closed,SNS-004
TEL-001348,2026-05-16T22:04:44,SITE-006,Section A — Mombasa-Nairobi Main,427.4,3727.3,34.9,Open,SNS-009
TEL-004556,2026-07-14T02:56:13,SITE-006,Section A — Mombasa-Nairobi Main,429.6,4015.2,25.0,Closed,SNS-010
TEL-000712,2026-05-05T06:37:56,NAKURU,Section D — Sinendet Lateral,363.3,3363.4,29.6,Open,SNS-011
TEL-003931,2026-07-02T14:45:50,SITE-003,Section B — Nairobi-Nakuru Spur,350.8,3818.5,32.1,Partially Open,SNS-006
TEL-002089,2026-05-29T23:52:43,SITE-001,Section D — Sinendet Lateral,465.3,2471.3,19.6,Closed,SNS-001
TEL-000921,2026-05-09T05:03:27,SITE-006,Section C — Nakuru-Eldoret Extension,495.7,4279.0,29.8,Partially Open,SNS-009
TEL-004652,2026-07-15T09:37:09,SITE-006,Section D — Sinendet Lateral,200.0,3405.1,23.2,Open,SNS-009
TEL-001979,2026-05-28T01:26:22,SITE-003,Section D — Sinendet Lateral,471.1,2808.1,40.6,Closed,SNS-013
TEL-002797,2026-06-11T20:03:42,SITE-005,Section B — Nairobi-Nakuru Spur,414.5,2661.8,24.5,Open,SNS-009
TEL-002031,2026-05-29T00:05:57,Nakuru dep,Section D — Sinendet Lateral,565.8,3838.2,32.2,Partially Open,SNS-013
TEL-000900,2026-05-08T17:34:30,sinendet pump station,Section C — Nakuru-Eldoret Extension,423.0,2603.8,20.2,Partially Open,SNS-012
TEL-000795,2026-05-06T23:11:51,SITE-004,Section D — Sinendet Lateral,493.0,2017.5,15.0,Open,SNS-006
TEL-003351,2026-06-21T11:19:06,SITE-006,Section A — Mombasa-Nairobi Main,349.8,3207.6,24.4,Open,SNS-002
TEL-001001,2026-05-10T19:17:00,SITE-004,Section A — Mombasa-Nairobi Main,477.6,2001.6,24.7,Closed,SNS-005
TEL-003560,2026-06-25T08:38:51,NAKURU,Section F — Kisumu Terminal Link,474.1,3945.8,25.1,Open,SNS-007
TEL-001683,2026-05-22T14:48:23,SITE-006,Section D — Sinendet Lateral,378.1,2155.5,29.0,Closed,SNS-008
TEL-000595,2026-05-03T07:33:24,kisumu terminal,Section E — Makueni Branch,496.6,3392.2,37.5,Open,SNS-011
TEL-001963,2026-05-27T19:30:16,SITE-006,Section E — Makueni Branch,470.6,2264.4,34.0,Closed,SNS-008
TEL-000775,2026-05-06T13:26:24,SITE-006,Section B — Nairobi-Nakuru Spur,446.5,2357.6,33.5,Closed,SNS-002
TEL-001816,2026-05-24T21:27:11,SITE-003,Section E — Makueni Branch,410.1,2985.6,31.0,Closed,SNS-007
TEL-002306,2026-06-02T20:31:29,SITE-007,Section C — Nakuru-Eldoret Extension,479.1,3843.3,28.6,Closed,SNS-008
TEL-001494,2026-05-19T07:52:59,SITE-007,Section A — Mombasa-Nairobi Main,366.5,2986.8,34.1,Closed,SNS-010
TEL-000028,2026-04-23T14:18:27,SITE-006,Section E — Makueni Branch,404.0,3590.7,31.2,Closed,SNS-006
TEL-003158,2026-06-18T03:04:04,SITE-004,Section D — Sinendet Lateral,415.2,3742.3,18.4,Partially Open,SNS-014
TEL-001501,2026-05-19T10:47:30,SITE-007,Section E — Makueni Branch,456.7,4222.4,32.0,Open,SNS-013
TEL-003018,2026-06-15T16:47:07,SITE-004,Section F — Kisumu Terminal Link,467.6,2503.5,,Closed,SNS-002
TEL-002326,2026-06-03T06:39:04,sinendet pump station,Section F — Kisumu Terminal Link,371.3,2606.8,34.8,Closed,SNS-004
TEL-004710,2026-07-16T06:17:25,SITE-004,Section F — Kisumu Terminal Link,357.0,3825.7,25.9,Partially Open,SNS-006
TEL-000885,2026-05-08T11:59:32,SITE-007,Section E — Makueni Branch,394.5,1667.7,18.3,Open,SNS-002
TEL-002046,2026-05-29T07:49:05,SITE-002,Section D — Sinendet Lateral,531.2,2950.9,28.3,Closed,SNS-009
TEL-000679,2026-05-04T16:05:27,SITE-006,Section A — Mombasa-Nairobi Main,421.8,2827.8,31.6,Open,SNS-003
TEL-004265,2026-07-08T21:54:27,SITE-007,Section F — Kisumu Terminal Link,475.1,1352.0,26.1,Closed,SNS-011
TEL-003230,2026-06-19T08:45:08,SITE-007,Section F — Kisumu Terminal Link,370.1,2939.8,30.7,Open,SNS-014
TEL-002413,2026-06-05T01:00:33,SITE-005,Section A — Mombasa-Nairobi Main,368.8,2604.7,43.6,Open,SNS-013
TEL-004534,2026-07-13T16:46:47,NAKURU,Section C — Nakuru-Eldoret Extension,452.9,1874.0,32.5,Open,SNS-010
TEL-001349,2026-05-16T22:06:38,SITE-005,Section D — Sinendet Lateral,447.9,1849.6,29.2,Open,SNS-009
TEL-002001,2026-05-28T09:45:30,SITE-002,Section D — Sinendet Lateral,473.8,2544.7,33.4,Closed,SNS-003
TEL-002111,2026-05-30T07:19:29,SITE-002,Section B — Nairobi-Nakuru Spur,484.2,2675.1,33.4,Closed,SNS-004
TEL-004257,2026-07-08T19:33:09,SITE-003,Section C — Nakuru-Eldoret Extension,420.9,4719.6,25.2,Closed,SNS-012
TEL-001127,2026-05-13T03:34:21,SITE-005,Section C — Nakuru-Eldoret Extension,372.8,3870.1,31.6,Open,SNS-004
TEL-004927,2026-07-20T06:40:08,SITE-004,Section A — Mombasa-Nairobi Main,565.8,1669.8,30.8,Open,SNS-006
TEL-002506,2026-06-06T18:56:58,Sinendet PS,Section A — Mombasa-Nairobi Main,457.5,3754.9,37.0,Open,SNS-010
TEL-000973,2026-05-10T07:24:13,Sinendet PS,Section C — Nakuru-Eldoret Extension,382.4,3111.3,22.9,Open,SNS-002
TEL-000592,2026-05-03T06:57:00,SITE-006,Section E — Makueni Branch,449.0,3169.6,28.7,Closed,SNS-006
TEL-000024,2026-04-23T12:13:07,SITE-005,Section C — Nakuru-Eldoret Extension,470.6,3992.8,28.3,Open,SNS-002
TEL-000043,2026-04-23T17:34:46,SITE-001,Section F — Kisumu Terminal Link,344.4,3865.4,29.3,Partially Open,SNS-005
TEL-000593,2026-05-03T07:17:21,SITE-006,Section A — Mombasa-Nairobi Main,432.3,3149.9,26.4,Partially Open,SNS-013
TEL-002162,2026-05-31T06:30:01,SITE-005,Section E — Makueni Branch,541.9,1241.4,33.7,Open,SNS-013
TEL-000669,2026-05-04T10:29:54,SITE-003,Section A — Mombasa-Nairobi Main,367.4,2654.6,35.0,Closed,SNS-001
TEL-001283,2026-05-15T19:12:56,NKR Depot,Section F — Kisumu Terminal Link,370.5,3768.3,32.5,Open,SNS-002
TEL-004670,2026-07-15T15:37:27,SITE-007,Section F — Kisumu Terminal Link,300.2,3521.5,34.5,Closed,SNS-001
TEL-000064,2026-04-24T01:12:35,SITE-003,Section A — Mombasa-Nairobi Main,493.6,2939.9,32.3,Open,SNS-013
TEL-000642,2026-05-04T02:12:35,Nairobi term,Section B — Nairobi-Nakuru Spur,538.3,3407.3,30.8,Closed,SNS-012
TEL-002404,2026-06-04T18:46:50,SITE-007,Section F — Kisumu Terminal Link,445.0,4806.9,27.8,Partially Open,SNS-008
TEL-001414,2026-05-17T19:54:50,SITE-002,Section F — Kisumu Terminal Link,437.0,3666.5,29.7,Open,SNS-011
TEL-002879,2026-06-13T01:30:36,SITE-003,Section F — Kisumu Terminal Link,579.5,2347.1,23.2,Partially Open,SNS-009
TEL-003544,2026-06-25T00:42:21,SITE-005,Section C — Nakuru-Eldoret Extension,497.0,2911.8,26.0,Closed,SNS-003
TEL-004407,2026-07-11T12:12:39,SITE-002,Section A — Mombasa-Nairobi Main,412.5,2513.2,25.2,Open,SNS-009
TEL-000722,2026-05-05T12:53:56,SITE-007,Section F — Kisumu Terminal Link,387.0,3179.7,37.4,Partially Open,SNS-010
TEL-002689,2026-06-10T04:55:50,SITE-006,Section F — Kisumu Terminal Link,314.1,3515.2,39.3,Open,SNS-008
TEL-002332,2026-06-03T10:21:55,SITE-005,Section C — Nakuru-Eldoret Extension,490.4,2167.1,31.0,Open,SNS-013
TEL-002088,2026-05-29T23:51:17,SITE-005,Section E — Makueni Branch,231.2,2363.1,21.7,Closed,SNS-006
TEL-001302,2026-05-16T01:22:22,SITE-004,Section A — Mombasa-Nairobi Main,410.3,2707.8,33.1,Partially Open,SNS-002
TEL-001986,2026-05-28T03:42:58,SITE-001,Section F — Kisumu Terminal Link,443.4,2928.6,26.0,Open,SNS-002
TEL-003293,2026-06-20T09:08:15,Mombasa  Terminal,Section C — Nakuru-Eldoret Extension,489.1,2364.7,40.4,Closed,SNS-014
TEL-000925,2026-05-09T07:01:05,SITE-006,Section A — Mombasa-Nairobi Main,511.3,4326.0,24.8,Open,SNS-012
TEL-004452,2026-07-12T05:29:09,SITE-004,Section E — Makueni Branch,348.0,2367.1,34.5,Open,SNS-013
TEL-000492,2026-05-01T12:55:55,SITE-007,Section E — Makueni Branch,364.4,4625.9,25.2,Closed,SNS-014
TEL-002114,2026-05-30T10:30:04,NAKURU,Section B — Nairobi-Nakuru Spur,312.7,2831.0,24.0,Closed,SNS-006
TEL-000738,2026-05-05T18:35:21,SITE-007,Section B — Nairobi-Nakuru Spur,370.9,2735.1,24.0,Closed,SNS-009
TEL-003796,2026-06-29T14:51:49,SITE-001,Section A — Mombasa-Nairobi Main,451.2,3464.2,21.5,Partially Open,SNS-002
TEL-002462,2026-06-05T23:57:41,ELD Terminal,Section F — Kisumu Terminal Link,200.0,1525.0,22.5,Open,SNS-003
TEL-003649,2026-06-27T04:13:42,SITE-004,Section D — Sinendet Lateral,408.4,2520.3,31.6,Open,SNS-012
TEL-004362,2026-07-10T14:37:31,SITE-001,Section B — Nairobi-Nakuru Spur,360.3,3020.3,25.6,Partially Open,SNS-004
TEL-004327,2026-07-09T19:41:10,SITE-003,Section A — Mombasa-Nairobi Main,380.1,3909.1,36.4,Open,SNS-004
TEL-004165,2026-07-07T05:38:27,SINENDET,Section E — Makueni Branch,399.6,4236.9,25.1,Closed,SNS-009
TEL-004154,2026-07-06T23:35:02,KSM Terminal,Section C — Nakuru-Eldoret Extension,397.1,3342.5,33.4,Open,SNS-004
TEL-000942,2026-05-09T15:41:38,SITE-001,Section A — Mombasa-Nairobi Main,,2726.9,30.6,Open,SNS-008
TEL-001334,2026-05-16T18:00:38,SITE-006,Section A — Mombasa-Nairobi Main,497.6,3350.3,38.0,Open,SNS-011
TEL-000709,2026-05-05T05:15:30,SITE-001,Section F — Kisumu Terminal Link,368.0,3859.0,36.4,Closed,SNS-002
TEL-002600,2026-06-08T13:00:43,SITE-003,Section F — Kisumu Terminal Link,,2797.0,38.2,Closed,SNS-011
TEL-002405,2026-06-04T20:01:50,SITE-006,Section C — Nakuru-Eldoret Extension,440.9,1684.2,35.5,Open,SNS-001
TEL-003563,2026-06-25T09:22:11,SITE-002,Section E — Makueni Branch,412.9,3010.1,40.3,Open,SNS-002
TEL-001868,2026-05-25T19:51:45,SITE-001,Section B — Nairobi-Nakuru Spur,293.4,2045.2,28.5,Open,SNS-006
TEL-000162,2026-04-25T19:55:12,SITE-005,Section E — Makueni Branch,390.7,3127.5,23.6,Open,SNS-012
TEL-004024,2026-07-04T12:19:03,SITE-002,Section A — Mombasa-Nairobi Main,294.6,2877.4,42.2,Open,SNS-009
TEL-000238,2026-04-27T03:00:34,Thange section,Section B — Nairobi-Nakuru Spur,373.3,2642.6,25.5,Closed,SNS-012
TEL-000031,2026-04-23T14:50:26,SITE-007,Section E — Makueni Branch,415.5,2456.0,26.5,Closed,SNS-007
TEL-001500,2026-05-19T09:57:13,SITE-004,Section B — Nairobi-Nakuru Spur,593.3,2693.4,24.4,Partially Open,SNS-006
TEL-003019,2026-06-15T16:54:17,SITE-006,Section A — Mombasa-Nairobi Main,345.6,1853.7,36.1,Open,SNS-014
TEL-000047,2026-04-23T19:38:46,SITE-004,Section B — Nairobi-Nakuru Spur,317.6,4815.3,17.5,Open,SNS-005
TEL-000607,2026-05-03T11:52:13,SITE-006,Section A — Mombasa-Nairobi Main,579.4,2855.9,30.0,Open,SNS-007
TEL-003454,2026-06-23T11:39:13,SITE-001,Section F — Kisumu Terminal Link,535.7,3543.8,30.2,Open,SNS-006
TEL-000875,2026-05-08T07:30:14,ELD Terminal,Section E — Makueni Branch,458.9,2765.3,35.5,Open,SNS-014
TEL-000912,2026-05-09T01:35:59,SITE-007,Section E — Makueni Branch,314.9,2586.2,33.1,Closed,SNS-006
TEL-003024,2026-06-15T18:33:43,SITE-005,Section F — Kisumu Terminal Link,263.8,2951.9,36.8,Open,SNS-002
TEL-004620,2026-07-14T22:22:39,SITE-007,Section C — Nakuru-Eldoret Extension,448.3,3871.4,33.1,Closed,SNS-003
TEL-001435,2026-05-18T07:14:58,SITE-006,Section B — Nairobi-Nakuru Spur,417.5,4480.4,32.3,Open,SNS-003
TEL-003641,2026-06-27T02:07:20,SITE-003,Section B — Nairobi-Nakuru Spur,335.3,2373.7,28.1,Closed,SNS-003
TEL-004156,2026-07-07T00:16:47,Mombasa  Terminal,Section A — Mombasa-Nairobi Main,417.1,2769.0,31.8,Closed,SNS-007
TEL-002967,2026-06-14T15:47:10,SITE-005,Section E — Makueni Branch,429.7,2896.0,33.9,Open,SNS-012
TEL-001744,2026-05-23T12:18:37,SITE-004,Section C — Nakuru-Eldoret Extension,416.1,2941.9,38.2,Open,SNS-004
TEL-002994,2026-06-15T01:07:32,SITE-005,Section A — Mombasa-Nairobi Main,370.2,2943.2,25.9,Open,SNS-012
TEL-000933,2026-05-09T10:29:39,Nakuru dep,Section C — Nakuru-Eldoret Extension,,2477.6,22.9,Partially Open,SNS-001
TEL-001475,2026-05-18T23:26:15,SITE-006,Section E — Makueni Branch,,3959.6,25.5,Open,SNS-014
TEL-004422,2026-07-11T20:51:21,SITE-006,Section B — Nairobi-Nakuru Spur,423.9,2937.7,35.0,Closed,SNS-009
TEL-003692,2026-06-27T19:10:31,SITE-003,Section E — Makueni Branch,320.9,4106.7,15.5,Open,SNS-011
TEL-004304,2026-07-09T11:23:24,SITE-004,Section D — Sinendet Lateral,591.2,2610.4,34.4,Open,SNS-011
TEL-000941,2026-05-09T15:36:05,SITE-003,Section F — Kisumu Terminal Link,399.2,3773.0,27.1,Open,SNS-005
TEL-004460,2026-07-12T08:50:53,SITE-002,Section E — Makueni Branch,243.0,1958.6,31.5,Open,SNS-009
TEL-002093,2026-05-30T02:55:04,SITE-001,Section F — Kisumu Terminal Link,430.8,3327.6,20.4,Partially Open,SNS-012
TEL-004914,2026-07-20T00:31:54,SITE-005,Section A — Mombasa-Nairobi Main,407.1,1715.6,29.0,Partially Open,SNS-006
TEL-000726,2026-05-05T14:16:31,SITE-007,Section D — Sinendet Lateral,456.8,2023.3,17.0,Open,SNS-004
TEL-001982,2026-05-28T02:24:22,Nakuru  Depot,Section A — Mombasa-Nairobi Main,452.8,3111.9,23.1,Closed,SNS-001
TEL-002226,2026-06-01T09:33:43,KISUMU,Section C — Nakuru-Eldoret Extension,346.4,2158.6,36.7,Open,SNS-007
TEL-002036,2026-05-29T03:39:35,SITE-002,Section F — Kisumu Terminal Link,200.0,2345.2,25.5,Open,SNS-004
TEL-004743,2026-07-16T21:11:13,SITE-003,Section A — Mombasa-Nairobi Main,388.3,2781.3,28.3,Closed,SNS-008
TEL-004409,2026-07-11T13:48:09,SITE-007,Section E — Makueni Branch,363.6,4948.1,24.5,Open,SNS-006
TEL-000880,2026-05-08T09:34:20,SITE-006,Section E — Makueni Branch,532.6,3798.9,31.2,Closed,SNS-004
TEL-003986,2026-07-03T18:19:38,SITE-007,Section E — Makueni Branch,470.3,3630.7,30.4,Partially Open,SNS-002
TEL-000206,2026-04-26T15:45:19,sinendet pump,Section C — Nakuru-Eldoret Extension,267.4,3021.2,28.9,Open,SNS-013
TEL-000188,2026-04-26T08:57:04,SITE-003,Section D — Sinendet Lateral,591.9,2470.8,25.9,Partially Open,SNS-010
TEL-003543,2026-06-25T00:14:37,SITE-001,Section B — Nairobi-Nakuru Spur,392.9,2196.9,26.4,Partially Open,SNS-002
TEL-000879,2026-05-08T09:04:26,SITE-005,Section B — Nairobi-Nakuru Spur,352.5,2022.9,25.6,Open,SNS-003
TEL-000078,2026-04-24T06:38:00,SITE-007,Section C — Nakuru-Eldoret Extension,483.1,2659.0,27.7,Open,SNS-009
TEL-002301,2026-06-02T17:52:59,SITE-006,Section D — Sinendet Lateral,487.0,3091.0,40.4,Open,SNS-007
TEL-000425,2026-04-30T05:40:39,NRB Terminal,Section D — Sinendet Lateral,417.4,3962.8,23.5,Closed,SNS-004
TEL-000650,2026-05-04T04:55:18,SITE-001,Section C — Nakuru-Eldoret Extension,475.3,2241.2,26.6,Closed,SNS-009
TEL-002240,2026-06-01T17:52:42,SITE-007,Section A — Mombasa-Nairobi Main,384.7,3097.9,,Open,SNS-011
TEL-000681,2026-05-04T16:23:14,SITE-005,Section F — Kisumu Terminal Link,435.9,2218.8,31.9,Open,SNS-014
TEL-003985,2026-07-03T18:01:46,SITE-001,Section A — Mombasa-Nairobi Main,392.9,4473.0,41.0,Closed,SNS-014
TEL-004946,2026-07-20T16:40:48,SITE-007,Section F — Kisumu Terminal Link,518.3,3170.0,30.2,Closed,SNS-002
TEL-001203,2026-05-14T13:56:55,nairobi terminal,Section C — Nakuru-Eldoret Extension,362.1,3168.3,30.3,Closed,SNS-013
TEL-000590,2026-05-03T06:10:31,SITE-005,Section A — Mombasa-Nairobi Main,200.0,3224.2,37.5,Closed,SNS-007
TEL-003740,2026-06-28T14:00:02,SITE-006,Section C — Nakuru-Eldoret Extension,466.2,1839.3,26.3,Open,SNS-005
TEL-001199,2026-05-14T10:48:00,SITE-007,Section E — Makueni Branch,,3110.0,21.3,Closed,SNS-002
TEL-004790,2026-07-17T15:03:43,SITE-006,Section F — Kisumu Terminal Link,392.5,2786.9,27.8,Open,SNS-006
TEL-000989,2026-05-10T13:31:53,SITE-007,Section E — Makueni Branch,282.9,3100.3,32.1,Closed,SNS-002
TEL-002218,2026-06-01T06:15:30,SITE-001,Section B — Nairobi-Nakuru Spur,305.0,3589.1,24.2,Open,SNS-007
TEL-003057,2026-06-16T12:32:12,SITE-005,Section A — Mombasa-Nairobi Main,279.3,3677.5,25.9,Partially Open,SNS-011
TEL-002271,2026-06-02T05:47:58,SITE-007,Section B — Nairobi-Nakuru Spur,388.9,3280.3,25.6,Open,SNS-005
TEL-004049,2026-07-05T00:54:23,SITE-001,Section E — Makueni Branch,426.7,3717.3,32.7,Open,SNS-008
TEL-002790,2026-06-11T16:59:36,SITE-004,Section E — Makueni Branch,374.1,3573.7,31.2,Closed,SNS-009
TEL-001558,2026-05-20T09:20:46,SITE-004,Section C — Nakuru-Eldoret Extension,286.3,3188.5,34.7,Open,SNS-008
TEL-001109,2026-05-12T17:03:16,SITE-004,Section C — Nakuru-Eldoret Extension,423.0,2371.2,27.8,Open,SNS-012
TEL-004004,2026-07-04T03:51:24,sinendet pump,Section A — Mombasa-Nairobi Main,415.6,2733.3,26.1,Closed,SNS-008
TEL-004524,2026-07-13T12:51:06,SITE-003,Section C — Nakuru-Eldoret Extension,387.8,3415.7,28.2,Open,SNS-003
TEL-003715,2026-06-28T05:54:40,SITE-005,Section F — Kisumu Terminal Link,339.2,2951.8,29.6,Closed,SNS-002
TEL-000815,2026-05-07T07:55:33,SITE-002,Section E — Makueni Branch,332.9,3022.5,35.0,Open,SNS-006
TEL-003032,2026-06-15T22:49:41,SITE-004,Section F — Kisumu Terminal Link,1150,4093.1,27.3,Open,SNS-011
TEL-004810,2026-07-18T00:48:19,SITE-006,Section A — Mombasa-Nairobi Main,307.1,2584.2,34.2,Open,SNS-006
TEL-002629,2026-06-09T01:28:02,SITE-007,Section F — Kisumu Terminal Link,404.4,2464.1,33.2,Open,SNS-001
TEL-003978,2026-07-03T11:52:17,sinendet pump,Section F — Kisumu Terminal Link,460.5,2918.6,23.9,Open,SNS-002
TEL-002135,2026-05-30T18:28:46,SITE-006,Section C — Nakuru-Eldoret Extension,366.1,3132.0,31.1,Open,SNS-001
TEL-003211,2026-06-19T00:33:04,SITE-001,Section B — Nairobi-Nakuru Spur,374.7,4318.7,32.5,Closed,SNS-011
TEL-003143,2026-06-17T20:15:29,SITE-002,Section A — Mombasa-Nairobi Main,248.6,2225.0,23.6,Closed,SNS-009
TEL-000229,2026-04-26T23:37:23,SITE-003,Section D — Sinendet Lateral,321.1,3812.2,39.7,Closed,SNS-011
TEL-000555,2026-05-02T18:06:35,SITE-001,Section C — Nakuru-Eldoret Extension,218.2,2671.2,33.4,Closed,SNS-013
TEL-002577,2026-06-08T00:36:34,SITE-004,Section D — Sinendet Lateral,363.2,4173.7,22.7,Open,SNS-004
TEL-003212,2026-06-19T02:02:15,SITE-006,Section C — Nakuru-Eldoret Extension,412.3,2981.2,27.2,Partially Open,SNS-013
TEL-004726,2026-07-16T13:22:25,SITE-007,Section D — Sinendet Lateral,320.3,1947.5,35.7,Partially Open,SNS-012
TEL-001134,2026-05-13T06:55:21,SITE-001,Section C — Nakuru-Eldoret Extension,548.4,2489.9,33.0,Partially Open,SNS-003
TEL-002603,2026-06-08T14:36:41,SITE-004,Section D — Sinendet Lateral,415.2,3759.6,26.9,Open,SNS-010
TEL-002540,2026-06-07T08:30:24,SITE-006,Section D — Sinendet Lateral,456.7,2618.5,31.0,Partially Open,SNS-014
TEL-000512,2026-05-01T22:18:07,SITE-006,Section F — Kisumu Terminal Link,422.1,3495.6,32.1,Partially Open,SNS-007
TEL-002090,2026-05-29T23:53:22,SITE-001,Section A — Mombasa-Nairobi Main,359.0,2770.9,26.9,Closed,SNS-002
TEL-001243,2026-05-15T02:40:55,SITE-004,Section A — Mombasa-Nairobi Main,340.5,4046.9,25.6,Open,SNS-004
TEL-000990,2026-05-10T13:47:39,SITE-007,Section A — Mombasa-Nairobi Main,279.8,2514.1,19.4,Closed,SNS-008
TEL-000280,2026-04-27T22:20:58,eldoret terminal,Section A — Mombasa-Nairobi Main,455.7,3220.0,24.7,Closed,SNS-012
TEL-001570,2026-05-20T15:15:17,SITE-006,Section C — Nakuru-Eldoret Extension,547.4,1864.4,31.6,Closed,SNS-012
TEL-000233,2026-04-27T00:53:26,SITE-001,Section F — Kisumu Terminal Link,442.5,3923.5,30.9,Open,SNS-011
TEL-004583,2026-07-14T10:25:57,SITE-003,Section C — Nakuru-Eldoret Extension,478.4,2910.5,38.0,Open,SNS-005
TEL-004332,2026-07-09T23:37:20,SITE-004,Section F — Kisumu Terminal Link,398.6,3828.2,28.4,Open,SNS-010
TEL-003238,2026-06-19T12:31:48,SITE-006,Section E — Makueni Branch,323.4,4357.7,32.2,Open,SNS-004
TEL-004837,2026-07-18T12:50:55,SITE-003,Section F — Kisumu Terminal Link,423.0,3021.4,42.9,Open,SNS-012
TEL-003188,2026-06-18T14:00:40,SITE-004,Section B — Nairobi-Nakuru Spur,383.8,4775.0,33.7,Closed,SNS-010
TEL-004449,2026-07-12T05:15:08,SITE-005,Section B — Nairobi-Nakuru Spur,,1694.1,30.2,Open,SNS-004
TEL-001467,2026-05-18T20:22:29,Mombasa  Terminal,Section D — Sinendet Lateral,387.8,2672.1,30.9,Closed,SNS-007
TEL-001968,2026-05-27T21:13:56,SITE-002,Section B — Nairobi-Nakuru Spur,374.7,2881.4,22.7,Closed,SNS-013
TEL-001086,2026-05-12T06:24:42,SITE-001,Section E — Makueni Branch,510.9,3363.9,22.3,Open,SNS-012
TEL-003490,2026-06-24T01:18:16,SITE-007,Section B — Nairobi-Nakuru Spur,423.1,2512.0,32.6,Open,SNS-002
TEL-004440,2026-07-12T02:10:57,SITE-004,Section D — Sinendet Lateral,486.1,3408.1,36.3,Partially Open,SNS-004
TEL-003898,2026-07-01T21:40:30,Eldoret term,Section C — Nakuru-Eldoret Extension,406.7,1995.4,30.3,Open,SNS-013
TEL-001136,2026-05-13T08:44:11,SITE-001,Section D — Sinendet Lateral,344.1,2733.2,25.8,Open,SNS-006
TEL-002628,2026-06-09T00:59:48,SITE-003,Section E — Makueni Branch,445.8,2869.6,31.0,Partially Open,SNS-012
TEL-002611,2026-06-08T17:53:28,MOMBASA,Section F — Kisumu Terminal Link,347.3,4340.2,27.9,Open,SNS-008
TEL-004966,2026-07-21T06:25:16,Sinendet  Pump Station,Section D — Sinendet Lateral,505.7,2950.0,27.1,Open,SNS-002
TEL-002901,2026-06-13T10:35:28,SITE-006,Section F — Kisumu Terminal Link,421.3,3342.8,26.1,Open,SNS-008
TEL-003857,2026-07-01T00:25:18,SITE-001,Section E — Makueni Branch,370.2,2363.3,36.2,Closed,SNS-002
TEL-004054,2026-07-05T04:20:50,SITE-003,Section C — Nakuru-Eldoret Extension,365.6,2979.6,36.2,Open,SNS-012
TEL-000491,2026-05-01T12:47:42,SITE-007,Section B — Nairobi-Nakuru Spur,372.6,2445.7,34.8,Closed,SNS-014
TEL-001009,2026-05-10T22:45:21,SITE-007,Section A — Mombasa-Nairobi Main,441.2,3362.4,35.8,Open,SNS-012
TEL-002897,2026-06-13T08:27:54,SITE-002,Section E — Makueni Branch,346.3,2591.7,21.3,Open,SNS-003
TEL-000203,2026-04-26T14:11:55,SITE-002,Section E — Makueni Branch,284.4,3103.8,23.1,Partially Open,SNS-001
TEL-002458,2026-06-05T19:17:40,SITE-002,Section B — Nairobi-Nakuru Spur,506.7,3505.8,28.8,Open,SNS-008
TEL-004349,2026-07-10T08:05:38,SITE-003,Section D — Sinendet Lateral,352.0,1000.0,45.0,Partially Open,SNS-008
TEL-001092,2026-05-12T08:57:00,SITE-002,Section E — Makueni Branch,362.2,3496.8,39.5,Closed,SNS-001
TEL-001371,2026-05-17T05:42:32,SITE-004,Section C — Nakuru-Eldoret Extension,477.3,1353.7,27.5,Closed,SNS-007
TEL-000586,2026-05-03T05:09:33,Nairobi term,Section B — Nairobi-Nakuru Spur,368.2,2586.0,34.3,Open,SNS-005
TEL-004774,2026-07-17T07:18:13,SITE-002,Section E — Makueni Branch,450.7,2944.6,29.8,Open,SNS-001
TEL-000899,2026-05-08T16:42:19,makueni section,Section B — Nairobi-Nakuru Spur,381.2,2526.3,24.5,Closed,SNS-006
TEL-004633,2026-07-15T00:02:20,NAIROBI,Section F — Kisumu Terminal Link,423.8,3313.4,26.6,Closed,SNS-006
TEL-004515,2026-07-13T09:03:58,Kipevu terminal,Section E — Makueni Branch,456.0,4060.0,29.7,Open,SNS-003
TEL-000997,2026-05-10T18:01:12,SITE-001,Section E — Makueni Branch,370.2,1946.7,30.8,Closed,SNS-011
TEL-001582,2026-05-20T19:52:45,SITE-003,Section C — Nakuru-Eldoret Extension,397.1,3704.9,23.0,Partially Open,SNS-007
TEL-002176,2026-05-31T13:15:43,SITE-007,Section E — Makueni Branch,384.0,2447.0,30.6,Partially Open,SNS-005
TEL-004399,2026-07-11T05:44:40,KSM Terminal,Section E — Makueni Branch,384.7,4059.4,26.4,Closed,SNS-011
TEL-000962,2026-05-10T01:09:18,kisumu terminal,Section C — Nakuru-Eldoret Extension,299.3,3257.0,36.1,Open,SNS-013
TEL-003383,2026-06-21T23:40:03,SITE-004,Section C — Nakuru-Eldoret Extension,432.0,3100.0,29.9,Partially Open,SNS-006
TEL-001810,2026-05-24T19:14:36,SITE-006,Section F — Kisumu Terminal Link,407.3,3031.6,31.3,Partially Open,SNS-004
TEL-000255,2026-04-27T10:42:15,SITE-001,Section B — Nairobi-Nakuru Spur,365.5,2272.9,18.9,Partially Open,SNS-004
TEL-001699,2026-05-22T19:49:30,SITE-004,Section E — Makueni Branch,214.1,4491.9,34.0,Closed,SNS-004
TEL-004773,2026-07-17T06:36:39,SITE-006,Section C — Nakuru-Eldoret Extension,364.2,3064.3,32.2,Open,SNS-003
TEL-004273,2026-07-09T02:00:38,kisumu terminal,Section C — Nakuru-Eldoret Extension,508.2,2066.7,37.2,Open,SNS-004
TEL-002491,2026-06-06T14:14:22,SITE-003,Section D — Sinendet Lateral,425.8,3157.3,27.9,Partially Open,SNS-009
TEL-001941,2026-05-27T09:48:02,SITE-001,Section E — Makueni Branch,375.5,3752.8,28.4,Open,SNS-013
TEL-000355,2026-04-29T06:26:44,SITE-006,Section C — Nakuru-Eldoret Extension,251.2,4292.9,34.1,Partially Open,SNS-008
TEL-004708,2026-07-16T04:54:24,SITE-004,Section A — Mombasa-Nairobi Main,343.2,3711.9,29.1,Open,SNS-001
TEL-004241,2026-07-08T14:17:00,SITE-001,Section A — Mombasa-Nairobi Main,435.7,3220.7,20.8,Closed,SNS-006
TEL-003194,2026-06-18T17:34:37,makueni pipeline,Section A — Mombasa-Nairobi Main,462.8,4485.0,32.3,Partially Open,SNS-007
TEL-000121,2026-04-24T21:59:52,SITE-001,Section D — Sinendet Lateral,425.5,3614.0,31.9,Closed,SNS-004
TEL-002691,2026-06-10T06:12:32,SITE-004,Section F — Kisumu Terminal Link,326.5,2177.4,34.4,Closed,SNS-005
TEL-004566,2026-07-14T06:14:55,SITE-003,Section D — Sinendet Lateral,462.4,4129.4,,Open,SNS-003
TEL-002420,2026-06-05T02:55:11,SITE-005,Section E — Makueni Branch,255.4,3163.7,20.9,Open,SNS-014
TEL-004608,2026-07-14T18:36:07,SITE-002,Section F — Kisumu Terminal Link,382.8,2398.2,36.2,Partially Open,SNS-003
TEL-004873,2026-07-19T06:44:49,MSA Terminal,Section F — Kisumu Terminal Link,356.3,3593.8,28.8,Open,SNS-005
TEL-001396,2026-05-17T13:52:22,Nairobi term,Section C — Nakuru-Eldoret Extension,402.2,2947.2,35.9,Open,SNS-002
TEL-001753,2026-05-23T16:48:54,SITE-002,Section D — Sinendet Lateral,416.7,3137.4,22.0,Closed,SNS-003
TEL-001843,2026-05-25T10:07:40,SITE-003,Section A — Mombasa-Nairobi Main,366.8,1560.8,,Open,SNS-013
TEL-000828,2026-05-07T11:13:49,SITE-004,Section D — Sinendet Lateral,435.5,3544.4,38.4,Partially Open,SNS-001
TEL-003609,2026-06-26T07:57:24,SITE-002,Section B — Nairobi-Nakuru Spur,409.0,2851.5,28.9,Closed,SNS-010
TEL-001154,2026-05-13T14:27:38,SITE-004,Section D — Sinendet Lateral,406.6,3063.5,24.5,Open,SNS-013
TEL-003434,2026-06-22T23:48:02,SITE-002,Section A — Mombasa-Nairobi Main,431.7,3125.5,35.1,Partially Open,SNS-012
TEL-002494,2026-06-06T14:38:34,SITE-002,Section C — Nakuru-Eldoret Extension,360.2,2558.6,37.0,Partially Open,SNS-014
TEL-000776,2026-05-06T13:38:15,MAKUENI,Section C — Nakuru-Eldoret Extension,503.5,3725.3,29.1,Open,SNS-003
TEL-000643,2026-05-04T02:26:03,SITE-006,Section B — Nairobi-Nakuru Spur,395.5,2392.3,35.8,Open,SNS-004
TEL-001159,2026-05-13T17:09:00,SITE-003,Section E — Makueni Branch,369.6,2803.0,42.8,Open,SNS-005
TEL-004200,2026-07-07T21:03:42,SITE-002,Section F — Kisumu Terminal Link,379.6,2937.2,40.5,Closed,SNS-003
TEL-003970,2026-07-03T09:04:43,SITE-005,Section F — Kisumu Terminal Link,324.6,3972.9,24.2,Closed,SNS-006
TEL-000548,2026-05-02T16:42:18,SITE-003,Section E — Makueni Branch,567.0,2364.9,31.9,Partially Open,SNS-013
TEL-004822,2026-07-18T05:26:48,SITE-001,Section A — Mombasa-Nairobi Main,385.1,4472.1,37.8,Open,SNS-007
TEL-001620,2026-05-21T14:23:57,SITE-003,Section C — Nakuru-Eldoret Extension,516.4,3762.7,36.7,Closed,SNS-004
TEL-001522,2026-05-19T21:22:36,SITE-002,Section A — Mombasa-Nairobi Main,293.5,2819.9,35.0,Open,SNS-009
TEL-000782,2026-05-06T17:30:17,SITE-003,Section C — Nakuru-Eldoret Extension,311.1,4153.1,28.6,Partially Open,SNS-007
TEL-001590,2026-05-21T00:22:05,SITE-006,Section A — Mombasa-Nairobi Main,510.0,3432.3,20.5,Open,SNS-004
TEL-002321,2026-06-03T04:54:49,SITE-003,Section C — Nakuru-Eldoret Extension,283.3,3998.6,35.0,Closed,SNS-010
TEL-000707,2026-05-05T04:25:51,nakuru depot,Section E — Makueni Branch,437.0,3491.1,31.8,Closed,SNS-014
TEL-000575,2026-05-03T01:49:09,SITE-005,Section E — Makueni Branch,517.8,2956.0,28.1,Open,SNS-002
TEL-001706,2026-05-22T22:00:07,SITE-006,Section F — Kisumu Terminal Link,372.3,3850.3,37.9,Open,SNS-005
TEL-003917,2026-07-02T06:26:17,Nairobi term,Section C — Nakuru-Eldoret Extension,452.6,3897.1,32.7,Open,SNS-003
TEL-004748,2026-07-16T22:52:07,SITE-001,Section E — Makueni Branch,341.7,4033.9,36.5,Closed,SNS-013
TEL-003809,2026-06-30T00:54:55,Sinendet PS,Section F — Kisumu Terminal Link,413.9,2348.5,26.8,Open,SNS-011
TEL-004894,2026-07-19T15:06:02,SITE-004,Section C — Nakuru-Eldoret Extension,320.8,3475.3,34.6,Closed,SNS-009
TEL-001251,2026-05-15T04:40:05,SITE-001,Section F — Kisumu Terminal Link,447.1,2659.8,43.0,Closed,SNS-007
TEL-000253,2026-04-27T09:30:54,SITE-002,Section B — Nairobi-Nakuru Spur,531.1,3544.7,41.8,Open,SNS-014
TEL-004011,2026-07-04T05:52:02,SITE-003,Section C — Nakuru-Eldoret Extension,403.6,3258.0,21.8,Open,SNS-003
TEL-000969,2026-05-10T05:08:13,SITE-004,Section B — Nairobi-Nakuru Spur,315.9,3352.2,29.5,Closed,SNS-010
TEL-003422,2026-06-22T17:11:08,SITE-001,Section B — Nairobi-Nakuru Spur,235.3,4350.2,17.6,Open,SNS-001
TEL-002085,2026-05-29T22:40:22,SITE-006,Section F — Kisumu Terminal Link,475.0,2728.8,35.9,Closed,SNS-011
TEL-001575,2026-05-20T17:52:39,SITE-002,Section E — Makueni Branch,332.5,2885.5,25.1,Closed,SNS-014
TEL-004860,2026-07-18T22:16:04,SITE-001,Section A — Mombasa-Nairobi Main,226.2,2916.8,24.1,Open,SNS-014
TEL-002887,2026-06-13T04:59:42,SITE-005,Section B — Nairobi-Nakuru Spur,461.7,3973.6,26.6,Partially Open,SNS-007
TEL-000569,2026-05-02T23:20:24,SITE-004,Section F — Kisumu Terminal Link,,2980.7,29.2,Closed,SNS-013
TEL-004750,2026-07-16T23:18:22,SITE-001,Section E — Makueni Branch,380.7,3479.7,35.9,Open,SNS-011
TEL-001307,2026-05-16T02:31:58,SITE-005,Section E — Makueni Branch,376.8,3549.7,41.3,Partially Open,SNS-001
TEL-000617,2026-05-03T15:42:55,SITE-007,Section C — Nakuru-Eldoret Extension,409.7,4075.5,37.5,Closed,SNS-003
TEL-003350,2026-06-21T11:18:47,SITE-006,Section E — Makueni Branch,454.7,3511.3,23.4,Open,SNS-010
TEL-000469,2026-05-01T02:49:52,SITE-001,Section B — Nairobi-Nakuru Spur,474.8,4155.0,15.0,Open,SNS-007
TEL-001373,2026-05-17T06:04:44,MOMBASA,Section C — Nakuru-Eldoret Extension,345.7,3033.1,35.8,Open,SNS-010
TEL-003219,2026-06-19T03:01:01,SITE-003,Section D — Sinendet Lateral,525.8,2943.3,39.8,Open,SNS-014
TEL-001034,2026-05-11T08:08:06,KSM Terminal,Section C — Nakuru-Eldoret Extension,518.1,3989.0,25.7,Closed,SNS-007
TEL-002911,2026-06-13T15:16:38,SITE-001,Section E — Makueni Branch,386.6,3605.1,28.7,Open,SNS-010
TEL-002891,2026-06-13T06:53:13,SITE-002,Section F — Kisumu Terminal Link,408.8,2768.3,29.3,Closed,SNS-010
TEL-000395,2026-04-29T18:02:43,SITE-007,Section E — Makueni Branch,415.0,1992.1,22.5,Partially Open,SNS-003
TEL-002201,2026-06-01T00:09:51,SITE-001,Section D — Sinendet Lateral,313.4,2242.3,29.1,Partially Open,SNS-012
TEL-000947,2026-05-09T20:06:45,SITE-007,Section B — Nairobi-Nakuru Spur,431.0,2548.0,36.4,Open,SNS-011
TEL-004767,2026-07-17T05:27:32,SITE-006,Section D — Sinendet Lateral,466.8,3899.3,22.6,Closed,SNS-003
TEL-003546,2026-06-25T01:08:32,SITE-002,Section A — Mombasa-Nairobi Main,359.6,3654.1,31.0,Open,SNS-014
TEL-000564,2026-05-02T21:13:10,SITE-001,Section C — Nakuru-Eldoret Extension,600.0,3060.9,21.4,Open,SNS-004
TEL-004360,2026-07-10T13:52:52,SITE-005,Section A — Mombasa-Nairobi Main,499.3,3490.9,27.1,Open,SNS-014
TEL-002591,2026-06-08T08:36:44,NKR Depot,Section F — Kisumu Terminal Link,397.3,2165.6,32.2,Open,SNS-004
TEL-001677,2026-05-22T12:38:01,SITE-002,Section A — Mombasa-Nairobi Main,265.5,3305.1,29.2,Partially Open,SNS-014
TEL-000079,2026-04-24T07:03:52,SITE-006,Section C — Nakuru-Eldoret Extension,423.6,4907.4,35.0,Open,SNS-014
TEL-003832,2026-06-30T15:07:29,SITE-004,Section D — Sinendet Lateral,395.6,3627.4,32.5,Open,SNS-001
TEL-004428,2026-07-11T22:12:04,SITE-007,Section A — Mombasa-Nairobi Main,327.3,2513.0,24.2,Partially Open,SNS-004
TEL-004117,2026-07-06T04:23:49,SITE-007,Section B — Nairobi-Nakuru Spur,367.4,2976.4,31.6,Open,SNS-006
TEL-001088,2026-05-12T07:29:56,SITE-002,Section D — Sinendet Lateral,363.8,3593.8,15.2,Open,SNS-002
TEL-001456,2026-05-18T15:10:43,SITE-003,Section F — Kisumu Terminal Link,289.1,3383.1,36.0,Partially Open,SNS-005
TEL-000381,2026-04-29T13:24:43,SITE-004,Section E — Makueni Branch,403.5,2346.6,28.3,Open,SNS-001
TEL-001966,2026-05-27T20:29:00,SITE-005,Section E — Makueni Branch,359.9,2346.0,37.6,Open,SNS-002
TEL-004243,2026-07-08T14:32:41,SITE-002,Section A — Mombasa-Nairobi Main,400.7,4683.3,33.7,Open,SNS-002
TEL-002695,2026-06-10T07:37:21,SITE-006,Section F — Kisumu Terminal Link,327.6,2334.2,37.9,Partially Open,SNS-014
TEL-003557,2026-06-25T07:22:55,sinendet pump,Section C — Nakuru-Eldoret Extension,375.5,1077.9,29.3,Open,SNS-006
TEL-001363,2026-05-17T03:25:47,SITE-002,Section F — Kisumu Terminal Link,338.2,3943.2,29.1,Open,SNS-003
TEL-000903,2026-05-08T19:57:15,SITE-007,Section B — Nairobi-Nakuru Spur,386.2,3585.6,30.3,Closed,SNS-005
TEL-003653,2026-06-27T04:56:32,Kibwezi,Section B — Nairobi-Nakuru Spur,531.0,2761.6,35.5,Open,SNS-014
TEL-002177,2026-05-31T13:30:54,SITE-003,Section D — Sinendet Lateral,435.1,3545.9,30.1,Open,SNS-007
TEL-001211,2026-05-14T16:07:16,SITE-002,Section A — Mombasa-Nairobi Main,432.8,2190.8,44.2,Partially Open,SNS-004
TEL-003545,2026-06-25T00:58:33,SITE-003,Section A — Mombasa-Nairobi Main,339.4,2626.2,33.4,Partially Open,SNS-008
TEL-001194,2026-05-14T07:28:47,SITE-003,Section B — Nairobi-Nakuru Spur,364.5,2422.4,31.9,Open,SNS-014
TEL-002388,2026-06-04T12:14:11,SITE-007,Section D — Sinendet Lateral,377.8,2572.3,25.6,Closed,SNS-007
TEL-000320,2026-04-28T15:15:59,SITE-002,Section F — Kisumu Terminal Link,466.8,3134.9,18.4,Partially Open,SNS-011
TEL-002253,2026-06-01T23:57:13,SITE-004,Section A — Mombasa-Nairobi Main,353.1,3454.1,27.2,Open,SNS-014
TEL-004859,2026-07-18T21:09:27,NAKURU,Section F — Kisumu Terminal Link,242.4,1655.8,32.3,Open,SNS-007
TEL-001764,2026-05-23T21:37:24,SITE-007,Section F — Kisumu Terminal Link,,3565.3,30.6,Closed,SNS-011
TEL-004519,2026-07-13T11:29:00,SITE-007,Section D — Sinendet Lateral,386.1,2900.8,30.2,Open,SNS-010
TEL-002185,2026-05-31T17:19:48,SITE-003,Section E — Makueni Branch,376.1,2954.0,31.2,Open,SNS-014
TEL-003197,2026-06-18T18:53:14,SITE-006,Section B — Nairobi-Nakuru Spur,267.7,,26.4,Closed,SNS-008
TEL-004494,2026-07-12T23:47:24,SITE-005,Section E — Makueni Branch,485.5,3702.9,34.1,Partially Open,SNS-006
TEL-000190,2026-04-26T09:06:17,SITE-001,Section A — Mombasa-Nairobi Main,,3541.1,27.0,Closed,SNS-003
TEL-000146,2026-04-25T10:02:53,SITE-006,Section A — Mombasa-Nairobi Main,510.1,3912.4,28.8,Open,SNS-014
TEL-001063,2026-05-11T20:02:26,SITE-001,Section C — Nakuru-Eldoret Extension,338.7,2909.8,26.3,Closed,SNS-013
TEL-002794,2026-06-11T19:05:37,SITE-004,Section F — Kisumu Terminal Link,308.0,4260.3,39.3,Partially Open,SNS-006
TEL-004734,2026-07-16T17:27:53,SITE-001,Section B — Nairobi-Nakuru Spur,405.2,1426.3,32.9,Open,SNS-010
TEL-002966,2026-06-14T15:18:17,SITE-002,Section C — Nakuru-Eldoret Extension,263.8,3401.4,34.2,Closed,SNS-012
TEL-002195,2026-05-31T22:11:56,SITE-007,Section C — Nakuru-Eldoret Extension,360.5,3101.7,28.2,Partially Open,SNS-014
TEL-002049,2026-05-29T09:15:57,SITE-006,Section F — Kisumu Terminal Link,260.8,3635.4,39.5,Open,SNS-004
TEL-002702,2026-06-10T10:15:43,SITE-001,Section F — Kisumu Terminal Link,338.7,2781.5,26.0,Open,SNS-012
TEL-004061,2026-07-05T06:05:57,SITE-001,Section F — Kisumu Terminal Link,431.2,1688.6,35.9,Open,SNS-007
TEL-002443,2026-06-05T10:37:49,mombasa terminal,Section F — Kisumu Terminal Link,420.3,4191.8,25.8,Open,SNS-011
TEL-001365,2026-05-17T03:44:56,Nakuru dep,Section A — Mombasa-Nairobi Main,465.7,4195.8,40.5,Open,SNS-009
TEL-002483,2026-06-06T09:11:25,SITE-003,Section A — Mombasa-Nairobi Main,492.4,2603.3,36.4,Partially Open,SNS-010
TEL-004408,2026-07-11T13:38:33,NAIROBI,Section A — Mombasa-Nairobi Main,424.5,3714.0,36.8,Open,SNS-011
TEL-004600,2026-07-14T16:09:59,SITE-006,Section A — Mombasa-Nairobi Main,340.7,1219.3,27.4,Closed,SNS-014
TEL-000177,2026-04-26T04:06:48,makueni pipeline,Section F — Kisumu Terminal Link,452.4,3754.4,29.8,Open,SNS-004
TEL-004014,2026-07-04T10:13:50,SITE-002,Section F — Kisumu Terminal Link,370.7,3152.0,33.1,Partially Open,SNS-003
TEL-004872,2026-07-19T06:18:29,SITE-007,Section F — Kisumu Terminal Link,451.6,2616.4,38.0,Open,SNS-006
TEL-003340,2026-06-21T08:09:27,SITE-007,Section C — Nakuru-Eldoret Extension,408.8,2465.0,32.1,Closed,SNS-010
TEL-002902,2026-06-13T10:41:28,Kisumu  Terminal,Section C — Nakuru-Eldoret Extension,447.7,2509.5,36.7,Closed,SNS-008
TEL-004667,2026-07-15T14:06:42,SITE-004,Section B — Nairobi-Nakuru Spur,392.0,2143.8,27.1,Open,SNS-003
TEL-004723,2026-07-16T12:21:37,SITE-002,Section A — Mombasa-Nairobi Main,328.8,3494.2,24.5,Open,SNS-011
TEL-001586,2026-05-20T21:28:33,SITE-007,Section F — Kisumu Terminal Link,356.2,2250.2,35.5,Open,SNS-004
TEL-000535,2026-05-02T06:33:32,SITE-006,Section D — Sinendet Lateral,535.9,4502.6,21.5,Partially Open,SNS-006
TEL-000850,2026-05-07T18:58:51,SITE-006,Section C — Nakuru-Eldoret Extension,340.8,4326.9,28.6,Closed,SNS-008
TEL-001113,2026-05-12T21:22:09,SITE-002,Section F — Kisumu Terminal Link,417.8,2441.8,33.6,Partially Open,SNS-004
TEL-000577,2026-05-03T03:15:58,SITE-007,Section D — Sinendet Lateral,581.8,3736.8,34.1,Open,SNS-014
TEL-002630,2026-06-09T01:30:14,SITE-002,Section F — Kisumu Terminal Link,452.1,3490.0,33.3,Open,SNS-014
TEL-003732,2026-06-28T11:08:29,SITE-007,Section D — Sinendet Lateral,342.9,2272.2,32.7,Partially Open,SNS-005
TEL-001297,2026-05-15T23:27:41,SITE-001,Section C — Nakuru-Eldoret Extension,301.0,3236.0,31.1,Open,SNS-003
TEL-003842,2026-06-30T19:45:39,SITE-003,Section B — Nairobi-Nakuru Spur,411.2,2470.6,31.8,Partially Open,SNS-014
TEL-000130,2026-04-25T01:38:47,SITE-003,Section A — Mombasa-Nairobi Main,506.1,3034.0,32.2,Partially Open,SNS-006
TEL-001694,2026-05-22T18:16:35,SITE-002,Section C — Nakuru-Eldoret Extension,511.1,3540.6,32.5,Closed,SNS-004
TEL-004289,2026-07-09T06:07:44,SITE-006,Section E — Makueni Branch,494.6,3076.7,26.8,Closed,SNS-009
TEL-002423,2026-06-05T04:00:34,SITE-003,Section E — Makueni Branch,350.6,4030.2,35.5,Open,SNS-008
TEL-001729,2026-05-23T04:24:23,SITE-006,Section A — Mombasa-Nairobi Main,400.1,3224.4,35.1,Closed,SNS-003
TEL-001190,2026-05-14T04:50:19,SITE-005,Section C — Nakuru-Eldoret Extension,444.3,3161.0,29.6,Partially Open,SNS-014
TEL-001457,2026-05-18T15:51:02,SITE-003,Section D — Sinendet Lateral,304.0,2841.8,32.3,Closed,SNS-004
TEL-001742,2026-05-23T12:08:28,SITE-007,Section B — Nairobi-Nakuru Spur,363.9,3441.1,20.5,Closed,SNS-010
TEL-001227,2026-05-14T20:38:30,SITE-001,Section C — Nakuru-Eldoret Extension,341.0,3681.1,23.6,Closed,SNS-008
TEL-002948,2026-06-14T06:13:45,SITE-002,Section E — Makueni Branch,417.3,2965.4,34.9,Open,SNS-006
TEL-002239,2026-06-01T17:36:23,SITE-006,Section A — Mombasa-Nairobi Main,473.0,2952.5,39.5,Closed,SNS-011
TEL-002504,2026-06-06T18:27:05,SITE-002,Section B — Nairobi-Nakuru Spur,442.9,3611.8,15.5,Open,SNS-013
TEL-004299,2026-07-09T10:33:57,SITE-004,Section A — Mombasa-Nairobi Main,364.8,2449.9,25.8,Open,SNS-010
TEL-004341,2026-07-10T03:57:17,SITE-001,Section F — Kisumu Terminal Link,435.5,4038.2,16.6,Closed,SNS-006
TEL-002503,2026-06-06T18:13:17,SITE-006,Section E — Makueni Branch,298.7,5000.0,21.1,Open,SNS-011
TEL-002450,2026-06-05T15:17:56,nairobi terminal,Section D — Sinendet Lateral,389.0,3156.3,25.2,Open,SNS-004
TEL-001602,2026-05-21T06:55:05,SITE-007,Section D — Sinendet Lateral,480.8,3377.9,36.4,Open,SNS-010
TEL-003799,2026-06-29T17:05:42,SITE-002,Section A — Mombasa-Nairobi Main,351.6,3487.0,38.0,Open,SNS-006
TEL-001610,2026-05-21T08:20:02,SITE-002,Section A — Mombasa-Nairobi Main,455.1,2795.4,20.6,Open,SNS-010
TEL-000142,2026-04-25T07:33:33,SITE-005,Section B — Nairobi-Nakuru Spur,328.1,4451.7,24.1,Closed,SNS-009
TEL-000915,2026-05-09T03:25:35,Nakuru dep,Section E — Makueni Branch,501.8,3316.5,30.9,Partially Open,SNS-003
TEL-001661,2026-05-22T05:33:57,SITE-001,Section D — Sinendet Lateral,288.6,3198.7,28.4,Open,SNS-013
TEL-000127,2026-04-24T23:46:33,SITE-001,Section B — Nairobi-Nakuru Spur,406.9,1972.1,22.9,Closed,SNS-013
TEL-002455,2026-06-05T17:51:09,SITE-003,Section D — Sinendet Lateral,349.8,3298.1,38.3,Open,SNS-002
TEL-000771,2026-05-06T12:37:20,SITE-006,Section A — Mombasa-Nairobi Main,346.8,3434.6,27.8,Partially Open,SNS-011
TEL-003182,2026-06-18T11:33:29,SITE-002,Section F — Kisumu Terminal Link,373.6,1686.7,30.0,Open,SNS-008
TEL-004537,2026-07-13T17:55:20,SITE-005,Section E — Makueni Branch,471.8,3278.6,33.1,Open,SNS-004
TEL-004877,2026-07-19T08:06:34,SITE-003,Section A — Mombasa-Nairobi Main,431.8,2453.0,29.3,Open,SNS-003
TEL-003897,2026-07-01T21:13:23,SITE-007,Section E — Makueni Branch,376.8,2483.0,37.5,Partially Open,SNS-004
TEL-000608,2026-05-03T12:07:08,SITE-005,Section F — Kisumu Terminal Link,426.1,4438.8,31.8,Closed,SNS-014
TEL-001162,2026-05-13T18:06:10,SITE-007,Section E — Makueni Branch,,3177.6,25.3,Open,SNS-007
TEL-003277,2026-06-20T04:50:57,SITE-007,Section F — Kisumu Terminal Link,,2234.3,30.9,Partially Open,SNS-005
TEL-003882,2026-07-01T12:05:26,SITE-003,Section F — Kisumu Terminal Link,498.5,2720.4,26.0,Closed,SNS-001
TEL-002995,2026-06-15T01:12:20,SITE-004,Section C — Nakuru-Eldoret Extension,307.1,2590.5,33.2,Partially Open,SNS-001
TEL-004373,2026-07-10T21:01:21,SITE-004,Section B — Nairobi-Nakuru Spur,494.4,1740.5,27.6,Open,SNS-012
TEL-000536,2026-05-02T06:53:50,SITE-003,Section B — Nairobi-Nakuru Spur,394.1,3961.2,31.1,Open,SNS-010
TEL-004320,2026-07-09T18:21:18,sinendet pump station,Section A — Mombasa-Nairobi Main,429.5,3770.6,22.4,Open,SNS-004
TEL-000527,2026-05-02T02:55:39,SITE-004,Section E — Makueni Branch,328.1,3749.2,27.6,Partially Open,SNS-010
TEL-004333,2026-07-10T00:00:04,Kisumu term,Section E — Makueni Branch,423.3,4088.9,32.7,Open,SNS-003
TEL-001495,2026-05-19T07:55:27,SITE-003,Section E — Makueni Branch,467.8,4206.4,22.0,Closed,SNS-012
TEL-000603,2026-05-03T11:18:21,SITE-005,Section D — Sinendet Lateral,440.2,1550.0,35.6,Open,SNS-006
TEL-002626,2026-06-08T23:36:47,Kisumu term,Section C — Nakuru-Eldoret Extension,382.7,2461.6,32.3,Open,SNS-003
TEL-000051,2026-04-23T21:25:29,SITE-007,Section E — Makueni Branch,391.2,2527.4,28.0,Closed,SNS-001
TEL-004209,2026-07-08T01:25:38,SITE-003,Section E — Makueni Branch,361.0,2141.5,40.7,Open,SNS-008
TEL-002173,2026-05-31T11:13:39,SITE-004,Section C — Nakuru-Eldoret Extension,528.8,3055.0,36.9,Closed,SNS-011
TEL-001476,2026-05-19T00:43:44,SITE-004,Section C — Nakuru-Eldoret Extension,517.1,3310.5,37.5,Closed,SNS-005
TEL-004502,2026-07-13T02:16:18,SITE-006,Section F — Kisumu Terminal Link,387.3,3044.2,25.3,Partially Open,SNS-013
TEL-003191,2026-06-18T14:51:01,SITE-001,Section A — Mombasa-Nairobi Main,383.6,4507.1,45.0,Open,SNS-004
TEL-003193,2026-06-18T16:32:26,SITE-006,Section E — Makueni Branch,434.0,4564.0,26.8,Open,SNS-012
TEL-002678,2026-06-10T01:08:15,SITE-002,Section D — Sinendet Lateral,355.0,1346.2,35.0,Closed,SNS-002
TEL-000772,2026-05-06T12:47:29,SITE-007,Section D — Sinendet Lateral,369.5,3061.6,32.1,Open,SNS-001
TEL-001318,2026-05-16T05:55:01,SITE-006,Section C — Nakuru-Eldoret Extension,221.8,2935.6,34.4,Closed,SNS-009
TEL-004654,2026-07-15T10:49:49,NAKURU,Section A — Mombasa-Nairobi Main,337.8,2828.1,26.2,Closed,SNS-003
TEL-002687,2026-06-10T04:24:40,Kipevu terminal,Section A — Mombasa-Nairobi Main,466.1,2407.9,32.2,Open,SNS-005
TEL-001943,2026-05-27T10:35:55,SITE-003,Section D — Sinendet Lateral,471.9,3458.7,34.6,Partially Open,SNS-007
TEL-003177,2026-06-18T09:47:47,SITE-005,Section E — Makueni Branch,461.6,3121.2,22.4,Partially Open,SNS-012
TEL-004478,2026-07-12T17:06:00,SITE-007,Section D — Sinendet Lateral,381.4,2698.4,23.8,Partially Open,SNS-005
TEL-004932,2026-07-20T08:53:11,SITE-003,Section F — Kisumu Terminal Link,386.1,2023.8,28.5,Closed,SNS-011
TEL-000450,2026-04-30T15:51:41,SITE-002,Section A — Mombasa-Nairobi Main,397.4,2643.1,24.5,Open,SNS-010
TEL-001146,2026-05-13T11:48:48,SITE-004,Section F — Kisumu Terminal Link,367.8,2361.4,23.6,Open,SNS-006
TEL-000269,2026-04-27T17:00:53,SITE-004,Section E — Makueni Branch,388.6,2568.8,26.5,Closed,SNS-008
TEL-000795,2026-05-06T23:11:51,SITE-004,Section D — Sinendet Lateral,493.0,2017.5,15.0,Open,SNS-006
TEL-003602,2026-06-26T03:28:12,SITE-006,Section C — Nakuru-Eldoret Extension,483.2,2980.6,30.3,Open,SNS-009
TEL-001451,2026-05-18T12:52:44,SITE-003,Section D — Sinendet Lateral,547.7,3836.9,20.7,Closed,SNS-004
TEL-000732,2026-05-05T15:22:51,SITE-004,Section B — Nairobi-Nakuru Spur,464.6,3784.3,32.2,Closed,SNS-014
TEL-004088,2026-07-05T15:23:32,SITE-004,Section C — Nakuru-Eldoret Extension,490.0,2897.6,33.2,Closed,SNS-011
TEL-001388,2026-05-17T11:34:25,SITE-001,Section F — Kisumu Terminal Link,322.1,3022.2,32.7,Partially Open,SNS-006
TEL-000816,2026-05-07T08:10:49,MOMBASA,Section B — Nairobi-Nakuru Spur,440.1,2759.7,28.6,Open,SNS-004
TEL-002251,2026-06-01T22:57:41,SITE-005,Section A — Mombasa-Nairobi Main,526.7,2384.9,41.8,Open,SNS-012
TEL-000728,2026-05-05T14:24:55,SITE-003,Section A — Mombasa-Nairobi Main,449.9,5000.0,25.0,Partially Open,SNS-008
TEL-004695,2026-07-16T00:17:32,SITE-003,Section B — Nairobi-Nakuru Spur,457.9,2615.7,42.9,Closed,SNS-001
TEL-003837,2026-06-30T18:09:57,SITE-001,Section E — Makueni Branch,488.7,2011.4,30.2,Open,SNS-005
TEL-003818,2026-06-30T07:06:01,SINENDET,Section D — Sinendet Lateral,381.0,1849.1,21.4,Open,SNS-010
TEL-000661,2026-05-04T08:09:29,SITE-005,Section C — Nakuru-Eldoret Extension,200.0,3687.6,31.2,Partially Open,SNS-006
TEL-004949,2026-07-20T20:46:56,SITE-007,Section E — Makueni Branch,428.1,2960.5,32.8,Closed,SNS-014
TEL-003859,2026-07-01T02:00:49,makueni pipeline,Section B — Nairobi-Nakuru Spur,461.5,2543.7,28.1,Closed,SNS-005
TEL-001678,2026-05-22T12:39:59,SITE-004,Section D — Sinendet Lateral,433.5,2824.4,41.7,Partially Open,SNS-012
TEL-004354,2026-07-10T10:49:35,SITE-004,Section B — Nairobi-Nakuru Spur,371.8,2303.8,38.3,Closed,SNS-008
TEL-003483,2026-06-23T23:11:27,Kisumu term,Section B — Nairobi-Nakuru Spur,403.4,3950.7,28.4,Closed,SNS-004
TEL-004597,2026-07-14T15:10:36,SITE-002,Section D — Sinendet Lateral,295.1,3362.6,30.1,Partially Open,SNS-014
TEL-003220,2026-06-19T03:52:27,SITE-001,Section D — Sinendet Lateral,200.0,4493.3,30.9,Closed,SNS-010
TEL-000754,2026-05-06T01:52:24,SITE-007,Section D — Sinendet Lateral,370.4,2191.7,30.7,Open,SNS-003
TEL-001976,2026-05-28T00:40:37,SITE-006,Section C — Nakuru-Eldoret Extension,395.9,3851.3,,Open,SNS-009
TEL-000200,2026-04-26T12:33:26,SITE-004,Section C — Nakuru-Eldoret Extension,440.6,1885.0,35.5,Open,SNS-002
TEL-002294,2026-06-02T15:55:36,SITE-002,Section C — Nakuru-Eldoret Extension,496.1,2617.8,17.7,Closed,SNS-002
TEL-003662,2026-06-27T09:12:36,SITE-004,Section A — Mombasa-Nairobi Main,583.4,3735.9,27.3,Open,SNS-012
TEL-000664,2026-05-04T08:39:19,Thange section,Section B — Nairobi-Nakuru Spur,528.4,3883.1,32.4,Open,SNS-011
TEL-003271,2026-06-20T02:29:21,SITE-006,Section A — Mombasa-Nairobi Main,288.2,4221.2,22.1,Open,SNS-012
TEL-004787,2026-07-17T14:22:46,ELD Terminal,Section B — Nairobi-Nakuru Spur,286.5,1834.9,29.6,Closed,SNS-008
TEL-001866,2026-05-25T18:59:27,SITE-002,Section E — Makueni Branch,414.1,2984.4,36.9,Open,SNS-009
TEL-000438,2026-04-30T11:12:38,SITE-001,Section A — Mombasa-Nairobi Main,359.6,2326.4,20.0,Closed,SNS-012
TEL-002419,2026-06-05T02:15:48,Thange section,Section B — Nairobi-Nakuru Spur,373.1,3712.6,38.2,Open,SNS-007
TEL-002614,2026-06-08T19:27:27,SITE-007,Section A — Mombasa-Nairobi Main,407.3,3048.7,34.2,Closed,SNS-003
TEL-000769,2026-05-06T11:49:27,SITE-002,Section E — Makueni Branch,416.4,1570.2,35.6,Closed,SNS-007
TEL-002653,2026-06-09T13:12:52,SITE-003,Section A — Mombasa-Nairobi Main,266.7,4461.0,28.0,Partially Open,SNS-012
TEL-002633,2026-06-09T04:42:42,SITE-004,Section E — Makueni Branch,458.6,3962.6,34.9,Closed,SNS-011
TEL-000545,2026-05-02T13:15:25,ELDORET,Section F — Kisumu Terminal Link,549.7,3091.0,37.8,Closed,SNS-010
TEL-004686,2026-07-15T21:31:02,SITE-006,Section A — Mombasa-Nairobi Main,390.2,3113.3,18.8,Open,SNS-010
TEL-001175,2026-05-13T22:46:12,SITE-007,Section C — Nakuru-Eldoret Extension,493.1,2176.4,34.7,Closed,SNS-006
TEL-000852,2026-05-07T20:38:19,SITE-006,Section D — Sinendet Lateral,261.7,1125.2,22.6,Closed,SNS-014
TEL-002348,2026-06-03T16:35:59,makueni section,Section B — Nairobi-Nakuru Spur,473.1,2316.1,24.2,Open,SNS-012
TEL-000571,2026-05-03T00:33:06,SITE-007,Section A — Mombasa-Nairobi Main,347.6,3938.7,36.9,Closed,SNS-008
TEL-001256,2026-05-15T08:59:36,SITE-007,Section D — Sinendet Lateral,367.8,2611.4,27.5,Open,SNS-005
TEL-003138,2026-06-17T18:49:18,SITE-005,Section B — Nairobi-Nakuru Spur,371.2,3149.4,45.0,Open,SNS-014
TEL-004157,2026-07-07T00:30:49,SITE-006,Section D — Sinendet Lateral,379.5,2053.3,28.3,Partially Open,SNS-012
TEL-001599,2026-05-21T05:21:49,SITE-006,Section C — Nakuru-Eldoret Extension,465.3,3789.9,20.1,Open,SNS-005
TEL-000117,2026-04-24T21:22:17,SITE-004,Section E — Makueni Branch,327.9,4165.8,31.0,Open,SNS-013
TEL-000701,2026-05-05T01:47:20,SITE-007,Section F — Kisumu Terminal Link,330.5,1984.4,19.4,Open,SNS-001
TEL-003808,2026-06-29T23:51:39,SITE-001,Section A — Mombasa-Nairobi Main,449.8,3359.5,28.4,Partially Open,SNS-007
TEL-004479,2026-07-12T18:24:09,SITE-002,Section E — Makueni Branch,240.1,4148.7,27.8,Closed,SNS-010
TEL-000905,2026-05-08T20:14:17,SITE-007,Section D — Sinendet Lateral,364.0,2977.6,25.4,Closed,SNS-011
TEL-003919,2026-07-02T07:16:11,SITE-003,Section E — Makueni Branch,309.2,4203.3,37.6,Open,SNS-005
TEL-000479,2026-05-01T06:43:02,SITE-007,Section C — Nakuru-Eldoret Extension,378.5,3229.8,22.7,Open,SNS-010
TEL-004105,2026-07-05T23:54:31,SITE-003,Section C — Nakuru-Eldoret Extension,476.4,4056.8,23.7,Open,SNS-012
TEL-001857,2026-05-25T15:37:18,SITE-003,Section B — Nairobi-Nakuru Spur,449.2,1285.5,19.1,Open,SNS-010
TEL-003485,2026-06-24T00:07:51,SITE-007,Section F — Kisumu Terminal Link,356.7,3236.1,45.0,Partially Open,SNS-006
TEL-000579,2026-05-03T03:48:52,Eldoret term,Section C — Nakuru-Eldoret Extension,384.4,2018.9,17.8,Closed,SNS-012
TEL-004387,2026-07-11T00:58:09,SITE-004,Section D — Sinendet Lateral,496.3,3676.6,27.6,Open,SNS-010
TEL-001119,2026-05-12T23:35:42,SITE-006,Section F — Kisumu Terminal Link,422.1,2118.3,28.0,Closed,SNS-009
TEL-002375,2026-06-04T06:51:50,SITE-007,Section A — Mombasa-Nairobi Main,334.8,3172.2,17.6,Open,SNS-001
TEL-003013,2026-06-15T09:57:02,NAKURU,Section C — Nakuru-Eldoret Extension,424.0,3355.5,20.1,Partially Open,SNS-005
TEL-001877,2026-05-26T01:11:27,SITE-003,Section C — Nakuru-Eldoret Extension,300.8,2879.4,29.6,Open,SNS-001
TEL-003229,2026-06-19T08:39:27,SITE-004,Section A — Mombasa-Nairobi Main,432.1,3820.4,34.8,Open,SNS-007
TEL-002457,2026-06-05T19:11:59,SITE-002,Section A — Mombasa-Nairobi Main,382.7,2816.0,33.5,Partially Open,SNS-009
TEL-001546,2026-05-20T05:52:58,SITE-003,Section F — Kisumu Terminal Link,426.8,3389.2,23.7,Partially Open,SNS-001
TEL-001704,2026-05-22T21:41:51,SITE-004,Section A — Mombasa-Nairobi Main,349.8,3585.6,,Closed,SNS-002
TEL-002091,2026-05-30T00:03:29,SITE-007,Section E — Makueni Branch,485.1,3996.1,32.2,Partially Open,SNS-006
TEL-003946,2026-07-02T20:57:29,SITE-007,Section C — Nakuru-Eldoret Extension,352.7,3302.2,34.7,Open,SNS-005
TEL-001619,2026-05-21T13:41:49,SITE-003,Section C — Nakuru-Eldoret Extension,488.1,1265.0,39.3,Open,SNS-007
TEL-003845,2026-06-30T21:17:27,SITE-002,Section E — Makueni Branch,1000,3642.4,35.7,Open,SNS-001
TEL-003553,2026-06-25T05:42:05,SITE-007,Section A — Mombasa-Nairobi Main,263.5,4632.0,26.6,Partially Open,SNS-001
TEL-003313,2026-06-20T19:43:40,SITE-001,Section D — Sinendet Lateral,541.7,4293.2,26.6,Open,SNS-002
TEL-000417,2026-04-30T03:13:56,SITE-004,Section C — Nakuru-Eldoret Extension,340.5,2320.5,30.7,Open,SNS-006
TEL-002476,2026-06-06T05:20:13,SITE-005,Section A — Mombasa-Nairobi Main,410.9,1877.6,33.1,Open,SNS-012
TEL-004290,2026-07-09T06:26:18,SITE-001,Section B — Nairobi-Nakuru Spur,472.1,1901.3,26.4,Partially Open,SNS-006
TEL-002952,2026-06-14T07:36:12,SITE-001,Section D — Sinendet Lateral,375.6,3528.4,26.7,Open,SNS-005
TEL-002105,2026-05-30T05:30:31,SITE-002,Section B — Nairobi-Nakuru Spur,598.8,2756.1,23.8,Open,SNS-014
TEL-004427,2026-07-11T22:07:51,SITE-001,Section E — Makueni Branch,333.0,3992.4,33.3,Open,SNS-010
TEL-003373,2026-06-21T18:35:56,SITE-006,Section A — Mombasa-Nairobi Main,488.9,2864.9,21.2,Open,SNS-009
TEL-001774,2026-05-24T01:03:39,SITE-004,Section F — Kisumu Terminal Link,424.6,2387.5,38.1,Open,SNS-004
TEL-000534,2026-05-02T05:54:23,SITE-005,Section B — Nairobi-Nakuru Spur,427.9,3179.9,27.4,Closed,SNS-014
TEL-003706,2026-06-28T00:40:37,SITE-002,Section E — Makueni Branch,386.7,,31.4,Partially Open,SNS-004
TEL-003889,2026-07-01T15:43:09,SITE-001,Section C — Nakuru-Eldoret Extension,437.3,2763.3,24.8,Open,SNS-008
TEL-002744,2026-06-11T00:41:44,SINENDET,Section D — Sinendet Lateral,482.3,3795.6,23.2,Closed,SNS-009
TEL-002837,2026-06-12T09:03:43,SITE-002,Section F — Kisumu Terminal Link,387.4,3359.9,39.4,Closed,SNS-005
TEL-000638,2026-05-04T00:48:48,SITE-003,Section F — Kisumu Terminal Link,542.9,3048.2,35.7,Open,SNS-011
TEL-000604,2026-05-03T11:20:13,SITE-005,Section B — Nairobi-Nakuru Spur,419.8,5000.0,31.0,Open,SNS-006
TEL-001033,2026-05-11T07:39:04,Nairobi term,Section F — Kisumu Terminal Link,517.1,2610.1,35.1,Open,SNS-005
TEL-000964,2026-05-10T02:09:47,SITE-006,Section A — Mombasa-Nairobi Main,406.7,3003.9,20.7,Closed,SNS-010
TEL-003758,2026-06-29T01:39:55,SITE-003,Section D — Sinendet Lateral,391.6,1000.0,34.7,Partially Open,SNS-006
TEL-002938,2026-06-14T01:59:21,SITE-004,Section F — Kisumu Terminal Link,424.3,2729.4,30.8,Closed,SNS-004
TEL-000999,2026-05-10T18:43:46,SITE-003,Section A — Mombasa-Nairobi Main,440.8,3270.8,27.2,Open,SNS-005
TEL-001362,2026-05-17T03:24:48,SITE-005,Section C — Nakuru-Eldoret Extension,325.7,3012.7,24.8,Open,SNS-008
TEL-004302,2026-07-09T11:14:36,SITE-004,Section C — Nakuru-Eldoret Extension,423.6,3871.7,25.8,Partially Open,SNS-012
TEL-002119,2026-05-30T12:59:19,SITE-007,Section A — Mombasa-Nairobi Main,483.8,3129.8,25.1,Open,SNS-010
TEL-003372,2026-06-21T18:24:31,SITE-002,Section E — Makueni Branch,384.0,2196.6,33.6,Partially Open,SNS-004
TEL-004469,2026-07-12T13:54:36,SITE-007,Section B — Nairobi-Nakuru Spur,288.3,3089.6,25.0,Open,SNS-002
TEL-003878,2026-07-01T10:55:46,SITE-002,Section F — Kisumu Terminal Link,287.6,3126.4,25.2,Partially Open,SNS-005
TEL-001177,2026-05-13T22:52:10,Sinendet PS,Section E — Makueni Branch,464.6,1000.0,23.3,Open,SNS-006
TEL-002656,2026-06-09T13:24:55,SITE-004,Section E — Makueni Branch,409.0,3840.4,44.3,Open,SNS-002
TEL-001579,2026-05-20T18:45:29,SITE-001,Section B — Nairobi-Nakuru Spur,364.4,3333.2,25.5,Closed,SNS-009
TEL-004262,2026-07-08T21:01:12,SITE-007,Section C — Nakuru-Eldoret Extension,426.1,2976.3,,Open,SNS-010
TEL-000285,2026-04-28T01:22:28,NKR Depot,Section A — Mombasa-Nairobi Main,461.1,3396.0,,Open,SNS-012
TEL-001477,2026-05-19T00:56:24,SITE-007,Section F — Kisumu Terminal Link,452.9,4630.4,26.3,Open,SNS-003
TEL-002627,2026-06-09T00:43:45,SITE-005,Section B — Nairobi-Nakuru Spur,406.5,3840.3,25.5,Open,SNS-010
TEL-000949,2026-05-09T20:31:12,SITE-001,Section D — Sinendet Lateral,324.6,3807.7,26.7,Open,SNS-008
TEL-002482,2026-06-06T08:23:13,SITE-006,Section D — Sinendet Lateral,564.5,2296.8,34.0,Open,SNS-007
TEL-003954,2026-07-02T23:46:39,SITE-007,Section C — Nakuru-Eldoret Extension,278.2,2010.8,34.9,Partially Open,SNS-004
TEL-002620,2026-06-08T21:26:50,SITE-007,Section B — Nairobi-Nakuru Spur,341.9,3056.8,34.6,Open,SNS-009
TEL-003453,2026-06-23T11:39:10,SITE-002,Section C — Nakuru-Eldoret Extension,356.4,3236.6,32.4,Open,SNS-005
TEL-002203,2026-06-01T00:23:27,SITE-004,Section A — Mombasa-Nairobi Main,470.1,3104.0,21.1,Open,SNS-005
TEL-001823,2026-05-25T01:44:12,SITE-001,Section C — Nakuru-Eldoret Extension,378.7,2228.1,37.8,Partially Open,SNS-011
TEL-003658,2026-06-27T07:59:29,SITE-002,Section F — Kisumu Terminal Link,469.5,4947.2,26.8,Closed,SNS-013
TEL-001713,2026-05-23T00:43:37,nairobi terminal,Section F — Kisumu Terminal Link,303.5,4099.9,30.1,Partially Open,SNS-012
TEL-002638,2026-06-09T06:59:42,NKR Depot,Section C — Nakuru-Eldoret Extension,341.1,2009.0,19.2,Open,SNS-002
TEL-003228,2026-06-19T08:05:18,SITE-001,Section A — Mombasa-Nairobi Main,403.2,2657.4,27.0,Open,SNS-003
TEL-000532,2026-05-02T05:22:57,SITE-007,Section F — Kisumu Terminal Link,431.1,3991.0,32.3,Closed,SNS-008
TEL-001101,2026-05-12T11:48:57,SITE-007,Section F — Kisumu Terminal Link,200.0,2685.8,28.6,Open,SNS-004
TEL-000044,2026-04-23T17:54:02,SITE-007,Section D — Sinendet Lateral,327.1,3224.8,40.1,Partially Open,SNS-010
TEL-002034,2026-05-29T02:15:31,SITE-001,Section F — Kisumu Terminal Link,467.3,2675.3,37.0,Open,SNS-008
TEL-001927,2026-05-27T03:08:09,SITE-001,Section E — Makueni Branch,419.3,4253.1,29.9,Open,SNS-006
TEL-001085,2026-05-12T06:16:14,SITE-004,Section B — Nairobi-Nakuru Spur,368.6,4556.7,35.4,Partially Open,SNS-006
TEL-004274,2026-07-09T03:16:55,SITE-006,Section C — Nakuru-Eldoret Extension,212.4,2244.7,32.3,Partially Open,SNS-004
TEL-002295,2026-06-02T16:05:33,SITE-004,Section C — Nakuru-Eldoret Extension,480.8,3447.6,21.2,Open,SNS-001
TEL-001220,2026-05-14T19:34:29,SITE-006,Section C — Nakuru-Eldoret Extension,597.6,2691.0,42.7,Open,SNS-007
TEL-004124,2026-07-06T09:35:02,SITE-006,Section B — Nairobi-Nakuru Spur,315.9,3244.9,34.8,Open,SNS-014
TEL-000136,2026-04-25T05:25:17,SITE-005,Section C — Nakuru-Eldoret Extension,335.1,1956.3,28.4,Partially Open,SNS-012
TEL-003510,2026-06-24T11:47:27,SITE-002,Section F — Kisumu Terminal Link,481.1,2289.5,23.0,Partially Open,SNS-001
TEL-002319,2026-06-03T03:36:08,SITE-003,Section F — Kisumu Terminal Link,343.6,3276.4,34.6,Open,SNS-011
TEL-000659,2026-05-04T07:37:11,makueni pipeline,Section E — Makueni Branch,265.7,2685.2,29.3,Closed,SNS-002
TEL-002588,2026-06-08T06:25:17,SITE-003,Section C — Nakuru-Eldoret Extension,396.2,2358.6,23.5,Closed,SNS-003
TEL-001873,2026-05-25T22:52:37,SITE-002,Section A — Mombasa-Nairobi Main,303.7,3038.7,23.5,Open,SNS-012
TEL-000637,2026-05-04T00:18:28,SITE-005,Section D — Sinendet Lateral,412.4,4252.1,15.0,Partially Open,SNS-003
TEL-000867,2026-05-08T05:40:53,SITE-007,Section D — Sinendet Lateral,600.0,2534.1,41.9,Open,SNS-005
TEL-001631,2026-05-21T21:07:01,NRB Terminal,Section B — Nairobi-Nakuru Spur,266.1,4816.9,21.4,Open,SNS-005
TEL-004936,2026-07-20T13:34:03,SITE-004,Section D — Sinendet Lateral,396.6,2793.7,40.0,Closed,SNS-004
TEL-002745,2026-06-11T01:12:21,SITE-005,Section B — Nairobi-Nakuru Spur,491.8,2426.6,24.0,Closed,SNS-001
TEL-002068,2026-05-29T15:47:03,SITE-001,Section B — Nairobi-Nakuru Spur,304.0,2816.9,25.4,Closed,SNS-007
TEL-000897,2026-05-08T16:31:11,SINENDET,Section C — Nakuru-Eldoret Extension,460.3,3104.8,26.9,Open,SNS-010
TEL-001584,2026-05-20T20:18:11,SITE-005,Section D — Sinendet Lateral,434.2,2055.9,30.7,Open,SNS-001
TEL-003151,2026-06-18T00:12:35,SITE-004,Section C — Nakuru-Eldoret Extension,435.1,2913.6,26.2,Closed,SNS-014
TEL-003830,2026-06-30T13:17:28,SITE-007,Section E — Makueni Branch,500.3,3594.1,31.2,Open,SNS-005
TEL-002459,2026-06-05T19:37:39,SITE-001,Section D — Sinendet Lateral,301.5,3252.0,40.9,Open,SNS-011
TEL-000919,2026-05-09T04:22:24,SITE-003,Section E — Makueni Branch,587.6,2843.5,25.2,Closed,SNS-009
TEL-003680,2026-06-27T15:47:48,NKR Depot,Section F — Kisumu Terminal Link,430.9,2599.4,37.2,Open,SNS-014
TEL-002682,2026-06-10T01:59:18,SITE-001,Section A — Mombasa-Nairobi Main,445.1,3477.1,32.4,Open,SNS-007
TEL-004909,2026-07-19T22:09:07,SITE-006,Section C — Nakuru-Eldoret Extension,529.6,2555.2,33.9,Open,SNS-009
TEL-002943,2026-06-14T03:23:45,Kisumu term,Section C — Nakuru-Eldoret Extension,533.1,3535.0,23.3,Open,SNS-005
TEL-003107,2026-06-17T09:15:33,SITE-001,Section E — Makueni Branch,358.8,3750.3,25.4,Closed,SNS-007
TEL-002262,2026-06-02T02:44:01,SITE-004,Section B — Nairobi-Nakuru Spur,437.5,3902.6,27.7,Partially Open,SNS-013
TEL-001421,2026-05-18T00:51:54,SITE-002,Section A — Mombasa-Nairobi Main,552.4,2456.4,25.5,Open,SNS-008
TEL-003968,2026-07-03T07:34:34,SITE-004,Section F — Kisumu Terminal Link,358.3,2482.3,33.6,Partially Open,SNS-008
TEL-003959,2026-07-03T02:33:27,Nairobi  Terminal,Section D — Sinendet Lateral,316.3,3001.6,32.3,Closed,SNS-002
TEL-000372,2026-04-29T11:26:53,SITE-006,Section C — Nakuru-Eldoret Extension,381.0,3854.0,20.6,Partially Open,SNS-009
TEL-004987,2026-07-21T16:38:41,SITE-007,Section F — Kisumu Terminal Link,445.8,3104.5,29.2,Open,SNS-005
TEL-001617,2026-05-21T12:10:33,SITE-001,Section F — Kisumu Terminal Link,400.5,2248.1,29.5,Open,SNS-001
TEL-000806,2026-05-07T05:11:59,Nairobi  Terminal,Section A — Mombasa-Nairobi Main,336.6,3935.8,34.9,Closed,SNS-008
TEL-002154,2026-05-31T02:18:22,SITE-006,Section E — Makueni Branch,533.2,4014.6,38.9,Partially Open,SNS-008
TEL-004310,2026-07-09T13:02:59,SITE-002,Section D — Sinendet Lateral,313.3,3038.1,31.9,Partially Open,SNS-006
TEL-004006,2026-07-04T04:00:35,SITE-004,Section C — Nakuru-Eldoret Extension,575.6,2364.4,19.8,Open,SNS-010
TEL-002487,2026-06-06T12:24:05,SITE-002,Section D — Sinendet Lateral,366.8,2103.7,25.0,Partially Open,SNS-001
TEL-002655,2026-06-09T13:17:42,SITE-004,Section A — Mombasa-Nairobi Main,379.7,3657.9,31.5,Closed,SNS-008
TEL-001056,2026-05-11T17:46:40,SITE-001,Section F — Kisumu Terminal Link,372.2,2521.4,30.5,Open,SNS-001
TEL-001028,2026-05-11T06:31:33,SITE-001,Section B — Nairobi-Nakuru Spur,463.4,4591.7,34.6,Open,SNS-005
TEL-002073,2026-05-29T18:33:50,SITE-001,Section C — Nakuru-Eldoret Extension,431.4,3652.6,36.6,Open,SNS-006
TEL-001851,2026-05-25T11:59:17,sinendet pump station,Section A — Mombasa-Nairobi Main,381.9,2540.2,39.3,Open,SNS-002
TEL-002889,2026-06-13T05:35:15,SITE-007,Section A — Mombasa-Nairobi Main,473.1,2293.8,38.6,Closed,SNS-009
TEL-001591,2026-05-21T00:31:23,SITE-005,Section A — Mombasa-Nairobi Main,417.3,2734.8,38.7,Closed,SNS-013
TEL-004055,2026-07-05T04:22:19,Kibwezi,Section E — Makueni Branch,442.1,1957.2,30.8,Open,SNS-009
TEL-000088,2026-04-24T09:58:01,SITE-002,Section D — Sinendet Lateral,457.9,3479.6,29.2,Open,SNS-011
TEL-001502,2026-05-19T11:14:48,SITE-005,Section B — Nairobi-Nakuru Spur,464.5,3375.4,25.3,Partially Open,SNS-012
TEL-001026,2026-05-11T06:11:57,SITE-001,Section C — Nakuru-Eldoret Extension,370.6,1000.0,27.1,Open,SNS-009
TEL-004856,2026-07-18T20:09:27,SITE-003,Section F — Kisumu Terminal Link,357.3,3033.7,28.2,Partially Open,SNS-007
TEL-001011,2026-05-10T23:05:30,SITE-007,Section E — Makueni Branch,402.7,3182.1,31.5,Closed,SNS-013
TEL-000334,2026-04-28T22:08:40,SITE-006,Section C — Nakuru-Eldoret Extension,386.1,2959.8,31.3,Open,SNS-001
TEL-003231,2026-06-19T08:50:22,SITE-007,Section A — Mombasa-Nairobi Main,445.6,3781.8,19.4,Open,SNS-011
TEL-003685,2026-06-27T17:05:24,SITE-004,Section D — Sinendet Lateral,353.8,3115.6,25.1,Open,SNS-007
TEL-004301,2026-07-09T10:49:23,nakuru depot,Section F — Kisumu Terminal Link,478.6,3245.0,27.6,Open,SNS-006
TEL-004961,2026-07-21T02:36:41,SITE-001,Section C — Nakuru-Eldoret Extension,578.8,3255.1,15.0,Partially Open,SNS-002
TEL-004821,2026-07-18T04:08:11,SITE-006,Section E — Makueni Branch,401.2,3130.9,34.7,Open,SNS-010
TEL-002324,2026-06-03T06:13:10,SITE-002,Section E — Makueni Branch,512.8,2760.2,33.5,Open,SNS-005
TEL-004439,2026-07-12T00:56:25,SITE-006,Section A — Mombasa-Nairobi Main,343.7,2814.5,30.6,Open,SNS-009
TEL-004338,2026-07-10T02:12:02,SITE-003,Section E — Makueni Branch,430.2,,33.3,Closed,SNS-003
TEL-003676,2026-06-27T14:37:39,makueni section,Section C — Nakuru-Eldoret Extension,413.2,2626.1,23.8,Open,SNS-003
TEL-002552,2026-06-07T12:46:48,Kipevu terminal,Section D — Sinendet Lateral,384.2,2805.6,32.8,Open,SNS-011
TEL-004258,2026-07-08T19:36:10,SITE-004,Section F — Kisumu Terminal Link,465.5,1827.3,22.0,Open,SNS-008
TEL-002755,2026-06-11T05:20:14,SITE-005,Section A — Mombasa-Nairobi Main,394.0,4412.5,27.4,Open,SNS-014
TEL-003518,2026-06-24T15:41:13,SITE-002,Section E — Makueni Branch,385.6,2325.9,33.2,Closed,SNS-008
TEL-000349,2026-04-29T04:26:11,ELD Terminal,Section D — Sinendet Lateral,427.9,3588.6,,Closed,SNS-006
TEL-004146,2026-07-06T14:55:24,nakuru depot,Section D — Sinendet Lateral,354.3,3257.9,38.5,Open,SNS-004
TEL-001047,2026-05-11T13:13:20,SITE-001,Section D — Sinendet Lateral,406.3,3712.3,24.3,Open,SNS-010
TEL-003862,2026-07-01T03:54:56,SITE-001,Section D — Sinendet Lateral,483.9,3212.2,28.4,Partially Open,SNS-012
TEL-003128,2026-06-17T15:53:05,SITE-002,Section D — Sinendet Lateral,511.5,2484.6,37.5,Open,SNS-014
TEL-003524,2026-06-24T17:38:09,Mombasa  Terminal,Section B — Nairobi-Nakuru Spur,477.6,2748.6,32.5,Open,SNS-011
TEL-003038,2026-06-16T02:48:17,SITE-007,Section A — Mombasa-Nairobi Main,319.5,2828.9,29.4,Closed,SNS-005
TEL-002123,2026-05-30T14:06:14,SITE-006,Section E — Makueni Branch,333.0,2996.1,28.6,Open,SNS-010
TEL-003910,2026-07-02T01:20:57,SINENDET,Section A — Mombasa-Nairobi Main,380.1,3520.0,31.1,Partially Open,SNS-001
TEL-004550,2026-07-14T00:07:05,SITE-006,Section E — Makueni Branch,377.5,2296.7,29.4,Closed,SNS-014
TEL-004805,2026-07-17T20:19:25,SITE-001,Section C — Nakuru-Eldoret Extension,320.4,2741.3,32.5,Open,SNS-013
TEL-005000,2026-07-21T23:46:41,SITE-006,Section B — Nairobi-Nakuru Spur,475.8,2703.9,26.3,Open,SNS-004
TEL-003570,2026-06-25T13:19:19,SITE-007,Section E — Makueni Branch,367.4,3010.6,43.6,Open,SNS-005
TEL-003513,2026-06-24T12:35:24,SITE-005,Section C — Nakuru-Eldoret Extension,315.4,3187.9,26.2,Closed,SNS-005
TEL-001230,2026-05-14T21:45:49,SITE-006,Section E — Makueni Branch,453.0,3213.6,29.0,Open,SNS-008
TEL-000813,2026-05-07T07:04:06,SITE-001,Section D — Sinendet Lateral,552.5,3279.8,35.2,Open,SNS-013
TEL-003083,2026-06-16T22:52:20,sinendet pump,Section F — Kisumu Terminal Link,477.6,2828.8,30.4,Closed,SNS-010
TEL-001277,2026-05-15T17:39:42,SITE-001,Section C — Nakuru-Eldoret Extension,549.2,3626.2,23.5,Open,SNS-008
TEL-001167,2026-05-13T19:26:18,SITE-006,Section E — Makueni Branch,448.3,1263.6,30.2,Open,SNS-014
TEL-004162,2026-07-07T03:12:52,SITE-005,Section E — Makueni Branch,451.5,3595.8,31.6,Open,SNS-008
TEL-000914,2026-05-09T02:52:08,SITE-006,Section A — Mombasa-Nairobi Main,410.2,3020.1,27.5,Open,SNS-009
TEL-002910,2026-06-13T14:50:56,SITE-002,Section C — Nakuru-Eldoret Extension,336.1,3092.3,27.8,Closed,SNS-004
TEL-002833,2026-06-12T07:43:18,SITE-004,Section E — Makueni Branch,421.9,2613.7,26.0,Open,SNS-003
TEL-000856,2026-05-07T22:41:24,SITE-007,Section F — Kisumu Terminal Link,411.2,1895.2,38.1,Partially Open,SNS-010
TEL-004458,2026-07-12T07:56:41,MSA Terminal,Section D — Sinendet Lateral,400.7,2907.1,32.0,Closed,SNS-006
TEL-004521,2026-07-13T11:52:07,SITE-006,Section C — Nakuru-Eldoret Extension,473.7,3586.1,20.5,Partially Open,SNS-011
TEL-000540,2026-05-02T11:49:33,SITE-005,Section F — Kisumu Terminal Link,435.1,2462.4,32.8,Closed,SNS-009
TEL-003103,2026-06-17T07:08:35,SITE-003,Section C — Nakuru-Eldoret Extension,370.2,3439.8,38.4,Open,SNS-008
TEL-003303,2026-06-20T13:00:58,SITE-003,Section B — Nairobi-Nakuru Spur,302.9,2756.2,33.8,Open,SNS-003
TEL-001789,2026-05-24T08:09:05,SITE-005,Section F — Kisumu Terminal Link,335.6,3078.5,34.1,Closed,SNS-008
TEL-004312,2026-07-09T13:55:41,SITE-007,Section A — Mombasa-Nairobi Main,401.6,2699.2,32.6,Partially Open,SNS-008
TEL-003586,2026-06-25T19:46:06,SITE-007,Section D — Sinendet Lateral,354.7,,21.9,Closed,SNS-010
TEL-003519,2026-06-24T16:33:06,SITE-004,Section E — Makueni Branch,330.4,3301.5,40.6,Open,SNS-007
TEL-000894,2026-05-08T15:40:15,SITE-004,Section A — Mombasa-Nairobi Main,532.7,2725.2,33.6,Open,SNS-003
TEL-002285,2026-06-02T12:34:08,SITE-002,Section E — Makueni Branch,412.2,2759.9,32.8,Partially Open,SNS-002
TEL-001480,2026-05-19T03:06:08,SITE-006,Section D — Sinendet Lateral,367.9,3140.0,31.6,Partially Open,SNS-009
TEL-001039,2026-05-11T10:24:10,SITE-001,Section B — Nairobi-Nakuru Spur,431.0,2888.6,24.3,Open,SNS-008
TEL-004536,2026-07-13T17:52:36,SITE-007,Section C — Nakuru-Eldoret Extension,496.7,3568.0,27.7,Closed,SNS-005
TEL-002260,2026-06-02T02:30:57,SITE-002,Section C — Nakuru-Eldoret Extension,397.4,2854.7,21.5,Open,SNS-014
TEL-004866,2026-07-19T02:12:24,SITE-007,Section A — Mombasa-Nairobi Main,538.0,4405.9,21.3,Open,SNS-009
TEL-003679,2026-06-27T15:41:11,SITE-007,Section E — Makueni Branch,509.5,2672.5,32.2,Open,SNS-011
TEL-003621,2026-06-26T13:36:07,SITE-003,Section A — Mombasa-Nairobi Main,365.9,2982.2,26.2,Closed,SNS-008
TEL-003918,2026-07-02T07:02:21,SITE-005,Section C — Nakuru-Eldoret Extension,419.4,2317.9,38.1,Closed,SNS-003
TEL-003696,2026-06-27T20:47:16,SITE-005,Section C — Nakuru-Eldoret Extension,390.0,2413.2,33.5,Partially Open,SNS-002
TEL-004672,2026-07-15T16:28:50,SITE-004,Section E — Makueni Branch,342.4,1424.2,35.1,Closed,SNS-003
TEL-004771,2026-07-17T06:20:14,SITE-003,Section A — Mombasa-Nairobi Main,406.6,3391.6,35.6,Partially Open,SNS-014
TEL-001786,2026-05-24T05:15:03,SITE-006,Section E — Makueni Branch,485.6,2021.3,27.0,Closed,SNS-007
TEL-001876,2026-05-26T00:39:11,SITE-007,Section E — Makueni Branch,420.7,3752.6,33.6,Open,SNS-012
TEL-003020,2026-06-15T17:05:45,SITE-001,Section B — Nairobi-Nakuru Spur,428.3,3418.1,22.5,Open,SNS-001
TEL-002748,2026-06-11T02:21:07,SITE-004,Section B — Nairobi-Nakuru Spur,700,1641.9,33.2,Open,SNS-006
TEL-001225,2026-05-14T20:35:05,SITE-002,Section F — Kisumu Terminal Link,381.2,3289.2,30.8,Open,SNS-006
TEL-001629,2026-05-21T19:18:01,nairobi terminal,Section C — Nakuru-Eldoret Extension,363.8,4111.6,26.3,Open,SNS-009
TEL-002139,2026-05-30T19:38:17,SITE-002,Section A — Mombasa-Nairobi Main,390.0,3388.0,25.2,Open,SNS-010
TEL-002519,2026-06-07T00:15:10,Kipevu terminal,Section E — Makueni Branch,391.4,3620.9,18.3,Open,SNS-006
TEL-000002,2026-04-23T00:10:00,Makueni PS,Section B — Nairobi-Nakuru Spur,319.1,2298.7,23.8,Partially Open,SNS-011
TEL-002279,2026-06-02T08:07:16,SITE-005,Section F — Kisumu Terminal Link,224.5,2855.2,24.1,Open,SNS-006
TEL-004573,2026-07-14T06:57:35,SITE-005,Section D — Sinendet Lateral,287.5,3024.3,34.7,Open,SNS-014
TEL-003911,2026-07-02T02:43:02,SITE-007,Section F — Kisumu Terminal Link,349.2,2539.1,30.5,Open,SNS-002
TEL-001303,2026-05-16T01:38:15,SITE-003,Section E — Makueni Branch,389.4,2064.8,37.6,Open,SNS-011
TEL-004816,2026-07-18T02:45:22,SITE-007,Section D — Sinendet Lateral,,2266.4,32.0,Open,SNS-008
TEL-001890,2026-05-26T06:13:40,SITE-003,Section E — Makueni Branch,389.2,1766.4,38.0,Closed,SNS-007
TEL-001870,2026-05-25T20:58:32,Kibwezi,Section E — Makueni Branch,428.1,2195.7,27.0,Partially Open,SNS-008
TEL-002102,2026-05-30T04:40:33,SITE-004,Section A — Mombasa-Nairobi Main,360.8,2260.8,15.0,Closed,SNS-003
TEL-003204,2026-06-18T21:21:50,SITE-007,Section E — Makueni Branch,363.0,2045.0,28.9,Closed,SNS-008
TEL-004563,2026-07-14T05:08:08,ELDORET,Section F — Kisumu Terminal Link,345.9,3087.1,30.0,Open,SNS-003
TEL-002322,2026-06-03T04:58:24,SITE-001,Section C — Nakuru-Eldoret Extension,369.5,2413.1,31.7,Closed,SNS-001
TEL-004116,2026-07-06T04:12:32,Thange section,Section B — Nairobi-Nakuru Spur,454.5,2751.5,28.2,Partially Open,SNS-003
TEL-003096,2026-06-17T03:37:56,SITE-001,Section A — Mombasa-Nairobi Main,200.0,3956.7,23.8,Closed,SNS-005
TEL-003388,2026-06-22T02:59:15,SITE-001,Section B — Nairobi-Nakuru Spur,477.7,2464.0,20.6,Open,SNS-009
TEL-003512,2026-06-24T12:28:56,SITE-005,Section C — Nakuru-Eldoret Extension,421.3,2900.0,38.2,Open,SNS-013
TEL-004976,2026-07-21T10:45:06,SITE-004,Section A — Mombasa-Nairobi Main,381.8,3220.0,44.3,Closed,SNS-009
TEL-003261,2026-06-19T23:49:16,SITE-003,Section C — Nakuru-Eldoret Extension,383.0,3544.0,27.0,Open,SNS-009
TEL-003561,2026-06-25T08:52:59,SITE-001,Section B — Nairobi-Nakuru Spur,486.1,3263.9,31.4,Open,SNS-011
TEL-001217,2026-05-14T17:59:08,SITE-003,Section A — Mombasa-Nairobi Main,522.7,4206.2,41.3,Open,SNS-002
TEL-001082,2026-05-12T05:09:13,SITE-001,Section B — Nairobi-Nakuru Spur,326.6,1500.0,31.4,Open,SNS-003
TEL-002292,2026-06-02T15:26:06,SITE-007,Section C — Nakuru-Eldoret Extension,526.0,3851.2,31.5,Open,SNS-009
TEL-003110,2026-06-17T10:10:54,SITE-007,Section B — Nairobi-Nakuru Spur,424.7,3543.9,37.1,Closed,SNS-001
TEL-003723,2026-06-28T08:10:48,SITE-005,Section A — Mombasa-Nairobi Main,316.5,2526.5,23.9,Open,SNS-006
TEL-004730,2026-07-16T15:57:02,SITE-001,Section F — Kisumu Terminal Link,250.9,4013.1,33.0,Closed,SNS-004
TEL-003933,2026-07-02T15:00:18,Nairobi term,Section C — Nakuru-Eldoret Extension,520.8,3131.9,45.0,Open,SNS-006
TEL-002448,2026-06-05T13:42:29,SITE-004,Section A — Mombasa-Nairobi Main,410.3,2804.5,15.0,Open,SNS-012
TEL-003875,2026-07-01T10:07:40,SITE-003,Section D — Sinendet Lateral,395.9,2472.9,29.3,Open,SNS-005
TEL-004481,2026-07-12T18:39:11,SITE-004,Section C — Nakuru-Eldoret Extension,477.0,3553.9,26.5,Open,SNS-007
TEL-001512,2026-05-19T13:51:28,SITE-002,Section E — Makueni Branch,397.8,3502.4,33.2,Closed,SNS-009
TEL-001370,2026-05-17T05:22:15,SITE-002,Section A — Mombasa-Nairobi Main,370.2,2392.1,33.8,Closed,SNS-010
TEL-003115,2026-06-17T11:07:32,SITE-003,Section F — Kisumu Terminal Link,304.7,3753.8,30.9,Partially Open,SNS-003
TEL-002958,2026-06-14T10:15:41,SITE-006,Section B — Nairobi-Nakuru Spur,391.3,3118.2,24.1,Open,SNS-002
TEL-002683,2026-06-10T02:03:59,Nakuru dep,Section F — Kisumu Terminal Link,234.1,2912.3,22.6,Open,SNS-011
TEL-004432,2026-07-11T23:38:45,SITE-001,Section B — Nairobi-Nakuru Spur,526.1,2736.8,33.5,Open,SNS-004
TEL-002888,2026-06-13T05:05:32,ELDORET,Section E — Makueni Branch,323.4,3307.9,23.7,Partially Open,SNS-013
TEL-000153,2026-04-25T15:07:27,SITE-006,Section B — Nairobi-Nakuru Spur,311.1,2869.5,30.6,Partially Open,SNS-007
TEL-002657,2026-06-09T13:45:35,SITE-003,Section E — Makueni Branch,250.6,2854.7,28.5,Partially Open,SNS-013
TEL-002716,2026-06-10T17:54:57,Kipevu terminal,Section A — Mombasa-Nairobi Main,432.4,2202.8,30.8,Closed,SNS-009
TEL-003359,2026-06-21T14:54:25,SITE-006,Section A — Mombasa-Nairobi Main,539.4,1143.6,33.2,Open,SNS-005
TEL-004950,2026-07-20T21:12:04,SITE-006,Section B — Nairobi-Nakuru Spur,349.5,3784.4,37.4,Partially Open,SNS-012
TEL-003180,2026-06-18T10:57:17,SITE-006,Section C — Nakuru-Eldoret Extension,466.3,2680.6,18.5,Closed,SNS-007
TEL-000191,2026-04-26T09:25:26,SITE-001,Section F — Kisumu Terminal Link,368.4,2878.2,17.7,Closed,SNS-007
TEL-004143,2026-07-06T14:21:32,SITE-005,Section B — Nairobi-Nakuru Spur,469.7,2720.3,21.1,Partially Open,SNS-009
TEL-000376,2026-04-29T12:46:37,SINENDET,Section E — Makueni Branch,310.0,2441.5,37.8,Open,SNS-004
TEL-004685,2026-07-15T20:03:49,SITE-001,Section F — Kisumu Terminal Link,289.1,2996.1,25.7,Open,SNS-013
TEL-001916,2026-05-26T21:02:39,SITE-002,Section C — Nakuru-Eldoret Extension,559.6,3434.0,38.3,Open,SNS-007
TEL-003626,2026-06-26T14:38:46,SITE-006,Section D — Sinendet Lateral,442.4,,37.8,Closed,SNS-013
TEL-004939,2026-07-20T14:58:22,SITE-002,Section D — Sinendet Lateral,355.7,2985.6,15.0,Open,SNS-004
TEL-000393,2026-04-29T17:23:52,Nakuru  Depot,Section C — Nakuru-Eldoret Extension,305.5,2431.7,24.2,Closed,SNS-010
TEL-001124,2026-05-13T01:51:47,SITE-007,Section B — Nairobi-Nakuru Spur,414.0,2986.7,28.8,Open,SNS-006
TEL-000510,2026-05-01T21:08:48,sinendet pump station,Section C — Nakuru-Eldoret Extension,504.5,2123.1,29.6,Partially Open,SNS-002
TEL-004621,2026-07-14T22:41:12,Nakuru  Depot,Section D — Sinendet Lateral,494.8,3178.3,26.2,Partially Open,SNS-007
TEL-000110,2026-04-24T19:07:09,SITE-007,Section B — Nairobi-Nakuru Spur,536.0,2922.8,38.8,Open,SNS-009
TEL-000133,2026-04-25T04:03:07,SITE-002,Section A — Mombasa-Nairobi Main,564.8,3202.8,32.2,Partially Open,SNS-003
TEL-000884,2026-05-08T11:28:53,Thange section,Section F — Kisumu Terminal Link,308.0,3278.5,34.8,Open,SNS-008
TEL-001172,2026-05-13T22:01:08,SITE-003,Section A — Mombasa-Nairobi Main,600.0,3016.2,28.1,Open,SNS-013
TEL-001087,2026-05-12T07:20:06,SITE-005,Section C — Nakuru-Eldoret Extension,565.0,2408.7,26.1,Partially Open,SNS-014
TEL-000581,2026-05-03T03:57:26,SITE-006,Section A — Mombasa-Nairobi Main,390.4,3515.2,34.8,Open,SNS-010
TEL-001904,2026-05-26T16:01:57,SITE-001,Section C — Nakuru-Eldoret Extension,254.4,3020.3,30.0,Closed,SNS-009
TEL-001472,2026-05-18T22:35:37,SITE-001,Section E — Makueni Branch,340.8,2524.9,38.3,Open,SNS-012
TEL-002684,2026-06-10T02:44:13,SITE-002,Section D — Sinendet Lateral,503.2,3848.1,20.2,Open,SNS-010
TEL-002401,2026-06-04T17:56:03,SITE-004,Section E — Makueni Branch,366.3,2398.6,34.3,Closed,SNS-002
TEL-000265,2026-04-27T14:47:45,Eldoret term,Section B — Nairobi-Nakuru Spur,394.6,3415.9,31.3,Closed,SNS-010
TEL-004150,2026-07-06T20:39:02,Sinendet PS,Section F — Kisumu Terminal Link,531.2,2778.7,31.1,Closed,SNS-006
TEL-003152,2026-06-18T00:32:42,SITE-007,Section E — Makueni Branch,406.4,4348.6,41.6,Open,SNS-008
TEL-000801,2026-05-07T02:49:49,Nakuru dep,Section B — Nairobi-Nakuru Spur,378.2,3359.5,31.1,Partially Open,SNS-009
TEL-001793,2026-05-24T09:17:04,SITE-006,Section F — Kisumu Terminal Link,383.2,3025.1,20.1,Open,SNS-010
TEL-000166,2026-04-25T20:20:42,SITE-007,Section E — Makueni Branch,310.4,3238.7,26.4,Closed,SNS-007
TEL-003743,2026-06-28T15:45:26,SITE-001,Section A — Mombasa-Nairobi Main,412.8,3301.3,34.4,Partially Open,SNS-010
TEL-000164,2026-04-25T20:00:00,SITE-003,Section F — Kisumu Terminal Link,416.5,4518.1,35.1,Open,SNS-007
TEL-002979,2026-06-14T18:56:23,SITE-003,Section E — Makueni Branch,335.3,2694.2,42.2,Open,SNS-001
TEL-002078,2026-05-29T19:14:06,mombasa terminal,Section A — Mombasa-Nairobi Main,497.1,3146.9,35.8,Partially Open,SNS-002
TEL-002121,2026-05-30T13:29:24,SITE-005,Section B — Nairobi-Nakuru Spur,575.0,2999.8,34.2,Open,SNS-003
TEL-003332,2026-06-21T04:19:31,SITE-007,Section F — Kisumu Terminal Link,360.0,3636.9,32.6,Closed,SNS-012
TEL-001604,2026-05-21T07:29:26,SITE-004,Section E — Makueni Branch,457.8,4084.3,30.9,Partially Open,SNS-004
TEL-003216,2026-06-19T02:47:28,eldoret terminal,Section E — Makueni Branch,351.3,2800.7,34.5,Closed,SNS-005
TEL-002807,2026-06-11T23:32:59,SITE-007,Section E — Makueni Branch,335.7,3028.3,26.3,Open,SNS-004
TEL-004115,2026-07-06T04:03:27,SITE-005,Section B — Nairobi-Nakuru Spur,456.2,2700.4,34.0,Open,SNS-007
TEL-001837,2026-05-25T06:13:41,SITE-006,Section A — Mombasa-Nairobi Main,410.1,1818.7,22.1,Partially Open,SNS-004
TEL-001216,2026-05-14T17:28:16,SITE-006,Section E — Makueni Branch,396.4,1827.8,28.1,Open,SNS-010
TEL-003186,2026-06-18T13:16:14,Nairobi term,Section E — Makueni Branch,376.4,4120.7,21.5,Open,SNS-013
TEL-001487,2026-05-19T05:13:29,SITE-005,Section B — Nairobi-Nakuru Spur,441.8,2681.5,22.8,Open,SNS-010
TEL-004240,2026-07-08T14:06:02,SITE-005,Section E — Makueni Branch,279.7,2526.1,32.1,Open,SNS-008
TEL-003691,2026-06-27T19:09:04,SITE-006,Section C — Nakuru-Eldoret Extension,395.2,3973.7,38.3,Open,SNS-012
TEL-001296,2026-05-15T23:15:07,SITE-007,Section D — Sinendet Lateral,271.2,3176.9,28.1,Closed,SNS-011
TEL-002156,2026-05-31T03:49:13,Makueni PS,Section F — Kisumu Terminal Link,322.7,2543.2,31.8,Closed,SNS-001
TEL-003655,2026-06-27T05:59:59,SITE-002,Section F — Kisumu Terminal Link,481.9,2378.9,28.9,Closed,SNS-004
TEL-004050,2026-07-05T01:41:42,SITE-002,Section B — Nairobi-Nakuru Spur,,1960.8,26.6,Open,SNS-008
TEL-004335,2026-07-10T00:21:22,SITE-002,Section F — Kisumu Terminal Link,341.1,3688.8,27.9,Closed,SNS-008
TEL-003695,2026-06-27T20:28:33,SITE-004,Section C — Nakuru-Eldoret Extension,395.3,3914.8,22.0,Partially Open,SNS-008
TEL-003048,2026-06-16T07:15:32,SITE-003,Section B — Nairobi-Nakuru Spur,400.1,2822.4,36.1,Closed,SNS-009
TEL-004643,2026-07-15T04:12:56,SITE-004,Section F — Kisumu Terminal Link,481.3,4286.0,18.6,Partially Open,SNS-004
TEL-002452,2026-06-05T16:03:16,Eldoret term,Section B — Nairobi-Nakuru Spur,427.7,3542.2,23.8,Partially Open,SNS-014
TEL-004267,2026-07-08T22:31:44,SITE-002,Section E — Makueni Branch,361.0,2803.4,44.5,Open,SNS-013
TEL-001272,2026-05-15T14:52:50,Eldoret term,Section C — Nakuru-Eldoret Extension,528.9,2900.9,38.9,Closed,SNS-005
TEL-001280,2026-05-15T18:04:08,Sinendet  Pump Station,Section F — Kisumu Terminal Link,439.3,3687.2,23.4,Open,SNS-007
TEL-001347,2026-05-16T21:42:03,SITE-004,Section E — Makueni Branch,416.3,3339.1,26.8,Partially Open,SNS-013
TEL-000786,2026-05-06T18:06:48,SITE-004,Section D — Sinendet Lateral,490.6,3434.3,45.0,Partially Open,SNS-002
TEL-004040,2026-07-04T18:57:57,SITE-007,Section C — Nakuru-Eldoret Extension,256.3,2875.3,32.5,Open,SNS-003
TEL-004226,2026-07-08T08:19:05,mombasa terminal,Section B — Nairobi-Nakuru Spur,349.9,2508.7,32.6,Open,SNS-013
TEL-003775,2026-06-29T09:18:52,SITE-003,Section A — Mombasa-Nairobi Main,404.3,3702.1,29.6,Closed,SNS-006
TEL-001820,2026-05-24T22:52:51,SITE-006,Section F — Kisumu Terminal Link,410.8,2854.1,37.5,Partially Open,SNS-008
TEL-004167,2026-07-07T06:33:46,SITE-006,Section F — Kisumu Terminal Link,399.2,3603.0,29.0,Open,SNS-011
TEL-001745,2026-05-23T12:27:12,Sinendet PS,Section F — Kisumu Terminal Link,369.1,2631.4,31.6,Partially Open,SNS-012
TEL-004415,2026-07-11T18:00:51,SITE-006,Section F — Kisumu Terminal Link,367.3,3299.5,35.2,Partially Open,SNS-002
TEL-000228,2026-04-26T23:29:29,SITE-003,Section E — Makueni Branch,397.2,1557.2,24.1,Closed,SNS-006
TEL-004592,2026-07-14T13:45:03,kisumu terminal,Section E — Makueni Branch,463.5,3841.8,28.1,Closed,SNS-013
TEL-003053,2026-06-16T11:48:09,SITE-006,Section B — Nairobi-Nakuru Spur,555.0,3252.4,22.1,Open,SNS-007
TEL-000553,2026-05-02T17:24:35,SITE-006,Section D — Sinendet Lateral,379.0,2921.6,35.2,Closed,SNS-011
TEL-002763,2026-06-11T07:39:31,SITE-005,Section C — Nakuru-Eldoret Extension,419.8,2738.6,33.6,Closed,SNS-005
TEL-001070,2026-05-12T01:06:37,Makueni PS,Section D — Sinendet Lateral,407.8,2263.3,26.9,Closed,SNS-004
TEL-003255,2026-06-19T21:18:08,SITE-006,Section A — Mombasa-Nairobi Main,442.6,2582.2,37.4,Closed,SNS-004
TEL-001523,2026-05-19T21:30:32,SITE-001,Section C — Nakuru-Eldoret Extension,320.2,3689.1,30.0,Closed,SNS-013
TEL-004893,2026-07-19T14:35:39,SITE-001,Section D — Sinendet Lateral,462.9,3776.3,20.0,Closed,SNS-012
TEL-000198,2026-04-26T11:48:18,Kipevu terminal,Section E — Makueni Branch,357.5,2776.2,23.8,Closed,SNS-007
TEL-001581,2026-05-20T19:26:49,SITE-001,Section C — Nakuru-Eldoret Extension,391.2,2665.5,30.1,Open,SNS-008
TEL-001612,2026-05-21T09:02:16,SITE-003,Section D — Sinendet Lateral,404.7,3710.2,27.5,Open,SNS-004
TEL-002527,2026-06-07T04:15:37,SITE-001,Section F — Kisumu Terminal Link,447.9,2042.6,30.3,Open,SNS-011
TEL-003234,2026-06-19T10:32:26,SITE-005,Section C — Nakuru-Eldoret Extension,287.3,4042.9,28.6,Open,SNS-005
TEL-003961,2026-07-03T04:11:11,SITE-006,Section B — Nairobi-Nakuru Spur,335.7,3729.9,30.6,Closed,SNS-007
TEL-002754,2026-06-11T05:10:56,SITE-002,Section D — Sinendet Lateral,289.0,3056.6,38.6,Open,SNS-002
TEL-003851,2026-06-30T22:19:54,SITE-003,Section E — Makueni Branch,364.3,3118.5,35.7,Partially Open,SNS-008
TEL-001012,2026-05-10T23:08:50,SITE-002,Section E — Makueni Branch,333.9,2323.1,15.6,Open,SNS-002
TEL-003665,2026-06-27T10:27:35,SITE-004,Section E — Makueni Branch,327.2,3157.9,26.5,Closed,SNS-001
TEL-001995,2026-05-28T06:53:45,SITE-005,Section C — Nakuru-Eldoret Extension,475.1,4057.3,32.0,Open,SNS-002
TEL-004661,2026-07-15T12:37:33,SITE-005,Section D — Sinendet Lateral,425.7,2124.4,35.2,Closed,SNS-009
TEL-002213,2026-06-01T04:35:27,ELDORET,Section B — Nairobi-Nakuru Spur,261.7,3889.7,37.7,Closed,SNS-008
TEL-001628,2026-05-21T19:15:00,SITE-003,Section C — Nakuru-Eldoret Extension,456.4,2645.4,27.2,Closed,SNS-006
TEL-002466,2026-06-06T01:23:29,SITE-007,Section A — Mombasa-Nairobi Main,259.2,1502.8,20.2,Open,SNS-012
TEL-002146,2026-05-31T00:13:02,SITE-004,Section B — Nairobi-Nakuru Spur,297.5,3494.7,29.0,Open,SNS-002
TEL-004048,2026-07-05T00:20:47,SITE-003,Section E — Makueni Branch,476.9,3545.9,30.2,Open,SNS-008
TEL-002276,2026-06-02T07:30:14,SITE-007,Section D — Sinendet Lateral,396.8,2189.4,27.5,Open,SNS-011
TEL-002471,2026-06-06T03:24:48,SITE-006,Section A — Mombasa-Nairobi Main,417.5,2597.5,,Open,SNS-004
TEL-002965,2026-06-14T14:55:51,SITE-002,Section C — Nakuru-Eldoret Extension,430.2,3040.8,33.7,Open,SNS-004
TEL-003670,2026-06-27T12:46:38,SITE-003,Section A — Mombasa-Nairobi Main,391.7,2677.2,31.0,Closed,SNS-013
TEL-001505,2026-05-19T11:34:45,SITE-002,Section A — Mombasa-Nairobi Main,850,2592.6,32.7,Open,SNS-001
TEL-004867,2026-07-19T02:35:43,nairobi terminal,Section D — Sinendet Lateral,526.6,4581.9,28.6,Closed,SNS-014
TEL-001595,2026-05-21T03:27:11,SITE-003,Section B — Nairobi-Nakuru Spur,464.4,3601.0,23.3,Open,SNS-005
TEL-000964,2026-05-10T02:09:47,SITE-006,Section A — Mombasa-Nairobi Main,406.7,3003.9,20.7,Closed,SNS-010
TEL-004963,2026-07-21T04:09:46,SITE-004,Section E — Makueni Branch,424.6,2931.7,33.5,Open,SNS-004
TEL-002876,2026-06-13T00:59:13,SITE-003,Section C — Nakuru-Eldoret Extension,450.2,2902.8,32.7,Partially Open,SNS-014
TEL-000304,2026-04-28T09:37:06,SITE-007,Section F — Kisumu Terminal Link,483.1,3422.6,31.3,Open,SNS-011
TEL-004852,2026-07-18T18:23:22,SITE-005,Section C — Nakuru-Eldoret Extension,432.8,3023.5,31.7,Open,SNS-003
TEL-000330,2026-04-28T20:52:42,SITE-006,Section F — Kisumu Terminal Link,391.9,2904.3,32.6,Open,SNS-014
TEL-002335,2026-06-03T12:28:07,SITE-001,Section D — Sinendet Lateral,383.1,2874.7,31.1,Open,SNS-011
TEL-001572,2026-05-20T16:47:53,SITE-003,Section E — Makueni Branch,281.1,2498.0,33.3,Closed,SNS-013
TEL-000480,2026-05-01T07:04:52,SITE-004,Section B — Nairobi-Nakuru Spur,567.9,3530.6,24.4,Open,SNS-006
TEL-001914,2026-05-26T20:19:26,SITE-001,Section B — Nairobi-Nakuru Spur,361.7,3377.8,21.9,Open,SNS-014
TEL-000911,2026-05-09T01:08:33,SITE-003,Section B — Nairobi-Nakuru Spur,342.4,3752.6,42.6,Closed,SNS-014
TEL-003644,2026-06-27T02:23:32,SITE-005,Section F — Kisumu Terminal Link,362.2,1741.4,35.6,Partially Open,SNS-002
TEL-004759,2026-07-17T03:01:15,SITE-006,Section F — Kisumu Terminal Link,447.5,3525.1,35.7,Partially Open,SNS-012
TEL-001057,2026-05-11T17:50:58,SITE-004,Section D — Sinendet Lateral,521.9,3629.1,26.9,Closed,SNS-004
TEL-002875,2026-06-13T00:55:39,SITE-007,Section E — Makueni Branch,463.4,3870.7,30.3,Partially Open,SNS-012
TEL-003841,2026-06-30T19:11:54,SITE-006,Section A — Mombasa-Nairobi Main,448.6,3754.5,33.2,Open,SNS-009
TEL-004280,2026-07-09T04:06:42,SITE-007,Section C — Nakuru-Eldoret Extension,360.4,2906.0,22.8,Open,SNS-001
TEL-001672,2026-05-22T10:57:25,SITE-001,Section B — Nairobi-Nakuru Spur,393.9,3045.2,20.7,Closed,SNS-001
TEL-000906,2026-05-08T20:18:18,SITE-002,Section C — Nakuru-Eldoret Extension,336.5,4781.3,32.6,Partially Open,SNS-003
TEL-004540,2026-07-13T18:45:45,SITE-004,Section E — Makueni Branch,463.1,3609.8,26.0,Open,SNS-003
TEL-000457,2026-04-30T19:06:17,SITE-004,Section D — Sinendet Lateral,399.5,5000.0,26.8,Partially Open,SNS-013
TEL-004630,2026-07-14T23:45:39,SITE-001,Section C — Nakuru-Eldoret Extension,406.3,4069.0,15.0,Open,SNS-011
TEL-000042,2026-04-23T17:14:19,Nairobi term,Section C — Nakuru-Eldoret Extension,439.5,2735.2,23.0,Partially Open,SNS-012
TEL-004794,2026-07-17T16:03:48,Nairobi term,Section C — Nakuru-Eldoret Extension,1000,1569.3,41.2,Closed,SNS-004
TEL-003446,2026-06-23T07:52:29,SITE-005,Section F — Kisumu Terminal Link,250.7,3999.7,18.6,Open,SNS-001
TEL-001271,2026-05-15T14:52:12,SITE-002,Section B — Nairobi-Nakuru Spur,284.3,3071.4,20.2,Open,SNS-004
TEL-003639,2026-06-27T01:29:44,Nairobi term,Section D — Sinendet Lateral,449.3,3045.3,21.0,Closed,SNS-006
TEL-004574,2026-07-14T07:05:07,SITE-002,Section D — Sinendet Lateral,412.5,3999.1,28.8,Open,SNS-005
TEL-002003,2026-05-28T11:12:55,SITE-002,Section A — Mombasa-Nairobi Main,310.4,2702.1,24.1,Open,SNS-011
TEL-001947,2026-05-27T13:31:46,SITE-007,Section D — Sinendet Lateral,483.5,2474.7,34.8,Partially Open,SNS-001
TEL-004532,2026-07-13T15:24:06,Sinendet  Pump Station,Section D — Sinendet Lateral,200.0,4429.5,34.8,Open,SNS-010
TEL-000831,2026-05-07T12:22:28,SITE-002,Section E — Makueni Branch,313.6,2456.3,39.2,Partially Open,SNS-008
TEL-004355,2026-07-10T11:27:03,SITE-006,Section E — Makueni Branch,404.5,3234.4,31.3,Open,SNS-011
TEL-000440,2026-04-30T12:31:42,SITE-004,Section E — Makueni Branch,391.7,3845.3,27.5,Closed,SNS-005
TEL-003070,2026-06-16T18:00:21,KSM Terminal,Section A — Mombasa-Nairobi Main,430.7,1891.7,26.0,Partially Open,SNS-013
TEL-004193,2026-07-07T17:30:48,SITE-001,Section C — Nakuru-Eldoret Extension,472.7,2802.0,32.1,Open,SNS-007
TEL-004490,2026-07-12T22:03:34,SITE-002,Section E — Makueni Branch,464.6,2402.5,29.5,Open,SNS-003
TEL-001215,2026-05-14T17:00:38,SITE-003,Section F — Kisumu Terminal Link,363.1,2184.2,30.0,Open,SNS-013
TEL-002799,2026-06-11T20:45:24,SITE-005,Section A — Mombasa-Nairobi Main,511.5,1573.0,30.5,Closed,SNS-006
TEL-000038,2026-04-23T16:18:04,SITE-003,Section D — Sinendet Lateral,470.4,4153.1,32.3,Partially Open,SNS-002
TEL-000007,2026-04-23T05:28:34,Kipevu terminal,Section C — Nakuru-Eldoret Extension,363.3,3374.8,28.5,Open,SNS-006
TEL-004701,2026-07-16T01:49:09,Nakuru dep,Section C — Nakuru-Eldoret Extension,391.6,2336.7,31.5,Partially Open,SNS-002
TEL-000698,2026-05-04T23:47:30,SITE-007,Section E — Makueni Branch,347.6,1692.9,35.7,Partially Open,SNS-007
TEL-001547,2026-05-20T06:14:40,KISUMU,Section F — Kisumu Terminal Link,533.6,3215.3,37.8,Closed,SNS-010
TEL-003456,2026-06-23T12:27:32,nairobi terminal,Section F — Kisumu Terminal Link,245.5,3052.8,23.3,Open,SNS-006
TEL-002508,2026-06-06T19:26:12,SITE-007,Section B — Nairobi-Nakuru Spur,378.5,2109.2,28.7,Open,SNS-014
TEL-000322,2026-04-28T17:22:59,SITE-004,Section E — Makueni Branch,381.2,3065.1,24.5,Partially Open,SNS-014
TEL-003786,2026-06-29T12:58:37,SITE-005,Section B — Nairobi-Nakuru Spur,322.1,3642.3,34.7,Open,SNS-005
TEL-000950,2026-05-09T21:05:27,SITE-004,Section A — Mombasa-Nairobi Main,391.3,3071.1,32.4,Open,SNS-006
TEL-001329,2026-05-16T15:15:59,NKR Depot,Section B — Nairobi-Nakuru Spur,293.9,2783.5,29.8,Partially Open,SNS-013
TEL-003942,2026-07-02T18:00:48,SITE-002,Section A — Mombasa-Nairobi Main,482.7,1787.0,36.7,Closed,SNS-008
TEL-004737,2026-07-16T18:00:43,SITE-001,Section A — Mombasa-Nairobi Main,437.3,2107.1,22.0,Partially Open,SNS-014
TEL-004648,2026-07-15T07:22:31,SITE-003,Section B — Nairobi-Nakuru Spur,450.3,2528.2,22.5,Open,SNS-013
TEL-003397,2026-06-22T07:24:03,ELDORET,Section B — Nairobi-Nakuru Spur,346.9,3162.4,33.8,Open,SNS-001
TEL-003874,2026-07-01T10:05:53,SITE-005,Section D — Sinendet Lateral,329.6,3186.6,29.2,Closed,SNS-011
TEL-001648,2026-05-22T02:21:25,nakuru depot,Section F — Kisumu Terminal Link,295.5,2210.8,15.0,Open,SNS-002
TEL-000065,2026-04-24T01:45:27,Kibwezi,Section B — Nairobi-Nakuru Spur,538.5,2561.8,29.7,Partially Open,SNS-011
TEL-002183,2026-05-31T16:39:21,Sinendet PS,Section C — Nakuru-Eldoret Extension,432.3,3038.7,41.3,Closed,SNS-014
TEL-004760,2026-07-17T03:18:20,SITE-007,Section D — Sinendet Lateral,338.6,1789.8,35.0,Open,SNS-001
TEL-003257,2026-06-19T22:01:55,SITE-001,Section B — Nairobi-Nakuru Spur,395.4,2044.8,38.8,Partially Open,SNS-013
TEL-003629,2026-06-26T18:37:21,SITE-006,Section B — Nairobi-Nakuru Spur,543.4,3260.1,39.9,Open,SNS-013
TEL-000955,2026-05-09T21:47:56,SITE-007,Section E — Makueni Branch,421.0,3522.8,33.9,Partially Open,SNS-008
TEL-001763,2026-05-23T20:18:23,SITE-005,Section B — Nairobi-Nakuru Spur,531.5,3083.8,29.6,Open,SNS-011
TEL-002184,2026-05-31T17:03:22,Nairobi term,Section A — Mombasa-Nairobi Main,322.1,4522.7,31.3,Open,SNS-010
TEL-002782,2026-06-11T14:09:31,SITE-006,Section A — Mombasa-Nairobi Main,327.6,3054.1,25.0,Closed,SNS-010
TEL-004687,2026-07-15T21:37:27,SITE-004,Section A — Mombasa-Nairobi Main,390.1,1417.1,30.5,Open,SNS-009
TEL-000680,2026-05-04T16:12:13,SITE-004,Section D — Sinendet Lateral,527.6,4757.6,27.8,Partially Open,SNS-012
TEL-004658,2026-07-15T11:45:42,SITE-005,Section F — Kisumu Terminal Link,383.0,2844.1,23.6,Open,SNS-001
TEL-001983,2026-05-28T02:29:50,SITE-004,Section D — Sinendet Lateral,488.5,2430.5,20.8,Open,SNS-003
TEL-001417,2026-05-17T21:35:55,SITE-006,Section A — Mombasa-Nairobi Main,,3965.8,21.5,Partially Open,SNS-013
TEL-003098,2026-06-17T04:21:28,SITE-003,Section F — Kisumu Terminal Link,355.4,3853.4,40.9,Closed,SNS-002
TEL-002357,2026-06-03T20:48:17,SITE-004,Section A — Mombasa-Nairobi Main,850,2834.4,26.4,Open,SNS-010
TEL-000787,2026-05-06T18:27:05,SITE-004,Section A — Mombasa-Nairobi Main,600.0,3500.5,34.8,Open,SNS-012
TEL-002940,2026-06-14T03:08:53,SITE-007,Section F — Kisumu Terminal Link,405.9,1757.8,32.6,Closed,SNS-012
TEL-000123,2026-04-24T22:11:15,SITE-006,Section E — Makueni Branch,345.6,3101.2,28.3,Closed,SNS-004
TEL-000418,2026-04-30T03:27:20,SITE-005,Section D — Sinendet Lateral,513.8,3265.5,30.9,Partially Open,SNS-003
TEL-001114,2026-05-12T21:22:56,SITE-003,Section F — Kisumu Terminal Link,577.8,3480.4,33.3,Open,SNS-008
TEL-000159,2026-04-25T19:08:59,SITE-001,Section D — Sinendet Lateral,345.6,5000.0,42.2,Partially Open,SNS-008
TEL-004216,2026-07-08T04:59:28,SITE-005,Section C — Nakuru-Eldoret Extension,406.2,3213.1,30.9,Open,SNS-007
TEL-002717,2026-06-10T18:20:58,SITE-004,Section B — Nairobi-Nakuru Spur,525.6,3172.5,32.0,Partially Open,SNS-012
TEL-004642,2026-07-15T03:15:58,SITE-007,Section F — Kisumu Terminal Link,422.3,4314.2,37.7,Open,SNS-001
TEL-000311,2026-04-28T12:32:52,SITE-001,Section D — Sinendet Lateral,285.9,3089.1,24.7,Closed,SNS-004
TEL-004699,2026-07-16T01:14:33,SITE-001,Section B — Nairobi-Nakuru Spur,434.0,2378.7,30.0,Open,SNS-005
TEL-003979,2026-07-03T12:25:24,SITE-003,Section C — Nakuru-Eldoret Extension,535.6,3350.1,26.4,Closed,SNS-002
TEL-004584,2026-07-14T10:37:04,SITE-003,Section D — Sinendet Lateral,413.0,3823.5,40.4,Open,SNS-010
TEL-003130,2026-06-17T16:21:31,SITE-002,Section B — Nairobi-Nakuru Spur,424.2,2748.4,30.4,Closed,SNS-001
TEL-002023,2026-05-28T19:19:09,SITE-006,Section A — Mombasa-Nairobi Main,317.9,2760.8,28.5,Open,SNS-012
TEL-001423,2026-05-18T01:39:05,SITE-001,Section B — Nairobi-Nakuru Spur,552.2,3281.0,31.7,Open,SNS-008
TEL-001340,2026-05-16T19:46:25,SITE-003,Section D — Sinendet Lateral,396.1,4126.7,25.1,Closed,SNS-008
TEL-000736,2026-05-05T17:19:33,MAKUENI,Section F — Kisumu Terminal Link,269.3,4101.9,34.9,Closed,SNS-003
TEL-002087,2026-05-29T23:45:45,SITE-004,Section D — Sinendet Lateral,480.4,4722.4,25.8,Closed,SNS-008
TEL-004029,2026-07-04T13:14:46,SITE-004,Section A — Mombasa-Nairobi Main,282.1,1664.4,31.8,Open,SNS-003
TEL-004181,2026-07-07T13:29:18,SITE-003,Section D — Sinendet Lateral,375.5,2976.8,44.5,Open,SNS-009
TEL-001339,2026-05-16T19:25:22,SITE-007,Section A — Mombasa-Nairobi Main,398.6,3763.3,39.6,Closed,SNS-012
TEL-001558,2026-05-20T09:20:46,SITE-004,Section C — Nakuru-Eldoret Extension,286.3,3188.5,34.7,Open,SNS-008
TEL-001959,2026-05-27T18:51:14,SITE-005,Section A — Mombasa-Nairobi Main,412.2,2786.7,19.8,Closed,SNS-008
TEL-004715,2026-07-16T08:24:51,SITE-003,Section A — Mombasa-Nairobi Main,377.7,2891.2,19.4,Open,SNS-006
TEL-004531,2026-07-13T14:59:40,sinendet pump station,Section E — Makueni Branch,449.8,3681.8,18.5,Open,SNS-012
TEL-002769,2026-06-11T09:30:14,SITE-006,Section A — Mombasa-Nairobi Main,200.0,3258.2,33.8,Closed,SNS-004
TEL-004898,2026-07-19T16:39:39,SITE-007,Section D — Sinendet Lateral,276.5,3193.1,32.9,Open,SNS-010
TEL-003366,2026-06-21T16:19:09,SITE-007,Section C — Nakuru-Eldoret Extension,524.9,2069.5,41.0,Closed,SNS-001
TEL-002333,2026-06-03T11:17:14,SITE-002,Section E — Makueni Branch,424.1,3415.8,39.4,Closed,SNS-009
TEL-000259,2026-04-27T10:57:29,kisumu terminal,Section C — Nakuru-Eldoret Extension,301.1,3415.0,31.9,Closed,SNS-010
TEL-001405,2026-05-17T17:23:09,Sinendet  Pump Station,Section B — Nairobi-Nakuru Spur,499.6,1826.3,35.8,Partially Open,SNS-009
TEL-002166,2026-05-31T07:31:29,SITE-004,Section E — Makueni Branch,462.6,4251.2,30.1,Open,SNS-004
TEL-001330,2026-05-16T15:54:06,SITE-007,Section A — Mombasa-Nairobi Main,317.1,2711.0,28.7,Open,SNS-009
TEL-000266,2026-04-27T16:10:54,SITE-004,Section D — Sinendet Lateral,393.3,2418.7,25.2,Partially Open,SNS-006
TEL-001222,2026-05-14T19:49:45,ELDORET,Section C — Nakuru-Eldoret Extension,354.6,1861.9,26.7,Open,SNS-002
TEL-004166,2026-07-07T06:04:33,SITE-007,Section B — Nairobi-Nakuru Spur,318.0,3604.1,42.4,Closed,SNS-011
TEL-003891,2026-07-01T17:41:33,NKR Depot,Section F — Kisumu Terminal Link,583.3,2563.6,22.2,Open,SNS-001
TEL-000679,2026-05-04T16:05:27,SITE-006,Section A — Mombasa-Nairobi Main,421.8,2827.8,31.6,Open,SNS-003
TEL-001186,2026-05-14T02:49:06,SITE-006,Section D — Sinendet Lateral,382.7,1587.9,21.1,Open,SNS-010
TEL-003990,2026-07-03T20:08:10,SITE-007,Section C — Nakuru-Eldoret Extension,534.3,1724.4,30.9,Closed,SNS-009
TEL-002857,2026-06-12T17:22:51,SITE-005,Section B — Nairobi-Nakuru Spur,,2663.8,38.1,Closed,SNS-010
TEL-001852,2026-05-25T13:29:29,SITE-004,Section D — Sinendet Lateral,432.1,3080.2,26.1,Open,SNS-012
TEL-001148,2026-05-13T12:44:38,SITE-001,Section B — Nairobi-Nakuru Spur,397.3,3101.2,33.2,Open,SNS-006
TEL-000724,2026-05-05T13:10:07,SITE-001,Section F — Kisumu Terminal Link,373.1,1699.6,16.6,Partially Open,SNS-006
TEL-002573,2026-06-07T21:53:46,SITE-006,Section C — Nakuru-Eldoret Extension,443.1,4113.6,25.7,Open,SNS-010
TEL-004503,2026-07-13T03:20:55,SITE-001,Section E — Makueni Branch,414.2,,18.9,Open,SNS-013
TEL-000741,2026-05-05T20:14:16,SITE-001,Section B — Nairobi-Nakuru Spur,,1222.1,31.5,Closed,SNS-002
TEL-002372,2026-06-04T04:17:40,SITE-005,Section F — Kisumu Terminal Link,358.5,2562.8,38.2,Closed,SNS-006
TEL-004379,2026-07-10T22:08:07,SITE-004,Section E — Makueni Branch,328.9,3051.9,32.1,Closed,SNS-013
TEL-002013,2026-05-28T15:49:08,SITE-002,Section F — Kisumu Terminal Link,323.7,2309.3,28.8,Partially Open,SNS-001
TEL-002971,2026-06-14T16:58:32,SITE-003,Section F — Kisumu Terminal Link,393.8,4320.4,43.6,Partially Open,SNS-007
TEL-003280,2026-06-20T05:49:45,SITE-002,Section E — Makueni Branch,470.0,3152.4,28.4,Open,SNS-006
TEL-002035,2026-05-29T03:25:38,SITE-001,Section D — Sinendet Lateral,448.6,1373.8,35.7,Closed,SNS-012
TEL-000550,2026-05-02T17:11:13,SITE-001,Section B — Nairobi-Nakuru Spur,417.9,3005.5,22.3,Closed,SNS-008
TEL-004798,2026-07-17T17:38:36,MOMBASA,Section E — Makueni Branch,377.4,1845.7,30.6,Partially Open,SNS-010
TEL-004091,2026-07-05T16:50:56,SITE-006,Section A — Mombasa-Nairobi Main,344.9,3558.9,31.6,Closed,SNS-009
TEL-004682,2026-07-15T18:27:18,SITE-002,Section F — Kisumu Terminal Link,,3360.1,17.3,Closed,SNS-004
TEL-000076,2026-04-24T05:55:22,SITE-005,Section B — Nairobi-Nakuru Spur,200.0,2520.5,31.4,Open,SNS-002
TEL-000101,2026-04-24T16:31:24,SITE-007,Section C — Nakuru-Eldoret Extension,369.4,3303.8,33.6,Partially Open,SNS-012
TEL-004935,2026-07-20T12:54:40,SITE-003,Section C — Nakuru-Eldoret Extension,394.0,1662.9,23.4,Closed,SNS-006
TEL-001408,2026-05-17T18:16:29,SITE-003,Section D — Sinendet Lateral,369.5,3238.1,28.2,Open,SNS-011
TEL-004305,2026-07-09T11:33:39,SITE-001,Section F — Kisumu Terminal Link,399.2,2938.0,31.4,Open,SNS-012
TEL-000338,2026-04-29T00:59:40,SITE-004,Section E — Makueni Branch,312.6,4452.3,34.3,Open,SNS-005
TEL-003375,2026-06-21T19:59:56,SITE-005,Section B — Nairobi-Nakuru Spur,358.3,2903.5,35.7,Open,SNS-011
TEL-003505,2026-06-24T10:14:57,SITE-003,Section D — Sinendet Lateral,442.2,2312.5,18.0,Open,SNS-014
TEL-004051,2026-07-05T02:33:21,SITE-004,Section F — Kisumu Terminal Link,450.7,2667.5,27.8,Open,SNS-001
TEL-003448,2026-06-23T09:33:22,SITE-007,Section B — Nairobi-Nakuru Spur,299.9,1803.2,32.7,Closed,SNS-007
TEL-001894,2026-05-26T09:39:38,SITE-007,Section A — Mombasa-Nairobi Main,372.4,2487.3,26.0,Open,SNS-001
TEL-001237,2026-05-15T00:14:10,SITE-001,Section E — Makueni Branch,372.7,3284.2,29.0,Open,SNS-014
TEL-001201,2026-05-14T12:32:59,SITE-006,Section E — Makueni Branch,,2580.8,22.4,Closed,SNS-013
TEL-004138,2026-07-06T12:54:57,SITE-005,Section D — Sinendet Lateral,200.0,3244.7,26.5,Partially Open,SNS-001
TEL-002411,2026-06-05T00:13:04,SITE-006,Section B — Nairobi-Nakuru Spur,372.1,2249.0,32.7,Closed,SNS-009
TEL-003118,2026-06-17T11:38:16,SITE-001,Section C — Nakuru-Eldoret Extension,413.0,1725.5,32.8,Closed,SNS-001
TEL-000057,2026-04-23T23:01:34,NAKURU,Section B — Nairobi-Nakuru Spur,271.6,4489.3,27.5,Partially Open,SNS-011
TEL-002424,2026-06-05T04:55:04,SITE-001,Section C — Nakuru-Eldoret Extension,241.7,3588.9,28.8,Closed,SNS-006
TEL-003528,2026-06-24T19:25:04,SITE-001,Section D — Sinendet Lateral,249.9,3641.4,22.7,Open,SNS-006
TEL-003283,2026-06-20T07:06:33,SITE-003,Section B — Nairobi-Nakuru Spur,404.3,2509.4,30.1,Partially Open,SNS-014
TEL-002217,2026-06-01T06:08:36,SITE-003,Section F — Kisumu Terminal Link,415.4,3387.2,34.7,Open,SNS-009
TEL-002663,2026-06-09T15:37:58,SITE-003,Section A — Mombasa-Nairobi Main,424.1,3434.7,35.2,Open,SNS-001
TEL-003608,2026-06-26T06:53:34,Nakuru dep,Section F — Kisumu Terminal Link,478.2,3076.8,24.4,Closed,SNS-007
TEL-002207,2026-06-01T02:46:52,SITE-007,Section E — Makueni Branch,,2701.6,33.8,Open,SNS-003
TEL-002415,2026-06-05T01:05:30,MAKUENI,Section C — Nakuru-Eldoret Extension,417.1,3548.8,15.0,Open,SNS-009
TEL-003318,2026-06-21T00:06:16,SITE-001,Section A — Mombasa-Nairobi Main,297.9,2348.6,43.0,Closed,SNS-003
TEL-000225,2026-04-26T22:56:12,SITE-007,Section D — Sinendet Lateral,457.1,3775.8,30.1,Open,SNS-012
TEL-002010,2026-05-28T14:32:23,SITE-006,Section E — Makueni Branch,280.5,3103.6,32.8,Closed,SNS-005
TEL-004039,2026-07-04T18:42:11,sinendet pump,Section F — Kisumu Terminal Link,600.0,2716.5,35.7,Partially Open,SNS-008
TEL-003610,2026-06-26T08:09:05,SITE-005,Section D — Sinendet Lateral,502.2,4081.3,28.1,Open,SNS-006
TEL-002316,2026-06-03T00:33:55,SITE-007,Section A — Mombasa-Nairobi Main,519.9,3771.1,34.2,Open,SNS-007
TEL-002254,2026-06-02T00:29:16,SITE-001,Section E — Makueni Branch,430.6,1202.1,26.8,Open,SNS-012
TEL-001609,2026-05-21T08:16:46,SITE-006,Section B — Nairobi-Nakuru Spur,397.0,3645.5,31.7,Open,SNS-005
TEL-004581,2026-07-14T09:15:09,SITE-001,Section C — Nakuru-Eldoret Extension,347.1,2360.5,30.3,Open,SNS-005
TEL-004580,2026-07-14T08:57:42,Sinendet  Pump Station,Section C — Nakuru-Eldoret Extension,260.1,2550.2,29.6,Closed,SNS-011
TEL-001930,2026-05-27T05:12:03,SITE-006,Section A — Mombasa-Nairobi Main,373.7,4062.4,22.4,Open,SNS-008
TEL-004392,2026-07-11T02:58:52,makueni section,Section E — Makueni Branch,381.6,2658.3,37.9,Partially Open,SNS-008
TEL-003930,2026-07-02T12:38:15,SITE-006,Section A — Mombasa-Nairobi Main,437.9,3612.5,38.5,Partially Open,SNS-006
TEL-000805,2026-05-07T04:50:17,Eldoret  Terminal,Section A — Mombasa-Nairobi Main,374.4,3882.7,35.4,Partially Open,SNS-002
TEL-001253,2026-05-15T05:12:42,SITE-003,Section D — Sinendet Lateral,432.7,2187.7,33.7,Closed,SNS-001
TEL-003363,2026-06-21T15:29:39,SITE-002,Section A — Mombasa-Nairobi Main,339.2,5000.0,24.0,Partially Open,SNS-014
TEL-004675,2026-07-15T16:42:54,SITE-002,Section C — Nakuru-Eldoret Extension,592.4,2329.7,22.8,Open,SNS-001
TEL-000404,2026-04-29T22:28:38,Makueni PS,Section E — Makueni Branch,362.2,2853.9,26.3,Closed,SNS-009
TEL-004119,2026-07-06T06:00:41,SITE-003,Section C — Nakuru-Eldoret Extension,353.1,1687.3,41.2,Open,SNS-006
TEL-001543,2026-05-20T05:12:16,sinendet pump station,Section B — Nairobi-Nakuru Spur,368.6,4189.3,35.4,Closed,SNS-004
TEL-001722,2026-05-23T02:35:14,SITE-002,Section C — Nakuru-Eldoret Extension,510.8,3023.6,30.2,Open,SNS-006
TEL-000502,2026-05-01T18:59:38,SITE-006,Section A — Mombasa-Nairobi Main,451.5,1336.9,19.0,Open,SNS-014
TEL-000851,2026-05-07T19:15:14,SITE-004,Section F — Kisumu Terminal Link,385.2,3067.1,36.1,Closed,SNS-002
TEL-004696,2026-07-16T00:38:52,SITE-004,Section B — Nairobi-Nakuru Spur,473.3,2643.6,27.8,Open,SNS-008
TEL-002267,2026-06-02T04:42:01,SITE-001,Section A — Mombasa-Nairobi Main,495.1,1418.3,22.0,Closed,SNS-014
TEL-004244,2026-07-08T14:51:03,SITE-006,Section B — Nairobi-Nakuru Spur,388.1,2884.8,27.6,Partially Open,SNS-003
TEL-003587,2026-06-25T19:58:14,mombasa terminal,Section A — Mombasa-Nairobi Main,446.4,2205.5,40.9,Closed,SNS-002
TEL-004394,2026-07-11T03:12:47,SITE-005,Section F — Kisumu Terminal Link,387.9,2153.4,34.2,Open,SNS-002
TEL-002425,2026-06-05T05:08:42,SITE-005,Section C — Nakuru-Eldoret Extension,367.3,4750.4,27.7,Open,SNS-009
TEL-000699,2026-05-05T00:33:43,SITE-006,Section B — Nairobi-Nakuru Spur,445.2,4145.2,40.7,Open,SNS-007
TEL-003265,2026-06-20T00:54:02,SITE-007,Section A — Mombasa-Nairobi Main,526.0,4372.5,37.7,Open,SNS-007
TEL-004086,2026-07-05T14:37:44,SITE-002,Section F — Kisumu Terminal Link,478.6,3230.0,39.2,Open,SNS-004
TEL-003260,2026-06-19T23:41:24,SITE-007,Section C — Nakuru-Eldoret Extension,409.3,3200.3,33.3,Partially Open,SNS-001
TEL-003316,2026-06-20T22:28:43,SITE-006,Section D — Sinendet Lateral,524.6,3303.3,33.7,Closed,SNS-002
TEL-002412,2026-06-05T00:27:57,SITE-003,Section A — Mombasa-Nairobi Main,372.5,1863.3,,Open,SNS-013
TEL-003535,2026-06-24T21:40:59,Thange section,Section D — Sinendet Lateral,502.2,4021.7,24.8,Open,SNS-003
TEL-001226,2026-05-14T20:36:52,Sinendet  Pump Station,Section D — Sinendet Lateral,339.1,3081.4,25.0,Closed,SNS-008
TEL-004800,2026-07-17T18:47:26,SITE-003,Section E — Makueni Branch,700,2308.4,34.9,Open,SNS-004
TEL-002349,2026-06-03T16:48:25,SITE-001,Section F — Kisumu Terminal Link,472.1,3381.5,24.2,Open,SNS-002
TEL-000193,2026-04-26T09:57:01,SITE-001,Section B — Nairobi-Nakuru Spur,406.5,3481.5,25.6,Open,SNS-007
TEL-002103,2026-05-30T04:56:01,Eldoret term,Section F — Kisumu Terminal Link,297.8,3889.3,26.1,Open,SNS-013
TEL-001755,2026-05-23T17:42:43,SITE-005,Section E — Makueni Branch,296.8,3880.6,41.4,Partially Open,SNS-008
TEL-000921,2026-05-09T05:03:27,SITE-006,Section C — Nakuru-Eldoret Extension,495.7,4279.0,29.8,Partially Open,SNS-009
TEL-002258,2026-06-02T02:25:22,SITE-004,Section C — Nakuru-Eldoret Extension,284.9,2640.6,34.3,Closed,SNS-007
TEL-001615,2026-05-21T10:55:28,Nairobi  Terminal,Section D — Sinendet Lateral,336.8,3235.2,22.4,Partially Open,SNS-007
TEL-001206,2026-05-14T14:57:45,Nairobi  Terminal,Section D — Sinendet Lateral,309.8,2432.3,26.6,Closed,SNS-009
TEL-002312,2026-06-02T22:34:48,SITE-003,Section D — Sinendet Lateral,334.0,1537.1,23.9,Closed,SNS-005
TEL-003981,2026-07-03T13:26:16,SITE-006,Section F — Kisumu Terminal Link,425.7,2260.2,24.0,Open,SNS-004
TEL-004248,2026-07-08T16:31:39,SITE-007,Section C — Nakuru-Eldoret Extension,481.9,2744.8,29.0,Open,SNS-013
TEL-003399,2026-06-22T08:18:42,SITE-007,Section E — Makueni Branch,387.7,2397.5,28.6,Closed,SNS-003
TEL-000046,2026-04-23T19:02:19,SITE-007,Section F — Kisumu Terminal Link,342.3,3912.1,34.4,Open,SNS-012
TEL-001703,2026-05-22T21:09:43,SITE-003,Section A — Mombasa-Nairobi Main,290.2,3706.9,23.3,Open,SNS-013
TEL-001776,2026-05-24T01:29:13,SITE-001,Section C — Nakuru-Eldoret Extension,379.2,3345.4,22.0,Open,SNS-012
TEL-003195,2026-06-18T18:22:20,SITE-003,Section D — Sinendet Lateral,465.5,2501.0,37.5,Open,SNS-013
TEL-000889,2026-05-08T13:33:08,SITE-001,Section F — Kisumu Terminal Link,363.0,3509.3,30.1,Open,SNS-005
TEL-002007,2026-05-28T12:44:28,SITE-004,Section F — Kisumu Terminal Link,463.4,4133.7,32.2,Closed,SNS-014
TEL-001218,2026-05-14T19:10:57,SITE-006,Section A — Mombasa-Nairobi Main,425.4,4154.5,41.0,Partially Open,SNS-014
TEL-003088,2026-06-17T00:46:25,SITE-007,Section C — Nakuru-Eldoret Extension,519.4,3397.6,31.8,Open,SNS-003
TEL-000978,2026-05-10T08:46:51,SITE-007,Section F — Kisumu Terminal Link,295.0,3779.3,28.3,Open,SNS-011
TEL-001901,2026-05-26T13:18:43,SITE-002,Section E — Makueni Branch,358.4,3654.2,34.8,Partially Open,SNS-006
TEL-001680,2026-05-22T12:57:15,NAIROBI,Section D — Sinendet Lateral,485.7,2202.2,26.8,Open,SNS-014
TEL-004176,2026-07-07T11:33:37,SITE-001,Section E — Makueni Branch,414.3,2250.0,35.3,Open,SNS-012
TEL-000202,2026-04-26T13:21:28,SITE-001,Section D — Sinendet Lateral,425.6,1548.9,33.2,Open,SNS-003
TEL-001171,2026-05-13T21:43:18,SITE-004,Section C — Nakuru-Eldoret Extension,531.6,2866.7,34.0,Partially Open,SNS-007
TEL-003894,2026-07-01T18:48:58,SITE-007,Section B — Nairobi-Nakuru Spur,452.9,1938.1,43.2,Closed,SNS-010
TEL-003129,2026-06-17T16:07:28,SITE-004,Section C — Nakuru-Eldoret Extension,401.3,3138.0,24.8,Partially Open,SNS-011
TEL-000445,2026-04-30T13:13:58,ELDORET,Section D — Sinendet Lateral,381.9,2247.0,30.9,Closed,SNS-013
TEL-001623,2026-05-21T15:25:29,SITE-001,Section C — Nakuru-Eldoret Extension,457.5,2526.1,30.8,Closed,SNS-008
TEL-003396,2026-06-22T06:56:06,SITE-002,Section B — Nairobi-Nakuru Spur,381.8,2358.3,29.9,Open,SNS-006
TEL-003245,2026-06-19T14:36:52,SITE-002,Section E — Makueni Branch,521.6,3421.3,33.0,Open,SNS-006
TEL-000623,2026-05-03T17:36:30,SITE-005,Section F — Kisumu Terminal Link,323.4,2720.2,23.0,Closed,SNS-009
TEL-002738,2026-06-11T00:01:42,SITE-003,Section C — Nakuru-Eldoret Extension,359.1,3241.4,30.2,Open,SNS-009
TEL-003500,2026-06-24T07:59:26,SITE-002,Section B — Nairobi-Nakuru Spur,349.3,3082.7,,Open,SNS-012
TEL-003511,2026-06-24T11:52:57,SITE-006,Section B — Nairobi-Nakuru Spur,366.3,2353.7,32.3,Open,SNS-007
TEL-003484,2026-06-23T23:11:47,SITE-006,Section D — Sinendet Lateral,386.6,2772.2,27.2,Partially Open,SNS-002
TEL-003814,2026-06-30T04:14:57,SITE-007,Section D — Sinendet Lateral,467.4,3281.3,34.9,Closed,SNS-012
TEL-001044,2026-05-11T11:37:24,SITE-004,Section F — Kisumu Terminal Link,311.8,3653.0,31.2,Open,SNS-007
TEL-001273,2026-05-15T15:02:14,SITE-003,Section F — Kisumu Terminal Link,216.9,3740.8,23.3,Closed,SNS-008
TEL-002968,2026-06-14T15:56:40,SITE-003,Section E — Makueni Branch,425.8,4174.9,37.3,Open,SNS-013
TEL-000008,2026-04-23T06:33:08,SITE-006,Section D — Sinendet Lateral,458.6,3253.1,31.4,Open,SNS-014
TEL-001262,2026-05-15T11:07:45,SITE-007,Section A — Mombasa-Nairobi Main,321.1,2304.7,32.8,Closed,SNS-011
TEL-003226,2026-06-19T07:44:39,SITE-005,Section F — Kisumu Terminal Link,332.3,2996.1,23.1,Closed,SNS-006
TEL-004080,2026-07-05T13:45:00,SITE-001,Section D — Sinendet Lateral,1150,2902.5,43.7,Open,SNS-012
TEL-004948,2026-07-20T18:28:31,SITE-006,Section C — Nakuru-Eldoret Extension,462.0,3712.0,33.7,Partially Open,SNS-004
TEL-001926,2026-05-27T01:12:10,SITE-007,Section E — Makueni Branch,404.6,3177.8,32.3,Closed,SNS-009
TEL-000148,2026-04-25T10:37:27,SITE-004,Section A — Mombasa-Nairobi Main,384.5,2179.5,21.9,Open,SNS-005
TEL-000832,2026-05-07T12:25:37,SITE-005,Section D — Sinendet Lateral,489.7,3380.2,36.0,Partially Open,SNS-007
TEL-002801,2026-06-11T21:35:59,SITE-004,Section F — Kisumu Terminal Link,545.3,3195.5,30.7,Closed,SNS-006
TEL-003694,2026-06-27T19:43:50,SITE-002,Section B — Nairobi-Nakuru Spur,418.1,2264.6,17.2,Open,SNS-004
TEL-004306,2026-07-09T11:36:13,Sinendet PS,Section C — Nakuru-Eldoret Extension,372.7,3246.2,31.2,Closed,SNS-011
TEL-004346,2026-07-10T06:10:07,SITE-007,Section E — Makueni Branch,309.6,2345.4,27.3,Open,SNS-013
TEL-000218,2026-04-26T18:54:32,SITE-001,Section C — Nakuru-Eldoret Extension,532.9,1960.3,26.4,Partially Open,SNS-008
TEL-000382,2026-04-29T13:50:15,SITE-007,Section E — Makueni Branch,373.2,3005.1,38.2,Open,SNS-004
TEL-001376,2026-05-17T06:43:22,SITE-007,Section D — Sinendet Lateral,388.1,2442.8,37.6,Open,SNS-007
TEL-000196,2026-04-26T10:45:10,Nairobi  Terminal,Section A — Mombasa-Nairobi Main,395.5,2058.4,24.5,Closed,SNS-003
TEL-003251,2026-06-19T19:09:32,SITE-004,Section E — Makueni Branch,436.9,2102.1,22.0,Open,SNS-008
TEL-002785,2026-06-11T14:44:18,SITE-001,Section F — Kisumu Terminal Link,385.2,2278.2,34.0,Closed,SNS-013
TEL-000713,2026-05-05T06:50:01,MOMBASA,Section F — Kisumu Terminal Link,319.2,3165.4,26.5,Open,SNS-001
TEL-001871,2026-05-25T22:24:18,SITE-002,Section A — Mombasa-Nairobi Main,432.0,3639.5,39.9,Closed,SNS-013
TEL-002567,2026-06-07T20:04:01,SITE-007,Section B — Nairobi-Nakuru Spur,559.6,2110.0,38.8,Open,SNS-003
TEL-000195,2026-04-26T10:33:31,SITE-002,Section C — Nakuru-Eldoret Extension,377.7,3191.2,26.7,Partially Open,SNS-005
TEL-004765,2026-07-17T04:59:27,SITE-002,Section C — Nakuru-Eldoret Extension,1150,3896.7,31.6,Partially Open,SNS-007
TEL-001431,2026-05-18T04:55:33,SITE-001,Section F — Kisumu Terminal Link,306.0,1694.9,30.5,Open,SNS-014
TEL-001147,2026-05-13T12:33:45,SITE-006,Section A — Mombasa-Nairobi Main,557.2,3564.2,28.3,Open,SNS-006
TEL-000096,2026-04-24T12:10:57,SITE-007,Section A — Mombasa-Nairobi Main,275.2,2424.8,42.4,Open,SNS-012
TEL-001730,2026-05-23T04:43:15,SITE-006,Section F — Kisumu Terminal Link,484.4,4093.8,38.0,Closed,SNS-013
TEL-001357,2026-05-17T01:52:21,SITE-005,Section A — Mombasa-Nairobi Main,389.0,1955.4,28.8,Open,SNS-001
TEL-000514,2026-05-01T22:43:09,SITE-003,Section F — Kisumu Terminal Link,509.9,3859.6,30.3,Closed,SNS-004
TEL-000765,2026-05-06T09:56:16,SITE-006,Section B — Nairobi-Nakuru Spur,466.3,4255.7,29.0,Partially Open,SNS-013
TEL-004152,2026-07-06T21:54:58,SITE-001,Section F — Kisumu Terminal Link,356.4,1543.3,31.5,Closed,SNS-002
TEL-001937,2026-05-27T08:10:23,SITE-006,Section C — Nakuru-Eldoret Extension,448.8,3471.7,27.0,Open,SNS-003
TEL-004314,2026-07-09T14:43:40,SITE-005,Section D — Sinendet Lateral,319.6,2705.7,33.3,Open,SNS-014
TEL-003977,2026-07-03T10:01:05,SITE-004,Section F — Kisumu Terminal Link,430.6,3722.6,24.9,Partially Open,SNS-003
TEL-000591,2026-05-03T06:34:24,SITE-007,Section B — Nairobi-Nakuru Spur,424.9,2779.4,35.4,Open,SNS-003
TEL-001907,2026-05-26T16:57:27,SITE-004,Section B — Nairobi-Nakuru Spur,481.6,2127.7,37.4,Open,SNS-014
TEL-002385,2026-06-04T10:36:23,SITE-007,Section B — Nairobi-Nakuru Spur,352.2,1675.9,34.7,Closed,SNS-013
TEL-004553,2026-07-14T02:27:51,SITE-003,Section A — Mombasa-Nairobi Main,459.3,4255.8,27.6,Closed,SNS-011
TEL-000211,2026-04-26T16:43:26,SITE-004,Section A — Mombasa-Nairobi Main,457.6,3084.6,26.2,Closed,SNS-011
TEL-004804,2026-07-17T19:54:09,SITE-006,Section C — Nakuru-Eldoret Extension,1100.7,2255.7,39.4,Open,SNS-010
TEL-000528,2026-05-02T03:53:29,SITE-001,Section D — Sinendet Lateral,478.9,4098.4,37.5,Open,SNS-004
TEL-002171,2026-05-31T10:17:01,SITE-002,Section E — Makueni Branch,381.4,4277.6,33.9,Closed,SNS-007
TEL-003760,2026-06-29T01:41:20,SITE-001,Section E — Makueni Branch,323.3,3380.6,26.6,Partially Open,SNS-004
TEL-004975,2026-07-21T10:11:33,SITE-007,Section E — Makueni Branch,347.2,3466.6,30.5,Open,SNS-008
TEL-002520,2026-06-07T00:38:52,SITE-007,Section D — Sinendet Lateral,337.6,2439.8,38.4,Open,SNS-011
TEL-003262,2026-06-20T00:09:14,SITE-001,Section A — Mombasa-Nairobi Main,371.8,3406.9,23.2,Closed,SNS-002
TEL-000268,2026-04-27T16:20:41,SITE-004,Section D — Sinendet Lateral,248.7,4409.7,23.2,Open,SNS-008
TEL-001935,2026-05-27T08:03:05,SITE-005,Section F — Kisumu Terminal Link,-13.1,2259.5,22.5,Open,SNS-011
TEL-003737,2026-06-28T13:10:06,SITE-007,Section E — Makueni Branch,408.0,4333.3,32.1,Open,SNS-002
TEL-004372,2026-07-10T20:53:43,SITE-004,Section C — Nakuru-Eldoret Extension,280.1,2481.6,23.9,Open,SNS-003
TEL-000841,2026-05-07T16:07:55,SITE-002,Section E — Makueni Branch,369.7,3184.6,28.3,Open,SNS-013
TEL-001223,2026-05-14T19:55:07,SITE-002,Section F — Kisumu Terminal Link,431.1,3281.7,28.0,Open,SNS-003
TEL-000589,2026-05-03T06:04:45,SITE-002,Section B — Nairobi-Nakuru Spur,477.4,4783.9,20.7,Open,SNS-011
TEL-000840,2026-05-07T15:57:53,SITE-006,Section E — Makueni Branch,412.8,2848.8,41.0,Open,SNS-008
TEL-000369,2026-04-29T10:46:59,SITE-004,Section A — Mombasa-Nairobi Main,445.5,,25.5,Open,SNS-012
TEL-004284,2026-07-09T05:16:52,SITE-004,Section D — Sinendet Lateral,395.1,3157.2,25.1,Open,SNS-002
TEL-003527,2026-06-24T19:08:37,SITE-003,Section C — Nakuru-Eldoret Extension,486.7,2731.0,29.8,Open,SNS-011
TEL-001616,2026-05-21T11:27:14,Eldoret  Terminal,Section D — Sinendet Lateral,440.8,2841.9,34.4,Open,SNS-007
TEL-004601,2026-07-14T16:12:46,SITE-007,Section A — Mombasa-Nairobi Main,430.1,1770.3,18.2,Closed,SNS-004
TEL-002982,2026-06-14T20:03:53,SITE-004,Section D — Sinendet Lateral,357.5,2906.0,26.8,Open,SNS-013
TEL-003284,2026-06-20T07:07:55,SITE-007,Section F — Kisumu Terminal Link,263.7,4019.3,27.3,Closed,SNS-004
TEL-002380,2026-06-04T08:29:06,SITE-001,Section B — Nairobi-Nakuru Spur,349.8,2552.2,31.7,Open,SNS-013
TEL-000909,2026-05-08T23:16:03,SITE-004,Section B — Nairobi-Nakuru Spur,416.0,3472.0,29.1,Open,SNS-014
TEL-004345,2026-07-10T04:57:50,SITE-002,Section E — Makueni Branch,414.8,2078.3,29.0,Closed,SNS-008
TEL-001298,2026-05-15T23:32:18,SITE-007,Section A — Mombasa-Nairobi Main,488.9,4178.2,27.5,Open,SNS-007
TEL-004596,2026-07-14T14:59:34,SITE-001,Section A — Mombasa-Nairobi Main,411.3,3785.0,37.2,Open,SNS-009
TEL-001219,2026-05-14T19:24:17,SITE-001,Section A — Mombasa-Nairobi Main,307.2,2961.0,25.4,Closed,SNS-005
TEL-000823,2026-05-07T10:00:46,SITE-001,Section A — Mombasa-Nairobi Main,448.0,2219.9,30.3,Closed,SNS-001
TEL-002918,2026-06-13T19:08:33,SITE-004,Section F — Kisumu Terminal Link,509.8,2163.7,23.9,Closed,SNS-012
TEL-003058,2026-06-16T13:18:34,SITE-004,Section C — Nakuru-Eldoret Extension,372.9,2520.0,34.4,Closed,SNS-011
TEL-001836,2026-05-25T05:52:05,SITE-003,Section D — Sinendet Lateral,394.0,4042.6,28.9,Open,SNS-011
TEL-004017,2026-07-04T10:43:45,SITE-002,Section C — Nakuru-Eldoret Extension,533.4,3938.9,30.8,Open,SNS-013
TEL-001946,2026-05-27T13:18:50,SITE-001,Section C — Nakuru-Eldoret Extension,352.0,2831.9,17.3,Open,SNS-008
TEL-001707,2026-05-22T22:14:29,SITE-003,Section E — Makueni Branch,402.7,2057.9,42.8,Open,SNS-005
TEL-004995,2026-07-21T22:41:54,SITE-005,Section A — Mombasa-Nairobi Main,379.4,2788.2,24.4,Closed,SNS-007
TEL-001158,2026-05-13T15:40:43,SITE-005,Section E — Makueni Branch,404.4,3096.0,31.9,Open,SNS-011
TEL-003248,2026-06-19T17:30:16,SITE-002,Section A — Mombasa-Nairobi Main,339.6,3891.7,41.5,Open,SNS-007
TEL-003709,2026-06-28T02:38:21,SITE-003,Section B — Nairobi-Nakuru Spur,361.7,2922.4,31.6,Open,SNS-008
TEL-003950,2026-07-02T21:34:56,SITE-004,Section B — Nairobi-Nakuru Spur,369.6,4787.9,29.4,Open,SNS-001
TEL-003633,2026-06-26T21:51:40,ELD Terminal,Section F — Kisumu Terminal Link,367.0,3066.0,29.0,Partially Open,SNS-009
TEL-001163,2026-05-13T18:21:53,SITE-001,Section B — Nairobi-Nakuru Spur,489.3,1881.3,41.3,Closed,SNS-001
TEL-004891,2026-07-19T14:16:02,SITE-001,Section C — Nakuru-Eldoret Extension,317.7,3085.7,21.5,Open,SNS-001
TEL-001377,2026-05-17T07:19:23,SITE-001,Section C — Nakuru-Eldoret Extension,385.0,2736.2,22.0,Closed,SNS-009
TEL-002625,2026-06-08T22:42:46,SITE-006,Section D — Sinendet Lateral,520.3,3738.1,23.9,Open,SNS-011
TEL-002686,2026-06-10T04:03:32,SITE-004,Section B — Nairobi-Nakuru Spur,272.7,4829.5,22.8,Open,SNS-011
TEL-001459,2026-05-18T17:36:42,SITE-003,Section A — Mombasa-Nairobi Main,239.7,3763.9,36.2,Closed,SNS-013
TEL-002275,2026-06-02T06:58:29,ELDORET,Section F — Kisumu Terminal Link,371.5,3513.7,29.2,Partially Open,SNS-001
TEL-001409,2026-05-17T18:30:53,SITE-004,Section F — Kisumu Terminal Link,359.5,2837.6,30.3,Partially Open,SNS-006
TEL-004028,2026-07-04T13:02:17,SITE-004,Section E — Makueni Branch,298.3,,27.2,Open,SNS-006
TEL-002904,2026-06-13T11:47:56,SITE-001,Section F — Kisumu Terminal Link,349.7,2729.1,24.4,Closed,SNS-004
TEL-001842,2026-05-25T09:56:51,SITE-001,Section F — Kisumu Terminal Link,477.4,2927.3,17.4,Partially Open,SNS-014
TEL-000435,2026-04-30T09:20:27,makueni pipeline,Section C — Nakuru-Eldoret Extension,272.3,4320.3,32.3,Closed,SNS-010
TEL-004483,2026-07-12T18:55:41,SINENDET,Section E — Makueni Branch,324.4,3383.5,36.9,Partially Open,SNS-004
TEL-001665,2026-05-22T07:39:32,SITE-001,Section A — Mombasa-Nairobi Main,562.1,3464.9,27.2,Closed,SNS-003
TEL-000585,2026-05-03T04:52:04,SITE-007,Section C — Nakuru-Eldoret Extension,345.7,3506.4,35.0,Closed,SNS-007
TEL-004112,2026-07-06T03:15:51,Sinendet  Pump Station,Section A — Mombasa-Nairobi Main,294.6,2122.0,25.4,Partially Open,SNS-007
TEL-000103,2026-04-24T16:44:14,SITE-003,Section E — Makueni Branch,306.0,2968.4,32.8,Partially Open,SNS-005
TEL-000895,2026-05-08T15:47:37,SITE-001,Section D — Sinendet Lateral,385.5,2455.4,34.3,Open,SNS-007
TEL-001521,2026-05-19T20:50:40,SITE-002,Section D — Sinendet Lateral,228.5,2894.5,20.5,Open,SNS-014
TEL-002725,2026-06-10T20:09:14,SITE-002,Section B — Nairobi-Nakuru Spur,337.4,1961.1,36.3,Open,SNS-004
TEL-003050,2026-06-16T09:49:54,SITE-004,Section F — Kisumu Terminal Link,385.8,4724.8,33.8,Closed,SNS-007
TEL-001386,2026-05-17T11:19:21,SITE-005,Section A — Mombasa-Nairobi Main,482.5,2238.7,38.7,Closed,SNS-007
TEL-000439,2026-04-30T12:13:37,SITE-002,Section D — Sinendet Lateral,327.3,2900.5,35.3,Partially Open,SNS-013
TEL-000143,2026-04-25T07:37:03,SITE-002,Section E — Makueni Branch,443.4,2231.2,24.6,Closed,SNS-001
TEL-002140,2026-05-30T20:11:06,SITE-001,Section A — Mombasa-Nairobi Main,413.5,2722.9,33.5,Partially Open,SNS-012
TEL-003624,2026-06-26T13:45:00,SITE-005,Section B — Nairobi-Nakuru Spur,372.5,3230.8,29.6,Open,SNS-007
TEL-004388,2026-07-11T00:58:44,SITE-001,Section F — Kisumu Terminal Link,418.7,1895.0,23.2,Open,SNS-013
TEL-001824,2026-05-25T02:11:07,SITE-002,Section A — Mombasa-Nairobi Main,511.3,2474.2,31.5,Closed,SNS-010
TEL-001775,2026-05-24T01:18:15,SITE-001,Section E — Makueni Branch,472.2,3936.8,31.6,Open,SNS-001
TEL-002359,2026-06-03T22:35:04,SITE-007,Section F — Kisumu Terminal Link,-24.6,2624.8,28.9,Partially Open,SNS-014
TEL-002571,2026-06-07T20:58:20,SITE-007,Section E — Makueni Branch,371.3,3229.4,32.3,Open,SNS-011
TEL-002396,2026-06-04T14:21:27,SITE-004,Section A — Mombasa-Nairobi Main,401.9,3004.3,27.1,Closed,SNS-011
TEL-003015,2026-06-15T10:31:16,SITE-006,Section A — Mombasa-Nairobi Main,351.7,3445.2,31.6,Closed,SNS-014
TEL-001135,2026-05-13T08:19:07,SITE-003,Section C — Nakuru-Eldoret Extension,540.8,3062.2,30.3,Partially Open,SNS-012
TEL-004317,2026-07-09T16:59:32,SITE-004,Section E — Makueni Branch,469.3,4410.6,31.4,Partially Open,SNS-002
TEL-003467,2026-06-23T16:58:03,SITE-003,Section F — Kisumu Terminal Link,433.5,4687.5,39.9,Open,SNS-011
TEL-001491,2026-05-19T06:04:21,SITE-005,Section D — Sinendet Lateral,380.2,3191.8,20.6,Partially Open,SNS-010
TEL-004607,2026-07-14T18:25:23,SITE-001,Section D — Sinendet Lateral,391.1,3480.5,21.7,Closed,SNS-013
TEL-003697,2026-06-27T21:41:23,SITE-002,Section A — Mombasa-Nairobi Main,473.3,3517.4,23.6,Open,SNS-003
TEL-003928,2026-07-02T11:14:15,SITE-004,Section A — Mombasa-Nairobi Main,418.8,2454.0,27.6,Open,SNS-003
TEL-001448,2026-05-18T11:24:18,Kisumu term,Section E — Makueni Branch,343.8,3370.5,28.7,Open,SNS-002
TEL-001014,2026-05-10T23:29:29,SITE-002,Section C — Nakuru-Eldoret Extension,212.2,3710.6,31.3,Partially Open,SNS-002
TEL-004779,2026-07-17T11:25:40,SITE-006,Section F — Kisumu Terminal Link,322.7,2609.8,21.0,Closed,SNS-007
TEL-004231,2026-07-08T10:27:32,SITE-007,Section A — Mombasa-Nairobi Main,390.9,3144.6,30.1,Open,SNS-010
TEL-000568,2026-05-02T23:06:51,SITE-002,Section C — Nakuru-Eldoret Extension,336.8,3255.2,28.6,Open,SNS-004
TEL-004857,2026-07-18T20:33:12,SITE-002,Section E — Makueni Branch,465.1,2864.9,32.1,Partially Open,SNS-014
TEL-002929,2026-06-13T21:38:29,SITE-001,Section A — Mombasa-Nairobi Main,448.9,2546.5,30.4,Open,SNS-013
TEL-001294,2026-05-15T23:04:47,Nairobi term,Section F — Kisumu Terminal Link,457.3,3168.5,29.2,Open,SNS-011
TEL-004044,2026-07-04T21:04:17,SITE-001,Section D — Sinendet Lateral,399.9,3346.6,41.8,Closed,SNS-003
TEL-004032,2026-07-04T14:57:31,SITE-005,Section F — Kisumu Terminal Link,404.6,4158.3,38.0,Closed,SNS-004
TEL-003871,2026-07-01T08:28:20,SITE-002,Section E — Makueni Branch,338.2,2199.7,28.3,Closed,SNS-010
TEL-004618,2026-07-14T21:28:34,SITE-002,Section D — Sinendet Lateral,397.5,3365.0,32.0,Closed,SNS-008
TEL-003044,2026-06-16T05:13:26,KISUMU,Section D — Sinendet Lateral,359.0,5000.0,28.5,Open,SNS-008
TEL-002865,2026-06-12T22:03:20,SITE-003,Section C — Nakuru-Eldoret Extension,401.2,2605.5,31.2,Open,SNS-001
TEL-000904,2026-05-08T20:01:01,SITE-004,Section E — Makueni Branch,453.0,3653.4,26.6,Partially Open,SNS-013
TEL-004631,2026-07-14T23:53:28,SITE-004,Section A — Mombasa-Nairobi Main,372.9,2332.3,30.7,Open,SNS-011
TEL-004982,2026-07-21T13:44:25,SITE-004,Section F — Kisumu Terminal Link,493.5,3783.2,32.4,Closed,SNS-005
TEL-004589,2026-07-14T11:19:39,SITE-002,Section B — Nairobi-Nakuru Spur,326.3,4390.6,23.4,Partially Open,SNS-006
TEL-000708,2026-05-05T04:51:10,SITE-006,Section B — Nairobi-Nakuru Spur,452.1,3038.9,24.0,Closed,SNS-009
TEL-004021,2026-07-04T12:00:07,SITE-006,Section C — Nakuru-Eldoret Extension,380.8,2755.6,37.9,Partially Open,SNS-008
TEL-000612,2026-05-03T14:55:31,Eldoret  Terminal,Section C — Nakuru-Eldoret Extension,413.0,1847.2,42.2,Open,SNS-013
TEL-004087,2026-07-05T14:45:49,SITE-002,Section F — Kisumu Terminal Link,369.3,3398.3,31.7,Open,SNS-009
TEL-003632,2026-06-26T21:12:13,SITE-005,Section B — Nairobi-Nakuru Spur,481.5,2697.4,27.4,Closed,SNS-001
TEL-003815,2026-06-30T04:40:38,NRB Terminal,Section C — Nakuru-Eldoret Extension,317.9,2590.1,33.2,Partially Open,SNS-011
TEL-000279,2026-04-27T22:14:42,SITE-004,Section F — Kisumu Terminal Link,,2889.7,26.8,Partially Open,SNS-012
TEL-001596,2026-05-21T04:33:23,SITE-003,Section C — Nakuru-Eldoret Extension,414.5,4146.2,22.4,Partially Open,SNS-005
TEL-002495,2026-06-06T14:58:53,SITE-004,Section A — Mombasa-Nairobi Main,440.9,3719.0,24.4,Partially Open,SNS-012
TEL-004342,2026-07-10T04:29:43,SITE-001,Section D — Sinendet Lateral,237.1,2962.1,31.1,Open,SNS-012
TEL-002392,2026-06-04T13:01:13,SITE-007,Section F — Kisumu Terminal Link,532.2,2745.2,33.4,Closed,SNS-010
TEL-002317,2026-06-03T01:02:42,SITE-002,Section A — Mombasa-Nairobi Main,386.5,3357.7,40.7,Open,SNS-004
TEL-001540,2026-05-20T03:56:36,SITE-005,Section A — Mombasa-Nairobi Main,354.4,2372.7,36.6,Closed,SNS-006
TEL-002125,2026-05-30T15:19:24,KSM Terminal,Section E — Makueni Branch,329.2,3255.6,30.7,Open,SNS-014
TEL-002985,2026-06-14T20:29:57,SITE-006,Section A — Mombasa-Nairobi Main,333.8,3170.3,34.4,Open,SNS-011
TEL-003206,2026-06-18T23:22:56,SITE-003,Section C — Nakuru-Eldoret Extension,394.4,2815.9,33.9,Open,SNS-006
TEL-001268,2026-05-15T14:15:03,SITE-002,Section D — Sinendet Lateral,559.0,2887.4,35.0,Closed,SNS-005
TEL-003635,2026-06-26T22:49:49,SITE-007,Section B — Nairobi-Nakuru Spur,450.0,4457.9,31.8,Open,SNS-009
TEL-002407,2026-06-04T21:36:31,SITE-007,Section E — Makueni Branch,374.8,3250.6,19.7,Open,SNS-013
TEL-003391,2026-06-22T04:51:51,SITE-006,Section F — Kisumu Terminal Link,493.2,3651.0,31.8,Closed,SNS-005
TEL-002167,2026-05-31T07:52:59,SITE-007,Section D — Sinendet Lateral,440.4,1791.7,42.3,Partially Open,SNS-009
TEL-003707,2026-06-28T01:09:52,SITE-003,Section B — Nairobi-Nakuru Spur,491.7,3598.2,27.6,Open,SNS-009
TEL-002642,2026-06-09T08:46:19,SITE-007,Section F — Kisumu Terminal Link,403.2,2244.4,31.0,Open,SNS-014
TEL-001074,2026-05-12T01:52:43,SITE-003,Section F — Kisumu Terminal Link,286.5,2779.5,34.9,Open,SNS-005
TEL-000340,2026-04-29T02:19:49,SITE-002,Section C — Nakuru-Eldoret Extension,481.3,2052.0,34.9,Closed,SNS-010
TEL-000974,2026-05-10T07:33:36,SITE-006,Section F — Kisumu Terminal Link,338.0,1697.2,28.6,Closed,SNS-003
TEL-003094,2026-06-17T02:44:28,SITE-001,Section C — Nakuru-Eldoret Extension,372.6,1000.0,31.4,Closed,SNS-005
TEL-003533,2026-06-24T20:41:51,SITE-004,Section E — Makueni Branch,343.3,2813.7,21.6,Open,SNS-003
TEL-001684,2026-05-22T15:02:10,Thange section,Section A — Mombasa-Nairobi Main,440.4,2543.0,26.0,Open,SNS-003
TEL-003217,2026-06-19T02:50:46,SITE-001,Section C — Nakuru-Eldoret Extension,458.0,3532.3,33.7,Closed,SNS-013
TEL-002786,2026-06-11T16:00:22,SITE-004,Section C — Nakuru-Eldoret Extension,408.2,4377.5,34.5,Closed,SNS-012
TEL-000317,2026-04-28T14:07:11,SITE-002,Section F — Kisumu Terminal Link,404.2,3404.4,21.6,Open,SNS-007
TEL-003425,2026-06-22T18:55:28,SITE-006,Section A — Mombasa-Nairobi Main,351.2,3446.2,29.0,Open,SNS-009
TEL-003794,2026-06-29T14:49:48,SITE-007,Section D — Sinendet Lateral,439.6,3293.0,26.8,Closed,SNS-011
TEL-002784,2026-06-11T14:22:04,SITE-007,Section C — Nakuru-Eldoret Extension,394.0,3632.8,26.8,Partially Open,SNS-003
TEL-001605,2026-05-21T07:31:04,SITE-004,Section D — Sinendet Lateral,426.5,2717.1,18.8,Open,SNS-008
TEL-000227,2026-04-26T23:16:44,Eldoret  Terminal,Section B — Nairobi-Nakuru Spur,453.3,3299.0,37.9,Open,SNS-008
TEL-001286,2026-05-15T20:51:24,SITE-007,Section E — Makueni Branch,504.7,3034.6,33.3,Partially Open,SNS-004
TEL-000689,2026-05-04T19:30:58,SITE-002,Section A — Mombasa-Nairobi Main,296.1,2425.8,34.4,Open,SNS-009
TEL-000666,2026-05-04T10:09:10,SITE-007,Section C — Nakuru-Eldoret Extension,353.4,3504.2,45.0,Open,SNS-002
TEL-002793,2026-06-11T19:02:30,SITE-006,Section A — Mombasa-Nairobi Main,337.0,2340.9,34.0,Closed,SNS-005
TEL-000012,2026-04-23T07:20:52,SITE-004,Section C — Nakuru-Eldoret Extension,545.6,3419.9,27.9,Partially Open,SNS-007
TEL-004125,2026-07-06T09:59:10,NKR Depot,Section B — Nairobi-Nakuru Spur,315.9,1771.0,23.3,Open,SNS-003
TEL-004928,2026-07-20T07:06:10,SITE-004,Section B — Nairobi-Nakuru Spur,302.6,1734.5,34.5,Closed,SNS-007
TEL-001666,2026-05-22T07:50:35,SITE-001,Section F — Kisumu Terminal Link,400.9,2662.6,27.6,Closed,SNS-010
TEL-004453,2026-07-12T05:43:13,SITE-005,Section F — Kisumu Terminal Link,364.1,2732.6,16.8,Open,SNS-014
TEL-004853,2026-07-18T18:47:39,ELDORET,Section C — Nakuru-Eldoret Extension,400.1,3279.8,42.2,Partially Open,SNS-005
TEL-003022,2026-06-15T18:13:49,SITE-005,Section D — Sinendet Lateral,406.3,3129.3,27.7,Open,SNS-012
TEL-004924,2026-07-20T04:22:51,SITE-005,Section F — Kisumu Terminal Link,465.3,3041.5,32.8,Closed,SNS-014
TEL-004632,2026-07-14T23:53:53,SITE-003,Section E — Makueni Branch,390.1,3000.0,36.1,Open,SNS-006
TEL-003727,2026-06-28T10:01:02,SITE-005,Section D — Sinendet Lateral,414.2,2564.8,27.8,Open,SNS-007
TEL-000558,2026-05-02T18:27:06,SITE-007,Section B — Nairobi-Nakuru Spur,433.2,2611.9,19.7,Closed,SNS-010
TEL-003109,2026-06-17T10:03:08,SITE-002,Section D — Sinendet Lateral,355.7,3260.3,28.8,Closed,SNS-002
TEL-003783,2026-06-29T12:17:01,SITE-005,Section C — Nakuru-Eldoret Extension,388.8,3506.2,30.0,Open,SNS-003
TEL-004094,2026-07-05T19:51:45,SITE-002,Section F — Kisumu Terminal Link,563.0,3581.9,29.2,Open,SNS-010
TEL-000498,2026-05-01T16:58:19,SITE-004,Section D — Sinendet Lateral,450.5,1463.7,22.4,Open,SNS-007
TEL-001702,2026-05-22T20:31:14,SITE-002,Section E — Makueni Branch,442.9,1999.4,39.8,Open,SNS-011
TEL-000625,2026-05-03T18:35:21,MSA Terminal,Section E — Makueni Branch,549.2,3175.4,36.8,Closed,SNS-005
TEL-001854,2026-05-25T14:41:29,SITE-004,Section C — Nakuru-Eldoret Extension,456.6,2099.7,29.8,Partially Open,SNS-005
TEL-002772,2026-06-11T10:34:31,SITE-007,Section E — Makueni Branch,503.6,1638.3,19.5,Partially Open,SNS-002
TEL-004183,2026-07-07T14:24:56,SITE-007,Section A — Mombasa-Nairobi Main,361.5,2730.0,36.0,Partially Open,SNS-005
TEL-002988,2026-06-14T22:15:00,SITE-003,Section A — Mombasa-Nairobi Main,,2101.0,32.3,Closed,SNS-012
TEL-002881,2026-06-13T02:30:31,SITE-001,Section D — Sinendet Lateral,399.0,2652.2,24.9,Partially Open,SNS-010
TEL-002936,2026-06-14T00:33:04,SITE-002,Section B — Nairobi-Nakuru Spur,467.5,2861.6,16.3,Open,SNS-007
TEL-000779,2026-05-06T16:06:14,SITE-006,Section C — Nakuru-Eldoret Extension,448.6,3205.5,28.0,Open,SNS-006
TEL-004530,2026-07-13T14:53:23,SITE-001,Section A — Mombasa-Nairobi Main,438.6,2531.2,18.9,Open,SNS-011
TEL-003542,2026-06-25T00:07:09,SITE-004,Section D — Sinendet Lateral,403.5,4036.5,37.5,Closed,SNS-013
TEL-001732,2026-05-23T05:07:48,SITE-002,Section E — Makueni Branch,560.0,2535.3,27.4,Open,SNS-002
TEL-000570,2026-05-03T00:04:31,SITE-003,Section C — Nakuru-Eldoret Extension,280.6,3779.5,36.2,Open,SNS-008
TEL-001544,2026-05-20T05:21:38,Nakuru  Depot,Section D — Sinendet Lateral,275.2,2596.8,20.1,Closed,SNS-001
TEL-003763,2026-06-29T04:19:18,SITE-001,Section C — Nakuru-Eldoret Extension,433.6,2815.7,25.0,Partially Open,SNS-013
TEL-002677,2026-06-10T00:52:37,SITE-006,Section E — Makueni Branch,273.3,1000.0,25.5,Closed,SNS-013
TEL-004031,2026-07-04T14:48:20,Nairobi term,Section D — Sinendet Lateral,380.3,2624.0,23.7,Open,SNS-011
TEL-002636,2026-06-09T06:15:21,SITE-003,Section D — Sinendet Lateral,402.7,3198.2,25.2,Open,SNS-013
TEL-000695,2026-05-04T21:58:12,SITE-006,Section D — Sinendet Lateral,529.2,3462.1,32.7,Closed,SNS-004
TEL-002751,2026-06-11T03:15:34,SITE-006,Section F — Kisumu Terminal Link,1408.8,3374.1,29.6,Closed,SNS-008
TEL-004660,2026-07-15T12:36:58,SITE-004,Section C — Nakuru-Eldoret Extension,268.7,2955.8,24.9,Open,SNS-002
TEL-000830,2026-05-07T11:38:22,SITE-003,Section D — Sinendet Lateral,512.2,5000.0,22.9,Open,SNS-006
TEL-001719,2026-05-23T02:15:06,SITE-006,Section E — Makueni Branch,429.3,4040.2,34.2,Closed,SNS-011
TEL-003458,2026-06-23T12:58:03,SITE-007,Section A — Mombasa-Nairobi Main,373.6,3617.8,22.1,Open,SNS-010
TEL-001452,2026-05-18T14:03:20,SITE-007,Section E — Makueni Branch,282.0,1918.8,25.7,Partially Open,SNS-007
TEL-001804,2026-05-24T15:56:51,SITE-003,Section C — Nakuru-Eldoret Extension,351.4,2357.3,41.0,Open,SNS-002
TEL-004020,2026-07-04T11:24:14,SITE-001,Section E — Makueni Branch,514.5,3382.0,29.9,Closed,SNS-006
TEL-000853,2026-05-07T21:12:57,SITE-007,Section D — Sinendet Lateral,334.5,2463.1,28.2,Open,SNS-006
TEL-001969,2026-05-27T22:05:08,SITE-005,Section B — Nairobi-Nakuru Spur,338.6,,36.3,Closed,SNS-008
TEL-003102,2026-06-17T06:53:14,Kisumu term,Section F — Kisumu Terminal Link,389.8,3890.3,34.3,Open,SNS-004
TEL-002277,2026-06-02T07:47:01,SITE-001,Section A — Mombasa-Nairobi Main,274.1,3056.1,35.4,Closed,SNS-004
TEL-003997,2026-07-04T00:13:50,SITE-003,Section D — Sinendet Lateral,287.4,3016.6,32.4,Closed,SNS-010
TEL-003342,2026-06-21T08:19:46,SITE-006,Section E — Makueni Branch,365.3,2010.2,37.4,Closed,SNS-001
TEL-002009,2026-05-28T13:22:30,SITE-003,Section E — Makueni Branch,514.4,3021.4,24.6,Closed,SNS-007
TEL-004103,2026-07-05T23:04:01,SITE-007,Section C — Nakuru-Eldoret Extension,391.1,2650.0,33.9,Open,SNS-013
TEL-004768,2026-07-17T06:03:48,Eldoret term,Section C — Nakuru-Eldoret Extension,363.7,1484.1,32.0,Partially Open,SNS-003
TEL-003619,2026-06-26T12:27:40,SITE-002,Section B — Nairobi-Nakuru Spur,353.0,1862.5,25.2,Open,SNS-010
TEL-000391,2026-04-29T16:32:49,NAKURU,Section B — Nairobi-Nakuru Spur,398.5,3242.6,35.8,Open,SNS-002
TEL-004851,2026-07-18T18:13:46,SITE-002,Section F — Kisumu Terminal Link,362.9,2794.2,34.1,Open,SNS-003
TEL-003221,2026-06-19T04:07:41,SITE-002,Section E — Makueni Branch,312.9,,16.3,Open,SNS-006
TEL-002066,2026-05-29T14:18:34,SITE-007,Section E — Makueni Branch,406.5,2453.3,31.0,Open,SNS-010
TEL-004261,2026-07-08T20:18:59,SITE-002,Section C — Nakuru-Eldoret Extension,345.2,1000.0,24.6,Closed,SNS-007
TEL-004703,2026-07-16T02:32:40,SITE-004,Section C — Nakuru-Eldoret Extension,343.7,2536.7,28.2,Closed,SNS-006
TEL-002834,2026-06-12T07:55:42,mombasa terminal,Section A — Mombasa-Nairobi Main,488.9,2574.7,37.9,Partially Open,SNS-005
TEL-003460,2026-06-23T13:05:14,SITE-007,Section E — Makueni Branch,266.1,3961.9,29.8,Partially Open,SNS-006
TEL-004313,2026-07-09T14:41:27,SITE-001,Section D — Sinendet Lateral,424.5,2825.1,32.7,Closed,SNS-012
TEL-001812,2026-05-24T19:45:40,SITE-005,Section B — Nairobi-Nakuru Spur,,2145.1,38.1,Open,SNS-014
TEL-002723,2026-06-10T19:46:56,SITE-002,Section F — Kisumu Terminal Link,273.4,3763.2,30.6,Partially Open,SNS-009
TEL-003806,2026-06-29T22:21:59,SITE-001,Section A — Mombasa-Nairobi Main,484.2,3662.5,27.5,Open,SNS-007
TEL-001259,2026-05-15T10:15:59,SITE-002,Section A — Mombasa-Nairobi Main,399.5,3177.1,40.1,Open,SNS-003
TEL-003139,2026-06-17T19:17:39,nakuru depot,Section B — Nairobi-Nakuru Spur,294.8,3296.3,34.7,Open,SNS-007
TEL-004855,2026-07-18T19:30:27,SITE-007,Section B — Nairobi-Nakuru Spur,458.6,4228.7,20.1,Open,SNS-007
TEL-001603,2026-05-21T07:06:44,SITE-006,Section F — Kisumu Terminal Link,476.2,1662.8,28.9,Closed,SNS-008
TEL-002398,2026-06-04T15:55:08,SITE-006,Section F — Kisumu Terminal Link,458.5,3607.5,32.6,Closed,SNS-003
TEL-003887,2026-07-01T14:58:21,SITE-002,Section D — Sinendet Lateral,329.5,3480.8,32.4,Closed,SNS-011
TEL-002746,2026-06-11T01:33:29,SITE-005,Section D — Sinendet Lateral,335.5,2307.5,40.5,Open,SNS-006
TEL-004769,2026-07-17T06:16:04,SITE-004,Section B — Nairobi-Nakuru Spur,371.7,3162.9,26.0,Closed,SNS-006
TEL-002997,2026-06-15T02:14:57,SITE-005,Section B — Nairobi-Nakuru Spur,321.3,1358.4,36.8,Open,SNS-003
TEL-000940,2026-05-09T15:13:38,SITE-001,Section F — Kisumu Terminal Link,313.1,3358.2,30.9,Partially Open,SNS-001
TEL-002545,2026-06-07T09:46:28,KSM Terminal,Section B — Nairobi-Nakuru Spur,427.3,3253.6,28.0,Partially Open,SNS-011
TEL-001872,2026-05-25T22:25:57,SITE-006,Section E — Makueni Branch,278.6,2822.7,42.6,Open,SNS-001
TEL-002664,2026-06-09T15:49:14,SITE-006,Section E — Makueni Branch,324.2,2400.7,18.7,Closed,SNS-002
TEL-001850,2026-05-25T11:38:07,SITE-005,Section B — Nairobi-Nakuru Spur,462.1,1000.0,24.5,Partially Open,SNS-014
TEL-002926,2026-06-13T21:07:03,SITE-004,Section F — Kisumu Terminal Link,578.3,1457.9,33.2,Open,SNS-005
TEL-004043,2026-07-04T20:51:21,SITE-003,Section B — Nairobi-Nakuru Spur,377.2,3821.4,43.6,Open,SNS-005
TEL-003239,2026-06-19T13:00:34,SITE-002,Section F — Kisumu Terminal Link,410.0,3318.2,24.5,Open,SNS-008
TEL-002931,2026-06-13T22:54:17,SITE-002,Section A — Mombasa-Nairobi Main,315.2,3903.0,29.6,Closed,SNS-003
TEL-000147,2026-04-25T10:05:27,SITE-003,Section D — Sinendet Lateral,425.7,2852.9,34.0,Open,SNS-004
TEL-003530,2026-06-24T19:37:06,SITE-005,Section A — Mombasa-Nairobi Main,418.7,2113.6,15.6,Partially Open,SNS-009
TEL-004659,2026-07-15T12:22:50,SITE-004,Section F — Kisumu Terminal Link,431.6,1530.4,23.1,Open,SNS-006
TEL-001750,2026-05-23T15:06:08,Nairobi term,Section B — Nairobi-Nakuru Spur,349.2,3164.9,31.8,Closed,SNS-002
TEL-000267,2026-04-27T16:12:59,Mombasa term,Section E — Makueni Branch,513.9,2293.8,28.3,Open,SNS-012
TEL-003149,2026-06-17T22:54:56,Mombasa  Terminal,Section B — Nairobi-Nakuru Spur,477.4,3236.6,31.0,Closed,SNS-009
TEL-002707,2026-06-10T12:40:20,SITE-006,Section A — Mombasa-Nairobi Main,355.9,2057.4,29.8,Partially Open,SNS-010
TEL-001790,2026-05-24T08:28:39,SITE-001,Section D — Sinendet Lateral,422.8,3995.0,27.8,Open,SNS-014
TEL-000620,2026-05-03T16:27:23,SITE-004,Section F — Kisumu Terminal Link,518.4,3477.1,20.2,Open,SNS-003
TEL-003336,2026-06-21T05:12:44,SITE-007,Section F — Kisumu Terminal Link,400.8,2543.5,31.3,Open,SNS-006
TEL-003369,2026-06-21T16:39:35,SITE-006,Section C — Nakuru-Eldoret Extension,235.3,2782.4,42.1,Closed,SNS-013
TEL-002094,2026-05-30T02:56:25,SITE-007,Section B — Nairobi-Nakuru Spur,277.9,2499.3,21.8,Partially Open,SNS-007
TEL-000665,2026-05-04T09:01:56,SITE-001,Section C — Nakuru-Eldoret Extension,340.5,2325.7,28.7,Open,SNS-007
TEL-003768,2026-06-29T06:01:41,SITE-003,Section B — Nairobi-Nakuru Spur,462.3,4141.5,27.0,Partially Open,SNS-001
TEL-003301,2026-06-20T11:53:56,SITE-006,Section D — Sinendet Lateral,454.8,,31.3,Closed,SNS-004
TEL-003111,2026-06-17T10:29:36,SITE-003,Section B — Nairobi-Nakuru Spur,543.1,3095.0,26.9,Open,SNS-005
TEL-000684,2026-05-04T17:48:25,SITE-006,Section A — Mombasa-Nairobi Main,344.8,2447.8,40.7,Partially Open,SNS-013
TEL-001485,2026-05-19T04:15:53,SITE-004,Section B — Nairobi-Nakuru Spur,377.8,2113.7,38.6,Partially Open,SNS-009
TEL-000858,2026-05-07T23:40:54,NAKURU,Section D — Sinendet Lateral,463.0,3735.0,32.0,Open,SNS-009
TEL-000478,2026-05-01T06:40:16,SITE-004,Section B — Nairobi-Nakuru Spur,394.1,2822.8,33.2,Closed,SNS-011
TEL-004348,2026-07-10T07:05:20,SITE-001,Section A — Mombasa-Nairobi Main,317.7,4020.9,24.4,Closed,SNS-002
TEL-004664,2026-07-15T13:23:13,SITE-002,Section C — Nakuru-Eldoret Extension,475.3,3021.8,34.9,Closed,SNS-005
TEL-004722,2026-07-16T12:09:17,SITE-004,Section B — Nairobi-Nakuru Spur,363.8,3312.1,27.3,Partially Open,SNS-010
TEL-000834,2026-05-07T13:15:45,SITE-005,Section E — Makueni Branch,332.8,2844.8,27.5,Closed,SNS-007
TEL-003243,2026-06-19T14:04:50,SITE-005,Section C — Nakuru-Eldoret Extension,399.8,3440.3,34.4,Closed,SNS-013
TEL-002497,2026-06-06T16:22:16,SITE-006,Section C — Nakuru-Eldoret Extension,291.5,3052.1,28.7,Open,SNS-009
TEL-003821,2026-06-30T08:18:02,SITE-005,Section C — Nakuru-Eldoret Extension,404.4,2467.1,26.2,Closed,SNS-013
TEL-001945,2026-05-27T11:22:13,SITE-003,Section B — Nairobi-Nakuru Spur,389.1,4256.2,25.1,Open,SNS-010
TEL-003921,2026-07-02T08:25:07,SITE-001,Section B — Nairobi-Nakuru Spur,264.5,2640.0,30.5,Closed,SNS-009
TEL-003700,2026-06-27T22:57:13,SITE-006,Section F — Kisumu Terminal Link,251.3,2708.3,38.8,Partially Open,SNS-012
TEL-003807,2026-06-29T23:25:23,SITE-006,Section F — Kisumu Terminal Link,321.6,2426.4,28.9,Partially Open,SNS-008
TEL-002339,2026-06-03T14:32:24,KSM Terminal,Section C — Nakuru-Eldoret Extension,436.5,4363.4,22.6,Open,SNS-011
TEL-000977,2026-05-10T08:39:40,SITE-007,Section F — Kisumu Terminal Link,502.7,2456.3,32.0,Partially Open,SNS-004
TEL-003515,2026-06-24T13:35:08,SITE-003,Section A — Mombasa-Nairobi Main,464.7,2254.8,35.1,Closed,SNS-002
TEL-001077,2026-05-12T03:10:16,SITE-007,Section D — Sinendet Lateral,525.4,1950.3,27.8,Closed,SNS-014
TEL-000423,2026-04-30T05:15:54,SITE-001,Section E — Makueni Branch,292.8,3925.0,18.2,Open,SNS-005
TEL-001142,2026-05-13T10:24:02,SITE-001,Section C — Nakuru-Eldoret Extension,440.6,1793.4,18.7,Closed,SNS-010
TEL-000180,2026-04-26T05:27:30,SITE-001,Section A — Mombasa-Nairobi Main,495.5,3123.3,28.8,Closed,SNS-009
TEL-000868,2026-05-08T05:55:41,SITE-002,Section F — Kisumu Terminal Link,457.6,2873.5,22.7,Open,SNS-004
TEL-002205,2026-06-01T01:31:18,SITE-001,Section B — Nairobi-Nakuru Spur,383.3,3942.2,28.7,Open,SNS-014
TEL-003232,2026-06-19T08:52:09,SITE-007,Section A — Mombasa-Nairobi Main,331.1,3891.6,28.1,Closed,SNS-003
TEL-002531,2026-06-07T05:00:54,SITE-002,Section B — Nairobi-Nakuru Spur,416.2,2822.4,24.1,Closed,SNS-003
TEL-002071,2026-05-29T16:20:53,SITE-001,Section A — Mombasa-Nairobi Main,391.1,2654.3,30.6,Closed,SNS-004
TEL-003577,2026-06-25T15:30:31,SITE-003,Section D — Sinendet Lateral,510.3,3398.5,23.0,Open,SNS-001
TEL-000310,2026-04-28T12:19:37,SITE-003,Section D — Sinendet Lateral,511.3,2900.4,28.3,Partially Open,SNS-001
TEL-003368,2026-06-21T16:34:47,SITE-005,Section E — Makueni Branch,439.2,2862.2,31.1,Open,SNS-013
TEL-003315,2026-06-20T21:26:38,SITE-002,Section F — Kisumu Terminal Link,510.6,,43.3,Open,SNS-001
TEL-001024,2026-05-11T04:23:29,SITE-007,Section A — Mombasa-Nairobi Main,297.5,2570.2,27.3,Partially Open,SNS-002
TEL-001697,2026-05-22T18:45:30,SITE-006,Section F — Kisumu Terminal Link,459.8,2906.7,33.8,Closed,SNS-013
TEL-002112,2026-05-30T07:22:58,SITE-005,Section F — Kisumu Terminal Link,420.7,4471.3,31.8,Open,SNS-010
TEL-002211,2026-06-01T04:00:24,SITE-006,Section E — Makueni Branch,357.6,3176.1,32.6,Partially Open,SNS-010
TEL-000939,2026-05-09T14:15:24,SITE-001,Section D — Sinendet Lateral,350.6,3547.6,31.0,Open,SNS-008
TEL-001011,2026-05-10T23:05:30,SITE-007,Section E — Makueni Branch,402.7,3182.1,31.5,Closed,SNS-013
TEL-002330,2026-06-03T09:13:24,SITE-002,Section F — Kisumu Terminal Link,483.9,3264.4,24.5,Open,SNS-004
TEL-003751,2026-06-28T20:00:30,SITE-001,Section C — Nakuru-Eldoret Extension,404.3,3834.0,24.0,Open,SNS-002
TEL-003929,2026-07-02T12:10:32,SITE-002,Section B — Nairobi-Nakuru Spur,427.4,3783.7,35.2,Open,SNS-011
TEL-003803,2026-06-29T18:47:53,SITE-007,Section D — Sinendet Lateral,373.7,2656.3,35.9,Closed,SNS-011
TEL-003661,2026-06-27T08:56:50,SITE-001,Section A — Mombasa-Nairobi Main,446.3,2984.0,34.2,Partially Open,SNS-014
TEL-004684,2026-07-15T20:03:05,nairobi terminal,Section F — Kisumu Terminal Link,438.4,2601.9,45.0,Closed,SNS-001
TEL-000414,2026-04-30T01:28:16,SITE-003,Section A — Mombasa-Nairobi Main,390.6,3720.0,32.8,Open,SNS-010
TEL-000734,2026-05-05T16:06:45,SITE-003,Section C — Nakuru-Eldoret Extension,409.4,3513.0,34.3,Closed,SNS-013
TEL-004640,2026-07-15T01:59:18,SITE-007,Section A — Mombasa-Nairobi Main,510.4,2900.5,34.2,Open,SNS-014
TEL-004666,2026-07-15T13:59:47,SITE-007,Section E — Makueni Branch,408.7,1917.9,35.0,Open,SNS-014
TEL-002447,2026-06-05T13:08:28,SITE-005,Section F — Kisumu Terminal Link,398.0,3261.0,23.4,Open,SNS-011
TEL-001486,2026-05-19T04:29:10,SITE-002,Section E — Makueni Branch,,3487.7,28.8,Closed,SNS-006
TEL-001161,2026-05-13T18:00:48,SITE-002,Section D — Sinendet Lateral,269.8,3537.3,30.4,Partially Open,SNS-003
TEL-002320,2026-06-03T04:28:01,SITE-002,Section F — Kisumu Terminal Link,463.3,3718.4,32.1,Partially Open,SNS-008
TEL-004512,2026-07-13T08:28:26,SITE-001,Section F — Kisumu Terminal Link,405.3,4101.5,35.4,Closed,SNS-009
TEL-001607,2026-05-21T07:52:22,SITE-007,Section A — Mombasa-Nairobi Main,333.7,1664.0,36.7,Closed,SNS-009
TEL-000966,2026-05-10T02:35:53,SITE-007,Section E — Makueni Branch,333.2,3873.5,30.7,Open,SNS-002
TEL-001889,2026-05-26T05:42:43,SITE-004,Section A — Mombasa-Nairobi Main,299.2,3199.1,31.4,Open,SNS-005
TEL-000987,2026-05-10T12:31:30,SITE-003,Section D — Sinendet Lateral,1301.6,2741.2,21.8,Open,SNS-002
TEL-002282,2026-06-02T09:32:56,nakuru depot,Section D — Sinendet Lateral,272.2,2785.6,29.3,Open,SNS-008
TEL-002127,2026-05-30T15:31:59,SITE-002,Section D — Sinendet Lateral,448.2,1840.8,24.2,Open,SNS-006
TEL-000458,2026-04-30T19:54:47,SITE-007,Section C — Nakuru-Eldoret Extension,600.0,3330.3,34.1,Open,SNS-011
TEL-002643,2026-06-09T09:46:15,Eldoret  Terminal,Section A — Mombasa-Nairobi Main,387.1,3897.8,24.6,Open,SNS-012
TEL-003582,2026-06-25T18:06:08,SITE-002,Section C — Nakuru-Eldoret Extension,390.7,4177.6,36.3,Partially Open,SNS-004
TEL-002590,2026-06-08T07:48:10,KISUMU,Section A — Mombasa-Nairobi Main,358.2,3047.4,33.8,Closed,SNS-007
TEL-000862,2026-05-08T02:18:24,SITE-002,Section D — Sinendet Lateral,551.8,2132.5,31.9,Open,SNS-007
TEL-001525,2026-05-19T22:14:05,SITE-006,Section C — Nakuru-Eldoret Extension,355.7,4191.2,29.5,Closed,SNS-007
TEL-003208,2026-06-18T23:53:47,SITE-005,Section C — Nakuru-Eldoret Extension,314.6,2146.3,37.6,Partially Open,SNS-011
TEL-002342,2026-06-03T15:06:31,SITE-005,Section E — Makueni Branch,331.7,2133.1,27.1,Open,SNS-014
TEL-002252,2026-06-01T23:14:07,kisumu terminal,Section C — Nakuru-Eldoret Extension,325.7,4006.2,34.3,Open,SNS-002
TEL-002479,2026-06-06T06:45:39,SITE-006,Section E — Makueni Branch,378.8,2470.3,24.0,Open,SNS-007
TEL-001355,2026-05-17T01:36:09,SITE-003,Section C — Nakuru-Eldoret Extension,454.9,3212.8,43.9,Open,SNS-010
TEL-000151,2026-04-25T13:50:28,SITE-003,Section E — Makueni Branch,412.6,3433.4,31.6,Closed,SNS-006
TEL-003855,2026-06-30T23:18:35,SITE-006,Section C — Nakuru-Eldoret Extension,485.5,1560.3,31.0,Open,SNS-002
TEL-000807,2026-05-07T05:34:06,SITE-001,Section B — Nairobi-Nakuru Spur,460.3,4314.6,30.5,Closed,SNS-013
TEL-004944,2026-07-20T16:25:31,NAKURU,Section B — Nairobi-Nakuru Spur,509.0,3529.8,20.6,Open,SNS-006
TEL-003612,2026-06-26T08:35:42,SITE-001,Section A — Mombasa-Nairobi Main,398.7,3496.8,20.5,Open,SNS-006
TEL-000872,2026-05-08T06:54:17,Nairobi  Terminal,Section F — Kisumu Terminal Link,451.3,4081.0,20.3,Open,SNS-006
TEL-003671,2026-06-27T12:48:24,SITE-007,Section E — Makueni Branch,456.3,3524.3,29.0,Closed,SNS-009
TEL-004782,2026-07-17T11:58:59,SITE-004,Section D — Sinendet Lateral,465.4,3010.0,36.8,Partially Open,SNS-009
TEL-000756,2026-05-06T04:00:48,SITE-004,Section E — Makueni Branch,453.6,2771.4,30.1,Open,SNS-010
TEL-002195,2026-05-31T22:11:56,SITE-007,Section C — Nakuru-Eldoret Extension,360.5,3101.7,28.2,Partially Open,SNS-014
TEL-000436,2026-04-30T11:02:48,SITE-006,Section D — Sinendet Lateral,428.7,1737.1,26.2,Open,SNS-007
TEL-002768,2026-06-11T09:02:57,SITE-002,Section B — Nairobi-Nakuru Spur,436.9,3519.4,32.9,Open,SNS-005
TEL-004499,2026-07-13T01:56:13,SITE-002,Section A — Mombasa-Nairobi Main,309.6,3599.6,24.9,Partially Open,SNS-013
TEL-002424,2026-06-05T04:55:04,SITE-001,Section C — Nakuru-Eldoret Extension,241.7,3588.9,28.8,Closed,SNS-006
TEL-001310,2026-05-16T03:14:01,SITE-003,Section E — Makueni Branch,398.8,1711.6,33.5,Open,SNS-009
TEL-002665,2026-06-09T15:57:01,SITE-004,Section E — Makueni Branch,383.5,2574.1,31.4,Closed,SNS-013
TEL-002422,2026-06-05T03:35:43,nairobi terminal,Section D — Sinendet Lateral,427.6,2188.5,29.9,Open,SNS-004
TEL-003314,2026-06-20T20:06:19,SITE-002,Section D — Sinendet Lateral,317.5,2380.1,32.0,Closed,SNS-010
TEL-004828,2026-07-18T07:50:40,SITE-006,Section E — Makueni Branch,396.9,2285.5,25.7,Open,SNS-008
TEL-001998,2026-05-28T08:02:11,SITE-002,Section D — Sinendet Lateral,410.6,2484.1,28.8,Open,SNS-007
TEL-003155,2026-06-18T01:58:46,SITE-001,Section B — Nairobi-Nakuru Spur,550.0,4537.1,27.6,Open,SNS-006
TEL-000600,2026-05-03T10:38:26,SITE-003,Section D — Sinendet Lateral,428.9,2572.9,24.0,Closed,SNS-007
TEL-004182,2026-07-07T14:00:18,SITE-007,Section E — Makueni Branch,513.8,3367.8,24.3,Closed,SNS-003
TEL-004022,2026-07-04T12:00:17,SITE-003,Section E — Makueni Branch,425.2,2776.7,28.6,Open,SNS-012
TEL-000132,2026-04-25T02:52:19,SITE-006,Section C — Nakuru-Eldoret Extension,360.6,3505.2,28.3,Partially Open,SNS-002
TEL-003417,2026-06-22T15:35:59,KISUMU,Section B — Nairobi-Nakuru Spur,389.5,2650.5,27.5,Closed,SNS-001
TEL-004683,2026-07-15T19:41:37,SITE-003,Section D — Sinendet Lateral,335.9,3915.5,30.3,Open,SNS-002
TEL-003045,2026-06-16T06:38:37,SITE-001,Section E — Makueni Branch,522.3,2868.7,29.1,Open,SNS-006
TEL-000523,2026-05-02T01:40:31,SITE-003,Section D — Sinendet Lateral,310.3,3171.1,21.8,Partially Open,SNS-003
TEL-001275,2026-05-15T16:38:14,SITE-005,Section C — Nakuru-Eldoret Extension,419.2,3277.0,17.4,Open,SNS-003
TEL-001799,2026-05-24T13:21:14,SITE-005,Section C — Nakuru-Eldoret Extension,,3447.5,45.0,Partially Open,SNS-006
TEL-003566,2026-06-25T11:51:46,SITE-006,Section B — Nairobi-Nakuru Spur,341.3,3397.9,35.1,Closed,SNS-006
TEL-000588,2026-05-03T06:02:19,Nairobi term,Section A — Mombasa-Nairobi Main,543.9,3774.1,31.4,Partially Open,SNS-005
TEL-004646,2026-07-15T07:12:11,SITE-002,Section F — Kisumu Terminal Link,357.8,4045.4,36.9,Open,SNS-014
TEL-003753,2026-06-28T22:05:09,SITE-004,Section D — Sinendet Lateral,268.9,2244.2,42.9,Open,SNS-003
TEL-002486,2026-06-06T12:14:38,SITE-005,Section B — Nairobi-Nakuru Spur,492.0,2958.0,29.6,Closed,SNS-003
TEL-003353,2026-06-21T12:16:03,SITE-006,Section D — Sinendet Lateral,432.8,3292.1,17.4,Closed,SNS-001
TEL-004951,2026-07-20T22:20:11,SITE-004,Section C — Nakuru-Eldoret Extension,472.4,2509.4,44.2,Closed,SNS-002
TEL-000122,2026-04-24T22:09:22,SITE-001,Section B — Nairobi-Nakuru Spur,502.7,3834.1,27.3,Open,SNS-002
TEL-004725,2026-07-16T13:11:44,SITE-004,Section D — Sinendet Lateral,417.7,3111.1,38.5,Open,SNS-004
TEL-001160,2026-05-13T17:15:59,NRB Terminal,Section B — Nairobi-Nakuru Spur,224.7,2111.8,28.8,Closed,SNS-007
TEL-001054,2026-05-11T16:46:42,SITE-002,Section A — Mombasa-Nairobi Main,406.8,3741.0,27.4,Open,SNS-011
TEL-000721,2026-05-05T11:47:21,SITE-004,Section E — Makueni Branch,283.4,3950.9,20.7,Partially Open,SNS-014
TEL-002387,2026-06-04T11:41:31,Thange section,Section C — Nakuru-Eldoret Extension,425.9,3614.8,34.5,Open,SNS-011
TEL-003861,2026-07-01T03:17:08,SITE-004,Section B — Nairobi-Nakuru Spur,459.5,2101.7,33.0,Open,SNS-007
TEL-003213,2026-06-19T02:27:52,NAKURU,Section F — Kisumu Terminal Link,488.6,2690.3,24.6,Open,SNS-011
TEL-004598,2026-07-14T15:11:54,SITE-007,Section F — Kisumu Terminal Link,326.5,3608.8,35.3,Open,SNS-013
TEL-003341,2026-06-21T08:19:33,SITE-001,Section D — Sinendet Lateral,489.0,3223.8,24.9,Closed,SNS-013
TEL-001720,2026-05-23T02:21:11,NKR Depot,Section F — Kisumu Terminal Link,497.8,2779.1,35.2,Closed,SNS-011
TEL-003068,2026-06-16T17:34:33,SINENDET,Section D — Sinendet Lateral,354.2,3595.2,29.4,Closed,SNS-014
TEL-004429,2026-07-11T22:55:07,Eldoret term,Section A — Mombasa-Nairobi Main,400.1,3922.0,17.8,Closed,SNS-013
TEL-004347,2026-07-10T06:29:43,SITE-007,Section C — Nakuru-Eldoret Extension,365.3,2693.2,29.5,Closed,SNS-011
TEL-002860,2026-06-12T20:09:26,SITE-003,Section C — Nakuru-Eldoret Extension,407.4,2583.4,23.0,Partially Open,SNS-003
TEL-003741,2026-06-28T14:07:01,SITE-005,Section C — Nakuru-Eldoret Extension,354.6,3379.9,26.3,Closed,SNS-012
TEL-004785,2026-07-17T13:36:51,ELD Terminal,Section A — Mombasa-Nairobi Main,392.0,3394.8,18.5,Closed,SNS-010
TEL-003438,2026-06-23T02:43:16,SITE-007,Section D — Sinendet Lateral,333.5,1904.9,28.3,Open,SNS-010
TEL-000481,2026-05-01T08:49:54,SITE-001,Section A — Mombasa-Nairobi Main,255.1,3245.2,44.0,Open,SNS-012
TEL-000036,2026-04-23T16:02:23,Kisumu  Terminal,Section F — Kisumu Terminal Link,405.4,2155.1,18.0,Open,SNS-005
TEL-000544,2026-05-02T13:03:56,SITE-006,Section A — Mombasa-Nairobi Main,327.0,2849.3,30.7,Open,SNS-006
TEL-002352,2026-06-03T18:42:02,SITE-003,Section A — Mombasa-Nairobi Main,555.3,3753.9,31.8,Closed,SNS-004
TEL-004136,2026-07-06T12:48:21,SITE-001,Section C — Nakuru-Eldoret Extension,252.4,3963.0,30.3,Open,SNS-001
TEL-002884,2026-06-13T03:34:50,SITE-005,Section F — Kisumu Terminal Link,363.9,2929.2,25.9,Open,SNS-013
TEL-004817,2026-07-18T02:56:39,SITE-005,Section B — Nairobi-Nakuru Spur,559.6,4331.6,27.8,Partially Open,SNS-008
TEL-004844,2026-07-18T15:24:29,SITE-006,Section B — Nairobi-Nakuru Spur,418.5,3241.9,39.2,Partially Open,SNS-004
TEL-000844,2026-05-07T17:12:21,Sinendet PS,Section E — Makueni Branch,437.4,4299.3,35.7,Partially Open,SNS-012
TEL-001089,2026-05-12T07:58:54,SITE-003,Section E — Makueni Branch,465.9,1759.4,30.3,Closed,SNS-010
TEL-002544,2026-06-07T09:31:11,SITE-005,Section E — Makueni Branch,308.2,4026.9,25.8,Open,SNS-005
TEL-001794,2026-05-24T09:32:49,SITE-004,Section B — Nairobi-Nakuru Spur,389.1,1794.0,35.1,Open,SNS-001
TEL-004365,2026-07-10T16:09:44,SITE-005,Section C — Nakuru-Eldoret Extension,555.6,2607.8,,Partially Open,SNS-011
TEL-002129,2026-05-30T16:15:46,SITE-002,Section C — Nakuru-Eldoret Extension,383.0,2712.4,31.5,Open,SNS-011
TEL-003408,2026-06-22T12:33:38,SITE-002,Section E — Makueni Branch,386.6,3452.2,25.1,Open,SNS-013
TEL-001235,2026-05-14T23:49:29,SITE-006,Section F — Kisumu Terminal Link,443.1,3211.1,24.8,Closed,SNS-006
TEL-000657,2026-05-04T07:14:33,SITE-005,Section F — Kisumu Terminal Link,381.9,2846.0,30.7,Partially Open,SNS-012
TEL-002268,2026-06-02T05:05:03,Mombasa  Terminal,Section A — Mombasa-Nairobi Main,400.3,2289.3,26.8,Open,SNS-013
TEL-004981,2026-07-21T12:44:51,SITE-007,Section F — Kisumu Terminal Link,384.6,4605.3,27.5,Open,SNS-003
TEL-003738,2026-06-28T13:32:43,SITE-002,Section F — Kisumu Terminal Link,362.1,3682.6,34.0,Closed,SNS-014
TEL-001585,2026-05-20T20:36:10,SITE-002,Section D — Sinendet Lateral,524.9,2335.5,29.2,Closed,SNS-010
TEL-000263,2026-04-27T12:57:36,SITE-002,Section F — Kisumu Terminal Link,478.8,3063.1,36.1,Open,SNS-013
TEL-003067,2026-06-16T17:14:04,SITE-005,Section C — Nakuru-Eldoret Extension,356.6,2927.7,23.0,Open,SNS-010
TEL-000125,2026-04-24T23:16:11,SITE-002,Section A — Mombasa-Nairobi Main,485.3,3299.9,25.4,Closed,SNS-008
TEL-000796,2026-05-06T23:13:50,SITE-007,Section B — Nairobi-Nakuru Spur,437.4,1628.6,23.9,Open,SNS-007
TEL-000361,2026-04-29T08:45:06,SITE-005,Section E — Makueni Branch,,3630.2,26.0,Partially Open,SNS-006
TEL-002445,2026-06-05T11:30:22,SITE-002,Section A — Mombasa-Nairobi Main,393.8,3524.2,39.8,Closed,SNS-011
TEL-004403,2026-07-11T09:54:52,SITE-001,Section C — Nakuru-Eldoret Extension,253.0,2111.5,25.2,Partially Open,SNS-001
TEL-004246,2026-07-08T16:15:05,SITE-005,Section E — Makueni Branch,413.3,3126.8,40.3,Open,SNS-014
TEL-003552,2026-06-25T05:23:43,SITE-003,Section D — Sinendet Lateral,478.6,2337.4,,Open,SNS-009
TEL-002548,2026-06-07T11:18:30,makueni pipeline,Section C — Nakuru-Eldoret Extension,427.4,3454.2,33.4,Partially Open,SNS-006
TEL-003819,2026-06-30T07:50:07,SITE-003,Section C — Nakuru-Eldoret Extension,487.9,1804.0,35.9,Open,SNS-002
TEL-002248,2026-06-01T21:47:25,SITE-007,Section E — Makueni Branch,537.7,3418.6,29.8,Open,SNS-004
TEL-003386,2026-06-22T01:18:28,SITE-001,Section E — Makueni Branch,555.3,2537.5,29.6,Open,SNS-002
TEL-004424,2026-07-11T21:02:48,SITE-001,Section D — Sinendet Lateral,296.7,4117.7,37.2,Open,SNS-011
TEL-000068,2026-04-24T02:04:31,Kibwezi,Section D — Sinendet Lateral,354.4,2741.9,32.3,Closed,SNS-009
TEL-000105,2026-04-24T17:05:38,SITE-003,Section B — Nairobi-Nakuru Spur,465.4,2371.5,40.2,Open,SNS-002
TEL-003834,2026-06-30T16:44:41,SITE-003,Section F — Kisumu Terminal Link,434.5,2835.9,31.2,Partially Open,SNS-009
TEL-002202,2026-06-01T00:22:33,SITE-002,Section C — Nakuru-Eldoret Extension,300.3,1134.0,35.5,Closed,SNS-003
TEL-002204,2026-06-01T00:35:03,SITE-001,Section C — Nakuru-Eldoret Extension,276.5,1598.5,20.4,Open,SNS-007
TEL-002402,2026-06-04T17:59:31,Kisumu  Terminal,Section B — Nairobi-Nakuru Spur,396.9,2457.5,21.2,Open,SNS-001
TEL-003879,2026-07-01T11:23:30,SITE-004,Section D — Sinendet Lateral,371.2,3663.1,36.1,Open,SNS-004
TEL-004259,2026-07-08T19:38:10,mombasa terminal,Section C — Nakuru-Eldoret Extension,502.9,3218.2,19.8,Closed,SNS-008
TEL-000241,2026-04-27T04:42:01,SITE-003,Section C — Nakuru-Eldoret Extension,319.4,2912.1,24.2,Open,SNS-002
TEL-000258,2026-04-27T10:48:43,SITE-007,Section B — Nairobi-Nakuru Spur,311.0,4320.0,42.4,Closed,SNS-007
TEL-002787,2026-06-11T16:23:00,SITE-001,Section D — Sinendet Lateral,249.7,2254.6,34.3,Partially Open,SNS-002
TEL-002675,2026-06-09T21:49:24,ELD Terminal,Section B — Nairobi-Nakuru Spur,267.3,2757.4,18.0,Partially Open,SNS-008
TEL-001757,2026-05-23T18:26:31,SITE-003,Section B — Nairobi-Nakuru Spur,321.5,2286.4,28.9,Partially Open,SNS-010
TEL-001772,2026-05-24T00:29:41,SITE-005,Section F — Kisumu Terminal Link,366.2,4524.0,33.4,Closed,SNS-014
TEL-004307,2026-07-09T11:50:47,SITE-007,Section B — Nairobi-Nakuru Spur,314.8,2847.0,32.9,Open,SNS-014
TEL-001165,2026-05-13T19:22:29,SITE-005,Section A — Mombasa-Nairobi Main,525.8,3867.5,33.4,Open,SNS-009
TEL-000468,2026-05-01T02:29:30,SITE-005,Section C — Nakuru-Eldoret Extension,359.0,2434.0,34.5,Open,SNS-006
TEL-001306,2026-05-16T02:16:30,SITE-001,Section B — Nairobi-Nakuru Spur,228.3,2476.2,19.4,Open,SNS-012
TEL-004887,2026-07-19T12:15:49,SITE-003,Section D — Sinendet Lateral,490.1,2866.5,15.8,Open,SNS-003
TEL-001184,2026-05-14T01:35:03,SITE-004,Section C — Nakuru-Eldoret Extension,364.2,3610.4,16.0,Closed,SNS-004
TEL-003888,2026-07-01T15:26:31,Kisumu  Terminal,Section E — Makueni Branch,381.3,3319.1,26.7,Closed,SNS-005
TEL-000988,2026-05-10T13:08:05,SITE-005,Section E — Makueni Branch,431.9,3963.2,30.6,Closed,SNS-003
TEL-001825,2026-05-25T03:00:02,SITE-004,Section E — Makueni Branch,404.1,2579.4,17.6,Partially Open,SNS-010
TEL-001999,2026-05-28T08:12:45,NRB Terminal,Section A — Mombasa-Nairobi Main,329.9,2626.9,15.8,Open,SNS-001
TEL-004406,2026-07-11T11:06:32,NRB Terminal,Section E — Makueni Branch,363.0,4214.7,27.0,Open,SNS-012
TEL-000890,2026-05-08T13:55:19,Sinendet  Pump Station,Section E — Makueni Branch,417.0,3443.4,45.0,Open,SNS-014
TEL-003104,2026-06-17T08:03:10,SITE-007,Section A — Mombasa-Nairobi Main,354.1,2938.9,28.0,Open,SNS-004
TEL-004937,2026-07-20T14:15:24,SITE-006,Section D — Sinendet Lateral,435.4,4324.0,26.4,Open,SNS-003
TEL-002083,2026-05-29T20:51:02,SITE-003,Section D — Sinendet Lateral,448.8,4535.6,29.5,Open,SNS-003
TEL-001390,2026-05-17T11:47:37,SITE-003,Section C — Nakuru-Eldoret Extension,275.0,4024.6,28.7,Closed,SNS-007
TEL-004224,2026-07-08T07:50:12,SITE-007,Section E — Makueni Branch,273.1,2492.9,23.4,Closed,SNS-003
TEL-000081,2026-04-24T07:26:36,SITE-003,Section E — Makueni Branch,486.1,3373.3,24.7,Open,SNS-004
TEL-003339,2026-06-21T07:44:07,NAIROBI,Section E — Makueni Branch,341.8,3492.8,18.5,Open,SNS-005
TEL-004059,2026-07-05T05:22:17,Eldoret  Terminal,Section D — Sinendet Lateral,357.5,2536.6,23.0,Open,SNS-001
TEL-004617,2026-07-14T21:14:49,eldoret terminal,Section C — Nakuru-Eldoret Extension,434.0,2352.4,15.8,Partially Open,SNS-007
TEL-002386,2026-06-04T11:00:09,Makueni PS,Section C — Nakuru-Eldoret Extension,510.1,2457.8,36.4,Open,SNS-012
TEL-001424,2026-05-18T02:23:59,SITE-001,Section C — Nakuru-Eldoret Extension,383.1,2567.4,20.5,Closed,SNS-005
TEL-001660,2026-05-22T05:16:34,SITE-001,Section D — Sinendet Lateral,559.2,1899.3,38.8,Partially Open,SNS-003
TEL-000599,2026-05-03T10:17:16,SITE-003,Section B — Nairobi-Nakuru Spur,439.1,3884.1,43.4,Open,SNS-011
TEL-000490,2026-05-01T12:33:54,SITE-002,Section D — Sinendet Lateral,392.0,2255.8,36.3,Open,SNS-013
TEL-004977,2026-07-21T10:45:36,SITE-004,Section D — Sinendet Lateral,420.2,2555.2,23.1,Open,SNS-009
TEL-000676,2026-05-04T14:21:41,SITE-004,Section B — Nairobi-Nakuru Spur,472.7,3087.2,19.7,Partially Open,SNS-014
TEL-004359,2026-07-10T13:43:22,SITE-006,Section B — Nairobi-Nakuru Spur,390.0,1843.3,27.7,Open,SNS-011
TEL-001957,2026-05-27T17:11:39,SITE-005,Section F — Kisumu Terminal Link,472.7,2918.9,30.4,Closed,SNS-001
TEL-002912,2026-06-13T15:18:45,SITE-001,Section A — Mombasa-Nairobi Main,422.4,2557.0,24.1,Open,SNS-005
TEL-001743,2026-05-23T12:11:34,SITE-002,Section A — Mombasa-Nairobi Main,340.6,2477.6,28.7,Closed,SNS-005
TEL-000098,2026-04-24T14:26:59,SITE-006,Section C — Nakuru-Eldoret Extension,496.2,2660.5,27.0,Open,SNS-007
TEL-003487,2026-06-24T00:27:15,SITE-003,Section B — Nairobi-Nakuru Spur,368.9,3243.7,29.6,Open,SNS-014
TEL-002761,2026-06-11T07:11:42,nakuru depot,Section E — Makueni Branch,518.7,3805.3,33.8,Partially Open,SNS-006
TEL-002805,2026-06-11T22:41:40,Sinendet  Pump Station,Section A — Mombasa-Nairobi Main,397.7,2231.2,25.4,Open,SNS-014
TEL-000578,2026-05-03T03:30:06,SITE-004,Section D — Sinendet Lateral,412.5,2459.4,39.3,Closed,SNS-010
TEL-003095,2026-06-17T02:55:56,MOMBASA,Section A — Mombasa-Nairobi Main,347.6,3267.9,29.0,Open,SNS-009
TEL-003934,2026-07-02T15:17:02,SITE-003,Section C — Nakuru-Eldoret Extension,503.1,3413.9,22.9,Closed,SNS-012
TEL-004168,2026-07-07T06:38:40,mombasa terminal,Section E — Makueni Branch,254.9,2321.5,33.7,Partially Open,SNS-012
TEL-003586,2026-06-25T19:46:06,SITE-007,Section D — Sinendet Lateral,354.7,,21.9,Closed,SNS-010
TEL-000692,2026-05-04T21:02:30,NAIROBI,Section A — Mombasa-Nairobi Main,439.5,2661.5,32.6,Open,SNS-013
TEL-000639,2026-05-04T00:51:07,SITE-004,Section E — Makueni Branch,423.8,3236.2,16.1,Partially Open,SNS-006
TEL-003846,2026-06-30T21:56:58,SITE-001,Section C — Nakuru-Eldoret Extension,-10.7,2232.4,36.2,Closed,SNS-013
TEL-004467,2026-07-12T12:22:20,SITE-003,Section E — Makueni Branch,428.6,2778.1,29.1,Closed,SNS-012
TEL-000932,2026-05-09T10:17:09,SITE-002,Section C — Nakuru-Eldoret Extension,477.0,2862.5,16.3,Open,SNS-005
TEL-000674,2026-05-04T12:54:40,SITE-006,Section F — Kisumu Terminal Link,401.0,2583.2,27.6,Closed,SNS-013
TEL-001328,2026-05-16T14:19:39,SITE-004,Section E — Makueni Branch,318.8,3200.9,36.7,Closed,SNS-001
TEL-001949,2026-05-27T14:09:42,SITE-005,Section E — Makueni Branch,420.7,2296.5,28.8,Open,SNS-003
TEL-004495,2026-07-12T23:47:49,SITE-002,Section E — Makueni Branch,413.4,2034.7,30.0,Open,SNS-008
TEL-001657,2026-05-22T04:50:41,SITE-003,Section A — Mombasa-Nairobi Main,430.5,3205.0,35.5,Closed,SNS-013
TEL-000740,2026-05-05T19:48:23,SITE-005,Section F — Kisumu Terminal Link,355.7,3188.8,28.6,Closed,SNS-013
TEL-004246,2026-07-08T16:15:05,SITE-005,Section E — Makueni Branch,413.3,3126.8,40.3,Open,SNS-014
TEL-004634,2026-07-15T00:13:15,SITE-005,Section A — Mombasa-Nairobi Main,456.7,3016.1,19.2,Open,SNS-004
TEL-003452,2026-06-23T10:10:40,SITE-003,Section C — Nakuru-Eldoret Extension,379.3,3176.4,31.7,Open,SNS-010
TEL-004814,2026-07-18T01:40:18,NKR Depot,Section B — Nairobi-Nakuru Spur,544.9,2767.5,26.1,Partially Open,SNS-001
TEL-004174,2026-07-07T10:01:37,SITE-004,Section A — Mombasa-Nairobi Main,463.4,3491.3,32.4,Closed,SNS-009
TEL-002378,2026-06-04T07:54:34,SITE-002,Section F — Kisumu Terminal Link,351.2,3096.9,30.7,Open,SNS-009
TEL-001052,2026-05-11T14:24:20,SITE-005,Section C — Nakuru-Eldoret Extension,477.6,4189.2,41.9,Open,SNS-007
TEL-002991,2026-06-14T23:19:50,SITE-007,Section B — Nairobi-Nakuru Spur,570.4,3105.8,24.9,Open,SNS-002
TEL-000427,2026-04-30T06:46:18,SITE-007,Section A — Mombasa-Nairobi Main,473.7,3501.4,30.4,Open,SNS-014
TEL-004777,2026-07-17T10:11:37,SITE-005,Section F — Kisumu Terminal Link,365.5,3257.9,27.2,Closed,SNS-003
TEL-000247,2026-04-27T07:35:30,SITE-002,Section B — Nairobi-Nakuru Spur,252.5,4143.1,32.4,Open,SNS-010
TEL-001562,2026-05-20T12:05:50,SITE-003,Section C — Nakuru-Eldoret Extension,478.9,2430.0,32.0,Open,SNS-001
TEL-001637,2026-05-21T23:25:07,SITE-003,Section E — Makueni Branch,458.3,3482.2,26.9,Closed,SNS-007
TEL-000477,2026-05-01T06:27:07,SITE-003,Section A — Mombasa-Nairobi Main,275.7,3800.6,30.4,Open,SNS-014
TEL-004763,2026-07-17T04:23:05,SITE-003,Section E — Makueni Branch,850,4401.4,20.4,Open,SNS-007
TEL-003421,2026-06-22T17:01:10,SITE-005,Section B — Nairobi-Nakuru Spur,504.8,3659.4,33.6,Open,SNS-014
TEL-003003,2026-06-15T04:05:49,SITE-006,Section C — Nakuru-Eldoret Extension,469.9,3682.5,26.9,Open,SNS-004
TEL-001880,2026-05-26T02:11:45,SITE-005,Section B — Nairobi-Nakuru Spur,382.3,2413.4,17.9,Open,SNS-004
TEL-002022,2026-05-28T19:18:52,SITE-004,Section E — Makueni Branch,398.1,2850.5,32.5,Open,SNS-008
TEL-003478,2026-06-23T21:30:12,nakuru depot,Section E — Makueni Branch,401.1,1467.9,23.2,Partially Open,SNS-002
TEL-002141,2026-05-30T21:29:05,SITE-001,Section B — Nairobi-Nakuru Spur,421.5,3192.7,31.9,Closed,SNS-010
TEL-000067,2026-04-24T01:58:22,SITE-002,Section B — Nairobi-Nakuru Spur,293.1,4094.1,30.5,Open,SNS-011
TEL-000089,2026-04-24T10:26:52,SITE-004,Section E — Makueni Branch,289.2,3615.0,21.1,Open,SNS-004
TEL-000985,2026-05-10T12:00:19,SITE-002,Section A — Mombasa-Nairobi Main,700,3915.5,30.5,Open,SNS-012
TEL-001933,2026-05-27T06:08:15,SITE-002,Section F — Kisumu Terminal Link,1000,3769.6,29.8,Open,SNS-013
TEL-003136,2026-06-17T17:30:45,SITE-001,Section D — Sinendet Lateral,525.6,4848.2,35.1,Closed,SNS-011
TEL-001125,2026-05-13T02:29:58,SITE-004,Section D — Sinendet Lateral,406.7,3317.9,34.7,Closed,SNS-002
TEL-002307,2026-06-02T20:38:25,SITE-001,Section E — Makueni Branch,450.3,3761.0,26.5,Closed,SNS-006
TEL-000626,2026-05-03T20:19:50,SITE-005,Section C — Nakuru-Eldoret Extension,410.8,2457.5,24.6,Closed,SNS-011
TEL-004678,2026-07-15T16:56:02,sinendet pump station,Section D — Sinendet Lateral,257.9,2246.0,31.8,Open,SNS-011
TEL-001250,2026-05-15T04:26:56,SITE-003,Section F — Kisumu Terminal Link,482.1,1603.4,38.7,Open,SNS-005
TEL-004405,2026-07-11T10:26:07,SITE-003,Section E — Makueni Branch,298.3,3659.2,36.6,Open,SNS-012
TEL-004990,2026-07-21T19:55:17,SITE-004,Section A — Mombasa-Nairobi Main,358.2,2355.9,31.9,Partially Open,SNS-002
TEL-000272,2026-04-27T19:04:29,SITE-007,Section E — Makueni Branch,420.8,2124.4,33.5,Partially Open,SNS-012
TEL-004276,2026-07-09T03:44:35,SITE-001,Section C — Nakuru-Eldoret Extension,415.5,3524.4,23.9,Open,SNS-008
TEL-000235,2026-04-27T01:50:54,SITE-002,Section B — Nairobi-Nakuru Spur,395.0,2813.2,41.4,Closed,SNS-001
TEL-004356,2026-07-10T11:42:50,SITE-004,Section B — Nairobi-Nakuru Spur,547.3,3627.9,,Open,SNS-012
TEL-004999,2026-07-21T23:39:55,SITE-001,Section B — Nairobi-Nakuru Spur,445.0,2108.1,38.5,Open,SNS-007
TEL-003902,2026-07-01T23:14:42,SITE-001,Section A — Mombasa-Nairobi Main,288.9,4551.3,42.6,Open,SNS-001
TEL-000230,2026-04-26T23:46:48,SITE-005,Section B — Nairobi-Nakuru Spur,483.3,2890.8,38.5,Open,SNS-003
TEL-003437,2026-06-23T02:19:39,SITE-001,Section D — Sinendet Lateral,350.0,3503.0,30.6,Closed,SNS-002
TEL-004996,2026-07-21T23:13:49,Kisumu  Terminal,Section B — Nairobi-Nakuru Spur,292.3,3038.8,35.3,Partially Open,SNS-012
TEL-002060,2026-05-29T12:13:09,SITE-006,Section C — Nakuru-Eldoret Extension,387.4,3940.1,27.6,Partially Open,SNS-003
TEL-004113,2026-07-06T03:40:20,SITE-002,Section F — Kisumu Terminal Link,425.2,3208.6,16.5,Open,SNS-004
TEL-002147,2026-05-31T00:27:12,SITE-005,Section B — Nairobi-Nakuru Spur,448.0,2378.7,27.8,Open,SNS-014
TEL-001853,2026-05-25T14:35:19,SITE-006,Section B — Nairobi-Nakuru Spur,276.4,3950.5,33.8,Partially Open,SNS-008
TEL-001724,2026-05-23T03:17:27,SITE-007,Section B — Nairobi-Nakuru Spur,452.3,1484.8,37.3,Open,SNS-007
TEL-004220,2026-07-08T06:26:30,eldoret terminal,Section A — Mombasa-Nairobi Main,458.4,2799.6,32.6,Partially Open,SNS-009
TEL-001164,2026-05-13T18:30:08,SITE-005,Section C — Nakuru-Eldoret Extension,468.0,3052.4,40.1,Partially Open,SNS-003
TEL-002721,2026-06-10T19:11:56,SITE-003,Section F — Kisumu Terminal Link,1176.1,3261.3,37.7,Partially Open,SNS-008
TEL-002400,2026-06-04T17:50:31,nairobi terminal,Section F — Kisumu Terminal Link,372.1,2836.2,41.9,Partially Open,SNS-012
TEL-003872,2026-07-01T09:13:17,SITE-006,Section C — Nakuru-Eldoret Extension,423.4,3531.4,26.1,Closed,SNS-011
TEL-002416,2026-06-05T01:05:42,SITE-005,Section A — Mombasa-Nairobi Main,455.1,3925.2,32.4,Open,SNS-007
TEL-003955,2026-07-03T01:09:09,SITE-002,Section C — Nakuru-Eldoret Extension,417.6,2374.3,16.2,Open,SNS-011
TEL-000377,2026-04-29T12:55:39,SITE-001,Section F — Kisumu Terminal Link,441.0,3058.4,23.8,Closed,SNS-002
TEL-001185,2026-05-14T02:04:02,SITE-004,Section D — Sinendet Lateral,281.2,1937.6,29.8,Open,SNS-003
TEL-000725,2026-05-05T14:00:36,SITE-005,Section D — Sinendet Lateral,337.7,1367.8,37.4,Open,SNS-001
TEL-001917,2026-05-26T21:12:08,SITE-005,Section D — Sinendet Lateral,326.5,2797.5,30.4,Open,SNS-011
TEL-004411,2026-07-11T14:55:43,Sinendet  Pump Station,Section F — Kisumu Terminal Link,331.8,3251.5,28.5,Open,SNS-014
TEL-000972,2026-05-10T07:08:14,SITE-005,Section E — Makueni Branch,451.9,4902.1,25.2,Closed,SNS-007
TEL-001102,2026-05-12T11:51:30,SITE-005,Section F — Kisumu Terminal Link,419.2,3051.6,25.1,Closed,SNS-002
TEL-003569,2026-06-25T13:17:39,SITE-004,Section F — Kisumu Terminal Link,364.3,2427.3,30.2,Closed,SNS-009
TEL-001312,2026-05-16T03:50:39,SITE-002,Section F — Kisumu Terminal Link,347.3,2319.2,42.2,Closed,SNS-003
TEL-000271,2026-04-27T18:15:45,SITE-006,Section B — Nairobi-Nakuru Spur,372.9,3429.4,27.3,Partially Open,SNS-007
TEL-002481,2026-06-06T07:42:39,SITE-005,Section F — Kisumu Terminal Link,408.9,3748.8,27.5,Closed,SNS-007
TEL-004538,2026-07-13T18:13:35,SITE-006,Section B — Nairobi-Nakuru Spur,296.1,2894.5,37.6,Open,SNS-009
TEL-001104,2026-05-12T13:43:10,SITE-003,Section F — Kisumu Terminal Link,586.4,1866.9,16.4,Closed,SNS-004
TEL-004082,2026-07-05T14:02:41,SITE-002,Section A — Mombasa-Nairobi Main,313.8,2968.4,34.8,Partially Open,SNS-013
TEL-002304,2026-06-02T18:50:54,SITE-004,Section F — Kisumu Terminal Link,459.1,4363.1,37.2,Closed,SNS-009
TEL-000717,2026-05-05T07:54:45,SITE-001,Section D — Sinendet Lateral,383.9,4714.3,26.3,Open,SNS-006
TEL-001361,2026-05-17T02:48:49,SITE-005,Section B — Nairobi-Nakuru Spur,407.4,3974.2,31.8,Open,SNS-006
TEL-002079,2026-05-29T19:35:40,SITE-006,Section E — Makueni Branch,498.7,3769.1,26.7,Closed,SNS-012
TEL-000632,2026-05-03T22:42:52,SITE-004,Section C — Nakuru-Eldoret Extension,409.5,2880.4,34.1,Open,SNS-001
TEL-003433,2026-06-22T23:40:20,sinendet pump,Section D — Sinendet Lateral,423.3,3936.0,27.7,Partially Open,SNS-012
TEL-003081,2026-06-16T22:38:31,SITE-005,Section A — Mombasa-Nairobi Main,386.2,1431.3,,Open,SNS-003
TEL-000452,2026-04-30T16:49:11,SITE-006,Section F — Kisumu Terminal Link,473.0,2579.2,22.1,Partially Open,SNS-007
TEL-002532,2026-06-07T05:57:00,SITE-002,Section B — Nairobi-Nakuru Spur,371.6,4493.5,25.8,Partially Open,SNS-011
TEL-002498,2026-06-06T16:30:31,SITE-004,Section D — Sinendet Lateral,438.3,2041.3,35.5,Closed,SNS-003
TEL-004235,2026-07-08T12:02:57,SITE-006,Section F — Kisumu Terminal Link,527.3,1618.7,32.6,Open,SNS-007
TEL-003788,2026-06-29T14:10:15,SITE-004,Section F — Kisumu Terminal Link,333.8,3205.0,36.5,Open,SNS-002
TEL-003074,2026-06-16T18:45:27,Nairobi term,Section F — Kisumu Terminal Link,517.5,2495.4,33.8,Open,SNS-013
TEL-001384,2026-05-17T09:51:28,SITE-003,Section C — Nakuru-Eldoret Extension,386.4,2327.6,24.1,Closed,SNS-002
TEL-002379,2026-06-04T08:03:56,SITE-001,Section C — Nakuru-Eldoret Extension,402.5,2850.1,25.7,Partially Open,SNS-006
TEL-004145,2026-07-06T14:45:51,SITE-001,Section A — Mombasa-Nairobi Main,493.4,3648.3,36.2,Open,SNS-005
TEL-000723,2026-05-05T12:58:19,SITE-004,Section E — Makueni Branch,398.3,4248.5,23.3,Open,SNS-007
TEL-000781,2026-05-06T16:40:41,SITE-002,Section A — Mombasa-Nairobi Main,277.2,1561.0,26.5,Closed,SNS-011
TEL-003474,2026-06-23T18:40:57,SITE-002,Section F — Kisumu Terminal Link,530.4,2647.4,27.4,Open,SNS-012
TEL-002108,2026-05-30T05:56:56,SITE-004,Section B — Nairobi-Nakuru Spur,263.5,2401.2,32.8,Open,SNS-014
TEL-002575,2026-06-07T23:18:58,SITE-005,Section F — Kisumu Terminal Link,430.3,2459.0,31.3,Partially Open,SNS-002
TEL-003620,2026-06-26T12:40:10,Kisumu  Terminal,Section A — Mombasa-Nairobi Main,358.3,3063.4,30.5,Partially Open,SNS-003
TEL-004008,2026-07-04T05:03:28,SITE-005,Section E — Makueni Branch,378.4,2418.9,29.5,Open,SNS-012
TEL-001991,2026-05-28T05:48:33,SITE-004,Section E — Makueni Branch,504.4,4184.6,33.4,Open,SNS-003
TEL-000660,2026-05-04T07:46:12,SITE-005,Section C — Nakuru-Eldoret Extension,332.8,3569.8,31.1,Open,SNS-005
TEL-003034,2026-06-15T23:15:16,SITE-004,Section F — Kisumu Terminal Link,340.6,3153.0,25.9,Closed,SNS-007
TEL-000071,2026-04-24T04:17:07,sinendet pump,Section D — Sinendet Lateral,288.3,3713.9,37.9,Open,SNS-005
TEL-004012,2026-07-04T08:15:43,SITE-004,Section E — Makueni Branch,389.8,4072.1,23.6,Open,SNS-009
TEL-004616,2026-07-14T21:12:08,SITE-007,Section F — Kisumu Terminal Link,496.8,2906.1,35.1,Open,SNS-009
TEL-000913,2026-05-09T02:41:34,SITE-007,Section C — Nakuru-Eldoret Extension,463.3,3133.2,36.5,Open,SNS-005
TEL-002810,2026-06-12T00:31:53,SITE-003,Section C — Nakuru-Eldoret Extension,395.8,3874.6,30.6,Open,SNS-013
TEL-004096,2026-07-05T20:49:53,SITE-004,Section A — Mombasa-Nairobi Main,457.4,2280.4,34.3,Closed,SNS-004
TEL-004132,2026-07-06T11:56:10,SITE-006,Section D — Sinendet Lateral,416.9,2497.7,,Closed,SNS-011
TEL-003345,2026-06-21T09:35:08,SITE-005,Section D — Sinendet Lateral,407.8,3245.5,21.5,Closed,SNS-005
TEL-001410,2026-05-17T18:41:34,SITE-001,Section A — Mombasa-Nairobi Main,374.6,3091.9,20.7,Closed,SNS-013
TEL-001760,2026-05-23T18:47:23,SITE-005,Section E — Makueni Branch,458.3,3130.2,23.2,Closed,SNS-012
TEL-002933,2026-06-13T23:52:23,SITE-007,Section A — Mombasa-Nairobi Main,328.2,3420.2,27.7,Open,SNS-012
TEL-003833,2026-06-30T15:31:05,Kibwezi,Section F — Kisumu Terminal Link,424.3,3098.0,36.4,Open,SNS-010
TEL-004208,2026-07-08T01:24:56,SITE-001,Section D — Sinendet Lateral,445.3,3491.8,41.9,Open,SNS-012
TEL-004134,2026-07-06T12:15:49,SITE-005,Section B — Nairobi-Nakuru Spur,370.4,4154.3,26.0,Open,SNS-007
TEL-000373,2026-04-29T11:30:32,SITE-005,Section E — Makueni Branch,403.7,2665.0,26.8,Open,SNS-011
TEL-001474,2026-05-18T22:46:46,SITE-004,Section B — Nairobi-Nakuru Spur,400.0,3413.7,36.6,Partially Open,SNS-002
TEL-003324,2026-06-21T02:25:47,SITE-006,Section F — Kisumu Terminal Link,378.2,2346.1,25.0,Closed,SNS-014
TEL-000033,2026-04-23T15:11:33,SITE-006,Section E — Makueni Branch,335.1,1716.2,22.8,Open,SNS-014
TEL-001771,2026-05-23T23:46:34,SITE-002,Section F — Kisumu Terminal Link,368.4,2476.0,29.3,Open,SNS-003
TEL-003302,2026-06-20T12:10:01,SITE-002,Section A — Mombasa-Nairobi Main,512.8,1937.3,19.8,Open,SNS-012
TEL-001301,2026-05-16T00:28:14,SITE-001,Section A — Mombasa-Nairobi Main,457.1,3399.1,35.8,Open,SNS-004
TEL-004568,2026-07-14T06:22:53,makueni pipeline,Section C — Nakuru-Eldoret Extension,356.3,1513.8,28.3,Closed,SNS-001
TEL-000287,2026-04-28T02:00:06,SITE-001,Section F — Kisumu Terminal Link,332.2,2901.4,30.5,Closed,SNS-008
TEL-001265,2026-05-15T13:06:46,SITE-007,Section B — Nairobi-Nakuru Spur,446.0,2895.4,25.1,Partially Open,SNS-006
TEL-000059,2026-04-23T23:40:29,SITE-005,Section A — Mombasa-Nairobi Main,310.3,2317.2,26.3,Partially Open,SNS-001
TEL-003061,2026-06-16T14:13:52,Kisumu  Terminal,Section B — Nairobi-Nakuru Spur,363.4,2449.0,21.5,Open,SNS-004
TEL-000863,2026-05-08T02:41:13,SITE-003,Section D — Sinendet Lateral,368.5,3206.5,31.8,Open,SNS-007
TEL-001367,2026-05-17T03:58:01,SITE-003,Section E — Makueni Branch,373.2,4199.4,24.8,Open,SNS-014
TEL-004864,2026-07-19T01:30:39,SITE-002,Section D — Sinendet Lateral,387.1,3232.8,26.7,Closed,SNS-011
TEL-002020,2026-05-28T19:11:09,SITE-005,Section C — Nakuru-Eldoret Extension,365.8,3163.9,28.0,Open,SNS-010
TEL-001929,2026-05-27T04:23:00,SITE-002,Section D — Sinendet Lateral,587.6,3133.0,35.9,Closed,SNS-002
TEL-002819,2026-06-12T03:54:41,Kisumu  Terminal,Section A — Mombasa-Nairobi Main,343.4,1793.2,39.1,Partially Open,SNS-010
TEL-000825,2026-05-07T10:27:05,SITE-003,Section D — Sinendet Lateral,453.9,3295.7,28.0,Open,SNS-001
TEL-000181,2026-04-26T05:57:41,SITE-004,Section C — Nakuru-Eldoret Extension,369.3,3299.6,32.1,Closed,SNS-003
TEL-004331,2026-07-09T23:25:18,SITE-004,Section A — Mombasa-Nairobi Main,534.2,2763.6,34.3,Open,SNS-007
TEL-002719,2026-06-10T18:50:01,SITE-004,Section D — Sinendet Lateral,700,2646.7,28.8,Partially Open,SNS-001
TEL-002236,2026-06-01T14:39:51,mombasa terminal,Section D — Sinendet Lateral,527.4,3113.0,31.7,Partially Open,SNS-014
TEL-002329,2026-06-03T07:59:36,Thange section,Section E — Makueni Branch,418.8,3194.9,38.5,Open,SNS-004
TEL-000442,2026-04-30T13:02:16,NRB Terminal,Section C — Nakuru-Eldoret Extension,506.9,4573.6,39.3,Partially Open,SNS-009
TEL-001288,2026-05-15T20:58:46,SINENDET,Section F — Kisumu Terminal Link,326.1,3623.5,27.4,Open,SNS-008
TEL-002160,2026-05-31T05:16:06,SITE-004,Section C — Nakuru-Eldoret Extension,399.3,2459.7,34.9,Open,SNS-013
TEL-002059,2026-05-29T12:09:59,SITE-003,Section A — Mombasa-Nairobi Main,416.2,3111.6,44.1,Partially Open,SNS-001
TEL-004237,2026-07-08T12:41:12,SITE-003,Section E — Makueni Branch,537.4,2262.1,35.7,Open,SNS-006
TEL-001309,2026-05-16T03:13:32,SITE-004,Section C — Nakuru-Eldoret Extension,373.2,3163.9,28.7,Open,SNS-011
TEL-000945,2026-05-09T19:10:13,SITE-003,Section C — Nakuru-Eldoret Extension,382.0,2697.7,25.6,Partially Open,SNS-006
TEL-001621,2026-05-21T14:50:46,SITE-006,Section F — Kisumu Terminal Link,246.0,3370.2,39.3,Closed,SNS-005
TEL-000891,2026-05-08T14:07:13,SITE-005,Section F — Kisumu Terminal Link,502.5,2895.4,33.0,Closed,SNS-012
TEL-001040,2026-05-11T10:24:40,SITE-007,Section A — Mombasa-Nairobi Main,461.5,3196.7,31.6,Closed,SNS-001
TEL-003411,2026-06-22T12:54:45,SITE-006,Section E — Makueni Branch,364.3,2841.4,31.4,Open,SNS-001
TEL-001188,2026-05-14T03:52:30,SITE-005,Section F — Kisumu Terminal Link,465.3,5000.0,29.4,Open,SNS-008
TEL-001972,2026-05-27T23:08:42,SITE-003,Section E — Makueni Branch,397.9,2062.6,25.2,Open,SNS-003
TEL-003177,2026-06-18T09:47:47,SITE-005,Section E — Makueni Branch,461.6,3121.2,22.4,Partially Open,SNS-012
TEL-000937,2026-05-09T13:19:36,nairobi terminal,Section A — Mombasa-Nairobi Main,525.1,2209.0,23.2,Open,SNS-006
TEL-002341,2026-06-03T14:47:14,MSA Terminal,Section A — Mombasa-Nairobi Main,463.5,2990.3,37.4,Open,SNS-003
TEL-002802,2026-06-11T21:43:01,SITE-005,Section F — Kisumu Terminal Link,382.8,4160.2,27.8,Closed,SNS-002
TEL-002690,2026-06-10T05:00:55,SITE-002,Section E — Makueni Branch,334.8,2188.0,28.3,Open,SNS-004
TEL-004035,2026-07-04T17:58:12,SITE-007,Section C — Nakuru-Eldoret Extension,446.9,3413.7,27.1,Open,SNS-006
TEL-003296,2026-06-20T09:44:53,SITE-006,Section C — Nakuru-Eldoret Extension,407.6,3231.4,27.4,Open,SNS-001
TEL-000315,2026-04-28T13:26:44,mombasa terminal,Section B — Nairobi-Nakuru Spur,279.9,4062.8,33.1,Open,SNS-007
TEL-003459,2026-06-23T13:02:17,SITE-006,Section E — Makueni Branch,284.6,,39.6,Closed,SNS-010
TEL-002729,2026-06-10T21:46:48,SITE-004,Section E — Makueni Branch,360.0,3248.3,37.5,Closed,SNS-014
TEL-001587,2026-05-20T23:06:44,SITE-006,Section D — Sinendet Lateral,441.3,2567.1,30.9,Open,SNS-003
TEL-002148,2026-05-31T00:39:14,SITE-006,Section E — Makueni Branch,368.5,3118.5,23.7,Closed,SNS-006
TEL-002607,2026-06-08T15:50:04,SITE-006,Section D — Sinendet Lateral,396.1,3719.9,23.8,Closed,SNS-010
TEL-002658,2026-06-09T13:48:10,SITE-004,Section C — Nakuru-Eldoret Extension,600.0,4469.7,41.2,Open,SNS-012
TEL-000835,2026-05-07T13:37:21,SITE-007,Section D — Sinendet Lateral,345.1,2918.2,15.0,Partially Open,SNS-006
TEL-004443,2026-07-12T03:37:06,SITE-005,Section A — Mombasa-Nairobi Main,422.7,3751.5,26.5,Open,SNS-001
TEL-002080,2026-05-29T19:53:43,Kisumu term,Section F — Kisumu Terminal Link,446.7,2915.0,39.3,Closed,SNS-004
TEL-000398,2026-04-29T19:16:13,SITE-005,Section A — Mombasa-Nairobi Main,479.8,3659.3,37.0,Open,SNS-005
TEL-003682,2026-06-27T16:23:36,Sinendet PS,Section F — Kisumu Terminal Link,387.1,2448.7,36.4,Open,SNS-007
TEL-000731,2026-05-05T15:14:58,SITE-007,Section A — Mombasa-Nairobi Main,335.3,3998.5,38.0,Closed,SNS-013
TEL-002367,2026-06-04T03:20:36,SITE-004,Section E — Makueni Branch,300.4,2855.3,26.2,Open,SNS-001
TEL-004843,2026-07-18T15:13:48,Sinendet  Pump Station,Section B — Nairobi-Nakuru Spur,335.2,2206.1,29.3,Open,SNS-003
TEL-002514,2026-06-06T21:56:47,SITE-003,Section C — Nakuru-Eldoret Extension,268.1,3565.4,39.6,Closed,SNS-008
TEL-002990,2026-06-14T22:56:50,SITE-001,Section C — Nakuru-Eldoret Extension,316.7,2532.1,24.9,Closed,SNS-013
TEL-003141,2026-06-17T19:56:30,SITE-007,Section A — Mombasa-Nairobi Main,392.9,2088.6,34.5,Partially Open,SNS-003
TEL-003002,2026-06-15T03:41:26,SITE-007,Section B — Nairobi-Nakuru Spur,398.0,1650.3,28.8,Closed,SNS-002
TEL-000857,2026-05-07T23:17:22,SITE-007,Section B — Nairobi-Nakuru Spur,415.9,4535.9,32.5,Open,SNS-001
TEL-004329,2026-07-09T20:46:01,SITE-004,Section E — Makueni Branch,,1496.1,29.1,Open,SNS-013
TEL-004838,2026-07-18T13:35:41,Eldoret term,Section E — Makueni Branch,373.4,3230.2,26.7,Open,SNS-012
TEL-003508,2026-06-24T10:50:27,SITE-006,Section C — Nakuru-Eldoret Extension,531.6,2974.5,27.0,Open,SNS-004
TEL-000333,2026-04-28T21:21:26,Nairobi term,Section F — Kisumu Terminal Link,425.0,2004.4,24.7,Open,SNS-012
TEL-004628,2026-07-14T23:35:50,SITE-006,Section E — Makueni Branch,408.6,2932.9,21.5,Closed,SNS-003
TEL-003376,2026-06-21T20:40:36,SITE-001,Section F — Kisumu Terminal Link,328.2,3968.3,24.3,Open,SNS-002
TEL-002849,2026-06-12T14:24:10,SITE-002,Section E — Makueni Branch,469.9,2709.2,29.5,Open,SNS-008
TEL-001861,2026-05-25T17:35:27,SITE-005,Section E — Makueni Branch,505.2,3446.9,30.5,Closed,SNS-006
TEL-000379,2026-04-29T13:01:41,SITE-002,Section D — Sinendet Lateral,469.6,2146.4,41.5,Closed,SNS-011
TEL-000773,2026-05-06T13:01:48,Nairobi term,Section F — Kisumu Terminal Link,268.5,3044.1,35.8,Open,SNS-001
TEL-003847,2026-06-30T22:01:56,SITE-004,Section B — Nairobi-Nakuru Spur,395.0,3472.2,36.0,Partially Open,SNS-002
TEL-003011,2026-06-15T07:57:09,SITE-006,Section F — Kisumu Terminal Link,411.2,2111.3,29.5,Closed,SNS-001
TEL-002179,2026-05-31T14:04:49,NAIROBI,Section D — Sinendet Lateral,278.1,2118.1,26.0,Open,SNS-012
TEL-002715,2026-06-10T16:57:46,NKR Depot,Section E — Makueni Branch,318.6,2315.3,25.7,Open,SNS-005
TEL-003572,2026-06-25T14:38:12,SITE-005,Section E — Makueni Branch,444.2,3868.4,25.1,Open,SNS-012
TEL-002975,2026-06-14T17:46:12,makueni section,Section B — Nairobi-Nakuru Spur,280.4,2662.7,29.7,Open,SNS-005
TEL-002026,2026-05-28T21:07:37,SITE-005,Section B — Nairobi-Nakuru Spur,453.3,4279.8,24.6,Closed,SNS-003
TEL-002921,2026-06-13T20:15:06,SITE-001,Section E — Makueni Branch,354.5,1926.9,28.9,Open,SNS-006
TEL-000560,2026-05-02T20:31:32,SITE-006,Section F — Kisumu Terminal Link,451.6,2960.3,29.0,Closed,SNS-007
TEL-003924,2026-07-02T09:08:21,SITE-006,Section F — Kisumu Terminal Link,591.5,2983.9,30.7,Open,SNS-007
TEL-002792,2026-06-11T17:42:45,SITE-006,Section C — Nakuru-Eldoret Extension,359.2,2524.0,28.5,Partially Open,SNS-008
TEL-002302,2026-06-02T18:44:01,Nairobi  Terminal,Section B — Nairobi-Nakuru Spur,342.6,2207.9,24.3,Open,SNS-008
TEL-001313,2026-05-16T04:08:06,SITE-007,Section D — Sinendet Lateral,405.2,2564.2,34.1,Partially Open,SNS-003
TEL-003752,2026-06-28T21:29:53,kisumu terminal,Section E — Makueni Branch,390.0,2320.7,34.4,Partially Open,SNS-013
TEL-002900,2026-06-13T10:30:49,NKR Depot,Section E — Makueni Branch,480.3,4031.1,38.0,Closed,SNS-003
TEL-000803,2026-05-07T03:24:30,SITE-002,Section D — Sinendet Lateral,282.1,4049.1,26.1,Open,SNS-012
TEL-000199,2026-04-26T12:33:24,SITE-006,Section C — Nakuru-Eldoret Extension,426.4,3863.4,16.0,Closed,SNS-005
TEL-001260,2026-05-15T10:24:20,SITE-001,Section B — Nairobi-Nakuru Spur,458.8,3193.7,35.5,Open,SNS-007
TEL-000121,2026-04-24T21:59:52,SITE-001,Section D — Sinendet Lateral,425.5,3614.0,31.9,Closed,SNS-004
TEL-000596,2026-05-03T08:21:32,SITE-002,Section D — Sinendet Lateral,337.4,1747.7,30.2,Open,SNS-005
TEL-003009,2026-06-15T07:33:40,Kibwezi,Section F — Kisumu Terminal Link,586.4,1886.7,26.9,Closed,SNS-008
TEL-002465,2026-06-06T00:52:34,NKR Depot,Section B — Nairobi-Nakuru Spur,417.3,3647.9,27.3,Closed,SNS-006
TEL-001564,2026-05-20T12:28:08,Eldoret  Terminal,Section C — Nakuru-Eldoret Extension,557.0,3110.8,22.8,Closed,SNS-008
TEL-002257,2026-06-02T02:05:29,SITE-005,Section C — Nakuru-Eldoret Extension,497.4,4285.4,29.2,Partially Open,SNS-004
TEL-004833,2026-07-18T10:57:06,SITE-002,Section B — Nairobi-Nakuru Spur,523.9,1781.3,23.6,Open,SNS-010
TEL-003482,2026-06-23T23:11:10,SITE-004,Section B — Nairobi-Nakuru Spur,375.6,4803.1,30.0,Closed,SNS-003
TEL-003781,2026-06-29T11:24:57,SITE-006,Section C — Nakuru-Eldoret Extension,363.8,1749.1,26.5,Open,SNS-004
TEL-002868,2026-06-12T22:34:12,Eldoret  Terminal,Section A — Mombasa-Nairobi Main,327.1,1773.5,31.4,Closed,SNS-010
TEL-002980,2026-06-14T19:12:36,SITE-006,Section F — Kisumu Terminal Link,558.4,3777.0,23.6,Open,SNS-002
TEL-000234,2026-04-27T01:07:24,SITE-006,Section F — Kisumu Terminal Link,506.6,3572.6,29.9,Closed,SNS-001
TEL-003434,2026-06-22T23:48:02,SITE-002,Section A — Mombasa-Nairobi Main,431.7,3125.5,35.1,Partially Open,SNS-012
TEL-003826,2026-06-30T10:35:46,SITE-004,Section E — Makueni Branch,417.3,3333.8,33.3,Closed,SNS-014
TEL-002973,2026-06-14T17:18:44,SITE-005,Section C — Nakuru-Eldoret Extension,440.2,2531.7,36.7,Open,SNS-014
TEL-003734,2026-06-28T11:28:28,SITE-006,Section E — Makueni Branch,411.6,3323.6,20.9,Open,SNS-012
TEL-001345,2026-05-16T21:11:04,SITE-007,Section E — Makueni Branch,533.3,2891.1,30.6,Partially Open,SNS-010
TEL-004396,2026-07-11T04:26:46,Kibwezi,Section D — Sinendet Lateral,431.9,3276.9,29.6,Closed,SNS-010
TEL-001554,2026-05-20T08:33:21,sinendet pump,Section D — Sinendet Lateral,412.5,2063.4,31.5,Partially Open,SNS-011
TEL-002399,2026-06-04T16:32:31,SITE-007,Section E — Makueni Branch,382.3,3149.7,25.5,Open,SNS-002
TEL-000052,2026-04-23T21:34:07,SITE-005,Section E — Makueni Branch,456.5,3921.4,23.2,Partially Open,SNS-010
TEL-004906,2026-07-19T20:57:32,SITE-002,Section E — Makueni Branch,511.5,4363.1,25.6,Open,SNS-010
TEL-000768,2026-05-06T11:38:58,SITE-004,Section B — Nairobi-Nakuru Spur,383.8,4047.5,28.7,Closed,SNS-007
TEL-003457,2026-06-23T12:50:12,SITE-004,Section C — Nakuru-Eldoret Extension,304.4,3363.2,22.2,Open,SNS-007
TEL-001244,2026-05-15T02:47:56,SITE-003,Section C — Nakuru-Eldoret Extension,391.4,3609.6,38.8,Closed,SNS-007
TEL-003789,2026-06-29T14:24:50,SITE-001,Section B — Nairobi-Nakuru Spur,411.5,2608.1,28.4,Open,SNS-013
TEL-003444,2026-06-23T06:06:43,Eldoret term,Section D — Sinendet Lateral,405.1,3547.6,28.9,Open,SNS-010
TEL-003600,2026-06-26T02:09:05,SITE-007,Section C — Nakuru-Eldoret Extension,371.8,3430.0,32.5,Closed,SNS-007
TEL-003599,2026-06-26T01:19:40,SITE-006,Section E — Makueni Branch,237.5,2463.5,16.1,Closed,SNS-009
TEL-000936,2026-05-09T11:48:31,SITE-006,Section D — Sinendet Lateral,367.4,2243.8,,Closed,SNS-004
TEL-003157,2026-06-18T02:07:03,SITE-005,Section D — Sinendet Lateral,292.1,3554.1,24.9,Partially Open,SNS-012
TEL-002189,2026-05-31T18:32:49,SITE-005,Section E — Makueni Branch,530.1,4529.5,38.3,Open,SNS-012
TEL-004358,2026-07-10T13:40:46,SITE-007,Section A — Mombasa-Nairobi Main,,3346.9,30.0,Closed,SNS-005
TEL-000980,2026-05-10T10:16:43,SITE-003,Section B — Nairobi-Nakuru Spur,311.8,2835.0,23.9,Closed,SNS-006
TEL-002266,2026-06-02T04:20:25,SITE-006,Section E — Makueni Branch,324.0,2870.7,31.2,Open,SNS-006
TEL-001205,2026-05-14T14:50:06,SITE-005,Section D — Sinendet Lateral,498.3,1927.7,30.1,Partially Open,SNS-002
TEL-003183,2026-06-18T12:38:47,Kibwezi,Section B — Nairobi-Nakuru Spur,396.4,2575.4,15.0,Closed,SNS-007
TEL-003765,2026-06-29T04:42:09,SITE-006,Section A — Mombasa-Nairobi Main,320.1,3885.7,41.4,Open,SNS-004
TEL-004501,2026-07-13T02:04:30,ELD Terminal,Section F — Kisumu Terminal Link,497.4,3900.3,28.0,Closed,SNS-011
TEL-002916,2026-06-13T18:18:24,SITE-003,Section B — Nairobi-Nakuru Spur,409.1,4078.1,34.7,Closed,SNS-005
TEL-002598,2026-06-08T12:06:28,SITE-001,Section C — Nakuru-Eldoret Extension,200.0,3285.8,28.1,Partially Open,SNS-002
TEL-004676,2026-07-15T16:47:33,SITE-002,Section A — Mombasa-Nairobi Main,432.9,3402.8,25.6,Closed,SNS-009
TEL-002223,2026-06-01T08:36:33,SITE-007,Section D — Sinendet Lateral,363.5,3923.3,30.8,Closed,SNS-004
TEL-001537,2026-05-20T03:33:56,SITE-003,Section D — Sinendet Lateral,288.9,2738.7,27.6,Open,SNS-004
TEL-004027,2026-07-04T13:00:20,SITE-001,Section B — Nairobi-Nakuru Spur,518.6,2591.8,31.6,Open,SNS-006
TEL-001198,2026-05-14T09:16:40,Eldoret term,Section C — Nakuru-Eldoret Extension,444.5,3764.8,23.4,Partially Open,SNS-008
TEL-001107,2026-05-12T16:07:40,SITE-007,Section B — Nairobi-Nakuru Spur,305.2,3927.2,41.5,Open,SNS-013
TEL-001747,2026-05-23T13:13:37,SITE-005,Section A — Mombasa-Nairobi Main,373.7,2050.4,27.3,Open,SNS-013
TEL-003420,2026-06-22T16:42:37,eldoret terminal,Section E — Makueni Branch,459.9,3617.3,31.4,Open,SNS-005
TEL-003825,2026-06-30T09:49:11,SITE-006,Section C — Nakuru-Eldoret Extension,384.9,4648.3,35.8,Closed,SNS-011
TEL-003822,2026-06-30T08:58:49,SITE-006,Section A — Mombasa-Nairobi Main,528.0,2528.5,31.1,Closed,SNS-005
TEL-003246,2026-06-19T15:56:26,SITE-001,Section D — Sinendet Lateral,431.6,2631.0,27.2,Open,SNS-007
TEL-002610,2026-06-08T17:19:34,SITE-003,Section A — Mombasa-Nairobi Main,436.7,3369.2,38.6,Open,SNS-002
TEL-000743,2026-05-05T20:48:20,SITE-002,Section F — Kisumu Terminal Link,343.0,3716.9,26.7,Closed,SNS-007
TEL-000270,2026-04-27T17:57:30,Sinendet PS,Section A — Mombasa-Nairobi Main,379.0,3617.0,40.6,Closed,SNS-011
TEL-004549,2026-07-13T23:48:12,Nakuru  Depot,Section F — Kisumu Terminal Link,480.9,3704.1,29.4,Open,SNS-010
TEL-003471,2026-06-23T18:10:42,SITE-006,Section A — Mombasa-Nairobi Main,439.8,3532.9,25.0,Open,SNS-007
TEL-004679,2026-07-15T17:55:33,SITE-005,Section D — Sinendet Lateral,460.5,3468.2,32.0,Open,SNS-005
TEL-003319,2026-06-21T00:23:15,SITE-007,Section E — Makueni Branch,298.8,3228.5,32.6,Closed,SNS-009
TEL-004562,2026-07-14T04:53:19,SITE-006,Section B — Nairobi-Nakuru Spur,508.8,2344.9,25.5,Open,SNS-006
TEL-001658,2026-05-22T04:56:52,KSM Terminal,Section A — Mombasa-Nairobi Main,458.1,3664.8,27.3,Open,SNS-002
TEL-000294,2026-04-28T05:46:18,SITE-003,Section F — Kisumu Terminal Link,344.4,4489.5,39.2,Open,SNS-012
TEL-000621,2026-05-03T16:39:44,SITE-007,Section A — Mombasa-Nairobi Main,429.1,3659.0,28.6,Closed,SNS-010
TEL-000566,2026-05-02T21:58:25,SITE-004,Section C — Nakuru-Eldoret Extension,339.1,2916.1,28.9,Open,SNS-009
TEL-000054,2026-04-23T22:03:22,Nakuru dep,Section F — Kisumu Terminal Link,401.8,5000.0,36.6,Open,SNS-003
TEL-002168,2026-05-31T08:29:29,SITE-005,Section F — Kisumu Terminal Link,382.9,1772.3,24.4,Open,SNS-009
TEL-001402,2026-05-17T15:38:08,SITE-007,Section B — Nairobi-Nakuru Spur,261.2,2769.8,32.4,Open,SNS-002
TEL-002017,2026-05-28T18:14:06,Sinendet  Pump Station,Section A — Mombasa-Nairobi Main,458.8,3239.6,37.4,Closed,SNS-013
TEL-003904,2026-07-01T23:30:23,SITE-004,Section E — Makueni Branch,597.8,3787.3,34.2,Open,SNS-006
TEL-001413,2026-05-17T19:28:24,SITE-001,Section C — Nakuru-Eldoret Extension,405.4,3098.6,26.2,Open,SNS-008
TEL-001112,2026-05-12T20:59:08,SITE-007,Section A — Mombasa-Nairobi Main,336.4,3448.0,19.0,Partially Open,SNS-012
TEL-001679,2026-05-22T12:44:05,Eldoret term,Section D — Sinendet Lateral,438.3,3826.1,35.9,Partially Open,SNS-010
TEL-000961,2026-05-10T00:44:36,SITE-003,Section D — Sinendet Lateral,410.5,2719.6,31.7,Closed,SNS-004
TEL-001693,2026-05-22T17:59:08,Thange section,Section E — Makueni Branch,451.5,2892.0,23.4,Open,SNS-008
TEL-002208,2026-06-01T02:48:12,SITE-001,Section D — Sinendet Lateral,333.6,1869.8,28.8,Open,SNS-001
TEL-000400,2026-04-29T21:21:51,SITE-003,Section C — Nakuru-Eldoret Extension,316.3,3849.1,34.6,Partially Open,SNS-011
TEL-003525,2026-06-24T17:40:15,Kisumu term,Section B — Nairobi-Nakuru Spur,434.8,3399.7,17.8,Open,SNS-002
TEL-003781,2026-06-29T11:24:57,SITE-006,Section C — Nakuru-Eldoret Extension,363.8,1749.1,26.5,Open,SNS-004
TEL-001897,2026-05-26T10:59:02,Kibwezi,Section B — Nairobi-Nakuru Spur,513.2,3066.2,30.9,Open,SNS-012
TEL-002585,2026-06-08T05:06:33,SITE-005,Section D — Sinendet Lateral,337.2,2750.1,22.2,Closed,SNS-010
TEL-002551,2026-06-07T12:29:44,SITE-001,Section F — Kisumu Terminal Link,401.1,2866.2,36.0,Partially Open,SNS-007
TEL-002624,2026-06-08T22:41:54,SITE-003,Section D — Sinendet Lateral,359.9,3658.6,26.7,Open,SNS-005
TEL-002510,2026-06-06T20:22:21,SITE-001,Section B — Nairobi-Nakuru Spur,280.8,2354.9,30.9,Open,SNS-012
TEL-000753,2026-05-06T01:48:55,SITE-001,Section A — Mombasa-Nairobi Main,456.9,2159.6,23.4,Open,SNS-011
TEL-000126,2026-04-24T23:29:28,SITE-001,Section C — Nakuru-Eldoret Extension,445.3,2423.0,29.1,Open,SNS-011
TEL-004571,2026-07-14T06:38:48,nakuru depot,Section E — Makueni Branch,386.2,2937.9,37.8,Open,SNS-001
TEL-002925,2026-06-13T20:57:40,SITE-005,Section A — Mombasa-Nairobi Main,426.1,3595.8,21.0,Open,SNS-014
TEL-001705,2026-05-22T21:53:17,SITE-002,Section C — Nakuru-Eldoret Extension,382.3,3951.9,20.3,Partially Open,SNS-010
TEL-004644,2026-07-15T04:47:26,SITE-001,Section D — Sinendet Lateral,517.7,3419.1,28.6,Open,SNS-012
TEL-001099,2026-05-12T11:11:14,SITE-003,Section A — Mombasa-Nairobi Main,534.4,2802.0,31.3,Partially Open,SNS-006
TEL-001977,2026-05-28T01:17:04,SINENDET,Section C — Nakuru-Eldoret Extension,289.1,2949.4,27.7,Open,SNS-009
TEL-001351,2026-05-16T23:15:37,SITE-002,Section C — Nakuru-Eldoret Extension,504.6,3392.7,32.0,Closed,SNS-012
TEL-000811,2026-05-07T06:43:35,mombasa terminal,Section F — Kisumu Terminal Link,370.7,3285.2,34.7,Closed,SNS-003
TEL-003927,2026-07-02T11:13:53,SITE-003,Section C — Nakuru-Eldoret Extension,486.2,2013.6,33.8,Partially Open,SNS-012
TEL-001440,2026-05-18T10:40:05,SITE-007,Section F — Kisumu Terminal Link,386.5,2605.4,38.8,Open,SNS-013
TEL-004343,2026-07-10T04:45:54,SITE-005,Section B — Nairobi-Nakuru Spur,296.6,2704.8,28.7,Open,SNS-006
TEL-001293,2026-05-15T22:57:20,Makueni PS,Section E — Makueni Branch,385.0,4582.6,21.2,Open,SNS-008
TEL-001463,2026-05-18T18:56:50,SITE-003,Section A — Mombasa-Nairobi Main,429.8,3681.2,28.9,Open,SNS-004
TEL-003222,2026-06-19T04:30:02,SITE-007,Section D — Sinendet Lateral,430.9,2716.7,29.2,Open,SNS-007
TEL-004323,2026-07-09T19:11:20,SITE-004,Section B — Nairobi-Nakuru Spur,365.5,2838.7,32.9,Partially Open,SNS-002
TEL-000030,2026-04-23T14:34:55,SITE-005,Section F — Kisumu Terminal Link,318.3,3108.4,,Closed,SNS-003
TEL-002016,2026-05-28T17:56:36,SITE-007,Section A — Mombasa-Nairobi Main,500.0,3014.0,35.0,Partially Open,SNS-005
TEL-003449,2026-06-23T09:46:35,SITE-001,Section D — Sinendet Lateral,570.5,2444.2,22.1,Partially Open,SNS-004
TEL-000154,2026-04-25T17:07:24,SITE-007,Section A — Mombasa-Nairobi Main,361.3,2972.0,38.3,Open,SNS-007
TEL-004036,2026-07-04T18:05:27,SITE-003,Section A — Mombasa-Nairobi Main,237.6,3049.1,29.8,Open,SNS-013
TEL-000761,2026-05-06T07:43:48,sinendet pump station,Section C — Nakuru-Eldoret Extension,297.4,2675.5,34.4,Closed,SNS-008
TEL-000473,2026-05-01T05:02:44,SITE-001,Section A — Mombasa-Nairobi Main,510.6,3461.9,23.5,Closed,SNS-004
TEL-002391,2026-06-04T12:38:33,SITE-003,Section E — Makueni Branch,437.8,2792.3,25.9,Closed,SNS-002
TEL-002890,2026-06-13T06:26:15,SITE-007,Section A — Mombasa-Nairobi Main,384.1,3557.7,38.2,Closed,SNS-005
TEL-004272,2026-07-09T01:43:04,SITE-006,Section F — Kisumu Terminal Link,288.8,1732.8,28.3,Open,SNS-003
TEL-000497,2026-05-01T16:51:03,SITE-005,Section B — Nairobi-Nakuru Spur,425.3,2676.5,25.0,Closed,SNS-012
TEL-003233,2026-06-19T09:49:52,Sinendet PS,Section F — Kisumu Terminal Link,454.8,4154.7,34.2,Partially Open,SNS-014
TEL-000226,2026-04-26T23:14:05,SITE-003,Section B — Nairobi-Nakuru Spur,343.0,2318.3,27.6,Open,SNS-014
TEL-003540,2026-06-24T23:23:33,SITE-005,Section C — Nakuru-Eldoret Extension,321.1,2064.3,21.6,Partially Open,SNS-007
TEL-001051,2026-05-11T14:24:19,SITE-006,Section B — Nairobi-Nakuru Spur,370.3,4637.8,40.1,Open,SNS-002
TEL-003263,2026-06-20T00:25:17,SITE-006,Section D — Sinendet Lateral,317.8,2721.9,29.5,Closed,SNS-008
TEL-001754,2026-05-23T16:57:30,SITE-007,Section D — Sinendet Lateral,414.1,4404.2,29.1,Partially Open,SNS-003
TEL-000703,2026-05-05T02:28:38,SITE-006,Section C — Nakuru-Eldoret Extension,584.6,,31.3,Open,SNS-002
TEL-003407,2026-06-22T12:20:00,Mombasa term,Section D — Sinendet Lateral,397.8,3135.8,25.4,Open,SNS-013
TEL-000860,2026-05-08T01:30:40,Nairobi  Terminal,Section D — Sinendet Lateral,346.0,3005.1,30.0,Open,SNS-005
TEL-001389,2026-05-17T11:40:52,SITE-001,Section A — Mombasa-Nairobi Main,502.0,3283.5,26.5,Partially Open,SNS-013
TEL-004214,2026-07-08T03:41:27,SITE-007,Section A — Mombasa-Nairobi Main,334.6,4966.0,24.0,Closed,SNS-003
TEL-002597,2026-06-08T11:35:43,SITE-004,Section E — Makueni Branch,375.2,3652.9,24.9,Partially Open,SNS-004
TEL-004623,2026-07-14T22:53:58,SITE-004,Section F — Kisumu Terminal Link,359.3,3275.1,27.3,Closed,SNS-003
TEL-001738,2026-05-23T08:41:17,SITE-002,Section F — Kisumu Terminal Link,484.6,3500.7,37.1,Open,SNS-011
TEL-001336,2026-05-16T18:30:01,SITE-004,Section D — Sinendet Lateral,414.4,4161.1,36.8,Closed,SNS-013
TEL-001249,2026-05-15T04:21:37,SITE-002,Section F — Kisumu Terminal Link,412.6,2543.5,39.7,Closed,SNS-003
TEL-002559,2026-06-07T17:10:42,Nakuru  Depot,Section E — Makueni Branch,379.8,2346.8,19.8,Partially Open,SNS-004
TEL-000466,2026-05-01T01:22:31,SITE-002,Section D — Sinendet Lateral,325.8,1852.1,34.7,Closed,SNS-013
TEL-002637,2026-06-09T06:46:40,SITE-003,Section A — Mombasa-Nairobi Main,340.0,2308.1,29.2,Closed,SNS-007
TEL-001439,2026-05-18T08:17:25,SITE-001,Section A — Mombasa-Nairobi Main,339.0,3463.4,27.2,Open,SNS-013
TEL-004309,2026-07-09T12:25:48,Nakuru  Depot,Section A — Mombasa-Nairobi Main,430.3,4740.2,35.8,Open,SNS-004
TEL-004791,2026-07-17T15:19:25,SITE-006,Section D — Sinendet Lateral,501.8,2748.3,28.9,Open,SNS-014
TEL-000448,2026-04-30T14:39:49,Kipevu terminal,Section E — Makueni Branch,495.5,1703.5,26.2,Open,SNS-013
TEL-003156,2026-06-18T02:06:00,SITE-002,Section F — Kisumu Terminal Link,325.4,2630.2,40.8,Open,SNS-007
TEL-004185,2026-07-07T15:07:20,SITE-001,Section F — Kisumu Terminal Link,210.2,1075.1,30.8,Open,SNS-004
TEL-001073,2026-05-12T01:52:37,SITE-003,Section D — Sinendet Lateral,468.6,2905.6,33.8,Open,SNS-007
TEL-002796,2026-06-11T19:57:24,SITE-002,Section D — Sinendet Lateral,595.0,2966.8,35.0,Closed,SNS-006
TEL-002592,2026-06-08T08:39:02,Nakuru  Depot,Section B — Nairobi-Nakuru Spur,455.2,3472.3,24.2,Open,SNS-013
TEL-002344,2026-06-03T15:39:03,SITE-004,Section A — Mombasa-Nairobi Main,509.0,2958.3,30.1,Closed,SNS-003
TEL-004057,2026-07-05T04:51:54,SITE-002,Section D — Sinendet Lateral,424.1,2891.0,29.2,Open,SNS-003
TEL-003237,2026-06-19T12:28:35,SITE-003,Section D — Sinendet Lateral,322.8,2885.8,35.9,Open,SNS-013
TEL-001641,2026-05-21T23:58:58,SITE-007,Section C — Nakuru-Eldoret Extension,395.6,3388.2,27.0,Open,SNS-006
TEL-000021,2026-04-23T11:42:17,SITE-002,Section E — Makueni Branch,488.8,2667.7,34.1,Closed,SNS-012
TEL-002469,2026-06-06T02:53:12,SITE-003,Section D — Sinendet Lateral,390.4,3276.2,24.4,Open,SNS-011
TEL-002501,2026-06-06T17:34:25,SITE-007,Section A — Mombasa-Nairobi Main,382.0,3206.2,29.2,Open,SNS-007
TEL-004985,2026-07-21T14:55:40,SITE-007,Section E — Makueni Branch,357.1,3866.8,31.1,Open,SNS-013
TEL-000298,2026-04-28T06:49:45,SITE-003,Section C — Nakuru-Eldoret Extension,250.7,3284.6,30.2,Partially Open,SNS-004
TEL-002210,2026-06-01T03:12:26,MSA Terminal,Section F — Kisumu Terminal Link,382.4,3273.7,28.6,Closed,SNS-006
TEL-003172,2026-06-18T09:13:07,SITE-004,Section B — Nairobi-Nakuru Spur,342.6,2432.6,21.8,Open,SNS-012
TEL-000401,2026-04-29T21:28:28,SITE-007,Section E — Makueni Branch,497.5,3401.9,36.8,Open,SNS-001
TEL-000686,2026-05-04T18:22:55,SITE-002,Section A — Mombasa-Nairobi Main,588.8,2761.1,44.1,Open,SNS-001
TEL-004705,2026-07-16T02:57:59,SITE-001,Section F — Kisumu Terminal Link,380.4,1189.5,20.2,Open,SNS-003
TEL-002117,2026-05-30T12:52:21,SITE-005,Section F — Kisumu Terminal Link,464.1,3287.0,24.6,Open,SNS-008
TEL-003711,2026-06-28T03:40:28,SITE-007,Section A — Mombasa-Nairobi Main,392.8,3311.7,25.9,Partially Open,SNS-001
TEL-001080,2026-05-12T03:36:21,Nakuru dep,Section A — Mombasa-Nairobi Main,330.4,2634.9,26.7,Open,SNS-004
TEL-001415,2026-05-17T20:07:49,SITE-004,Section E — Makueni Branch,492.4,3383.7,27.1,Closed,SNS-011
TEL-004564,2026-07-14T05:17:19,MOMBASA,Section E — Makueni Branch,390.4,3376.1,34.5,Closed,SNS-011
TEL-004076,2026-07-05T12:30:47,SITE-004,Section B — Nairobi-Nakuru Spur,399.4,2707.0,23.5,Closed,SNS-009
TEL-001156,2026-05-13T14:43:25,SITE-001,Section F — Kisumu Terminal Link,417.8,3546.0,30.9,Open,SNS-003
TEL-002743,2026-06-11T00:36:23,SITE-002,Section E — Makueni Branch,374.0,3632.2,31.9,Partially Open,SNS-003
TEL-004254,2026-07-08T18:57:21,SITE-004,Section C — Nakuru-Eldoret Extension,470.8,2825.2,37.9,Closed,SNS-006
TEL-004390,2026-07-11T02:04:13,MOMBASA,Section F — Kisumu Terminal Link,396.2,2086.6,29.0,Open,SNS-013
TEL-004691,2026-07-15T23:12:18,SITE-001,Section E — Makueni Branch,400.3,1438.7,16.3,Closed,SNS-008
TEL-000332,2026-04-28T21:16:37,SITE-007,Section E — Makueni Branch,353.3,2127.9,42.6,Open,SNS-006
TEL-002107,2026-05-30T05:46:31,SITE-007,Section D — Sinendet Lateral,392.4,3326.9,37.9,Open,SNS-011
TEL-001264,2026-05-15T12:15:15,SITE-006,Section E — Makueni Branch,,1946.2,24.5,Partially Open,SNS-001
TEL-003539,2026-06-24T22:42:24,SITE-002,Section C — Nakuru-Eldoret Extension,562.6,2912.9,22.1,Partially Open,SNS-013
TEL-000316,2026-04-28T13:28:06,SITE-004,Section D — Sinendet Lateral,477.3,3337.6,27.5,Closed,SNS-002
TEL-004506,2026-07-13T06:05:49,SITE-005,Section C — Nakuru-Eldoret Extension,298.5,2251.2,23.2,Partially Open,SNS-002
TEL-003838,2026-06-30T18:11:52,SITE-007,Section D — Sinendet Lateral,334.5,2985.5,37.0,Open,SNS-004
TEL-001458,2026-05-18T17:00:53,SITE-001,Section A — Mombasa-Nairobi Main,398.4,2259.1,29.0,Open,SNS-013
TEL-002696,2026-06-10T07:52:04,SITE-007,Section C — Nakuru-Eldoret Extension,426.2,2618.8,34.1,Open,SNS-009
TEL-002232,2026-06-01T14:14:48,SITE-005,Section F — Kisumu Terminal Link,291.6,2855.5,20.8,Open,SNS-006
TEL-002847,2026-06-12T13:27:39,SITE-006,Section C — Nakuru-Eldoret Extension,318.0,1376.2,30.9,Closed,SNS-011
TEL-001139,2026-05-13T09:41:53,Eldoret term,Section E — Makueni Branch,295.6,2569.7,19.6,Open,SNS-004
TEL-002472,2026-06-06T03:34:16,SITE-002,Section E — Makueni Branch,276.5,2108.0,32.9,Open,SNS-013
TEL-001449,2026-05-18T12:10:31,SITE-002,Section B — Nairobi-Nakuru Spur,335.5,2406.0,34.3,Closed,SNS-014
TEL-002596,2026-06-08T11:14:15,SITE-002,Section F — Kisumu Terminal Link,583.2,3843.5,44.9,Open,SNS-007
TEL-000383,2026-04-29T14:24:50,makueni section,Section D — Sinendet Lateral,479.2,4603.2,25.2,Closed,SNS-011
TEL-003385,2026-06-22T01:06:17,nakuru depot,Section A — Mombasa-Nairobi Main,263.6,2954.3,27.9,Closed,SNS-012
TEL-002720,2026-06-10T18:52:44,Nakuru  Depot,Section D — Sinendet Lateral,850,3182.6,31.2,Open,SNS-005
TEL-004731,2026-07-16T16:04:22,SITE-001,Section B — Nairobi-Nakuru Spur,250.4,3035.9,21.6,Open,SNS-002
TEL-004732,2026-07-16T17:21:06,SITE-001,Section D — Sinendet Lateral,410.7,3673.9,26.4,Open,SNS-001
TEL-003025,2026-06-15T20:28:13,SITE-006,Section F — Kisumu Terminal Link,325.9,1848.6,33.9,Closed,SNS-004
TEL-004870,2026-07-19T05:42:52,SITE-001,Section D — Sinendet Lateral,274.2,3464.7,35.8,Partially Open,SNS-011
TEL-001791,2026-05-24T08:29:18,SITE-001,Section B — Nairobi-Nakuru Spur,551.3,3251.3,25.6,Open,SNS-010
TEL-000956,2026-05-09T22:59:37,SITE-006,Section E — Makueni Branch,528.8,3575.0,19.7,Open,SNS-011
TEL-000165,2026-04-25T20:15:09,SITE-005,Section F — Kisumu Terminal Link,394.1,1614.0,41.7,Open,SNS-003
TEL-003817,2026-06-30T06:06:18,Nairobi term,Section C — Nakuru-Eldoret Extension,379.8,2738.6,31.4,Open,SNS-011
TEL-000116,2026-04-24T21:20:59,SITE-005,Section E — Makueni Branch,368.5,3294.8,37.4,Open,SNS-012
TEL-000380,2026-04-29T13:06:13,SITE-007,Section B — Nairobi-Nakuru Spur,389.6,4397.6,30.0,Open,SNS-010
TEL-003338,2026-06-21T07:10:34,makueni pipeline,Section A — Mombasa-Nairobi Main,415.1,1800.1,30.2,Open,SNS-007
TEL-003616,2026-06-26T10:55:57,SITE-004,Section E — Makueni Branch,387.0,2241.6,22.9,Closed,SNS-006
TEL-004482,2026-07-12T18:50:44,SITE-002,Section C — Nakuru-Eldoret Extension,352.3,3578.3,39.6,Open,SNS-012
TEL-000938,2026-05-09T14:02:33,SITE-006,Section E — Makueni Branch,400.0,1066.8,25.6,Partially Open,SNS-005
TEL-000092,2026-04-24T11:02:05,SITE-001,Section B — Nairobi-Nakuru Spur,289.1,3762.6,39.6,Open,SNS-001
TEL-002368,2026-06-04T03:34:17,Thange section,Section D — Sinendet Lateral,370.6,2061.9,33.6,Open,SNS-012
TEL-001535,2026-05-20T02:46:30,SITE-003,Section F — Kisumu Terminal Link,511.8,4864.1,28.5,Open,SNS-011
TEL-004751,2026-07-16T23:24:43,SITE-005,Section B — Nairobi-Nakuru Spur,341.4,,40.2,Open,SNS-009
TEL-000351,2026-04-29T05:13:58,SITE-002,Section F — Kisumu Terminal Link,387.4,3550.8,31.1,Open,SNS-010
TEL-004702,2026-07-16T02:22:22,SITE-002,Section A — Mombasa-Nairobi Main,434.6,2584.3,27.4,Open,SNS-013
TEL-001008,2026-05-10T22:43:48,SITE-004,Section E — Makueni Branch,258.5,1731.8,20.9,Open,SNS-006
TEL-000471,2026-05-01T04:11:01,SITE-005,Section D — Sinendet Lateral,502.4,4726.3,32.0,Partially Open,SNS-013
TEL-001514,2026-05-19T15:49:51,SITE-003,Section C — Nakuru-Eldoret Extension,430.3,2267.4,36.5,Open,SNS-009
TEL-002178,2026-05-31T13:32:16,kisumu terminal,Section B — Nairobi-Nakuru Spur,469.0,1440.7,24.8,Partially Open,SNS-005
TEL-003064,2026-06-16T15:43:46,makueni section,Section F — Kisumu Terminal Link,557.2,3033.8,30.9,Closed,SNS-010
TEL-001817,2026-05-24T22:05:20,SITE-001,Section C — Nakuru-Eldoret Extension,418.3,3118.4,31.7,Partially Open,SNS-006
TEL-001739,2026-05-23T10:32:47,SITE-007,Section C — Nakuru-Eldoret Extension,489.5,4426.1,28.0,Open,SNS-002
TEL-002568,2026-06-07T20:18:39,SITE-004,Section A — Mombasa-Nairobi Main,351.6,3472.4,15.0,Open,SNS-006
TEL-001953,2026-05-27T15:32:26,SITE-004,Section A — Mombasa-Nairobi Main,266.3,4301.3,29.5,Partially Open,SNS-001
TEL-001353,2026-05-17T01:26:29,SITE-005,Section E — Makueni Branch,450.0,2851.6,20.5,Partially Open,SNS-004
TEL-002390,2026-06-04T12:32:26,sinendet pump station,Section B — Nairobi-Nakuru Spur,265.4,2651.3,23.0,Closed,SNS-007
TEL-000283,2026-04-28T00:31:17,SITE-003,Section B — Nairobi-Nakuru Spur,331.1,1671.2,32.7,Partially Open,SNS-012
TEL-003258,2026-06-19T23:17:12,SITE-004,Section B — Nairobi-Nakuru Spur,513.1,2342.1,23.6,Closed,SNS-006
TEL-003124,2026-06-17T14:19:53,SITE-004,Section C — Nakuru-Eldoret Extension,465.8,2750.4,19.7,Partially Open,SNS-013
TEL-000711,2026-05-05T06:15:35,SITE-006,Section D — Sinendet Lateral,395.9,1962.2,35.7,Open,SNS-012
TEL-003869,2026-07-01T08:04:21,SITE-003,Section C — Nakuru-Eldoret Extension,471.7,2511.3,27.1,Open,SNS-002
TEL-000530,2026-05-02T04:16:26,SITE-006,Section F — Kisumu Terminal Link,428.6,4269.5,29.1,Open,SNS-004
TEL-003447,2026-06-23T08:39:26,MOMBASA,Section F — Kisumu Terminal Link,395.6,1248.0,17.1,Partially Open,SNS-004
TEL-000647,2026-05-04T04:37:52,SITE-004,Section D — Sinendet Lateral,273.1,3226.6,34.2,Open,SNS-006
TEL-000001,2026-04-23T00:08:34,NAIROBI,Section E — Makueni Branch,530.2,3433.1,28.4,Open,SNS-007
TEL-000667,2026-05-04T10:09:21,SITE-004,Section D — Sinendet Lateral,301.7,4121.0,31.9,Open,SNS-004
TEL-003268,2026-06-20T01:45:39,SITE-004,Section D — Sinendet Lateral,517.8,2892.5,34.0,Closed,SNS-009
TEL-000392,2026-04-29T16:38:24,SITE-005,Section B — Nairobi-Nakuru Spur,492.6,5000.0,33.7,Open,SNS-013
TEL-000694,2026-05-04T21:37:20,makueni section,Section D — Sinendet Lateral,335.5,1000.0,36.4,Open,SNS-011
TEL-004339,2026-07-10T02:35:18,SITE-002,Section A — Mombasa-Nairobi Main,397.8,3753.8,27.0,Closed,SNS-009
TEL-002977,2026-06-14T18:14:43,SITE-004,Section C — Nakuru-Eldoret Extension,263.3,3018.5,27.3,Partially Open,SNS-002
TEL-003767,2026-06-29T05:03:24,SITE-005,Section F — Kisumu Terminal Link,421.0,2528.7,21.4,Partially Open,SNS-003
TEL-003478,2026-06-23T21:30:12,nakuru depot,Section E — Makueni Branch,401.1,1467.9,23.2,Partially Open,SNS-002
TEL-002832,2026-06-12T07:38:08,SITE-005,Section F — Kisumu Terminal Link,403.3,3575.8,34.3,Open,SNS-004
TEL-001668,2026-05-22T09:18:23,SITE-004,Section C — Nakuru-Eldoret Extension,372.1,3914.1,30.8,Open,SNS-005
TEL-002941,2026-06-14T03:08:59,SITE-006,Section B — Nairobi-Nakuru Spur,397.3,1887.5,20.0,Open,SNS-012
TEL-000341,2026-04-29T02:21:21,SITE-001,Section B — Nairobi-Nakuru Spur,396.5,3325.4,36.5,Closed,SNS-008
TEL-003652,2026-06-27T04:33:15,SITE-005,Section E — Makueni Branch,380.5,3479.1,31.1,Open,SNS-007
TEL-001128,2026-05-13T03:40:22,SITE-007,Section D — Sinendet Lateral,384.2,4519.5,24.0,Partially Open,SNS-001
TEL-002086,2026-05-29T22:41:07,Nairobi  Terminal,Section D — Sinendet Lateral,437.1,3132.9,25.4,Open,SNS-005
TEL-002018,2026-05-28T18:30:39,SITE-006,Section C — Nakuru-Eldoret Extension,314.3,3725.7,30.4,Partially Open,SNS-003
TEL-000797,2026-05-06T23:41:18,ELD Terminal,Section B — Nairobi-Nakuru Spur,330.2,2982.6,23.8,Open,SNS-006
TEL-001746,2026-05-23T12:33:46,SITE-007,Section C — Nakuru-Eldoret Extension,515.5,3186.2,38.4,Closed,SNS-014
TEL-002243,2026-06-01T19:34:28,SITE-006,Section C — Nakuru-Eldoret Extension,378.3,2390.4,29.7,Closed,SNS-004
TEL-003963,2026-07-03T05:17:50,SITE-005,Section F — Kisumu Terminal Link,322.1,3852.6,19.6,Open,SNS-009
TEL-000640,2026-05-04T01:45:57,SITE-007,Section D — Sinendet Lateral,315.1,2623.4,26.4,Closed,SNS-003
TEL-002442,2026-06-05T09:40:55,SITE-001,Section E — Makueni Branch,408.0,2342.8,28.5,Closed,SNS-009
TEL-002536,2026-06-07T07:46:08,SITE-007,Section F — Kisumu Terminal Link,399.3,3415.1,32.0,Open,SNS-005
TEL-000209,2026-04-26T16:36:57,SITE-006,Section B — Nairobi-Nakuru Spur,365.1,2400.7,34.1,Partially Open,SNS-011
TEL-004496,2026-07-13T00:24:50,SITE-002,Section C — Nakuru-Eldoret Extension,519.3,3305.0,40.0,Open,SNS-009
TEL-001354,2026-05-17T01:32:46,SITE-001,Section E — Makueni Branch,308.3,3661.3,32.7,Open,SNS-005
TEL-004155,2026-07-06T23:38:05,SITE-005,Section B — Nairobi-Nakuru Spur,411.9,3657.3,34.3,Open,SNS-011
TEL-004410,2026-07-11T14:25:11,SINENDET,Section B — Nairobi-Nakuru Spur,483.7,2294.2,,Closed,SNS-005
TEL-000848,2026-05-07T17:46:10,SITE-001,Section F — Kisumu Terminal Link,402.8,2943.8,38.0,Open,SNS-010
TEL-003849,2026-06-30T22:10:47,SITE-004,Section D — Sinendet Lateral,424.9,4108.6,28.7,Closed,SNS-002
TEL-003112,2026-06-17T10:38:33,SITE-003,Section E — Makueni Branch,356.9,4579.8,31.8,Closed,SNS-001
TEL-004902,2026-07-19T18:06:55,SITE-007,Section B — Nairobi-Nakuru Spur,458.4,3298.6,43.9,Partially Open,SNS-004
TEL-001062,2026-05-11T19:36:16,SITE-002,Section B — Nairobi-Nakuru Spur,394.1,2543.8,36.0,Open,SNS-007
TEL-001241,2026-05-15T01:52:46,SITE-006,Section E — Makueni Branch,442.1,3144.1,33.1,Open,SNS-007
TEL-001970,2026-05-27T22:45:47,SITE-003,Section C — Nakuru-Eldoret Extension,424.5,2809.6,33.1,Open,SNS-005
TEL-002969,2026-06-14T16:43:51,SITE-001,Section F — Kisumu Terminal Link,463.0,3022.6,33.3,Partially Open,SNS-004
TEL-003470,2026-06-23T17:16:40,Eldoret  Terminal,Section A — Mombasa-Nairobi Main,405.4,3074.2,29.1,Closed,SNS-001
TEL-003840,2026-06-30T18:37:33,SITE-006,Section B — Nairobi-Nakuru Spur,517.6,1955.3,29.9,Open,SNS-007
TEL-001635,2026-05-21T21:56:16,SITE-005,Section A — Mombasa-Nairobi Main,221.1,4178.9,29.9,Closed,SNS-006
TEL-001903,2026-05-26T15:30:34,SITE-004,Section E — Makueni Branch,481.0,2117.8,37.9,Closed,SNS-006
TEL-000827,2026-05-07T10:54:30,SITE-003,Section D — Sinendet Lateral,385.4,1638.0,33.9,Open,SNS-008
TEL-000896,2026-05-08T16:25:22,SITE-002,Section E — Makueni Branch,467.1,2298.8,27.1,Partially Open,SNS-010
TEL-001690,2026-05-22T16:52:10,SITE-006,Section B — Nairobi-Nakuru Spur,424.5,3585.1,29.2,Partially Open,SNS-008
TEL-000264,2026-04-27T13:16:10,SITE-006,Section C — Nakuru-Eldoret Extension,405.1,2870.8,31.9,Open,SNS-003
TEL-001936,2026-05-27T08:03:08,SITE-002,Section B — Nairobi-Nakuru Spur,302.4,1687.6,37.7,Closed,SNS-008
TEL-001984,2026-05-28T03:03:29,Nairobi  Terminal,Section B — Nairobi-Nakuru Spur,303.4,3544.9,19.1,Open,SNS-012
TEL-001553,2026-05-20T08:23:10,SITE-006,Section D — Sinendet Lateral,497.3,2798.9,30.4,Open,SNS-002
TEL-000053,2026-04-23T21:42:09,SITE-007,Section B — Nairobi-Nakuru Spur,396.5,3290.4,27.0,Partially Open,SNS-003
TEL-003773,2026-06-29T08:30:40,SITE-003,Section A — Mombasa-Nairobi Main,383.5,2256.0,36.6,Open,SNS-007
TEL-003531,2026-06-24T20:33:49,SITE-003,Section D — Sinendet Lateral,600.0,3280.0,28.8,Open,SNS-009
TEL-002685,2026-06-10T04:03:27,SITE-002,Section E — Makueni Branch,414.5,3354.7,24.5,Open,SNS-008
TEL-004788,2026-07-17T14:36:39,SITE-006,Section B — Nairobi-Nakuru Spur,292.8,3326.2,33.5,Closed,SNS-008
TEL-002515,2026-06-06T22:16:29,SITE-004,Section A — Mombasa-Nairobi Main,488.0,2160.9,41.3,Open,SNS-006
TEL-000215,2026-04-26T18:29:00,SITE-003,Section D — Sinendet Lateral,364.0,2790.2,39.8,Open,SNS-011
TEL-000683,2026-05-04T17:47:38,SITE-004,Section C — Nakuru-Eldoret Extension,409.4,3188.2,31.9,Open,SNS-007
TEL-001176,2026-05-13T22:46:17,SITE-007,Section E — Makueni Branch,374.2,3021.4,24.8,Partially Open,SNS-010
TEL-002989,2026-06-14T22:48:21,SITE-003,Section F — Kisumu Terminal Link,342.2,3384.0,32.0,Open,SNS-003
TEL-001517,2026-05-19T18:08:04,SITE-007,Section D — Sinendet Lateral,382.4,3931.2,30.7,Open,SNS-007
TEL-001934,2026-05-27T06:10:58,SITE-007,Section F — Kisumu Terminal Link,1150,2875.8,26.8,Partially Open,SNS-003
TEL-003828,2026-06-30T11:58:47,SITE-002,Section C — Nakuru-Eldoret Extension,541.1,5000.0,25.3,Partially Open,SNS-007
TEL-001081,2026-05-12T05:06:11,SITE-002,Section D — Sinendet Lateral,489.0,2903.6,26.1,Open,SNS-003
TEL-002709,2026-06-10T14:21:10,SITE-001,Section D — Sinendet Lateral,488.9,3133.8,26.5,Open,SNS-002
TEL-000960,2026-05-10T00:11:42,SITE-001,Section B — Nairobi-Nakuru Spur,500.9,3467.8,25.2,Open,SNS-011
TEL-000421,2026-04-30T04:53:49,SITE-001,Section D — Sinendet Lateral,354.9,3475.3,31.6,Open,SNS-010
TEL-001093,2026-05-12T09:10:06,SITE-004,Section C — Nakuru-Eldoret Extension,455.9,3314.8,31.4,Partially Open,SNS-009
TEL-000412,2026-04-30T00:27:49,SITE-003,Section E — Makueni Branch,374.9,2499.0,33.6,Open,SNS-005
TEL-002803,2026-06-11T22:31:49,SITE-002,Section D — Sinendet Lateral,600.0,2300.5,22.2,Open,SNS-002
TEL-002676,2026-06-10T00:02:01,SITE-006,Section C — Nakuru-Eldoret Extension,412.7,4222.6,37.8,Closed,SNS-007
TEL-003568,2026-06-25T12:21:00,SITE-005,Section E — Makueni Branch,292.5,1931.3,21.7,Open,SNS-013
TEL-000210,2026-04-26T16:41:40,Nairobi term,Section E — Makueni Branch,234.1,2456.7,34.5,Open,SNS-008
TEL-000437,2026-04-30T11:06:09,SITE-007,Section C — Nakuru-Eldoret Extension,430.9,2084.6,22.9,Partially Open,SNS-010
TEL-002437,2026-06-05T08:28:21,SITE-006,Section A — Mombasa-Nairobi Main,483.4,2706.1,31.9,Closed,SNS-010
TEL-003223,2026-06-19T04:40:23,SITE-004,Section F — Kisumu Terminal Link,363.2,3441.7,28.5,Partially Open,SNS-005
TEL-002546,2026-06-07T10:20:11,SITE-006,Section C — Nakuru-Eldoret Extension,420.1,5000.0,44.7,Partially Open,SNS-001
TEL-002724,2026-06-10T19:47:20,SITE-003,Section E — Makueni Branch,324.3,3660.7,36.4,Open,SNS-012
TEL-000963,2026-05-10T01:12:48,SITE-006,Section A — Mombasa-Nairobi Main,358.4,4137.7,30.0,Closed,SNS-010
TEL-003005,2026-06-15T04:30:40,SITE-002,Section F — Kisumu Terminal Link,273.8,2006.8,29.7,Open,SNS-006
TEL-001308,2026-05-16T02:39:53,SITE-003,Section F — Kisumu Terminal Link,317.5,3206.2,18.1,Open,SNS-005
TEL-001632,2026-05-21T21:15:06,SITE-003,Section E — Makueni Branch,490.6,4199.6,22.4,Open,SNS-013
TEL-001255,2026-05-15T06:32:52,Mombasa term,Section B — Nairobi-Nakuru Spur,331.2,4142.1,26.3,Open,SNS-003
TEL-003778,2026-06-29T10:32:41,SITE-007,Section D — Sinendet Lateral,487.4,2291.6,26.9,Partially Open,SNS-008
TEL-003604,2026-06-26T04:03:48,SITE-002,Section C — Nakuru-Eldoret Extension,503.9,2742.2,27.1,Closed,SNS-008
TEL-004907,2026-07-19T21:17:41,SITE-002,Section A — Mombasa-Nairobi Main,403.5,3565.1,25.0,Open,SNS-001
TEL-004311,2026-07-09T13:32:56,SITE-006,Section A — Mombasa-Nairobi Main,585.9,2791.5,36.8,Open,SNS-002
TEL-001461,2026-05-18T17:58:29,SITE-003,Section D — Sinendet Lateral,469.9,2245.2,41.0,Open,SNS-012
TEL-004353,2026-07-10T10:44:41,SITE-003,Section B — Nairobi-Nakuru Spur,404.7,1920.6,36.4,Open,SNS-013
TEL-001002,2026-05-10T19:25:05,SITE-001,Section B — Nairobi-Nakuru Spur,373.0,2518.4,25.7,Partially Open,SNS-001
TEL-002870,2026-06-12T23:23:01,SITE-001,Section E — Makueni Branch,450.6,3706.8,27.0,Open,SNS-007
TEL-000780,2026-05-06T16:25:48,SITE-003,Section E — Makueni Branch,345.1,3090.7,29.3,Closed,SNS-001
TEL-001366,2026-05-17T03:53:10,SITE-001,Section A — Mombasa-Nairobi Main,396.2,2930.8,42.2,Open,SNS-014
TEL-002158,2026-05-31T04:18:13,SITE-005,Section A — Mombasa-Nairobi Main,252.6,3338.3,26.0,Partially Open,SNS-001
TEL-000018,2026-04-23T10:01:39,SITE-001,Section A — Mombasa-Nairobi Main,401.0,3389.5,32.4,Closed,SNS-003
TEL-003797,2026-06-29T15:11:58,SITE-005,Section F — Kisumu Terminal Link,575.6,1792.5,38.9,Partially Open,SNS-009
TEL-001652,2026-05-22T04:03:33,SITE-002,Section A — Mombasa-Nairobi Main,405.0,4068.8,27.2,Open,SNS-007
TEL-002594,2026-06-08T10:24:33,makueni pipeline,Section D — Sinendet Lateral,472.9,3568.1,25.8,Partially Open,SNS-010
TEL-000416,2026-04-30T02:23:22,SITE-002,Section F — Kisumu Terminal Link,431.1,2539.4,26.9,Open,SNS-008
TEL-004245,2026-07-08T15:17:44,SITE-004,Section D — Sinendet Lateral,477.5,3037.2,26.4,Open,SNS-008
TEL-001224,2026-05-14T20:32:15,SITE-002,Section F — Kisumu Terminal Link,328.2,4356.7,24.6,Open,SNS-007
TEL-003965,2026-07-03T05:47:12,SITE-001,Section B — Nairobi-Nakuru Spur,337.3,3721.4,38.2,Closed,SNS-001
TEL-004780,2026-07-17T11:48:42,SITE-002,Section B — Nairobi-Nakuru Spur,499.2,2273.8,41.2,Partially Open,SNS-009
TEL-001053,2026-05-11T15:51:14,SITE-001,Section D — Sinendet Lateral,333.2,2064.7,28.2,Open,SNS-006
TEL-001646,2026-05-22T01:59:55,SITE-007,Section F — Kisumu Terminal Link,403.7,2543.1,24.6,Closed,SNS-012
TEL-001840,2026-05-25T08:39:35,SITE-007,Section C — Nakuru-Eldoret Extension,338.6,1940.4,21.3,Partially Open,SNS-012
TEL-003526,2026-06-24T18:12:52,SITE-006,Section E — Makueni Branch,519.3,2368.7,29.7,Open,SNS-009
TEL-000040,2026-04-23T16:35:51,SITE-007,Section C — Nakuru-Eldoret Extension,317.8,4151.1,27.1,Open,SNS-001
TEL-000343,2026-04-29T02:44:20,SITE-004,Section E — Makueni Branch,384.1,2247.5,33.0,Closed,SNS-010
TEL-004886,2026-07-19T12:11:42,SITE-001,Section B — Nairobi-Nakuru Spur,600.0,3755.9,31.4,Open,SNS-012
TEL-000992,2026-05-10T15:03:02,SITE-007,Section C — Nakuru-Eldoret Extension,325.4,2378.5,28.5,Partially Open,SNS-002
TEL-003714,2026-06-28T05:09:06,SITE-007,Section E — Makueni Branch,328.2,2781.8,25.1,Partially Open,SNS-008
TEL-001404,2026-05-17T16:39:36,SITE-003,Section D — Sinendet Lateral,395.2,4901.3,32.8,Closed,SNS-013
TEL-002814,2026-06-12T01:47:03,SITE-003,Section C — Nakuru-Eldoret Extension,412.0,3048.9,19.8,Partially Open,SNS-007
TEL-000582,2026-05-03T04:01:40,SITE-004,Section B — Nairobi-Nakuru Spur,228.2,3369.2,28.7,Closed,SNS-014
TEL-000045,2026-04-23T18:04:01,SITE-002,Section A — Mombasa-Nairobi Main,467.9,,21.2,Closed,SNS-003
TEL-004889,2026-07-19T12:44:23,SITE-005,Section C — Nakuru-Eldoret Extension,423.7,1660.4,15.0,Partially Open,SNS-006
TEL-000697,2026-05-04T23:20:38,MOMBASA,Section A — Mombasa-Nairobi Main,409.0,1642.2,32.3,Partially Open,SNS-002
TEL-000549,2026-05-02T16:57:29,SITE-006,Section F — Kisumu Terminal Link,367.7,3131.2,19.1,Closed,SNS-003
TEL-000422,2026-04-30T05:09:51,SITE-007,Section A — Mombasa-Nairobi Main,443.9,2080.3,25.7,Open,SNS-013
TEL-002050,2026-05-29T09:41:48,SITE-003,Section B — Nairobi-Nakuru Spur,536.3,3191.7,23.6,Open,SNS-010
TEL-000488,2026-05-01T11:48:14,SITE-003,Section D — Sinendet Lateral,422.4,2813.2,41.6,Open,SNS-012
TEL-002004,2026-05-28T11:25:59,SITE-004,Section D — Sinendet Lateral,499.9,2520.1,17.3,Open,SNS-009
TEL-001492,2026-05-19T06:23:13,SITE-007,Section C — Nakuru-Eldoret Extension,518.3,2781.9,15.0,Open,SNS-010
TEL-001378,2026-05-17T07:37:38,SITE-002,Section C — Nakuru-Eldoret Extension,523.1,2628.4,35.9,Closed,SNS-007
TEL-000409,2026-04-29T23:41:23,SITE-003,Section B — Nairobi-Nakuru Spur,342.1,2922.5,36.3,Closed,SNS-004
TEL-003646,2026-06-27T02:34:05,Nakuru dep,Section A — Mombasa-Nairobi Main,298.2,1518.7,31.3,Closed,SNS-002
TEL-002284,2026-06-02T12:28:30,SITE-002,Section B — Nairobi-Nakuru Spur,400.2,3177.7,37.2,Open,SNS-003
TEL-001838,2026-05-25T07:53:59,SITE-003,Section A — Mombasa-Nairobi Main,444.8,5000.0,27.5,Partially Open,SNS-003
TEL-001503,2026-05-19T11:20:25,SITE-002,Section A — Mombasa-Nairobi Main,410.3,5000.0,16.4,Open,SNS-007
TEL-001269,2026-05-15T14:31:30,SITE-001,Section A — Mombasa-Nairobi Main,302.9,3037.1,39.0,Open,SNS-007
TEL-004738,2026-07-16T18:52:37,ELDORET,Section A — Mombasa-Nairobi Main,432.4,3371.8,33.6,Partially Open,SNS-008
TEL-002263,2026-06-02T02:59:19,SITE-003,Section B — Nairobi-Nakuru Spur,242.2,3660.2,23.3,Open,SNS-010
TEL-000403,2026-04-29T21:52:23,SITE-002,Section A — Mombasa-Nairobi Main,466.5,1454.0,26.8,Closed,SNS-007
TEL-000486,2026-05-01T11:17:49,SITE-006,Section E — Makueni Branch,445.8,2265.8,32.8,Closed,SNS-011
TEL-002986,2026-06-14T20:32:39,SITE-006,Section C — Nakuru-Eldoret Extension,507.3,2059.0,37.4,Open,SNS-002
TEL-001869,2026-05-25T20:09:57,SITE-002,Section C — Nakuru-Eldoret Extension,466.8,2980.0,33.9,Closed,SNS-010
TEL-004647,2026-07-15T07:21:56,SITE-004,Section B — Nairobi-Nakuru Spur,382.5,3791.5,30.9,Partially Open,SNS-011
TEL-001828,2026-05-25T03:45:49,ELDORET,Section B — Nairobi-Nakuru Spur,370.9,2641.4,30.7,Closed,SNS-004
TEL-004417,2026-07-11T19:20:03,SITE-005,Section A — Mombasa-Nairobi Main,265.9,3139.7,43.9,Partially Open,SNS-004
TEL-002623,2026-06-08T22:23:32,SITE-007,Section E — Makueni Branch,407.4,2716.1,26.5,Open,SNS-005
TEL-001878,2026-05-26T01:15:06,SITE-006,Section D — Sinendet Lateral,483.7,1946.7,25.5,Open,SNS-012
TEL-002082,2026-05-29T20:34:55,SITE-002,Section C — Nakuru-Eldoret Extension,347.8,3465.2,32.9,Closed,SNS-013
TEL-003360,2026-06-21T15:01:07,SITE-004,Section F — Kisumu Terminal Link,394.7,4745.3,21.1,Closed,SNS-001
TEL-002619,2026-06-08T20:58:04,SITE-003,Section C — Nakuru-Eldoret Extension,548.8,3541.8,19.7,Partially Open,SNS-008
TEL-001866,2026-05-25T18:59:27,SITE-002,Section E — Makueni Branch,414.1,2984.4,36.9,Open,SNS-009
TEL-002192,2026-05-31T20:05:13,SITE-004,Section D — Sinendet Lateral,315.9,3760.5,32.1,Closed,SNS-006
TEL-001548,2026-05-20T06:39:07,SITE-003,Section B — Nairobi-Nakuru Spur,298.1,3021.2,22.1,Partially Open,SNS-009
TEL-002700,2026-06-10T09:53:23,SITE-004,Section E — Makueni Branch,508.0,4205.5,26.6,Open,SNS-006
TEL-001955,2026-05-27T16:25:37,SITE-002,Section F — Kisumu Terminal Link,343.8,2802.1,20.1,Open,SNS-013
TEL-004613,2026-07-14T20:12:12,SITE-005,Section D — Sinendet Lateral,415.1,3508.6,31.5,Partially Open,SNS-005
TEL-001673,2026-05-22T12:10:37,SITE-006,Section B — Nairobi-Nakuru Spur,,3655.1,29.5,Closed,SNS-013
TEL-004808,2026-07-17T21:04:50,SITE-003,Section D — Sinendet Lateral,573.5,,34.2,Closed,SNS-009
TEL-000991,2026-05-10T14:40:56,SITE-005,Section C — Nakuru-Eldoret Extension,384.6,1503.5,20.1,Partially Open,SNS-007
TEL-003125,2026-06-17T14:22:33,SITE-002,Section A — Mombasa-Nairobi Main,304.8,2936.4,31.2,Open,SNS-004
TEL-000378,2026-04-29T13:00:59,SITE-003,Section A — Mombasa-Nairobi Main,200.0,2625.6,32.8,Open,SNS-011
TEL-003142,2026-06-17T20:14:07,SITE-007,Section C — Nakuru-Eldoret Extension,436.3,3327.2,27.2,Closed,SNS-008
TEL-002241,2026-06-01T17:55:00,SITE-005,Section A — Mombasa-Nairobi Main,374.0,1682.2,31.1,Open,SNS-010
TEL-000959,2026-05-09T23:58:08,SITE-001,Section D — Sinendet Lateral,402.5,2200.0,40.2,Partially Open,SNS-012
TEL-002907,2026-06-13T14:11:04,SITE-006,Section E — Makueni Branch,472.7,,33.0,Closed,SNS-002
TEL-003896,2026-07-01T20:50:21,SITE-003,Section D — Sinendet Lateral,445.9,2491.6,41.3,Open,SNS-009
TEL-000149,2026-04-25T12:57:56,SITE-006,Section B — Nairobi-Nakuru Spur,521.5,2213.9,21.5,Closed,SNS-007
TEL-001515,2026-05-19T16:31:25,makueni section,Section D — Sinendet Lateral,450.9,3496.0,29.1,Closed,SNS-011
TEL-002915,2026-06-13T18:15:11,mombasa terminal,Section B — Nairobi-Nakuru Spur,,2244.6,33.5,Closed,SNS-014
TEL-004173,2026-07-07T09:14:00,SITE-004,Section F — Kisumu Terminal Link,329.3,2834.0,24.7,Open,SNS-004
TEL-002731,2026-06-10T22:03:57,SITE-004,Section A — Mombasa-Nairobi Main,221.2,3334.2,21.8,Closed,SNS-014
TEL-003496,2026-06-24T06:22:37,SITE-003,Section C — Nakuru-Eldoret Extension,338.9,3273.6,30.4,Partially Open,SNS-003
TEL-004326,2026-07-09T19:26:10,SITE-003,Section A — Mombasa-Nairobi Main,417.8,3544.2,29.8,Open,SNS-010
TEL-003801,2026-06-29T18:18:04,SITE-004,Section F — Kisumu Terminal Link,411.8,2838.0,27.2,Closed,SNS-013
TEL-001284,2026-05-15T20:17:45,SITE-005,Section F — Kisumu Terminal Link,347.8,2496.0,32.9,Open,SNS-010
TEL-002779,2026-06-11T12:48:39,SITE-003,Section B — Nairobi-Nakuru Spur,,3510.3,27.6,Partially Open,SNS-003
TEL-000093,2026-04-24T11:02:43,SITE-001,Section B — Nairobi-Nakuru Spur,447.0,2766.0,28.2,Closed,SNS-012
TEL-004277,2026-07-09T03:47:52,SITE-005,Section A — Mombasa-Nairobi Main,468.7,2723.3,38.5,Open,SNS-006
TEL-001650,2026-05-22T03:50:52,SITE-001,Section D — Sinendet Lateral,505.2,2424.9,34.6,Closed,SNS-005
TEL-001245,2026-05-15T03:07:18,SITE-007,Section B — Nairobi-Nakuru Spur,362.8,4117.4,19.1,Partially Open,SNS-010
TEL-003378,2026-06-21T21:12:29,SITE-003,Section C — Nakuru-Eldoret Extension,522.2,2158.3,38.5,Open,SNS-010
TEL-002841,2026-06-12T10:37:00,SITE-004,Section E — Makueni Branch,384.8,2868.4,24.1,Closed,SNS-003
TEL-003337,2026-06-21T06:06:15,SITE-004,Section E — Makueni Branch,504.0,4683.7,36.3,Partially Open,SNS-003
TEL-000602,2026-05-03T11:17:25,Eldoret  Terminal,Section A — Mombasa-Nairobi Main,479.6,4092.3,27.2,Open,SNS-004
TEL-001207,2026-05-14T15:26:03,SITE-006,Section C — Nakuru-Eldoret Extension,443.8,2359.1,29.6,Closed,SNS-013
TEL-004720,2026-07-16T10:57:52,SITE-007,Section F — Kisumu Terminal Link,303.7,2712.0,36.9,Open,SNS-010
TEL-002942,2026-06-14T03:12:28,SITE-001,Section B — Nairobi-Nakuru Spur,544.8,4679.7,23.8,Closed,SNS-011
TEL-000232,2026-04-27T00:49:02,SITE-001,Section C — Nakuru-Eldoret Extension,200.0,3596.3,18.2,Closed,SNS-008
TEL-002128,2026-05-30T16:11:39,SITE-007,Section C — Nakuru-Eldoret Extension,484.6,1989.9,28.9,Open,SNS-011
TEL-003529,2026-06-24T19:35:45,SITE-005,Section A — Mombasa-Nairobi Main,402.2,3114.8,24.6,Partially Open,SNS-006
TEL-003601,2026-06-26T03:22:32,SITE-004,Section A — Mombasa-Nairobi Main,435.3,2520.1,20.2,Open,SNS-008
TEL-001043,2026-05-11T11:34:52,SITE-003,Section D — Sinendet Lateral,297.1,1735.9,22.2,Open,SNS-012
TEL-001766,2026-05-23T21:49:00,SITE-005,Section B — Nairobi-Nakuru Spur,381.4,3050.9,40.8,Open,SNS-001
TEL-001606,2026-05-21T07:37:44,nairobi terminal,Section C — Nakuru-Eldoret Extension,496.3,1719.8,37.1,Open,SNS-010
TEL-004318,2026-07-09T17:06:59,KISUMU,Section E — Makueni Branch,425.1,2864.1,31.4,Open,SNS-007
TEL-003642,2026-06-27T02:19:00,SITE-002,Section F — Kisumu Terminal Link,463.7,3110.0,34.3,Open,SNS-007
TEL-001893,2026-05-26T07:49:37,Eldoret  Terminal,Section D — Sinendet Lateral,480.2,2228.1,27.1,Partially Open,SNS-004
TEL-001182,2026-05-13T23:58:29,SITE-001,Section B — Nairobi-Nakuru Spur,420.0,3677.2,34.5,Closed,SNS-014
TEL-003912,2026-07-02T03:37:03,SITE-001,Section A — Mombasa-Nairobi Main,444.5,2885.8,36.9,Open,SNS-011
TEL-004879,2026-07-19T09:55:38,SITE-001,Section F — Kisumu Terminal Link,515.1,4078.9,37.0,Partially Open,SNS-010
TEL-004933,2026-07-20T12:22:03,SITE-004,Section E — Makueni Branch,464.8,3553.7,33.4,Open,SNS-012
TEL-002354,2026-06-03T19:16:21,SITE-002,Section D — Sinendet Lateral,461.9,3674.6,15.4,Open,SNS-010
TEL-002473,2026-06-06T04:22:16,SITE-007,Section F — Kisumu Terminal Link,321.1,2057.2,34.6,Closed,SNS-002
TEL-003079,2026-06-16T22:02:36,SITE-002,Section D — Sinendet Lateral,364.8,2816.3,38.7,Open,SNS-006
TEL-002932,2026-06-13T23:51:20,SITE-006,Section D — Sinendet Lateral,369.2,3916.2,25.1,Closed,SNS-003
TEL-003829,2026-06-30T13:17:16,SITE-002,Section E — Makueni Branch,304.4,3844.8,35.7,Closed,SNS-008
TEL-000415,2026-04-30T01:49:58,SITE-007,Section C — Nakuru-Eldoret Extension,471.3,2520.9,31.4,Open,SNS-002
TEL-004903,2026-07-19T18:41:46,SITE-004,Section B — Nairobi-Nakuru Spur,365.3,3163.4,41.0,Open,SNS-001
TEL-004239,2026-07-08T13:40:02,SITE-005,Section A — Mombasa-Nairobi Main,528.6,3780.4,31.0,Partially Open,SNS-001
TEL-003501,2026-06-24T08:19:00,kisumu terminal,Section B — Nairobi-Nakuru Spur,400.0,2138.4,31.4,Open,SNS-008
TEL-001915,2026-05-26T20:28:30,SITE-007,Section C — Nakuru-Eldoret Extension,443.4,3691.2,29.8,Open,SNS-001
TEL-002220,2026-06-01T07:06:06,SITE-002,Section F — Kisumu Terminal Link,390.2,,20.1,Partially Open,SNS-009
TEL-001257,2026-05-15T09:35:44,SITE-004,Section B — Nairobi-Nakuru Spur,439.6,3419.7,31.8,Open,SNS-003
TEL-001049,2026-05-11T14:01:40,SITE-005,Section C — Nakuru-Eldoret Extension,384.3,3579.3,30.3,Open,SNS-001
TEL-000370,2026-04-29T11:07:34,SITE-004,Section E — Makueni Branch,328.3,2912.7,34.3,Partially Open,SNS-011
TEL-000518,2026-05-02T00:26:49,SITE-006,Section D — Sinendet Lateral,392.3,4038.5,33.2,Closed,SNS-005
TEL-002961,2026-06-14T12:03:04,SITE-006,Section B — Nairobi-Nakuru Spur,320.2,2488.1,33.3,Closed,SNS-014
TEL-003346,2026-06-21T10:24:05,Eldoret term,Section F — Kisumu Terminal Link,255.8,4103.3,21.7,Partially Open,SNS-006
TEL-000023,2026-04-23T11:50:34,NKR Depot,Section B — Nairobi-Nakuru Spur,420.5,1820.1,25.9,Closed,SNS-013
TEL-003844,2026-06-30T20:34:50,SITE-003,Section D — Sinendet Lateral,850,4147.3,23.3,Partially Open,SNS-001
TEL-001466,2026-05-18T19:50:56,Kisumu term,Section A — Mombasa-Nairobi Main,301.5,2050.9,26.6,Partially Open,SNS-008
TEL-004917,2026-07-20T01:35:38,SITE-006,Section C — Nakuru-Eldoret Extension,445.3,2714.8,26.9,Open,SNS-008
TEL-000220,2026-04-26T18:59:44,SITE-004,Section F — Kisumu Terminal Link,341.7,2773.2,29.2,Open,SNS-005
TEL-002446,2026-06-05T12:13:05,SITE-006,Section F — Kisumu Terminal Link,561.7,4084.6,28.4,Closed,SNS-003
TEL-004565,2026-07-14T05:35:30,Kisumu term,Section B — Nairobi-Nakuru Spur,357.7,2474.0,29.7,Open,SNS-003
TEL-004698,2026-07-16T00:56:20,SITE-003,Section B — Nairobi-Nakuru Spur,444.1,2762.3,33.9,Partially Open,SNS-012
TEL-004892,2026-07-19T14:18:52,SITE-004,Section B — Nairobi-Nakuru Spur,403.9,1823.6,23.9,Open,SNS-009
TEL-004815,2026-07-18T01:58:54,SITE-001,Section C — Nakuru-Eldoret Extension,310.2,3498.6,15.0,Closed,SNS-007
TEL-004516,2026-07-13T09:15:59,SITE-005,Section A — Mombasa-Nairobi Main,335.4,2651.6,24.8,Open,SNS-004
TEL-004297,2026-07-09T08:26:35,SITE-004,Section B — Nairobi-Nakuru Spur,444.0,2242.3,26.1,Open,SNS-005
TEL-004451,2026-07-12T05:29:01,SITE-003,Section D — Sinendet Lateral,268.7,3688.2,29.8,Closed,SNS-001
TEL-004766,2026-07-17T05:03:34,Nairobi term,Section D — Sinendet Lateral,1104.5,2236.8,26.9,Partially Open,SNS-007
TEL-000794,2026-05-06T23:06:10,SITE-003,Section E — Makueni Branch,495.7,3553.1,27.1,Partially Open,SNS-012
TEL-002488,2026-06-06T13:09:02,SITE-002,Section B — Nairobi-Nakuru Spur,507.1,2596.0,28.9,Closed,SNS-008
TEL-001931,2026-05-27T05:35:15,SITE-003,Section F — Kisumu Terminal Link,700,2916.3,19.2,Open,SNS-002
TEL-000513,2026-05-01T22:19:36,SITE-005,Section A — Mombasa-Nairobi Main,417.7,2797.3,24.2,Partially Open,SNS-007
TEL-001010,2026-05-10T23:00:50,SITE-005,Section B — Nairobi-Nakuru Spur,365.2,1701.1,24.0,Open,SNS-012
TEL-002789,2026-06-11T16:42:13,Kisumu  Terminal,Section B — Nairobi-Nakuru Spur,322.8,2289.2,20.0,Open,SNS-008
TEL-000245,2026-04-27T06:01:00,SITE-007,Section B — Nairobi-Nakuru Spur,355.9,3379.4,35.0,Open,SNS-014
TEL-003029,2026-06-15T22:32:15,SITE-004,Section E — Makueni Branch,700,3606.9,26.4,Partially Open,SNS-008
TEL-003185,2026-06-18T13:12:48,MSA Terminal,Section B — Nairobi-Nakuru Spur,300.0,3127.1,27.9,Partially Open,SNS-009
TEL-002983,2026-06-14T20:08:47,SITE-002,Section C — Nakuru-Eldoret Extension,357.3,2228.3,33.5,Closed,SNS-014
TEL-003476,2026-06-23T20:03:07,Nairobi term,Section C — Nakuru-Eldoret Extension,499.4,1734.6,28.3,Closed,SNS-009
TEL-004799,2026-07-17T18:32:27,SITE-007,Section A — Mombasa-Nairobi Main,430.1,3028.7,25.1,Open,SNS-013
TEL-004236,2026-07-08T12:35:05,SITE-007,Section D — Sinendet Lateral,305.6,3134.3,38.4,Open,SNS-013
TEL-004645,2026-07-15T06:59:07,SITE-005,Section D — Sinendet Lateral,501.5,1400.9,32.7,Open,SNS-009
TEL-000281,2026-04-27T23:41:51,Thange section,Section B — Nairobi-Nakuru Spur,459.5,2931.5,28.1,Closed,SNS-004
TEL-004487,2026-07-12T20:16:22,SITE-001,Section B — Nairobi-Nakuru Spur,385.0,,33.5,Closed,SNS-014
TEL-001565,2026-05-20T12:37:54,SITE-007,Section F — Kisumu Terminal Link,536.3,2371.6,23.5,Open,SNS-002
TEL-002914,2026-06-13T18:04:39,SITE-002,Section C — Nakuru-Eldoret Extension,447.9,2420.9,33.5,Partially Open,SNS-001
TEL-001726,2026-05-23T04:05:10,makueni pipeline,Section D — Sinendet Lateral,431.1,3270.5,31.1,Closed,SNS-001
TEL-003516,2026-06-24T15:02:14,SITE-007,Section D — Sinendet Lateral,333.1,3141.8,36.7,Closed,SNS-013
TEL-000954,2026-05-09T21:41:06,SITE-002,Section C — Nakuru-Eldoret Extension,376.8,1889.7,35.1,Open,SNS-006
TEL-001849,2026-05-25T11:36:07,SITE-005,Section E — Makueni Branch,456.0,2638.5,28.9,Closed,SNS-002
TEL-002923,2026-06-13T20:49:19,SITE-006,Section D — Sinendet Lateral,398.4,1507.0,32.4,Closed,SNS-001
TEL-002381,2026-06-04T08:54:07,SITE-003,Section C — Nakuru-Eldoret Extension,355.5,2928.2,19.2,Open,SNS-003
TEL-000048,2026-04-23T19:58:41,SITE-006,Section E — Makueni Branch,217.9,1875.0,39.7,Closed,SNS-002
TEL-000506,2026-05-01T20:07:13,SITE-006,Section A — Mombasa-Nairobi Main,502.8,3348.8,44.5,Closed,SNS-014
TEL-001079,2026-05-12T03:28:05,SITE-007,Section E — Makueni Branch,326.8,3799.3,27.8,Closed,SNS-012
TEL-003017,2026-06-15T12:26:02,NKR Depot,Section C — Nakuru-Eldoret Extension,398.6,2845.0,34.5,Open,SNS-002
TEL-004485,2026-07-12T19:27:38,SITE-003,Section C — Nakuru-Eldoret Extension,321.8,3215.8,27.1,Partially Open,SNS-011
TEL-003811,2026-06-30T02:17:04,SITE-005,Section E — Makueni Branch,457.6,3856.5,33.9,Open,SNS-003
TEL-001493,2026-05-19T06:55:57,SITE-003,Section E — Makueni Branch,354.2,3300.4,30.2,Closed,SNS-008
TEL-002143,2026-05-30T23:10:12,MOMBASA,Section F — Kisumu Terminal Link,383.6,3098.2,33.5,Closed,SNS-008
TEL-002587,2026-06-08T06:12:26,Mombasa  Terminal,Section C — Nakuru-Eldoret Extension,410.1,1804.9,25.7,Closed,SNS-011
TEL-002831,2026-06-12T07:17:20,ELD Terminal,Section D — Sinendet Lateral,497.8,2589.7,25.9,Open,SNS-004
TEL-004025,2026-07-04T12:19:04,SITE-004,Section D — Sinendet Lateral,419.4,1794.5,15.0,Open,SNS-005
TEL-004552,2026-07-14T01:35:25,SITE-001,Section B — Nairobi-Nakuru Spur,475.7,3082.7,31.3,Open,SNS-013
TEL-000004,2026-04-23T01:59:23,SITE-001,Section C — Nakuru-Eldoret Extension,248.8,3484.1,43.0,Closed,SNS-007
TEL-004242,2026-07-08T14:20:15,SITE-006,Section C — Nakuru-Eldoret Extension,362.6,3186.6,45.0,Open,SNS-004
TEL-003589,2026-06-25T21:09:51,SITE-006,Section E — Makueni Branch,562.8,2417.6,33.5,Partially Open,SNS-005
TEL-002935,2026-06-14T00:21:56,SITE-005,Section E — Makueni Branch,443.2,3696.5,24.7,Closed,SNS-010
TEL-001958,2026-05-27T17:24:39,SITE-007,Section C — Nakuru-Eldoret Extension,346.8,3554.8,36.8,Partially Open,SNS-005
TEL-001481,2026-05-19T03:09:21,SITE-002,Section D — Sinendet Lateral,467.6,4028.4,21.7,Closed,SNS-009
TEL-004351,2026-07-10T09:05:05,SITE-002,Section A — Mombasa-Nairobi Main,322.8,4042.5,27.1,Closed,SNS-012
TEL-004093,2026-07-05T19:40:06,SITE-003,Section A — Mombasa-Nairobi Main,431.9,2540.9,37.4,Open,SNS-013
TEL-002711,2026-06-10T16:06:54,SITE-001,Section E — Makueni Branch,385.7,2744.9,29.1,Open,SNS-009
TEL-004377,2026-07-10T21:53:32,SITE-002,Section F — Kisumu Terminal Link,220.3,3343.6,21.7,Open,SNS-009
TEL-001975,2026-05-28T00:32:38,SITE-007,Section C — Nakuru-Eldoret Extension,374.6,4247.1,34.6,Open,SNS-006
TEL-000682,2026-05-04T16:53:12,SITE-007,Section E — Makueni Branch,425.7,2942.2,23.6,Closed,SNS-002
TEL-000493,2026-05-01T13:22:40,SITE-007,Section E — Makueni Branch,472.5,2764.1,29.0,Open,SNS-007
TEL-003548,2026-06-25T01:49:35,SITE-004,Section B — Nairobi-Nakuru Spur,510.4,2427.1,30.2,Partially Open,SNS-013
TEL-000063,2026-04-24T01:06:17,SITE-007,Section C — Nakuru-Eldoret Extension,308.0,4088.6,26.7,Open,SNS-014
TEL-003824,2026-06-30T09:38:18,SITE-004,Section C — Nakuru-Eldoret Extension,331.8,3425.4,29.7,Open,SNS-001
TEL-003856,2026-06-30T23:37:21,SITE-007,Section A — Mombasa-Nairobi Main,316.7,4112.1,26.5,Open,SNS-007
TEL-004657,2026-07-15T11:38:49,SITE-001,Section A — Mombasa-Nairobi Main,262.1,3256.6,19.1,Closed,SNS-010
TEL-003087,2026-06-17T00:37:15,SITE-001,Section E — Makueni Branch,392.3,4224.2,30.6,Partially Open,SNS-005
TEL-003049,2026-06-16T08:25:01,SITE-004,Section A — Mombasa-Nairobi Main,482.4,3192.5,22.7,Open,SNS-012
TEL-000826,2026-05-07T10:43:43,SITE-002,Section C — Nakuru-Eldoret Extension,271.9,3016.3,21.9,Open,SNS-012
TEL-003567,2026-06-25T11:57:08,MSA Terminal,Section B — Nairobi-Nakuru Spur,368.6,3472.3,38.7,Partially Open,SNS-006
TEL-000509,2026-05-01T21:00:53,SITE-001,Section F — Kisumu Terminal Link,600.0,2159.6,29.5,Closed,SNS-002
TEL-002137,2026-05-30T18:46:44,SITE-004,Section A — Mombasa-Nairobi Main,367.1,3126.5,26.1,Closed,SNS-005
TEL-000305,2026-04-28T09:48:46,Kisumu term,Section D — Sinendet Lateral,406.5,2530.4,18.9,Open,SNS-005
TEL-003854,2026-06-30T22:36:17,SITE-003,Section A — Mombasa-Nairobi Main,533.8,2898.6,32.5,Partially Open,SNS-010
TEL-003000,2026-06-15T03:22:37,SITE-001,Section A — Mombasa-Nairobi Main,363.1,3671.9,24.1,Partially Open,SNS-005
TEL-004555,2026-07-14T02:44:19,SITE-007,Section A — Mombasa-Nairobi Main,561.0,3670.9,31.6,Partially Open,SNS-007
TEL-001067,2026-05-11T22:47:11,SITE-006,Section F — Kisumu Terminal Link,426.2,3545.6,36.5,Open,SNS-001
TEL-003664,2026-06-27T09:52:07,SITE-003,Section D — Sinendet Lateral,,4096.8,28.3,Closed,SNS-011
TEL-001285,2026-05-15T20:30:56,SITE-007,Section D — Sinendet Lateral,321.8,2517.0,37.0,Open,SNS-003
TEL-000327,2026-04-28T19:31:16,SITE-005,Section F — Kisumu Terminal Link,264.4,2419.7,26.6,Closed,SNS-013
TEL-000883,2026-05-08T10:47:14,SITE-002,Section D — Sinendet Lateral,279.2,2285.7,35.6,Open,SNS-013
TEL-003595,2026-06-25T23:10:52,SITE-001,Section D — Sinendet Lateral,359.4,4218.0,21.2,Open,SNS-009
TEL-002854,2026-06-12T15:47:45,SITE-005,Section E — Makueni Branch,444.9,1385.0,28.9,Closed,SNS-003
TEL-002798,2026-06-11T20:10:42,SITE-001,Section D — Sinendet Lateral,423.1,1947.5,23.2,Partially Open,SNS-013
TEL-001662,2026-05-22T06:27:24,SITE-001,Section F — Kisumu Terminal Link,320.0,2719.1,29.6,Partially Open,SNS-014
TEL-002101,2026-05-30T04:39:03,SITE-007,Section D — Sinendet Lateral,309.2,2718.2,29.4,Open,SNS-006
TEL-001687,2026-05-22T15:58:30,SITE-003,Section C — Nakuru-Eldoret Extension,353.1,3926.4,22.9,Closed,SNS-014
TEL-004484,2026-07-12T19:09:15,SITE-006,Section D — Sinendet Lateral,406.6,2548.4,17.1,Open,SNS-009
TEL-000020,2026-04-23T11:28:09,SITE-005,Section F — Kisumu Terminal Link,262.3,3106.7,35.6,Partially Open,SNS-003
TEL-004194,2026-07-07T18:44:30,makueni pipeline,Section D — Sinendet Lateral,360.9,4142.5,24.2,Open,SNS-005
TEL-002286,2026-06-02T13:00:16,SITE-006,Section E — Makueni Branch,340.1,3929.3,32.3,Open,SNS-010
TEL-003729,2026-06-28T10:49:58,NAKURU,Section E — Makueni Branch,370.0,2569.4,30.4,Open,SNS-005
TEL-003565,2026-06-25T11:22:56,SITE-002,Section C — Nakuru-Eldoret Extension,288.1,4614.6,24.7,Closed,SNS-005
TEL-002373,2026-06-04T04:41:56,SITE-005,Section F — Kisumu Terminal Link,328.0,1924.4,28.4,Partially Open,SNS-006
TEL-002800,2026-06-11T20:48:09,Kisumu term,Section F — Kisumu Terminal Link,522.9,2991.4,25.2,Partially Open,SNS-008
TEL-004476,2026-07-12T16:26:50,SITE-004,Section A — Mombasa-Nairobi Main,342.1,2519.9,26.2,Open,SNS-012
TEL-004545,2026-07-13T22:21:32,Nakuru  Depot,Section B — Nairobi-Nakuru Spur,317.2,3200.3,24.3,Open,SNS-002
TEL-002722,2026-06-10T19:22:29,SITE-005,Section F — Kisumu Terminal Link,469.0,2046.3,33.8,Open,SNS-008
TEL-004005,2026-07-04T03:51:40,SITE-002,Section F — Kisumu Terminal Link,369.6,2488.6,28.7,Open,SNS-010
TEL-004819,2026-07-18T03:39:42,kisumu terminal,Section E — Makueni Branch,455.7,4637.3,24.5,Partially Open,SNS-007
TEL-002930,2026-06-13T21:45:55,SITE-002,Section D — Sinendet Lateral,376.2,2744.3,26.2,Open,SNS-004
TEL-000239,2026-04-27T03:49:27,SITE-005,Section B — Nairobi-Nakuru Spur,502.0,2811.1,27.5,Open,SNS-007
TEL-001252,2026-05-15T05:10:22,SITE-003,Section D — Sinendet Lateral,397.2,3636.9,30.6,Open,SNS-011
TEL-004869,2026-07-19T04:54:30,SITE-001,Section E — Makueni Branch,266.6,2349.1,35.0,Partially Open,SNS-004
TEL-004015,2026-07-04T10:28:15,SITE-001,Section F — Kisumu Terminal Link,518.3,1000.0,36.7,Open,SNS-014
TEL-004198,2026-07-07T20:02:11,Kisumu term,Section F — Kisumu Terminal Link,427.2,3445.8,32.1,Partially Open,SNS-010
TEL-004000,2026-07-04T00:46:45,SITE-007,Section B — Nairobi-Nakuru Spur,456.9,5000.0,28.1,Open,SNS-001
TEL-001985,2026-05-28T03:24:10,SITE-002,Section F — Kisumu Terminal Link,490.4,2303.7,33.5,Open,SNS-010
TEL-004450,2026-07-12T05:17:21,SITE-002,Section B — Nairobi-Nakuru Spur,272.8,3392.9,27.9,Closed,SNS-011
TEL-002906,2026-06-13T12:54:25,SITE-007,Section B — Nairobi-Nakuru Spur,277.9,3149.2,38.2,Partially Open,SNS-003
TEL-004391,2026-07-11T02:45:08,SITE-003,Section B — Nairobi-Nakuru Spur,543.2,4347.8,25.0,Partially Open,SNS-006
TEL-000873,2026-05-08T07:07:23,sinendet pump station,Section D — Sinendet Lateral,571.0,3701.5,31.8,Partially Open,SNS-008
TEL-000629,2026-05-03T21:10:04,SITE-007,Section D — Sinendet Lateral,392.7,3230.7,26.5,Partially Open,SNS-005
TEL-004218,2026-07-08T05:44:17,SITE-004,Section D — Sinendet Lateral,481.4,4511.8,33.4,Partially Open,SNS-003
TEL-001428,2026-05-18T03:34:38,SITE-001,Section E — Makueni Branch,425.8,3909.2,38.7,Open,SNS-004
TEL-001664,2026-05-22T07:35:35,NKR Depot,Section F — Kisumu Terminal Link,456.9,3810.8,30.5,Partially Open,SNS-003
TEL-000573,2026-05-03T00:51:40,eldoret terminal,Section B — Nairobi-Nakuru Spur,332.4,3125.1,39.0,Partially Open,SNS-012
TEL-003886,2026-07-01T14:31:18,SITE-003,Section F — Kisumu Terminal Link,589.8,2785.8,22.4,Partially Open,SNS-006
TEL-004070,2026-07-05T08:38:26,SITE-005,Section F — Kisumu Terminal Link,411.8,3065.8,24.1,Closed,SNS-014
TEL-004681,2026-07-15T18:05:13,MOMBASA,Section F — Kisumu Terminal Link,438.8,2740.8,28.9,Partially Open,SNS-007
TEL-004455,2026-07-12T06:46:09,SITE-002,Section F — Kisumu Terminal Link,320.0,2272.5,24.8,Closed,SNS-012
TEL-000898,2026-05-08T16:33:26,SITE-007,Section B — Nairobi-Nakuru Spur,494.2,2277.4,28.7,Partially Open,SNS-006
TEL-004587,2026-07-14T10:58:13,SITE-002,Section E — Makueni Branch,351.5,2849.7,26.0,Open,SNS-005
TEL-001333,2026-05-16T17:15:02,SITE-005,Section F — Kisumu Terminal Link,369.9,1478.9,42.2,Partially Open,SNS-002
TEL-000510,2026-05-01T21:08:48,sinendet pump station,Section C — Nakuru-Eldoret Extension,504.5,2123.1,29.6,Partially Open,SNS-002
TEL-000249,2026-04-27T08:06:00,SITE-006,Section C — Nakuru-Eldoret Extension,366.3,3471.7,30.5,Open,SNS-014
TEL-001749,2026-05-23T13:53:51,SITE-002,Section F — Kisumu Terminal Link,353.8,,28.7,Open,SNS-001
TEL-001508,2026-05-19T11:58:58,SITE-004,Section A — Mombasa-Nairobi Main,600.0,2053.8,26.3,Closed,SNS-007
TEL-001561,2026-05-20T11:08:49,SITE-002,Section F — Kisumu Terminal Link,384.2,2697.0,32.0,Open,SNS-012
TEL-002525,2026-06-07T01:39:23,SITE-004,Section D — Sinendet Lateral,273.1,2369.7,,Open,SNS-003
TEL-002222,2026-06-01T08:07:14,MAKUENI,Section C — Nakuru-Eldoret Extension,362.3,3417.7,34.8,Closed,SNS-007
TEL-003240,2026-06-19T13:20:30,SITE-002,Section F — Kisumu Terminal Link,341.2,3207.5,33.4,Closed,SNS-003
TEL-003466,2026-06-23T16:44:43,SITE-002,Section E — Makueni Branch,329.3,4086.2,27.2,Open,SNS-005
TEL-000460,2026-04-30T20:35:10,NAKURU,Section B — Nairobi-Nakuru Spur,407.2,2845.7,35.6,Open,SNS-008
TEL-002393,2026-06-04T13:23:23,SITE-002,Section C — Nakuru-Eldoret Extension,356.4,4248.5,37.8,Open,SNS-002
TEL-000627,2026-05-03T20:34:21,NAIROBI,Section A — Mombasa-Nairobi Main,448.1,2200.4,32.0,Open,SNS-006
TEL-001767,2026-05-23T21:57:47,SITE-005,Section E — Makueni Branch,307.2,2679.8,21.7,Open,SNS-008
TEL-004784,2026-07-17T13:33:33,ELD Terminal,Section F — Kisumu Terminal Link,405.5,2004.5,29.2,Open,SNS-003
TEL-003785,2026-06-29T12:54:29,SITE-002,Section B — Nairobi-Nakuru Spur,467.0,4941.4,24.8,Open,SNS-004
TEL-004905,2026-07-19T19:43:22,SITE-004,Section F — Kisumu Terminal Link,339.7,1336.2,22.8,Closed,SNS-009
TEL-001888,2026-05-26T05:40:03,SITE-003,Section D — Sinendet Lateral,273.9,2742.0,25.2,Open,SNS-008
TEL-004507,2026-07-13T06:11:59,SITE-005,Section F — Kisumu Terminal Link,571.5,2968.6,31.9,Open,SNS-008
TEL-004205,2026-07-07T22:44:42,SITE-003,Section D — Sinendet Lateral,290.8,3643.4,27.4,Closed,SNS-014
TEL-001752,2026-05-23T16:28:15,SITE-005,Section A — Mombasa-Nairobi Main,373.9,4214.8,30.1,Open,SNS-005
TEL-002403,2026-06-04T18:16:03,SITE-001,Section E — Makueni Branch,390.6,1000.0,28.0,Closed,SNS-012
TEL-000715,2026-05-05T07:42:30,SITE-006,Section B — Nairobi-Nakuru Spur,494.1,2494.5,31.7,Open,SNS-006
TEL-004839,2026-07-18T14:03:27,SITE-005,Section B — Nairobi-Nakuru Spur,414.4,4407.2,36.2,Open,SNS-003
TEL-000444,2026-04-30T13:07:07,SITE-007,Section E — Makueni Branch,354.8,2212.6,28.9,Partially Open,SNS-012
TEL-000171,2026-04-25T23:15:56,SITE-003,Section F — Kisumu Terminal Link,330.5,3008.1,35.4,Open,SNS-003
TEL-003063,2026-06-16T14:45:09,SITE-004,Section C — Nakuru-Eldoret Extension,400.0,3733.9,22.5,Open,SNS-010
TEL-002579,2026-06-08T00:59:21,SITE-005,Section D — Sinendet Lateral,492.0,1819.0,35.0,Open,SNS-012
TEL-003334,2026-06-21T04:57:43,SITE-007,Section E — Makueni Branch,514.2,3078.9,18.1,Open,SNS-009
TEL-000587,2026-05-03T05:54:40,SITE-007,Section A — Mombasa-Nairobi Main,295.8,3677.1,28.7,Closed,SNS-001
TEL-004288,2026-07-09T05:56:44,SITE-005,Section D — Sinendet Lateral,473.1,3162.6,40.6,Closed,SNS-008
TEL-001592,2026-05-21T02:09:20,SITE-005,Section E — Makueni Branch,435.0,1798.8,20.6,Open,SNS-008
TEL-001411,2026-05-17T19:12:05,SITE-005,Section A — Mombasa-Nairobi Main,390.7,2213.2,36.0,Partially Open,SNS-008
TEL-004807,2026-07-17T20:44:50,Nakuru dep,Section A — Mombasa-Nairobi Main,319.9,2856.4,37.3,Closed,SNS-004
TEL-000025,2026-04-23T12:30:01,SITE-002,Section C — Nakuru-Eldoret Extension,362.9,4268.0,26.9,Closed,SNS-001
TEL-000240,2026-04-27T04:13:55,SITE-002,Section E — Makueni Branch,334.4,3192.7,25.2,Open,SNS-006
TEL-000475,2026-05-01T05:26:11,SITE-006,Section C — Nakuru-Eldoret Extension,447.6,2473.9,36.5,Open,SNS-004
TEL-001504,2026-05-19T11:28:12,SINENDET,Section E — Makueni Branch,700,2087.6,40.2,Closed,SNS-004
TEL-001800,2026-05-24T14:11:21,SITE-004,Section A — Mombasa-Nairobi Main,495.5,2756.9,30.1,Closed,SNS-012
TEL-003123,2026-06-17T13:58:02,SITE-003,Section B — Nairobi-Nakuru Spur,459.6,2671.7,26.6,Open,SNS-003
TEL-004920,2026-07-20T02:45:45,KISUMU,Section A — Mombasa-Nairobi Main,430.4,2521.8,28.8,Open,SNS-012
TEL-002752,2026-06-11T03:33:30,SITE-002,Section A — Mombasa-Nairobi Main,344.0,3987.9,35.5,Partially Open,SNS-013
TEL-000757,2026-05-06T04:26:23,SITE-004,Section E — Makueni Branch,395.6,4214.3,36.6,Open,SNS-008
TEL-003192,2026-06-18T16:20:40,SITE-003,Section D — Sinendet Lateral,420.9,3257.8,26.9,Open,SNS-014
TEL-004527,2026-07-13T14:10:09,SITE-005,Section D — Sinendet Lateral,515.2,3124.9,21.9,Open,SNS-013
TEL-004068,2026-07-05T07:58:59,nairobi terminal,Section E — Makueni Branch,517.9,3278.1,27.5,Open,SNS-010
TEL-004603,2026-07-14T16:45:03,SITE-002,Section E — Makueni Branch,296.3,2154.7,33.7,Closed,SNS-007
TEL-002968,2026-06-14T15:56:40,SITE-003,Section E — Makueni Branch,425.8,4174.9,37.3,Open,SNS-013
TEL-004376,2026-07-10T21:45:39,SITE-006,Section A — Mombasa-Nairobi Main,291.3,2515.0,39.0,Closed,SNS-005
TEL-001841,2026-05-25T09:23:44,SITE-003,Section E — Makueni Branch,200.0,3516.2,24.5,Open,SNS-005
TEL-003880,2026-07-01T11:25:04,SITE-007,Section C — Nakuru-Eldoret Extension,444.9,3279.3,26.8,Closed,SNS-003
TEL-003462,2026-06-23T15:23:56,SITE-005,Section D — Sinendet Lateral,371.4,2820.4,29.0,Closed,SNS-004
TEL-004436,2026-07-11T23:53:13,SITE-007,Section D — Sinendet Lateral,451.1,2180.0,17.4,Open,SNS-012
TEL-001144,2026-05-13T11:24:56,SITE-005,Section A — Mombasa-Nairobi Main,462.2,3998.0,36.7,Open,SNS-001
TEL-002451,2026-06-05T15:34:18,SITE-007,Section A — Mombasa-Nairobi Main,329.5,2138.4,31.4,Open,SNS-005
TEL-003114,2026-06-17T11:07:11,SITE-003,Section C — Nakuru-Eldoret Extension,276.4,1459.6,41.1,Open,SNS-006
TEL-004901,2026-07-19T18:01:10,SITE-006,Section D — Sinendet Lateral,319.6,3701.7,29.3,Open,SNS-002
TEL-003782,2026-06-29T11:51:18,SITE-007,Section F — Kisumu Terminal Link,303.9,3057.2,34.5,Open,SNS-011
TEL-001559,2026-05-20T09:56:55,SINENDET,Section F — Kisumu Terminal Link,292.6,2385.1,28.8,Closed,SNS-012
TEL-001721,2026-05-23T02:32:32,SITE-002,Section A — Mombasa-Nairobi Main,285.8,2803.5,36.6,Closed,SNS-007
TEL-001111,2026-05-12T18:15:03,SITE-006,Section C — Nakuru-Eldoret Extension,351.5,3571.5,25.6,Closed,SNS-006
TEL-001773,2026-05-24T00:57:16,SITE-005,Section A — Mombasa-Nairobi Main,404.5,3308.9,28.9,Closed,SNS-010
TEL-001580,2026-05-20T19:25:30,Thange section,Section D — Sinendet Lateral,323.0,3061.4,42.2,Closed,SNS-014
TEL-002937,2026-06-14T00:38:09,SITE-002,Section A — Mombasa-Nairobi Main,317.8,3175.3,31.7,Open,SNS-013
TEL-002806,2026-06-11T22:50:10,Kisumu  Terminal,Section D — Sinendet Lateral,434.8,2270.2,37.7,Open,SNS-003
TEL-004812,2026-07-18T01:10:03,SITE-007,Section C — Nakuru-Eldoret Extension,523.5,3021.5,27.7,Closed,SNS-001
TEL-004007,2026-07-04T04:01:07,SITE-006,Section B — Nairobi-Nakuru Spur,302.8,3393.6,31.7,Partially Open,SNS-008
TEL-004627,2026-07-14T23:33:03,SITE-005,Section C — Nakuru-Eldoret Extension,461.5,2878.5,35.7,Open,SNS-007
TEL-000428,2026-04-30T07:21:49,Nairobi term,Section F — Kisumu Terminal Link,425.8,2819.3,36.7,Partially Open,SNS-004
TEL-002081,2026-05-29T20:07:06,SITE-004,Section D — Sinendet Lateral,454.4,2952.6,25.6,Open,SNS-004
TEL-003254,2026-06-19T20:43:33,makueni pipeline,Section A — Mombasa-Nairobi Main,321.9,2897.4,27.2,Open,SNS-004
TEL-002039,2026-05-29T04:43:22,SITE-006,Section E — Makueni Branch,415.5,2807.5,24.1,Open,SNS-010
TEL-001221,2026-05-14T19:48:34,SITE-003,Section A — Mombasa-Nairobi Main,388.5,3761.9,24.9,Open,SNS-004
TEL-004151,2026-07-06T21:50:17,SITE-001,Section E — Makueni Branch,402.1,2463.8,24.1,Partially Open,SNS-006
TEL-001552,2026-05-20T07:02:02,SITE-001,Section C — Nakuru-Eldoret Extension,350.9,4668.6,22.8,Open,SNS-010
TEL-000260,2026-04-27T11:41:35,SITE-002,Section A — Mombasa-Nairobi Main,403.8,2205.2,39.8,Partially Open,SNS-010
TEL-002255,2026-06-02T00:54:42,SITE-003,Section F — Kisumu Terminal Link,291.4,3019.2,22.3,Open,SNS-013
TEL-000524,2026-05-02T01:53:11,SITE-006,Section C — Nakuru-Eldoret Extension,341.7,2985.8,33.4,Open,SNS-002
TEL-003080,2026-06-16T22:04:55,SITE-004,Section B — Nairobi-Nakuru Spur,270.3,4026.1,34.5,Closed,SNS-012
TEL-000808,2026-05-07T05:42:51,SITE-001,Section C — Nakuru-Eldoret Extension,537.9,3755.2,29.6,Partially Open,SNS-011
TEL-002580,2026-06-08T01:31:24,SITE-004,Section B — Nairobi-Nakuru Spur,440.3,2168.7,22.8,Open,SNS-001
TEL-001711,2026-05-23T00:07:23,SITE-002,Section D — Sinendet Lateral,370.8,4632.7,29.7,Open,SNS-004
TEL-000702,2026-05-05T02:04:27,SITE-003,Section F — Kisumu Terminal Link,461.6,2663.4,,Closed,SNS-007
TEL-002601,2026-06-08T14:10:36,SITE-005,Section E — Makueni Branch,425.0,3213.6,35.6,Partially Open,SNS-001
TEL-002194,2026-05-31T21:51:37,SITE-002,Section B — Nairobi-Nakuru Spur,382.0,2024.1,29.1,Open,SNS-001
TEL-000635,2026-05-03T23:56:48,SITE-001,Section F — Kisumu Terminal Link,459.3,3924.8,17.5,Open,SNS-004
TEL-001482,2026-05-19T03:17:34,SITE-003,Section F — Kisumu Terminal Link,503.5,2155.5,25.0,Open,SNS-011
TEL-003481,2026-06-23T23:01:20,SITE-003,Section E — Makueni Branch,501.8,2090.4,31.6,Partially Open,SNS-002
TEL-004908,2026-07-19T21:43:08,SITE-004,Section E — Makueni Branch,477.8,2423.2,29.8,Partially Open,SNS-014
TEL-004850,2026-07-18T17:23:30,SITE-004,Section C — Nakuru-Eldoret Extension,321.9,3025.7,36.7,Open,SNS-006
TEL-000363,2026-04-29T09:05:06,SITE-007,Section E — Makueni Branch,350.8,3153.7,28.6,Partially Open,SNS-002
TEL-003499,2026-06-24T07:34:45,SITE-004,Section D — Sinendet Lateral,,3686.2,33.1,Closed,SNS-007
TEL-001290,2026-05-15T21:58:20,SITE-005,Section E — Makueni Branch,286.4,3346.7,24.6,Open,SNS-005
TEL-003936,2026-07-02T15:25:28,SITE-001,Section B — Nairobi-Nakuru Spur,493.2,3142.0,16.0,Open,SNS-003
TEL-002358,2026-06-03T21:08:29,Kibwezi,Section C — Nakuru-Eldoret Extension,1000,1393.9,31.2,Closed,SNS-014
TEL-001809,2026-05-24T18:47:14,SITE-001,Section E — Makueni Branch,446.3,3243.0,35.8,Open,SNS-004
TEL-003617,2026-06-26T12:03:18,SITE-003,Section D — Sinendet Lateral,293.9,4188.0,34.9,Partially Open,SNS-013
TEL-001883,2026-05-26T03:17:42,SITE-003,Section D — Sinendet Lateral,567.9,2727.1,28.5,Open,SNS-014
TEL-002530,2026-06-07T04:39:04,sinendet pump station,Section A — Mombasa-Nairobi Main,480.5,2863.0,44.9,Open,SNS-013
TEL-004761,2026-07-17T03:53:31,SITE-002,Section F — Kisumu Terminal Link,423.4,3284.0,43.4,Closed,SNS-009
TEL-004425,2026-07-11T21:09:16,SITE-006,Section B — Nairobi-Nakuru Spur,263.1,2611.0,27.1,Open,SNS-010
TEL-004796,2026-07-17T17:06:52,SITE-005,Section B — Nairobi-Nakuru Spur,1050.7,3366.0,31.1,Closed,SNS-002
TEL-004861,2026-07-18T23:15:50,SITE-007,Section E — Makueni Branch,513.8,1733.4,33.9,Open,SNS-012
TEL-004447,2026-07-12T04:56:18,SITE-006,Section C — Nakuru-Eldoret Extension,341.1,2654.6,25.6,Partially Open,SNS-007
TEL-000618,2026-05-03T15:45:10,SITE-005,Section E — Makueni Branch,305.2,2787.0,31.4,Open,SNS-013
TEL-002561,2026-06-07T17:44:22,SITE-001,Section A — Mombasa-Nairobi Main,344.7,3021.8,24.4,Open,SNS-008
TEL-003021,2026-06-15T17:30:08,SITE-005,Section A — Mombasa-Nairobi Main,378.3,3404.1,44.3,Closed,SNS-006
TEL-000959,2026-05-09T23:58:08,SITE-001,Section D — Sinendet Lateral,402.5,2200.0,40.2,Partially Open,SNS-012
TEL-002617,2026-06-08T20:13:54,NAIROBI,Section F — Kisumu Terminal Link,260.9,2831.6,30.9,Open,SNS-002
TEL-002044,2026-05-29T07:32:13,SITE-001,Section C — Nakuru-Eldoret Extension,359.6,1650.1,28.4,Closed,SNS-011
TEL-004835,2026-07-18T12:08:45,Eldoret term,Section F — Kisumu Terminal Link,391.8,1272.6,30.9,Partially Open,SNS-007
TEL-000152,2026-04-25T14:35:32,SITE-004,Section A — Mombasa-Nairobi Main,465.3,3159.4,23.6,Closed,SNS-002
TEL-000958,2026-05-09T23:45:36,Eldoret  Terminal,Section D — Sinendet Lateral,475.7,2418.3,27.9,Partially Open,SNS-012
TEL-002005,2026-05-28T12:03:09,SITE-002,Section D — Sinendet Lateral,327.6,3462.8,20.9,Open,SNS-014
TEL-001287,2026-05-15T20:52:34,SITE-002,Section C — Nakuru-Eldoret Extension,459.1,2662.6,32.0,Open,SNS-001
TEL-000673,2026-05-04T12:32:42,ELDORET,Section F — Kisumu Terminal Link,364.3,3885.5,29.4,Open,SNS-006
TEL-000319,2026-04-28T14:46:20,SITE-003,Section A — Mombasa-Nairobi Main,327.2,3723.6,26.3,Open,SNS-013
TEL-000562,2026-05-02T20:54:27,Kisumu term,Section B — Nairobi-Nakuru Spur,401.4,4666.9,28.2,Partially Open,SNS-003
TEL-000842,2026-05-07T16:42:48,SITE-005,Section F — Kisumu Terminal Link,472.4,2487.9,30.7,Open,SNS-001
TEL-004397,2026-07-11T04:55:38,SITE-006,Section A — Mombasa-Nairobi Main,460.6,2164.1,22.9,Closed,SNS-011
TEL-004281,2026-07-09T04:16:45,SITE-007,Section C — Nakuru-Eldoret Extension,379.4,2711.8,38.4,Closed,SNS-012
TEL-002903,2026-06-13T10:44:26,SITE-006,Section F — Kisumu Terminal Link,425.0,2461.9,23.6,Partially Open,SNS-002
TEL-002021,2026-05-28T19:16:47,SITE-003,Section D — Sinendet Lateral,471.7,3892.7,24.7,Open,SNS-009
TEL-000793,2026-05-06T22:53:45,SITE-001,Section B — Nairobi-Nakuru Spur,338.9,4052.8,32.8,Closed,SNS-005
TEL-002513,2026-06-06T21:16:03,SITE-002,Section F — Kisumu Terminal Link,385.6,3127.1,31.4,Open,SNS-008
TEL-003916,2026-07-02T06:08:18,SITE-002,Section A — Mombasa-Nairobi Main,417.5,1772.7,18.2,Closed,SNS-003
TEL-001906,2026-05-26T16:46:32,SITE-003,Section F — Kisumu Terminal Link,506.3,2555.7,19.6,Closed,SNS-009
TEL-003291,2026-06-20T08:57:09,SITE-005,Section D — Sinendet Lateral,447.5,3401.5,41.4,Open,SNS-013
TEL-001653,2026-05-22T04:10:40,SITE-007,Section F — Kisumu Terminal Link,348.0,2889.3,28.6,Partially Open,SNS-001
TEL-004697,2026-07-16T00:52:05,SITE-005,Section C — Nakuru-Eldoret Extension,426.0,1636.4,38.6,Open,SNS-010
TEL-002605,2026-06-08T14:50:26,SITE-002,Section E — Makueni Branch,377.9,3570.2,24.4,Open,SNS-003
TEL-004319,2026-07-09T17:36:39,SITE-007,Section F — Kisumu Terminal Link,427.1,3024.8,29.7,Partially Open,SNS-008
TEL-002414,2026-06-05T01:05:25,SITE-002,Section D — Sinendet Lateral,355.8,2527.9,38.0,Open,SNS-009
TEL-000845,2026-05-07T17:13:13,SITE-007,Section F — Kisumu Terminal Link,400.4,2711.9,30.4,Open,SNS-008
TEL-000529,2026-05-02T03:54:25,Mombasa  Terminal,Section E — Makueni Branch,313.6,3229.8,29.2,Open,SNS-007
TEL-002152,2026-05-31T02:03:13,NAIROBI,Section B — Nairobi-Nakuru Spur,511.6,2724.0,25.5,Closed,SNS-005
TEL-000295,2026-04-28T06:09:04,SITE-004,Section F — Kisumu Terminal Link,308.4,3145.6,31.1,Open,SNS-008
TEL-000574,2026-05-03T01:07:29,Makueni PS,Section E — Makueni Branch,243.1,3802.9,29.4,Open,SNS-002
TEL-004126,2026-07-06T10:16:11,Mombasa  Terminal,Section F — Kisumu Terminal Link,418.5,3643.4,33.9,Open,SNS-013
TEL-000784,2026-05-06T17:40:05,SITE-007,Section D — Sinendet Lateral,482.4,2392.6,39.2,Closed,SNS-007
TEL-002737,2026-06-10T23:59:56,SITE-007,Section B — Nairobi-Nakuru Spur,503.0,2547.8,29.1,Closed,SNS-012
TEL-002775,2026-06-11T11:35:56,SITE-002,Section D — Sinendet Lateral,474.7,1761.9,29.5,Open,SNS-001
TEL-000729,2026-05-05T14:29:18,SITE-003,Section B — Nairobi-Nakuru Spur,453.9,2352.7,27.2,Partially Open,SNS-001
TEL-001399,2026-05-17T15:19:30,SITE-007,Section B — Nairobi-Nakuru Spur,541.8,3637.6,37.9,Partially Open,SNS-008
TEL-004964,2026-07-21T04:42:23,SITE-002,Section C — Nakuru-Eldoret Extension,368.3,2399.7,20.0,Open,SNS-014
TEL-004525,2026-07-13T13:33:23,SITE-006,Section C — Nakuru-Eldoret Extension,469.9,3283.0,23.6,Open,SNS-009
TEL-000464,2026-05-01T00:15:31,SITE-001,Section C — Nakuru-Eldoret Extension,331.8,1989.1,25.7,Open,SNS-007
TEL-002817,2026-06-12T03:15:18,SITE-004,Section B — Nairobi-Nakuru Spur,313.5,2410.0,28.5,Closed,SNS-012
TEL-002645,2026-06-09T10:07:20,Nakuru dep,Section F — Kisumu Terminal Link,280.5,3800.2,33.1,Closed,SNS-007
TEL-003333,2026-06-21T04:57:06,SITE-003,Section B — Nairobi-Nakuru Spur,277.2,2529.6,29.3,Closed,SNS-009
TEL-004694,2026-07-16T00:08:07,Eldoret term,Section B — Nairobi-Nakuru Spur,471.0,2132.5,31.5,Open,SNS-008
TEL-001568,2026-05-20T13:48:37,SITE-004,Section C — Nakuru-Eldoret Extension,337.6,2915.4,28.2,Closed,SNS-004
TEL-001912,2026-05-26T19:06:30,Nakuru dep,Section C — Nakuru-Eldoret Extension,356.0,1000.0,33.7,Partially Open,SNS-009
TEL-003831,2026-06-30T15:07:13,SITE-001,Section D — Sinendet Lateral,450.7,2435.1,30.0,Partially Open,SNS-005
TEL-000321,2026-04-28T16:30:47,SITE-005,Section F — Kisumu Terminal Link,302.9,2205.1,24.3,Partially Open,SNS-007
TEL-002477,2026-06-06T05:44:59,SITE-006,Section C — Nakuru-Eldoret Extension,383.1,2249.2,24.3,Open,SNS-005
TEL-000104,2026-04-24T16:47:43,MSA Terminal,Section E — Makueni Branch,378.0,3158.5,36.5,Open,SNS-003
TEL-002056,2026-05-29T11:24:55,SITE-003,Section E — Makueni Branch,428.1,3208.3,20.7,Open,SNS-007
TEL-004876,2026-07-19T07:35:37,SITE-006,Section F — Kisumu Terminal Link,454.0,2978.4,31.7,Partially Open,SNS-003
TEL-002856,2026-06-12T17:17:10,Nakuru  Depot,Section D — Sinendet Lateral,320.4,2733.4,28.7,Closed,SNS-012
TEL-003710,2026-06-28T03:20:13,SITE-007,Section E — Makueni Branch,463.0,1971.4,24.8,Open,SNS-005
TEL-002055,2026-05-29T10:51:37,SITE-001,Section B — Nairobi-Nakuru Spur,442.1,4210.2,29.6,Open,SNS-011
TEL-000789,2026-05-06T20:01:30,SITE-006,Section E — Makueni Branch,208.4,1704.0,22.8,Open,SNS-006
TEL-002238,2026-06-01T16:19:34,SITE-006,Section C — Nakuru-Eldoret Extension,405.0,2887.0,29.4,Partially Open,SNS-002
TEL-002441,2026-06-05T09:31:10,sinendet pump,Section D — Sinendet Lateral,420.2,3103.6,33.4,Open,SNS-007
TEL-002370,2026-06-04T03:55:55,SITE-003,Section D — Sinendet Lateral,467.6,2818.2,25.2,Open,SNS-011
TEL-002828,2026-06-12T06:50:49,SITE-006,Section A — Mombasa-Nairobi Main,332.7,5000.0,33.2,Partially Open,SNS-001
TEL-000691,2026-05-04T20:34:19,SITE-005,Section F — Kisumu Terminal Link,351.0,2906.0,27.9,Closed,SNS-007
TEL-000119,2026-04-24T21:53:09,SITE-002,Section C — Nakuru-Eldoret Extension,340.8,1763.6,33.1,Partially Open,SNS-011
TEL-001638,2026-05-21T23:41:01,SITE-002,Section B — Nairobi-Nakuru Spur,353.9,3472.5,32.4,Open,SNS-010
TEL-003486,2026-06-24T00:13:33,SITE-006,Section B — Nairobi-Nakuru Spur,346.9,2378.1,38.0,Open,SNS-006
TEL-003666,2026-06-27T11:33:31,SITE-007,Section B — Nairobi-Nakuru Spur,501.0,1043.3,36.8,Open,SNS-006
TEL-004250,2026-07-08T17:30:07,SITE-006,Section C — Nakuru-Eldoret Extension,334.4,3283.6,39.7,Closed,SNS-002
TEL-002840,2026-06-12T09:15:52,SITE-005,Section B — Nairobi-Nakuru Spur,424.1,4351.0,38.9,Open,SNS-011
TEL-003227,2026-06-19T08:01:35,SITE-004,Section C — Nakuru-Eldoret Extension,553.4,4306.6,29.2,Open,SNS-003
TEL-004806,2026-07-17T20:43:24,SITE-006,Section B — Nairobi-Nakuru Spur,336.9,1898.3,36.2,Closed,SNS-004
TEL-001819,2026-05-24T22:45:47,ELDORET,Section B — Nairobi-Nakuru Spur,382.9,2972.7,37.3,Open,SNS-007
TEL-000107,2026-04-24T17:43:52,SITE-005,Section B — Nairobi-Nakuru Spur,311.8,2830.6,39.3,Open,SNS-005
TEL-004735,2026-07-16T17:27:54,SITE-004,Section C — Nakuru-Eldoret Extension,425.9,2180.4,37.7,Closed,SNS-004
TEL-002500,2026-06-06T16:34:10,SITE-006,Section A — Mombasa-Nairobi Main,404.1,2981.2,31.6,Open,SNS-007
TEL-001412,2026-05-17T19:17:59,SITE-005,Section A — Mombasa-Nairobi Main,399.2,2396.5,28.0,Open,SNS-014
TEL-001822,2026-05-25T00:06:44,SITE-002,Section B — Nairobi-Nakuru Spur,355.0,4459.4,27.1,Open,SNS-004
TEL-004454,2026-07-12T06:18:58,SITE-001,Section D — Sinendet Lateral,473.2,3176.3,31.3,Partially Open,SNS-011
TEL-001532,2026-05-20T01:31:47,kisumu terminal,Section A — Mombasa-Nairobi Main,600.0,2854.3,30.0,Closed,SNS-001
TEL-000983,2026-05-10T11:23:48,Nakuru  Depot,Section F — Kisumu Terminal Link,400.6,1745.6,31.5,Closed,SNS-013
TEL-002730,2026-06-10T21:53:36,SITE-007,Section D — Sinendet Lateral,486.2,1903.5,27.5,Open,SNS-005
TEL-000183,2026-04-26T06:19:44,SITE-001,Section E — Makueni Branch,353.0,3551.1,38.2,Partially Open,SNS-010
TEL-003810,2026-06-30T01:12:39,SITE-005,Section F — Kisumu Terminal Link,352.2,4112.8,26.1,Partially Open,SNS-004
TEL-003410,2026-06-22T12:52:26,SITE-007,Section A — Mombasa-Nairobi Main,338.9,4476.7,34.0,Open,SNS-005
TEL-000314,2026-04-28T13:16:11,SITE-001,Section C — Nakuru-Eldoret Extension,411.8,2142.0,21.4,Partially Open,SNS-007
TEL-002075,2026-05-29T18:37:47,SITE-003,Section B — Nairobi-Nakuru Spur,424.1,4153.7,36.9,Open,SNS-009
TEL-004160,2026-07-07T01:42:01,SITE-007,Section C — Nakuru-Eldoret Extension,442.1,2574.1,27.9,Closed,SNS-012
TEL-002116,2026-05-30T11:45:32,SITE-002,Section D — Sinendet Lateral,331.1,2547.6,23.6,Open,SNS-013
TEL-000223,2026-04-26T20:46:57,SITE-003,Section E — Makueni Branch,312.6,2340.5,36.8,Open,SNS-012
TEL-001267,2026-05-15T14:14:13,SITE-004,Section D — Sinendet Lateral,382.8,2933.7,28.7,Open,SNS-010
TEL-004529,2026-07-13T14:38:35,SITE-007,Section D — Sinendet Lateral,439.8,2661.1,30.0,Closed,SNS-001
TEL-002669,2026-06-09T17:03:04,SITE-004,Section B — Nairobi-Nakuru Spur,433.8,4050.4,32.2,Open,SNS-002
TEL-004802,2026-07-17T19:29:41,Eldoret  Terminal,Section D — Sinendet Lateral,1000,2450.5,30.9,Open,SNS-009
TEL-001636,2026-05-21T23:10:03,SITE-004,Section D — Sinendet Lateral,371.6,3718.4,27.7,Open,SNS-010
TEL-001483,2026-05-19T03:34:27,SITE-004,Section F — Kisumu Terminal Link,408.3,2743.6,28.0,Open,SNS-001
TEL-004089,2026-07-05T15:28:08,MAKUENI,Section F — Kisumu Terminal Link,358.0,3574.8,22.3,Open,SNS-014
TEL-000003,2026-04-23T00:54:40,SITE-004,Section D — Sinendet Lateral,597.2,2436.7,30.0,Open,SNS-012
TEL-003805,2026-06-29T21:39:47,SITE-001,Section F — Kisumu Terminal Link,521.0,3976.8,32.2,Open,SNS-007
TEL-004713,2026-07-16T06:49:08,SITE-004,Section A — Mombasa-Nairobi Main,368.4,2956.7,29.0,Open,SNS-013
TEL-001027,2026-05-11T06:16:34,SITE-005,Section D — Sinendet Lateral,456.7,2175.2,26.4,Open,SNS-009
TEL-003541,2026-06-24T23:36:34,Sinendet PS,Section A — Mombasa-Nairobi Main,420.3,2201.9,37.5,Closed,SNS-006
TEL-004575,2026-07-14T07:10:50,KISUMU,Section B — Nairobi-Nakuru Spur,428.0,2967.4,45.0,Open,SNS-003
TEL-003764,2026-06-29T04:22:57,SITE-003,Section D — Sinendet Lateral,399.9,3384.1,19.0,Open,SNS-012
TEL-001833,2026-05-25T05:06:35,SITE-001,Section C — Nakuru-Eldoret Extension,600.0,2949.4,31.9,Closed,SNS-004
TEL-001560,2026-05-20T10:32:59,SITE-004,Section C — Nakuru-Eldoret Extension,207.5,3587.8,31.3,Closed,SNS-001
TEL-003507,2026-06-24T10:50:04,SITE-002,Section D — Sinendet Lateral,357.3,3801.6,30.1,Partially Open,SNS-002
TEL-002464,2026-06-06T00:38:42,NAIROBI,Section B — Nairobi-Nakuru Spur,281.1,2019.1,18.2,Partially Open,SNS-005
TEL-002582,2026-06-08T03:19:32,SITE-001,Section C — Nakuru-Eldoret Extension,297.5,2692.1,27.3,Open,SNS-002
TEL-002693,2026-06-10T07:11:46,SITE-004,Section B — Nairobi-Nakuru Spur,319.0,1600.0,34.4,Closed,SNS-010
TEL-002470,2026-06-06T03:18:13,SITE-001,Section D — Sinendet Lateral,304.9,4317.0,31.2,Open,SNS-002
TEL-002913,2026-06-13T17:16:25,SITE-002,Section C — Nakuru-Eldoret Extension,414.6,1835.6,32.5,Partially Open,SNS-005
TEL-002369,2026-06-04T03:45:31,Kisumu term,Section B — Nairobi-Nakuru Spur,325.2,3126.2,25.4,Closed,SNS-005
TEL-001126,2026-05-13T03:18:58,SITE-003,Section B — Nairobi-Nakuru Spur,374.8,4543.1,21.1,Open,SNS-010
TEL-000543,2026-05-02T12:10:38,SITE-001,Section B — Nairobi-Nakuru Spur,268.7,2017.9,27.5,Open,SNS-007
TEL-004171,2026-07-07T09:07:06,SITE-003,Section F — Kisumu Terminal Link,477.2,4254.7,21.3,Partially Open,SNS-014
TEL-003235,2026-06-19T11:36:41,SITE-003,Section D — Sinendet Lateral,538.0,3694.9,30.7,Partially Open,SNS-013
TEL-001118,2026-05-12T22:31:22,SITE-007,Section D — Sinendet Lateral,425.5,3890.2,18.4,Open,SNS-004
TEL-000254,2026-04-27T09:43:53,SITE-004,Section D — Sinendet Lateral,353.0,2681.1,23.0,Partially Open,SNS-005
TEL-000882,2026-05-08T10:41:38,SITE-005,Section E — Makueni Branch,298.0,3136.3,29.8,Open,SNS-008
TEL-000387,2026-04-29T15:46:02,SITE-003,Section C — Nakuru-Eldoret Extension,288.8,3020.6,36.6,Open,SNS-001
TEL-003463,2026-06-23T15:49:25,SITE-001,Section B — Nairobi-Nakuru Spur,465.4,2287.5,41.1,Partially Open,SNS-011
TEL-003299,2026-06-20T11:31:41,SITE-003,Section A — Mombasa-Nairobi Main,512.9,3363.2,33.6,Closed,SNS-007
TEL-002578,2026-06-08T00:48:26,SITE-001,Section D — Sinendet Lateral,507.9,3768.2,27.0,Closed,SNS-013
TEL-001618,2026-05-21T13:01:59,SITE-005,Section B — Nairobi-Nakuru Spur,341.7,3904.0,31.3,Open,SNS-008
TEL-004081,2026-07-05T14:00:27,SITE-005,Section E — Makueni Branch,1256.2,2908.8,,Open,SNS-010
TEL-001320,2026-05-16T09:26:58,SITE-005,Section E — Makueni Branch,409.8,2129.0,35.5,Closed,SNS-004
TEL-000605,2026-05-03T11:29:12,SITE-001,Section A — Mombasa-Nairobi Main,499.2,3010.9,37.4,Open,SNS-004
TEL-003365,2026-06-21T16:05:25,SITE-002,Section D — Sinendet Lateral,310.3,2550.3,24.6,Open,SNS-002
TEL-001588,2026-05-20T23:35:54,SITE-006,Section F — Kisumu Terminal Link,376.3,3755.9,23.8,Closed,SNS-005
TEL-003479,2026-06-23T21:34:49,SITE-003,Section F — Kisumu Terminal Link,472.9,3708.8,28.9,Open,SNS-010
TEL-001534,2026-05-20T02:41:52,SITE-001,Section C — Nakuru-Eldoret Extension,474.4,4073.6,36.8,Open,SNS-008
TEL-004827,2026-07-18T07:33:36,SITE-006,Section B — Nairobi-Nakuru Spur,348.9,2033.7,37.6,Open,SNS-003
TEL-000677,2026-05-04T15:10:55,SITE-004,Section C — Nakuru-Eldoret Extension,414.6,3499.9,27.3,Open,SNS-002
TEL-004430,2026-07-11T23:10:20,SITE-005,Section D — Sinendet Lateral,302.7,3461.7,31.6,Open,SNS-002
TEL-001019,2026-05-11T01:54:47,SITE-006,Section E — Makueni Branch,442.1,3216.1,35.2,Partially Open,SNS-011
TEL-002011,2026-05-28T14:33:28,SITE-007,Section F — Kisumu Terminal Link,388.7,2956.2,33.9,Closed,SNS-003
TEL-004938,2026-07-20T14:29:44,SITE-001,Section E — Makueni Branch,461.6,3074.1,21.3,Open,SNS-003
TEL-002145,2026-05-31T00:00:29,SITE-007,Section B — Nairobi-Nakuru Spur,383.7,3370.6,30.1,Closed,SNS-007
TEL-002672,2026-06-09T18:15:32,SITE-001,Section D — Sinendet Lateral,510.6,3025.5,33.5,Closed,SNS-010
TEL-004542,2026-07-13T19:46:54,Nairobi term,Section C — Nakuru-Eldoret Extension,277.9,3340.7,27.0,Open,SNS-002
TEL-004131,2026-07-06T11:52:08,SITE-004,Section C — Nakuru-Eldoret Extension,256.4,3258.0,20.0,Closed,SNS-007
TEL-002728,2026-06-10T21:44:51,SITE-005,Section F — Kisumu Terminal Link,362.8,2012.1,28.6,Open,SNS-004
TEL-003278,2026-06-20T04:53:48,NKR Depot,Section E — Makueni Branch,514.5,2289.1,30.7,Open,SNS-006
TEL-004334,2026-07-10T00:00:06,SITE-005,Section E — Makueni Branch,474.6,2079.6,29.9,Partially Open,SNS-012
TEL-001069,2026-05-12T01:05:34,SITE-005,Section A — Mombasa-Nairobi Main,337.1,2705.3,19.2,Closed,SNS-009
TEL-004033,2026-07-04T16:47:11,SITE-006,Section D — Sinendet Lateral,568.3,2888.0,34.3,Partially Open,SNS-002
TEL-003215,2026-06-19T02:43:00,SITE-004,Section D — Sinendet Lateral,200.0,2503.1,34.2,Closed,SNS-001
TEL-002894,2026-06-13T07:42:52,SITE-004,Section C — Nakuru-Eldoret Extension,336.6,,32.0,Closed,SNS-009
TEL-002920,2026-06-13T20:13:42,SITE-004,Section A — Mombasa-Nairobi Main,326.4,4173.3,33.5,Closed,SNS-001
TEL-004382,2026-07-10T23:23:19,SITE-001,Section B — Nairobi-Nakuru Spur,362.3,3450.4,21.2,Closed,SNS-012
TEL-004130,2026-07-06T11:50:49,SITE-006,Section A — Mombasa-Nairobi Main,406.8,3530.4,22.1,Open,SNS-007
TEL-002824,2026-06-12T05:59:23,SITE-006,Section F — Kisumu Terminal Link,514.9,2866.7,35.8,Open,SNS-003
TEL-003327,2026-06-21T03:09:49,SITE-004,Section D — Sinendet Lateral,371.9,3181.7,27.3,Closed,SNS-007
TEL-001358,2026-05-17T02:05:52,SITE-001,Section B — Nairobi-Nakuru Spur,246.4,3405.7,31.8,Open,SNS-004
TEL-004251,2026-07-08T17:47:57,SITE-002,Section C — Nakuru-Eldoret Extension,402.9,3459.6,32.0,Closed,SNS-012
TEL-003583,2026-06-25T18:54:18,SITE-003,Section B — Nairobi-Nakuru Spur,367.9,3245.6,25.7,Open,SNS-008
TEL-003294,2026-06-20T09:26:29,Makueni PS,Section A — Mombasa-Nairobi Main,419.7,3918.3,24.6,Partially Open,SNS-006
TEL-004883,2026-07-19T10:53:23,SITE-005,Section B — Nairobi-Nakuru Spur,544.6,3794.7,26.9,Open,SNS-003
TEL-001454,2026-05-18T14:31:44,SITE-007,Section C — Nakuru-Eldoret Extension,368.0,2147.9,27.3,Open,SNS-007
TEL-001170,2026-05-13T21:20:56,Nairobi term,Section D — Sinendet Lateral,465.5,3202.5,28.0,Partially Open,SNS-002
TEL-000224,2026-04-26T21:33:15,SITE-006,Section B — Nairobi-Nakuru Spur,453.1,2523.6,30.8,Open,SNS-003
TEL-002274,2026-06-02T06:53:47,ELD Terminal,Section B — Nairobi-Nakuru Spur,455.6,4930.4,32.7,Closed,SNS-004
TEL-003379,2026-06-21T21:45:28,SITE-007,Section B — Nairobi-Nakuru Spur,460.0,2749.6,26.3,Open,SNS-014
TEL-002726,2026-06-10T20:38:55,SITE-006,Section F — Kisumu Terminal Link,208.3,3898.3,19.9,Partially Open,SNS-001
TEL-003964,2026-07-03T05:33:18,Nakuru dep,Section F — Kisumu Terminal Link,421.4,3462.8,26.1,Closed,SNS-009
TEL-003940,2026-07-02T17:48:31,SITE-001,Section C — Nakuru-Eldoret Extension,425.4,3112.5,34.5,Open,SNS-012
TEL-000798,2026-05-06T23:52:05,SITE-005,Section A — Mombasa-Nairobi Main,241.6,2760.8,32.0,Closed,SNS-013
TEL-004991,2026-07-21T20:31:37,mombasa terminal,Section B — Nairobi-Nakuru Spur,310.8,1818.7,31.9,Partially Open,SNS-011
TEL-001671,2026-05-22T10:48:11,ELDORET,Section E — Makueni Branch,416.5,3089.2,30.3,Open,SNS-008
TEL-000074,2026-04-24T05:53:45,SITE-001,Section D — Sinendet Lateral,421.1,2709.8,16.2,Open,SNS-007
TEL-000083,2026-04-24T07:43:29,SITE-005,Section C — Nakuru-Eldoret Extension,351.7,2802.1,31.7,Closed,SNS-010
TEL-001782,2026-05-24T03:29:03,SITE-005,Section B — Nairobi-Nakuru Spur,370.6,2763.3,28.6,Closed,SNS-012
TEL-000405,2026-04-29T22:30:37,Nairobi term,Section C — Nakuru-Eldoret Extension,383.6,3528.4,22.6,Open,SNS-013
TEL-000352,2026-04-29T05:27:23,Kisumu  Terminal,Section E — Makueni Branch,373.3,3261.1,30.0,Open,SNS-012
TEL-000022,2026-04-23T11:49:24,SITE-001,Section F — Kisumu Terminal Link,470.8,2909.9,29.1,Open,SNS-006
TEL-001061,2026-05-11T19:15:48,Nairobi  Terminal,Section E — Makueni Branch,406.6,1491.7,22.7,Open,SNS-002
TEL-003488,2026-06-24T01:09:31,NRB Terminal,Section D — Sinendet Lateral,299.4,2493.5,25.8,Open,SNS-006
TEL-002361,2026-06-03T23:36:50,SITE-006,Section F — Kisumu Terminal Link,303.6,3321.1,27.4,Open,SNS-003
TEL-001406,2026-05-17T18:09:31,ELD Terminal,Section A — Mombasa-Nairobi Main,200.0,2068.4,20.4,Open,SNS-001
TEL-004077,2026-07-05T12:44:36,Kibwezi,Section C — Nakuru-Eldoret Extension,700,2561.0,34.8,Open,SNS-014
TEL-000917,2026-05-09T04:00:09,SITE-002,Section E — Makueni Branch,525.4,3476.5,24.6,Closed,SNS-003
TEL-003677,2026-06-27T15:15:05,SITE-001,Section E — Makueni Branch,345.2,3223.5,39.0,Closed,SNS-002
TEL-001797,2026-05-24T12:50:08,SITE-005,Section F — Kisumu Terminal Link,393.2,1932.8,35.1,Closed,SNS-012
TEL-002313,2026-06-02T22:47:34,SITE-001,Section C — Nakuru-Eldoret Extension,401.5,1721.6,24.6,Partially Open,SNS-006
TEL-000356,2026-04-29T07:06:05,kisumu terminal,Section B — Nairobi-Nakuru Spur,441.0,1886.2,26.6,Closed,SNS-006
TEL-001496,2026-05-19T08:00:24,SITE-007,Section E — Makueni Branch,532.2,1862.3,34.9,Open,SNS-008
TEL-003684,2026-06-27T16:53:05,SITE-002,Section E — Makueni Branch,242.6,2848.2,25.7,Closed,SNS-010
TEL-003106,2026-06-17T08:51:38,SITE-004,Section C — Nakuru-Eldoret Extension,467.7,1988.4,39.1,Open,SNS-002
TEL-003967,2026-07-03T07:30:28,SITE-006,Section B — Nairobi-Nakuru Spur,452.7,2247.4,20.6,Closed,SNS-010
TEL-004140,2026-07-06T13:02:43,SITE-002,Section D — Sinendet Lateral,376.7,2985.4,36.8,Closed,SNS-002
TEL-004101,2026-07-05T22:41:33,SITE-006,Section B — Nairobi-Nakuru Spur,286.8,1707.4,29.9,Open,SNS-004
TEL-002444,2026-06-05T11:11:02,SITE-002,Section F — Kisumu Terminal Link,522.3,2994.2,33.5,Closed,SNS-008
TEL-004776,2026-07-17T08:34:12,SITE-001,Section E — Makueni Branch,311.2,1699.8,26.7,Partially Open,SNS-013
TEL-000869,2026-05-08T06:25:02,SITE-006,Section C — Nakuru-Eldoret Extension,533.0,2715.2,33.4,Open,SNS-014
TEL-001734,2026-05-23T05:45:53,SITE-003,Section A — Mombasa-Nairobi Main,411.9,2537.5,33.4,Open,SNS-001
TEL-003361,2026-06-21T15:02:13,SITE-007,Section F — Kisumu Terminal Link,348.8,2348.0,34.9,Closed,SNS-003
TEL-004747,2026-07-16T22:34:24,eldoret terminal,Section E — Makueni Branch,373.0,2375.4,26.7,Closed,SNS-006
TEL-003628,2026-06-26T17:25:39,SITE-005,Section B — Nairobi-Nakuru Spur,447.6,3217.9,27.5,Closed,SNS-013
TEL-002430,2026-06-05T06:42:49,SITE-004,Section F — Kisumu Terminal Link,428.9,3499.3,,Closed,SNS-001
TEL-002576,2026-06-07T23:53:21,SITE-004,Section F — Kisumu Terminal Link,450.7,3988.6,22.7,Open,SNS-011
TEL-004744,2026-07-16T21:27:16,SITE-004,Section E — Makueni Branch,362.6,4081.9,26.6,Closed,SNS-003
TEL-002269,2026-06-02T05:17:52,SITE-001,Section F — Kisumu Terminal Link,512.3,2900.1,32.7,Closed,SNS-005
TEL-000097,2026-04-24T13:51:55,SITE-001,Section C — Nakuru-Eldoret Extension,203.9,1958.5,24.4,Open,SNS-009
TEL-002621,2026-06-08T21:27:02,SITE-007,Section A — Mombasa-Nairobi Main,451.6,3385.4,31.4,Closed,SNS-001
TEL-002556,2026-06-07T14:18:56,SITE-003,Section D — Sinendet Lateral,320.2,2814.8,20.8,Partially Open,SNS-001
TEL-004629,2026-07-14T23:45:20,SITE-005,Section D — Sinendet Lateral,396.1,3547.0,40.9,Open,SNS-005
TEL-003504,2026-06-24T10:01:40,SITE-002,Section A — Mombasa-Nairobi Main,447.2,3452.7,29.1,Partially Open,SNS-006
TEL-001860,2026-05-25T17:20:58,SITE-003,Section D — Sinendet Lateral,366.9,2094.3,32.6,Open,SNS-006
TEL-002820,2026-06-12T04:06:26,SITE-003,Section C — Nakuru-Eldoret Extension,403.3,2360.3,25.3,Open,SNS-004
TEL-003281,2026-06-20T06:35:36,SITE-003,Section B — Nairobi-Nakuru Spur,347.6,3534.9,21.1,Closed,SNS-007
TEL-003966,2026-07-03T06:38:52,SITE-007,Section B — Nairobi-Nakuru Spur,399.5,3738.6,33.8,Closed,SNS-002
TEL-003984,2026-07-03T16:05:14,SITE-004,Section D — Sinendet Lateral,375.7,4369.4,28.7,Open,SNS-013
TEL-004097,2026-07-05T20:56:44,SITE-003,Section C — Nakuru-Eldoret Extension,518.0,1891.8,29.9,Open,SNS-001
TEL-003772,2026-06-29T08:18:01,Eldoret term,Section A — Mombasa-Nairobi Main,457.2,2934.8,32.2,Open,SNS-005
TEL-001270,2026-05-15T14:48:43,SITE-003,Section C — Nakuru-Eldoret Extension,501.4,2970.5,,Partially Open,SNS-004
TEL-002866,2026-06-12T22:15:47,SITE-001,Section C — Nakuru-Eldoret Extension,318.8,2763.4,28.0,Open,SNS-008
TEL-000185,2026-04-26T07:40:26,SITE-007,Section E — Makueni Branch,498.1,2343.0,31.3,Open,SNS-007
TEL-004590,2026-07-14T11:43:36,SITE-002,Section A — Mombasa-Nairobi Main,451.6,1656.0,29.2,Open,SNS-011
TEL-001422,2026-05-18T00:56:11,SITE-004,Section D — Sinendet Lateral,366.7,3474.0,33.7,Open,SNS-011
TEL-002886,2026-06-13T04:54:35,SITE-005,Section B — Nairobi-Nakuru Spur,373.2,3787.6,30.1,Partially Open,SNS-013
TEL-003908,2026-07-02T01:00:12,SITE-002,Section A — Mombasa-Nairobi Main,600.0,3439.8,26.9,Open,SNS-012
TEL-003387,2026-06-22T01:54:26,SITE-006,Section A — Mombasa-Nairobi Main,398.1,2631.5,28.6,Open,SNS-014
TEL-004340,2026-07-10T03:56:37,SITE-003,Section C — Nakuru-Eldoret Extension,462.4,3348.1,34.8,Open,SNS-004
TEL-001394,2026-05-17T13:01:34,SITE-005,Section F — Kisumu Terminal Link,282.6,2904.2,29.7,Closed,SNS-014
TEL-004232,2026-07-08T11:14:30,SITE-007,Section C — Nakuru-Eldoret Extension,489.1,3950.9,34.0,Partially Open,SNS-005
TEL-000893,2026-05-08T14:33:36,Eldoret term,Section D — Sinendet Lateral,332.5,2436.5,34.8,Open,SNS-010
TEL-001341,2026-05-16T19:59:56,SITE-006,Section C — Nakuru-Eldoret Extension,551.3,2762.4,20.8,Open,SNS-012
TEL-004123,2026-07-06T09:03:36,SITE-002,Section A — Mombasa-Nairobi Main,419.4,4427.0,23.5,Open,SNS-008
TEL-004832,2026-07-18T10:21:02,SITE-007,Section F — Kisumu Terminal Link,370.8,3217.8,39.3,Open,SNS-014
TEL-000866,2026-05-08T05:23:29,SITE-001,Section A — Mombasa-Nairobi Main,469.4,2604.1,21.4,Open,SNS-011
TEL-001400,2026-05-17T15:33:20,SITE-002,Section A — Mombasa-Nairobi Main,314.2,3099.7,32.7,Open,SNS-011
TEL-004508,2026-07-13T06:51:12,SITE-007,Section A — Mombasa-Nairobi Main,381.4,3645.2,26.4,Partially Open,SNS-011
TEL-001997,2026-05-28T07:48:29,SITE-006,Section F — Kisumu Terminal Link,421.4,3097.4,27.0,Closed,SNS-006
TEL-001962,2026-05-27T19:13:04,SITE-007,Section B — Nairobi-Nakuru Spur,460.0,1967.1,33.0,Partially Open,SNS-001
TEL-004605,2026-07-14T17:48:18,SITE-006,Section F — Kisumu Terminal Link,379.3,4214.1,27.7,Open,SNS-012
TEL-003464,2026-06-23T16:00:35,Makueni PS,Section E — Makueni Branch,432.5,4832.3,28.1,Open,SNS-002
TEL-002631,2026-06-09T02:07:07,SITE-007,Section E — Makueni Branch,400.8,2799.6,25.9,Partially Open,SNS-009
TEL-004662,2026-07-15T13:15:03,SITE-006,Section E — Makueni Branch,325.0,3985.9,28.4,Open,SNS-012
TEL-004336,2026-07-10T00:41:08,SITE-006,Section E — Makueni Branch,496.8,3407.3,32.6,Open,SNS-013
TEL-004401,2026-07-11T09:01:06,Makueni PS,Section E — Makueni Branch,354.2,3341.3,31.9,Partially Open,SNS-005
TEL-001960,2026-05-27T19:01:36,SITE-003,Section E — Makueni Branch,344.3,2523.9,34.8,Open,SNS-014
TEL-003394,2026-06-22T05:43:28,SITE-003,Section A — Mombasa-Nairobi Main,459.9,3994.7,30.7,Open,SNS-012
TEL-004803,2026-07-17T19:45:47,SITE-005,Section D — Sinendet Lateral,,3361.5,30.5,Closed,SNS-005
TEL-001910,2026-05-26T18:49:15,SITE-004,Section F — Kisumu Terminal Link,,4020.0,28.3,Partially Open,SNS-001
TEL-003097,2026-06-17T04:13:30,SITE-004,Section F — Kisumu Terminal Link,426.2,3502.9,23.2,Open,SNS-013
TEL-002987,2026-06-14T20:50:10,SITE-003,Section D — Sinendet Lateral,381.2,3889.1,37.9,Closed,SNS-007
TEL-000364,2026-04-29T09:16:31,SITE-007,Section E — Makueni Branch,469.1,3214.1,29.6,Closed,SNS-009
TEL-003416,2026-06-22T15:27:49,SITE-007,Section B — Nairobi-Nakuru Spur,470.0,3355.0,18.1,Partially Open,SNS-008
TEL-003534,2026-06-24T21:06:23,Nairobi  Terminal,Section A — Mombasa-Nairobi Main,476.2,3617.7,23.8,Closed,SNS-013
TEL-004514,2026-07-13T08:57:16,NKR Depot,Section D — Sinendet Lateral,432.3,3017.4,36.3,Closed,SNS-008
TEL-004693,2026-07-16T00:07:41,SITE-002,Section E — Makueni Branch,354.9,3588.4,29.4,Partially Open,SNS-009
TEL-003027,2026-06-15T20:45:08,SITE-005,Section D — Sinendet Lateral,343.1,1280.0,33.4,Closed,SNS-005
TEL-003131,2026-06-17T16:23:59,Nakuru  Depot,Section D — Sinendet Lateral,213.1,2489.4,27.5,Closed,SNS-012
TEL-003681,2026-06-27T16:15:21,Kisumu term,Section A — Mombasa-Nairobi Main,393.7,2590.8,34.2,Open,SNS-007
TEL-002410,2026-06-04T22:12:46,Nairobi  Terminal,Section F — Kisumu Terminal Link,531.2,4347.8,36.7,Partially Open,SNS-002
TEL-000952,2026-05-09T21:22:19,SITE-001,Section A — Mombasa-Nairobi Main,,3648.5,35.0,Closed,SNS-006
TEL-001675,2026-05-22T12:27:28,SITE-007,Section C — Nakuru-Eldoret Extension,392.0,3175.8,31.1,Closed,SNS-004
TEL-000318,2026-04-28T14:26:32,SITE-005,Section B — Nairobi-Nakuru Spur,340.5,2732.6,40.4,Open,SNS-006
TEL-003971,2026-07-03T09:09:17,SITE-001,Section D — Sinendet Lateral,510.2,2549.5,34.3,Open,SNS-006
TEL-002654,2026-06-09T13:14:16,SITE-001,Section E — Makueni Branch,463.8,3560.9,32.9,Closed,SNS-013
TEL-002667,2026-06-09T16:46:06,SITE-005,Section D — Sinendet Lateral,358.5,2650.9,26.1,Partially Open,SNS-005
TEL-003669,2026-06-27T12:31:21,SINENDET,Section B — Nairobi-Nakuru Spur,420.4,3289.9,30.2,Partially Open,SNS-013
TEL-002170,2026-05-31T09:47:21,NKR Depot,Section C — Nakuru-Eldoret Extension,410.4,1973.0,35.3,Open,SNS-007
TEL-004079,2026-07-05T13:19:42,SITE-001,Section E — Makueni Branch,1000,2836.5,35.8,Closed,SNS-005
TEL-002604,2026-06-08T14:38:09,SITE-003,Section D — Sinendet Lateral,401.1,2988.2,44.5,Open,SNS-012
TEL-002131,2026-05-30T17:11:32,SITE-002,Section F — Kisumu Terminal Link,391.2,3678.0,23.8,Closed,SNS-012
TEL-003436,2026-06-23T00:53:27,SITE-006,Section A — Mombasa-Nairobi Main,397.9,3450.6,24.4,Open,SNS-014
TEL-000886,2026-05-08T12:25:56,SITE-007,Section B — Nairobi-Nakuru Spur,474.9,3463.8,30.6,Open,SNS-013
TEL-001004,2026-05-10T20:44:04,SITE-003,Section A — Mombasa-Nairobi Main,330.7,3254.4,37.8,Partially Open,SNS-001
TEL-000026,2026-04-23T12:30:39,SITE-001,Section E — Makueni Branch,547.0,1801.5,34.8,Partially Open,SNS-001
TEL-004885,2026-07-19T12:07:04,SITE-007,Section A — Mombasa-Nairobi Main,462.4,2871.3,21.9,Open,SNS-009
TEL-004456,2026-07-12T06:50:12,SITE-007,Section D — Sinendet Lateral,385.6,2527.1,28.1,Open,SNS-004
TEL-003686,2026-06-27T17:06:40,SITE-006,Section A — Mombasa-Nairobi Main,440.9,3212.7,28.9,Closed,SNS-005
TEL-002438,2026-06-05T08:54:16,SITE-004,Section A — Mombasa-Nairobi Main,426.5,2477.6,23.3,Open,SNS-001
TEL-003739,2026-06-28T13:54:17,Sinendet  Pump Station,Section E — Makueni Branch,480.6,3584.8,25.1,Closed,SNS-006
TEL-000994,2026-05-10T16:39:42,SITE-003,Section C — Nakuru-Eldoret Extension,250.5,3919.6,27.1,Open,SNS-008
TEL-003148,2026-06-17T22:47:03,SITE-005,Section A — Mombasa-Nairobi Main,246.2,3371.7,35.9,Open,SNS-008
TEL-001149,2026-05-13T12:46:06,SITE-003,Section A — Mombasa-Nairobi Main,499.3,2852.0,40.9,Open,SNS-004
TEL-003093,2026-06-17T02:02:04,SITE-002,Section C — Nakuru-Eldoret Extension,435.4,1431.4,33.7,Partially Open,SNS-010
TEL-000759,2026-05-06T06:09:06,SITE-007,Section D — Sinendet Lateral,422.5,3133.9,23.5,Open,SNS-006
TEL-002880,2026-06-13T01:39:21,SITE-007,Section F — Kisumu Terminal Link,422.8,4329.3,19.6,Closed,SNS-007
TEL-002165,2026-05-31T06:55:27,SITE-001,Section D — Sinendet Lateral,293.4,1304.7,43.3,Closed,SNS-003
TEL-003762,2026-06-29T04:00:40,SITE-007,Section C — Nakuru-Eldoret Extension,285.2,3409.9,41.9,Closed,SNS-003
TEL-003915,2026-07-02T05:19:20,SITE-002,Section E — Makueni Branch,248.8,3987.8,32.6,Open,SNS-003
TEL-004180,2026-07-07T13:18:53,SITE-002,Section A — Mombasa-Nairobi Main,411.7,3046.8,27.8,Closed,SNS-014
TEL-001418,2026-05-17T22:21:11,SITE-002,Section E — Makueni Branch,425.0,2725.1,25.7,Partially Open,SNS-012
TEL-004263,2026-07-08T21:12:18,SITE-006,Section E — Makueni Branch,436.6,2376.3,39.3,Open,SNS-004
TEL-004072,2026-07-05T09:53:11,SITE-005,Section A — Mombasa-Nairobi Main,467.3,3022.7,26.2,Open,SNS-013
TEL-001497,2026-05-19T09:42:03,SITE-004,Section D — Sinendet Lateral,371.4,3480.7,31.8,Closed,SNS-010
TEL-003329,2026-06-21T03:18:18,SITE-004,Section B — Nairobi-Nakuru Spur,488.3,2853.4,32.7,Open,SNS-004
TEL-003575,2026-06-25T15:12:47,SITE-003,Section F — Kisumu Terminal Link,555.6,2793.6,38.3,Open,SNS-007
TEL-003784,2026-06-29T12:37:05,SITE-007,Section D — Sinendet Lateral,322.5,2846.9,34.1,Open,SNS-003
TEL-000090,2026-04-24T10:29:41,Eldoret term,Section A — Mombasa-Nairobi Main,306.8,2488.9,45.0,Closed,SNS-011
TEL-003877,2026-07-01T10:37:12,SITE-005,Section C — Nakuru-Eldoret Extension,554.3,1882.8,31.7,Open,SNS-008
TEL-002288,2026-06-02T14:10:18,SITE-005,Section D — Sinendet Lateral,309.4,3291.2,30.3,Open,SNS-008
TEL-004560,2026-07-14T04:15:50,SITE-006,Section C — Nakuru-Eldoret Extension,319.8,4098.3,30.7,Closed,SNS-008
TEL-001131,2026-05-13T04:27:57,SITE-005,Section A — Mombasa-Nairobi Main,352.9,3422.9,30.9,Partially Open,SNS-010
TEL-000965,2026-05-10T02:18:20,SITE-006,Section B — Nairobi-Nakuru Spur,389.7,1837.9,29.9,Closed,SNS-010
TEL-004973,2026-07-21T09:51:44,SITE-001,Section A — Mombasa-Nairobi Main,439.0,3357.4,28.7,Open,SNS-010
TEL-003698,2026-06-27T22:28:12,SITE-006,Section E — Makueni Branch,387.4,2979.5,28.2,Closed,SNS-003
TEL-000429,2026-04-30T07:26:49,Sinendet PS,Section C — Nakuru-Eldoret Extension,390.5,3664.3,29.7,Open,SNS-007
TEL-004980,2026-07-21T12:38:05,SITE-003,Section C — Nakuru-Eldoret Extension,465.9,2855.8,31.1,Partially Open,SNS-013
TEL-003440,2026-06-23T03:43:30,SITE-006,Section A — Mombasa-Nairobi Main,424.0,3300.9,33.5,Partially Open,SNS-010
TEL-002037,2026-05-29T03:46:22,SITE-005,Section B — Nairobi-Nakuru Spur,250.2,2511.4,24.0,Partially Open,SNS-004
TEL-003078,2026-06-16T21:36:55,SITE-006,Section B — Nairobi-Nakuru Spur,454.0,3154.6,25.6,Open,SNS-003
TEL-002188,2026-05-31T18:06:24,SITE-007,Section D — Sinendet Lateral,518.5,3316.3,30.6,Closed,SNS-008
TEL-000374,2026-04-29T11:56:06,SITE-001,Section D — Sinendet Lateral,533.8,3877.1,34.3,Open,SNS-001
TEL-000009,2026-04-23T07:01:42,SITE-002,Section F — Kisumu Terminal Link,458.2,3503.9,33.4,Open,SNS-010
TEL-002287,2026-06-02T13:04:34,SITE-007,Section D — Sinendet Lateral,393.8,2001.2,28.3,Open,SNS-012
TEL-001289,2026-05-15T21:22:11,SITE-003,Section B — Nairobi-Nakuru Spur,310.4,1024.7,33.8,Partially Open,SNS-014
TEL-003699,2026-06-27T22:41:56,SITE-006,Section E — Makueni Branch,339.4,3138.9,23.1,Partially Open,SNS-010
TEL-001622,2026-05-21T15:11:27,SITE-007,Section C — Nakuru-Eldoret Extension,463.4,1766.3,28.1,Partially Open,SNS-014
TEL-001681,2026-05-22T13:35:19,nakuru depot,Section F — Kisumu Terminal Link,413.5,3137.2,23.3,Partially Open,SNS-009
TEL-000114,2026-04-24T20:59:48,SITE-003,Section D — Sinendet Lateral,429.5,2799.2,28.4,Partially Open,SNS-005
TEL-004882,2026-07-19T10:48:44,SITE-005,Section D — Sinendet Lateral,424.6,4326.9,24.1,Open,SNS-003
TEL-002371,2026-06-04T04:09:16,SITE-004,Section A — Mombasa-Nairobi Main,269.5,4148.7,32.8,Open,SNS-004
TEL-001173,2026-05-13T22:21:53,SITE-004,Section B — Nairobi-Nakuru Spur,279.5,1514.3,33.5,Closed,SNS-014
TEL-000583,2026-05-03T04:23:51,SITE-003,Section F — Kisumu Terminal Link,521.1,2697.6,32.5,Closed,SNS-011
TEL-004792,2026-07-17T15:41:23,Nairobi term,Section B — Nairobi-Nakuru Spur,700,2198.8,29.3,Closed,SNS-001
TEL-000243,2026-04-27T05:27:48,Sinendet  Pump Station,Section E — Makueni Branch,334.8,2410.6,31.7,Closed,SNS-012
TEL-003650,2026-06-27T04:20:23,SITE-007,Section D — Sinendet Lateral,254.7,4024.2,32.2,Open,SNS-013
TEL-001141,2026-05-13T09:57:39,SITE-007,Section F — Kisumu Terminal Link,382.0,4464.3,39.4,Open,SNS-004
TEL-000928,2026-05-09T08:46:39,SITE-003,Section A — Mombasa-Nairobi Main,446.3,4034.1,20.3,Partially Open,SNS-006
TEL-003943,2026-07-02T18:46:49,SITE-005,Section B — Nairobi-Nakuru Spur,263.7,2764.4,21.3,Closed,SNS-014
TEL-000542,2026-05-02T12:09:58,SITE-004,Section C — Nakuru-Eldoret Extension,543.7,3354.8,37.9,Open,SNS-004
TEL-002733,2026-06-10T22:28:55,SITE-005,Section F — Kisumu Terminal Link,355.0,2861.7,31.8,Open,SNS-007
TEL-003899,2026-07-01T21:43:01,SITE-001,Section F — Kisumu Terminal Link,452.4,3009.8,24.5,Closed,SNS-005
TEL-004046,2026-07-05T00:01:38,SITE-001,Section D — Sinendet Lateral,325.8,2219.1,22.8,Closed,SNS-012
TEL-001343,2026-05-16T21:03:16,SITE-001,Section C — Nakuru-Eldoret Extension,318.0,3940.7,33.7,Open,SNS-007
TEL-004418,2026-07-11T19:40:09,SITE-006,Section C — Nakuru-Eldoret Extension,502.4,3123.5,41.2,Open,SNS-013
TEL-002048,2026-05-29T08:35:28,SITE-006,Section A — Mombasa-Nairobi Main,453.0,2694.6,30.5,Closed,SNS-006
TEL-004930,2026-07-20T08:07:06,SITE-003,Section B — Nairobi-Nakuru Spur,393.6,3405.9,25.6,Open,SNS-012
TEL-002574,2026-06-07T22:47:21,SITE-002,Section B — Nairobi-Nakuru Spur,486.5,3681.5,36.7,Open,SNS-001
TEL-003938,2026-07-02T17:02:05,SITE-004,Section E — Makueni Branch,502.6,2314.6,22.6,Open,SNS-004
TEL-000976,2026-05-10T08:28:44,SITE-006,Section F — Kisumu Terminal Link,494.6,2271.8,29.2,Open,SNS-001
TEL-001169,2026-05-13T20:51:29,makueni section,Section B — Nairobi-Nakuru Spur,407.3,3737.1,32.8,Open,SNS-004
TEL-000750,2026-05-06T01:00:01,SITE-002,Section E — Makueni Branch,384.4,3222.6,16.1,Open,SNS-008
TEL-001911,2026-05-26T18:52:19,SITE-003,Section B — Nairobi-Nakuru Spur,536.4,2273.6,23.2,Open,SNS-009
TEL-002030,2026-05-29T00:02:50,Nakuru dep,Section C — Nakuru-Eldoret Extension,407.0,2835.3,33.9,Open,SNS-014
TEL-000168,2026-04-25T21:08:44,SITE-002,Section C — Nakuru-Eldoret Extension,313.5,3656.8,30.9,Partially Open,SNS-013
TEL-001714,2026-05-23T00:46:04,SITE-004,Section E — Makueni Branch,552.1,2976.6,29.9,Partially Open,SNS-014
TEL-001651,2026-05-22T03:57:39,SITE-001,Section A — Mombasa-Nairobi Main,,3973.2,34.1,Open,SNS-009
TEL-002872,2026-06-12T23:49:31,SITE-006,Section A — Mombasa-Nairobi Main,367.3,3601.3,20.1,Partially Open,SNS-003
TEL-003292,2026-06-20T09:08:03,SITE-006,Section D — Sinendet Lateral,372.8,3835.6,28.8,Closed,SNS-007
TEL-000654,2026-05-04T06:22:16,SITE-002,Section F — Kisumu Terminal Link,404.4,2742.3,32.6,Open,SNS-008
TEL-004842,2026-07-18T15:12:37,SITE-003,Section D — Sinendet Lateral,322.3,3249.4,30.9,Open,SNS-008
TEL-002376,2026-06-04T07:03:27,SITE-004,Section B — Nairobi-Nakuru Spur,330.4,2236.9,36.4,Open,SNS-013
TEL-001905,2026-05-26T16:22:55,SITE-004,Section A — Mombasa-Nairobi Main,377.9,2766.3,37.3,Closed,SNS-008
TEL-000519,2026-05-02T00:38:57,SITE-005,Section A — Mombasa-Nairobi Main,276.0,4469.7,31.8,Closed,SNS-010
TEL-002261,2026-06-02T02:36:38,SITE-002,Section C — Nakuru-Eldoret Extension,488.9,2328.6,33.1,Closed,SNS-011
TEL-004729,2026-07-16T15:53:18,SITE-003,Section F — Kisumu Terminal Link,490.0,3342.8,28.3,Open,SNS-006
TEL-001577,2026-05-20T18:18:47,SITE-004,Section F — Kisumu Terminal Link,316.3,2473.0,27.8,Open,SNS-009
TEL-000920,2026-05-09T04:41:59,SITE-004,Section D — Sinendet Lateral,424.6,2901.8,35.5,Closed,SNS-007
TEL-002518,2026-06-06T22:54:18,SITE-003,Section A — Mombasa-Nairobi Main,493.5,3418.7,30.9,Partially Open,SNS-011
TEL-003520,2026-06-24T16:33:37,SITE-006,Section D — Sinendet Lateral,363.1,3363.8,20.5,Partially Open,SNS-004
TEL-002499,2026-06-06T16:33:41,SITE-005,Section C — Nakuru-Eldoret Extension,343.5,2098.4,31.0,Open,SNS-008
TEL-000216,2026-04-26T18:43:21,SITE-002,Section B — Nairobi-Nakuru Spur,493.5,2018.7,28.4,Open,SNS-003
TEL-001727,2026-05-23T04:19:20,SITE-005,Section E — Makueni Branch,370.9,3125.1,25.7,Partially Open,SNS-012
TEL-003766,2026-06-29T05:03:03,SITE-002,Section E — Makueni Branch,393.4,3664.4,24.9,Open,SNS-013
TEL-004602,2026-07-14T16:38:17,SITE-005,Section A — Mombasa-Nairobi Main,498.5,3454.1,21.8,Closed,SNS-001
TEL-000288,2026-04-28T02:56:53,SITE-003,Section A — Mombasa-Nairobi Main,379.9,3382.2,32.7,Open,SNS-011
TEL-001434,2026-05-18T06:24:12,SITE-004,Section B — Nairobi-Nakuru Spur,447.1,2481.4,35.4,Closed,SNS-003
TEL-000389,2026-04-29T16:23:01,makueni pipeline,Section F — Kisumu Terminal Link,516.0,,36.1,Closed,SNS-013
TEL-003745,2026-06-28T16:33:21,kisumu terminal,Section E — Makueni Branch,520.0,3204.6,34.6,Open,SNS-005
TEL-004177,2026-07-07T11:42:26,SITE-007,Section A — Mombasa-Nairobi Main,410.5,2103.7,27.8,Open,SNS-010
TEL-002489,2026-06-06T13:19:16,SITE-003,Section C — Nakuru-Eldoret Extension,447.8,3985.3,26.4,Open,SNS-001
TEL-002314,2026-06-02T22:53:10,SITE-004,Section B — Nairobi-Nakuru Spur,264.8,2467.5,30.6,Open,SNS-011
TEL-001444,2026-05-18T10:50:58,SITE-002,Section C — Nakuru-Eldoret Extension,336.0,2761.4,23.5,Open,SNS-011
TEL-001425,2026-05-18T02:51:20,SITE-007,Section E — Makueni Branch,381.7,3446.2,27.1,Open,SNS-014
TEL-004830,2026-07-18T09:44:06,SITE-001,Section C — Nakuru-Eldoret Extension,322.4,2811.3,45.0,Closed,SNS-001
TEL-004175,2026-07-07T10:07:55,SITE-001,Section A — Mombasa-Nairobi Main,503.1,2595.6,35.0,Closed,SNS-007
TEL-000849,2026-05-07T18:08:23,SITE-003,Section C — Nakuru-Eldoret Extension,357.5,3095.1,29.8,Partially Open,SNS-013
TEL-004468,2026-07-12T13:40:13,Sinendet PS,Section C — Nakuru-Eldoret Extension,243.1,4148.8,16.4,Closed,SNS-002
TEL-001326,2026-05-16T13:03:05,SITE-002,Section B — Nairobi-Nakuru Spur,553.8,3530.7,24.2,Partially Open,SNS-014
TEL-001725,2026-05-23T03:29:02,SITE-002,Section D — Sinendet Lateral,365.2,2751.7,32.3,Open,SNS-005
TEL-001445,2026-05-18T11:09:24,SITE-003,Section F — Kisumu Terminal Link,285.3,2576.5,26.5,Open,SNS-011
TEL-003477,2026-06-23T21:22:12,SITE-001,Section C — Nakuru-Eldoret Extension,384.0,1000.0,30.5,Open,SNS-003
TEL-002553,2026-06-07T13:23:31,SITE-001,Section D — Sinendet Lateral,444.0,3225.3,29.9,Partially Open,SNS-012
TEL-002842,2026-06-12T10:45:02,SITE-002,Section F — Kisumu Terminal Link,384.0,3143.7,25.6,Closed,SNS-005
TEL-004170,2026-07-07T07:43:05,SITE-007,Section D — Sinendet Lateral,339.0,2618.4,20.4,Open,SNS-007
TEL-003909,2026-07-02T01:12:55,SITE-002,Section C — Nakuru-Eldoret Extension,365.5,2976.2,35.8,Open,SNS-003
TEL-004829,2026-07-18T08:04:27,Nakuru dep,Section F — Kisumu Terminal Link,379.5,2801.1,19.2,Open,SNS-004
TEL-000984,2026-05-10T11:44:55,SITE-007,Section C — Nakuru-Eldoret Extension,285.2,4068.5,26.7,Partially Open,SNS-006
TEL-002885,2026-06-13T04:11:11,SITE-003,Section D — Sinendet Lateral,392.2,2170.3,22.0,Open,SNS-008
TEL-002701,2026-06-10T10:08:55,SITE-007,Section C — Nakuru-Eldoret Extension,260.2,2837.2,25.8,Open,SNS-008
TEL-001045,2026-05-11T12:24:23,SITE-004,Section D — Sinendet Lateral,381.7,3061.9,40.9,Closed,SNS-010
TEL-000155,2026-04-25T17:20:29,Eldoret  Terminal,Section B — Nairobi-Nakuru Spur,445.5,2672.3,27.4,Partially Open,SNS-011
TEL-003445,2026-06-23T07:44:05,SITE-005,Section E — Makueni Branch,408.3,2454.6,34.7,Open,SNS-007
TEL-000205,2026-04-26T15:29:26,SITE-003,Section C — Nakuru-Eldoret Extension,333.9,2111.2,37.6,Open,SNS-006
TEL-000050,2026-04-23T20:12:55,nairobi terminal,Section A — Mombasa-Nairobi Main,442.2,3836.0,30.7,Closed,SNS-008
TEL-003622,2026-06-26T13:37:44,SITE-001,Section E — Makueni Branch,450.7,3944.5,31.2,Closed,SNS-003
TEL-001533,2026-05-20T02:33:47,SITE-002,Section D — Sinendet Lateral,346.5,3881.5,33.0,Open,SNS-007
TEL-003198,2026-06-18T18:55:51,SITE-001,Section A — Mombasa-Nairobi Main,497.9,1486.0,37.3,Partially Open,SNS-001
TEL-002229,2026-06-01T12:11:04,SITE-006,Section E — Makueni Branch,377.6,2267.4,23.9,Partially Open,SNS-007
TEL-002439,2026-06-05T09:22:36,SITE-007,Section B — Nairobi-Nakuru Spur,380.9,2447.1,26.1,Open,SNS-013
TEL-001737,2026-05-23T07:59:30,SITE-002,Section D — Sinendet Lateral,347.8,4957.4,21.3,Open,SNS-005
TEL-003272,2026-06-20T02:33:17,SITE-006,Section C — Nakuru-Eldoret Extension,505.8,3489.5,42.6,Open,SNS-011
TEL-002395,2026-06-04T14:20:26,SITE-006,Section E — Makueni Branch,387.6,3610.9,25.8,Open,SNS-014
TEL-004558,2026-07-14T03:22:28,SITE-001,Section C — Nakuru-Eldoret Extension,413.3,2979.0,35.3,Closed,SNS-006
TEL-004412,2026-07-11T16:27:40,SITE-004,Section A — Mombasa-Nairobi Main,502.1,2981.7,39.8,Partially Open,SNS-011
TEL-002670,2026-06-09T17:25:46,SITE-006,Section A — Mombasa-Nairobi Main,600.0,1990.8,30.8,Closed,SNS-009
TEL-004755,2026-07-17T01:09:27,Thange section,Section A — Mombasa-Nairobi Main,466.4,2614.3,23.7,Open,SNS-005
TEL-004009,2026-07-04T05:08:35,SITE-001,Section A — Mombasa-Nairobi Main,574.4,2923.8,24.0,Partially Open,SNS-002
TEL-000685,2026-05-04T18:17:44,SITE-006,Section E — Makueni Branch,371.0,3181.3,28.5,Open,SNS-010
TEL-003167,2026-06-18T04:52:38,SITE-005,Section B — Nairobi-Nakuru Spur,379.2,1340.7,20.5,Open,SNS-009
TEL-004578,2026-07-14T08:13:39,SITE-003,Section D — Sinendet Lateral,382.8,4500.7,35.5,Open,SNS-009
TEL-004535,2026-07-13T17:24:19,SITE-005,Section B — Nairobi-Nakuru Spur,495.0,2543.4,34.0,Open,SNS-014
TEL-003564,2026-06-25T10:43:03,Kisumu  Terminal,Section A — Mombasa-Nairobi Main,299.6,3643.6,27.8,Open,SNS-002
TEL-002377,2026-06-04T07:51:02,SITE-003,Section A — Mombasa-Nairobi Main,335.4,3179.7,36.9,Closed,SNS-009
TEL-000411,2026-04-29T23:55:31,SITE-002,Section A — Mombasa-Nairobi Main,321.4,2019.9,39.5,Open,SNS-007
TEL-001050,2026-05-11T14:23:49,SITE-005,Section B — Nairobi-Nakuru Spur,509.9,2799.4,39.7,Partially Open,SNS-009
TEL-001247,2026-05-15T03:51:24,SITE-001,Section E — Makueni Branch,444.8,1891.0,21.9,Open,SNS-007
TEL-002019,2026-05-28T18:34:23,SITE-005,Section F — Kisumu Terminal Link,406.0,2891.1,32.3,Closed,SNS-011
TEL-001055,2026-05-11T17:27:55,SITE-006,Section F — Kisumu Terminal Link,333.4,3179.3,27.4,Open,SNS-008
TEL-002771,2026-06-11T09:47:55,SITE-004,Section C — Nakuru-Eldoret Extension,269.2,2968.9,33.5,Open,SNS-002
TEL-003402,2026-06-22T09:23:44,SITE-001,Section D — Sinendet Lateral,443.4,4050.6,31.7,Closed,SNS-002
TEL-003615,2026-06-26T09:52:23,Sinendet  Pump Station,Section D — Sinendet Lateral,284.9,1625.7,31.6,Open,SNS-008
TEL-004293,2026-07-09T07:01:16,SITE-005,Section B — Nairobi-Nakuru Spur,357.5,1182.6,23.0,Partially Open,SNS-004
TEL-001856,2026-05-25T15:29:45,SITE-007,Section F — Kisumu Terminal Link,408.7,2425.5,33.3,Partially Open,SNS-004
TEL-002646,2026-06-09T10:08:01,SITE-001,Section D — Sinendet Lateral,426.0,3589.3,29.4,Open,SNS-009
TEL-000204,2026-04-26T15:06:39,Makueni PS,Section F — Kisumu Terminal Link,310.7,3409.4,25.9,Open,SNS-010
TEL-000554,2026-05-02T17:39:07,SITE-003,Section D — Sinendet Lateral,353.3,1663.8,38.5,Partially Open,SNS-004
TEL-003091,2026-06-17T01:26:38,SITE-003,Section D — Sinendet Lateral,415.0,2500.8,20.7,Closed,SNS-003
TEL-003321,2026-06-21T01:19:43,SITE-005,Section F — Kisumu Terminal Link,318.7,3056.6,37.9,Closed,SNS-009
TEL-004368,2026-07-10T18:07:53,SITE-006,Section F — Kisumu Terminal Link,331.1,3091.7,28.3,Closed,SNS-001
TEL-004414,2026-07-11T17:35:42,sinendet pump,Section B — Nairobi-Nakuru Spur,311.9,4008.0,37.3,Open,SNS-003
TEL-003134,2026-06-17T17:11:06,SITE-007,Section B — Nairobi-Nakuru Spur,459.0,3217.2,36.1,Partially Open,SNS-009
TEL-004625,2026-07-14T23:23:58,Nairobi  Terminal,Section C — Nakuru-Eldoret Extension,421.2,2260.2,33.3,Closed,SNS-014
TEL-000016,2026-04-23T09:21:19,SITE-005,Section D — Sinendet Lateral,537.8,3995.2,34.1,Open,SNS-007
TEL-001614,2026-05-21T09:44:08,Sinendet  Pump Station,Section A — Mombasa-Nairobi Main,425.2,3357.5,26.2,Partially Open,SNS-002
TEL-002426,2026-06-05T05:12:43,SITE-007,Section C — Nakuru-Eldoret Extension,363.2,3219.0,30.8,Partially Open,SNS-004
TEL-003006,2026-06-15T04:33:43,SITE-007,Section F — Kisumu Terminal Link,443.2,3461.5,32.8,Partially Open,SNS-004
TEL-000764,2026-05-06T09:34:37,SITE-007,Section B — Nairobi-Nakuru Spur,200.0,3564.5,33.0,Closed,SNS-014
TEL-001035,2026-05-11T08:13:06,SITE-007,Section A — Mombasa-Nairobi Main,499.1,3554.6,29.6,Open,SNS-008
TEL-001670,2026-05-22T09:57:46,SITE-007,Section D — Sinendet Lateral,414.7,2903.4,28.5,Closed,SNS-013
TEL-000968,2026-05-10T04:45:22,SITE-005,Section E — Makueni Branch,413.5,1115.7,26.7,Closed,SNS-013
TEL-004916,2026-07-20T01:13:48,NKR Depot,Section A — Mombasa-Nairobi Main,251.1,2781.3,39.3,Closed,SNS-013
TEL-001709,2026-05-22T23:32:35,SITE-001,Section D — Sinendet Lateral,339.8,3836.5,23.2,Open,SNS-010
TEL-003168,2026-06-18T07:35:30,eldoret terminal,Section F — Kisumu Terminal Link,440.6,3795.3,26.8,Closed,SNS-014
TEL-001923,2026-05-27T00:32:42,SITE-001,Section B — Nairobi-Nakuru Spur,405.0,2077.9,23.4,Partially Open,SNS-004
TEL-000353,2026-04-29T05:51:30,SITE-003,Section F — Kisumu Terminal Link,359.5,2362.7,28.6,Open,SNS-012
TEL-003076,2026-06-16T19:48:08,MSA Terminal,Section D — Sinendet Lateral,476.8,1732.1,29.8,Open,SNS-001
TEL-000348,2026-04-29T04:09:42,SITE-004,Section B — Nairobi-Nakuru Spur,326.0,3232.2,26.2,Closed,SNS-010
TEL-004570,2026-07-14T06:34:27,SITE-004,Section C — Nakuru-Eldoret Extension,260.5,3622.3,23.5,Open,SNS-004
TEL-004191,2026-07-07T17:08:28,Nakuru  Depot,Section F — Kisumu Terminal Link,350.8,3338.4,35.9,Open,SNS-005
TEL-004593,2026-07-14T14:03:25,SITE-002,Section D — Sinendet Lateral,416.7,3034.2,20.4,Open,SNS-003
TEL-003947,2026-07-02T21:04:33,SITE-006,Section D — Sinendet Lateral,340.9,1465.9,28.0,Closed,SNS-008
TEL-001350,2026-05-16T22:59:21,SITE-007,Section D — Sinendet Lateral,237.6,2452.6,38.4,Closed,SNS-003
TEL-000434,2026-04-30T09:19:56,SITE-006,Section D — Sinendet Lateral,302.3,2554.2,42.4,Open,SNS-013
TEL-001529,2026-05-19T23:18:13,nakuru depot,Section B — Nairobi-Nakuru Spur,470.1,2900.1,42.6,Closed,SNS-006
TEL-002522,2026-06-07T01:22:04,SITE-004,Section E — Makueni Branch,285.4,4383.0,32.4,Open,SNS-002
TEL-002095,2026-05-30T03:06:39,SITE-003,Section B — Nairobi-Nakuru Spur,375.7,4024.3,26.8,Closed,SNS-009
TEL-001369,2026-05-17T04:41:48,SITE-005,Section E — Makueni Branch,397.5,3936.3,31.5,Closed,SNS-008
TEL-001807,2026-05-24T18:00:32,SITE-003,Section C — Nakuru-Eldoret Extension,567.8,3156.1,36.9,Open,SNS-011
TEL-001121,2026-05-12T23:46:22,SITE-006,Section A — Mombasa-Nairobi Main,541.7,2980.6,31.9,Closed,SNS-010
TEL-000172,2026-04-25T23:25:26,SITE-007,Section D — Sinendet Lateral,441.1,3106.3,,Open,SNS-006
TEL-002096,2026-05-30T03:29:27,SITE-002,Section D — Sinendet Lateral,200.0,2875.3,35.9,Open,SNS-013
TEL-003573,2026-06-25T14:39:23,SITE-007,Section D — Sinendet Lateral,338.3,2427.7,32.0,Open,SNS-009
TEL-000818,2026-05-07T08:25:36,SITE-007,Section C — Nakuru-Eldoret Extension,378.8,3783.3,31.1,Open,SNS-003
TEL-004438,2026-07-12T00:52:33,SITE-004,Section D — Sinendet Lateral,412.1,3170.7,40.4,Partially Open,SNS-012
TEL-001993,2026-05-28T06:03:35,Nairobi  Terminal,Section B — Nairobi-Nakuru Spur,465.9,1521.9,23.7,Open,SNS-008
TEL-003426,2026-06-22T19:27:07,SITE-006,Section D — Sinendet Lateral,200.0,4006.1,30.3,Closed,SNS-012
TEL-000454,2026-04-30T17:11:39,SITE-007,Section B — Nairobi-Nakuru Spur,519.5,3675.1,29.1,Open,SNS-004
TEL-002922,2026-06-13T20:45:48,SITE-005,Section E — Makueni Branch,325.1,1801.0,20.0,Open,SNS-014
TEL-000251,2026-04-27T09:07:52,SITE-007,Section B — Nairobi-Nakuru Spur,356.8,3161.0,36.8,Closed,SNS-009
TEL-002927,2026-06-13T21:21:51,SITE-005,Section C — Nakuru-Eldoret Extension,401.4,4347.0,31.2,Open,SNS-004
TEL-003690,2026-06-27T18:49:04,SITE-006,Section A — Mombasa-Nairobi Main,318.0,2965.7,25.6,Open,SNS-002
TEL-002281,2026-06-02T08:23:27,SITE-006,Section A — Mombasa-Nairobi Main,411.7,3721.1,21.6,Closed,SNS-014
TEL-004213,2026-07-08T03:18:10,sinendet pump,Section D — Sinendet Lateral,341.1,2938.6,20.7,Open,SNS-013
TEL-001549,2026-05-20T06:47:01,Sinendet  Pump Station,Section F — Kisumu Terminal Link,290.2,2964.5,31.5,Open,SNS-014
TEL-002138,2026-05-30T19:02:03,Eldoret  Terminal,Section F — Kisumu Terminal Link,468.2,3450.4,34.8,Open,SNS-009
TEL-000822,2026-05-07T09:28:22,Eldoret  Terminal,Section F — Kisumu Terminal Link,250.6,2545.9,32.4,Open,SNS-007
TEL-003300,2026-06-20T11:47:24,Nairobi  Terminal,Section B — Nairobi-Nakuru Spur,372.3,1002.3,30.5,Open,SNS-006
TEL-004783,2026-07-17T12:00:36,Nakuru  Depot,Section D — Sinendet Lateral,379.5,2772.4,40.3,Open,SNS-008
TEL-004295,2026-07-09T07:45:05,SITE-001,Section A — Mombasa-Nairobi Main,312.4,4460.0,16.6,Open,SNS-013
TEL-002564,2026-06-07T18:59:17,SITE-007,Section D — Sinendet Lateral,277.9,2914.1,39.5,Open,SNS-010
TEL-002289,2026-06-02T14:23:07,SITE-002,Section D — Sinendet Lateral,386.6,3096.9,29.6,Open,SNS-009
TEL-003355,2026-06-21T13:42:20,SITE-001,Section D — Sinendet Lateral,494.1,2443.4,31.2,Partially Open,SNS-014
TEL-000533,2026-05-02T05:44:47,SITE-005,Section A — Mombasa-Nairobi Main,515.5,2798.9,18.1,Partially Open,SNS-005
TEL-004919,2026-07-20T02:45:20,SITE-003,Section D — Sinendet Lateral,386.2,3751.4,41.9,Partially Open,SNS-007
TEL-000788,2026-05-06T18:57:50,SITE-002,Section C — Nakuru-Eldoret Extension,407.9,3492.2,35.9,Open,SNS-009
TEL-001065,2026-05-11T20:35:09,SITE-006,Section D — Sinendet Lateral,450.6,1939.5,22.9,Partially Open,SNS-013
TEL-003462,2026-06-23T15:23:56,SITE-005,Section D — Sinendet Lateral,371.4,2820.4,29.0,Closed,SNS-004
TEL-004544,2026-07-13T22:14:59,Kisumu  Terminal,Section D — Sinendet Lateral,396.6,3330.9,32.8,Open,SNS-012
TEL-003588,2026-06-25T21:07:53,SITE-007,Section C — Nakuru-Eldoret Extension,395.1,2791.6,34.5,Open,SNS-009
TEL-003052,2026-06-16T10:47:31,SITE-005,Section B — Nairobi-Nakuru Spur,213.5,2719.4,26.3,Open,SNS-004
TEL-004513,2026-07-13T08:46:09,SITE-004,Section C — Nakuru-Eldoret Extension,352.1,3949.2,29.4,Closed,SNS-014
TEL-002216,2026-06-01T05:46:33,SITE-002,Section A — Mombasa-Nairobi Main,474.7,3453.3,40.1,Partially Open,SNS-012
TEL-002025,2026-05-28T20:06:29,Mombasa term,Section E — Makueni Branch,500.4,3075.9,18.5,Open,SNS-013
TEL-003591,2026-06-25T22:20:01,nakuru depot,Section F — Kisumu Terminal Link,340.6,2812.0,22.9,Partially Open,SNS-014
TEL-004669,2026-07-15T15:33:16,SITE-002,Section E — Makueni Branch,312.6,3199.5,32.2,Closed,SNS-001
TEL-003736,2026-06-28T12:21:50,eldoret terminal,Section C — Nakuru-Eldoret Extension,426.3,3473.8,27.4,Partially Open,SNS-009
TEL-000184,2026-04-26T06:25:10,SITE-007,Section F — Kisumu Terminal Link,351.8,3124.4,27.5,Closed,SNS-007
TEL-001380,2026-05-17T08:00:32,SITE-006,Section E — Makueni Branch,486.5,4852.1,26.5,Open,SNS-004
TEL-001716,2026-05-23T01:11:04,SITE-001,Section E — Makueni Branch,350.8,2855.0,27.0,Open,SNS-013
TEL-002325,2026-06-03T06:20:24,SITE-005,Section C — Nakuru-Eldoret Extension,379.2,3833.5,31.7,Open,SNS-001
TEL-003668,2026-06-27T12:23:08,SITE-002,Section D — Sinendet Lateral,540.0,3882.8,22.7,Open,SNS-006
TEL-002767,2026-06-11T08:50:22,mombasa terminal,Section A — Mombasa-Nairobi Main,338.3,2788.0,25.6,Open,SNS-001
TEL-003468,2026-06-23T17:08:43,KISUMU,Section F — Kisumu Terminal Link,357.3,3293.6,25.9,Closed,SNS-003
TEL-003010,2026-06-15T07:48:16,SITE-001,Section B — Nairobi-Nakuru Spur,403.3,2916.1,30.4,Open,SNS-001
TEL-003538,2026-06-24T22:32:24,MSA Terminal,Section F — Kisumu Terminal Link,581.8,3726.6,23.9,Closed,SNS-007
TEL-004385,2026-07-11T00:03:15,SITE-003,Section B — Nairobi-Nakuru Spur,455.9,2798.9,21.6,Closed,SNS-011
TEL-003312,2026-06-20T19:17:22,Kisumu term,Section E — Makueni Branch,286.5,1440.4,42.0,Partially Open,SNS-004
TEL-002045,2026-05-29T07:48:13,SITE-003,Section C — Nakuru-Eldoret Extension,467.7,2341.0,38.4,Open,SNS-008
TEL-003469,2026-06-23T17:15:15,SITE-001,Section C — Nakuru-Eldoret Extension,390.0,3084.0,29.6,Partially Open,SNS-009
TEL-004178,2026-07-07T11:53:13,SITE-004,Section B — Nairobi-Nakuru Spur,365.9,3580.0,27.2,Open,SNS-002
TEL-002652,2026-06-09T12:58:52,SITE-003,Section C — Nakuru-Eldoret Extension,411.0,2561.1,31.3,Closed,SNS-004
TEL-000837,2026-05-07T15:03:02,SITE-007,Section C — Nakuru-Eldoret Extension,368.8,2469.0,24.6,Partially Open,SNS-002
TEL-004753,2026-07-16T23:46:47,SITE-003,Section B — Nairobi-Nakuru Spur,446.4,3637.3,38.7,Open,SNS-002
TEL-003273,2026-06-20T02:45:56,sinendet pump station,Section A — Mombasa-Nairobi Main,340.3,2005.2,33.7,Open,SNS-004
TEL-003288,2026-06-20T07:53:05,MOMBASA,Section F — Kisumu Terminal Link,407.2,1988.4,28.1,Open,SNS-002
TEL-000413,2026-04-30T01:03:27,Nakuru  Depot,Section A — Mombasa-Nairobi Main,566.5,3191.2,25.5,Partially Open,SNS-004
TEL-001844,2026-05-25T10:19:00,SITE-006,Section F — Kisumu Terminal Link,350.7,2452.9,24.0,Open,SNS-012
TEL-000846,2026-05-07T17:31:42,NAKURU,Section F — Kisumu Terminal Link,284.7,2724.3,40.4,Open,SNS-006
TEL-003161,2026-06-18T04:03:27,SITE-002,Section D — Sinendet Lateral,367.8,2143.1,41.8,Partially Open,SNS-002
TEL-003867,2026-07-01T07:21:27,SITE-004,Section F — Kisumu Terminal Link,328.7,1972.2,18.2,Open,SNS-010
TEL-001322,2026-05-16T10:34:53,SITE-007,Section F — Kisumu Terminal Link,378.5,3466.6,28.1,Partially Open,SNS-014
TEL-001429,2026-05-18T03:51:20,SITE-004,Section A — Mombasa-Nairobi Main,586.9,2488.0,22.5,Closed,SNS-003
TEL-001530,2026-05-20T00:41:43,ELDORET,Section B — Nairobi-Nakuru Spur,392.4,2975.7,22.3,Open,SNS-002
TEL-004639,2026-07-15T01:52:13,SITE-003,Section F — Kisumu Terminal Link,448.4,2669.8,37.6,Partially Open,SNS-002
TEL-000483,2026-05-01T09:28:13,SITE-005,Section D — Sinendet Lateral,253.2,2488.2,35.8,Open,SNS-008
TEL-001510,2026-05-19T12:35:07,SITE-002,Section F — Kisumu Terminal Link,344.5,1996.1,25.5,Open,SNS-004
TEL-002057,2026-05-29T11:56:51,SITE-001,Section F — Kisumu Terminal Link,224.2,4338.3,29.0,Closed,SNS-011
TEL-002555,2026-06-07T14:14:46,SITE-007,Section E — Makueni Branch,415.9,1198.1,32.0,Partially Open,SNS-003
TEL-001446,2026-05-18T11:09:43,SITE-006,Section B — Nairobi-Nakuru Spur,360.4,2770.5,34.9,Partially Open,SNS-012
TEL-002864,2026-06-12T21:22:55,SITE-007,Section F — Kisumu Terminal Link,371.2,4431.0,32.5,Closed,SNS-009
TEL-002200,2026-05-31T23:41:28,SITE-006,Section E — Makueni Branch,600.0,2270.6,28.8,Open,SNS-011
TEL-003145,2026-06-17T21:56:17,KSM Terminal,Section C — Nakuru-Eldoret Extension,368.2,3135.0,31.3,Partially Open,SNS-014
TEL-004834,2026-07-18T11:32:12,SITE-005,Section B — Nairobi-Nakuru Spur,366.6,3832.9,22.2,Closed,SNS-012
TEL-004572,2026-07-14T06:46:30,SITE-007,Section C — Nakuru-Eldoret Extension,424.6,2312.0,28.6,Partially Open,SNS-012
TEL-004030,2026-07-04T14:18:07,SITE-001,Section F — Kisumu Terminal Link,388.6,2373.5,28.2,Open,SNS-005
TEL-001557,2026-05-20T09:17:28,SITE-007,Section A — Mombasa-Nairobi Main,313.8,2917.9,36.2,Open,SNS-010
TEL-003771,2026-06-29T08:06:00,SITE-007,Section B — Nairobi-Nakuru Spur,326.0,,26.4,Partially Open,SNS-005
TEL-004229,2026-07-08T10:04:31,SITE-004,Section F — Kisumu Terminal Link,466.4,2019.5,32.1,Partially Open,SNS-014
TEL-004287,2026-07-09T05:37:49,SITE-004,Section B — Nairobi-Nakuru Spur,353.3,2468.4,31.9,Open,SNS-005
TEL-004264,2026-07-08T21:46:12,SITE-005,Section F — Kisumu Terminal Link,287.5,2606.4,26.0,Closed,SNS-001
TEL-000854,2026-05-07T21:13:02,SITE-007,Section F — Kisumu Terminal Link,310.5,2740.2,15.1,Partially Open,SNS-001
TEL-003605,2026-06-26T05:07:52,SITE-004,Section A — Mombasa-Nairobi Main,374.4,2886.0,36.1,Closed,SNS-004
TEL-004013,2026-07-04T08:35:12,SITE-005,Section D — Sinendet Lateral,426.0,3278.1,21.2,Partially Open,SNS-001
TEL-002950,2026-06-14T07:02:55,SITE-005,Section B — Nairobi-Nakuru Spur,392.0,2766.6,34.9,Open,SNS-011
TEL-000075,2026-04-24T05:55:16,SITE-004,Section F — Kisumu Terminal Link,328.8,3302.8,40.5,Open,SNS-002
TEL-004895,2026-07-19T15:16:03,SITE-004,Section E — Makueni Branch,261.7,2704.2,31.6,Open,SNS-003
TEL-003850,2026-06-30T22:14:11,SITE-002,Section F — Kisumu Terminal Link,524.7,3463.1,31.1,Open,SNS-006
TEL-004065,2026-07-05T07:31:22,SITE-007,Section C — Nakuru-Eldoret Extension,452.0,3034.3,33.9,Partially Open,SNS-009
TEL-002773,2026-06-11T10:58:25,SITE-005,Section B — Nairobi-Nakuru Spur,566.7,4041.9,34.2,Open,SNS-001
TEL-003721,2026-06-28T07:51:36,Kisumu term,Section F — Kisumu Terminal Link,497.0,3464.3,31.2,Open,SNS-010
TEL-003274,2026-06-20T02:54:29,SITE-006,Section F — Kisumu Terminal Link,301.9,3069.3,16.6,Partially Open,SNS-012
TEL-000463,2026-04-30T23:16:36,SITE-005,Section E — Makueni Branch,494.2,4282.1,37.5,Open,SNS-009
TEL-000810,2026-05-07T06:34:33,SITE-005,Section C — Nakuru-Eldoret Extension,368.2,3618.5,33.1,Open,SNS-002
TEL-003983,2026-07-03T15:44:45,SITE-001,Section A — Mombasa-Nairobi Main,402.1,3442.4,26.5,Closed,SNS-011
TEL-001192,2026-05-14T05:57:28,SITE-003,Section B — Nairobi-Nakuru Spur,377.4,2729.6,30.1,Open,SNS-009
TEL-004840,2026-07-18T14:55:27,SITE-002,Section F — Kisumu Terminal Link,447.0,2275.9,29.3,Open,SNS-006
TEL-002829,2026-06-12T07:05:33,SITE-007,Section E — Makueni Branch,401.4,3620.0,25.4,Closed,SNS-002
TEL-004615,2026-07-14T20:57:36,SITE-003,Section F — Kisumu Terminal Link,371.5,3715.9,29.9,Open,SNS-007
TEL-000371,2026-04-29T11:11:05,SITE-007,Section F — Kisumu Terminal Link,502.9,3767.7,34.7,Closed,SNS-004
TEL-002541,2026-06-07T09:01:46,SITE-002,Section F — Kisumu Terminal Link,381.9,3875.1,19.4,Closed,SNS-005
TEL-003001,2026-06-15T03:30:56,SITE-007,Section C — Nakuru-Eldoret Extension,466.5,2360.0,42.2,Open,SNS-012
TEL-004543,2026-07-13T21:40:37,SITE-007,Section B — Nairobi-Nakuru Spur,360.2,1967.6,34.4,Open,SNS-009
TEL-000747,2026-05-05T22:26:15,SITE-007,Section A — Mombasa-Nairobi Main,414.1,1224.5,18.1,Closed,SNS-012
TEL-001187,2026-05-14T03:00:56,SITE-007,Section D — Sinendet Lateral,423.4,3768.3,27.6,Open,SNS-003
TEL-003442,2026-06-23T05:28:38,SITE-003,Section F — Kisumu Terminal Link,489.5,2836.0,37.6,Closed,SNS-013
TEL-004865,2026-07-19T01:41:52,Nairobi term,Section A — Mombasa-Nairobi Main,436.4,3026.0,31.6,Closed,SNS-011
TEL-001442,2026-05-18T10:45:39,SITE-005,Section B — Nairobi-Nakuru Spur,263.8,3523.5,25.6,Open,SNS-005
TEL-003671,2026-06-27T12:48:24,SITE-007,Section E — Makueni Branch,456.3,3524.3,29.0,Closed,SNS-009
TEL-000935,2026-05-09T11:37:41,SITE-005,Section B — Nairobi-Nakuru Spur,355.4,3082.5,25.2,Open,SNS-001
TEL-004416,2026-07-11T18:27:52,SITE-003,Section D — Sinendet Lateral,429.3,3666.4,29.2,Closed,SNS-004
TEL-000222,2026-04-26T20:09:40,eldoret terminal,Section C — Nakuru-Eldoret Extension,465.1,3956.2,30.2,Closed,SNS-011
TEL-004911,2026-07-19T22:35:25,SITE-004,Section C — Nakuru-Eldoret Extension,437.9,2957.4,26.6,Open,SNS-013
TEL-000019,2026-04-23T11:01:36,MOMBASA,Section D — Sinendet Lateral,326.5,2142.2,24.7,Open,SNS-003
TEL-003800,2026-06-29T18:01:18,SITE-004,Section C — Nakuru-Eldoret Extension,414.2,3269.4,30.4,Open,SNS-010
TEL-003667,2026-06-27T12:16:31,SITE-007,Section F — Kisumu Terminal Link,404.7,3348.0,30.9,Open,SNS-001
TEL-000174,2026-04-26T01:18:28,SITE-006,Section C — Nakuru-Eldoret Extension,467.3,2602.5,30.7,Open,SNS-003
TEL-004003,2026-07-04T03:48:21,SITE-006,Section E — Makueni Branch,376.1,4062.4,33.1,Open,SNS-006
TEL-002524,2026-06-07T01:29:31,MOMBASA,Section D — Sinendet Lateral,349.6,1873.5,28.6,Closed,SNS-009
TEL-000799,2026-05-07T00:53:43,SITE-006,Section D — Sinendet Lateral,243.6,1211.0,17.1,Open,SNS-005
TEL-000870,2026-05-08T06:47:03,Sinendet PS,Section E — Makueni Branch,434.9,3650.7,37.9,Open,SNS-007
TEL-001042,2026-05-11T10:33:53,SITE-002,Section E — Makueni Branch,447.5,2265.0,29.2,Closed,SNS-004
TEL-003651,2026-06-27T04:25:24,SITE-001,Section D — Sinendet Lateral,367.9,3402.1,27.3,Open,SNS-005
TEL-004511,2026-07-13T08:01:27,SITE-001,Section D — Sinendet Lateral,415.6,2103.4,27.8,Open,SNS-011
TEL-004504,2026-07-13T04:10:16,SITE-002,Section C — Nakuru-Eldoret Extension,292.1,1650.5,27.7,Partially Open,SNS-007
TEL-004896,2026-07-19T15:23:34,SITE-002,Section E — Makueni Branch,409.1,1766.9,20.7,Closed,SNS-011
TEL-001989,2026-05-28T04:32:38,SITE-005,Section F — Kisumu Terminal Link,517.9,4708.6,24.3,Partially Open,SNS-005
TEL-004324,2026-07-09T19:17:23,SITE-004,Section D — Sinendet Lateral,392.4,2452.3,15.0,Open,SNS-005
TEL-003631,2026-06-26T21:04:19,NKR Depot,Section B — Nairobi-Nakuru Spur,,3581.5,22.1,Partially Open,SNS-011
TEL-001924,2026-05-27T00:52:57,SITE-007,Section B — Nairobi-Nakuru Spur,392.4,4033.0,35.2,Partially Open,SNS-013
TEL-000041,2026-04-23T16:52:37,sinendet pump,Section E — Makueni Branch,,4725.3,28.7,Open,SNS-009
TEL-000792,2026-05-06T21:52:15,SITE-003,Section A — Mombasa-Nairobi Main,441.5,3768.0,33.9,Partially Open,SNS-010
TEL-000926,2026-05-09T07:15:46,SITE-006,Section A — Mombasa-Nairobi Main,284.6,1704.8,27.8,Closed,SNS-008
TEL-003522,2026-06-24T16:48:20,SITE-001,Section E — Makueni Branch,482.3,2767.7,34.8,Partially Open,SNS-011
TEL-001427,2026-05-18T03:10:11,makueni pipeline,Section C — Nakuru-Eldoret Extension,322.5,2540.8,32.8,Open,SNS-007
TEL-004700,2026-07-16T01:36:17,SITE-001,Section B — Nairobi-Nakuru Spur,223.0,2029.9,22.6,Open,SNS-004
TEL-003735,2026-06-28T12:08:25,Nairobi  Terminal,Section F — Kisumu Terminal Link,378.7,2016.1,,Open,SNS-012
TEL-002290,2026-06-02T14:54:17,SITE-007,Section B — Nairobi-Nakuru Spur,272.1,2283.5,34.8,Open,SNS-008
TEL-004448,2026-07-12T05:09:39,SITE-004,Section E — Makueni Branch,337.2,4808.7,15.0,Closed,SNS-014
TEL-001696,2026-05-22T18:44:16,SITE-004,Section A — Mombasa-Nairobi Main,411.2,1605.1,25.3,Open,SNS-010
TEL-001847,2026-05-25T10:43:38,kisumu terminal,Section B — Nairobi-Nakuru Spur,352.0,2581.2,30.1,Partially Open,SNS-011
TEL-003663,2026-06-27T09:48:21,SITE-006,Section E — Makueni Branch,335.9,2311.1,32.7,Closed,SNS-001
TEL-004960,2026-07-21T00:53:54,SITE-002,Section C — Nakuru-Eldoret Extension,491.6,2828.0,32.4,Open,SNS-006
TEL-002924,2026-06-13T20:50:29,NRB Terminal,Section F — Kisumu Terminal Link,302.9,2948.7,27.2,Partially Open,SNS-008
TEL-000636,2026-05-04T00:03:18,SITE-003,Section F — Kisumu Terminal Link,419.5,3332.9,21.8,Open,SNS-012
TEL-000525,2026-05-02T02:19:05,SITE-005,Section C — Nakuru-Eldoret Extension,312.6,3639.0,26.6,Closed,SNS-014
TEL-002758,2026-06-11T06:10:26,SITE-007,Section A — Mombasa-Nairobi Main,419.2,3564.1,31.6,Open,SNS-012
TEL-002529,2026-06-07T04:32:17,SITE-005,Section C — Nakuru-Eldoret Extension,,1461.5,18.1,Closed,SNS-010
TEL-001626,2026-05-21T17:29:49,Nakuru dep,Section A — Mombasa-Nairobi Main,316.5,3044.5,26.8,Open,SNS-007
TEL-004164,2026-07-07T04:06:52,SITE-004,Section D — Sinendet Lateral,454.7,1860.3,26.3,Open,SNS-013
TEL-003618,2026-06-26T12:07:32,SINENDET,Section B — Nairobi-Nakuru Spur,582.0,2965.3,39.0,Open,SNS-008
TEL-004831,2026-07-18T10:14:45,SITE-007,Section D — Sinendet Lateral,425.4,2681.3,28.0,Open,SNS-004
TEL-004060,2026-07-05T05:49:35,SITE-007,Section A — Mombasa-Nairobi Main,435.6,1947.0,40.1,Closed,SNS-009
TEL-003033,2026-06-15T22:56:53,SITE-005,Section B — Nairobi-Nakuru Spur,1158.6,2634.4,31.3,Closed,SNS-010
TEL-004037,2026-07-04T18:29:35,SITE-002,Section D — Sinendet Lateral,337.4,5000.0,26.5,Closed,SNS-003
TEL-003689,2026-06-27T17:35:56,SITE-003,Section F — Kisumu Terminal Link,340.8,4256.4,24.9,Partially Open,SNS-012
TEL-003165,2026-06-18T04:48:18,SITE-002,Section B — Nairobi-Nakuru Spur,339.2,3731.0,30.1,Partially Open,SNS-013
TEL-004721,2026-07-16T11:58:14,SITE-003,Section D — Sinendet Lateral,327.5,2934.4,32.8,Open,SNS-014
TEL-000274,2026-04-27T19:10:48,SITE-004,Section F — Kisumu Terminal Link,448.3,4451.6,30.7,Open,SNS-009
TEL-001569,2026-05-20T14:00:56,SITE-003,Section B — Nairobi-Nakuru Spur,391.1,2606.3,28.4,Closed,SNS-009
TEL-000957,2026-05-09T23:10:03,SITE-005,Section C — Nakuru-Eldoret Extension,415.8,2422.9,24.7,Partially Open,SNS-005
TEL-001978,2026-05-28T01:23:02,SITE-002,Section F — Kisumu Terminal Link,314.5,4150.6,25.4,Closed,SNS-003
TEL-002172,2026-05-31T10:44:36,Kisumu term,Section B — Nairobi-Nakuru Spur,406.3,1683.0,31.4,Closed,SNS-006
TEL-002130,2026-05-30T17:03:25,NRB Terminal,Section C — Nakuru-Eldoret Extension,491.7,3238.6,35.8,Open,SNS-006
TEL-003719,2026-06-28T07:17:28,SITE-007,Section B — Nairobi-Nakuru Spur,356.6,4332.3,28.9,Open,SNS-006
TEL-000710,2026-05-05T05:41:05,SITE-001,Section A — Mombasa-Nairobi Main,480.0,3841.3,28.2,Partially Open,SNS-002
TEL-003077,2026-06-16T21:34:06,SITE-005,Section F — Kisumu Terminal Link,422.8,3367.7,23.6,Closed,SNS-007
TEL-000342,2026-04-29T02:34:27,SITE-007,Section F — Kisumu Terminal Link,444.8,3282.8,30.7,Open,SNS-003
TEL-004122,2026-07-06T08:52:29,SITE-006,Section F — Kisumu Terminal Link,600.0,1765.3,33.4,Partially Open,SNS-005
TEL-004219,2026-07-08T06:03:21,SITE-003,Section E — Makueni Branch,200.0,3389.5,43.0,Closed,SNS-002
TEL-004820,2026-07-18T03:54:41,makueni section,Section E — Makueni Branch,342.2,4066.6,,Open,SNS-007
TEL-000300,2026-04-28T09:01:35,Mombasa  Terminal,Section C — Nakuru-Eldoret Extension,433.5,3890.6,24.5,Partially Open,SNS-011
TEL-003147,2026-06-17T22:03:37,ELDORET,Section F — Kisumu Terminal Link,463.5,4089.8,29.5,Partially Open,SNS-013
TEL-002981,2026-06-14T19:25:34,MSA Terminal,Section E — Makueni Branch,359.8,3476.6,30.8,Open,SNS-003
TEL-004706,2026-07-16T04:07:59,SITE-004,Section C — Nakuru-Eldoret Extension,253.0,3225.2,32.3,Partially Open,SNS-005
TEL-004849,2026-07-18T16:53:36,Kipevu terminal,Section C — Nakuru-Eldoret Extension,297.0,2784.2,27.1,Open,SNS-010
TEL-002615,2026-06-08T19:29:00,SITE-003,Section F — Kisumu Terminal Link,423.0,3020.6,36.2,Open,SNS-012
TEL-002230,2026-06-01T13:34:33,SITE-002,Section B — Nairobi-Nakuru Spur,366.8,4969.7,37.6,Open,SNS-010
TEL-004709,2026-07-16T05:35:26,SITE-001,Section F — Kisumu Terminal Link,350.9,2261.7,25.2,Partially Open,SNS-008
TEL-002808,2026-06-12T00:03:20,SITE-005,Section F — Kisumu Terminal Link,505.5,3144.4,38.4,Open,SNS-010
TEL-001921,2026-05-26T23:18:31,SITE-004,Section F — Kisumu Terminal Link,538.5,3552.4,25.4,Closed,SNS-012
TEL-003414,2026-06-22T15:15:54,SINENDET,Section B — Nairobi-Nakuru Spur,535.2,1727.1,23.9,Open,SNS-010
TEL-000441,2026-04-30T13:00:40,nairobi terminal,Section C — Nakuru-Eldoret Extension,435.0,2810.9,31.3,Closed,SNS-009
TEL-002818,2026-06-12T03:31:28,SITE-003,Section D — Sinendet Lateral,473.4,4314.3,25.5,Partially Open,SNS-013
TEL-001634,2026-05-21T21:43:51,SITE-007,Section A — Mombasa-Nairobi Main,366.9,3805.4,31.1,Open,SNS-002
TEL-004636,2026-07-15T00:55:58,SITE-003,Section C — Nakuru-Eldoret Extension,357.0,3895.3,38.7,Open,SNS-010
TEL-002845,2026-06-12T12:53:31,Mombasa term,Section B — Nairobi-Nakuru Spur,526.5,2077.2,28.8,Closed,SNS-010
TEL-002954,2026-06-14T09:12:43,SINENDET,Section A — Mombasa-Nairobi Main,256.0,3085.4,28.9,Open,SNS-001
TEL-004316,2026-07-09T14:54:18,SITE-002,Section A — Mombasa-Nairobi Main,416.2,3926.6,22.0,Open,SNS-014
TEL-002734,2026-06-10T23:03:28,SITE-002,Section B — Nairobi-Nakuru Spur,476.5,3123.7,24.1,Partially Open,SNS-004
TEL-002750,2026-06-11T02:27:54,SITE-006,Section E — Makueni Branch,1000,2679.6,26.8,Open,SNS-011
TEL-003175,2026-06-18T09:41:53,SITE-003,Section E — Makueni Branch,343.7,2842.8,23.8,Open,SNS-006
TEL-000675,2026-05-04T13:28:35,SITE-007,Section D — Sinendet Lateral,520.4,3931.3,27.8,Closed,SNS-014
TEL-001973,2026-05-27T23:43:49,SITE-002,Section F — Kisumu Terminal Link,292.2,3183.7,29.2,Open,SNS-011
TEL-004551,2026-07-14T01:28:30,SITE-001,Section C — Nakuru-Eldoret Extension,443.3,2803.4,32.7,Open,SNS-001
TEL-002340,2026-06-03T14:40:14,SITE-006,Section C — Nakuru-Eldoret Extension,356.1,2100.1,20.9,Open,SNS-007
TEL-002109,2026-05-30T06:22:28,SITE-002,Section E — Makueni Branch,502.1,3331.2,24.1,Open,SNS-009
TEL-000901,2026-05-08T17:54:47,SITE-005,Section D — Sinendet Lateral,214.2,2985.0,24.2,Closed,SNS-012
TEL-003473,2026-06-23T18:37:40,SITE-002,Section A — Mombasa-Nairobi Main,365.2,3511.1,45.0,Closed,SNS-012
TEL-001236,2026-05-15T00:11:31,SITE-001,Section F — Kisumu Terminal Link,517.8,3182.3,30.3,Closed,SNS-001
TEL-001393,2026-05-17T12:42:26,SITE-003,Section D — Sinendet Lateral,384.0,2002.8,17.1,Open,SNS-001
TEL-002209,2026-06-01T02:49:09,SITE-002,Section C — Nakuru-Eldoret Extension,381.3,1303.9,28.2,Open,SNS-002
TEL-001792,2026-05-24T08:42:22,SITE-002,Section B — Nairobi-Nakuru Spur,396.6,3337.6,39.7,Partially Open,SNS-006
TEL-000276,2026-04-27T19:41:52,SITE-004,Section F — Kisumu Terminal Link,226.4,1921.8,42.2,Open,SNS-014
TEL-002812,2026-06-12T00:48:03,Sinendet  Pump Station,Section E — Makueni Branch,589.6,3223.3,,Partially Open,SNS-012
TEL-003409,2026-06-22T12:48:01,SITE-007,Section E — Makueni Branch,574.7,3195.8,27.3,Partially Open,SNS-007
TEL-002397,2026-06-04T15:36:45,SITE-005,Section F — Kisumu Terminal Link,387.3,2156.1,38.2,Open,SNS-014
TEL-002537,2026-06-07T07:59:54,Mombasa  Terminal,Section E — Makueni Branch,525.2,2656.9,33.7,Open,SNS-012
TEL-000261,2026-04-27T12:38:43,SITE-004,Section E — Makueni Branch,506.2,2717.1,45.0,Open,SNS-008
TEL-002067,2026-05-29T14:29:27,Nairobi term,Section E — Makueni Branch,553.3,3106.9,45.0,Partially Open,SNS-004
TEL-003285,2026-06-20T07:23:15,SITE-005,Section C — Nakuru-Eldoret Extension,211.1,3344.0,29.9,Open,SNS-008
TEL-000777,2026-05-06T14:17:04,SITE-006,Section F — Kisumu Terminal Link,462.4,2770.2,27.3,Open,SNS-013
TEL-002839,2026-06-12T09:14:47,SITE-001,Section D — Sinendet Lateral,309.4,3537.0,25.5,Closed,SNS-011
TEL-002355,2026-06-03T19:23:02,SITE-002,Section E — Makueni Branch,314.7,3651.0,27.5,Partially Open,SNS-007
TEL-002110,2026-05-30T07:18:14,SITE-007,Section F — Kisumu Terminal Link,421.5,1849.3,20.0,Closed,SNS-002
TEL-004500,2026-07-13T02:01:56,SITE-006,Section B — Nairobi-Nakuru Spur,396.2,4006.6,,Open,SNS-007
TEL-001922,2026-05-27T00:16:12,SITE-005,Section C — Nakuru-Eldoret Extension,420.8,3727.8,24.7,Closed,SNS-011
TEL-003371,2026-06-21T18:09:48,nairobi terminal,Section F — Kisumu Terminal Link,395.8,3553.5,34.6,Partially Open,SNS-009
TEL-002999,2026-06-15T02:55:47,SITE-001,Section D — Sinendet Lateral,353.0,5000.0,22.1,Open,SNS-011
TEL-001867,2026-05-25T19:00:58,SITE-001,Section B — Nairobi-Nakuru Spur,,3180.6,34.1,Open,SNS-008
TEL-004978,2026-07-21T11:34:08,Mombasa  Terminal,Section E — Makueni Branch,240.0,1394.0,27.3,Open,SNS-013
TEL-002703,2026-06-10T11:23:53,SITE-002,Section B — Nairobi-Nakuru Spur,507.1,3628.3,37.7,Open,SNS-014
TEL-004758,2026-07-17T02:58:47,SITE-002,Section D — Sinendet Lateral,271.2,3027.6,36.1,Open,SNS-001
TEL-004974,2026-07-21T10:00:22,SITE-005,Section F — Kisumu Terminal Link,512.8,2750.7,29.2,Partially Open,SNS-012
TEL-002660,2026-06-09T14:19:28,SITE-006,Section A — Mombasa-Nairobi Main,477.5,2655.1,38.7,Partially Open,SNS-001
TEL-003780,2026-06-29T10:55:30,SITE-007,Section A — Mombasa-Nairobi Main,374.5,1331.3,32.0,Closed,SNS-003
TEL-001987,2026-05-28T03:52:11,Makueni PS,Section E — Makueni Branch,371.9,2637.0,22.2,Closed,SNS-005
TEL-000201,2026-04-26T12:47:22,SITE-001,Section C — Nakuru-Eldoret Extension,340.0,2958.7,29.2,Closed,SNS-011
TEL-003885,2026-07-01T13:21:26,SITE-001,Section B — Nairobi-Nakuru Spur,569.2,2453.0,19.9,Open,SNS-007
TEL-003086,2026-06-17T00:14:56,SITE-006,Section A — Mombasa-Nairobi Main,315.9,3301.4,45.0,Closed,SNS-011
TEL-000929,2026-05-09T09:25:05,SITE-007,Section C — Nakuru-Eldoret Extension,476.0,2444.3,31.0,Open,SNS-003
TEL-000517,2026-05-01T23:37:15,Eldoret term,Section A — Mombasa-Nairobi Main,391.4,2314.0,28.4,Partially Open,SNS-013
TEL-001939,2026-05-27T09:12:41,SITE-005,Section E — Makueni Branch,451.0,2715.8,24.7,Partially Open,SNS-006
TEL-002343,2026-06-03T15:16:40,SITE-005,Section E — Makueni Branch,506.9,3797.4,30.8,Open,SNS-013
TEL-004875,2026-07-19T07:32:08,SITE-005,Section E — Makueni Branch,550.6,2797.1,31.6,Closed,SNS-014
TEL-002804,2026-06-11T22:34:59,SITE-007,Section A — Mombasa-Nairobi Main,450.6,3527.2,34.6,Open,SNS-009
TEL-000275,2026-04-27T19:34:47,SITE-007,Section D — Sinendet Lateral,352.9,3462.2,27.7,Open,SNS-012
TEL-004369,2026-07-10T20:16:25,SITE-007,Section C — Nakuru-Eldoret Extension,293.2,3282.2,33.3,Open,SNS-005
TEL-004433,2026-07-11T23:40:04,SITE-007,Section E — Makueni Branch,475.1,2555.5,26.7,Closed,SNS-008
TEL-003648,2026-06-27T04:02:15,MAKUENI,Section A — Mombasa-Nairobi Main,347.7,3829.3,18.8,Open,SNS-002
TEL-002245,2026-06-01T20:41:03,SITE-005,Section D — Sinendet Lateral,406.2,2372.2,26.2,Closed,SNS-010
TEL-004480,2026-07-12T18:32:08,SITE-004,Section D — Sinendet Lateral,417.5,3112.0,27.3,Open,SNS-006
TEL-000541,2026-05-02T11:51:23,SITE-004,Section D — Sinendet Lateral,390.0,3683.9,33.7,Open,SNS-009
TEL-001208,2026-05-14T15:37:14,SITE-007,Section D — Sinendet Lateral,390.6,2117.0,28.7,Open,SNS-007
TEL-000248,2026-04-27T07:42:26,SITE-007,Section F — Kisumu Terminal Link,459.3,3628.6,41.0,Open,SNS-009
TEL-000749,2026-05-06T00:54:26,SITE-003,Section C — Nakuru-Eldoret Extension,344.5,2462.7,25.6,Open,SNS-014
TEL-000157,2026-04-25T18:22:45,SITE-004,Section C — Nakuru-Eldoret Extension,523.0,2350.4,33.3,Open,SNS-007
TEL-004953,2026-07-20T22:24:21,SITE-001,Section F — Kisumu Terminal Link,364.1,2689.6,29.5,Closed,SNS-012
TEL-002298,2026-06-02T16:38:00,SITE-002,Section D — Sinendet Lateral,427.5,1939.8,27.1,Open,SNS-012
TEL-000061,2026-04-24T00:23:36,SITE-003,Section C — Nakuru-Eldoret Extension,346.7,2411.1,32.7,Partially Open,SNS-011
TEL-004001,2026-07-04T02:50:16,SITE-001,Section E — Makueni Branch,354.8,3450.7,40.7,Partially Open,SNS-003
TEL-004118,2026-07-06T05:04:36,SITE-001,Section D — Sinendet Lateral,474.6,2539.7,41.3,Closed,SNS-001
TEL-001759,2026-05-23T18:44:17,SITE-006,Section C — Nakuru-Eldoret Extension,361.6,2863.6,23.9,Open,SNS-001
TEL-002944,2026-06-14T03:53:41,Kisumu  Terminal,Section D — Sinendet Lateral,443.3,1989.1,37.7,Closed,SNS-001
TEL-001123,2026-05-13T00:59:04,makueni pipeline,Section C — Nakuru-Eldoret Extension,389.2,2795.9,32.5,Partially Open,SNS-007
TEL-001509,2026-05-19T12:18:55,SITE-001,Section D — Sinendet Lateral,542.3,2830.0,20.1,Open,SNS-006
TEL-003075,2026-06-16T19:44:49,SITE-003,Section A — Mombasa-Nairobi Main,439.3,3800.3,35.2,Closed,SNS-013
TEL-002146,2026-05-31T00:13:02,SITE-004,Section B — Nairobi-Nakuru Spur,297.5,3494.7,29.0,Open,SNS-002
TEL-000029,2026-04-23T14:32:57,SITE-005,Section F — Kisumu Terminal Link,320.3,2557.0,20.4,Closed,SNS-011
TEL-002964,2026-06-14T13:30:02,SITE-001,Section D — Sinendet Lateral,262.7,3141.8,27.1,Open,SNS-012
TEL-003105,2026-06-17T08:35:16,SITE-007,Section A — Mombasa-Nairobi Main,496.2,3119.0,32.8,Open,SNS-011
TEL-001138,2026-05-13T09:31:13,SITE-003,Section A — Mombasa-Nairobi Main,387.1,2867.9,31.3,Open,SNS-014
TEL-002836,2026-06-12T08:34:15,SITE-007,Section C — Nakuru-Eldoret Extension,504.1,2609.6,22.6,Open,SNS-008
TEL-003920,2026-07-02T07:37:31,Kibwezi,Section D — Sinendet Lateral,354.4,2839.7,28.6,Closed,SNS-008
TEL-003354,2026-06-21T13:31:23,SITE-005,Section E — Makueni Branch,493.4,4621.6,37.7,Open,SNS-012
TEL-002713,2026-06-10T16:19:43,SITE-004,Section C — Nakuru-Eldoret Extension,582.9,2574.6,23.2,Open,SNS-008
TEL-001178,2026-05-13T23:11:53,SITE-001,Section F — Kisumu Terminal Link,250.2,3773.0,34.3,Open,SNS-005
TEL-004801,2026-07-17T19:01:07,SITE-001,Section D — Sinendet Lateral,850,3012.4,34.0,Partially Open,SNS-006
TEL-001416,2026-05-17T21:28:32,SITE-001,Section D — Sinendet Lateral,384.6,3589.7,21.0,Closed,SNS-014
TEL-003144,2026-06-17T21:15:00,SITE-002,Section B — Nairobi-Nakuru Spur,287.8,3855.6,29.9,Closed,SNS-009
TEL-001748,2026-05-23T13:18:55,Nakuru  Depot,Section C — Nakuru-Eldoret Extension,554.4,4093.6,21.3,Closed,SNS-007
TEL-000496,2026-05-01T16:38:24,SITE-001,Section F — Kisumu Terminal Link,405.2,2386.7,32.3,Open,SNS-001
TEL-002666,2026-06-09T16:04:29,SITE-002,Section E — Makueni Branch,521.9,4111.2,33.1,Open,SNS-003
TEL-000631,2026-05-03T22:30:06,SITE-002,Section F — Kisumu Terminal Link,340.4,4312.5,29.7,Open,SNS-008
TEL-000447,2026-04-30T13:55:37,SITE-007,Section B — Nairobi-Nakuru Spur,277.7,2764.2,,Open,SNS-007
TEL-001536,2026-05-20T03:14:24,SITE-005,Section B — Nairobi-Nakuru Spur,365.0,2136.7,31.8,Closed,SNS-004
TEL-002533,2026-06-07T06:13:33,Kipevu terminal,Section B — Nairobi-Nakuru Spur,333.5,2425.4,17.1,Closed,SNS-006
TEL-000975,2026-05-10T08:03:44,SITE-007,Section D — Sinendet Lateral,301.4,3947.1,30.1,Open,SNS-010
TEL-003647,2026-06-27T02:54:49,SITE-006,Section C — Nakuru-Eldoret Extension,451.0,2648.3,28.0,Open,SNS-010
TEL-003259,2026-06-19T23:30:51,SITE-002,Section F — Kisumu Terminal Link,304.0,3464.2,25.2,Closed,SNS-003
TEL-001426,2026-05-18T03:03:42,SITE-003,Section D — Sinendet Lateral,453.9,3147.0,45.0,Open,SNS-014
TEL-001048,2026-05-11T13:29:56,SITE-005,Section A — Mombasa-Nairobi Main,539.7,3977.0,31.6,Partially Open,SNS-004
TEL-003536,2026-06-24T21:46:41,SITE-002,Section F — Kisumu Terminal Link,580.8,2632.6,26.6,Partially Open,SNS-009
TEL-002174,2026-05-31T11:52:01,SITE-001,Section F — Kisumu Terminal Link,329.2,2916.1,39.7,Closed,SNS-003
TEL-000244,2026-04-27T05:45:16,SITE-006,Section C — Nakuru-Eldoret Extension,411.6,3832.6,22.5,Open,SNS-007
TEL-003331,2026-06-21T03:53:58,SITE-002,Section B — Nairobi-Nakuru Spur,558.2,2355.9,28.8,Open,SNS-007
TEL-002418,2026-06-05T01:52:31,SITE-003,Section C — Nakuru-Eldoret Extension,452.9,2600.0,22.6,Partially Open,SNS-005
TEL-004210,2026-07-08T01:26:19,SITE-002,Section C — Nakuru-Eldoret Extension,460.0,2934.2,32.5,Open,SNS-001
TEL-003643,2026-06-27T02:23:27,SITE-007,Section D — Sinendet Lateral,346.1,1678.1,26.8,Closed,SNS-014
TEL-003275,2026-06-20T03:24:33,SITE-007,Section F — Kisumu Terminal Link,443.2,3305.6,33.5,Closed,SNS-014
TEL-003393,2026-06-22T05:38:14,SITE-004,Section F — Kisumu Terminal Link,303.5,2756.2,28.4,Closed,SNS-010
TEL-004651,2026-07-15T08:40:12,SITE-001,Section E — Makueni Branch,515.7,2055.1,20.9,Open,SNS-002
TEL-003835,2026-06-30T17:17:49,Nakuru dep,Section B — Nairobi-Nakuru Spur,289.2,2809.6,30.1,Open,SNS-012
TEL-002115,2026-05-30T10:57:41,SITE-002,Section C — Nakuru-Eldoret Extension,450.2,2326.9,41.2,Open,SNS-004
TEL-001788,2026-05-24T06:18:23,SITE-006,Section D — Sinendet Lateral,453.1,3471.1,29.3,Closed,SNS-014
TEL-003776,2026-06-29T09:47:34,SITE-005,Section C — Nakuru-Eldoret Extension,337.0,4537.3,33.1,Closed,SNS-006
TEL-004374,2026-07-10T21:01:35,Nairobi term,Section B — Nairobi-Nakuru Spur,385.9,2096.3,31.6,Open,SNS-005
TEL-000693,2026-05-04T21:35:08,SITE-006,Section F — Kisumu Terminal Link,396.0,3187.8,37.0,Partially Open,SNS-013
TEL-001324,2026-05-16T11:57:53,SITE-003,Section F — Kisumu Terminal Link,437.1,1606.6,34.0,Open,SNS-004
TEL-003304,2026-06-20T13:59:00,SITE-003,Section A — Mombasa-Nairobi Main,393.0,3355.8,27.8,Open,SNS-010
TEL-004133,2026-07-06T12:10:01,nairobi terminal,Section C — Nakuru-Eldoret Extension,367.6,2853.0,34.5,Open,SNS-007
TEL-000406,2026-04-29T22:36:50,SITE-004,Section F — Kisumu Terminal Link,354.2,3211.0,34.7,Open,SNS-004
TEL-004778,2026-07-17T10:28:51,SITE-003,Section A — Mombasa-Nairobi Main,375.6,2351.6,26.7,Open,SNS-006
TEL-002778,2026-06-11T12:35:31,SITE-006,Section D — Sinendet Lateral,276.6,4366.5,33.9,Partially Open,SNS-014
TEL-004041,2026-07-04T19:44:16,SITE-003,Section E — Makueni Branch,,2527.0,27.0,Open,SNS-014
TEL-003465,2026-06-23T16:19:06,SITE-002,Section E — Makueni Branch,274.7,3100.1,37.9,Closed,SNS-006
TEL-000094,2026-04-24T11:43:26,SITE-003,Section C — Nakuru-Eldoret Extension,215.2,1787.7,22.9,Open,SNS-002
TEL-000836,2026-05-07T14:22:17,SITE-002,Section A — Mombasa-Nairobi Main,235.5,1192.7,31.2,Open,SNS-008
TEL-004992,2026-07-21T21:26:56,SITE-003,Section E — Makueni Branch,387.3,3318.1,29.2,Closed,SNS-005
TEL-001120,2026-05-12T23:41:08,SITE-004,Section C — Nakuru-Eldoret Extension,206.2,2870.7,28.1,Partially Open,SNS-003
TEL-001938,2026-05-27T08:43:00,SITE-005,Section C — Nakuru-Eldoret Extension,390.6,2576.4,24.5,Open,SNS-002
TEL-002736,2026-06-10T23:17:06,SITE-005,Section E — Makueni Branch,504.6,3929.5,25.1,Partially Open,SNS-008
TEL-000687,2026-05-04T19:01:22,SITE-004,Section B — Nairobi-Nakuru Spur,269.8,2631.3,30.1,Open,SNS-003
TEL-001145,2026-05-13T11:27:55,SITE-003,Section A — Mombasa-Nairobi Main,516.0,2859.8,41.4,Closed,SNS-010
TEL-004147,2026-07-06T18:40:19,SITE-004,Section B — Nairobi-Nakuru Spur,476.4,2539.0,24.0,Open,SNS-009
TEL-004874,2026-07-19T06:55:39,SITE-006,Section A — Mombasa-Nairobi Main,300.2,2716.3,23.3,Open,SNS-006
TEL-004809,2026-07-17T21:27:17,SITE-007,Section F — Kisumu Terminal Link,445.4,4138.4,25.6,Partially Open,SNS-014
TEL-000187,2026-04-26T08:15:26,SITE-001,Section D — Sinendet Lateral,311.6,3091.1,27.8,Closed,SNS-006
TEL-001391,2026-05-17T11:58:09,Sinendet  Pump Station,Section B — Nairobi-Nakuru Spur,301.5,3546.4,28.1,Partially Open,SNS-007
TEL-003844,2026-06-30T20:34:50,SITE-003,Section D — Sinendet Lateral,850,4147.3,23.3,Partially Open,SNS-001
TEL-000182,2026-04-26T06:08:11,Sinendet  Pump Station,Section F — Kisumu Terminal Link,444.4,3559.7,32.9,Closed,SNS-006
TEL-004203,2026-07-07T22:02:32,SITE-004,Section F — Kisumu Terminal Link,541.2,2804.2,29.9,Closed,SNS-012
TEL-000979,2026-05-10T09:22:29,SITE-003,Section B — Nairobi-Nakuru Spur,279.7,2989.2,40.9,Open,SNS-011
TEL-004795,2026-07-17T16:50:38,SITE-006,Section D — Sinendet Lateral,1150,2338.3,17.6,Partially Open,SNS-006
TEL-002867,2026-06-12T22:29:14,SITE-003,Section B — Nairobi-Nakuru Spur,476.9,4572.9,26.4,Partially Open,SNS-001
TEL-002231,2026-06-01T13:51:17,SITE-005,Section C — Nakuru-Eldoret Extension,549.6,2543.0,27.2,Partially Open,SNS-006
TEL-003852,2026-06-30T22:20:58,SITE-002,Section D — Sinendet Lateral,473.3,3004.0,29.5,Closed,SNS-009
TEL-003085,2026-06-17T00:08:57,SITE-006,Section F — Kisumu Terminal Link,308.7,2428.0,20.3,Closed,SNS-011
TEL-003730,2026-06-28T10:59:28,SITE-007,Section F — Kisumu Terminal Link,397.6,5000.0,28.1,Open,SNS-008
TEL-001899,2026-05-26T12:23:22,SITE-002,Section B — Nairobi-Nakuru Spur,357.8,3966.7,29.7,Open,SNS-014
TEL-001469,2026-05-18T20:58:59,SITE-006,Section B — Nairobi-Nakuru Spur,338.8,3005.6,43.5,Open,SNS-001
TEL-004650,2026-07-15T08:27:40,SITE-006,Section F — Kisumu Terminal Link,402.8,1805.2,29.7,Open,SNS-006
TEL-000584,2026-05-03T04:24:31,SITE-007,Section C — Nakuru-Eldoret Extension,389.0,2997.1,24.6,Closed,SNS-003
TEL-001029,2026-05-11T06:39:35,SITE-005,Section D — Sinendet Lateral,361.1,2508.4,33.6,Open,SNS-004
TEL-001379,2026-05-17T07:41:32,SITE-005,Section D — Sinendet Lateral,413.3,3435.0,28.4,Open,SNS-008
TEL-000876,2026-05-08T07:52:57,SITE-003,Section D — Sinendet Lateral,331.7,3374.3,38.9,Open,SNS-014
TEL-002704,2026-06-10T12:03:49,SITE-006,Section C — Nakuru-Eldoret Extension,423.8,3914.8,30.5,Open,SNS-012
TEL-000470,2026-05-01T03:58:41,SITE-007,Section F — Kisumu Terminal Link,491.2,3700.9,32.1,Closed,SNS-011
TEL-002984,2026-06-14T20:09:19,SITE-002,Section A — Mombasa-Nairobi Main,540.6,2737.9,24.6,Closed,SNS-004
TEL-003348,2026-06-21T10:49:51,SITE-005,Section D — Sinendet Lateral,413.8,3083.4,15.9,Open,SNS-008
TEL-003949,2026-07-02T21:28:54,SITE-002,Section E — Makueni Branch,444.1,2065.7,30.9,Partially Open,SNS-005
TEL-002960,2026-06-14T10:25:22,SITE-001,Section D — Sinendet Lateral,444.1,4101.4,35.4,Open,SNS-004
TEL-001122,2026-05-13T00:23:30,SITE-004,Section D — Sinendet Lateral,367.1,3747.1,22.5,Closed,SNS-002
TEL-004614,2026-07-14T20:56:28,SITE-005,Section C — Nakuru-Eldoret Extension,399.4,3625.1,21.7,Open,SNS-010
TEL-002613,2026-06-08T19:25:56,Makueni PS,Section D — Sinendet Lateral,405.1,2683.8,25.3,Open,SNS-001
TEL-002247,2026-06-01T21:13:21,SITE-007,Section A — Mombasa-Nairobi Main,370.9,3731.1,29.0,Closed,SNS-002
TEL-002072,2026-05-29T16:42:57,SITE-007,Section F — Kisumu Terminal Link,428.1,3168.8,32.5,Partially Open,SNS-014
TEL-004002,2026-07-04T03:29:34,SITE-007,Section D — Sinendet Lateral,341.7,4507.2,32.5,Partially Open,SNS-003
TEL-001392,2026-05-17T12:37:27,SITE-007,Section E — Makueni Branch,466.8,1797.8,20.4,Partially Open,SNS-005
TEL-002364,2026-06-04T02:08:17,Sinendet PS,Section D — Sinendet Lateral,233.5,3553.0,29.9,Closed,SNS-009
TEL-002651,2026-06-09T12:51:51,SITE-006,Section D — Sinendet Lateral,451.8,2506.6,39.0,Partially Open,SNS-011
TEL-003126,2026-06-17T14:25:39,sinendet pump station,Section F — Kisumu Terminal Link,391.8,3144.2,31.7,Partially Open,SNS-003
TEL-001433,2026-05-18T05:49:55,SITE-004,Section A — Mombasa-Nairobi Main,482.4,3685.5,22.7,Open,SNS-006
TEL-004269,2026-07-09T00:03:52,SITE-002,Section B — Nairobi-Nakuru Spur,488.8,2831.1,37.2,Open,SNS-007
TEL-001091,2026-05-12T08:10:31,SITE-007,Section C — Nakuru-Eldoret Extension,306.4,2781.8,27.1,Open,SNS-005
TEL-003556,2026-06-25T06:23:01,SITE-003,Section B — Nairobi-Nakuru Spur,483.7,2538.6,28.6,Closed,SNS-012
TEL-004619,2026-07-14T21:46:29,SITE-001,Section E — Makueni Branch,497.7,2431.6,32.2,Closed,SNS-003
TEL-001072,2026-05-12T01:38:56,SITE-007,Section D — Sinendet Lateral,446.7,3601.2,42.8,Closed,SNS-003
TEL-003181,2026-06-18T11:15:30,Kipevu terminal,Section A — Mombasa-Nairobi Main,387.5,3703.0,31.8,Closed,SNS-009
TEL-003012,2026-06-15T09:00:35,SITE-002,Section E — Makueni Branch,285.0,3425.2,31.8,Partially Open,SNS-013
TEL-003976,2026-07-03T09:45:43,SITE-006,Section A — Mombasa-Nairobi Main,350.7,2365.2,28.7,Closed,SNS-008
TEL-004912,2026-07-19T22:43:10,SITE-005,Section F — Kisumu Terminal Link,551.3,3467.0,22.6,Open,SNS-001
TEL-000653,2026-05-04T05:55:56,SITE-001,Section C — Nakuru-Eldoret Extension,430.1,3133.8,28.5,Partially Open,SNS-013
TEL-003903,2026-07-01T23:22:09,SITE-002,Section A — Mombasa-Nairobi Main,332.4,3231.4,31.0,Open,SNS-010
TEL-003722,2026-06-28T07:54:53,SITE-003,Section B — Nairobi-Nakuru Spur,488.7,3503.9,26.4,Closed,SNS-012
TEL-004366,2026-07-10T16:37:32,sinendet pump station,Section E — Makueni Branch,431.0,3441.4,25.4,Partially Open,SNS-006
TEL-003403,2026-06-22T09:24:04,SITE-002,Section E — Makueni Branch,481.7,3143.0,19.6,Closed,SNS-005
TEL-003297,2026-06-20T10:08:47,SITE-006,Section E — Makueni Branch,326.0,2762.9,31.9,Closed,SNS-007
TEL-000446,2026-04-30T13:34:29,SITE-002,Section A — Mombasa-Nairobi Main,430.0,3470.3,32.9,Partially Open,SNS-013
TEL-002334,2026-06-03T11:44:26,SITE-005,Section E — Makueni Branch,323.1,1854.2,21.0,Open,SNS-013
TEL-002365,2026-06-04T03:10:38,SITE-005,Section A — Mombasa-Nairobi Main,369.3,3887.3,33.8,Partially Open,SNS-005
TEL-003164,2026-06-18T04:35:08,SITE-006,Section D — Sinendet Lateral,492.4,2348.7,34.7,Open,SNS-004
TEL-002547,2026-06-07T10:23:36,SITE-002,Section D — Sinendet Lateral,283.9,3550.2,37.0,Open,SNS-009
TEL-000755,2026-05-06T02:41:50,SITE-003,Section E — Makueni Branch,322.7,2960.0,28.6,Open,SNS-014
TEL-002099,2026-05-30T04:33:45,SITE-006,Section C — Nakuru-Eldoret Extension,328.5,2395.4,40.5,Open,SNS-010
TEL-004328,2026-07-09T20:24:16,SITE-007,Section D — Sinendet Lateral,374.8,3732.1,27.5,Partially Open,SNS-005
TEL-001826,2026-05-25T03:10:01,SITE-001,Section B — Nairobi-Nakuru Spur,435.7,3403.3,30.1,Open,SNS-014
TEL-004330,2026-07-09T22:40:30,SITE-001,Section A — Mombasa-Nairobi Main,433.0,4723.5,32.7,Closed,SNS-004
TEL-003906,2026-07-02T00:38:36,SITE-004,Section D — Sinendet Lateral,256.9,4944.3,30.0,Open,SNS-010
TEL-002882,2026-06-13T03:00:02,SITE-005,Section B — Nairobi-Nakuru Spur,403.5,1952.3,30.8,Partially Open,SNS-014
TEL-000476,2026-05-01T05:26:41,SITE-007,Section F — Kisumu Terminal Link,453.5,3047.0,34.8,Partially Open,SNS-007
TEL-003289,2026-06-20T08:19:48,SITE-003,Section B — Nairobi-Nakuru Spur,363.1,3262.7,30.5,Closed,SNS-004
TEL-001046,2026-05-11T13:07:21,SITE-004,Section F — Kisumu Terminal Link,326.8,1551.4,21.0,Open,SNS-012
TEL-001460,2026-05-18T17:52:08,SITE-003,Section F — Kisumu Terminal Link,359.9,3381.5,31.5,Open,SNS-003
TEL-000908,2026-05-08T22:56:16,SITE-001,Section F — Kisumu Terminal Link,500.3,3409.0,34.7,Partially Open,SNS-014
TEL-001321,2026-05-16T10:24:45,SITE-003,Section B — Nairobi-Nakuru Spur,478.8,2459.8,25.6,Closed,SNS-012
TEL-004727,2026-07-16T13:24:30,SITE-006,Section D — Sinendet Lateral,332.8,3616.4,45.0,Closed,SNS-012
TEL-003189,2026-06-18T14:08:54,SITE-005,Section E — Makueni Branch,406.4,2524.2,21.6,Closed,SNS-007
TEL-004300,2026-07-09T10:41:41,SITE-004,Section C — Nakuru-Eldoret Extension,487.4,2073.2,37.3,Closed,SNS-010
TEL-001545,2026-05-20T05:46:42,SITE-001,Section F — Kisumu Terminal Link,219.0,2950.0,39.6,Partially Open,SNS-002
TEL-000069,2026-04-24T02:32:18,SITE-004,Section D — Sinendet Lateral,346.0,2137.5,25.1,Open,SNS-010
TEL-001202,2026-05-14T13:06:04,SITE-003,Section F — Kisumu Terminal Link,420.1,3839.8,26.0,Closed,SNS-003
TEL-002618,2026-06-08T20:17:32,SITE-003,Section B — Nairobi-Nakuru Spur,356.4,3508.9,33.0,Open,SNS-014
TEL-003059,2026-06-16T13:21:55,SITE-007,Section B — Nairobi-Nakuru Spur,431.5,2685.2,30.1,Open,SNS-010
TEL-001779,2026-05-24T02:29:07,SITE-005,Section B — Nairobi-Nakuru Spur,354.4,3481.1,28.7,Partially Open,SNS-007
TEL-004270,2026-07-09T00:11:43,SITE-003,Section A — Mombasa-Nairobi Main,200.0,3275.1,31.7,Open,SNS-009
TEL-000366,2026-04-29T09:45:53,SITE-007,Section C — Nakuru-Eldoret Extension,302.9,2825.2,17.3,Closed,SNS-005
TEL-002100,2026-05-30T04:34:51,SITE-006,Section E — Makueni Branch,458.6,2773.4,24.2,Open,SNS-014
TEL-002161,2026-05-31T06:01:06,SITE-002,Section C — Nakuru-Eldoret Extension,568.2,3586.9,25.2,Open,SNS-001
TEL-003016,2026-06-15T12:11:28,SITE-002,Section E — Makueni Branch,307.6,3545.8,25.0,Open,SNS-011
TEL-000766,2026-05-06T10:38:11,SITE-001,Section C — Nakuru-Eldoret Extension,350.8,2495.6,26.4,Partially Open,SNS-004
TEL-003166,2026-06-18T04:51:13,SITE-002,Section F — Kisumu Terminal Link,374.6,3120.2,32.9,Closed,SNS-009
TEL-001656,2026-05-22T04:24:36,KSM Terminal,Section C — Nakuru-Eldoret Extension,388.7,3421.4,30.3,Closed,SNS-011
TEL-000495,2026-05-01T16:09:57,SITE-002,Section E — Makueni Branch,446.0,,43.5,Partially Open,SNS-006
TEL-004986,2026-07-21T15:02:34,SITE-001,Section B — Nairobi-Nakuru Spur,348.4,2685.6,31.4,Open,SNS-006
TEL-002747,2026-06-11T01:38:24,SITE-007,Section D — Sinendet Lateral,445.6,3789.7,31.3,Closed,SNS-002
TEL-003870,2026-07-01T08:14:04,SITE-004,Section C — Nakuru-Eldoret Extension,272.1,2285.1,21.9,Open,SNS-014
TEL-002054,2026-05-29T10:40:42,SITE-003,Section C — Nakuru-Eldoret Extension,370.6,5000.0,20.6,Open,SNS-001
TEL-002649,2026-06-09T10:29:04,SITE-004,Section A — Mombasa-Nairobi Main,442.4,3436.4,34.9,Closed,SNS-014
TEL-001920,2026-05-26T23:13:09,SITE-003,Section C — Nakuru-Eldoret Extension,442.9,2708.8,29.1,Open,SNS-002
TEL-003381,2026-06-21T23:02:09,SITE-006,Section E — Makueni Branch,455.4,1384.1,30.6,Partially Open,SNS-011
TEL-004622,2026-07-14T22:46:30,SITE-001,Section C — Nakuru-Eldoret Extension,349.3,3029.7,33.6,Open,SNS-013
TEL-004692,2026-07-15T23:19:15,SITE-004,Section E — Makueni Branch,595.7,2660.2,21.0,Partially Open,SNS-011
TEL-002776,2026-06-11T11:36:39,SITE-001,Section B — Nairobi-Nakuru Spur,361.4,3939.8,27.9,Open,SNS-010
TEL-000482,2026-05-01T09:00:42,SITE-002,Section E — Makueni Branch,307.1,2867.7,33.3,Partially Open,SNS-008
TEL-002047,2026-05-29T08:03:54,SITE-004,Section C — Nakuru-Eldoret Extension,464.2,3695.6,34.4,Closed,SNS-004
TEL-002934,2026-06-14T00:12:38,SITE-004,Section C — Nakuru-Eldoret Extension,423.3,2222.7,31.3,Closed,SNS-006
TEL-000881,2026-05-08T09:58:04,NKR Depot,Section C — Nakuru-Eldoret Extension,337.0,3369.2,27.5,Open,SNS-007
TEL-000292,2026-04-28T04:28:51,SITE-003,Section E — Makueni Branch,580.9,,34.9,Open,SNS-010
TEL-000594,2026-05-03T07:21:06,eldoret terminal,Section F — Kisumu Terminal Link,600.0,3484.8,,Closed,SNS-012
TEL-002293,2026-06-02T15:36:29,SITE-007,Section D — Sinendet Lateral,463.0,3454.9,23.0,Open,SNS-009
TEL-004221,2026-07-08T06:34:11,Eldoret  Terminal,Section B — Nairobi-Nakuru Spur,312.0,3113.5,35.4,Open,SNS-014
TEL-004460,2026-07-12T08:50:53,SITE-002,Section E — Makueni Branch,243.0,1958.6,31.5,Open,SNS-009
TEL-004871,2026-07-19T05:43:18,SITE-005,Section B — Nairobi-Nakuru Spur,372.4,2061.3,28.3,Open,SNS-014
TEL-000539,2026-05-02T10:34:25,SITE-001,Section A — Mombasa-Nairobi Main,393.0,2028.8,27.5,Closed,SNS-001
TEL-001023,2026-05-11T03:39:18,SITE-002,Section B — Nairobi-Nakuru Spur,200.0,3826.1,28.9,Partially Open,SNS-009
TEL-000465,2026-05-01T00:49:02,Nakuru  Depot,Section B — Nairobi-Nakuru Spur,352.2,3972.1,,Partially Open,SNS-001
TEL-000017,2026-04-23T09:30:55,SITE-004,Section B — Nairobi-Nakuru Spur,468.2,2792.1,25.1,Closed,SNS-003
TEL-002850,2026-06-12T14:27:20,eldoret terminal,Section A — Mombasa-Nairobi Main,402.6,2513.9,21.9,Closed,SNS-013
TEL-000115,2026-04-24T21:10:04,SITE-005,Section B — Nairobi-Nakuru Spur,509.8,1898.8,21.8,Partially Open,SNS-014
TEL-004983,2026-07-21T14:29:38,SITE-003,Section B — Nairobi-Nakuru Spur,246.4,3900.5,30.5,Partially Open,SNS-013
TEL-002668,2026-06-09T16:53:41,SITE-002,Section A — Mombasa-Nairobi Main,353.3,2976.5,33.3,Open,SNS-004
TEL-000538,2026-05-02T10:33:51,SITE-007,Section A — Mombasa-Nairobi Main,487.8,3751.1,36.6,Closed,SNS-004
TEL-004945,2026-07-20T16:31:22,SITE-004,Section F — Kisumu Terminal Link,306.2,4480.3,30.0,Closed,SNS-013
TEL-001116,2026-05-12T21:35:21,makueni section,Section B — Nairobi-Nakuru Spur,369.4,3403.9,31.9,Open,SNS-003
TEL-000277,2026-04-27T20:17:17,SITE-006,Section F — Kisumu Terminal Link,438.0,4065.0,23.7,Closed,SNS-011
TEL-003974,2026-07-03T09:35:26,SITE-005,Section E — Makueni Branch,273.7,3771.6,20.9,Open,SNS-006
TEL-001859,2026-05-25T15:45:36,SITE-001,Section F — Kisumu Terminal Link,399.2,2619.8,36.3,Closed,SNS-009
TEL-000649,2026-05-04T04:48:47,SITE-002,Section D — Sinendet Lateral,382.9,3044.3,32.1,Open,SNS-009
TEL-001455,2026-05-18T15:03:10,SITE-006,Section B — Nairobi-Nakuru Spur,422.6,2665.3,29.2,Open,SNS-002
TEL-003839,2026-06-30T18:14:32,SITE-007,Section B — Nairobi-Nakuru Spur,541.0,,27.9,Open,SNS-011
TEL-000944,2026-05-09T18:58:34,SITE-006,Section F — Kisumu Terminal Link,395.0,3022.7,36.6,Partially Open,SNS-009
TEL-003704,2026-06-28T00:15:52,SITE-007,Section D — Sinendet Lateral,518.1,3170.7,34.5,Open,SNS-004
TEL-003994,2026-07-03T22:42:27,SITE-007,Section E — Makueni Branch,412.6,2144.2,39.3,Open,SNS-007
TEL-001805,2026-05-24T16:54:39,SITE-007,Section B — Nairobi-Nakuru Spur,425.2,3108.8,45.0,Partially Open,SNS-010
TEL-004475,2026-07-12T16:06:43,SITE-006,Section D — Sinendet Lateral,257.9,3050.8,21.4,Open,SNS-009
TEL-003603,2026-06-26T03:52:43,SITE-005,Section F — Kisumu Terminal Link,353.7,2369.9,30.0,Open,SNS-007
TEL-003873,2026-07-01T10:01:48,SITE-002,Section D — Sinendet Lateral,375.2,3074.9,23.7,Open,SNS-007
TEL-003435,2026-06-23T00:37:14,SITE-006,Section A — Mombasa-Nairobi Main,394.2,3028.8,36.4,Open,SNS-008
TEL-002528,2026-06-07T04:27:45,SITE-005,Section A — Mombasa-Nairobi Main,429.1,3416.9,34.0,Open,SNS-014
TEL-004958,2026-07-21T00:44:57,SITE-007,Section A — Mombasa-Nairobi Main,253.8,3544.1,,Closed,SNS-008
TEL-002118,2026-05-30T12:54:02,SITE-007,Section F — Kisumu Terminal Link,387.3,3543.5,41.1,Open,SNS-004
TEL-000328,2026-04-28T20:12:46,SITE-007,Section E — Makueni Branch,485.7,2481.9,30.1,Open,SNS-012
TEL-003506,2026-06-24T10:35:04,SITE-003,Section B — Nairobi-Nakuru Spur,320.3,1311.5,37.4,Closed,SNS-012
TEL-000655,2026-05-04T06:42:28,SITE-002,Section E — Makueni Branch,422.8,2685.6,20.9,Open,SNS-013
TEL-004446,2026-07-12T04:20:58,SITE-004,Section D — Sinendet Lateral,423.7,3475.9,27.6,Partially Open,SNS-005
TEL-003323,2026-06-21T01:56:49,SITE-007,Section C — Nakuru-Eldoret Extension,371.2,1409.7,23.6,Closed,SNS-012
TEL-004172,2026-07-07T09:07:14,SITE-003,Section D — Sinendet Lateral,364.8,3011.8,29.4,Open,SNS-001
TEL-001212,2026-05-14T16:14:32,SITE-004,Section F — Kisumu Terminal Link,409.0,3187.1,42.0,Open,SNS-001
TEL-000138,2026-04-25T06:12:58,SITE-006,Section D — Sinendet Lateral,473.4,1951.7,33.3,Open,SNS-007
TEL-003558,2026-06-25T07:42:42,SITE-005,Section B — Nairobi-Nakuru Spur,479.2,3334.8,29.2,Open,SNS-008
TEL-000015,2026-04-23T08:53:18,SITE-007,Section A — Mombasa-Nairobi Main,438.5,2242.5,26.4,Open,SNS-003
TEL-000063,2026-04-24T01:06:17,SITE-007,Section C — Nakuru-Eldoret Extension,308.0,4088.6,26.7,Open,SNS-014
TEL-000580,2026-05-03T03:55:30,SITE-001,Section C — Nakuru-Eldoret Extension,330.7,3198.3,35.1,Closed,SNS-003
TEL-004199,2026-07-07T20:05:21,SITE-001,Section F — Kisumu Terminal Link,390.1,3452.2,35.6,Open,SNS-006
TEL-000812,2026-05-07T06:54:13,SITE-001,Section C — Nakuru-Eldoret Extension,533.0,3885.5,32.7,Closed,SNS-002
TEL-002972,2026-06-14T17:00:42,SINENDET,Section A — Mombasa-Nairobi Main,408.1,3228.6,29.4,Closed,SNS-002
TEL-001573,2026-05-20T17:24:19,SITE-006,Section E — Makueni Branch,424.8,2773.1,28.1,Partially Open,SNS-014
TEL-001335,2026-05-16T18:04:08,SITE-001,Section F — Kisumu Terminal Link,436.3,3277.7,25.8,Open,SNS-011
TEL-001541,2026-05-20T04:28:06,SITE-002,Section A — Mombasa-Nairobi Main,,2544.6,26.8,Open,SNS-003
TEL-002861,2026-06-12T20:09:39,SITE-006,Section B — Nairobi-Nakuru Spur,436.5,3937.6,20.4,Open,SNS-004
TEL-000424,2026-04-30T05:16:37,SITE-006,Section D — Sinendet Lateral,455.9,3199.6,17.5,Closed,SNS-014
TEL-000970,2026-05-10T05:32:33,SITE-007,Section F — Kisumu Terminal Link,370.8,1000.0,35.5,Partially Open,SNS-002
TEL-001539,2026-05-20T03:52:25,SITE-005,Section E — Makueni Branch,429.6,2963.7,31.6,Closed,SNS-010
TEL-004793,2026-07-17T15:58:30,SITE-004,Section B — Nairobi-Nakuru Spur,850,3064.8,22.6,Open,SNS-009
TEL-000175,2026-04-26T01:25:22,NAIROBI,Section C — Nakuru-Eldoret Extension,305.2,2422.1,25.9,Partially Open,SNS-011
TEL-002463,2026-06-06T00:08:27,SITE-007,Section D — Sinendet Lateral,455.6,2724.8,36.7,Partially Open,SNS-013
TEL-002409,2026-06-04T22:11:29,SITE-002,Section F — Kisumu Terminal Link,356.2,3211.6,34.8,Partially Open,SNS-012
TEL-001291,2026-05-15T22:00:42,SITE-007,Section A — Mombasa-Nairobi Main,415.1,2387.1,38.1,Open,SNS-007
TEL-000169,2026-04-25T21:40:33,SITE-007,Section A — Mombasa-Nairobi Main,231.3,2802.5,22.3,Open,SNS-006
TEL-003594,2026-06-25T23:06:21,Mombasa term,Section D — Sinendet Lateral,349.9,1386.8,25.7,Open,SNS-013
TEL-000800,2026-05-07T02:40:27,SITE-004,Section B — Nairobi-Nakuru Spur,403.0,2861.9,37.0,Closed,SNS-001
TEL-002467,2026-06-06T02:13:59,SITE-004,Section F — Kisumu Terminal Link,481.7,3337.3,,Closed,SNS-011
TEL-003683,2026-06-27T16:25:37,NAKURU,Section B — Nairobi-Nakuru Spur,357.0,3525.4,32.3,Open,SNS-001
TEL-000641,2026-05-04T01:58:50,MSA Terminal,Section D — Sinendet Lateral,426.0,3605.9,38.6,Open,SNS-006
TEL-003042,2026-06-16T03:55:12,SITE-001,Section A — Mombasa-Nairobi Main,520.2,4135.3,19.3,Partially Open,SNS-011
TEL-003290,2026-06-20T08:30:01,makueni pipeline,Section C — Nakuru-Eldoret Extension,417.9,1000.0,36.3,Open,SNS-012
TEL-004668,2026-07-15T15:26:50,SITE-006,Section A — Mombasa-Nairobi Main,478.1,1747.5,33.9,Partially Open,SNS-014
TEL-004578,2026-07-14T08:13:39,SITE-003,Section D — Sinendet Lateral,382.8,4500.7,35.5,Open,SNS-009
TEL-000995,2026-05-10T17:19:09,SITE-007,Section D — Sinendet Lateral,254.7,1896.2,28.4,Closed,SNS-012
TEL-004749,2026-07-16T22:59:48,SITE-005,Section D — Sinendet Lateral,464.9,3322.3,35.7,Open,SNS-008
TEL-004099,2026-07-05T21:38:52,SITE-007,Section D — Sinendet Lateral,324.2,3362.6,31.0,Closed,SNS-012
TEL-004848,2026-07-18T16:22:37,SITE-004,Section D — Sinendet Lateral,463.2,2472.3,27.5,Open,SNS-007
TEL-000551,2026-05-02T17:11:57,SITE-001,Section A — Mombasa-Nairobi Main,344.2,2985.1,26.2,Partially Open,SNS-010
TEL-002674,2026-06-09T20:22:08,SITE-003,Section F — Kisumu Terminal Link,457.7,3574.8,17.5,Closed,SNS-010
TEL-004904,2026-07-19T19:08:10,Kisumu  Terminal,Section F — Kisumu Terminal Link,381.0,2853.0,28.7,Open,SNS-001
TEL-003991,2026-07-03T21:44:54,SITE-003,Section E — Makueni Branch,406.4,2283.5,24.4,Closed,SNS-008
TEL-001728,2026-05-23T04:19:51,SITE-003,Section F — Kisumu Terminal Link,480.3,2651.9,38.3,Partially Open,SNS-004
TEL-004528,2026-07-13T14:14:47,SITE-002,Section B — Nairobi-Nakuru Spur,375.0,3780.1,33.2,Open,SNS-002
TEL-000062,2026-04-24T01:01:39,SITE-004,Section C — Nakuru-Eldoret Extension,307.0,4285.7,33.7,Open,SNS-012
TEL-000219,2026-04-26T18:55:05,SITE-007,Section A — Mombasa-Nairobi Main,534.9,4505.3,24.2,Open,SNS-002
TEL-001020,2026-05-11T01:56:30,SITE-001,Section E — Makueni Branch,389.5,3351.6,27.1,Open,SNS-006
TEL-002104,2026-05-30T05:02:28,SITE-006,Section B — Nairobi-Nakuru Spur,455.6,1770.0,30.5,Partially Open,SNS-014
TEL-004635,2026-07-15T00:45:07,SITE-003,Section F — Kisumu Terminal Link,316.9,3062.4,26.5,Closed,SNS-003
TEL-001593,2026-05-21T02:37:39,SITE-002,Section F — Kisumu Terminal Link,304.6,3253.9,19.9,Open,SNS-008
TEL-002727,2026-06-10T21:44:46,SITE-006,Section C — Nakuru-Eldoret Extension,600.0,2992.0,43.8,Open,SNS-005
TEL-000714,2026-05-05T07:11:47,SITE-006,Section C — Nakuru-Eldoret Extension,410.6,3866.7,34.0,Open,SNS-003
TEL-003672,2026-06-27T12:58:17,SITE-007,Section B — Nairobi-Nakuru Spur,513.6,,28.7,Closed,SNS-009
TEL-001266,2026-05-15T14:09:51,SITE-006,Section C — Nakuru-Eldoret Extension,309.5,3340.2,35.9,Closed,SNS-009
TEL-001555,2026-05-20T08:47:19,SITE-002,Section E — Makueni Branch,370.1,3088.8,25.8,Open,SNS-010
TEL-004569,2026-07-14T06:31:39,MOMBASA,Section C — Nakuru-Eldoret Extension,500.4,2994.5,31.3,Open,SNS-009
TEL-004395,2026-07-11T03:44:23,SITE-005,Section A — Mombasa-Nairobi Main,365.0,2334.7,27.5,Open,SNS-010
TEL-002770,2026-06-11T09:38:21,SITE-002,Section D — Sinendet Lateral,342.1,3806.5,30.7,Partially Open,SNS-001
TEL-003770,2026-06-29T07:27:44,sinendet pump station,Section F — Kisumu Terminal Link,337.7,2138.7,26.6,Closed,SNS-013
TEL-001231,2026-05-14T21:48:39,SITE-006,Section F — Kisumu Terminal Link,363.8,1723.4,31.0,Open,SNS-002
TEL-004457,2026-07-12T07:35:00,SITE-001,Section A — Mombasa-Nairobi Main,437.0,3717.2,29.5,Open,SNS-002
TEL-000720,2026-05-05T10:37:37,SITE-003,Section C — Nakuru-Eldoret Extension,528.1,3487.4,25.9,Open,SNS-006
TEL-004772,2026-07-17T06:22:36,SITE-003,Section D — Sinendet Lateral,425.6,2465.4,36.2,Closed,SNS-001
TEL-002363,2026-06-04T01:16:15,SITE-005,Section D — Sinendet Lateral,349.7,2677.8,31.5,Closed,SNS-004
TEL-003060,2026-06-16T13:38:28,SITE-006,Section B — Nairobi-Nakuru Spur,454.7,3595.5,29.7,Closed,SNS-005
TEL-001688,2026-05-22T16:33:49,SITE-006,Section D — Sinendet Lateral,471.0,2741.7,33.6,Open,SNS-011
TEL-002622,2026-06-08T21:47:49,SITE-006,Section D — Sinendet Lateral,567.3,2909.0,17.4,Closed,SNS-006
TEL-002595,2026-06-08T10:32:23,SITE-006,Section D — Sinendet Lateral,275.6,2974.8,31.5,Open,SNS-013
TEL-002311,2026-06-02T22:21:46,SITE-002,Section B — Nairobi-Nakuru Spur,398.4,4193.4,30.2,Open,SNS-012
TEL-004915,2026-07-20T01:12:01,NAIROBI,Section E — Makueni Branch,553.5,3114.2,39.4,Open,SNS-010
TEL-002462,2026-06-05T23:57:41,ELD Terminal,Section F — Kisumu Terminal Link,200.0,1525.0,22.5,Open,SNS-003
TEL-004588,2026-07-14T11:15:08,SITE-007,Section C — Nakuru-Eldoret Extension,459.6,3644.5,27.3,Partially Open,SNS-002
TEL-002550,2026-06-07T12:08:27,NAIROBI,Section B — Nairobi-Nakuru Spur,432.1,2706.4,30.2,Open,SNS-013
TEL-000943,2026-05-09T18:07:34,SITE-002,Section C — Nakuru-Eldoret Extension,438.9,2557.8,24.2,Closed,SNS-007
TEL-004655,2026-07-15T11:17:33,SITE-005,Section C — Nakuru-Eldoret Extension,302.9,2855.9,30.0,Open,SNS-004
TEL-002791,2026-06-11T17:16:44,SITE-004,Section A — Mombasa-Nairobi Main,406.1,1579.8,41.6,Open,SNS-003
TEL-000829,2026-05-07T11:30:05,SITE-006,Section C — Nakuru-Eldoret Extension,404.9,1724.4,29.8,Open,SNS-013
TEL-001317,2026-05-16T05:19:12,Nairobi term,Section E — Makueni Branch,443.2,1000.0,35.1,Closed,SNS-007
TEL-004249,2026-07-08T17:04:38,SITE-003,Section D — Sinendet Lateral,453.4,2102.7,24.7,Closed,SNS-003
TEL-004252,2026-07-08T18:43:39,SITE-005,Section C — Nakuru-Eldoret Extension,394.0,2719.0,38.0,Open,SNS-013
TEL-002835,2026-06-12T07:56:49,SITE-007,Section D — Sinendet Lateral,231.9,2094.1,34.6,Open,SNS-006
TEL-001258,2026-05-15T10:10:50,SITE-001,Section D — Sinendet Lateral,366.0,2636.5,32.4,Open,SNS-004
TEL-001834,2026-05-25T05:11:01,SITE-005,Section C — Nakuru-Eldoret Extension,336.2,3639.6,27.7,Open,SNS-004
TEL-001967,2026-05-27T20:41:06,SITE-006,Section C — Nakuru-Eldoret Extension,302.1,3593.6,41.0,Open,SNS-006
TEL-000336,2026-04-28T23:58:21,SITE-001,Section B — Nairobi-Nakuru Spur,528.9,3712.1,24.9,Closed,SNS-005
TEL-002058,2026-05-29T12:03:28,SITE-001,Section E — Makueni Branch,313.9,2137.8,34.8,Closed,SNS-005
TEL-003073,2026-06-16T18:21:08,SITE-007,Section A — Mombasa-Nairobi Main,489.1,1529.5,31.9,Partially Open,SNS-007
TEL-002822,2026-06-12T04:33:33,SITE-004,Section B — Nairobi-Nakuru Spur,423.2,4816.1,34.8,Open,SNS-004
TEL-004325,2026-07-09T19:21:29,NRB Terminal,Section E — Makueni Branch,419.6,4020.3,23.1,Partially Open,SNS-014
TEL-002214,2026-06-01T05:19:43,SITE-004,Section F — Kisumu Terminal Link,457.7,3368.9,25.8,Partially Open,SNS-008
TEL-004308,2026-07-09T12:10:11,SINENDET,Section A — Mombasa-Nairobi Main,357.5,3771.2,30.2,Open,SNS-005
TEL-003187,2026-06-18T13:25:07,SITE-004,Section C — Nakuru-Eldoret Extension,348.2,3854.5,34.6,Closed,SNS-001
TEL-002014,2026-05-28T16:25:15,SITE-003,Section E — Makueni Branch,529.2,3344.4,22.9,Partially Open,SNS-012
TEL-001279,2026-05-15T18:02:29,SITE-001,Section C — Nakuru-Eldoret Extension,505.6,1965.1,30.2,Open,SNS-014
TEL-000907,2026-05-08T22:24:14,sinendet pump,Section F — Kisumu Terminal Link,345.4,2810.5,40.3,Partially Open,SNS-003
TEL-001447,2026-05-18T11:16:22,SITE-006,Section F — Kisumu Terminal Link,394.1,1196.1,23.6,Open,SNS-004
TEL-003113,2026-06-17T10:43:37,kisumu terminal,Section D — Sinendet Lateral,372.0,1712.9,28.1,Open,SNS-010
TEL-003415,2026-06-22T15:20:38,SITE-002,Section B — Nairobi-Nakuru Spur,312.2,3300.2,30.6,Open,SNS-004
TEL-004921,2026-07-20T04:06:55,SITE-002,Section E — Makueni Branch,310.3,3194.7,36.0,Open,SNS-009
TEL-004754,2026-07-16T23:56:30,SITE-003,Section C — Nakuru-Eldoret Extension,375.1,2286.2,37.1,Closed,SNS-001
TEL-002855,2026-06-12T16:14:51,SITE-004,Section C — Nakuru-Eldoret Extension,489.0,3009.2,36.0,Partially Open,SNS-008
TEL-001018,2026-05-11T01:38:36,SITE-007,Section D — Sinendet Lateral,360.5,3472.7,25.7,Partially Open,SNS-006
TEL-000847,2026-05-07T17:32:09,SITE-004,Section F — Kisumu Terminal Link,366.1,2749.7,29.4,Open,SNS-005
TEL-004881,2026-07-19T10:48:39,SITE-005,Section A — Mombasa-Nairobi Main,507.0,3671.4,29.7,Open,SNS-008
TEL-001036,2026-05-11T08:33:08,SITE-004,Section E — Makueni Branch,293.4,2804.6,22.7,Open,SNS-014
TEL-004461,2026-07-12T09:34:07,Makueni PS,Section D — Sinendet Lateral,456.6,2812.0,24.0,Open,SNS-007
TEL-002852,2026-06-12T15:13:29,SITE-002,Section E — Makueni Branch,372.0,4134.1,29.9,Open,SNS-002
TEL-003962,2026-07-03T04:52:14,SITE-002,Section A — Mombasa-Nairobi Main,489.6,2644.1,25.4,Closed,SNS-014
TEL-002029,2026-05-28T23:21:02,SITE-002,Section E — Makueni Branch,372.7,2516.7,27.3,Closed,SNS-014
TEL-000344,2026-04-29T02:45:32,SITE-004,Section C — Nakuru-Eldoret Extension,435.6,3376.0,34.1,Open,SNS-004
TEL-000385,2026-04-29T14:32:25,SITE-001,Section E — Makueni Branch,366.7,2137.4,31.1,Closed,SNS-012
TEL-002919,2026-06-13T19:55:13,SITE-006,Section A — Mombasa-Nairobi Main,381.6,2238.7,35.4,Open,SNS-002
TEL-000971,2026-05-10T06:07:17,SITE-002,Section E — Makueni Branch,327.5,4378.4,25.6,Open,SNS-008
TEL-000522,2026-05-02T01:31:39,SITE-006,Section E — Makueni Branch,516.1,3331.3,27.9,Open,SNS-007
TEL-000916,2026-05-09T03:58:16,SITE-003,Section C — Nakuru-Eldoret Extension,343.3,3578.6,29.2,Open,SNS-008
TEL-002132,2026-05-30T17:15:47,SITE-002,Section A — Mombasa-Nairobi Main,243.3,2791.2,32.3,Closed,SNS-010
TEL-004413,2026-07-11T16:36:25,SITE-004,Section E — Makueni Branch,427.7,3471.9,33.5,Closed,SNS-003
TEL-004363,2026-07-10T14:47:14,SITE-005,Section B — Nairobi-Nakuru Spur,309.6,2566.6,36.1,Closed,SNS-009
TEL-000431,2026-04-30T08:20:19,SITE-007,Section B — Nairobi-Nakuru Spur,295.6,3254.3,39.4,Open,SNS-014
TEL-000309,2026-04-28T11:41:04,SITE-003,Section D — Sinendet Lateral,321.7,3519.7,24.9,Closed,SNS-004
TEL-000646,2026-05-04T02:56:40,SITE-004,Section A — Mombasa-Nairobi Main,462.6,3962.4,40.0,Open,SNS-003
TEL-001232,2026-05-14T22:33:10,SITE-003,Section E — Makueni Branch,200.0,2632.0,,Open,SNS-002
TEL-001865,2026-05-25T18:50:46,SITE-003,Section D — Sinendet Lateral,364.2,3517.9,27.4,Closed,SNS-001
TEL-000324,2026-04-28T17:59:17,SITE-004,Section E — Makueni Branch,424.8,3003.5,42.1,Closed,SNS-013
TEL-003427,2026-06-22T19:29:03,nakuru depot,Section B — Nairobi-Nakuru Spur,462.9,2127.0,26.4,Partially Open,SNS-001
TEL-001710,2026-05-22T23:41:22,Sinendet  Pump Station,Section C — Nakuru-Eldoret Extension,361.5,2646.8,22.9,Open,SNS-009
TEL-003555,2026-06-25T06:16:40,SITE-002,Section E — Makueni Branch,496.3,2778.6,18.8,Open,SNS-009
TEL-002151,2026-05-31T01:13:22,Sinendet  Pump Station,Section C — Nakuru-Eldoret Extension,471.5,1567.1,32.7,Partially Open,SNS-010
TEL-004854,2026-07-18T19:08:03,SITE-001,Section B — Nairobi-Nakuru Spur,302.7,3370.6,31.8,Partially Open,SNS-001
TEL-004811,2026-07-18T00:52:52,SITE-006,Section B — Nairobi-Nakuru Spur,410.7,1678.5,41.5,Open,SNS-014
TEL-004595,2026-07-14T14:37:58,NKR Depot,Section C — Nakuru-Eldoret Extension,506.5,3511.3,30.5,Closed,SNS-004
TEL-001974,2026-05-28T00:23:02,SITE-004,Section B — Nairobi-Nakuru Spur,388.5,2324.6,21.6,Open,SNS-005
TEL-001214,2026-05-14T16:41:16,SITE-006,Section C — Nakuru-Eldoret Extension,465.4,2797.4,25.7,Closed,SNS-007
TEL-001885,2026-05-26T04:16:07,ELDORET,Section C — Nakuru-Eldoret Extension,406.8,3440.0,25.3,Open,SNS-010
TEL-000189,2026-04-26T08:58:18,SITE-007,Section A — Mombasa-Nairobi Main,331.1,2378.3,33.0,Closed,SNS-004
TEL-001528,2026-05-19T23:16:18,SITE-002,Section B — Nairobi-Nakuru Spur,535.3,4632.0,30.7,Open,SNS-010
TEL-002159,2026-05-31T04:42:12,SITE-007,Section F — Kisumu Terminal Link,392.4,1723.9,28.8,Closed,SNS-003
TEL-000718,2026-05-05T09:22:22,SITE-003,Section F — Kisumu Terminal Link,301.1,3063.4,24.1,Closed,SNS-001
TEL-002070,2026-05-29T16:15:46,Nairobi  Terminal,Section C — Nakuru-Eldoret Extension,315.0,2353.9,32.6,Closed,SNS-010
TEL-004159,2026-07-07T01:41:10,nakuru depot,Section E — Makueni Branch,393.3,2981.2,30.5,Closed,SNS-002
TEL-004599,2026-07-14T15:47:12,SITE-003,Section B — Nairobi-Nakuru Spur,410.1,4155.3,36.0,Closed,SNS-014
TEL-000819,2026-05-07T08:41:52,SITE-005,Section D — Sinendet Lateral,255.3,3230.3,23.3,Closed,SNS-013
TEL-000484,2026-05-01T10:28:43,SITE-005,Section E — Makueni Branch,412.5,1585.9,22.7,Open,SNS-013
TEL-002878,2026-06-13T01:18:45,Mombasa  Terminal,Section E — Makueni Branch,201.2,2264.4,17.9,Partially Open,SNS-003
TEL-002328,2026-06-03T07:33:52,SITE-004,Section A — Mombasa-Nairobi Main,302.1,3261.2,33.1,Open,SNS-010
TEL-004296,2026-07-09T07:52:53,SITE-004,Section D — Sinendet Lateral,420.4,4352.5,36.0,Closed,SNS-008
TEL-004187,2026-07-07T15:59:41,SITE-006,Section D — Sinendet Lateral,354.4,3601.6,39.2,Open,SNS-013
TEL-000339,2026-04-29T02:10:21,SITE-001,Section F — Kisumu Terminal Link,351.2,3271.9,17.6,Closed,SNS-007
TEL-004018,2026-07-04T11:13:14,SITE-004,Section A — Mombasa-Nairobi Main,514.9,3732.0,30.9,Open,SNS-012
TEL-001896,2026-05-26T10:48:58,SITE-005,Section B — Nairobi-Nakuru Spur,325.9,2959.4,28.5,Open,SNS-013
TEL-002478,2026-06-06T06:20:11,SITE-003,Section A — Mombasa-Nairobi Main,452.2,3803.9,34.3,Open,SNS-014
TEL-004943,2026-07-20T15:49:39,SITE-004,Section C — Nakuru-Eldoret Extension,482.8,3923.7,37.7,Closed,SNS-008
TEL-001200,2026-05-14T12:20:04,SITE-006,Section A — Mombasa-Nairobi Main,300.6,3074.7,30.1,Closed,SNS-004
TEL-003028,2026-06-15T21:17:39,KSM Terminal,Section E — Makueni Branch,540.9,2418.2,31.5,Open,SNS-013
TEL-000601,2026-05-03T10:58:54,SITE-005,Section E — Makueni Branch,404.6,3309.3,21.3,Open,SNS-008
TEL-004548,2026-07-13T23:48:08,Kisumu term,Section D — Sinendet Lateral,370.8,2743.7,27.6,Partially Open,SNS-011
TEL-004473,2026-07-12T15:13:22,ELDORET,Section B — Nairobi-Nakuru Spur,364.1,2042.8,24.8,Open,SNS-007
TEL-004689,2026-07-15T22:14:42,SITE-005,Section A — Mombasa-Nairobi Main,287.4,3444.5,25.9,Closed,SNS-009
TEL-004539,2026-07-13T18:37:06,SITE-005,Section C — Nakuru-Eldoret Extension,422.5,1858.0,,Open,SNS-009
TEL-000878,2026-05-08T08:47:00,SITE-004,Section F — Kisumu Terminal Link,266.4,1123.7,32.9,Partially Open,SNS-009
TEL-001242,2026-05-15T02:34:49,SITE-004,Section A — Mombasa-Nairobi Main,422.9,2256.9,45.0,Open,SNS-001
TEL-002249,2026-06-01T22:20:15,SITE-005,Section C — Nakuru-Eldoret Extension,365.0,2784.1,33.9,Partially Open,SNS-001
TEL-002315,2026-06-02T23:08:30,SITE-006,Section D — Sinendet Lateral,585.6,2382.3,28.8,Open,SNS-014
TEL-003176,2026-06-18T09:42:56,SITE-006,Section A — Mombasa-Nairobi Main,290.9,3581.5,18.2,Partially Open,SNS-012
TEL-001829,2026-05-25T04:00:53,SITE-004,Section E — Makueni Branch,371.3,2852.1,28.0,Open,SNS-013
TEL-000500,2026-05-01T18:37:49,SITE-007,Section E — Makueni Branch,504.6,2789.2,24.9,Open,SNS-003
TEL-000742,2026-05-05T20:32:28,SITE-003,Section D — Sinendet Lateral,389.0,2903.3,36.6,Open,SNS-007
TEL-000688,2026-05-04T19:02:56,SITE-001,Section B — Nairobi-Nakuru Spur,431.8,2733.5,25.4,Open,SNS-003
TEL-002427,2026-06-05T05:26:51,NKR Depot,Section D — Sinendet Lateral,307.1,3496.5,30.2,Closed,SNS-014
TEL-003802,2026-06-29T18:27:09,Kisumu  Terminal,Section E — Makueni Branch,433.0,2853.8,33.4,Open,SNS-009
TEL-001166,2026-05-13T19:24:05,SITE-005,Section A — Mombasa-Nairobi Main,319.2,3275.1,24.0,Open,SNS-010
TEL-001323,2026-05-16T10:57:01,SITE-004,Section F — Kisumu Terminal Link,455.4,2624.2,23.7,Open,SNS-005
TEL-000170,2026-04-25T22:54:24,SITE-003,Section C — Nakuru-Eldoret Extension,432.2,4132.0,35.8,Closed,SNS-008
TEL-002113,2026-05-30T08:13:05,SITE-005,Section A — Mombasa-Nairobi Main,340.3,1968.6,24.6,Closed,SNS-005
TEL-002640,2026-06-09T08:04:22,makueni section,Section C — Nakuru-Eldoret Extension,434.8,3805.1,24.7,Open,SNS-012
TEL-003713,2026-06-28T05:05:32,SITE-002,Section B — Nairobi-Nakuru Spur,349.1,2976.6,42.0,Open,SNS-011
TEL-001276,2026-05-15T16:42:23,SITE-006,Section A — Mombasa-Nairobi Main,356.0,3421.8,39.5,Closed,SNS-013
TEL-002788,2026-06-11T16:33:35,SITE-001,Section B — Nairobi-Nakuru Spur,378.2,4815.0,38.2,Closed,SNS-002
TEL-001016,2026-05-11T01:17:07,SITE-007,Section D — Sinendet Lateral,399.6,2069.9,36.4,Partially Open,SNS-008
TEL-000467,2026-05-01T01:53:11,SITE-007,Section A — Mombasa-Nairobi Main,475.8,2017.9,29.3,Closed,SNS-002
TEL-000735,2026-05-05T16:33:43,SITE-005,Section A — Mombasa-Nairobi Main,499.4,3371.9,32.1,Partially Open,SNS-002
TEL-003276,2026-06-20T04:07:48,SITE-003,Section B — Nairobi-Nakuru Spur,393.5,1772.9,31.5,Open,SNS-007
TEL-004517,2026-07-13T10:30:52,SITE-007,Section D — Sinendet Lateral,491.8,2304.3,31.4,Closed,SNS-009
TEL-001566,2026-05-20T13:12:56,SITE-007,Section B — Nairobi-Nakuru Spur,380.7,2874.3,32.9,Closed,SNS-005
TEL-002474,2026-06-06T04:24:10,SITE-003,Section C — Nakuru-Eldoret Extension,395.6,3293.7,33.6,Open,SNS-008
TEL-001640,2026-05-21T23:47:21,eldoret terminal,Section D — Sinendet Lateral,513.2,4131.2,36.3,Closed,SNS-005
TEL-003121,2026-06-17T13:05:25,SITE-001,Section E — Makueni Branch,405.6,2459.8,39.0,Open,SNS-008
TEL-001874,2026-05-25T23:35:02,Mombasa  Terminal,Section B — Nairobi-Nakuru Spur,396.1,3542.3,18.7,Open,SNS-009
TEL-001331,2026-05-16T16:22:38,SITE-003,Section E — Makueni Branch,283.4,4222.4,25.8,Closed,SNS-009
TEL-003627,2026-06-26T14:58:46,Nakuru dep,Section D — Sinendet Lateral,516.8,4067.4,28.5,Open,SNS-003
TEL-001078,2026-05-12T03:13:05,SITE-003,Section B — Nairobi-Nakuru Spur,407.3,3053.8,29.2,Open,SNS-012
TEL-002242,2026-06-01T18:38:51,SITE-004,Section F — Kisumu Terminal Link,483.5,3797.3,24.2,Partially Open,SNS-006
TEL-004357,2026-07-10T12:47:53,NKR Depot,Section E — Makueni Branch,447.9,3036.0,39.1,Open,SNS-004
TEL-004169,2026-07-07T07:12:33,SITE-004,Section A — Mombasa-Nairobi Main,417.7,2935.3,37.4,Closed,SNS-014
TEL-000308,2026-04-28T11:02:41,SITE-005,Section B — Nairobi-Nakuru Spur,384.2,2531.9,33.7,Open,SNS-008
TEL-000207,2026-04-26T16:05:27,SITE-005,Section C — Nakuru-Eldoret Extension,379.1,2146.2,41.7,Open,SNS-001
TEL-003241,2026-06-19T13:41:29,SITE-001,Section F — Kisumu Terminal Link,234.3,3001.1,15.0,Open,SNS-009
TEL-000357,2026-04-29T08:10:35,SITE-006,Section F — Kisumu Terminal Link,384.8,2469.4,34.2,Open,SNS-007
TEL-003056,2026-06-16T12:26:20,SITE-001,Section A — Mombasa-Nairobi Main,393.2,3188.6,36.8,Closed,SNS-003
TEL-001197,2026-05-14T09:13:33,SITE-002,Section B — Nairobi-Nakuru Spur,313.5,3013.1,33.3,Open,SNS-014
TEL-000178,2026-04-26T04:14:58,Kisumu term,Section A — Mombasa-Nairobi Main,514.1,1817.1,38.7,Open,SNS-014
TEL-003357,2026-06-21T14:09:06,SITE-002,Section C — Nakuru-Eldoret Extension,478.9,3820.2,15.0,Closed,SNS-010
TEL-002345,2026-06-03T16:12:32,SITE-006,Section B — Nairobi-Nakuru Spur,401.6,2607.1,22.4,Closed,SNS-010
TEL-000150,2026-04-25T13:12:35,SITE-007,Section D — Sinendet Lateral,423.6,4792.1,28.0,Closed,SNS-007
TEL-001740,2026-05-23T10:54:49,SITE-007,Section C — Nakuru-Eldoret Extension,368.1,3036.9,21.5,Closed,SNS-002
TEL-003980,2026-07-03T13:24:03,SITE-002,Section E — Makueni Branch,328.0,1762.2,28.6,Open,SNS-013
TEL-000137,2026-04-25T05:46:03,SITE-006,Section B — Nairobi-Nakuru Spur,430.6,4825.1,29.8,Open,SNS-012
TEL-001278,2026-05-15T17:56:11,SITE-003,Section F — Kisumu Terminal Link,575.0,2223.9,26.5,Partially Open,SNS-011
TEL-000687,2026-05-04T19:01:22,SITE-004,Section B — Nairobi-Nakuru Spur,269.8,2631.3,30.1,Open,SNS-003
TEL-001803,2026-05-24T15:26:28,SITE-003,Section C — Nakuru-Eldoret Extension,393.0,2785.5,33.8,Closed,SNS-005
TEL-003377,2026-06-21T20:58:41,nairobi terminal,Section A — Mombasa-Nairobi Main,510.8,3952.8,26.4,Open,SNS-010
TEL-004283,2026-07-09T04:59:36,SITE-004,Section C — Nakuru-Eldoret Extension,430.9,3371.3,30.1,Closed,SNS-003
TEL-004972,2026-07-21T09:15:23,SITE-001,Section D — Sinendet Lateral,451.1,1140.7,15.0,Partially Open,SNS-013
TEL-003451,2026-06-23T10:04:41,SITE-004,Section B — Nairobi-Nakuru Spur,450.4,3384.9,23.1,Closed,SNS-003
TEL-002433,2026-06-05T07:17:17,SITE-002,Section D — Sinendet Lateral,425.0,3583.7,28.6,Closed,SNS-005
TEL-004988,2026-07-21T19:00:31,SITE-003,Section A — Mombasa-Nairobi Main,307.8,2435.0,22.6,Open,SNS-013
TEL-003759,2026-06-29T01:40:24,SITE-003,Section A — Mombasa-Nairobi Main,491.2,3858.3,21.1,Open,SNS-004
TEL-000752,2026-05-06T01:34:34,SITE-007,Section C — Nakuru-Eldoret Extension,398.0,1974.4,42.4,Closed,SNS-008
TEL-002511,2026-06-06T20:29:23,SITE-001,Section E — Makueni Branch,272.7,1847.7,31.8,Open,SNS-002
TEL-001314,2026-05-16T04:09:32,Eldoret term,Section A — Mombasa-Nairobi Main,498.1,3332.8,32.1,Open,SNS-007
TEL-004023,2026-07-04T12:16:03,SITE-004,Section B — Nairobi-Nakuru Spur,369.1,3895.5,28.3,Open,SNS-009
TEL-001691,2026-05-22T16:59:10,Mombasa term,Section E — Makueni Branch,288.5,3430.6,37.1,Partially Open,SNS-011
TEL-000576,2026-05-03T01:53:34,NKR Depot,Section E — Makueni Branch,562.5,3091.1,28.7,Closed,SNS-004
TEL-004444,2026-07-12T03:46:56,Thange section,Section A — Mombasa-Nairobi Main,400.6,2963.7,27.8,Closed,SNS-012
TEL-003122,2026-06-17T13:39:57,SITE-004,Section E — Makueni Branch,480.8,2851.1,23.0,Partially Open,SNS-014
TEL-004278,2026-07-09T03:57:02,SITE-003,Section C — Nakuru-Eldoret Extension,500.5,2044.1,30.0,Open,SNS-011
TEL-002830,2026-06-12T07:05:36,SITE-002,Section F — Kisumu Terminal Link,379.6,3423.2,24.0,Partially Open,SNS-001
TEL-000802,2026-05-07T03:01:53,SITE-002,Section A — Mombasa-Nairobi Main,278.9,2521.3,16.6,Closed,SNS-010
TEL-003120,2026-06-17T12:54:35,SITE-004,Section F — Kisumu Terminal Link,251.3,1535.0,36.8,Open,SNS-010
TEL-000131,2026-04-25T02:48:30,SITE-003,Section E — Makueni Branch,249.5,5000.0,42.5,Closed,SNS-003
TEL-003952,2026-07-02T22:54:32,SITE-004,Section D — Sinendet Lateral,404.2,3226.3,32.9,Open,SNS-013
TEL-000982,2026-05-10T11:03:46,SITE-001,Section A — Mombasa-Nairobi Main,458.4,2530.6,45.0,Closed,SNS-010
TEL-004688,2026-07-15T21:40:30,SITE-004,Section C — Nakuru-Eldoret Extension,297.1,3213.7,17.6,Open,SNS-010
TEL-003547,2026-06-25T01:17:50,SITE-002,Section A — Mombasa-Nairobi Main,,3593.5,28.5,Partially Open,SNS-013
TEL-002149,2026-05-31T00:50:19,SITE-004,Section E — Makueni Branch,425.4,4054.2,45.0,Open,SNS-014
TEL-003159,2026-06-18T03:15:25,SITE-004,Section E — Makueni Branch,469.0,3219.4,31.6,Closed,SNS-002
TEL-003352,2026-06-21T11:19:19,SITE-006,Section A — Mombasa-Nairobi Main,434.4,2379.7,16.4,Closed,SNS-011
TEL-000948,2026-05-09T20:25:48,SITE-005,Section A — Mombasa-Nairobi Main,354.0,3248.2,31.3,Closed,SNS-012
TEL-001327,2026-05-16T13:18:04,SITE-005,Section A — Mombasa-Nairobi Main,456.8,3344.2,26.9,Open,SNS-005
TEL-002680,2026-06-10T01:45:27,SITE-003,Section E — Makueni Branch,476.4,2853.0,31.9,Open,SNS-003
TEL-003494,2026-06-24T04:48:07,SITE-001,Section F — Kisumu Terminal Link,400.5,2860.8,25.2,Open,SNS-009
TEL-002827,2026-06-12T06:47:30,Kisumu term,Section F — Kisumu Terminal Link,422.0,2802.5,41.2,Open,SNS-013
TEL-003356,2026-06-21T14:01:23,SITE-004,Section C — Nakuru-Eldoret Extension,473.8,2651.8,36.5,Open,SNS-007
TEL-004843,2026-07-18T15:13:48,Sinendet  Pump Station,Section B — Nairobi-Nakuru Spur,335.2,2206.1,29.3,Open,SNS-003
TEL-001484,2026-05-19T04:04:45,SITE-005,Section D — Sinendet Lateral,352.5,,24.8,Open,SNS-008
TEL-000420,2026-04-30T04:34:11,SITE-004,Section F — Kisumu Terminal Link,316.3,2229.3,26.9,Open,SNS-011
TEL-000312,2026-04-28T12:37:46,SITE-003,Section F — Kisumu Terminal Link,410.3,2910.4,36.2,Open,SNS-014
TEL-004256,2026-07-08T19:27:52,SITE-002,Section A — Mombasa-Nairobi Main,307.0,3702.2,37.0,Open,SNS-010
TEL-000014,2026-04-23T08:40:28,Kibwezi,Section A — Mombasa-Nairobi Main,322.3,2524.6,26.1,Closed,SNS-006
TEL-003795,2026-06-29T14:50:59,SITE-003,Section E — Makueni Branch,440.9,3002.6,18.0,Open,SNS-010
TEL-002155,2026-05-31T02:28:30,eldoret terminal,Section E — Makueni Branch,335.2,2391.4,23.2,Partially Open,SNS-005
TEL-002382,2026-06-04T09:19:30,kisumu terminal,Section A — Mombasa-Nairobi Main,431.3,3297.7,27.3,Open,SNS-005
TEL-002256,2026-06-02T01:32:33,SITE-004,Section E — Makueni Branch,532.2,3373.8,32.3,Partially Open,SNS-012
TEL-004518,2026-07-13T11:19:42,SITE-001,Section A — Mombasa-Nairobi Main,358.5,3198.2,29.6,Closed,SNS-011
TEL-003253,2026-06-19T20:13:17,SITE-002,Section C — Nakuru-Eldoret Extension,347.9,3174.6,33.5,Open,SNS-005
TEL-004303,2026-07-09T11:23:08,SITE-006,Section F — Kisumu Terminal Link,273.7,3818.1,34.3,Open,SNS-008
TEL-003491,2026-06-24T02:22:36,SITE-003,Section E — Makueni Branch,364.4,3956.8,35.4,Closed,SNS-012
TEL-001407,2026-05-17T18:15:44,SITE-007,Section C — Nakuru-Eldoret Extension,437.9,3893.6,25.3,Closed,SNS-012
TEL-001332,2026-05-16T16:52:18,SITE-003,Section F — Kisumu Terminal Link,343.0,4687.9,18.7,Open,SNS-010
TEL-002006,2026-05-28T12:16:39,SITE-005,Section A — Mombasa-Nairobi Main,388.0,1064.3,28.9,Open,SNS-014
TEL-000521,2026-05-02T01:14:43,SITE-007,Section A — Mombasa-Nairobi Main,343.1,2730.8,30.9,Partially Open,SNS-007
TEL-002844,2026-06-12T12:43:35,SITE-005,Section D — Sinendet Lateral,540.9,2879.8,26.0,Closed,SNS-006
TEL-004786,2026-07-17T14:13:56,SITE-001,Section E — Makueni Branch,268.0,2885.5,33.5,Closed,SNS-002
TEL-001918,2026-05-26T23:06:10,SITE-005,Section B — Nairobi-Nakuru Spur,396.4,3056.4,22.8,Open,SNS-013
TEL-003562,2026-06-25T08:58:47,SITE-006,Section B — Nairobi-Nakuru Spur,322.3,2867.9,33.8,Closed,SNS-002
TEL-001174,2026-05-13T22:43:52,SITE-001,Section C — Nakuru-Eldoret Extension,391.8,3375.7,31.9,Open,SNS-002
TEL-001777,2026-05-24T01:30:20,SITE-004,Section E — Makueni Branch,424.6,3643.4,34.3,Closed,SNS-006
TEL-004984,2026-07-21T14:44:29,SITE-006,Section F — Kisumu Terminal Link,381.5,2928.6,20.2,Closed,SNS-004
TEL-004841,2026-07-18T15:02:59,SITE-004,Section D — Sinendet Lateral,396.1,2481.4,31.3,Closed,SNS-011
TEL-004586,2026-07-14T10:58:02,SITE-005,Section B — Nairobi-Nakuru Spur,450.0,2939.8,32.6,Partially Open,SNS-001
TEL-000006,2026-04-23T02:43:39,SITE-003,Section E — Makueni Branch,490.1,2146.6,37.4,Closed,SNS-005
TEL-003311,2026-06-20T16:56:57,SITE-002,Section C — Nakuru-Eldoret Extension,317.2,2895.6,33.5,Open,SNS-004
TEL-003843,2026-06-30T19:55:09,SITE-005,Section E — Makueni Branch,700,2285.2,35.2,Closed,SNS-009
TEL-000100,2026-04-24T16:26:57,NAIROBI,Section C — Nakuru-Eldoret Extension,409.9,4164.0,35.2,Open,SNS-004
TEL-004404,2026-07-11T09:55:24,SITE-002,Section B — Nairobi-Nakuru Spur,388.6,2915.0,24.2,Open,SNS-007
TEL-004967,2026-07-21T07:08:51,SITE-006,Section C — Nakuru-Eldoret Extension,357.3,3054.2,30.6,Open,SNS-002
TEL-003907,2026-07-02T00:48:26,SITE-005,Section A — Mombasa-Nairobi Main,511.3,2499.1,28.6,Closed,SNS-008
TEL-002122,2026-05-30T13:46:30,SITE-004,Section F — Kisumu Terminal Link,325.0,3405.5,28.5,Open,SNS-010
TEL-001942,2026-05-27T09:53:20,sinendet pump,Section E — Makueni Branch,457.6,3972.7,30.5,Open,SNS-004
TEL-001667,2026-05-22T08:47:16,SITE-003,Section F — Kisumu Terminal Link,250.1,1924.4,30.7,Partially Open,SNS-014
TEL-001550,2026-05-20T06:55:17,SITE-002,Section B — Nairobi-Nakuru Spur,338.8,2432.4,30.4,Closed,SNS-014
TEL-002270,2026-06-02T05:42:42,SITE-003,Section F — Kisumu Terminal Link,379.5,2505.0,28.6,Open,SNS-003
TEL-001513,2026-05-19T14:08:23,SITE-007,Section A — Mombasa-Nairobi Main,422.7,1738.9,25.2,Open,SNS-010
TEL-002517,2026-06-06T22:45:41,SITE-006,Section E — Makueni Branch,271.7,1753.7,34.9,Partially Open,SNS-009
TEL-004825,2026-07-18T06:31:39,SITE-005,Section C — Nakuru-Eldoret Extension,399.4,3850.6,27.0,Open,SNS-010
TEL-000160,2026-04-25T19:15:06,SITE-005,Section F — Kisumu Terminal Link,502.0,3181.6,23.9,Closed,SNS-001
TEL-004393,2026-07-11T03:00:19,kisumu terminal,Section F — Kisumu Terminal Link,259.0,2109.0,26.7,Closed,SNS-005
TEL-002557,2026-06-07T14:32:14,SITE-005,Section E — Makueni Branch,432.5,4276.1,28.4,Closed,SNS-013
TEL-002992,2026-06-14T23:21:16,SITE-006,Section D — Sinendet Lateral,421.5,3743.3,22.7,Closed,SNS-004
TEL-003521,2026-06-24T16:37:45,SITE-007,Section E — Makueni Branch,307.4,2639.7,36.7,Closed,SNS-005
TEL-000179,2026-04-26T04:54:26,SITE-001,Section D — Sinendet Lateral,258.6,3466.2,36.3,Closed,SNS-009
TEL-001556,2026-05-20T08:59:37,SITE-001,Section A — Mombasa-Nairobi Main,488.8,2196.1,29.8,Closed,SNS-009
TEL-002759,2026-06-11T06:14:29,SITE-003,Section B — Nairobi-Nakuru Spur,388.0,2388.9,28.1,Open,SNS-013
TEL-004918,2026-07-20T01:46:28,SITE-001,Section E — Makueni Branch,346.1,3629.7,45.0,Closed,SNS-008
TEL-004201,2026-07-07T21:30:26,SITE-005,Section B — Nairobi-Nakuru Spur,517.1,3214.5,40.7,Open,SNS-011
TEL-003119,2026-06-17T11:50:14,SITE-006,Section C — Nakuru-Eldoret Extension,375.5,4454.5,26.4,Open,SNS-006
TEL-003209,2026-06-18T23:59:44,SITE-006,Section D — Sinendet Lateral,455.7,1888.1,44.8,Partially Open,SNS-013
TEL-002417,2026-06-05T01:50:07,SITE-003,Section C — Nakuru-Eldoret Extension,429.8,3115.4,30.3,Closed,SNS-003
TEL-001902,2026-05-26T13:32:27,SITE-001,Section A — Mombasa-Nairobi Main,546.9,1303.9,28.7,Closed,SNS-001
TEL-004227,2026-07-08T08:30:37,SITE-001,Section E — Makueni Branch,387.2,3566.7,25.7,Closed,SNS-009
TEL-002507,2026-06-06T19:22:54,SITE-002,Section B — Nairobi-Nakuru Spur,307.1,3746.6,29.4,Partially Open,SNS-012
TEL-000293,2026-04-28T04:56:46,SITE-001,Section A — Mombasa-Nairobi Main,390.9,3347.7,30.1,Closed,SNS-011
TEL-000758,2026-05-06T05:04:10,SITE-006,Section C — Nakuru-Eldoret Extension,436.0,3334.2,34.6,Partially Open,SNS-012
TEL-000419,2026-04-30T03:39:55,ELD Terminal,Section E — Makueni Branch,441.1,3298.5,40.4,Closed,SNS-014
TEL-001499,2026-05-19T09:52:38,SITE-004,Section D — Sinendet Lateral,547.7,1367.8,29.6,Closed,SNS-003
TEL-002456,2026-06-05T17:57:58,SITE-001,Section B — Nairobi-Nakuru Spur,391.2,3741.2,26.6,Open,SNS-011
TEL-003008,2026-06-15T04:50:51,SITE-007,Section A — Mombasa-Nairobi Main,421.1,2721.8,36.7,Open,SNS-001
TEL-002639,2026-06-09T07:09:21,Kibwezi,Section C — Nakuru-Eldoret Extension,269.3,1542.2,30.9,Partially Open,SNS-013
TEL-001519,2026-05-19T19:49:11,SITE-005,Section C — Nakuru-Eldoret Extension,367.3,5000.0,45.0,Closed,SNS-002
TEL-003951,2026-07-02T22:21:11,SITE-006,Section E — Makueni Branch,368.4,4003.6,29.9,Open,SNS-005
TEL-000390,2026-04-29T16:27:02,SITE-002,Section E — Makueni Branch,473.8,2646.3,36.0,Open,SNS-001
TEL-004073,2026-07-05T10:04:00,SITE-007,Section C — Nakuru-Eldoret Extension,455.6,3881.0,31.0,Open,SNS-010
TEL-002250,2026-06-01T22:26:06,SITE-002,Section A — Mombasa-Nairobi Main,336.4,1987.0,17.3,Closed,SNS-011
TEL-000005,2026-04-23T02:31:07,SITE-004,Section E — Makueni Branch,397.2,3252.1,23.4,Open,SNS-001
TEL-002999,2026-06-15T02:55:47,SITE-001,Section D — Sinendet Lateral,353.0,5000.0,22.1,Open,SNS-011
TEL-001058,2026-05-11T17:56:28,SITE-001,Section B — Nairobi-Nakuru Spur,200.0,3430.3,32.2,Partially Open,SNS-009
TEL-004337,2026-07-10T01:35:45,makueni section,Section D — Sinendet Lateral,292.9,2633.6,36.8,Closed,SNS-007
TEL-000163,2026-04-25T19:57:41,SITE-007,Section D — Sinendet Lateral,270.6,2991.5,27.3,Closed,SNS-006
TEL-001385,2026-05-17T10:12:37,SITE-005,Section E — Makueni Branch,414.3,3882.5,32.0,Open,SNS-004
TEL-004137,2026-07-06T12:52:51,SITE-007,Section E — Makueni Branch,357.2,3979.5,26.4,Open,SNS-004
TEL-003674,2026-06-27T14:09:51,SITE-004,Section D — Sinendet Lateral,531.8,3523.5,40.7,Open,SNS-001
TEL-002795,2026-06-11T19:20:57,sinendet pump station,Section A — Mombasa-Nairobi Main,594.7,1413.8,20.7,Closed,SNS-014
TEL-001919,2026-05-26T23:11:26,SITE-005,Section C — Nakuru-Eldoret Extension,480.6,2654.2,25.8,Partially Open,SNS-011
TEL-001479,2026-05-19T02:23:55,SITE-001,Section C — Nakuru-Eldoret Extension,412.1,3371.6,27.1,Open,SNS-013
TEL-000630,2026-05-03T21:28:56,SITE-005,Section F — Kisumu Terminal Link,405.6,3231.9,39.5,Open,SNS-012
TEL-002679,2026-06-10T01:11:00,SITE-004,Section F — Kisumu Terminal Link,422.9,4292.5,37.2,Closed,SNS-002
TEL-003654,2026-06-27T05:25:05,SITE-005,Section B — Nairobi-Nakuru Spur,390.6,2138.4,27.5,Closed,SNS-009
TEL-004063,2026-07-05T07:03:10,SITE-004,Section A — Mombasa-Nairobi Main,394.6,3952.1,38.1,Open,SNS-008
TEL-001238,2026-05-15T00:52:21,SITE-007,Section C — Nakuru-Eldoret Extension,240.2,3028.5,37.5,Closed,SNS-007
TEL-002406,2026-06-04T20:27:32,SITE-004,Section E — Makueni Branch,299.6,2372.2,34.6,Open,SNS-002
TEL-001115,2026-05-12T21:33:21,SITE-003,Section B — Nairobi-Nakuru Spur,509.2,3216.9,32.0,Open,SNS-004
TEL-000252,2026-04-27T09:08:52,SITE-002,Section C — Nakuru-Eldoret Extension,484.5,1502.7,29.5,Partially Open,SNS-001
TEL-003279,2026-06-20T05:37:07,SITE-002,Section E — Makueni Branch,410.8,1079.5,34.9,Open,SNS-001
TEL-002142,2026-05-30T22:33:19,SITE-005,Section F — Kisumu Terminal Link,390.2,3839.2,36.3,Open,SNS-001
TEL-003054,2026-06-16T11:50:24,SITE-005,Section C — Nakuru-Eldoret Extension,326.2,2801.2,31.0,Partially Open,SNS-001
TEL-000489,2026-05-01T12:02:17,eldoret terminal,Section F — Kisumu Terminal Link,408.1,3205.3,23.4,Open,SNS-009
TEL-003380,2026-06-21T23:01:14,SITE-007,Section B — Nairobi-Nakuru Spur,328.9,2562.9,32.2,Open,SNS-007
TEL-004781,2026-07-17T11:52:38,SITE-007,Section A — Mombasa-Nairobi Main,463.0,3670.5,23.4,Closed,SNS-010
TEL-002825,2026-06-12T06:20:09,SITE-004,Section F — Kisumu Terminal Link,445.3,3392.0,33.7,Partially Open,SNS-005
TEL-003370,2026-06-21T17:03:08,SITE-004,Section A — Mombasa-Nairobi Main,450.8,2864.9,30.6,Open,SNS-011
TEL-002033,2026-05-29T01:22:57,SITE-006,Section D — Sinendet Lateral,425.3,1000.0,34.7,Open,SNS-003
TEL-000645,2026-05-04T02:52:05,SITE-005,Section B — Nairobi-Nakuru Spur,388.1,3546.4,31.0,Open,SNS-013
TEL-004957,2026-07-21T00:31:46,SITE-001,Section B — Nairobi-Nakuru Spur,200.0,2052.5,34.3,Closed,SNS-013
TEL-003973,2026-07-03T09:23:02,SITE-001,Section C — Nakuru-Eldoret Extension,336.6,2586.8,41.8,Partially Open,SNS-005
TEL-001723,2026-05-23T03:09:48,SITE-002,Section C — Nakuru-Eldoret Extension,409.1,1175.8,33.0,Open,SNS-001
TEL-001944,2026-05-27T11:07:32,SITE-004,Section E — Makueni Branch,378.3,3973.1,20.0,Open,SNS-001
TEL-003140,2026-06-17T19:48:27,SITE-004,Section B — Nairobi-Nakuru Spur,404.0,4095.3,28.9,Partially Open,SNS-005
TEL-003493,2026-06-24T03:34:13,SITE-004,Section E — Makueni Branch,476.0,3209.2,25.4,Closed,SNS-005
TEL-001464,2026-05-18T19:16:09,SITE-001,Section C — Nakuru-Eldoret Extension,367.0,3690.9,32.4,Closed,SNS-005
TEL-001300,2026-05-16T00:12:16,SITE-003,Section E — Makueni Branch,284.9,3460.7,38.2,Open,SNS-002
TEL-002917,2026-06-13T18:43:32,SITE-003,Section B — Nairobi-Nakuru Spur,396.4,2670.5,20.3,Open,SNS-003
TEL-003450,2026-06-23T09:55:29,SITE-003,Section E — Makueni Branch,555.1,3414.2,23.2,Closed,SNS-002
TEL-000606,2026-05-03T11:42:53,SITE-007,Section E — Makueni Branch,325.3,1472.4,35.9,Open,SNS-003
TEL-003935,2026-07-02T15:21:59,SITE-004,Section B — Nairobi-Nakuru Spur,257.3,3906.6,38.2,Open,SNS-004
TEL-004741,2026-07-16T20:22:32,SITE-002,Section A — Mombasa-Nairobi Main,329.9,2973.5,38.4,Open,SNS-008
TEL-004707,2026-07-16T04:48:25,SITE-003,Section B — Nairobi-Nakuru Spur,521.7,2652.2,32.2,Open,SNS-007
TEL-004913,2026-07-19T23:06:04,SITE-003,Section A — Mombasa-Nairobi Main,421.1,2701.6,27.5,Open,SNS-001
TEL-003236,2026-06-19T11:38:18,SITE-005,Section E — Makueni Branch,475.2,3707.8,15.0,Open,SNS-006
TEL-000516,2026-05-01T22:59:10,SITE-001,Section F — Kisumu Terminal Link,302.7,2892.5,23.4,Open,SNS-001
TEL-001383,2026-05-17T09:09:50,SITE-006,Section C — Nakuru-Eldoret Extension,380.4,3338.1,22.7,Partially Open,SNS-009
TEL-002061,2026-05-29T12:17:52,SITE-005,Section E — Makueni Branch,,3872.2,42.3,Open,SNS-010
TEL-003308,2026-06-20T15:23:26,SITE-003,Section D — Sinendet Lateral,528.0,4269.3,32.8,Closed,SNS-012
TEL-000981,2026-05-10T10:37:32,SITE-006,Section E — Makueni Branch,335.5,3582.2,28.9,Closed,SNS-009
TEL-004233,2026-07-08T11:34:56,sinendet pump,Section C — Nakuru-Eldoret Extension,451.0,2096.8,32.2,Closed,SNS-014
TEL-002227,2026-06-01T09:42:59,SITE-003,Section D — Sinendet Lateral,399.5,1583.4,41.8,Open,SNS-006
TEL-001506,2026-05-19T11:38:08,SITE-002,Section A — Mombasa-Nairobi Main,1000,2811.6,30.6,Open,SNS-002
TEL-003638,2026-06-27T01:15:04,SITE-005,Section E — Makueni Branch,346.3,3359.5,33.1,Open,SNS-009
TEL-001988,2026-05-28T04:15:49,SITE-002,Section A — Mombasa-Nairobi Main,397.2,2236.9,28.4,Partially Open,SNS-013
