reading_id,timestamp,site,pipeline_section,pressure_psi,flow_rate_bph,temperature_celsius,valve_status,sensor_id
TEL-002604,2026-06-08T20:24:11,Makueni PS,Section D — Sinendet Lateral,350.8,2957.8,38.2,Open,SNS-014
TEL-000651,2026-05-04T18:33:08,SITE-007,Section E — Makueni Branch,233.8,3937.0,28.3,Closed,SNS-011
TEL-003950,2026-07-02T16:36:06,SITE-005,Section F — Kisumu Terminal Link,444.2,4031.6,22.6,Open,SNS-008
TEL-002750,2026-06-11T13:03:20,Kisumu term,Section C — Nakuru-Eldoret Extension,471.1,2788.1,29.5,Closed,SNS-013
TEL-003269,2026-06-20T02:26:52,SITE-001,Section E — Makueni Branch,469.8,2669.8,34.7,Closed,SNS-005
TEL-002179,2026-06-01T06:02:16,SITE-007,Section B — Nairobi-Nakuru Spur,432.7,3187.6,32.9,Open,SNS-011
TEL-001766,2026-05-24T19:15:59,SITE-004,Section E — Makueni Branch,497.5,4559.0,23.9,Closed,SNS-007
TEL-001375,2026-05-17T22:42:04,SITE-006,Section E — Makueni Branch,560.8,2806.9,21.8,Closed,SNS-005
TEL-001194,2026-05-14T13:28:44,SITE-004,Section C — Nakuru-Eldoret Extension,298.0,2208.6,34.8,Open,SNS-012
TEL-001413,2026-05-18T20:23:12,SITE-003,Section F — Kisumu Terminal Link,244.3,3994.4,29.5,Closed,SNS-005
TEL-003611,2026-06-26T15:09:59,Sinendet PS,Section A — Mombasa-Nairobi Main,508.0,3681.6,36.2,Open,SNS-003
TEL-002135,2026-05-31T07:02:28,SITE-004,Section A — Mombasa-Nairobi Main,371.1,2437.0,21.9,Open,SNS-009
TEL-004424,2026-07-11T11:38:57,SITE-004,Section D — Sinendet Lateral,426.3,3160.0,28.9,Open,SNS-007
TEL-002323,2026-06-03T21:55:56,SITE-005,Section D — Sinendet Lateral,200.0,3301.6,26.3,Open,SNS-013
TEL-004196,2026-07-07T04:16:26,Kisumu  Terminal,Section E — Makueni Branch,391.4,1981.1,27.0,Open,SNS-010
TEL-004145,2026-07-06T00:34:23,SITE-002,Section A — Mombasa-Nairobi Main,600.0,2768.1,23.5,Open,SNS-010
TEL-003968,2026-07-02T22:12:18,SITE-004,Section E — Makueni Branch,345.9,3447.3,28.9,Partially Open,SNS-010
TEL-001703,2026-05-23T18:05:48,SITE-007,Section E — Makueni Branch,545.0,3733.0,30.9,Open,SNS-010
TEL-002322,2026-06-03T21:47:25,SITE-003,Section E — Makueni Branch,315.3,3046.2,38.9,Open,SNS-008
TEL-000784,2026-05-07T04:15:53,SITE-005,Section C — Nakuru-Eldoret Extension,420.8,4771.9,25.0,Open,SNS-003
TEL-000352,2026-04-29T06:04:45,SITE-005,Section C — Nakuru-Eldoret Extension,407.9,2322.0,18.4,Open,SNS-011
TEL-003493,2026-06-24T11:53:30,SITE-002,Section E — Makueni Branch,200.0,2480.4,32.7,Open,SNS-005
TEL-004245,2026-07-08T02:13:34,SITE-006,Section D — Sinendet Lateral,523.6,3684.6,30.8,Open,SNS-001
TEL-002686,2026-06-10T09:38:46,SITE-005,Section F — Kisumu Terminal Link,421.7,2692.1,43.2,Closed,SNS-001
TEL-003294,2026-06-20T15:09:12,Kisumu term,Section F — Kisumu Terminal Link,366.1,3663.6,27.7,Closed,SNS-010
TEL-000375,2026-04-29T14:58:36,SITE-004,Section B — Nairobi-Nakuru Spur,418.1,1966.8,34.8,Open,SNS-014
TEL-003153,2026-06-18T00:02:33,SITE-002,Section D — Sinendet Lateral,520.0,2377.6,34.8,Open,SNS-005
TEL-003286,2026-06-20T11:00:14,SITE-003,Section E — Makueni Branch,400.9,2776.0,25.9,Open,SNS-001
TEL-000480,2026-05-01T13:30:08,SITE-005,Section E — Makueni Branch,296.9,2917.8,24.6,Open,SNS-012
TEL-002295,2026-06-03T12:13:46,SITE-004,Section B — Nairobi-Nakuru Spur,1150,3959.8,33.9,Open,SNS-001
TEL-003380,2026-06-22T06:52:25,SITE-004,Section C — Nakuru-Eldoret Extension,478.6,3506.1,42.3,Open,SNS-010
TEL-003856,2026-07-01T00:32:10,SITE-001,Section C — Nakuru-Eldoret Extension,438.4,,29.6,Partially Open,SNS-004
TEL-003904,2026-07-01T19:54:01,SITE-006,Section D — Sinendet Lateral,454.9,2880.6,23.3,Open,SNS-007
TEL-000923,2026-05-09T10:35:01,SITE-001,Section E — Makueni Branch,284.8,2710.8,27.0,Open,SNS-010
TEL-001816,2026-05-25T12:10:21,SITE-003,Section C — Nakuru-Eldoret Extension,437.5,2174.4,33.0,Closed,SNS-009
TEL-000228,2026-04-27T01:24:06,SITE-004,Section F — Kisumu Terminal Link,350.4,3375.1,27.6,Partially Open,SNS-013
TEL-000891,2026-05-08T18:39:15,Nakuru  Depot,Section A — Mombasa-Nairobi Main,338.8,3314.8,18.4,Partially Open,SNS-011
TEL-002246,2026-06-02T13:42:20,SITE-004,Section E — Makueni Branch,385.4,2512.9,29.5,Partially Open,SNS-001
TEL-004847,2026-07-18T21:38:34,SITE-002,Section A — Mombasa-Nairobi Main,324.5,3541.5,29.5,Closed,SNS-014
TEL-001603,2026-05-22T02:37:12,SITE-003,Section C — Nakuru-Eldoret Extension,409.2,2254.5,30.9,Partially Open,SNS-005
TEL-000370,2026-04-29T12:39:30,SITE-001,Section D — Sinendet Lateral,433.7,2787.5,27.3,Open,SNS-004
TEL-001073,2026-05-12T05:23:50,SITE-007,Section D — Sinendet Lateral,476.3,3851.4,36.0,Open,SNS-002
TEL-004321,2026-07-09T14:08:46,SITE-001,Section B — Nairobi-Nakuru Spur,493.4,3266.8,26.0,Closed,SNS-006
TEL-002260,2026-06-02T21:22:12,SITE-003,Section A — Mombasa-Nairobi Main,410.4,3352.5,28.2,Open,SNS-005
TEL-004611,2026-07-14T20:22:32,SITE-004,Section A — Mombasa-Nairobi Main,238.7,3311.6,27.1,Open,SNS-001
TEL-000697,2026-05-05T09:00:26,SITE-004,Section B — Nairobi-Nakuru Spur,461.6,3567.3,16.1,Open,SNS-008
TEL-000336,2026-04-29T01:40:32,SITE-003,Section D — Sinendet Lateral,356.9,2855.3,17.2,Open,SNS-006
TEL-000930,2026-05-09T15:57:53,SITE-006,Section F — Kisumu Terminal Link,351.2,2206.4,30.6,Open,SNS-013
TEL-004243,2026-07-08T00:45:58,SITE-002,Section C — Nakuru-Eldoret Extension,424.4,2539.8,35.9,Open,SNS-004
TEL-003794,2026-06-29T23:39:51,SITE-007,Section D — Sinendet Lateral,345.2,2131.8,29.1,Open,SNS-013
TEL-003718,2026-06-28T15:19:45,SITE-002,Section B — Nairobi-Nakuru Spur,401.2,2559.9,37.5,Closed,SNS-003
TEL-002062,2026-05-30T02:21:30,NAKURU,Section C — Nakuru-Eldoret Extension,501.6,2101.8,30.8,Open,SNS-004
TEL-003230,2026-06-19T03:37:22,ELDORET,Section D — Sinendet Lateral,323.7,2760.6,20.8,Closed,SNS-013
TEL-001167,2026-05-14T04:20:50,SITE-004,Section C — Nakuru-Eldoret Extension,288.4,4853.6,25.2,Closed,SNS-007
TEL-000256,2026-04-27T11:23:53,SITE-007,Section F — Kisumu Terminal Link,429.7,3684.6,34.1,Partially Open,SNS-012
TEL-004526,2026-07-13T13:53:06,SITE-003,Section B — Nairobi-Nakuru Spur,428.7,3662.8,22.8,Open,SNS-004
TEL-002340,2026-06-04T05:02:23,SITE-005,Section D — Sinendet Lateral,418.9,2702.1,27.6,Closed,SNS-001
TEL-002492,2026-06-06T19:55:46,SITE-002,Section E — Makueni Branch,469.8,4358.2,27.1,Closed,SNS-012
TEL-000732,2026-05-06T01:09:16,NAKURU,Section C — Nakuru-Eldoret Extension,278.6,2824.4,32.5,Open,SNS-005
TEL-004127,2026-07-05T14:37:14,SITE-003,Section C — Nakuru-Eldoret Extension,354.8,4660.4,40.8,Open,SNS-014
TEL-004830,2026-07-18T17:22:25,SITE-006,Section E — Makueni Branch,400.7,3684.6,25.6,Partially Open,SNS-009
TEL-001326,2026-05-16T19:28:43,SITE-005,Section B — Nairobi-Nakuru Spur,308.2,3342.2,27.6,Closed,SNS-012
TEL-000237,2026-04-27T03:38:01,SITE-007,Section E — Makueni Branch,272.1,2747.8,35.5,Open,SNS-005
TEL-003971,2026-07-03T00:03:02,SITE-007,Section C — Nakuru-Eldoret Extension,417.4,1278.8,41.2,Closed,SNS-004
TEL-004442,2026-07-11T21:18:14,SITE-001,Section A — Mombasa-Nairobi Main,248.3,3309.3,29.1,Open,SNS-001
TEL-002742,2026-06-11T10:33:42,SITE-001,Section B — Nairobi-Nakuru Spur,485.4,2147.0,26.0,Open,SNS-009
TEL-000381,2026-04-29T17:15:47,SITE-004,Section E — Makueni Branch,389.4,3913.3,26.4,Closed,SNS-003
TEL-002544,2026-06-07T17:00:04,SITE-005,Section A — Mombasa-Nairobi Main,482.6,4879.2,35.5,Open,SNS-012
TEL-002758,2026-06-11T15:40:34,SITE-005,Section B — Nairobi-Nakuru Spur,405.4,4182.8,35.0,Open,SNS-010
TEL-001362,2026-05-17T14:23:03,SITE-006,Section A — Mombasa-Nairobi Main,550.6,,24.8,Open,SNS-004
TEL-001429,2026-05-19T06:50:30,SITE-002,Section E — Makueni Branch,371.0,1866.5,23.5,Closed,SNS-001
TEL-001273,2026-05-15T23:54:02,SITE-005,Section D — Sinendet Lateral,428.9,4580.4,24.9,Open,SNS-009
TEL-000282,2026-04-28T00:01:29,SITE-006,Section C — Nakuru-Eldoret Extension,420.9,2450.4,31.6,Closed,SNS-009
TEL-000198,2026-04-26T14:50:42,SITE-003,Section C — Nakuru-Eldoret Extension,302.5,3040.0,29.6,Open,SNS-014
TEL-002451,2026-06-06T02:47:16,SITE-004,Section D — Sinendet Lateral,403.3,3963.8,30.7,Open,SNS-012
TEL-001024,2026-05-11T06:33:54,SITE-004,Section A — Mombasa-Nairobi Main,418.5,3010.4,33.7,Closed,SNS-008
TEL-003747,2026-06-29T04:11:47,SITE-007,Section B — Nairobi-Nakuru Spur,556.6,3190.7,33.5,Open,SNS-011
TEL-003694,2026-06-28T05:14:48,SITE-003,Section C — Nakuru-Eldoret Extension,317.7,3209.1,24.1,Closed,SNS-001
TEL-000894,2026-05-08T19:41:50,SITE-002,Section F — Kisumu Terminal Link,317.6,3846.3,27.3,Closed,SNS-013
TEL-004388,2026-07-10T20:46:09,SITE-001,Section F — Kisumu Terminal Link,535.7,2990.6,25.6,Closed,SNS-007
TEL-003751,2026-06-29T05:32:09,SITE-003,Section C — Nakuru-Eldoret Extension,333.8,1680.8,31.9,Open,SNS-008
TEL-002919,2026-06-14T08:49:12,NAKURU,Section E — Makueni Branch,389.2,1492.8,33.1,Closed,SNS-006
TEL-001961,2026-05-28T03:14:46,SITE-006,Section B — Nairobi-Nakuru Spur,430.2,2580.2,25.2,Open,SNS-012
TEL-001692,2026-05-23T13:58:58,SITE-005,Section A — Mombasa-Nairobi Main,443.5,2908.7,31.3,Partially Open,SNS-011
TEL-002472,2026-06-06T11:42:53,SITE-004,Section F — Kisumu Terminal Link,417.9,2888.8,21.9,Open,SNS-008
TEL-002435,2026-06-05T20:00:52,SITE-006,Section D — Sinendet Lateral,480.5,2758.6,36.9,Open,SNS-008
TEL-003556,2026-06-25T07:30:31,SITE-005,Section C — Nakuru-Eldoret Extension,530.6,3489.1,32.3,Open,SNS-012
TEL-000372,2026-04-29T13:39:42,SITE-005,Section E — Makueni Branch,377.1,2317.4,43.2,Partially Open,SNS-007
TEL-002487,2026-06-06T17:55:39,SITE-005,Section F — Kisumu Terminal Link,308.6,3184.7,29.9,Open,SNS-002
TEL-001473,2026-05-19T23:10:11,SITE-005,Section C — Nakuru-Eldoret Extension,254.6,2394.2,23.8,Closed,SNS-001
TEL-004109,2026-07-05T08:13:20,SITE-006,Section D — Sinendet Lateral,395.3,3523.0,28.1,Open,SNS-012
TEL-003219,2026-06-18T22:48:03,SITE-002,Section A — Mombasa-Nairobi Main,421.0,1197.7,25.7,Open,SNS-001
TEL-004781,2026-07-17T21:39:31,SITE-006,Section E — Makueni Branch,320.0,4070.2,27.8,Open,SNS-012
TEL-002535,2026-06-07T14:34:20,SITE-007,Section C — Nakuru-Eldoret Extension,515.8,3822.9,35.1,Open,SNS-005
TEL-002035,2026-05-29T17:14:59,SITE-007,Section E — Makueni Branch,419.5,3211.6,27.6,Open,SNS-009
TEL-003160,2026-06-18T03:27:00,SITE-007,Section E — Makueni Branch,1000,3475.3,35.1,Closed,SNS-003
TEL-000725,2026-05-05T22:15:49,ELDORET,Section F — Kisumu Terminal Link,434.6,3426.8,24.9,Closed,SNS-014
TEL-002893,2026-06-13T22:20:43,SITE-007,Section C — Nakuru-Eldoret Extension,496.6,1284.2,29.2,Open,SNS-003
TEL-002381,2026-06-04T21:08:35,SITE-002,Section B — Nairobi-Nakuru Spur,429.0,1009.0,32.7,Closed,SNS-006
TEL-003752,2026-06-29T06:12:20,SITE-005,Section D — Sinendet Lateral,495.7,3427.4,18.6,Open,SNS-014
TEL-003119,2026-06-17T11:16:19,SITE-001,Section F — Kisumu Terminal Link,474.8,3295.2,34.6,Partially Open,SNS-012
TEL-002581,2026-06-08T10:42:40,SITE-005,Section F — Kisumu Terminal Link,387.5,4606.1,35.6,Partially Open,SNS-003
TEL-000088,2026-04-24T14:07:22,SITE-006,Section E — Makueni Branch,467.1,2750.9,28.1,Open,SNS-010
TEL-001177,2026-05-14T07:01:00,Kipevu terminal,Section F — Kisumu Terminal Link,224.4,1560.1,34.1,Open,SNS-011
TEL-001823,2026-05-25T13:53:24,SITE-007,Section E — Makueni Branch,305.3,2840.1,23.8,Closed,SNS-006
TEL-004933,2026-07-20T13:50:16,SITE-006,Section B — Nairobi-Nakuru Spur,378.1,3151.4,32.8,Open,SNS-001
TEL-000012,2026-04-23T06:27:44,SITE-004,Section D — Sinendet Lateral,416.7,2412.2,25.0,Open,SNS-006
TEL-003095,2026-06-16T23:09:50,SITE-003,Section D — Sinendet Lateral,439.8,4870.3,34.4,Closed,SNS-003
TEL-001847,2026-05-25T22:33:48,SITE-007,Section F — Kisumu Terminal Link,505.1,3178.5,27.1,Closed,SNS-005
TEL-000640,2026-05-04T14:28:11,SITE-001,Section C — Nakuru-Eldoret Extension,381.2,3323.9,27.7,Open,SNS-010
TEL-004720,2026-07-16T20:42:27,kisumu terminal,Section D — Sinendet Lateral,396.2,3124.8,33.0,Open,SNS-007
TEL-003379,2026-06-22T06:48:55,SITE-003,Section B — Nairobi-Nakuru Spur,332.6,3126.8,31.1,Closed,SNS-013
TEL-000226,2026-04-27T00:35:53,SITE-004,Section F — Kisumu Terminal Link,356.0,4927.1,20.4,Closed,SNS-006
TEL-003735,2026-06-28T22:58:53,SITE-006,Section E — Makueni Branch,368.3,3839.8,24.9,Open,SNS-009
TEL-002263,2026-06-02T22:51:17,SITE-002,Section E — Makueni Branch,591.2,4507.5,27.4,Closed,SNS-002
TEL-004405,2026-07-11T03:33:18,SITE-006,Section A — Mombasa-Nairobi Main,437.1,2931.0,33.7,Open,SNS-001
TEL-001597,2026-05-22T00:24:05,SITE-002,Section C — Nakuru-Eldoret Extension,391.3,2921.6,30.4,Open,SNS-013
TEL-000634,2026-05-04T11:15:22,SITE-006,Section B — Nairobi-Nakuru Spur,409.1,2522.2,37.6,Open,SNS-013
TEL-002709,2026-06-10T16:47:55,SITE-003,Section A — Mombasa-Nairobi Main,526.0,2386.1,31.9,Open,SNS-013
TEL-004398,2026-07-11T01:39:55,SITE-006,Section A — Mombasa-Nairobi Main,359.1,4012.1,27.3,Closed,SNS-002
TEL-003038,2026-06-16T00:37:06,SITE-006,Section F — Kisumu Terminal Link,457.2,2653.6,26.5,Open,SNS-001
TEL-003198,2026-06-18T15:13:36,SITE-002,Section A — Mombasa-Nairobi Main,329.6,2600.6,28.2,Partially Open,SNS-014
TEL-003986,2026-07-03T06:38:27,SITE-002,Section D — Sinendet Lateral,270.6,3181.2,32.6,Open,SNS-011
TEL-004414,2026-07-11T07:14:40,SITE-005,Section A — Mombasa-Nairobi Main,408.4,2886.2,29.8,Partially Open,SNS-006
TEL-004485,2026-07-12T14:31:04,MAKUENI,Section B — Nairobi-Nakuru Spur,422.7,3283.8,36.7,Open,SNS-001
TEL-003873,2026-07-01T08:09:02,SITE-004,Section F — Kisumu Terminal Link,353.6,2570.9,27.0,Open,SNS-009
TEL-001958,2026-05-28T02:44:07,SITE-006,Section F — Kisumu Terminal Link,374.6,3248.2,20.4,Open,SNS-014
TEL-003045,2026-06-16T03:47:37,SITE-001,Section F — Kisumu Terminal Link,288.1,3500.6,24.2,Open,SNS-013
TEL-004410,2026-07-11T06:24:27,SITE-002,Section F — Kisumu Terminal Link,537.6,2790.9,28.4,Open,SNS-002
TEL-000584,2026-05-03T12:21:26,SITE-007,Section C — Nakuru-Eldoret Extension,259.7,1704.4,28.2,Open,SNS-011
TEL-002631,2026-06-09T07:56:19,SITE-006,Section B — Nairobi-Nakuru Spur,346.8,3513.0,26.2,Open,SNS-002
TEL-003759,2026-06-29T08:12:26,SITE-001,Section E — Makueni Branch,401.7,2469.5,28.6,Partially Open,SNS-001
TEL-004621,2026-07-15T00:33:08,SITE-002,Section F — Kisumu Terminal Link,576.5,3132.1,27.7,Partially Open,SNS-003
TEL-000331,2026-04-28T23:04:09,SITE-001,Section E — Makueni Branch,361.3,2049.3,25.3,Open,SNS-012
TEL-000193,2026-04-26T12:22:34,SITE-005,Section F — Kisumu Terminal Link,360.7,2592.6,40.5,Open,SNS-007
TEL-000227,2026-04-27T00:56:12,SITE-003,Section F — Kisumu Terminal Link,229.5,2627.9,34.7,Partially Open,SNS-001
TEL-004170,2026-07-06T12:37:08,SITE-006,Section F — Kisumu Terminal Link,467.5,3282.3,29.3,Open,SNS-012
TEL-001662,2026-05-23T01:03:17,Thange section,Section C — Nakuru-Eldoret Extension,345.3,1314.6,20.4,Open,SNS-013
TEL-001710,2026-05-23T20:25:13,SITE-004,Section C — Nakuru-Eldoret Extension,512.7,2239.9,27.8,Closed,SNS-013
TEL-002084,2026-05-30T11:30:40,SITE-006,Section A — Mombasa-Nairobi Main,302.9,2887.2,24.0,Open,SNS-001
TEL-002877,2026-06-13T16:26:17,SITE-006,Section A — Mombasa-Nairobi Main,410.1,4352.6,25.0,Closed,SNS-001
TEL-001346,2026-05-17T05:04:01,SITE-004,Section A — Mombasa-Nairobi Main,486.5,3269.7,27.8,Closed,SNS-011
TEL-001266,2026-05-15T18:40:48,SITE-001,Section D — Sinendet Lateral,387.0,2663.7,32.3,Open,SNS-013
TEL-004846,2026-07-18T21:21:48,SITE-005,Section F — Kisumu Terminal Link,290.0,3619.5,,Open,SNS-012
TEL-002280,2026-06-03T07:32:08,SITE-007,Section F — Kisumu Terminal Link,430.6,2410.0,32.1,Open,SNS-001
TEL-002225,2026-06-02T06:53:21,SITE-004,Section C — Nakuru-Eldoret Extension,208.2,3091.5,19.9,Open,SNS-009
TEL-003206,2026-06-18T18:45:31,SITE-003,Section B — Nairobi-Nakuru Spur,414.7,2469.5,24.3,Closed,SNS-014
TEL-001025,2026-05-11T07:17:11,SITE-007,Section C — Nakuru-Eldoret Extension,358.1,3845.4,39.8,Closed,SNS-005
TEL-004822,2026-07-18T14:39:43,SITE-001,Section F — Kisumu Terminal Link,393.3,3054.1,28.3,Closed,SNS-002
TEL-004464,2026-07-12T09:37:07,SITE-006,Section A — Mombasa-Nairobi Main,600.0,1925.4,24.1,Partially Open,SNS-006
TEL-001045,2026-05-11T18:19:26,SITE-005,Section A — Mombasa-Nairobi Main,449.6,2658.0,29.8,Open,SNS-005
TEL-001270,2026-05-15T20:04:08,SITE-004,Section B — Nairobi-Nakuru Spur,362.4,2131.5,23.7,Open,SNS-003
TEL-001562,2026-05-21T12:37:19,SITE-006,Section E — Makueni Branch,261.8,1639.4,15.0,Closed,SNS-003
TEL-003125,2026-06-17T13:17:15,SITE-005,Section F — Kisumu Terminal Link,392.1,2903.6,28.2,Closed,SNS-004
TEL-000761,2026-05-06T13:29:46,SITE-005,Section D — Sinendet Lateral,292.0,3295.7,30.7,Partially Open,SNS-003
TEL-001122,2026-05-13T03:32:01,Kisumu  Terminal,Section C — Nakuru-Eldoret Extension,555.2,2892.4,19.7,Open,SNS-004
TEL-003017,2026-06-15T16:35:54,SITE-004,Section E — Makueni Branch,379.5,1992.5,21.9,Closed,SNS-007
TEL-003061,2026-06-16T10:32:59,KSM Terminal,Section C — Nakuru-Eldoret Extension,480.2,3132.8,34.2,Partially Open,SNS-003
TEL-002662,2026-06-09T22:55:18,Eldoret term,Section C — Nakuru-Eldoret Extension,336.9,4297.7,26.4,Open,SNS-007
TEL-002876,2026-06-13T15:06:09,SITE-002,Section A — Mombasa-Nairobi Main,494.8,,23.5,Partially Open,SNS-005
TEL-004587,2026-07-14T12:58:56,SITE-007,Section A — Mombasa-Nairobi Main,434.5,2963.3,37.3,Open,SNS-006
TEL-002170,2026-06-01T00:54:07,SITE-005,Section D — Sinendet Lateral,421.1,4953.0,31.0,Closed,SNS-014
TEL-001221,2026-05-15T00:31:22,SITE-003,Section A — Mombasa-Nairobi Main,469.4,2224.9,32.2,Closed,SNS-005
TEL-001636,2026-05-22T16:23:47,SITE-004,Section A — Mombasa-Nairobi Main,516.3,2776.3,36.7,Closed,SNS-014
TEL-000241,2026-04-27T05:03:56,SITE-004,Section E — Makueni Branch,315.2,3653.5,28.9,Open,SNS-004
TEL-001220,2026-05-14T22:54:30,SITE-001,Section D — Sinendet Lateral,412.7,3650.9,23.0,Closed,SNS-006
TEL-000571,2026-05-03T06:59:30,SITE-004,Section F — Kisumu Terminal Link,458.5,3002.1,17.8,Closed,SNS-001
TEL-002039,2026-05-29T18:20:37,SITE-002,Section B — Nairobi-Nakuru Spur,495.4,3672.1,28.6,Open,SNS-009
TEL-000014,2026-04-23T07:29:34,Makueni PS,Section E — Makueni Branch,300.3,2420.4,24.1,Open,SNS-010
TEL-001923,2026-05-27T07:22:28,SITE-006,Section F — Kisumu Terminal Link,399.3,3577.7,29.2,Partially Open,SNS-006
TEL-000983,2026-05-10T17:04:47,SITE-002,Section A — Mombasa-Nairobi Main,252.6,1822.6,37.5,Open,SNS-012
TEL-003580,2026-06-25T21:09:22,SITE-004,Section A — Mombasa-Nairobi Main,434.2,2700.6,28.0,Closed,SNS-005
TEL-002894,2026-06-13T22:35:13,Makueni PS,Section B — Nairobi-Nakuru Spur,391.1,3243.1,21.9,Partially Open,SNS-014
TEL-002846,2026-06-13T02:34:55,SITE-006,Section B — Nairobi-Nakuru Spur,360.8,3365.0,31.7,Closed,SNS-011
TEL-004862,2026-07-19T03:49:55,SITE-004,Section D — Sinendet Lateral,271.0,3026.5,34.1,Open,SNS-005
TEL-003303,2026-06-20T18:42:25,SITE-002,Section B — Nairobi-Nakuru Spur,303.7,2956.5,36.6,Open,SNS-014
TEL-001469,2026-05-19T22:22:27,SITE-001,Section F — Kisumu Terminal Link,508.4,2807.9,19.4,Open,SNS-012
TEL-002424,2026-06-05T16:12:33,SITE-003,Section D — Sinendet Lateral,306.7,2336.1,30.4,Open,SNS-004
TEL-000455,2026-05-01T03:36:34,SITE-006,Section B — Nairobi-Nakuru Spur,200.0,3625.0,24.8,Open,SNS-005
TEL-003251,2026-06-19T18:38:15,SITE-003,Section A — Mombasa-Nairobi Main,503.4,2705.8,30.2,Open,SNS-011
TEL-002632,2026-06-09T07:58:41,SITE-002,Section D — Sinendet Lateral,431.0,3926.1,32.1,Closed,SNS-004
TEL-004384,2026-07-10T18:38:08,SITE-001,Section D — Sinendet Lateral,400.4,2489.7,25.1,Open,SNS-013
TEL-004684,2026-07-16T05:07:10,SITE-002,Section B — Nairobi-Nakuru Spur,458.7,2208.5,18.2,Open,SNS-006
TEL-001151,2026-05-13T20:24:19,SITE-002,Section B — Nairobi-Nakuru Spur,381.9,2428.1,28.9,Closed,SNS-001
TEL-004043,2026-07-04T03:33:15,SITE-005,Section A — Mombasa-Nairobi Main,463.1,3313.2,22.2,Closed,SNS-014
TEL-003990,2026-07-03T09:04:33,SITE-002,Section B — Nairobi-Nakuru Spur,427.5,1991.4,24.0,Closed,SNS-013
TEL-004292,2026-07-08T21:23:36,SITE-001,Section A — Mombasa-Nairobi Main,361.1,3488.3,34.2,Partially Open,SNS-012
TEL-001120,2026-05-13T01:18:56,SITE-007,Section C — Nakuru-Eldoret Extension,302.0,3125.6,29.7,Partially Open,SNS-008
TEL-001453,2026-05-19T16:45:16,SITE-005,Section A — Mombasa-Nairobi Main,427.1,2919.4,38.0,Partially Open,SNS-013
TEL-002660,2026-06-09T21:06:52,SITE-007,Section C — Nakuru-Eldoret Extension,414.6,1912.1,29.6,Open,SNS-008
TEL-000973,2026-05-10T13:02:39,nakuru depot,Section B — Nairobi-Nakuru Spur,252.9,2735.9,29.2,Partially Open,SNS-005
TEL-001422,2026-05-19T01:57:56,SITE-005,Section B — Nairobi-Nakuru Spur,568.4,4074.8,35.1,Open,SNS-002
TEL-001928,2026-05-27T11:02:10,SITE-004,Section B — Nairobi-Nakuru Spur,281.3,3579.0,26.3,Partially Open,SNS-013
TEL-004516,2026-07-13T09:06:41,SITE-001,Section E — Makueni Branch,346.6,2023.1,29.5,Open,SNS-009
TEL-004838,2026-07-18T20:27:21,SITE-004,Section E — Makueni Branch,340.0,2660.8,33.5,Open,SNS-006
TEL-002061,2026-05-30T02:08:35,SITE-005,Section D — Sinendet Lateral,283.7,2421.2,31.4,Partially Open,SNS-003
TEL-000023,2026-04-23T11:41:37,SINENDET,Section E — Makueni Branch,312.3,3603.4,21.9,Open,SNS-002
TEL-001989,2026-05-28T21:22:03,SITE-002,Section D — Sinendet Lateral,401.0,2206.3,32.3,Open,SNS-012
TEL-004653,2026-07-15T14:57:24,SITE-005,Section D — Sinendet Lateral,418.4,2934.5,33.0,Open,SNS-004
TEL-002785,2026-06-12T02:12:40,SITE-006,Section C — Nakuru-Eldoret Extension,362.1,2786.4,23.6,Open,SNS-007
TEL-000069,2026-04-24T08:27:23,SITE-006,Section F — Kisumu Terminal Link,370.2,3323.3,38.5,Partially Open,SNS-001
TEL-002419,2026-06-05T12:21:32,Kisumu  Terminal,Section C — Nakuru-Eldoret Extension,394.9,3908.2,28.7,Partially Open,SNS-002
TEL-001000,2026-05-10T22:21:19,SITE-005,Section C — Nakuru-Eldoret Extension,409.2,2555.9,33.6,Open,SNS-003
TEL-001791,2026-05-25T03:21:24,SITE-002,Section C — Nakuru-Eldoret Extension,307.9,3455.4,36.8,Closed,SNS-002
TEL-004438,2026-07-11T18:11:59,SITE-001,Section D — Sinendet Lateral,393.6,3545.2,24.6,Partially Open,SNS-010
TEL-002615,2026-06-09T03:52:10,SITE-002,Section F — Kisumu Terminal Link,339.4,2357.7,15.0,Partially Open,SNS-005
TEL-004211,2026-07-07T10:15:17,SITE-001,Section B — Nairobi-Nakuru Spur,369.8,2450.5,34.3,Open,SNS-005
TEL-000789,2026-05-07T06:00:10,SITE-006,Section C — Nakuru-Eldoret Extension,336.5,3557.4,38.9,Open,SNS-009
TEL-000418,2026-04-30T10:20:59,SITE-002,Section F — Kisumu Terminal Link,375.0,3703.0,40.8,Closed,SNS-014
TEL-002364,2026-06-04T14:15:33,SITE-007,Section E — Makueni Branch,416.9,3209.0,28.8,Partially Open,SNS-010
TEL-004198,2026-07-07T05:14:15,SITE-007,Section E — Makueni Branch,321.7,3188.5,32.2,Closed,SNS-003
TEL-002815,2026-06-12T15:06:13,SITE-007,Section D — Sinendet Lateral,396.9,3190.8,24.5,Partially Open,SNS-013
TEL-003724,2026-06-28T16:26:27,SITE-003,Section E — Makueni Branch,299.2,3634.2,30.4,Closed,SNS-008
TEL-001844,2026-05-25T22:09:56,SITE-002,Section B — Nairobi-Nakuru Spur,396.4,2549.9,31.7,Open,SNS-003
TEL-004853,2026-07-19T00:54:43,SITE-006,Section C — Nakuru-Eldoret Extension,358.7,3806.1,27.9,Open,SNS-005
TEL-004975,2026-07-21T14:32:46,SITE-007,Section D — Sinendet Lateral,355.6,3302.7,25.9,Open,SNS-008
TEL-004471,2026-07-12T11:14:03,SITE-005,Section B — Nairobi-Nakuru Spur,343.2,1195.7,27.7,Closed,SNS-006
TEL-001622,2026-05-22T12:24:39,SITE-007,Section B — Nairobi-Nakuru Spur,420.8,3864.0,28.5,Closed,SNS-014
TEL-004916,2026-07-20T05:34:57,SITE-006,Section D — Sinendet Lateral,295.0,3879.2,31.7,Partially Open,SNS-013
TEL-003791,2026-06-29T22:35:40,SITE-002,Section C — Nakuru-Eldoret Extension,246.3,3461.7,29.7,Open,SNS-001
TEL-000655,2026-05-04T20:56:56,SITE-001,Section F — Kisumu Terminal Link,308.0,3583.4,30.6,Open,SNS-007
TEL-002851,2026-06-13T07:19:29,SITE-005,Section A — Mombasa-Nairobi Main,213.1,2584.9,29.9,Open,SNS-003
TEL-004434,2026-07-11T16:04:22,SITE-002,Section E — Makueni Branch,351.7,3440.7,28.0,Open,SNS-004
TEL-001284,2026-05-16T04:44:38,SITE-006,Section F — Kisumu Terminal Link,460.2,4451.7,28.6,Closed,SNS-005
TEL-004363,2026-07-10T09:43:17,KISUMU,Section E — Makueni Branch,366.7,2625.7,34.2,Partially Open,SNS-009
TEL-000276,2026-04-27T20:54:11,SITE-003,Section E — Makueni Branch,402.3,3329.0,29.8,Partially Open,SNS-014
TEL-002162,2026-05-31T20:20:53,SITE-005,Section A — Mombasa-Nairobi Main,496.7,4161.2,27.4,Closed,SNS-005
TEL-002966,2026-06-14T23:08:39,SITE-006,Section C — Nakuru-Eldoret Extension,458.5,2504.1,35.9,Partially Open,SNS-002
TEL-000077,2026-04-24T10:58:48,SITE-004,Section F — Kisumu Terminal Link,409.8,1334.2,35.5,Open,SNS-012
TEL-001745,2026-05-24T12:44:04,SITE-005,Section D — Sinendet Lateral,293.0,3115.1,29.8,Partially Open,SNS-004
TEL-004694,2026-07-16T09:05:29,SITE-003,Section D — Sinendet Lateral,465.4,2966.5,26.6,Closed,SNS-005
TEL-000840,2026-05-07T22:01:03,SITE-007,Section D — Sinendet Lateral,416.3,2160.0,39.5,Closed,SNS-007
TEL-004783,2026-07-17T22:13:32,SITE-006,Section D — Sinendet Lateral,350.5,3721.4,23.5,Partially Open,SNS-010
TEL-003758,2026-06-29T08:05:41,SITE-005,Section E — Makueni Branch,487.3,3481.9,37.9,Closed,SNS-002
TEL-003988,2026-07-03T07:51:16,SITE-002,Section B — Nairobi-Nakuru Spur,383.8,3449.3,27.4,Partially Open,SNS-012
TEL-001077,2026-05-12T06:46:08,SITE-004,Section F — Kisumu Terminal Link,380.8,2729.1,29.3,Partially Open,SNS-012
TEL-002436,2026-06-05T20:02:59,SITE-005,Section D — Sinendet Lateral,393.2,2380.7,28.2,Open,SNS-007
TEL-003701,2026-06-28T07:46:08,SITE-007,Section D — Sinendet Lateral,255.0,3386.5,25.1,Partially Open,SNS-012
TEL-000827,2026-05-07T18:17:24,SITE-002,Section F — Kisumu Terminal Link,383.6,3018.5,30.0,Open,SNS-003
TEL-001602,2026-05-22T02:13:33,SITE-006,Section E — Makueni Branch,400.8,3054.4,34.6,Closed,SNS-003
TEL-004407,2026-07-11T04:35:14,SITE-005,Section C — Nakuru-Eldoret Extension,484.7,3842.0,38.0,Closed,SNS-005
TEL-001059,2026-05-11T23:59:59,SITE-001,Section B — Nairobi-Nakuru Spur,325.8,3174.6,34.3,Closed,SNS-001
TEL-002670,2026-06-10T01:32:56,Mombasa term,Section A — Mombasa-Nairobi Main,322.5,2003.2,26.9,Open,SNS-005
TEL-000670,2026-05-05T00:57:39,SITE-006,Section F — Kisumu Terminal Link,392.6,4880.0,38.4,Closed,SNS-002
TEL-003731,2026-06-28T19:55:39,SITE-007,Section D — Sinendet Lateral,365.2,2657.5,17.1,Closed,SNS-011
TEL-000993,2026-05-10T19:38:31,SITE-007,Section C — Nakuru-Eldoret Extension,558.7,3245.8,24.9,Open,SNS-009
TEL-001724,2026-05-24T02:20:56,SITE-002,Section D — Sinendet Lateral,476.0,2547.2,38.3,Open,SNS-003
TEL-003482,2026-06-24T06:22:41,SITE-006,Section C — Nakuru-Eldoret Extension,438.6,2549.0,30.6,Open,SNS-006
TEL-001019,2026-05-11T04:26:48,SITE-002,Section C — Nakuru-Eldoret Extension,419.9,1525.8,43.4,Open,SNS-004
TEL-000573,2026-05-03T08:32:53,SITE-004,Section B — Nairobi-Nakuru Spur,432.2,3122.3,29.1,Open,SNS-009
TEL-002701,2026-06-10T13:41:32,SITE-002,Section C — Nakuru-Eldoret Extension,,3761.8,36.4,Open,SNS-011
TEL-002335,2026-06-04T01:21:46,SITE-006,Section F — Kisumu Terminal Link,488.1,2812.2,35.8,Open,SNS-011
TEL-000756,2026-05-06T12:35:01,SITE-002,Section A — Mombasa-Nairobi Main,431.7,4067.7,28.2,Closed,SNS-014
TEL-003366,2026-06-22T01:09:33,SITE-006,Section C — Nakuru-Eldoret Extension,485.1,2911.3,34.6,Closed,SNS-012
TEL-004210,2026-07-07T09:12:46,SITE-006,Section C — Nakuru-Eldoret Extension,577.1,1938.1,20.9,Open,SNS-006
TEL-002818,2026-06-12T15:41:23,SITE-004,Section F — Kisumu Terminal Link,298.1,1907.5,35.7,Open,SNS-004
TEL-000755,2026-05-06T11:09:44,SITE-005,Section A — Mombasa-Nairobi Main,200.0,2817.1,45.0,Partially Open,SNS-001
TEL-000928,2026-05-09T14:52:15,SITE-005,Section B — Nairobi-Nakuru Spur,463.7,3838.6,35.6,Closed,SNS-002
TEL-000181,2026-04-26T07:57:17,SITE-003,Section E — Makueni Branch,406.3,2976.8,45.0,Partially Open,SNS-002
TEL-004904,2026-07-20T02:13:36,SITE-006,Section F — Kisumu Terminal Link,382.2,3262.5,29.3,Partially Open,SNS-007
TEL-000750,2026-05-06T08:58:30,SITE-002,Section C — Nakuru-Eldoret Extension,331.7,2542.1,31.4,Open,SNS-006
TEL-004152,2026-07-06T05:52:59,SITE-005,Section C — Nakuru-Eldoret Extension,397.0,2568.2,23.5,Closed,SNS-008
TEL-004008,2026-07-03T15:31:08,SITE-006,Section F — Kisumu Terminal Link,313.7,2430.9,31.7,Closed,SNS-008
TEL-000054,2026-04-24T01:35:14,SITE-005,Section F — Kisumu Terminal Link,413.5,3044.6,22.2,Open,SNS-009
TEL-000731,2026-05-06T00:55:58,SITE-003,Section F — Kisumu Terminal Link,236.0,1000.0,32.8,Closed,SNS-001
TEL-001693,2026-05-23T14:12:42,SITE-004,Section B — Nairobi-Nakuru Spur,413.3,3789.2,38.7,Partially Open,SNS-008
TEL-003185,2026-06-18T11:44:55,SITE-002,Section D — Sinendet Lateral,519.6,3421.4,36.1,Open,SNS-007
TEL-004506,2026-07-13T01:43:13,SITE-004,Section C — Nakuru-Eldoret Extension,425.4,3591.4,22.9,Partially Open,SNS-009
TEL-002659,2026-06-09T20:42:41,SITE-001,Section C — Nakuru-Eldoret Extension,338.7,1767.4,35.1,Closed,SNS-001
TEL-002904,2026-06-14T01:49:57,SITE-002,Section A — Mombasa-Nairobi Main,429.4,2352.3,35.1,Open,SNS-005
TEL-000190,2026-04-26T11:34:09,SITE-003,Section E — Makueni Branch,333.7,2886.0,21.0,Partially Open,SNS-011
TEL-004855,2026-07-19T01:16:22,SITE-003,Section F — Kisumu Terminal Link,485.6,2116.1,30.6,Closed,SNS-010
TEL-004632,2026-07-15T05:05:34,Kisumu  Terminal,Section E — Makueni Branch,430.5,2707.9,26.6,Open,SNS-004
TEL-001392,2026-05-18T07:35:30,Kisumu term,Section C — Nakuru-Eldoret Extension,363.3,4532.1,28.1,Open,SNS-012
TEL-001683,2026-05-23T09:49:39,SITE-003,Section D — Sinendet Lateral,356.7,2065.9,27.4,Open,SNS-013
TEL-004978,2026-07-21T15:02:34,Eldoret term,Section B — Nairobi-Nakuru Spur,305.9,3327.9,23.8,Open,SNS-008
TEL-001493,2026-05-20T08:14:54,Kisumu  Terminal,Section C — Nakuru-Eldoret Extension,357.4,2894.8,24.6,Partially Open,SNS-001
TEL-004563,2026-07-14T06:30:34,SITE-001,Section C — Nakuru-Eldoret Extension,238.7,2342.3,25.8,Closed,SNS-010
TEL-004730,2026-07-16T23:59:59,SITE-004,Section C — Nakuru-Eldoret Extension,442.8,2197.5,31.0,Closed,SNS-007
TEL-001645,2026-05-22T19:04:23,SITE-001,Section B — Nairobi-Nakuru Spur,514.3,2807.2,30.0,Open,SNS-004
TEL-003005,2026-06-15T13:42:37,SITE-007,Section E — Makueni Branch,249.4,2334.0,30.7,Open,SNS-012
TEL-001020,2026-05-11T04:42:55,SITE-002,Section F — Kisumu Terminal Link,416.1,2054.3,25.6,Closed,SNS-008
TEL-004348,2026-07-10T03:40:28,SITE-007,Section D — Sinendet Lateral,425.0,2206.0,29.0,Open,SNS-008
TEL-000211,2026-04-26T19:09:26,SITE-004,Section D — Sinendet Lateral,1000,3474.0,15.0,Open,SNS-002
TEL-004552,2026-07-14T02:41:40,KISUMU,Section B — Nairobi-Nakuru Spur,518.6,4762.9,33.5,Closed,SNS-001
TEL-001576,2026-05-21T17:28:57,SITE-006,Section F — Kisumu Terminal Link,495.9,3446.1,39.9,Closed,SNS-007
TEL-002190,2026-06-01T14:18:34,KSM Terminal,Section F — Kisumu Terminal Link,450.6,3400.6,23.9,Open,SNS-005
TEL-002555,2026-06-07T21:35:38,SITE-005,Section F — Kisumu Terminal Link,339.3,1633.1,22.8,Open,SNS-010
TEL-003071,2026-06-16T13:19:17,SITE-006,Section F — Kisumu Terminal Link,345.2,2227.1,20.1,Open,SNS-005
TEL-003208,2026-06-18T18:50:53,SITE-003,Section F — Kisumu Terminal Link,352.5,3806.8,29.9,Open,SNS-011
TEL-004739,2026-07-17T04:16:25,SITE-001,Section C — Nakuru-Eldoret Extension,487.6,2887.8,37.1,Partially Open,SNS-007
TEL-004205,2026-07-07T06:42:09,ELDORET,Section D — Sinendet Lateral,393.0,3264.3,27.9,Closed,SNS-007
TEL-000676,2026-05-05T03:12:45,SITE-004,Section A — Mombasa-Nairobi Main,412.4,2807.8,33.1,Closed,SNS-007
TEL-000592,2026-05-03T16:17:27,SITE-002,Section F — Kisumu Terminal Link,378.9,2852.8,27.9,Closed,SNS-012
TEL-002514,2026-06-07T02:54:30,SITE-005,Section D — Sinendet Lateral,281.0,2000.8,26.3,Open,SNS-003
TEL-000266,2026-04-27T17:33:40,SITE-005,Section A — Mombasa-Nairobi Main,343.5,2481.9,35.4,Open,SNS-012
TEL-000387,2026-04-29T20:02:40,SITE-006,Section C — Nakuru-Eldoret Extension,471.3,1980.1,32.3,Open,SNS-005
TEL-002437,2026-06-05T20:04:54,SITE-007,Section F — Kisumu Terminal Link,525.4,1931.1,36.5,Closed,SNS-006
TEL-004371,2026-07-10T13:29:23,SITE-006,Section C — Nakuru-Eldoret Extension,408.7,2277.5,34.0,Partially Open,SNS-013
TEL-002730,2026-06-11T01:17:34,SITE-001,Section F — Kisumu Terminal Link,353.7,2240.6,24.9,Open,SNS-002
TEL-001643,2026-05-22T18:13:17,SITE-003,Section F — Kisumu Terminal Link,381.3,2322.5,27.7,Partially Open,SNS-012
TEL-003416,2026-06-22T22:40:10,SITE-003,Section F — Kisumu Terminal Link,700,2694.2,42.6,Closed,SNS-011
TEL-000493,2026-05-01T19:31:37,SITE-001,Section B — Nairobi-Nakuru Spur,345.3,4354.0,25.2,Open,SNS-014
TEL-000519,2026-05-02T07:11:59,SITE-003,Section B — Nairobi-Nakuru Spur,286.0,2851.5,21.2,Open,SNS-007
TEL-002270,2026-06-03T02:14:45,SITE-003,Section F — Kisumu Terminal Link,307.8,3732.7,32.1,Closed,SNS-011
TEL-004178,2026-07-06T18:37:08,SITE-007,Section B — Nairobi-Nakuru Spur,417.5,2648.8,23.7,Open,SNS-002
TEL-003220,2026-06-18T23:07:09,SITE-007,Section C — Nakuru-Eldoret Extension,425.4,2079.0,40.9,Open,SNS-012
TEL-003317,2026-06-21T01:53:26,SITE-007,Section F — Kisumu Terminal Link,436.4,,24.0,Partially Open,SNS-013
TEL-001764,2026-05-24T18:56:10,SITE-005,Section D — Sinendet Lateral,376.5,2155.7,33.9,Open,SNS-010
TEL-002229,2026-06-02T08:27:24,SITE-002,Section C — Nakuru-Eldoret Extension,387.1,3075.4,26.6,Closed,SNS-006
TEL-002292,2026-06-03T11:25:44,SITE-001,Section A — Mombasa-Nairobi Main,700,2127.2,35.5,Open,SNS-004
TEL-002488,2026-06-06T18:34:03,SITE-006,Section D — Sinendet Lateral,351.7,1945.0,15.7,Closed,SNS-011
TEL-004025,2026-07-03T19:29:12,SITE-003,Section F — Kisumu Terminal Link,413.0,5000.0,31.7,Open,SNS-009
TEL-000555,2026-05-02T23:45:29,SITE-002,Section A — Mombasa-Nairobi Main,481.1,2389.6,29.0,Closed,SNS-005
TEL-000880,2026-05-08T16:15:17,SITE-005,Section C — Nakuru-Eldoret Extension,491.7,3046.9,35.1,Open,SNS-006
TEL-004175,2026-07-06T15:07:01,SITE-007,Section D — Sinendet Lateral,288.5,2695.9,20.9,Closed,SNS-001
TEL-003915,2026-07-02T02:41:48,SITE-002,Section E — Makueni Branch,312.2,2505.4,32.7,Open,SNS-008
TEL-003412,2026-06-22T21:40:17,SITE-004,Section A — Mombasa-Nairobi Main,454.2,2220.2,30.1,Open,SNS-006
TEL-002668,2026-06-10T01:14:40,SITE-001,Section A — Mombasa-Nairobi Main,328.0,4335.7,29.0,Open,SNS-004
TEL-000502,2026-05-02T01:50:39,SITE-006,Section F — Kisumu Terminal Link,277.1,2855.5,26.5,Partially Open,SNS-014
TEL-001408,2026-05-18T17:52:17,SITE-001,Section C — Nakuru-Eldoret Extension,421.7,3595.4,26.5,Closed,SNS-014
TEL-004582,2026-07-14T10:21:17,SITE-007,Section C — Nakuru-Eldoret Extension,409.0,3665.3,38.7,Partially Open,SNS-013
TEL-000684,2026-05-05T05:10:26,SITE-002,Section C — Nakuru-Eldoret Extension,510.4,2558.3,31.6,Open,SNS-010
TEL-000985,2026-05-10T18:00:14,SITE-006,Section F — Kisumu Terminal Link,484.0,2576.6,33.4,Open,SNS-001
TEL-003870,2026-07-01T07:23:54,SITE-004,Section F — Kisumu Terminal Link,417.8,2688.2,26.3,Partially Open,SNS-002
TEL-000855,2026-05-08T03:44:28,SITE-002,Section A — Mombasa-Nairobi Main,399.1,4030.9,32.2,Open,SNS-014
TEL-004470,2026-07-12T10:27:09,SITE-003,Section F — Kisumu Terminal Link,307.4,3432.5,27.4,Open,SNS-009
TEL-002154,2026-05-31T14:17:02,SITE-002,Section D — Sinendet Lateral,385.6,3767.3,25.8,Open,SNS-009
TEL-002063,2026-05-30T02:24:50,SITE-003,Section F — Kisumu Terminal Link,455.4,2725.2,32.7,Open,SNS-008
TEL-002885,2026-06-13T18:59:47,SITE-003,Section D — Sinendet Lateral,405.7,2611.7,34.9,Open,SNS-006
TEL-000633,2026-05-04T11:13:49,SITE-006,Section A — Mombasa-Nairobi Main,539.7,1924.8,27.3,Closed,SNS-014
TEL-003839,2026-06-30T16:28:57,SITE-001,Section E — Makueni Branch,362.7,2410.9,24.6,Closed,SNS-005
TEL-000402,2026-04-30T01:14:45,SITE-005,Section F — Kisumu Terminal Link,398.5,2926.4,34.6,Open,SNS-001
TEL-003429,2026-06-23T03:51:56,SITE-007,Section D — Sinendet Lateral,422.1,5000.0,37.5,Closed,SNS-011
TEL-003617,2026-06-26T17:31:56,SITE-007,Section A — Mombasa-Nairobi Main,392.1,,36.1,Open,SNS-005
TEL-003135,2026-06-17T16:58:02,SITE-004,Section D — Sinendet Lateral,259.4,2363.3,34.2,Open,SNS-009
TEL-000875,2026-05-08T14:48:07,Kisumu term,Section E — Makueni Branch,451.7,2794.1,33.2,Open,SNS-010
TEL-000186,2026-04-26T10:40:11,SITE-006,Section B — Nairobi-Nakuru Spur,369.5,3987.6,18.8,Closed,SNS-011
TEL-000887,2026-05-08T18:01:16,SITE-007,Section F — Kisumu Terminal Link,346.1,4217.0,23.0,Closed,SNS-011
TEL-001495,2026-05-20T09:04:03,SITE-004,Section F — Kisumu Terminal Link,396.2,2861.2,28.0,Open,SNS-011
TEL-003531,2026-06-24T23:12:47,MSA Terminal,Section F — Kisumu Terminal Link,260.5,3514.7,32.2,Open,SNS-014
TEL-002466,2026-06-06T08:20:18,SITE-006,Section A — Mombasa-Nairobi Main,346.0,3132.7,31.4,Partially Open,SNS-014
TEL-004473,2026-07-12T11:47:35,MOMBASA,Section C — Nakuru-Eldoret Extension,224.6,2389.3,30.5,Closed,SNS-007
TEL-004642,2026-07-15T08:47:47,SITE-003,Section B — Nairobi-Nakuru Spur,413.0,3641.1,27.1,Partially Open,SNS-010
TEL-004103,2026-07-05T07:29:34,SITE-002,Section D — Sinendet Lateral,280.2,3810.5,23.7,Partially Open,SNS-014
TEL-003902,2026-07-01T19:30:43,SITE-005,Section A — Mombasa-Nairobi Main,327.3,3015.6,41.8,Open,SNS-004
TEL-003661,2026-06-27T13:30:39,SITE-006,Section F — Kisumu Terminal Link,440.4,2369.2,31.2,Open,SNS-012
TEL-002965,2026-06-14T23:05:22,MOMBASA,Section C — Nakuru-Eldoret Extension,282.7,2807.2,31.2,Open,SNS-013
TEL-004024,2026-07-03T19:05:53,SITE-007,Section A — Mombasa-Nairobi Main,503.5,4031.2,21.1,Open,SNS-003
TEL-000055,2026-04-24T02:07:41,SITE-007,Section E — Makueni Branch,357.9,4395.9,36.3,Open,SNS-009
TEL-003419,2026-06-22T23:06:53,SITE-001,Section A — Mombasa-Nairobi Main,289.2,3308.1,31.6,Open,SNS-004
TEL-003378,2026-06-22T06:43:48,mombasa terminal,Section B — Nairobi-Nakuru Spur,354.8,2986.5,34.0,Open,SNS-010
TEL-004006,2026-07-03T14:15:22,SITE-001,Section D — Sinendet Lateral,431.7,4313.8,15.0,Open,SNS-009
TEL-001225,2026-05-15T01:54:41,SITE-001,Section B — Nairobi-Nakuru Spur,533.0,2798.8,30.9,Open,SNS-003
TEL-002582,2026-06-08T11:32:42,SITE-004,Section D — Sinendet Lateral,409.8,3585.6,33.7,Open,SNS-014
TEL-001920,2026-05-27T06:15:26,SITE-007,Section D — Sinendet Lateral,411.1,3446.9,22.0,Open,SNS-004
TEL-001660,2026-05-23T00:43:56,SITE-002,Section F — Kisumu Terminal Link,402.3,3139.8,17.1,Open,SNS-004
TEL-004070,2026-07-04T15:07:18,SITE-004,Section F — Kisumu Terminal Link,371.6,2908.7,23.2,Partially Open,SNS-004
TEL-003500,2026-06-24T14:02:16,SITE-006,Section D — Sinendet Lateral,393.1,,27.8,Open,SNS-006
TEL-002265,2026-06-02T23:37:33,KISUMU,Section E — Makueni Branch,478.3,1788.2,24.9,Closed,SNS-012
TEL-001567,2026-05-21T14:26:16,SITE-002,Section D — Sinendet Lateral,330.6,2897.8,25.1,Open,SNS-003
TEL-003899,2026-07-01T19:14:38,SITE-007,Section A — Mombasa-Nairobi Main,491.3,3322.9,22.6,Open,SNS-011
TEL-003305,2026-06-20T19:57:03,SITE-006,Section D — Sinendet Lateral,257.1,2963.7,26.7,Closed,SNS-003
TEL-001343,2026-05-17T04:36:32,SITE-007,Section D — Sinendet Lateral,453.8,2170.9,25.7,Closed,SNS-007
TEL-003633,2026-06-27T00:22:03,SITE-006,Section D — Sinendet Lateral,379.6,3842.3,22.4,Partially Open,SNS-006
TEL-000029,2026-04-23T13:26:08,SITE-006,Section D — Sinendet Lateral,349.5,2235.4,21.9,Open,SNS-013
TEL-004645,2026-07-15T09:58:32,SITE-007,Section F — Kisumu Terminal Link,375.6,4055.6,33.2,Open,SNS-012
TEL-002809,2026-06-12T13:19:55,SITE-004,Section F — Kisumu Terminal Link,380.8,2144.7,35.8,Open,SNS-005
TEL-002711,2026-06-10T17:44:36,SITE-007,Section C — Nakuru-Eldoret Extension,410.5,2988.5,34.9,Open,SNS-003
TEL-002148,2026-05-31T12:54:02,Kipevu terminal,Section C — Nakuru-Eldoret Extension,277.5,3982.0,25.0,Partially Open,SNS-007
TEL-004971,2026-07-21T12:20:36,SITE-004,Section D — Sinendet Lateral,490.8,2297.4,28.3,Open,SNS-001
TEL-001174,2026-05-14T06:07:49,SITE-004,Section C — Nakuru-Eldoret Extension,493.0,2269.4,16.2,Partially Open,SNS-010
TEL-003903,2026-07-01T19:37:23,Mombasa term,Section C — Nakuru-Eldoret Extension,402.6,3355.5,28.6,Closed,SNS-010
TEL-003952,2026-07-02T17:06:56,SITE-003,Section A — Mombasa-Nairobi Main,335.1,3838.0,39.6,Open,SNS-002
TEL-000238,2026-04-27T03:40:01,SITE-004,Section C — Nakuru-Eldoret Extension,200.0,3656.3,30.5,Open,SNS-003
TEL-001634,2026-05-22T16:06:52,SITE-003,Section E — Makueni Branch,575.9,3193.5,28.8,Closed,SNS-011
TEL-003133,2026-06-17T15:18:40,SITE-003,Section D — Sinendet Lateral,379.2,4010.4,24.4,Closed,SNS-013
TEL-004538,2026-07-13T20:44:49,SITE-006,Section B — Nairobi-Nakuru Spur,423.9,3601.3,30.3,Partially Open,SNS-011
TEL-000998,2026-05-10T20:46:41,SITE-005,Section D — Sinendet Lateral,353.1,2645.1,26.0,Closed,SNS-010
TEL-002884,2026-06-13T18:48:22,SITE-006,Section B — Nairobi-Nakuru Spur,562.6,3369.1,26.4,Open,SNS-012
TEL-004972,2026-07-21T12:37:22,SITE-007,Section B — Nairobi-Nakuru Spur,359.1,2691.7,40.9,Closed,SNS-005
TEL-002600,2026-06-08T18:48:07,SITE-002,Section B — Nairobi-Nakuru Spur,347.3,3747.6,28.3,Partially Open,SNS-011
TEL-002979,2026-06-15T03:21:58,SITE-005,Section E — Makueni Branch,434.2,2069.7,29.2,Partially Open,SNS-003
TEL-000858,2026-05-08T05:08:56,SITE-003,Section A — Mombasa-Nairobi Main,406.1,3718.5,35.4,Closed,SNS-007
TEL-001515,2026-05-20T19:40:08,Nakuru dep,Section D — Sinendet Lateral,423.6,2125.4,35.8,Open,SNS-007
TEL-004177,2026-07-06T17:44:45,SITE-007,Section A — Mombasa-Nairobi Main,,2774.1,24.8,Partially Open,SNS-003
TEL-001263,2026-05-15T16:01:58,SITE-001,Section A — Mombasa-Nairobi Main,452.0,2637.9,36.3,Open,SNS-001
TEL-003616,2026-06-26T16:31:15,SINENDET,Section D — Sinendet Lateral,323.8,2577.4,29.1,Open,SNS-003
TEL-004792,2026-07-18T02:58:46,SITE-005,Section C — Nakuru-Eldoret Extension,408.9,3881.9,32.6,Closed,SNS-010
TEL-000133,2026-04-25T11:43:54,SITE-007,Section A — Mombasa-Nairobi Main,409.3,2683.9,27.2,Open,SNS-007
TEL-003306,2026-06-20T20:36:08,SITE-002,Section E — Makueni Branch,410.6,3569.0,30.1,Open,SNS-006
TEL-000671,2026-05-05T01:02:13,SITE-003,Section E — Makueni Branch,562.8,1849.4,,Closed,SNS-011
TEL-004707,2026-07-16T13:56:29,SITE-001,Section E — Makueni Branch,479.8,3415.9,31.6,Open,SNS-010
TEL-002465,2026-06-06T07:45:45,SITE-004,Section E — Makueni Branch,365.2,3226.8,32.9,Closed,SNS-003
TEL-001526,2026-05-21T01:23:44,Kisumu  Terminal,Section A — Mombasa-Nairobi Main,272.0,4993.4,17.4,Closed,SNS-006
TEL-001099,2026-05-12T15:18:25,SITE-003,Section C — Nakuru-Eldoret Extension,414.6,2564.4,29.6,Partially Open,SNS-003
TEL-001084,2026-05-12T09:34:59,SITE-004,Section A — Mombasa-Nairobi Main,386.7,2674.9,37.0,Open,SNS-008
TEL-000113,2026-04-25T04:11:03,sinendet pump,Section B — Nairobi-Nakuru Spur,308.2,3282.8,29.6,Open,SNS-008
TEL-002259,2026-06-02T21:17:12,SITE-001,Section B — Nairobi-Nakuru Spur,389.5,1894.5,31.2,Open,SNS-010
TEL-003900,2026-07-01T19:21:34,SITE-006,Section A — Mombasa-Nairobi Main,387.2,2773.0,28.7,Partially Open,SNS-010
TEL-002764,2026-06-11T16:51:33,Mombasa term,Section B — Nairobi-Nakuru Spur,359.4,2814.2,44.1,Partially Open,SNS-008
TEL-000658,2026-05-04T21:16:27,SITE-007,Section F — Kisumu Terminal Link,485.1,3546.1,32.7,Closed,SNS-010
TEL-004738,2026-07-17T04:16:14,SITE-007,Section B — Nairobi-Nakuru Spur,324.9,3008.9,28.5,Open,SNS-013
TEL-001859,2026-05-26T02:56:18,SITE-003,Section D — Sinendet Lateral,423.1,2203.0,34.1,Partially Open,SNS-012
TEL-002093,2026-05-30T14:31:39,SITE-006,Section D — Sinendet Lateral,458.8,2391.4,26.8,Closed,SNS-012
TEL-004666,2026-07-15T22:23:31,SITE-006,Section D — Sinendet Lateral,485.8,2651.2,30.1,Closed,SNS-005
TEL-002405,2026-06-05T05:32:09,SITE-007,Section F — Kisumu Terminal Link,440.4,3699.7,25.5,Open,SNS-014
TEL-000398,2026-04-29T23:43:46,SITE-002,Section B — Nairobi-Nakuru Spur,285.5,2728.1,26.1,Closed,SNS-001
TEL-003474,2026-06-24T04:14:57,SITE-001,Section F — Kisumu Terminal Link,416.7,2887.4,30.9,Closed,SNS-014
TEL-000796,2026-05-07T07:51:44,SITE-005,Section C — Nakuru-Eldoret Extension,,3171.0,35.2,Partially Open,SNS-006
TEL-001193,2026-05-14T13:17:31,SITE-007,Section C — Nakuru-Eldoret Extension,340.9,3301.0,23.6,Open,SNS-010
TEL-002870,2026-06-13T13:44:35,SITE-006,Section F — Kisumu Terminal Link,501.6,2584.2,33.4,Open,SNS-013
TEL-001382,2026-05-18T01:34:54,nairobi terminal,Section F — Kisumu Terminal Link,453.9,1478.6,30.0,Closed,SNS-006
TEL-003750,2026-06-29T04:51:55,SITE-006,Section D — Sinendet Lateral,377.2,2193.2,32.9,Open,SNS-002
TEL-000322,2026-04-28T18:12:16,SITE-005,Section B — Nairobi-Nakuru Spur,,2366.8,28.9,Open,SNS-007
TEL-002057,2026-05-30T00:36:44,SITE-007,Section B — Nairobi-Nakuru Spur,493.0,2294.6,31.5,Closed,SNS-006
TEL-001848,2026-05-25T23:37:35,SITE-004,Section C — Nakuru-Eldoret Extension,437.6,2144.4,26.8,Open,SNS-011
TEL-003164,2026-06-18T04:34:34,SITE-006,Section F — Kisumu Terminal Link,227.5,3541.9,31.0,Partially Open,SNS-014
TEL-001727,2026-05-24T03:30:51,makueni pipeline,Section A — Mombasa-Nairobi Main,479.4,2552.8,31.4,Closed,SNS-012
TEL-003540,2026-06-25T01:48:31,SITE-004,Section B — Nairobi-Nakuru Spur,473.7,3208.6,32.7,Closed,SNS-003
TEL-004435,2026-07-11T16:24:30,SITE-006,Section B — Nairobi-Nakuru Spur,435.0,3387.5,26.3,Closed,SNS-014
TEL-004986,2026-07-21T17:40:38,SITE-001,Section A — Mombasa-Nairobi Main,229.3,2928.8,36.8,Closed,SNS-004
TEL-001129,2026-05-13T07:20:08,SITE-005,Section B — Nairobi-Nakuru Spur,363.3,3840.8,24.9,Open,SNS-007
TEL-003975,2026-07-03T01:02:26,SITE-001,Section F — Kisumu Terminal Link,351.8,2625.2,25.8,Open,SNS-008
TEL-002053,2026-05-29T23:07:51,SITE-007,Section B — Nairobi-Nakuru Spur,262.7,4261.9,27.6,Open,SNS-001
TEL-004141,2026-07-05T21:25:47,SITE-005,Section C — Nakuru-Eldoret Extension,490.3,4874.1,37.8,Open,SNS-006
TEL-000991,2026-05-10T19:31:54,SITE-005,Section F — Kisumu Terminal Link,341.2,3431.3,27.0,Closed,SNS-003
TEL-002359,2026-06-04T10:08:52,SITE-001,Section E — Makueni Branch,419.4,4379.8,33.9,Open,SNS-008
TEL-001786,2026-05-25T02:02:48,SITE-004,Section B — Nairobi-Nakuru Spur,550.1,3979.7,34.6,Open,SNS-005
TEL-002125,2026-05-31T03:37:45,SITE-004,Section B — Nairobi-Nakuru Spur,294.7,4250.2,28.0,Closed,SNS-010
TEL-000931,2026-05-09T16:12:39,SITE-005,Section F — Kisumu Terminal Link,383.0,3252.8,27.4,Partially Open,SNS-002
TEL-001705,2026-05-23T18:44:26,SITE-002,Section F — Kisumu Terminal Link,422.9,2747.5,28.6,Open,SNS-001
TEL-002386,2026-06-04T22:51:35,SITE-001,Section E — Makueni Branch,368.7,3959.6,19.5,Open,SNS-004
TEL-003336,2026-06-21T10:04:57,SITE-003,Section E — Makueni Branch,396.3,2481.7,36.2,Partially Open,SNS-014
TEL-002901,2026-06-14T01:01:01,SITE-004,Section D — Sinendet Lateral,357.2,2109.0,27.0,Open,SNS-006
TEL-000899,2026-05-08T22:58:44,Nakuru dep,Section A — Mombasa-Nairobi Main,475.2,2633.8,37.0,Open,SNS-010
TEL-004093,2026-07-05T00:11:00,MSA Terminal,Section F — Kisumu Terminal Link,277.8,1944.7,29.2,Open,SNS-006
TEL-004200,2026-07-07T05:29:08,SITE-003,Section B — Nairobi-Nakuru Spur,456.9,2541.5,23.8,Closed,SNS-003
TEL-003389,2026-06-22T10:41:37,SITE-001,Section C — Nakuru-Eldoret Extension,305.6,3144.8,32.5,Open,SNS-006
TEL-002097,2026-05-30T15:03:29,SITE-004,Section B — Nairobi-Nakuru Spur,508.7,2911.4,37.2,Open,SNS-014
TEL-004048,2026-07-04T06:52:53,SITE-005,Section D — Sinendet Lateral,413.0,2974.0,32.1,Partially Open,SNS-007
TEL-002393,2026-06-05T01:47:22,SITE-006,Section D — Sinendet Lateral,427.8,1426.0,27.9,Closed,SNS-013
TEL-004535,2026-07-13T18:05:57,NAIROBI,Section E — Makueni Branch,355.8,3973.1,26.0,Open,SNS-003
TEL-002011,2026-05-29T10:22:50,SITE-005,Section C — Nakuru-Eldoret Extension,427.1,2488.0,26.7,Partially Open,SNS-014
TEL-000356,2026-04-29T07:25:50,SITE-005,Section F — Kisumu Terminal Link,417.7,3936.4,30.0,Closed,SNS-003
TEL-002213,2026-06-02T02:25:40,SITE-005,Section D — Sinendet Lateral,389.8,1559.9,29.0,Open,SNS-003
TEL-003895,2026-07-01T18:19:26,Mombasa  Terminal,Section C — Nakuru-Eldoret Extension,469.6,3234.3,26.6,Partially Open,SNS-003
TEL-002267,2026-06-03T00:27:04,SITE-005,Section E — Makueni Branch,592.2,2107.2,31.1,Open,SNS-005
TEL-002277,2026-06-03T06:18:58,makueni section,Section D — Sinendet Lateral,520.0,3756.4,31.3,Partially Open,SNS-004
TEL-002676,2026-06-10T05:27:29,SITE-005,Section F — Kisumu Terminal Link,277.1,2112.2,45.0,Open,SNS-003
TEL-002004,2026-05-29T06:40:21,Nakuru dep,Section D — Sinendet Lateral,366.3,3193.0,28.2,Open,SNS-011
TEL-000144,2026-04-25T19:12:10,SITE-006,Section A — Mombasa-Nairobi Main,373.5,2034.9,31.4,Open,SNS-006
TEL-004232,2026-07-07T21:18:46,SITE-007,Section E — Makueni Branch,386.3,3318.4,34.9,Open,SNS-002
TEL-002923,2026-06-14T09:45:51,SITE-006,Section B — Nairobi-Nakuru Spur,433.7,2090.4,35.0,Open,SNS-014
TEL-001061,2026-05-12T00:45:06,SITE-001,Section E — Makueni Branch,382.8,2680.3,23.8,Partially Open,SNS-007
TEL-001613,2026-05-22T05:06:45,SITE-004,Section A — Mombasa-Nairobi Main,357.2,1789.5,30.3,Open,SNS-001
TEL-003761,2026-06-29T09:27:27,SITE-002,Section C — Nakuru-Eldoret Extension,404.7,3082.7,25.8,Open,SNS-010
TEL-001999,2026-05-29T00:21:54,SITE-001,Section C — Nakuru-Eldoret Extension,375.5,3151.2,31.0,Open,SNS-009
TEL-003502,2026-06-24T14:16:11,SITE-005,Section D — Sinendet Lateral,373.4,3580.4,30.8,Open,SNS-013
TEL-004865,2026-07-19T05:01:12,SITE-005,Section B — Nairobi-Nakuru Spur,394.7,2496.7,28.7,Open,SNS-006
TEL-001527,2026-05-21T01:58:45,SITE-004,Section F — Kisumu Terminal Link,410.5,4078.1,37.5,Closed,SNS-004
TEL-004680,2026-07-16T03:28:28,SITE-007,Section B — Nairobi-Nakuru Spur,522.4,2222.6,29.3,Closed,SNS-009
TEL-004273,2026-07-08T14:55:53,SITE-006,Section D — Sinendet Lateral,300.7,3060.3,41.2,Partially Open,SNS-001
TEL-002210,2026-06-02T00:13:19,SITE-002,Section C — Nakuru-Eldoret Extension,583.5,2861.7,29.0,Open,SNS-007
TEL-002077,2026-05-30T09:09:32,SITE-001,Section C — Nakuru-Eldoret Extension,459.8,2880.9,23.3,Closed,SNS-009
TEL-001535,2026-05-21T05:13:29,SITE-001,Section F — Kisumu Terminal Link,423.0,3239.6,26.2,Closed,SNS-013
TEL-002823,2026-06-12T16:59:45,SITE-001,Section F — Kisumu Terminal Link,341.7,3494.5,26.8,Closed,SNS-003
TEL-002891,2026-06-13T21:20:12,SITE-003,Section C — Nakuru-Eldoret Extension,369.2,4068.1,22.2,Open,SNS-003
TEL-000343,2026-04-29T04:30:59,SITE-001,Section D — Sinendet Lateral,468.3,3034.6,28.4,Open,SNS-007
TEL-003649,2026-06-27T08:02:45,SITE-004,Section C — Nakuru-Eldoret Extension,354.6,2702.9,36.7,Open,SNS-012
TEL-004167,2026-07-06T09:48:54,SITE-004,Section E — Makueni Branch,269.8,1709.3,25.8,Closed,SNS-006
TEL-001671,2026-05-23T06:01:09,SITE-002,Section D — Sinendet Lateral,390.1,1257.7,22.2,Closed,SNS-007
TEL-001976,2026-05-28T12:51:47,Sinendet PS,Section B — Nairobi-Nakuru Spur,413.6,3455.8,30.4,Open,SNS-013
TEL-001993,2026-05-28T22:16:52,SITE-001,Section E — Makueni Branch,401.0,3287.5,41.2,Partially Open,SNS-010
TEL-002951,2026-06-14T18:50:29,SITE-004,Section C — Nakuru-Eldoret Extension,323.0,2350.6,27.9,Open,SNS-005
TEL-004312,2026-07-09T10:40:25,SITE-004,Section F — Kisumu Terminal Link,337.4,2525.6,27.0,Closed,SNS-004
TEL-000500,2026-05-02T00:50:47,SITE-002,Section A — Mombasa-Nairobi Main,428.6,1000.0,35.1,Closed,SNS-004
TEL-002623,2026-06-09T05:46:56,SITE-006,Section C — Nakuru-Eldoret Extension,487.2,3636.8,27.7,Open,SNS-003
TEL-004613,2026-07-14T20:44:23,SITE-004,Section C — Nakuru-Eldoret Extension,331.7,3043.7,38.9,Partially Open,SNS-011
TEL-004500,2026-07-12T20:51:16,SITE-007,Section E — Makueni Branch,437.6,4512.2,21.1,Open,SNS-012
TEL-003301,2026-06-20T18:06:54,SITE-007,Section A — Mombasa-Nairobi Main,261.7,3394.8,43.4,Open,SNS-011
TEL-004943,2026-07-20T19:58:11,SITE-006,Section C — Nakuru-Eldoret Extension,568.8,2398.3,32.3,Partially Open,SNS-005
TEL-004041,2026-07-04T02:24:24,makueni pipeline,Section B — Nairobi-Nakuru Spur,380.4,3110.6,38.8,Partially Open,SNS-009
TEL-003092,2026-06-16T22:36:06,SITE-003,Section E — Makueni Branch,200.0,3464.3,20.6,Open,SNS-011
TEL-004115,2026-07-05T09:30:16,SITE-003,Section A — Mombasa-Nairobi Main,479.7,2083.4,25.1,Open,SNS-003
TEL-003081,2026-06-16T17:27:38,SITE-007,Section B — Nairobi-Nakuru Spur,559.7,3344.2,33.1,Closed,SNS-005
TEL-001235,2026-05-15T07:41:01,SITE-007,Section A — Mombasa-Nairobi Main,330.9,4451.9,36.6,Closed,SNS-014
TEL-004963,2026-07-21T06:17:22,SITE-004,Section F — Kisumu Terminal Link,200.0,2118.6,23.3,Open,SNS-011
TEL-004147,2026-07-06T02:34:41,SITE-003,Section B — Nairobi-Nakuru Spur,600.0,3660.1,19.8,Closed,SNS-006
TEL-003108,2026-06-17T05:06:39,SITE-004,Section E — Makueni Branch,364.1,3647.9,40.9,Open,SNS-005
TEL-002119,2026-05-30T23:07:55,SITE-002,Section B — Nairobi-Nakuru Spur,254.9,2762.9,36.7,Open,SNS-002
TEL-001017,2026-05-11T03:55:18,SITE-003,Section A — Mombasa-Nairobi Main,556.0,2768.4,30.9,Partially Open,SNS-010
TEL-002498,2026-06-06T21:32:36,SITE-006,Section E — Makueni Branch,346.1,,29.5,Partially Open,SNS-001
TEL-002066,2026-05-30T03:32:45,SITE-006,Section A — Mombasa-Nairobi Main,384.6,2445.6,31.4,Open,SNS-005
TEL-002713,2026-06-10T18:29:15,SITE-006,Section D — Sinendet Lateral,338.6,1618.0,25.5,Closed,SNS-009
TEL-002187,2026-06-01T12:31:18,SITE-004,Section B — Nairobi-Nakuru Spur,515.6,2063.9,29.3,Partially Open,SNS-009
TEL-003984,2026-07-03T05:12:05,SITE-001,Section D — Sinendet Lateral,261.1,3241.8,32.0,Closed,SNS-006
TEL-000699,2026-05-05T09:39:03,SITE-003,Section D — Sinendet Lateral,436.6,2862.1,31.4,Closed,SNS-006
TEL-003607,2026-06-26T14:10:52,SITE-005,Section A — Mombasa-Nairobi Main,364.7,2432.8,33.6,Open,SNS-008
TEL-000160,2026-04-26T02:17:37,Sinendet PS,Section F — Kisumu Terminal Link,358.4,3236.3,24.1,Open,SNS-010
TEL-000866,2026-05-08T09:54:17,SITE-005,Section C — Nakuru-Eldoret Extension,403.4,2793.5,34.9,Closed,SNS-011
TEL-000232,2026-04-27T01:52:51,NAIROBI,Section C — Nakuru-Eldoret Extension,452.8,2217.5,35.2,Open,SNS-008
TEL-003510,2026-06-24T15:53:01,eldoret terminal,Section A — Mombasa-Nairobi Main,417.5,3744.2,24.8,Open,SNS-002
TEL-003785,2026-06-29T18:44:40,SITE-004,Section C — Nakuru-Eldoret Extension,457.6,2683.9,19.3,Closed,SNS-001
TEL-002211,2026-06-02T01:38:35,kisumu terminal,Section D — Sinendet Lateral,382.5,3214.0,33.9,Open,SNS-008
TEL-003595,2026-06-26T04:31:16,SITE-001,Section B — Nairobi-Nakuru Spur,290.5,2344.9,26.1,Partially Open,SNS-014
TEL-004501,2026-07-12T20:58:14,SITE-005,Section B — Nairobi-Nakuru Spur,382.4,4178.8,40.4,Closed,SNS-004
TEL-004901,2026-07-20T01:34:12,SITE-001,Section E — Makueni Branch,506.7,3265.9,28.6,Open,SNS-003
TEL-000127,2026-04-25T09:07:51,NAIROBI,Section E — Makueni Branch,353.7,1767.0,26.2,Open,SNS-003
TEL-000770,2026-05-06T18:44:04,NRB Terminal,Section A — Mombasa-Nairobi Main,466.8,2939.8,38.8,Closed,SNS-011
TEL-002706,2026-06-10T15:50:47,Mombasa term,Section F — Kisumu Terminal Link,1150,2274.7,37.9,Partially Open,SNS-013
TEL-003176,2026-06-18T07:51:10,SITE-002,Section B — Nairobi-Nakuru Spur,220.1,2819.0,29.5,Closed,SNS-002
TEL-004074,2026-07-04T19:31:10,SITE-007,Section B — Nairobi-Nakuru Spur,441.3,1540.2,30.7,Open,SNS-010
TEL-002991,2026-06-15T06:54:18,NAKURU,Section E — Makueni Branch,398.7,2190.3,27.0,Closed,SNS-010
TEL-004910,2026-07-20T03:11:19,SITE-003,Section B — Nairobi-Nakuru Spur,342.9,3533.9,26.3,Open,SNS-008
TEL-003430,2026-06-23T03:59:38,MSA Terminal,Section B — Nairobi-Nakuru Spur,305.6,2504.0,20.5,Closed,SNS-014
TEL-003281,2026-06-20T07:50:07,SITE-007,Section B — Nairobi-Nakuru Spur,544.5,4036.5,27.1,Open,SNS-011
TEL-002130,2026-05-31T06:01:55,SITE-007,Section F — Kisumu Terminal Link,365.9,3598.6,38.1,Open,SNS-007
TEL-003974,2026-07-03T00:59:25,SITE-005,Section A — Mombasa-Nairobi Main,421.4,2888.9,16.9,Closed,SNS-006
TEL-000623,2026-05-04T07:40:21,SITE-004,Section D — Sinendet Lateral,459.4,3551.5,29.6,Open,SNS-013
TEL-000192,2026-04-26T12:20:30,SITE-003,Section D — Sinendet Lateral,304.0,2317.2,33.3,Closed,SNS-013
TEL-004094,2026-07-05T00:49:34,SITE-003,Section D — Sinendet Lateral,514.2,2260.8,32.8,Partially Open,SNS-004
TEL-003409,2026-06-22T17:48:42,SITE-001,Section C — Nakuru-Eldoret Extension,342.2,4803.1,35.2,Open,SNS-002
TEL-001898,2026-05-26T21:41:57,SITE-007,Section B — Nairobi-Nakuru Spur,392.2,2986.9,32.7,Open,SNS-014
TEL-003225,2026-06-19T02:11:00,SITE-004,Section B — Nairobi-Nakuru Spur,499.4,1394.1,30.3,Open,SNS-001
TEL-000460,2026-05-01T05:11:04,SITE-005,Section F — Kisumu Terminal Link,505.1,2072.6,27.7,Open,SNS-004
TEL-004032,2026-07-03T22:55:09,SITE-002,Section A — Mombasa-Nairobi Main,422.3,2460.9,27.4,Open,SNS-008
TEL-003216,2026-06-18T21:25:15,SITE-005,Section E — Makueni Branch,300.3,2398.6,24.9,Open,SNS-012
TEL-000131,2026-04-25T11:30:41,SITE-004,Section C — Nakuru-Eldoret Extension,266.5,3873.9,32.3,Closed,SNS-009
TEL-001925,2026-05-27T08:39:33,SITE-005,Section E — Makueni Branch,310.2,1862.4,22.7,Open,SNS-009
TEL-004271,2026-07-08T14:35:14,SITE-002,Section E — Makueni Branch,450.7,3604.8,38.7,Open,SNS-002
TEL-004065,2026-07-04T14:24:39,SITE-001,Section C — Nakuru-Eldoret Extension,401.4,2996.7,26.2,Open,SNS-012
TEL-000810,2026-05-07T13:27:27,SITE-001,Section E — Makueni Branch,361.6,3182.7,23.4,Partially Open,SNS-001
TEL-000046,2026-04-23T21:30:14,SITE-002,Section F — Kisumu Terminal Link,350.2,2640.8,16.3,Open,SNS-008
TEL-004731,2026-07-17T01:23:39,mombasa terminal,Section B — Nairobi-Nakuru Spur,569.9,2496.3,32.4,Closed,SNS-001
TEL-004034,2026-07-03T23:15:58,SITE-003,Section D — Sinendet Lateral,379.7,3105.6,25.0,Closed,SNS-009
TEL-003492,2026-06-24T11:37:12,SITE-001,Section A — Mombasa-Nairobi Main,402.4,3807.1,35.1,Closed,SNS-007
TEL-000185,2026-04-26T09:45:28,KSM Terminal,Section B — Nairobi-Nakuru Spur,534.3,3421.8,29.9,Open,SNS-010
TEL-000326,2026-04-28T19:40:41,SITE-006,Section F — Kisumu Terminal Link,416.8,3210.0,33.1,Open,SNS-011
TEL-001561,2026-05-21T12:17:45,SITE-007,Section A — Mombasa-Nairobi Main,246.8,1708.5,30.9,Closed,SNS-013
TEL-001521,2026-05-20T22:04:07,SITE-005,Section D — Sinendet Lateral,296.4,1436.0,37.3,Closed,SNS-002
TEL-003117,2026-06-17T10:23:44,SITE-006,Section B — Nairobi-Nakuru Spur,375.0,4621.3,26.9,Partially Open,SNS-013
TEL-002869,2026-06-13T13:09:14,Sinendet PS,Section B — Nairobi-Nakuru Spur,358.8,4020.6,35.4,Closed,SNS-003
TEL-001566,2026-05-21T14:23:24,SITE-007,Section D — Sinendet Lateral,273.7,2527.9,40.6,Partially Open,SNS-002
TEL-000526,2026-05-02T08:38:45,SITE-005,Section F — Kisumu Terminal Link,296.5,3190.6,25.8,Closed,SNS-002
TEL-003289,2026-06-20T13:20:03,SITE-005,Section B — Nairobi-Nakuru Spur,351.0,4026.8,39.6,Open,SNS-012
TEL-002219,2026-06-02T05:01:38,SITE-002,Section E — Makueni Branch,584.7,2566.0,34.0,Partially Open,SNS-010
TEL-004983,2026-07-21T17:07:24,SITE-001,Section A — Mombasa-Nairobi Main,495.3,3887.8,30.8,Open,SNS-005
TEL-000616,2026-05-04T03:37:00,SITE-007,Section F — Kisumu Terminal Link,453.3,3596.1,23.8,Closed,SNS-002
TEL-004655,2026-07-15T16:42:45,SITE-002,Section B — Nairobi-Nakuru Spur,476.0,2530.0,24.0,Partially Open,SNS-010
TEL-004776,2026-07-17T18:17:20,SITE-003,Section F — Kisumu Terminal Link,392.1,2417.9,29.3,Open,SNS-013
TEL-001329,2026-05-16T20:12:45,eldoret terminal,Section A — Mombasa-Nairobi Main,353.6,2086.1,40.4,Open,SNS-012
TEL-000721,2026-05-05T21:12:58,SITE-006,Section C — Nakuru-Eldoret Extension,600.0,1976.6,35.7,Closed,SNS-006
TEL-004836,2026-07-18T19:23:05,SITE-004,Section D — Sinendet Lateral,380.4,3621.1,25.8,Open,SNS-014
TEL-004839,2026-07-18T20:30:24,SITE-006,Section A — Mombasa-Nairobi Main,428.3,2474.7,27.6,Closed,SNS-009
TEL-002161,2026-05-31T19:20:31,NAIROBI,Section F — Kisumu Terminal Link,446.7,3374.8,27.0,Closed,SNS-007
TEL-001955,2026-05-28T01:46:37,SITE-007,Section B — Nairobi-Nakuru Spur,432.4,3034.2,26.8,Open,SNS-010
TEL-004852,2026-07-19T00:22:06,SITE-007,Section D — Sinendet Lateral,387.1,3406.4,23.8,Closed,SNS-014
TEL-002775,2026-06-11T22:10:03,SITE-007,Section A — Mombasa-Nairobi Main,388.4,1623.7,26.5,Closed,SNS-006
TEL-002233,2026-06-02T09:05:48,SITE-004,Section B — Nairobi-Nakuru Spur,392.2,4172.1,31.0,Partially Open,SNS-005
TEL-003458,2026-06-23T19:37:59,SITE-001,Section C — Nakuru-Eldoret Extension,383.7,3828.8,33.6,Open,SNS-012
TEL-003205,2026-06-18T18:19:05,SITE-002,Section B — Nairobi-Nakuru Spur,444.0,4201.1,32.9,Closed,SNS-013
TEL-000137,2026-04-25T13:26:03,SITE-004,Section D — Sinendet Lateral,487.6,2524.1,19.0,Open,SNS-002
TEL-001341,2026-05-17T03:55:18,SITE-005,Section C — Nakuru-Eldoret Extension,312.4,3028.8,42.9,Partially Open,SNS-014
TEL-001950,2026-05-27T23:05:49,SITE-003,Section E — Makueni Branch,435.8,4582.2,32.4,Closed,SNS-005
TEL-002218,2026-06-02T04:11:40,SITE-002,Section B — Nairobi-Nakuru Spur,461.4,2500.5,26.9,Open,SNS-006
TEL-004155,2026-07-06T07:24:21,SITE-007,Section B — Nairobi-Nakuru Spur,308.7,3778.9,32.1,Open,SNS-014
TEL-000702,2026-05-05T11:48:22,nairobi terminal,Section E — Makueni Branch,397.2,2446.3,41.8,Closed,SNS-004
TEL-001570,2026-05-21T15:01:14,MAKUENI,Section A — Mombasa-Nairobi Main,284.0,3210.5,36.1,Open,SNS-012
TEL-003068,2026-06-16T12:50:39,SITE-004,Section A — Mombasa-Nairobi Main,464.1,4205.4,21.8,Closed,SNS-008
TEL-001368,2026-05-17T17:16:16,SITE-004,Section C — Nakuru-Eldoret Extension,445.6,2399.9,35.0,Open,SNS-007
TEL-002030,2026-05-29T15:48:42,SITE-001,Section A — Mombasa-Nairobi Main,600.0,2593.2,27.8,Open,SNS-005
TEL-004897,2026-07-20T00:19:22,SITE-004,Section A — Mombasa-Nairobi Main,360.3,1510.0,24.0,Partially Open,SNS-013
TEL-003507,2026-06-24T15:32:10,SITE-004,Section F — Kisumu Terminal Link,565.3,2817.9,26.3,Closed,SNS-013
TEL-003989,2026-07-03T08:08:07,SITE-004,Section F — Kisumu Terminal Link,568.2,2348.1,29.4,Open,SNS-008
TEL-001807,2026-05-25T08:21:07,SITE-004,Section F — Kisumu Terminal Link,366.7,3094.4,18.8,Open,SNS-008
TEL-003004,2026-06-15T11:32:33,Kisumu  Terminal,Section B — Nairobi-Nakuru Spur,353.6,4262.5,20.8,Closed,SNS-010
TEL-001180,2026-05-14T07:36:23,SITE-003,Section C — Nakuru-Eldoret Extension,443.5,3476.4,27.7,Open,SNS-013
TEL-003740,2026-06-29T01:10:33,SITE-006,Section F — Kisumu Terminal Link,350.2,3743.8,22.2,Closed,SNS-013
TEL-001384,2026-05-18T01:59:14,SITE-001,Section F — Kisumu Terminal Link,374.2,2935.8,27.1,Open,SNS-006
TEL-004888,2026-07-19T18:02:20,SITE-001,Section D — Sinendet Lateral,348.9,4028.8,25.1,Closed,SNS-002
TEL-000692,2026-05-05T06:13:31,Eldoret term,Section A — Mombasa-Nairobi Main,438.8,2807.8,30.5,Open,SNS-010
TEL-004357,2026-07-10T06:15:50,Nairobi term,Section C — Nakuru-Eldoret Extension,459.1,4017.4,33.0,Open,SNS-005
TEL-000350,2026-04-29T05:45:59,SITE-006,Section A — Mombasa-Nairobi Main,364.9,3985.5,24.6,Closed,SNS-014
TEL-004474,2026-07-12T11:53:39,SITE-003,Section C — Nakuru-Eldoret Extension,372.9,2637.5,25.8,Closed,SNS-001
TEL-004060,2026-07-04T13:54:37,SITE-005,Section E — Makueni Branch,346.6,4729.4,41.5,Open,SNS-013
TEL-002852,2026-06-13T07:22:33,SITE-004,Section C — Nakuru-Eldoret Extension,583.8,3878.0,39.6,Closed,SNS-005
TEL-001150,2026-05-13T20:11:01,SITE-006,Section F — Kisumu Terminal Link,411.9,1000.0,27.4,Open,SNS-010
TEL-004059,2026-07-04T13:10:00,SITE-002,Section C — Nakuru-Eldoret Extension,408.2,2712.2,37.2,Closed,SNS-006
TEL-000132,2026-04-25T11:43:44,SITE-006,Section B — Nairobi-Nakuru Spur,424.5,1982.5,32.1,Partially Open,SNS-010
TEL-003576,2026-06-25T16:18:06,SITE-007,Section A — Mombasa-Nairobi Main,355.9,3366.5,25.0,Open,SNS-004
TEL-003369,2026-06-22T02:28:11,SITE-006,Section B — Nairobi-Nakuru Spur,312.2,2917.8,19.4,Partially Open,SNS-001
TEL-001246,2026-05-15T10:09:16,SITE-004,Section F — Kisumu Terminal Link,334.8,4500.7,26.1,Partially Open,SNS-007
TEL-002633,2026-06-09T08:52:58,Nairobi term,Section E — Makueni Branch,376.2,2222.0,24.3,Open,SNS-013
TEL-003284,2026-06-20T09:36:38,SITE-004,Section F — Kisumu Terminal Link,379.5,3271.4,38.1,Closed,SNS-006
TEL-004344,2026-07-10T02:11:43,SITE-002,Section B — Nairobi-Nakuru Spur,435.9,1717.3,25.4,Open,SNS-001
TEL-003824,2026-06-30T11:59:02,KSM Terminal,Section E — Makueni Branch,261.3,3673.6,34.6,Open,SNS-008
TEL-000219,2026-04-26T22:52:46,Sinendet PS,Section B — Nairobi-Nakuru Spur,478.4,3007.0,34.3,Open,SNS-006
TEL-000733,2026-05-06T01:12:21,SITE-005,Section B — Nairobi-Nakuru Spur,485.0,3011.2,33.1,Open,SNS-005
TEL-001607,2026-05-22T03:25:52,SITE-005,Section D — Sinendet Lateral,428.9,3447.9,23.8,Open,SNS-003
TEL-000118,2026-04-25T05:36:45,NAIROBI,Section B — Nairobi-Nakuru Spur,445.2,2199.1,32.8,Open,SNS-006
TEL-004016,2026-07-03T17:04:05,SINENDET,Section E — Makueni Branch,325.0,2683.6,36.6,Partially Open,SNS-012
TEL-000319,2026-04-28T17:31:02,SITE-001,Section A — Mombasa-Nairobi Main,466.4,2612.1,25.7,Open,SNS-001
TEL-000074,2026-04-24T10:16:39,kisumu terminal,Section F — Kisumu Terminal Link,418.8,2416.7,36.1,Open,SNS-005
TEL-004871,2026-07-19T07:32:05,SITE-002,Section F — Kisumu Terminal Link,409.5,2581.2,27.6,Open,SNS-008
TEL-004135,2026-07-05T18:11:10,SITE-002,Section B — Nairobi-Nakuru Spur,313.1,2929.3,32.4,Partially Open,SNS-008
TEL-000279,2026-04-27T21:54:55,SITE-001,Section A — Mombasa-Nairobi Main,315.1,4912.9,21.5,Open,SNS-004
TEL-004756,2026-07-17T09:20:08,SITE-005,Section F — Kisumu Terminal Link,373.3,2649.0,27.6,Open,SNS-009
TEL-001956,2026-05-28T02:14:41,SITE-004,Section C — Nakuru-Eldoret Extension,333.8,2451.9,32.1,Partially Open,SNS-005
TEL-003625,2026-06-26T20:02:07,Sinendet PS,Section F — Kisumu Terminal Link,353.5,3319.9,34.2,Open,SNS-010
TEL-004894,2026-07-19T22:21:32,SITE-004,Section F — Kisumu Terminal Link,398.6,2715.7,29.5,Closed,SNS-014
TEL-003421,2026-06-23T00:12:07,SITE-005,Section C — Nakuru-Eldoret Extension,395.0,3564.1,30.6,Partially Open,SNS-005
TEL-003632,2026-06-27T00:17:43,SITE-004,Section E — Makueni Branch,275.2,4060.3,25.6,Closed,SNS-012
TEL-001444,2026-05-19T14:45:30,SITE-005,Section B — Nairobi-Nakuru Spur,482.7,3007.4,45.0,Open,SNS-014
TEL-001340,2026-05-17T03:15:23,SITE-003,Section A — Mombasa-Nairobi Main,358.8,4373.2,27.2,Closed,SNS-004
TEL-003242,2026-06-19T11:07:34,SITE-006,Section B — Nairobi-Nakuru Spur,483.0,3196.3,35.0,Open,SNS-011
TEL-004831,2026-07-18T17:40:30,SITE-005,Section E — Makueni Branch,447.1,2350.1,32.4,Partially Open,SNS-007
TEL-002696,2026-06-10T12:14:37,SITE-007,Section B — Nairobi-Nakuru Spur,401.8,2930.3,,Partially Open,SNS-002
TEL-002150,2026-05-31T13:09:09,SITE-004,Section C — Nakuru-Eldoret Extension,473.9,4217.7,25.4,Closed,SNS-011
TEL-003992,2026-07-03T09:26:05,SITE-001,Section E — Makueni Branch,506.8,3228.7,,Closed,SNS-013
TEL-004602,2026-07-14T18:21:16,SITE-005,Section F — Kisumu Terminal Link,237.0,2870.3,26.8,Open,SNS-013
TEL-000396,2026-04-29T23:14:31,SITE-005,Section F — Kisumu Terminal Link,425.3,3077.1,32.2,Partially Open,SNS-013
TEL-003635,2026-06-27T01:09:24,SITE-003,Section C — Nakuru-Eldoret Extension,336.6,2026.8,37.5,Open,SNS-013
TEL-002740,2026-06-11T10:16:13,SITE-003,Section A — Mombasa-Nairobi Main,328.4,3955.3,23.0,Open,SNS-001
TEL-001262,2026-05-15T15:27:50,SITE-001,Section F — Kisumu Terminal Link,,3004.7,19.9,Open,SNS-014
TEL-003766,2026-06-29T10:43:17,SITE-007,Section A — Mombasa-Nairobi Main,409.2,1860.1,31.6,Open,SNS-004
TEL-001580,2026-05-21T18:05:35,SITE-004,Section D — Sinendet Lateral,353.3,3295.8,23.0,Open,SNS-010
TEL-001719,2026-05-24T00:09:31,Thange section,Section D — Sinendet Lateral,600.0,2332.6,28.2,Open,SNS-006
TEL-003615,2026-06-26T15:34:23,SITE-002,Section E — Makueni Branch,342.9,1787.7,39.8,Closed,SNS-004
TEL-002880,2026-06-13T18:23:56,SITE-003,Section A — Mombasa-Nairobi Main,334.1,3401.4,35.2,Open,SNS-014
TEL-004920,2026-07-20T07:40:42,NAKURU,Section C — Nakuru-Eldoret Extension,511.7,2232.8,34.2,Closed,SNS-008
TEL-001522,2026-05-20T22:54:40,SITE-002,Section E — Makueni Branch,359.9,3144.5,21.3,Open,SNS-003
TEL-002816,2026-06-12T15:09:15,SITE-001,Section B — Nairobi-Nakuru Spur,296.8,1831.4,31.0,Open,SNS-012
TEL-001921,2026-05-27T06:17:31,Nairobi term,Section C — Nakuru-Eldoret Extension,459.0,2515.9,35.6,Open,SNS-004
TEL-002147,2026-05-31T12:41:57,SITE-001,Section D — Sinendet Lateral,466.4,4393.9,30.4,Open,SNS-014
TEL-000076,2026-04-24T10:29:54,SITE-005,Section C — Nakuru-Eldoret Extension,381.5,3678.4,21.1,Open,SNS-001
TEL-000868,2026-05-08T11:41:46,SITE-006,Section D — Sinendet Lateral,481.5,2474.8,18.9,Closed,SNS-011
TEL-004345,2026-07-10T02:15:42,SITE-001,Section D — Sinendet Lateral,395.1,2744.0,22.2,Open,SNS-011
TEL-004014,2026-07-03T16:20:37,SITE-003,Section C — Nakuru-Eldoret Extension,401.9,3424.7,,Open,SNS-006
TEL-001274,2026-05-16T00:03:55,SITE-002,Section F — Kisumu Terminal Link,396.4,3915.7,21.3,Closed,SNS-003
TEL-002479,2026-06-06T14:28:31,SITE-006,Section C — Nakuru-Eldoret Extension,273.4,3222.2,33.3,Partially Open,SNS-005
TEL-003509,2026-06-24T15:34:34,SITE-005,Section A — Mombasa-Nairobi Main,450.0,1949.9,39.0,Open,SNS-004
TEL-004995,2026-07-21T21:34:10,SITE-004,Section A — Mombasa-Nairobi Main,333.4,3004.5,18.4,Partially Open,SNS-012
TEL-004895,2026-07-19T23:03:49,SITE-002,Section E — Makueni Branch,349.9,2668.0,29.1,Open,SNS-005
TEL-001057,2026-05-11T22:23:10,SITE-002,Section D — Sinendet Lateral,408.5,2743.8,32.5,Closed,SNS-013
TEL-001307,2026-05-16T13:10:19,SITE-007,Section C — Nakuru-Eldoret Extension,316.5,4083.6,30.5,Open,SNS-003
TEL-001893,2026-05-26T18:04:32,SITE-002,Section B — Nairobi-Nakuru Spur,483.3,4302.1,23.6,Open,SNS-005
TEL-002239,2026-06-02T12:08:36,SITE-006,Section B — Nairobi-Nakuru Spur,252.9,2602.7,32.4,Open,SNS-005
TEL-002243,2026-06-02T12:49:25,SITE-001,Section A — Mombasa-Nairobi Main,381.3,3585.5,36.3,Closed,SNS-004
TEL-000459,2026-05-01T05:04:03,SITE-004,Section F — Kisumu Terminal Link,461.7,2495.0,27.8,Closed,SNS-003
TEL-002731,2026-06-11T01:49:54,SITE-004,Section F — Kisumu Terminal Link,246.6,3560.1,25.0,Closed,SNS-006
TEL-004498,2026-07-12T20:10:12,SITE-003,Section B — Nairobi-Nakuru Spur,319.7,2780.2,30.1,Partially Open,SNS-011
TEL-002330,2026-06-04T00:41:30,SITE-007,Section C — Nakuru-Eldoret Extension,341.9,1931.3,22.1,Open,SNS-010
TEL-002201,2026-06-01T20:11:11,SITE-004,Section B — Nairobi-Nakuru Spur,419.7,3639.5,24.9,Closed,SNS-007
TEL-001276,2026-05-16T00:34:13,SITE-002,Section D — Sinendet Lateral,535.3,3653.4,30.6,Open,SNS-012
TEL-000608,2026-05-03T23:30:23,SITE-006,Section C — Nakuru-Eldoret Extension,301.5,3792.4,30.2,Open,SNS-013
TEL-001525,2026-05-21T01:17:42,SITE-006,Section D — Sinendet Lateral,393.8,2568.5,38.0,Open,SNS-007
TEL-003672,2026-06-27T19:48:32,SITE-007,Section D — Sinendet Lateral,445.8,1446.6,34.5,Closed,SNS-013
TEL-004386,2026-07-10T20:09:34,SITE-004,Section C — Nakuru-Eldoret Extension,497.5,2139.5,20.2,Closed,SNS-007
TEL-002416,2026-06-05T11:00:38,SITE-005,Section F — Kisumu Terminal Link,363.8,2319.3,18.2,Open,SNS-010
TEL-003031,2026-06-15T21:57:27,SITE-006,Section F — Kisumu Terminal Link,308.3,3824.4,28.8,Open,SNS-011
TEL-004751,2026-07-17T07:57:18,SITE-005,Section A — Mombasa-Nairobi Main,340.8,3685.3,32.7,Closed,SNS-008
TEL-002106,2026-05-30T17:44:30,SITE-002,Section B — Nairobi-Nakuru Spur,577.0,2311.5,17.0,Closed,SNS-004
TEL-000695,2026-05-05T07:51:16,SITE-006,Section F — Kisumu Terminal Link,509.5,3502.0,24.0,Partially Open,SNS-013
TEL-000128,2026-04-25T10:05:29,Mombasa  Terminal,Section F — Kisumu Terminal Link,399.6,1960.7,27.9,Open,SNS-013
TEL-000602,2026-05-03T21:05:09,SITE-004,Section F — Kisumu Terminal Link,407.1,2840.8,25.4,Closed,SNS-014
TEL-002515,2026-06-07T03:06:13,SITE-007,Section F — Kisumu Terminal Link,316.2,2905.6,28.3,Open,SNS-011
TEL-001286,2026-05-16T05:03:40,SITE-007,Section F — Kisumu Terminal Link,436.5,3194.5,34.4,Partially Open,SNS-004
TEL-002560,2026-06-08T00:55:50,SITE-003,Section D — Sinendet Lateral,460.8,1701.6,27.6,Partially Open,SNS-001
TEL-004082,2026-07-04T22:00:50,SITE-005,Section E — Makueni Branch,476.2,3151.8,22.7,Partially Open,SNS-003
TEL-004140,2026-07-05T21:16:08,SITE-002,Section D — Sinendet Lateral,386.4,1990.7,,Partially Open,SNS-009
TEL-004325,2026-07-09T15:39:42,SITE-007,Section D — Sinendet Lateral,362.5,2045.3,26.8,Open,SNS-011
TEL-001548,2026-05-21T09:32:12,SITE-006,Section F — Kisumu Terminal Link,444.5,3531.0,20.6,Open,SNS-007
TEL-001685,2026-05-23T10:57:40,SITE-001,Section C — Nakuru-Eldoret Extension,302.9,3644.0,39.7,Open,SNS-005
TEL-001736,2026-05-24T06:11:46,SITE-005,Section C — Nakuru-Eldoret Extension,472.3,2898.3,31.1,Open,SNS-008
TEL-004206,2026-07-07T06:52:55,Kibwezi,Section C — Nakuru-Eldoret Extension,423.5,,26.2,Open,SNS-010
TEL-001851,2026-05-26T00:51:56,SITE-006,Section D — Sinendet Lateral,415.5,3372.3,29.9,Partially Open,SNS-013
TEL-000945,2026-05-09T21:28:11,sinendet pump,Section D — Sinendet Lateral,426.0,2834.1,34.0,Closed,SNS-002
TEL-000041,2026-04-23T20:32:09,SITE-004,Section E — Makueni Branch,367.7,2997.4,30.8,Closed,SNS-012
TEL-000344,2026-04-29T04:51:55,SITE-003,Section C — Nakuru-Eldoret Extension,281.9,2668.3,25.4,Open,SNS-008
TEL-001075,2026-05-12T05:38:56,SITE-006,Section B — Nairobi-Nakuru Spur,428.2,3470.0,40.4,Open,SNS-005
TEL-001991,2026-05-28T22:07:55,Sinendet PS,Section B — Nairobi-Nakuru Spur,344.6,4243.9,15.0,Closed,SNS-001
TEL-000579,2026-05-03T10:21:14,SITE-007,Section E — Makueni Branch,412.8,3054.1,22.5,Open,SNS-010
TEL-001763,2026-05-24T18:45:00,Makueni PS,Section D — Sinendet Lateral,398.8,2193.1,15.0,Open,SNS-005
TEL-001503,2026-05-20T14:10:15,SITE-003,Section B — Nairobi-Nakuru Spur,318.2,3521.7,23.5,Open,SNS-008
TEL-004554,2026-07-14T03:49:50,SITE-005,Section F — Kisumu Terminal Link,414.0,3150.7,27.4,Open,SNS-013
TEL-001386,2026-05-18T04:30:17,SITE-007,Section C — Nakuru-Eldoret Extension,324.1,3716.7,43.2,Closed,SNS-002
TEL-004604,2026-07-14T18:28:25,SITE-002,Section B — Nairobi-Nakuru Spur,378.1,3028.1,28.4,Closed,SNS-005
TEL-004392,2026-07-10T22:18:59,SITE-006,Section E — Makueni Branch,489.1,2414.3,35.6,Open,SNS-014
TEL-001584,2026-05-21T19:32:36,SITE-002,Section C — Nakuru-Eldoret Extension,405.4,4048.3,39.7,Open,SNS-013
TEL-001449,2026-05-19T15:12:43,SITE-003,Section A — Mombasa-Nairobi Main,429.9,2365.0,37.9,Closed,SNS-014
TEL-000603,2026-05-03T21:11:18,ELDORET,Section D — Sinendet Lateral,302.8,3017.4,33.4,Closed,SNS-003
TEL-000772,2026-05-06T20:28:39,SITE-005,Section A — Mombasa-Nairobi Main,307.3,3149.7,37.2,Partially Open,SNS-010
TEL-000229,2026-04-27T01:28:11,SITE-003,Section E — Makueni Branch,238.7,3611.9,18.1,Closed,SNS-011
TEL-004511,2026-07-13T06:30:55,SITE-007,Section D — Sinendet Lateral,381.7,3359.9,39.3,Partially Open,SNS-008
TEL-004649,2026-07-15T13:30:35,SITE-001,Section A — Mombasa-Nairobi Main,304.6,2440.3,23.3,Open,SNS-014
TEL-003093,2026-06-16T22:37:02,makueni pipeline,Section D — Sinendet Lateral,448.6,1262.1,27.8,Open,SNS-007
TEL-002541,2026-06-07T15:41:04,NRB Terminal,Section B — Nairobi-Nakuru Spur,243.7,3491.8,21.9,Partially Open,SNS-002
TEL-003926,2026-07-02T05:42:22,SITE-003,Section B — Nairobi-Nakuru Spur,518.0,3277.1,30.9,Open,SNS-012
TEL-003501,2026-06-24T14:14:16,SITE-007,Section E — Makueni Branch,406.4,2007.4,29.7,Closed,SNS-003
TEL-002316,2026-06-03T20:17:11,SITE-005,Section F — Kisumu Terminal Link,440.4,2606.4,28.3,Closed,SNS-006
TEL-004812,2026-07-18T11:29:11,SITE-007,Section D — Sinendet Lateral,456.0,2583.1,27.5,Open,SNS-009
TEL-002157,2026-05-31T18:43:42,SITE-004,Section C — Nakuru-Eldoret Extension,348.2,3183.4,32.2,Open,SNS-011
TEL-000720,2026-05-05T20:48:19,SITE-001,Section E — Makueni Branch,338.0,2792.1,28.7,Open,SNS-006
TEL-002019,2026-05-29T12:40:30,SITE-005,Section B — Nairobi-Nakuru Spur,500.9,3795.9,26.3,Open,SNS-003
TEL-002819,2026-06-12T16:34:26,SITE-001,Section F — Kisumu Terminal Link,359.8,4171.8,29.3,Open,SNS-001
TEL-001252,2026-05-15T12:10:19,SITE-006,Section A — Mombasa-Nairobi Main,413.3,1788.0,27.2,Closed,SNS-001
TEL-003331,2026-06-21T08:57:23,SITE-007,Section B — Nairobi-Nakuru Spur,243.3,4262.5,33.2,Open,SNS-002
TEL-001069,2026-05-12T03:57:34,SITE-007,Section B — Nairobi-Nakuru Spur,378.0,3093.0,28.4,Open,SNS-001
TEL-002443,2026-06-05T23:37:54,Nakuru  Depot,Section C — Nakuru-Eldoret Extension,477.9,2104.7,28.6,Partially Open,SNS-010
TEL-004934,2026-07-20T13:53:36,SITE-003,Section C — Nakuru-Eldoret Extension,267.8,3492.0,36.7,Closed,SNS-004
TEL-001696,2026-05-23T15:14:15,KISUMU,Section E — Makueni Branch,347.7,2469.3,32.9,Closed,SNS-006
TEL-002040,2026-05-29T18:33:20,SITE-007,Section A — Mombasa-Nairobi Main,438.3,,36.6,Open,SNS-004
TEL-000722,2026-05-05T21:33:07,SITE-005,Section A — Mombasa-Nairobi Main,486.6,2167.2,27.7,Open,SNS-009
TEL-000690,2026-05-05T05:42:55,SITE-003,Section D — Sinendet Lateral,441.5,2287.9,26.4,Open,SNS-004
TEL-001005,2026-05-11T01:30:11,SITE-002,Section F — Kisumu Terminal Link,575.3,3345.8,32.2,Partially Open,SNS-013
TEL-002091,2026-05-30T14:01:36,SITE-001,Section B — Nairobi-Nakuru Spur,316.4,4928.2,29.8,Open,SNS-013
TEL-001060,2026-05-12T00:39:07,SITE-001,Section C — Nakuru-Eldoret Extension,424.5,3687.2,21.2,Partially Open,SNS-002
TEL-001529,2026-05-21T02:55:21,SITE-007,Section A — Mombasa-Nairobi Main,382.0,3101.9,22.3,Open,SNS-007
TEL-000047,2026-04-23T21:42:44,SITE-007,Section E — Makueni Branch,278.5,3960.8,25.8,Partially Open,SNS-006
TEL-003385,2026-06-22T10:05:29,SITE-007,Section C — Nakuru-Eldoret Extension,411.2,2965.3,18.5,Open,SNS-006
TEL-000316,2026-04-28T17:05:37,SITE-002,Section D — Sinendet Lateral,477.8,2450.1,35.5,Open,SNS-006
TEL-000092,2026-04-24T16:29:06,SITE-005,Section E — Makueni Branch,388.4,3611.3,30.8,Open,SNS-006
TEL-003134,2026-06-17T15:35:43,SITE-004,Section D — Sinendet Lateral,400.7,1996.2,34.8,Open,SNS-002
TEL-002752,2026-06-11T13:55:49,sinendet pump station,Section F — Kisumu Terminal Link,404.2,2174.4,37.8,Closed,SNS-010
TEL-002167,2026-05-31T22:57:44,SITE-007,Section B — Nairobi-Nakuru Spur,349.3,2458.0,33.6,Partially Open,SNS-004
TEL-001802,2026-05-25T07:31:42,SITE-003,Section A — Mombasa-Nairobi Main,313.2,1940.7,43.5,Open,SNS-007
TEL-002770,2026-06-11T19:00:01,SITE-003,Section F — Kisumu Terminal Link,327.7,2401.5,29.3,Open,SNS-008
TEL-003599,2026-06-26T08:13:40,SITE-005,Section A — Mombasa-Nairobi Main,,2019.3,26.0,Closed,SNS-013
TEL-002545,2026-06-07T17:18:05,SITE-001,Section A — Mombasa-Nairobi Main,533.4,2942.9,25.2,Open,SNS-013
TEL-001026,2026-05-11T07:38:15,eldoret terminal,Section F — Kisumu Terminal Link,473.2,2371.7,24.1,Closed,SNS-001
TEL-001974,2026-05-28T12:25:01,SITE-002,Section F — Kisumu Terminal Link,383.2,2289.9,31.5,Open,SNS-008
TEL-004063,2026-07-04T14:19:30,SITE-007,Section F — Kisumu Terminal Link,418.7,1780.2,32.8,Open,SNS-007
TEL-000842,2026-05-07T22:52:53,SITE-006,Section B — Nairobi-Nakuru Spur,208.8,1737.6,28.0,Closed,SNS-011
TEL-004246,2026-07-08T02:32:26,SITE-002,Section B — Nairobi-Nakuru Spur,396.6,3418.4,21.2,Open,SNS-004
TEL-004038,2026-07-04T01:51:55,SITE-006,Section B — Nairobi-Nakuru Spur,442.3,3841.1,,Open,SNS-009
TEL-003438,2026-06-23T08:44:12,SITE-002,Section E — Makueni Branch,522.4,2785.3,35.0,Open,SNS-003
TEL-003619,2026-06-26T17:57:01,SITE-001,Section E — Makueni Branch,454.9,1975.4,42.3,Open,SNS-002
TEL-004636,2026-07-15T06:38:55,SITE-002,Section C — Nakuru-Eldoret Extension,342.5,2242.5,25.1,Partially Open,SNS-013
TEL-003770,2026-06-29T13:08:25,SITE-007,Section B — Nairobi-Nakuru Spur,558.1,2125.3,31.8,Open,SNS-014
TEL-004758,2026-07-17T11:01:32,SITE-004,Section F — Kisumu Terminal Link,700,4685.3,35.4,Open,SNS-014
TEL-004710,2026-07-16T14:40:55,SITE-006,Section B — Nairobi-Nakuru Spur,456.2,3454.7,23.8,Open,SNS-011
TEL-004269,2026-07-08T14:12:51,SITE-004,Section A — Mombasa-Nairobi Main,408.3,4136.5,23.6,Partially Open,SNS-006
TEL-003299,2026-06-20T16:40:40,SITE-001,Section D — Sinendet Lateral,430.0,4031.4,23.9,Partially Open,SNS-008
TEL-003639,2026-06-27T02:39:52,KSM Terminal,Section C — Nakuru-Eldoret Extension,383.5,3403.8,26.2,Closed,SNS-001
TEL-000780,2026-05-07T02:22:01,SITE-003,Section D — Sinendet Lateral,565.1,3382.7,27.7,Open,SNS-012
TEL-003806,2026-06-30T05:45:38,SITE-007,Section E — Makueni Branch,295.2,3155.7,31.2,Open,SNS-008
TEL-000777,2026-05-06T22:20:03,SITE-004,Section B — Nairobi-Nakuru Spur,353.0,2568.7,30.7,Partially Open,SNS-012
TEL-003440,2026-06-23T10:47:22,SITE-003,Section E — Makueni Branch,497.0,2066.9,25.9,Closed,SNS-004
TEL-001337,2026-05-17T00:04:41,SITE-001,Section C — Nakuru-Eldoret Extension,458.3,2347.0,21.9,Open,SNS-008
TEL-004230,2026-07-07T19:29:08,SITE-002,Section F — Kisumu Terminal Link,334.5,2687.0,33.3,Closed,SNS-003
TEL-004590,2026-07-14T13:25:47,Eldoret  Terminal,Section F — Kisumu Terminal Link,487.8,4581.6,37.0,Open,SNS-013
TEL-004928,2026-07-20T10:47:44,SITE-003,Section C — Nakuru-Eldoret Extension,468.4,3493.7,28.2,Partially Open,SNS-013
TEL-001907,2026-05-26T23:30:27,SITE-003,Section A — Mombasa-Nairobi Main,385.9,2991.3,26.9,Open,SNS-009
TEL-002412,2026-06-05T08:41:07,SITE-007,Section B — Nairobi-Nakuru Spur,421.3,3381.8,33.9,Open,SNS-006
TEL-001667,2026-05-23T04:15:26,SITE-002,Section C — Nakuru-Eldoret Extension,350.0,4404.1,23.6,Partially Open,SNS-014
TEL-002275,2026-06-03T05:35:29,SITE-006,Section F — Kisumu Terminal Link,433.3,3002.2,28.0,Closed,SNS-014
TEL-004295,2026-07-08T23:56:47,SITE-001,Section C — Nakuru-Eldoret Extension,313.9,3557.6,35.4,Partially Open,SNS-010
TEL-001283,2026-05-16T04:02:30,SITE-002,Section B — Nairobi-Nakuru Spur,381.4,1460.9,25.7,Open,SNS-010
TEL-002460,2026-06-06T06:30:56,SITE-004,Section A — Mombasa-Nairobi Main,226.5,2918.4,23.4,Open,SNS-001
TEL-001029,2026-05-11T09:47:39,SITE-007,Section C — Nakuru-Eldoret Extension,443.5,4222.5,30.0,Partially Open,SNS-001
TEL-001400,2026-05-18T13:48:27,SITE-004,Section F — Kisumu Terminal Link,417.6,3751.6,32.3,Partially Open,SNS-002
TEL-004955,2026-07-21T02:08:55,SITE-002,Section E — Makueni Branch,392.4,3518.5,30.6,Open,SNS-007
TEL-000841,2026-05-07T22:52:08,SITE-002,Section C — Nakuru-Eldoret Extension,313.5,1910.3,30.7,Closed,SNS-013
TEL-001356,2026-05-17T11:46:23,SITE-007,Section C — Nakuru-Eldoret Extension,481.8,2653.9,28.7,Open,SNS-005
TEL-000288,2026-04-28T03:09:53,Kisumu  Terminal,Section D — Sinendet Lateral,506.1,2615.1,15.0,Open,SNS-013
TEL-001930,2026-05-27T11:50:15,SITE-001,Section E — Makueni Branch,387.1,3618.5,36.8,Open,SNS-006
TEL-000774,2026-05-06T20:42:41,SITE-003,Section E — Makueni Branch,367.3,3410.9,23.9,Closed,SNS-006
TEL-002165,2026-05-31T22:09:14,SITE-002,Section B — Nairobi-Nakuru Spur,431.0,2432.7,25.7,Closed,SNS-009
TEL-002881,2026-06-13T18:30:34,SITE-007,Section D — Sinendet Lateral,265.1,2124.5,35.2,Open,SNS-013
TEL-004935,2026-07-20T15:34:09,SITE-007,Section C — Nakuru-Eldoret Extension,487.9,3597.6,35.9,Open,SNS-008
TEL-001959,2026-05-28T02:48:57,SITE-007,Section A — Mombasa-Nairobi Main,485.4,3143.9,29.9,Closed,SNS-013
TEL-000813,2026-05-07T14:40:03,SITE-002,Section B — Nairobi-Nakuru Spur,382.2,3482.4,19.1,Open,SNS-007
TEL-004072,2026-07-04T18:53:30,SITE-002,Section F — Kisumu Terminal Link,488.1,3699.7,30.7,Open,SNS-001
TEL-003566,2026-06-25T12:21:41,SITE-007,Section A — Mombasa-Nairobi Main,497.1,2471.8,27.3,Open,SNS-003
TEL-004509,2026-07-13T02:55:46,SITE-004,Section C — Nakuru-Eldoret Extension,430.1,3414.3,27.0,Closed,SNS-006
TEL-003354,2026-06-21T20:04:06,SITE-004,Section E — Makueni Branch,272.1,2842.6,31.1,Open,SNS-003
TEL-002079,2026-05-30T09:42:56,sinendet pump,Section C — Nakuru-Eldoret Extension,418.9,2874.9,40.8,Open,SNS-008
TEL-004827,2026-07-18T16:17:05,SITE-005,Section D — Sinendet Lateral,547.4,4694.1,31.0,Open,SNS-001
TEL-004745,2026-07-17T05:30:07,SITE-001,Section F — Kisumu Terminal Link,410.5,5000.0,25.8,Open,SNS-004
TEL-004311,2026-07-09T10:22:15,SITE-003,Section E — Makueni Branch,349.1,3071.3,28.2,Closed,SNS-001
TEL-000535,2026-05-02T12:49:03,Eldoret term,Section F — Kisumu Terminal Link,,4210.6,36.0,Closed,SNS-014
TEL-002469,2026-06-06T09:22:42,SITE-003,Section A — Mombasa-Nairobi Main,421.6,3232.6,24.0,Closed,SNS-007
TEL-004944,2026-07-20T20:28:33,SITE-007,Section E — Makueni Branch,320.2,3493.0,35.8,Open,SNS-002
TEL-003866,2026-07-01T05:50:35,SITE-006,Section F — Kisumu Terminal Link,431.3,1283.8,25.2,Open,SNS-002
TEL-001694,2026-05-23T14:57:25,SITE-005,Section F — Kisumu Terminal Link,381.2,2688.7,25.2,Closed,SNS-003
TEL-001805,2026-05-25T08:10:24,SITE-004,Section F — Kisumu Terminal Link,483.1,3434.9,28.8,Open,SNS-005
TEL-000255,2026-04-27T11:06:56,Kisumu term,Section F — Kisumu Terminal Link,401.0,3663.4,22.3,Closed,SNS-009
TEL-000104,2026-04-24T21:24:45,SITE-002,Section F — Kisumu Terminal Link,405.8,1754.0,33.7,Open,SNS-013
TEL-003074,2026-06-16T14:56:14,SITE-006,Section F — Kisumu Terminal Link,364.8,3258.9,30.7,Partially Open,SNS-009
TEL-000482,2026-05-01T14:02:00,NAKURU,Section C — Nakuru-Eldoret Extension,399.8,2208.1,36.5,Open,SNS-006
TEL-000058,2026-04-24T03:45:10,SITE-005,Section C — Nakuru-Eldoret Extension,369.8,2537.4,29.2,Partially Open,SNS-010
TEL-004179,2026-07-06T19:00:09,SITE-004,Section C — Nakuru-Eldoret Extension,334.6,2457.6,35.6,Open,SNS-003
TEL-004290,2026-07-08T21:22:26,SITE-006,Section D — Sinendet Lateral,442.1,3459.5,29.1,Open,SNS-008
TEL-001275,2026-05-16T00:26:46,SITE-003,Section A — Mombasa-Nairobi Main,347.4,3413.5,28.0,Partially Open,SNS-006
TEL-002866,2026-06-13T12:16:03,SITE-002,Section F — Kisumu Terminal Link,439.4,3384.2,28.3,Open,SNS-005
TEL-003829,2026-06-30T13:37:49,SITE-007,Section E — Makueni Branch,395.7,3720.5,32.2,Closed,SNS-005
TEL-003626,2026-06-26T20:31:19,SITE-001,Section E — Makueni Branch,407.2,4213.3,33.1,Open,SNS-001
TEL-000026,2026-04-23T12:23:53,SITE-007,Section A — Mombasa-Nairobi Main,289.6,3276.4,20.3,Closed,SNS-014
TEL-001111,2026-05-12T21:28:00,SITE-004,Section B — Nairobi-Nakuru Spur,441.3,2055.0,35.5,Closed,SNS-005
TEL-004813,2026-07-18T11:29:25,SITE-001,Section B — Nairobi-Nakuru Spur,481.1,2746.8,36.6,Open,SNS-010
TEL-003834,2026-06-30T14:48:32,SITE-003,Section D — Sinendet Lateral,318.7,2161.0,23.6,Open,SNS-010
TEL-004714,2026-07-16T17:17:08,SITE-007,Section E — Makueni Branch,200.0,2526.4,23.6,Open,SNS-012
TEL-001137,2026-05-13T11:49:00,SITE-001,Section C — Nakuru-Eldoret Extension,483.8,2609.9,28.4,Closed,SNS-012
TEL-000159,2026-04-26T02:09:15,SITE-006,Section C — Nakuru-Eldoret Extension,240.5,1675.8,42.8,Open,SNS-012
TEL-002571,2026-06-08T06:46:09,SITE-002,Section C — Nakuru-Eldoret Extension,362.8,1984.1,,Open,SNS-013
TEL-000822,2026-05-07T17:23:56,SITE-004,Section D — Sinendet Lateral,,2649.7,27.4,Open,SNS-013
TEL-003827,2026-06-30T13:14:04,SITE-002,Section A — Mombasa-Nairobi Main,404.7,2793.8,26.6,Open,SNS-002
TEL-002896,2026-06-13T23:34:59,SITE-006,Section C — Nakuru-Eldoret Extension,321.9,3012.8,27.2,Partially Open,SNS-012
TEL-004240,2026-07-07T23:06:57,SITE-001,Section A — Mombasa-Nairobi Main,461.2,2507.6,33.5,Open,SNS-013
TEL-001528,2026-05-21T02:09:51,SITE-004,Section B — Nairobi-Nakuru Spur,304.1,2194.4,27.0,Closed,SNS-005
TEL-000965,2026-05-10T09:05:05,SITE-001,Section D — Sinendet Lateral,350.7,2720.6,31.3,Open,SNS-009
TEL-000808,2026-05-07T12:34:24,SITE-006,Section F — Kisumu Terminal Link,368.9,2572.0,36.2,Open,SNS-010
TEL-004560,2026-07-14T05:19:40,SITE-004,Section A — Mombasa-Nairobi Main,534.4,1807.0,37.7,Partially Open,SNS-010
TEL-002281,2026-06-03T07:37:12,SITE-004,Section F — Kisumu Terminal Link,522.3,4030.7,31.2,Open,SNS-011
TEL-002968,2026-06-15T00:16:43,SITE-001,Section C — Nakuru-Eldoret Extension,491.8,2613.7,24.0,Open,SNS-014
TEL-001173,2026-05-14T05:57:15,SITE-005,Section F — Kisumu Terminal Link,208.8,2545.2,29.0,Closed,SNS-005
TEL-004181,2026-07-06T20:46:15,SITE-003,Section E — Makueni Branch,411.8,3625.2,21.1,Closed,SNS-004
TEL-004867,2026-07-19T06:03:37,SITE-007,Section A — Mombasa-Nairobi Main,331.3,1477.1,37.9,Open,SNS-004
TEL-002415,2026-06-05T10:40:44,NAIROBI,Section D — Sinendet Lateral,366.9,2101.3,31.8,Closed,SNS-004
TEL-000142,2026-04-25T17:49:33,SITE-007,Section E — Makueni Branch,544.3,4012.8,36.0,Open,SNS-011
TEL-001882,2026-05-26T13:07:05,SITE-006,Section F — Kisumu Terminal Link,288.3,3652.9,32.1,Open,SNS-003
TEL-003252,2026-06-19T19:06:54,SITE-003,Section E — Makueni Branch,504.8,3145.1,22.7,Open,SNS-005
TEL-004932,2026-07-20T13:38:29,SITE-001,Section E — Makueni Branch,462.7,3878.9,32.7,Closed,SNS-011
TEL-001195,2026-05-14T13:33:48,SITE-001,Section E — Makueni Branch,436.1,2207.2,37.0,Open,SNS-012
TEL-003727,2026-06-28T18:26:40,SITE-007,Section C — Nakuru-Eldoret Extension,362.1,2983.8,39.5,Closed,SNS-005
TEL-004555,2026-07-14T04:06:47,SITE-005,Section B — Nairobi-Nakuru Spur,437.2,3424.3,27.2,Open,SNS-011
TEL-001951,2026-05-27T23:22:56,SITE-001,Section A — Mombasa-Nairobi Main,358.0,2040.5,18.4,Open,SNS-001
TEL-000546,2026-05-02T17:53:05,Sinendet PS,Section F — Kisumu Terminal Link,413.6,2602.4,40.1,Closed,SNS-003
TEL-004810,2026-07-18T10:31:27,Nairobi term,Section A — Mombasa-Nairobi Main,284.8,3179.0,36.3,Open,SNS-004
TEL-001211,2026-05-14T20:21:07,SITE-005,Section C — Nakuru-Eldoret Extension,600.0,2952.2,31.9,Partially Open,SNS-004
TEL-000652,2026-05-04T18:42:39,SITE-005,Section E — Makueni Branch,323.9,2457.3,31.0,Partially Open,SNS-007
TEL-003703,2026-06-28T09:10:28,SITE-005,Section A — Mombasa-Nairobi Main,282.5,4435.4,31.7,Open,SNS-011
TEL-003012,2026-06-15T15:18:36,SITE-004,Section D — Sinendet Lateral,375.6,2550.4,35.4,Partially Open,SNS-011
TEL-004483,2026-07-12T13:53:33,SITE-003,Section C — Nakuru-Eldoret Extension,434.8,3600.2,34.9,Closed,SNS-012
TEL-001009,2026-05-11T02:28:56,SITE-003,Section A — Mombasa-Nairobi Main,487.9,2843.4,29.6,Partially Open,SNS-003
TEL-002110,2026-05-30T20:56:08,SITE-007,Section C — Nakuru-Eldoret Extension,453.6,4059.4,32.4,Open,SNS-005
TEL-003138,2026-06-17T17:35:40,KSM Terminal,Section B — Nairobi-Nakuru Spur,510.9,2095.2,26.4,Open,SNS-013
TEL-001588,2026-05-21T21:03:36,SITE-004,Section D — Sinendet Lateral,455.8,4099.7,26.3,Open,SNS-002
TEL-002094,2026-05-30T14:36:55,SINENDET,Section C — Nakuru-Eldoret Extension,354.3,3855.8,41.4,Open,SNS-003
TEL-000252,2026-04-27T09:43:07,SITE-007,Section F — Kisumu Terminal Link,494.0,1818.5,,Open,SNS-006
TEL-002532,2026-06-07T13:01:24,SITE-001,Section D — Sinendet Lateral,326.1,2615.4,32.4,Open,SNS-007
TEL-001149,2026-05-13T20:00:40,SITE-001,Section D — Sinendet Lateral,230.0,1884.0,42.6,Open,SNS-007
TEL-004403,2026-07-11T02:52:29,SITE-006,Section B — Nairobi-Nakuru Spur,371.0,3655.3,28.9,Closed,SNS-007
TEL-001754,2026-05-24T16:00:08,SITE-007,Section F — Kisumu Terminal Link,373.2,3531.6,29.7,Open,SNS-010
TEL-004979,2026-07-21T15:15:40,SITE-002,Section F — Kisumu Terminal Link,436.1,3352.3,26.8,Closed,SNS-007
TEL-000263,2026-04-27T16:07:05,SITE-007,Section A — Mombasa-Nairobi Main,439.0,2197.4,27.4,Closed,SNS-007
TEL-003418,2026-06-22T22:47:36,SITE-003,Section F — Kisumu Terminal Link,1103.9,2854.0,21.6,Partially Open,SNS-008
TEL-003499,2026-06-24T13:41:31,SITE-003,Section E — Makueni Branch,404.7,2329.6,31.1,Open,SNS-001
TEL-002228,2026-06-02T07:53:48,SITE-002,Section B — Nairobi-Nakuru Spur,521.6,2986.6,38.3,Closed,SNS-012
TEL-001539,2026-05-21T06:35:34,SITE-002,Section F — Kisumu Terminal Link,490.3,1902.1,24.9,Closed,SNS-008
TEL-005000,2026-07-21T23:49:32,SITE-002,Section B — Nairobi-Nakuru Spur,557.7,3139.0,30.8,Closed,SNS-006
TEL-001224,2026-05-15T01:10:41,SITE-007,Section B — Nairobi-Nakuru Spur,532.1,4677.5,31.6,Closed,SNS-008
TEL-000034,2026-04-23T16:54:08,SITE-001,Section D — Sinendet Lateral,435.4,4717.5,24.2,Open,SNS-009
TEL-001234,2026-05-15T07:36:29,SITE-007,Section F — Kisumu Terminal Link,344.3,3166.1,28.8,Closed,SNS-002
TEL-004863,2026-07-19T04:41:13,SITE-006,Section E — Makueni Branch,437.9,2496.4,27.0,Partially Open,SNS-004
TEL-001082,2026-05-12T09:12:16,SITE-002,Section E — Makueni Branch,396.1,3465.9,41.5,Partially Open,SNS-001
TEL-003637,2026-06-27T02:24:35,SITE-001,Section F — Kisumu Terminal Link,405.7,2710.7,30.8,Open,SNS-001
TEL-004574,2026-07-14T09:13:14,SITE-007,Section E — Makueni Branch,332.0,2241.6,27.7,Open,SNS-012
TEL-004540,2026-07-13T20:55:14,Kisumu  Terminal,Section F — Kisumu Terminal Link,429.2,1782.9,31.2,Open,SNS-010
TEL-003650,2026-06-27T08:14:30,SITE-004,Section E — Makueni Branch,445.4,1871.5,35.4,Open,SNS-011
TEL-004342,2026-07-10T01:37:38,SITE-003,Section A — Mombasa-Nairobi Main,416.3,4894.6,22.2,Partially Open,SNS-002
TEL-000499,2026-05-02T00:30:56,Nairobi  Terminal,Section E — Makueni Branch,516.8,3391.8,28.2,Open,SNS-003
TEL-000275,2026-04-27T20:50:44,SITE-005,Section D — Sinendet Lateral,256.1,2808.2,22.1,Closed,SNS-004
TEL-001531,2026-05-21T03:18:33,MOMBASA,Section A — Mombasa-Nairobi Main,356.3,2234.6,29.8,Partially Open,SNS-005
TEL-002798,2026-06-12T09:43:01,SITE-001,Section E — Makueni Branch,424.8,3893.7,37.1,Open,SNS-009
TEL-004829,2026-07-18T16:30:11,SITE-006,Section F — Kisumu Terminal Link,453.9,3670.1,20.2,Open,SNS-002
TEL-002840,2026-06-13T00:08:59,Nairobi  Terminal,Section A — Mombasa-Nairobi Main,522.2,2043.4,32.5,Open,SNS-005
TEL-002606,2026-06-08T23:41:12,SITE-003,Section C — Nakuru-Eldoret Extension,405.6,2638.1,29.8,Partially Open,SNS-006
TEL-001245,2026-05-15T10:04:13,SITE-005,Section E — Makueni Branch,338.8,3848.4,26.4,Closed,SNS-014
TEL-002103,2026-05-30T16:43:36,SITE-004,Section D — Sinendet Lateral,415.1,1831.9,38.6,Open,SNS-010
TEL-003300,2026-06-20T18:06:06,SITE-003,Section D — Sinendet Lateral,477.3,3735.8,32.2,Open,SNS-010
TEL-001436,2026-05-19T09:56:42,SITE-005,Section F — Kisumu Terminal Link,427.5,3503.2,32.3,Closed,SNS-003
TEL-000835,2026-05-07T20:24:54,SITE-004,Section D — Sinendet Lateral,443.0,2822.9,17.5,Open,SNS-003
TEL-000080,2026-04-24T11:45:58,SITE-002,Section B — Nairobi-Nakuru Spur,342.1,1605.8,30.6,Open,SNS-013
TEL-002422,2026-06-05T13:46:31,KSM Terminal,Section A — Mombasa-Nairobi Main,303.5,3903.5,23.4,Open,SNS-003
TEL-002442,2026-06-05T23:31:53,SITE-006,Section F — Kisumu Terminal Link,369.6,1593.6,35.8,Open,SNS-003
TEL-002829,2026-06-12T20:08:41,MOMBASA,Section A — Mombasa-Nairobi Main,359.5,2976.1,26.0,Open,SNS-002
TEL-000665,2026-05-04T23:15:33,SITE-002,Section E — Makueni Branch,253.0,3619.2,31.5,Open,SNS-008
TEL-001430,2026-05-19T06:54:09,SITE-005,Section B — Nairobi-Nakuru Spur,477.8,2447.9,25.1,Closed,SNS-010
TEL-001041,2026-05-11T17:12:29,SITE-003,Section E — Makueni Branch,444.4,2972.9,26.2,Open,SNS-010
TEL-002080,2026-05-30T09:50:26,SITE-003,Section B — Nairobi-Nakuru Spur,459.5,3183.6,33.0,Open,SNS-012
TEL-004513,2026-07-13T08:19:21,SITE-005,Section B — Nairobi-Nakuru Spur,421.5,2749.5,31.0,Open,SNS-005
TEL-001499,2026-05-20T11:02:57,sinendet pump,Section C — Nakuru-Eldoret Extension,344.8,4271.2,29.6,Closed,SNS-005
TEL-002160,2026-05-31T19:10:31,SITE-001,Section A — Mombasa-Nairobi Main,392.3,1964.9,31.0,Open,SNS-005
TEL-001200,2026-05-14T15:47:57,SITE-005,Section B — Nairobi-Nakuru Spur,406.3,2483.5,29.7,Open,SNS-009
TEL-004039,2026-07-04T02:05:47,SITE-007,Section D — Sinendet Lateral,319.6,3306.1,38.9,Closed,SNS-005
TEL-004517,2026-07-13T09:16:13,SITE-006,Section C — Nakuru-Eldoret Extension,470.4,3360.7,29.2,Partially Open,SNS-014
TEL-003273,2026-06-20T04:14:11,SITE-003,Section C — Nakuru-Eldoret Extension,397.1,3306.2,33.4,Open,SNS-004
TEL-003587,2026-06-26T02:57:57,SITE-002,Section D — Sinendet Lateral,342.3,2125.9,29.3,Open,SNS-002
TEL-000717,2026-05-05T20:00:01,SITE-006,Section D — Sinendet Lateral,263.2,3200.2,39.7,Closed,SNS-007
TEL-000934,2026-05-09T17:13:34,SITE-002,Section F — Kisumu Terminal Link,472.2,3740.7,35.9,Open,SNS-012
TEL-003410,2026-06-22T18:02:30,SITE-002,Section F — Kisumu Terminal Link,383.9,3376.5,28.4,Closed,SNS-013
TEL-001617,2026-05-22T10:20:00,Mombasa term,Section F — Kisumu Terminal Link,375.1,3218.2,33.5,Open,SNS-014
TEL-002767,2026-06-11T18:21:39,SITE-006,Section C — Nakuru-Eldoret Extension,448.1,2502.4,28.2,Closed,SNS-002
TEL-003663,2026-06-27T14:22:28,SITE-002,Section A — Mombasa-Nairobi Main,548.4,3024.9,18.4,Open,SNS-005
TEL-000561,2026-05-03T01:48:17,SITE-006,Section F — Kisumu Terminal Link,286.9,1932.6,21.2,Open,SNS-004
TEL-002946,2026-06-14T18:04:33,SITE-004,Section E — Makueni Branch,427.9,4392.8,36.8,Closed,SNS-002
TEL-002683,2026-06-10T09:25:41,SITE-002,Section E — Makueni Branch,495.2,3693.4,25.7,Open,SNS-009
TEL-003264,2026-06-20T00:46:34,kisumu terminal,Section F — Kisumu Terminal Link,411.2,3239.8,25.4,Closed,SNS-013
TEL-001813,2026-05-25T09:19:25,SITE-006,Section C — Nakuru-Eldoret Extension,411.8,4071.2,26.6,Closed,SNS-014
TEL-000967,2026-05-10T09:47:25,SITE-003,Section E — Makueni Branch,417.1,1473.5,33.0,Closed,SNS-012
TEL-000668,2026-05-05T00:29:13,SITE-005,Section D — Sinendet Lateral,479.8,5000.0,16.1,Open,SNS-013
TEL-001839,2026-05-25T19:43:09,SITE-004,Section E — Makueni Branch,368.4,2589.2,35.1,Closed,SNS-001
TEL-002159,2026-05-31T18:46:30,SITE-005,Section A — Mombasa-Nairobi Main,396.2,2996.4,33.8,Open,SNS-005
TEL-001055,2026-05-11T22:17:02,SITE-007,Section B — Nairobi-Nakuru Spur,332.6,2087.9,29.2,Open,SNS-010
TEL-002705,2026-06-10T15:47:07,SITE-002,Section F — Kisumu Terminal Link,1000,2195.2,20.3,Open,SNS-011
TEL-001948,2026-05-27T21:54:27,ELDORET,Section B — Nairobi-Nakuru Spur,366.3,2158.6,,Closed,SNS-003
TEL-003783,2026-06-29T18:26:09,SITE-007,Section A — Mombasa-Nairobi Main,464.7,2170.0,30.1,Partially Open,SNS-004
TEL-002338,2026-06-04T04:08:23,SINENDET,Section A — Mombasa-Nairobi Main,485.2,2279.3,34.2,Open,SNS-011
TEL-000045,2026-04-23T21:21:00,NRB Terminal,Section D — Sinendet Lateral,390.4,5000.0,35.8,Partially Open,SNS-009
TEL-002531,2026-06-07T12:36:52,SITE-002,Section C — Nakuru-Eldoret Extension,402.2,3001.3,35.4,Open,SNS-010
TEL-003002,2026-06-15T11:11:43,SITE-003,Section E — Makueni Branch,382.9,3381.3,23.5,Closed,SNS-006
TEL-001833,2026-05-25T18:08:09,SITE-001,Section C — Nakuru-Eldoret Extension,269.2,4504.3,18.6,Open,SNS-010
TEL-001995,2026-05-28T23:10:11,SITE-004,Section B — Nairobi-Nakuru Spur,413.3,3629.5,39.4,Open,SNS-002
TEL-004747,2026-07-17T06:52:23,SITE-001,Section D — Sinendet Lateral,398.0,2632.7,26.4,Closed,SNS-001
TEL-002037,2026-05-29T17:25:00,SITE-002,Section E — Makueni Branch,399.4,2772.4,33.6,Partially Open,SNS-010
TEL-002140,2026-05-31T10:36:57,SITE-004,Section E — Makueni Branch,330.5,3419.2,45.0,Open,SNS-010
TEL-004872,2026-07-19T07:45:39,SITE-003,Section F — Kisumu Terminal Link,408.1,3083.8,37.3,Partially Open,SNS-005
TEL-004976,2026-07-21T14:45:43,SITE-004,Section B — Nairobi-Nakuru Spur,442.4,1878.8,31.5,Partially Open,SNS-004
TEL-003054,2026-06-16T08:50:56,SITE-007,Section A — Mombasa-Nairobi Main,446.5,3391.4,30.8,Open,SNS-014
TEL-001963,2026-05-28T04:23:27,SITE-003,Section F — Kisumu Terminal Link,391.6,2898.6,20.9,Closed,SNS-009
TEL-003279,2026-06-20T07:11:49,SITE-003,Section E — Makueni Branch,468.6,2891.8,31.7,Open,SNS-010
TEL-003483,2026-06-24T06:53:07,SITE-006,Section E — Makueni Branch,325.4,4115.9,33.7,Closed,SNS-004
TEL-004900,2026-07-20T01:30:59,SITE-001,Section A — Mombasa-Nairobi Main,277.0,2582.5,35.7,Partially Open,SNS-005
TEL-000049,2026-04-23T22:12:37,SITE-003,Section A — Mombasa-Nairobi Main,474.0,2967.1,28.1,Open,SNS-014
TEL-001943,2026-05-27T19:54:18,SITE-006,Section B — Nairobi-Nakuru Spur,343.4,3647.8,37.4,Open,SNS-008
TEL-003961,2026-07-02T20:00:48,SITE-006,Section F — Kisumu Terminal Link,416.5,2619.7,24.4,Closed,SNS-006
TEL-004629,2026-07-15T04:35:55,SITE-003,Section E — Makueni Branch,510.7,2945.2,30.4,Partially Open,SNS-007
TEL-002663,2026-06-09T22:56:11,SITE-002,Section F — Kisumu Terminal Link,511.8,4407.7,29.0,Open,SNS-014
TEL-001714,2026-05-23T22:45:56,nairobi terminal,Section D — Sinendet Lateral,267.4,3317.4,17.8,Open,SNS-013
TEL-004989,2026-07-21T19:14:40,SITE-001,Section C — Nakuru-Eldoret Extension,460.7,4087.1,29.4,Open,SNS-002
TEL-002554,2026-06-07T21:26:42,SITE-001,Section A — Mombasa-Nairobi Main,405.7,3626.3,33.8,Open,SNS-012
TEL-004173,2026-07-06T13:48:54,SITE-001,Section A — Mombasa-Nairobi Main,395.2,3724.9,23.1,Closed,SNS-008
TEL-000253,2026-04-27T10:09:26,SITE-002,Section A — Mombasa-Nairobi Main,345.1,4572.7,25.0,Closed,SNS-008
TEL-001569,2026-05-21T14:58:36,SITE-001,Section A — Mombasa-Nairobi Main,326.6,1712.8,28.8,Partially Open,SNS-014
TEL-004564,2026-07-14T06:55:58,SITE-001,Section C — Nakuru-Eldoret Extension,375.3,1447.7,27.0,Partially Open,SNS-008
TEL-004389,2026-07-10T21:08:14,SITE-005,Section A — Mombasa-Nairobi Main,372.8,2961.7,26.9,Open,SNS-007
TEL-003265,2026-06-20T00:55:37,SITE-003,Section A — Mombasa-Nairobi Main,354.0,2141.8,33.8,Partially Open,SNS-012
TEL-002145,2026-05-31T12:23:20,SITE-002,Section B — Nairobi-Nakuru Spur,343.0,4590.4,31.6,Open,SNS-014
TEL-000790,2026-05-07T06:10:03,SITE-001,Section C — Nakuru-Eldoret Extension,332.3,5000.0,30.2,Open,SNS-003
TEL-000992,2026-05-10T19:32:16,SITE-001,Section F — Kisumu Terminal Link,450.1,3580.1,24.5,Open,SNS-010
TEL-003965,2026-07-02T20:57:26,SITE-003,Section E — Makueni Branch,347.4,3520.1,26.7,Open,SNS-001
TEL-003600,2026-06-26T08:26:56,SITE-006,Section F — Kisumu Terminal Link,307.4,2592.9,23.9,Closed,SNS-013
TEL-003464,2026-06-23T23:57:49,SITE-004,Section A — Mombasa-Nairobi Main,437.6,2525.5,33.5,Partially Open,SNS-009
TEL-000593,2026-05-03T16:58:01,NAKURU,Section D — Sinendet Lateral,497.7,3305.5,24.1,Partially Open,SNS-005
TEL-000910,2026-05-09T01:32:38,SITE-004,Section A — Mombasa-Nairobi Main,473.1,2330.3,28.1,Open,SNS-001
TEL-001783,2026-05-25T00:43:04,SITE-006,Section D — Sinendet Lateral,431.8,1650.5,32.9,Partially Open,SNS-012
TEL-003811,2026-06-30T06:59:24,mombasa terminal,Section C — Nakuru-Eldoret Extension,314.8,2941.2,27.5,Closed,SNS-011
TEL-001638,2026-05-22T16:52:09,SITE-001,Section D — Sinendet Lateral,451.1,3602.3,19.9,Open,SNS-014
TEL-003060,2026-06-16T10:10:16,SITE-002,Section D — Sinendet Lateral,361.3,4224.2,25.6,Partially Open,SNS-006
TEL-004651,2026-07-15T14:40:03,SITE-005,Section D — Sinendet Lateral,354.2,3634.0,31.4,Open,SNS-008
TEL-001594,2026-05-21T22:33:01,SITE-007,Section C — Nakuru-Eldoret Extension,457.6,1863.0,37.4,Open,SNS-010
TEL-004146,2026-07-06T01:27:02,SITE-002,Section E — Makueni Branch,451.0,3662.3,25.7,Closed,SNS-004
TEL-003707,2026-06-28T11:17:28,SITE-006,Section E — Makueni Branch,379.4,2771.4,30.2,Open,SNS-006
TEL-003813,2026-06-30T07:59:52,SITE-004,Section D — Sinendet Lateral,515.9,3939.3,34.0,Closed,SNS-006
TEL-001385,2026-05-18T02:49:49,SITE-002,Section D — Sinendet Lateral,341.7,,26.3,Open,SNS-003
TEL-002305,2026-06-03T16:33:31,SITE-007,Section A — Mombasa-Nairobi Main,334.1,2296.7,31.8,Open,SNS-006
TEL-003079,2026-06-16T16:22:49,NRB Terminal,Section E — Makueni Branch,359.3,4190.7,30.1,Partially Open,SNS-001
TEL-004980,2026-07-21T16:07:11,SITE-001,Section A — Mombasa-Nairobi Main,239.5,2438.3,28.4,Partially Open,SNS-004
TEL-001891,2026-05-26T17:49:50,sinendet pump,Section A — Mombasa-Nairobi Main,500.6,3004.0,34.7,Open,SNS-004
TEL-001231,2026-05-15T06:47:46,SITE-002,Section C — Nakuru-Eldoret Extension,593.8,2896.4,26.2,Open,SNS-004
TEL-001067,2026-05-12T02:51:39,SITE-004,Section C — Nakuru-Eldoret Extension,348.4,3149.9,30.1,Closed,SNS-010
TEL-001787,2026-05-25T02:15:58,SITE-004,Section D — Sinendet Lateral,466.5,1970.0,32.8,Closed,SNS-002
TEL-003772,2026-06-29T14:32:09,SITE-006,Section B — Nairobi-Nakuru Spur,456.0,3392.5,20.6,Closed,SNS-002
TEL-004727,2026-07-16T22:30:27,SITE-006,Section A — Mombasa-Nairobi Main,539.7,2608.1,27.2,Partially Open,SNS-004
TEL-001738,2026-05-24T06:31:49,kisumu terminal,Section D — Sinendet Lateral,414.6,2761.8,21.3,Open,SNS-013
TEL-004923,2026-07-20T08:31:02,KSM Terminal,Section C — Nakuru-Eldoret Extension,549.5,4519.2,37.9,Open,SNS-007
TEL-002989,2026-06-15T06:29:23,SITE-003,Section B — Nairobi-Nakuru Spur,338.9,2613.0,30.6,Open,SNS-004
TEL-002574,2026-06-08T07:57:00,SITE-003,Section F — Kisumu Terminal Link,358.7,2601.8,39.6,Open,SNS-014
TEL-004691,2026-07-16T07:58:52,SITE-002,Section B — Nairobi-Nakuru Spur,364.6,2948.2,29.6,Closed,SNS-002
TEL-002353,2026-06-04T09:06:30,SITE-001,Section E — Makueni Branch,504.7,3269.1,31.3,Closed,SNS-010
TEL-002108,2026-05-30T19:33:36,SITE-001,Section C — Nakuru-Eldoret Extension,418.0,2913.4,27.7,Partially Open,SNS-009
TEL-003030,2026-06-15T21:52:28,KISUMU,Section B — Nairobi-Nakuru Spur,415.6,3430.3,26.4,Open,SNS-010
TEL-004780,2026-07-17T21:33:47,SITE-007,Section F — Kisumu Terminal Link,319.5,4540.5,26.3,Open,SNS-001
TEL-001846,2026-05-25T22:22:07,SITE-001,Section F — Kisumu Terminal Link,473.7,4172.5,26.2,Closed,SNS-007
TEL-004948,2026-07-20T21:28:58,SITE-007,Section F — Kisumu Terminal Link,283.1,,28.8,Open,SNS-005
TEL-003670,2026-06-27T19:37:18,SITE-005,Section C — Nakuru-Eldoret Extension,448.2,2761.4,29.7,Open,SNS-010
TEL-003696,2026-06-28T05:35:10,SITE-007,Section E — Makueni Branch,440.8,4069.6,25.8,Partially Open,SNS-006
TEL-002576,2026-06-08T08:32:46,SITE-002,Section F — Kisumu Terminal Link,590.6,2076.3,29.1,Partially Open,SNS-005
TEL-001939,2026-05-27T17:06:17,SITE-003,Section C — Nakuru-Eldoret Extension,422.8,1635.3,34.6,Closed,SNS-001
TEL-001543,2026-05-21T07:52:07,SITE-006,Section D — Sinendet Lateral,387.7,3797.3,31.6,Open,SNS-003
TEL-004419,2026-07-11T09:33:17,Thange section,Section E — Makueni Branch,410.0,2513.9,33.0,Partially Open,SNS-005
TEL-002583,2026-06-08T12:02:02,SITE-002,Section B — Nairobi-Nakuru Spur,372.6,3738.2,20.2,Open,SNS-006
TEL-001796,2026-05-25T06:14:55,SITE-007,Section A — Mombasa-Nairobi Main,476.8,3426.8,32.7,Open,SNS-008
TEL-000293,2026-04-28T07:09:11,Nakuru dep,Section A — Mombasa-Nairobi Main,387.6,2262.9,33.6,Open,SNS-003
TEL-004891,2026-07-19T20:56:09,SITE-001,Section E — Makueni Branch,200.0,4660.8,33.5,Open,SNS-003
TEL-003810,2026-06-30T06:35:19,SITE-001,Section F — Kisumu Terminal Link,363.6,3245.8,29.9,Open,SNS-005
TEL-001068,2026-05-12T03:37:47,SITE-004,Section A — Mombasa-Nairobi Main,391.6,2812.7,34.5,Open,SNS-011
TEL-003660,2026-06-27T13:09:01,SITE-002,Section C — Nakuru-Eldoret Extension,466.5,,28.4,Closed,SNS-013
TEL-004084,2026-07-04T22:40:39,SITE-007,Section D — Sinendet Lateral,531.7,2089.0,32.8,Open,SNS-014
TEL-001447,2026-05-19T14:56:26,SITE-006,Section E — Makueni Branch,436.6,1899.9,32.1,Open,SNS-005
TEL-004958,2026-07-21T02:16:50,SITE-003,Section B — Nairobi-Nakuru Spur,369.0,2791.8,23.9,Partially Open,SNS-011
TEL-000139,2026-04-25T16:43:32,MSA Terminal,Section A — Mombasa-Nairobi Main,406.9,2877.6,,Open,SNS-011
TEL-002533,2026-06-07T13:46:41,SITE-002,Section C — Nakuru-Eldoret Extension,332.1,2460.1,41.3,Partially Open,SNS-008
TEL-001277,2026-05-16T01:02:27,SITE-003,Section D — Sinendet Lateral,391.2,3446.4,23.8,Open,SNS-010
TEL-000820,2026-05-07T17:04:55,SITE-006,Section F — Kisumu Terminal Link,488.8,3897.5,26.1,Closed,SNS-010
TEL-000626,2026-05-04T08:11:29,SITE-003,Section E — Makueni Branch,400.4,4097.4,27.6,Open,SNS-011
TEL-000606,2026-05-03T22:56:51,SITE-006,Section E — Makueni Branch,388.7,1822.4,27.7,Open,SNS-006
TEL-000239,2026-04-27T04:03:31,Thange section,Section F — Kisumu Terminal Link,429.6,2023.9,30.6,Closed,SNS-008
TEL-000317,2026-04-28T17:14:40,SITE-006,Section E — Makueni Branch,332.9,3216.9,23.7,Partially Open,SNS-008
TEL-004490,2026-07-12T16:38:34,SITE-003,Section A — Mombasa-Nairobi Main,370.8,1000.0,30.9,Partially Open,SNS-012
TEL-000617,2026-05-04T04:35:20,MAKUENI,Section F — Kisumu Terminal Link,387.0,2449.3,36.6,Open,SNS-011
TEL-001788,2026-05-25T02:40:37,SITE-006,Section F — Kisumu Terminal Link,344.8,2953.7,25.6,Partially Open,SNS-007
TEL-000763,2026-05-06T14:12:54,SITE-001,Section C — Nakuru-Eldoret Extension,428.2,1246.1,25.5,Open,SNS-013
TEL-003381,2026-06-22T07:14:21,SITE-004,Section D — Sinendet Lateral,507.2,2785.1,16.7,Open,SNS-012
TEL-000300,2026-04-28T10:54:02,SITE-004,Section E — Makueni Branch,324.9,1454.5,27.5,Closed,SNS-007
TEL-000815,2026-05-07T14:58:29,SITE-004,Section E — Makueni Branch,432.7,1282.9,42.4,Closed,SNS-008
TEL-002925,2026-06-14T10:05:14,ELDORET,Section B — Nairobi-Nakuru Spur,458.8,3092.6,35.2,Open,SNS-005
TEL-003733,2026-06-28T21:23:59,NRB Terminal,Section C — Nakuru-Eldoret Extension,448.6,2586.2,34.7,Open,SNS-007
TEL-001556,2026-05-21T11:07:12,SITE-001,Section F — Kisumu Terminal Link,600.0,3459.0,27.7,Open,SNS-011
TEL-003408,2026-06-22T17:03:28,SITE-006,Section F — Kisumu Terminal Link,327.3,2995.8,35.8,Partially Open,SNS-010
TEL-002610,2026-06-09T01:16:56,SITE-001,Section B — Nairobi-Nakuru Spur,434.5,2856.4,43.3,Closed,SNS-006
TEL-003174,2026-06-18T07:33:08,SITE-005,Section D — Sinendet Lateral,457.7,2790.8,32.7,Partially Open,SNS-004
TEL-002050,2026-05-29T22:18:36,SITE-005,Section A — Mombasa-Nairobi Main,438.1,1910.6,27.7,Partially Open,SNS-003
TEL-001955,2026-05-28T01:46:37,SITE-007,Section B — Nairobi-Nakuru Spur,432.4,3034.2,26.8,Open,SNS-010
TEL-000314,2026-04-28T15:55:23,SITE-002,Section D — Sinendet Lateral,477.5,4343.0,35.6,Closed,SNS-006
TEL-003311,2026-06-20T23:15:34,SITE-002,Section B — Nairobi-Nakuru Spur,507.4,4497.1,23.4,Open,SNS-005
TEL-002464,2026-06-06T07:45:13,SITE-002,Section C — Nakuru-Eldoret Extension,600.0,3953.5,28.4,Open,SNS-014
TEL-004820,2026-07-18T14:14:06,SITE-007,Section D — Sinendet Lateral,523.8,2124.8,30.9,Open,SNS-006
TEL-000168,2026-04-26T04:45:54,Eldoret  Terminal,Section C — Nakuru-Eldoret Extension,411.8,2631.5,26.4,Partially Open,SNS-003
TEL-003481,2026-06-24T06:14:58,SITE-006,Section E — Makueni Branch,429.8,3954.1,34.1,Open,SNS-002
TEL-003182,2026-06-18T09:45:41,NAIROBI,Section F — Kisumu Terminal Link,521.8,3151.5,26.6,Open,SNS-010
TEL-003901,2026-07-01T19:25:52,SITE-006,Section C — Nakuru-Eldoret Extension,337.1,2808.7,26.7,Open,SNS-003
TEL-004218,2026-07-07T12:51:34,SITE-002,Section B — Nairobi-Nakuru Spur,483.5,3448.6,24.4,Partially Open,SNS-012
TEL-001739,2026-05-24T06:39:01,SITE-007,Section B — Nairobi-Nakuru Spur,308.0,2097.8,29.8,Closed,SNS-014
TEL-004713,2026-07-16T17:13:09,SITE-005,Section C — Nakuru-Eldoret Extension,433.6,3353.4,36.6,Open,SNS-008
TEL-004138,2026-07-05T20:53:00,SITE-006,Section D — Sinendet Lateral,426.1,4267.5,20.4,Open,SNS-008
TEL-003370,2026-06-22T02:53:40,SITE-005,Section E — Makueni Branch,348.2,2166.3,38.2,Open,SNS-008
TEL-001756,2026-05-24T16:33:21,SITE-002,Section B — Nairobi-Nakuru Spur,369.0,2790.5,34.1,Closed,SNS-001
TEL-001203,2026-05-14T16:50:13,NAKURU,Section E — Makueni Branch,337.7,2856.7,33.3,Partially Open,SNS-004
TEL-003047,2026-06-16T06:38:16,SITE-006,Section C — Nakuru-Eldoret Extension,387.4,4136.1,28.7,Open,SNS-014
TEL-000114,2026-04-25T04:15:59,Kisumu  Terminal,Section A — Mombasa-Nairobi Main,355.9,2626.4,26.6,Open,SNS-009
TEL-000507,2026-05-02T03:00:34,SITE-006,Section F — Kisumu Terminal Link,456.7,3397.5,21.8,Closed,SNS-008
TEL-000452,2026-05-01T02:06:43,SITE-003,Section B — Nairobi-Nakuru Spur,266.6,2075.5,22.8,Closed,SNS-004
TEL-001516,2026-05-20T20:00:41,SITE-007,Section A — Mombasa-Nairobi Main,344.5,2490.2,24.5,Open,SNS-011
TEL-001021,2026-05-11T05:05:08,SITE-004,Section F — Kisumu Terminal Link,391.3,3156.4,20.9,Open,SNS-003
TEL-001334,2026-05-16T22:47:37,SITE-006,Section A — Mombasa-Nairobi Main,421.3,2715.2,31.4,Open,SNS-009
TEL-001434,2026-05-19T08:53:12,SITE-003,Section B — Nairobi-Nakuru Spur,466.8,4052.7,33.0,Open,SNS-005
TEL-001420,2026-05-18T23:46:49,KSM Terminal,Section F — Kisumu Terminal Link,342.5,3394.5,29.4,Closed,SNS-004
TEL-004233,2026-07-07T21:54:46,SITE-002,Section D — Sinendet Lateral,325.2,3981.4,25.4,Closed,SNS-008
TEL-001940,2026-05-27T17:40:02,SITE-001,Section E — Makueni Branch,430.5,1000.0,36.3,Partially Open,SNS-005
TEL-001590,2026-05-21T21:35:22,SITE-005,Section A — Mombasa-Nairobi Main,404.4,3741.5,29.9,Open,SNS-012
TEL-002244,2026-06-02T13:36:08,SITE-004,Section A — Mombasa-Nairobi Main,324.5,3069.4,28.2,Closed,SNS-004
TEL-002480,2026-06-06T15:46:15,SITE-007,Section F — Kisumu Terminal Link,479.1,2883.6,25.2,Open,SNS-003
TEL-001369,2026-05-17T17:42:43,Nairobi  Terminal,Section C — Nakuru-Eldoret Extension,471.4,3255.3,25.8,Open,SNS-006
TEL-001134,2026-05-13T10:57:33,SITE-007,Section F — Kisumu Terminal Link,383.5,3473.2,35.8,Closed,SNS-011
TEL-001204,2026-05-14T17:30:06,SITE-002,Section E — Makueni Branch,383.9,1409.2,25.4,Partially Open,SNS-002
TEL-004493,2026-07-12T18:28:54,SITE-007,Section C — Nakuru-Eldoret Extension,351.2,4236.7,33.1,Partially Open,SNS-002
TEL-004606,2026-07-14T18:43:13,SITE-006,Section B — Nairobi-Nakuru Spur,511.7,2789.5,32.8,Partially Open,SNS-001
TEL-001757,2026-05-24T16:33:49,SITE-001,Section C — Nakuru-Eldoret Extension,517.2,3052.7,30.7,Open,SNS-014
TEL-002595,2026-06-08T17:38:43,SITE-002,Section C — Nakuru-Eldoret Extension,443.0,3302.4,29.8,Partially Open,SNS-003
TEL-001620,2026-05-22T11:35:18,SITE-007,Section A — Mombasa-Nairobi Main,362.2,3199.6,24.3,Open,SNS-010
TEL-004013,2026-07-03T16:19:02,SITE-003,Section D — Sinendet Lateral,327.2,3065.1,24.7,Closed,SNS-014
TEL-003140,2026-06-17T17:42:50,sinendet pump station,Section A — Mombasa-Nairobi Main,390.0,1316.6,30.1,Open,SNS-002
TEL-002844,2026-06-13T02:08:10,SITE-007,Section A — Mombasa-Nairobi Main,281.5,1483.3,23.1,Closed,SNS-001
TEL-001036,2026-05-11T14:32:00,SITE-003,Section B — Nairobi-Nakuru Spur,427.9,3920.5,22.0,Open,SNS-003
TEL-001731,2026-05-24T04:03:52,SITE-006,Section A — Mombasa-Nairobi Main,553.0,3396.7,27.2,Open,SNS-005
TEL-000999,2026-05-10T22:12:36,SITE-007,Section A — Mombasa-Nairobi Main,486.8,2773.8,23.2,Open,SNS-014
TEL-001608,2026-05-22T03:39:53,SITE-004,Section D — Sinendet Lateral,367.2,2978.1,28.2,Open,SNS-003
TEL-004712,2026-07-16T16:16:37,SITE-006,Section D — Sinendet Lateral,406.3,3621.6,26.7,Closed,SNS-003
TEL-001855,2026-05-26T01:32:38,Mombasa  Terminal,Section E — Makueni Branch,326.7,1584.2,30.3,Open,SNS-011
TEL-004426,2026-07-11T12:47:13,SITE-007,Section D — Sinendet Lateral,303.7,3776.7,30.1,Partially Open,SNS-009
TEL-001831,2026-05-25T15:54:50,SITE-007,Section A — Mombasa-Nairobi Main,302.4,2874.7,28.1,Open,SNS-007
TEL-002127,2026-05-31T05:39:30,SITE-007,Section D — Sinendet Lateral,379.8,3410.6,24.8,Open,SNS-001
TEL-000870,2026-05-08T12:11:36,SITE-001,Section C — Nakuru-Eldoret Extension,590.4,3586.4,28.4,Open,SNS-010
TEL-002461,2026-06-06T06:43:53,SITE-005,Section D — Sinendet Lateral,395.2,3423.5,,Open,SNS-012
TEL-003199,2026-06-18T15:14:55,SITE-001,Section A — Mombasa-Nairobi Main,435.1,4631.1,37.1,Open,SNS-008
TEL-003537,2026-06-25T01:25:16,SITE-006,Section C — Nakuru-Eldoret Extension,260.4,3818.4,28.9,Partially Open,SNS-004
TEL-002669,2026-06-10T01:23:44,SITE-005,Section A — Mombasa-Nairobi Main,455.6,3503.2,18.2,Closed,SNS-009
TEL-002540,2026-06-07T15:34:22,Nakuru  Depot,Section F — Kisumu Terminal Link,414.3,3603.5,24.6,Closed,SNS-007
TEL-000916,2026-05-09T03:21:00,SITE-004,Section A — Mombasa-Nairobi Main,493.0,3819.6,29.3,Open,SNS-003
TEL-001378,2026-05-17T23:22:34,SITE-004,Section F — Kisumu Terminal Link,425.3,4030.5,24.3,Closed,SNS-005
TEL-001679,2026-05-23T09:12:26,SITE-004,Section F — Kisumu Terminal Link,354.9,4019.9,28.4,Open,SNS-009
TEL-001175,2026-05-14T06:28:08,Kisumu term,Section F — Kisumu Terminal Link,351.3,3214.7,,Closed,SNS-009
TEL-004057,2026-07-04T12:07:15,SITE-001,Section D — Sinendet Lateral,376.1,3800.2,33.2,Open,SNS-008
TEL-000120,2026-04-25T06:56:01,SITE-007,Section E — Makueni Branch,357.8,3306.6,37.7,Closed,SNS-008
TEL-002898,2026-06-13T23:58:11,SITE-007,Section E — Makueni Branch,345.1,4053.6,29.3,Closed,SNS-013
TEL-001689,2026-05-23T12:47:54,SITE-001,Section D — Sinendet Lateral,200.0,2151.9,35.9,Open,SNS-012
TEL-003976,2026-07-03T01:19:28,SITE-005,Section E — Makueni Branch,600.0,3616.5,28.8,Partially Open,SNS-012
TEL-004126,2026-07-05T13:49:30,SITE-002,Section E — Makueni Branch,437.2,3024.9,23.6,Partially Open,SNS-004
TEL-004277,2026-07-08T17:25:01,Kisumu term,Section E — Makueni Branch,243.2,2310.2,21.7,Closed,SNS-004
TEL-004974,2026-07-21T14:23:43,SITE-006,Section F — Kisumu Terminal Link,406.3,1675.1,29.1,Open,SNS-005
TEL-004899,2026-07-20T01:30:49,SITE-004,Section E — Makueni Branch,389.0,1861.5,23.1,Partially Open,SNS-002
TEL-003363,2026-06-22T00:38:14,SITE-003,Section A — Mombasa-Nairobi Main,343.2,4025.2,22.0,Partially Open,SNS-014
TEL-001774,2026-05-24T22:00:23,SITE-001,Section C — Nakuru-Eldoret Extension,478.0,3094.8,36.0,Open,SNS-002
TEL-003050,2026-06-16T07:37:53,SITE-004,Section A — Mombasa-Nairobi Main,391.8,2408.7,33.4,Partially Open,SNS-009
TEL-003997,2026-07-03T10:55:25,mombasa terminal,Section C — Nakuru-Eldoret Extension,496.4,3427.5,28.6,Open,SNS-009
TEL-004191,2026-07-07T01:05:06,SITE-001,Section E — Makueni Branch,411.3,3343.7,31.3,Open,SNS-014
TEL-001748,2026-05-24T13:28:48,SITE-006,Section E — Makueni Branch,399.1,3471.9,30.1,Open,SNS-005
TEL-004284,2026-07-08T19:46:50,SINENDET,Section D — Sinendet Lateral,549.2,3292.0,25.2,Closed,SNS-001
TEL-001373,2026-05-17T20:24:29,SITE-001,Section F — Kisumu Terminal Link,504.9,2898.9,26.9,Open,SNS-007
TEL-003417,2026-06-22T22:44:59,SITE-003,Section F — Kisumu Terminal Link,850,2872.1,28.4,Open,SNS-003
TEL-002261,2026-06-02T21:25:54,SITE-002,Section B — Nairobi-Nakuru Spur,548.7,2520.9,23.6,Open,SNS-001
TEL-002572,2026-06-08T07:18:04,SITE-003,Section B — Nairobi-Nakuru Spur,418.9,3252.6,26.4,Partially Open,SNS-011
TEL-004581,2026-07-14T10:13:12,SITE-003,Section E — Makueni Branch,405.8,1957.7,31.0,Open,SNS-010
TEL-000251,2026-04-27T09:39:55,Sinendet  Pump Station,Section C — Nakuru-Eldoret Extension,468.9,2376.7,24.5,Closed,SNS-010
TEL-003572,2026-06-25T15:10:48,SITE-004,Section A — Mombasa-Nairobi Main,292.0,3010.4,18.0,Closed,SNS-010
TEL-001155,2026-05-13T22:22:16,SITE-006,Section E — Makueni Branch,455.9,2338.9,26.8,Closed,SNS-006
TEL-003918,2026-07-02T04:10:34,SITE-002,Section E — Makueni Branch,284.8,4214.7,29.2,Partially Open,SNS-005
TEL-000520,2026-05-02T07:12:56,SITE-001,Section A — Mombasa-Nairobi Main,488.9,4274.7,27.4,Open,SNS-006
TEL-003127,2026-06-17T13:50:21,SITE-001,Section E — Makueni Branch,372.9,3389.5,28.9,Closed,SNS-005
TEL-001309,2026-05-16T13:43:54,SITE-005,Section B — Nairobi-Nakuru Spur,299.6,2896.7,25.7,Closed,SNS-006
TEL-002690,2026-06-10T10:51:46,SITE-002,Section F — Kisumu Terminal Link,370.9,2944.5,35.9,Closed,SNS-013
TEL-004617,2026-07-14T22:19:43,SITE-007,Section E — Makueni Branch,406.2,2765.2,37.0,Open,SNS-013
TEL-004270,2026-07-08T14:20:51,SITE-007,Section F — Kisumu Terminal Link,284.2,3396.5,37.5,Open,SNS-006
TEL-002175,2026-06-01T03:30:03,Nairobi term,Section B — Nairobi-Nakuru Spur,472.2,3120.9,34.6,Closed,SNS-001
TEL-001678,2026-05-23T09:05:24,SITE-002,Section E — Makueni Branch,508.6,1637.4,40.1,Open,SNS-005
TEL-002064,2026-05-30T02:39:06,SITE-002,Section A — Mombasa-Nairobi Main,508.9,4408.9,24.7,Partially Open,SNS-013
TEL-004794,2026-07-18T04:32:08,SITE-007,Section F — Kisumu Terminal Link,322.2,3279.8,23.1,Open,SNS-009
TEL-002911,2026-06-14T05:53:09,SITE-002,Section D — Sinendet Lateral,224.1,3463.8,25.8,Open,SNS-005
TEL-001065,2026-05-12T02:29:40,SITE-005,Section A — Mombasa-Nairobi Main,371.3,1931.3,20.2,Partially Open,SNS-014
TEL-004369,2026-07-10T12:46:45,NAIROBI,Section F — Kisumu Terminal Link,358.1,5000.0,35.3,Closed,SNS-002
TEL-001591,2026-05-21T21:57:16,SITE-002,Section D — Sinendet Lateral,347.7,2864.0,25.3,Closed,SNS-005
TEL-000011,2026-04-23T06:19:43,SITE-001,Section B — Nairobi-Nakuru Spur,337.1,3147.5,35.4,Open,SNS-008
TEL-002957,2026-06-14T19:54:14,SITE-002,Section D — Sinendet Lateral,442.3,2974.7,23.0,Open,SNS-012
TEL-002602,2026-06-08T19:44:04,SITE-003,Section B — Nairobi-Nakuru Spur,431.4,2633.4,34.8,Open,SNS-005
TEL-000176,2026-04-26T06:59:27,SITE-003,Section F — Kisumu Terminal Link,590.8,4252.5,32.5,Open,SNS-014
TEL-000244,2026-04-27T05:53:00,SITE-007,Section C — Nakuru-Eldoret Extension,457.8,2713.1,39.1,Partially Open,SNS-007
TEL-004848,2026-07-18T22:19:14,SITE-007,Section F — Kisumu Terminal Link,277.4,4426.6,26.2,Closed,SNS-009
TEL-002725,2026-06-10T23:48:04,SITE-004,Section E — Makueni Branch,345.6,4284.3,32.3,Closed,SNS-009
TEL-000959,2026-05-10T02:52:56,Eldoret  Terminal,Section F — Kisumu Terminal Link,378.2,2354.9,21.4,Closed,SNS-002
TEL-003995,2026-07-03T10:43:02,SITE-002,Section B — Nairobi-Nakuru Spur,367.3,1951.2,32.0,Open,SNS-008
TEL-001644,2026-05-22T18:40:00,SITE-004,Section C — Nakuru-Eldoret Extension,393.2,3991.2,31.0,Open,SNS-005
TEL-000735,2026-05-06T02:01:26,SITE-001,Section E — Makueni Branch,383.2,2924.3,26.6,Closed,SNS-003
TEL-004457,2026-07-12T05:40:08,SITE-006,Section A — Mombasa-Nairobi Main,377.0,2749.7,27.0,Open,SNS-009
TEL-000591,2026-05-03T16:17:26,SITE-001,Section D — Sinendet Lateral,495.4,2315.6,23.1,Closed,SNS-002
TEL-001801,2026-05-25T07:18:10,SITE-005,Section D — Sinendet Lateral,490.4,2527.2,36.8,Open,SNS-014
TEL-002193,2026-06-01T16:24:42,SITE-006,Section A — Mombasa-Nairobi Main,443.9,3152.9,26.5,Open,SNS-002
TEL-003163,2026-06-18T04:12:02,SITE-001,Section E — Makueni Branch,310.0,2654.5,31.9,Open,SNS-008
TEL-003522,2026-06-24T21:01:35,SITE-007,Section A — Mombasa-Nairobi Main,322.9,3307.2,22.4,Open,SNS-005
TEL-003552,2026-06-25T06:56:44,SITE-005,Section B — Nairobi-Nakuru Spur,316.1,3286.0,33.2,Open,SNS-001
TEL-003022,2026-06-15T17:53:54,SITE-001,Section E — Makueni Branch,200.0,4646.8,23.7,Partially Open,SNS-006
TEL-000804,2026-05-07T09:59:10,kisumu terminal,Section E — Makueni Branch,391.7,3954.3,24.8,Open,SNS-012
TEL-004186,2026-07-06T22:41:43,SITE-002,Section A — Mombasa-Nairobi Main,,2167.9,24.5,Open,SNS-013
TEL-004324,2026-07-09T15:18:16,Kipevu terminal,Section C — Nakuru-Eldoret Extension,434.0,1824.6,23.8,Open,SNS-003
TEL-002879,2026-06-13T17:08:40,NAIROBI,Section A — Mombasa-Nairobi Main,438.2,2623.3,39.5,Open,SNS-004
TEL-001509,2026-05-20T17:29:23,SITE-005,Section B — Nairobi-Nakuru Spur,322.9,3196.6,23.3,Closed,SNS-009
TEL-000212,2026-04-26T19:30:15,SITE-002,Section B — Nairobi-Nakuru Spur,1150,3444.3,27.2,Closed,SNS-005
TEL-004561,2026-07-14T06:00:08,SITE-005,Section B — Nairobi-Nakuru Spur,441.6,1565.8,35.5,Open,SNS-014
TEL-002831,2026-06-12T21:15:14,SITE-002,Section F — Kisumu Terminal Link,367.2,2945.6,26.4,Closed,SNS-010
TEL-004800,2026-07-18T07:15:33,SITE-005,Section E — Makueni Branch,350.7,3207.1,38.8,Closed,SNS-012
TEL-001858,2026-05-26T02:38:52,SITE-001,Section F — Kisumu Terminal Link,212.7,1333.0,29.8,Open,SNS-001
TEL-002372,2026-06-04T19:02:57,SITE-003,Section F — Kisumu Terminal Link,401.3,3521.9,22.9,Partially Open,SNS-006
TEL-004623,2026-07-15T01:14:33,SITE-001,Section E — Makueni Branch,487.8,1733.1,33.9,Closed,SNS-007
TEL-004118,2026-07-05T11:09:20,SITE-003,Section E — Makueni Branch,401.9,2038.8,37.7,Open,SNS-009
TEL-003329,2026-06-21T08:31:12,SITE-007,Section B — Nairobi-Nakuru Spur,377.5,3219.2,36.4,Partially Open,SNS-012
TEL-003744,2026-06-29T02:43:07,SITE-002,Section A — Mombasa-Nairobi Main,229.0,2468.6,22.9,Closed,SNS-002
TEL-000683,2026-05-05T05:02:41,ELD Terminal,Section C — Nakuru-Eldoret Extension,,3526.4,28.1,Partially Open,SNS-003
TEL-001154,2026-05-13T22:10:16,SITE-003,Section A — Mombasa-Nairobi Main,506.9,2020.1,35.3,Open,SNS-003
TEL-002296,2026-06-03T12:14:34,Sinendet PS,Section C — Nakuru-Eldoret Extension,-27.1,2313.1,36.2,Open,SNS-004
TEL-002489,2026-06-06T19:01:58,SITE-003,Section D — Sinendet Lateral,380.3,3030.7,31.8,Open,SNS-014
TEL-003083,2026-06-16T17:54:24,SITE-005,Section F — Kisumu Terminal Link,700,2783.2,21.6,Closed,SNS-005
TEL-003173,2026-06-18T07:27:45,SITE-007,Section D — Sinendet Lateral,399.3,4020.2,22.8,Open,SNS-004
TEL-002308,2026-06-03T17:39:55,SITE-003,Section D — Sinendet Lateral,330.3,2737.3,21.3,Partially Open,SNS-011
TEL-003283,2026-06-20T09:25:28,SITE-002,Section D — Sinendet Lateral,298.4,4206.1,36.0,Open,SNS-004
TEL-003218,2026-06-18T22:24:50,SITE-005,Section E — Makueni Branch,238.6,2153.7,29.9,Open,SNS-007
TEL-000783,2026-05-07T04:03:34,SITE-003,Section E — Makueni Branch,384.0,2217.3,24.2,Closed,SNS-001
TEL-002331,2026-06-04T00:53:41,SITE-007,Section D — Sinendet Lateral,423.2,2610.8,29.9,Open,SNS-003
TEL-002791,2026-06-12T06:45:06,SITE-005,Section E — Makueni Branch,320.7,2160.9,34.0,Partially Open,SNS-008
TEL-000654,2026-05-04T19:36:33,SITE-005,Section B — Nairobi-Nakuru Spur,541.1,4053.6,34.7,Partially Open,SNS-014
TEL-004302,2026-07-09T03:07:34,SITE-007,Section B — Nairobi-Nakuru Spur,391.6,3001.1,32.4,Closed,SNS-001
TEL-001396,2026-05-18T10:40:42,SITE-007,Section E — Makueni Branch,384.0,3279.0,27.9,Open,SNS-011
TEL-000557,2026-05-03T00:41:00,SITE-003,Section E — Makueni Branch,511.5,3797.9,19.9,Open,SNS-009
TEL-003468,2026-06-24T01:56:05,Makueni PS,Section C — Nakuru-Eldoret Extension,414.2,3411.7,36.5,Closed,SNS-006
TEL-001711,2026-05-23T20:29:35,Mombasa term,Section A — Mombasa-Nairobi Main,417.6,3187.1,34.1,Open,SNS-003
TEL-003080,2026-06-16T17:23:53,SITE-002,Section C — Nakuru-Eldoret Extension,229.8,2719.0,17.6,Open,SNS-002
TEL-000106,2026-04-24T22:04:09,SITE-005,Section B — Nairobi-Nakuru Spur,392.6,4151.0,23.6,Closed,SNS-004
TEL-001726,2026-05-24T03:19:42,SITE-003,Section C — Nakuru-Eldoret Extension,443.9,2304.5,15.7,Partially Open,SNS-008
TEL-001585,2026-05-21T19:53:20,SITE-005,Section E — Makueni Branch,427.1,3190.0,27.3,Closed,SNS-014
TEL-000007,2026-04-23T04:15:44,SITE-004,Section E — Makueni Branch,372.8,2813.3,28.4,Open,SNS-002
TEL-000292,2026-04-28T07:06:11,SITE-006,Section F — Kisumu Terminal Link,299.7,2531.8,29.9,Closed,SNS-013
TEL-004083,2026-07-04T22:04:03,Mombasa  Terminal,Section F — Kisumu Terminal Link,435.0,3703.5,35.4,Open,SNS-012
TEL-001659,2026-05-23T00:21:06,SITE-004,Section D — Sinendet Lateral,259.3,3445.3,24.5,Open,SNS-012
TEL-000556,2026-05-03T00:11:22,SITE-004,Section D — Sinendet Lateral,379.1,2569.1,29.4,Closed,SNS-005
TEL-001030,2026-05-11T11:31:47,SITE-002,Section D — Sinendet Lateral,249.1,1648.4,21.0,Partially Open,SNS-012
TEL-001132,2026-05-13T09:33:36,SITE-002,Section C — Nakuru-Eldoret Extension,378.1,3234.7,37.5,Closed,SNS-001
TEL-002693,2026-06-10T11:26:57,SITE-006,Section B — Nairobi-Nakuru Spur,399.3,1769.2,34.5,Open,SNS-004
TEL-001910,2026-05-27T01:50:00,SITE-006,Section E — Makueni Branch,449.3,3176.2,36.3,Open,SNS-005
TEL-003453,2026-06-23T17:12:15,SITE-004,Section B — Nairobi-Nakuru Spur,420.5,1701.8,31.2,Open,SNS-010
TEL-004436,2026-07-11T17:43:47,SITE-005,Section A — Mombasa-Nairobi Main,295.1,1684.6,15.0,Partially Open,SNS-009
TEL-002675,2026-06-10T05:07:30,SITE-007,Section F — Kisumu Terminal Link,530.6,2591.0,42.3,Closed,SNS-011
TEL-004351,2026-07-10T04:54:26,SITE-001,Section C — Nakuru-Eldoret Extension,329.0,3977.5,27.8,Open,SNS-001
TEL-003170,2026-06-18T06:57:11,KSM Terminal,Section B — Nairobi-Nakuru Spur,345.2,2655.3,42.6,Open,SNS-009
TEL-000543,2026-05-02T16:01:57,SITE-005,Section D — Sinendet Lateral,332.5,2336.6,26.7,Open,SNS-003
TEL-003144,2026-06-17T19:11:16,SITE-004,Section A — Mombasa-Nairobi Main,351.9,2420.9,31.6,Open,SNS-012
TEL-004401,2026-07-11T02:27:46,SITE-007,Section D — Sinendet Lateral,398.4,4506.1,26.1,Open,SNS-008
TEL-003588,2026-06-26T03:04:52,SITE-004,Section B — Nairobi-Nakuru Spur,436.2,2914.3,35.2,Partially Open,SNS-001
TEL-004098,2026-07-05T05:54:24,SITE-002,Section F — Kisumu Terminal Link,472.7,1371.1,32.5,Closed,SNS-002
TEL-004905,2026-07-20T02:19:47,SITE-007,Section C — Nakuru-Eldoret Extension,320.9,1436.9,32.1,Open,SNS-007
TEL-004761,2026-07-17T12:45:14,Thange section,Section B — Nairobi-Nakuru Spur,384.4,2757.3,24.7,Open,SNS-014
TEL-002235,2026-06-02T11:00:09,SITE-005,Section F — Kisumu Terminal Link,308.4,3671.8,19.2,Closed,SNS-011
TEL-002641,2026-06-09T13:02:04,makueni section,Section E — Makueni Branch,333.7,2141.3,29.8,Closed,SNS-004
TEL-002283,2026-06-03T08:35:22,SITE-005,Section A — Mombasa-Nairobi Main,850,1985.5,28.7,Closed,SNS-008
TEL-000512,2026-05-02T04:15:01,makueni pipeline,Section E — Makueni Branch,376.6,2323.0,35.7,Partially Open,SNS-006
TEL-003488,2026-06-24T08:56:36,SITE-002,Section E — Makueni Branch,341.6,3205.6,36.9,Partially Open,SNS-009
TEL-004921,2026-07-20T08:21:16,SITE-006,Section B — Nairobi-Nakuru Spur,422.7,1951.2,28.0,Closed,SNS-009
TEL-004078,2026-07-04T20:19:14,SITE-007,Section B — Nairobi-Nakuru Spur,463.7,2298.1,36.7,Open,SNS-013
TEL-000194,2026-04-26T12:26:29,SITE-005,Section D — Sinendet Lateral,410.8,2501.7,34.7,Partially Open,SNS-012
TEL-004659,2026-07-15T17:41:17,ELD Terminal,Section D — Sinendet Lateral,391.9,3509.0,33.8,Open,SNS-010
TEL-001054,2026-05-11T22:12:37,ELDORET,Section E — Makueni Branch,463.2,4982.2,32.0,Open,SNS-005
TEL-002585,2026-06-08T13:02:01,SITE-006,Section C — Nakuru-Eldoret Extension,460.9,1897.1,34.5,Partially Open,SNS-002
TEL-000686,2026-05-05T05:25:48,SITE-004,Section E — Makueni Branch,483.7,2805.2,22.0,Open,SNS-012
TEL-000541,2026-05-02T15:27:01,SITE-003,Section F — Kisumu Terminal Link,394.4,3533.4,29.9,Open,SNS-012
TEL-000801,2026-05-07T09:30:50,Thange section,Section D — Sinendet Lateral,365.7,1520.6,22.2,Open,SNS-009
TEL-004733,2026-07-17T02:24:03,SITE-007,Section B — Nairobi-Nakuru Spur,368.0,3420.0,22.2,Open,SNS-014
TEL-000862,2026-05-08T07:32:17,SITE-007,Section F — Kisumu Terminal Link,461.8,3464.3,23.7,Open,SNS-004
TEL-001253,2026-05-15T12:10:22,SITE-005,Section F — Kisumu Terminal Link,456.9,2807.7,32.7,Partially Open,SNS-012
TEL-002755,2026-06-11T14:57:30,SITE-003,Section D — Sinendet Lateral,414.6,3623.2,37.4,Open,SNS-011
TEL-000028,2026-04-23T13:24:48,SITE-007,Section E — Makueni Branch,329.6,2829.9,24.5,Partially Open,SNS-003
TEL-004339,2026-07-10T00:32:27,SITE-005,Section A — Mombasa-Nairobi Main,410.6,3646.2,27.9,Open,SNS-012
TEL-004359,2026-07-10T08:10:21,SITE-001,Section D — Sinendet Lateral,361.9,3714.5,29.3,Closed,SNS-008
TEL-002771,2026-06-11T19:47:28,nairobi terminal,Section C — Nakuru-Eldoret Extension,442.6,3416.1,41.3,Closed,SNS-002
TEL-004259,2026-07-08T09:30:38,NAKURU,Section F — Kisumu Terminal Link,329.9,1726.7,19.8,Closed,SNS-004
TEL-004459,2026-07-12T07:18:38,SITE-007,Section A — Mombasa-Nairobi Main,364.0,2689.5,28.1,Partially Open,SNS-002
TEL-003798,2026-06-30T00:24:06,SITE-001,Section D — Sinendet Lateral,269.0,4481.0,23.7,Open,SNS-006
TEL-003520,2026-06-24T19:39:43,SITE-003,Section C — Nakuru-Eldoret Extension,377.8,2740.6,28.3,Open,SNS-009
TEL-002031,2026-05-29T16:14:21,SITE-005,Section E — Makueni Branch,484.9,3166.8,36.2,Open,SNS-002
TEL-002257,2026-06-02T21:04:30,SITE-007,Section F — Kisumu Terminal Link,410.1,3578.5,28.6,Open,SNS-013
TEL-000582,2026-05-03T11:42:49,SITE-004,Section F — Kisumu Terminal Link,270.1,2220.3,27.7,Open,SNS-013
TEL-001011,2026-05-11T02:51:53,SITE-007,Section D — Sinendet Lateral,379.5,3264.6,37.6,Closed,SNS-001
TEL-003668,2026-06-27T17:06:55,SITE-005,Section D — Sinendet Lateral,470.6,3249.8,21.5,Partially Open,SNS-005
TEL-002984,2026-06-15T03:54:39,SITE-005,Section E — Makueni Branch,233.0,2687.4,29.3,Open,SNS-001
TEL-000740,2026-05-06T03:03:19,SITE-001,Section B — Nairobi-Nakuru Spur,,1960.7,39.0,Partially Open,SNS-013
TEL-001010,2026-05-11T02:34:06,SITE-006,Section B — Nairobi-Nakuru Spur,394.4,2148.2,24.7,Open,SNS-007
TEL-000636,2026-05-04T13:10:04,SITE-003,Section B — Nairobi-Nakuru Spur,579.8,3907.9,28.4,Open,SNS-012
TEL-000558,2026-05-03T00:48:43,SITE-006,Section F — Kisumu Terminal Link,402.9,2252.8,31.6,Partially Open,SNS-005
TEL-004635,2026-07-15T05:23:33,SITE-002,Section D — Sinendet Lateral,432.5,1436.8,32.7,Closed,SNS-005
TEL-004796,2026-07-18T05:39:11,SITE-001,Section B — Nairobi-Nakuru Spur,419.0,2603.6,26.5,Closed,SNS-007
TEL-004340,2026-07-10T00:36:17,SITE-004,Section F — Kisumu Terminal Link,466.3,3340.9,31.7,Open,SNS-012
TEL-001797,2026-05-25T06:15:13,SITE-001,Section E — Makueni Branch,437.9,4059.7,23.9,Closed,SNS-013
TEL-002929,2026-06-14T12:41:00,SITE-005,Section B — Nairobi-Nakuru Spur,362.2,2369.8,26.2,Open,SNS-012
TEL-004282,2026-07-08T19:27:48,SITE-004,Section F — Kisumu Terminal Link,374.8,2363.2,33.1,Open,SNS-006
TEL-000747,2026-05-06T07:01:01,SITE-007,Section C — Nakuru-Eldoret Extension,319.3,3840.8,32.7,Closed,SNS-012
TEL-002689,2026-06-10T10:35:46,SITE-006,Section F — Kisumu Terminal Link,482.8,3088.6,24.3,Closed,SNS-005
TEL-000563,2026-05-03T03:59:41,SITE-007,Section B — Nairobi-Nakuru Spur,313.9,3181.8,30.4,Open,SNS-010
TEL-003628,2026-06-26T22:03:53,makueni pipeline,Section D — Sinendet Lateral,430.6,2474.1,24.7,Open,SNS-005
TEL-003086,2026-06-16T19:01:49,SITE-005,Section B — Nairobi-Nakuru Spur,1150,3040.9,31.6,Closed,SNS-014
TEL-001394,2026-05-18T07:51:13,SITE-001,Section C — Nakuru-Eldoret Extension,350.9,3381.6,32.3,Partially Open,SNS-007
TEL-004620,2026-07-15T00:17:35,SITE-001,Section A — Mombasa-Nairobi Main,478.9,3025.0,30.5,Partially Open,SNS-004
TEL-003713,2026-06-28T12:15:01,SITE-007,Section D — Sinendet Lateral,399.4,1671.1,19.7,Partially Open,SNS-002
TEL-001870,2026-05-26T06:52:05,SITE-005,Section C — Nakuru-Eldoret Extension,381.1,3259.7,32.5,Open,SNS-014
TEL-002333,2026-06-04T01:17:59,SITE-006,Section E — Makueni Branch,242.4,2269.8,24.5,Open,SNS-004
TEL-003865,2026-07-01T05:44:54,SITE-001,Section D — Sinendet Lateral,366.8,3979.5,32.1,Open,SNS-008
TEL-004618,2026-07-14T22:58:12,SITE-006,Section F — Kisumu Terminal Link,413.3,4674.1,31.1,Open,SNS-002
TEL-000423,2026-04-30T12:07:25,SITE-002,Section F — Kisumu Terminal Link,316.2,2562.4,34.2,Closed,SNS-009
TEL-001218,2026-05-14T22:16:58,SITE-001,Section E — Makueni Branch,283.6,2814.9,40.8,Closed,SNS-014
TEL-001217,2026-05-14T22:13:58,NKR Depot,Section C — Nakuru-Eldoret Extension,346.8,1821.3,29.3,Partially Open,SNS-002
TEL-004858,2026-07-19T02:35:19,SITE-006,Section C — Nakuru-Eldoret Extension,302.7,3669.2,34.4,Partially Open,SNS-007
TEL-003489,2026-06-24T09:28:52,SITE-003,Section F — Kisumu Terminal Link,305.5,4377.1,39.2,Closed,SNS-003
TEL-003613,2026-06-26T15:21:57,SITE-001,Section F — Kisumu Terminal Link,397.2,3292.0,22.8,Open,SNS-008
TEL-004701,2026-07-16T11:17:38,SITE-003,Section A — Mombasa-Nairobi Main,402.8,1245.6,39.8,Partially Open,SNS-013
TEL-000588,2026-05-03T15:00:37,SITE-004,Section B — Nairobi-Nakuru Spur,365.1,2902.0,35.2,Partially Open,SNS-013
TEL-000301,2026-04-28T11:26:53,SITE-005,Section D — Sinendet Lateral,357.3,4030.4,20.8,Open,SNS-003
TEL-004333,2026-07-09T19:43:19,SITE-007,Section C — Nakuru-Eldoret Extension,416.6,2317.1,35.8,Open,SNS-008
TEL-000291,2026-04-28T05:42:19,SITE-006,Section F — Kisumu Terminal Link,290.2,1000.0,35.5,Open,SNS-008
TEL-003545,2026-06-25T03:57:14,SITE-005,Section F — Kisumu Terminal Link,468.3,2484.8,27.9,Open,SNS-006
TEL-002556,2026-06-07T21:39:35,SITE-002,Section C — Nakuru-Eldoret Extension,343.0,3886.5,30.6,Open,SNS-013
TEL-003914,2026-07-02T02:33:17,SITE-003,Section A — Mombasa-Nairobi Main,431.6,2247.5,26.6,Closed,SNS-005
TEL-004125,2026-07-05T12:35:27,SITE-004,Section D — Sinendet Lateral,525.9,1827.0,34.8,Open,SNS-008
TEL-001207,2026-05-14T18:23:26,KSM Terminal,Section D — Sinendet Lateral,354.0,2737.4,27.8,Partially Open,SNS-002
TEL-001629,2026-05-22T14:19:36,SITE-003,Section F — Kisumu Terminal Link,477.9,2372.2,34.9,Open,SNS-010
TEL-004982,2026-07-21T16:57:44,MOMBASA,Section C — Nakuru-Eldoret Extension,266.9,3410.2,35.5,Open,SNS-012
TEL-004793,2026-07-18T03:51:21,SITE-002,Section B — Nairobi-Nakuru Spur,456.8,3189.9,27.0,Open,SNS-009
TEL-002714,2026-06-10T18:32:35,SITE-001,Section F — Kisumu Terminal Link,481.8,2433.8,25.7,Partially Open,SNS-006
TEL-004630,2026-07-15T04:50:28,SITE-005,Section B — Nairobi-Nakuru Spur,422.2,3737.8,29.4,Open,SNS-010
TEL-001640,2026-05-22T17:58:16,SITE-006,Section A — Mombasa-Nairobi Main,498.7,4554.8,35.3,Closed,SNS-010
TEL-003876,2026-07-01T11:16:42,SITE-006,Section E — Makueni Branch,420.1,2965.2,25.8,Closed,SNS-014
TEL-002407,2026-06-05T06:49:04,SITE-006,Section C — Nakuru-Eldoret Extension,294.6,3696.9,28.7,Partially Open,SNS-011
TEL-000307,2026-04-28T13:55:19,sinendet pump station,Section F — Kisumu Terminal Link,405.7,1969.8,35.4,Partially Open,SNS-013
TEL-000337,2026-04-29T01:45:52,SITE-007,Section A — Mombasa-Nairobi Main,349.1,2365.6,28.8,Closed,SNS-007
TEL-002126,2026-05-31T04:17:55,SITE-005,Section D — Sinendet Lateral,375.9,3458.2,34.7,Partially Open,SNS-013
TEL-001998,2026-05-29T00:12:25,MSA Terminal,Section E — Makueni Branch,504.6,4531.1,26.1,Open,SNS-002
TEL-001296,2026-05-16T07:25:29,SITE-001,Section F — Kisumu Terminal Link,376.6,4232.9,19.5,Open,SNS-006
TEL-004770,2026-07-17T17:06:47,SITE-001,Section D — Sinendet Lateral,501.7,3599.2,19.7,Partially Open,SNS-005
TEL-001448,2026-05-19T15:04:06,SITE-001,Section B — Nairobi-Nakuru Spur,401.5,3466.7,31.1,Open,SNS-008
TEL-003737,2026-06-28T23:31:12,SITE-005,Section A — Mombasa-Nairobi Main,419.3,3157.2,34.0,Open,SNS-011
TEL-004011,2026-07-03T16:03:22,SITE-004,Section F — Kisumu Terminal Link,404.5,3788.0,27.6,Open,SNS-004
TEL-001637,2026-05-22T16:36:54,Makueni PS,Section F — Kisumu Terminal Link,485.9,2454.6,22.8,Closed,SNS-008
TEL-002082,2026-05-30T10:46:32,SITE-002,Section A — Mombasa-Nairobi Main,469.7,3187.1,22.5,Partially Open,SNS-014
TEL-003276,2026-06-20T05:17:49,NAIROBI,Section D — Sinendet Lateral,461.9,2656.4,36.0,Closed,SNS-002
TEL-002537,2026-06-07T15:07:30,eldoret terminal,Section E — Makueni Branch,251.7,2920.2,33.4,Closed,SNS-006
TEL-000895,2026-05-08T20:09:11,SINENDET,Section F — Kisumu Terminal Link,326.7,2758.5,30.1,Closed,SNS-006
TEL-004021,2026-07-03T18:18:10,SITE-004,Section E — Makueni Branch,349.3,2362.7,32.9,Closed,SNS-009
TEL-003087,2026-06-16T19:04:24,SITE-006,Section B — Nairobi-Nakuru Spur,-46.5,1812.0,33.8,Open,SNS-014
TEL-002557,2026-06-07T21:42:39,SITE-006,Section B — Nairobi-Nakuru Spur,441.4,2253.8,22.5,Open,SNS-014
TEL-002376,2026-06-04T20:13:29,SITE-003,Section D — Sinendet Lateral,353.7,4173.9,32.3,Open,SNS-004
TEL-002909,2026-06-14T03:23:37,SITE-007,Section B — Nairobi-Nakuru Spur,378.3,2946.6,34.3,Closed,SNS-008
TEL-000863,2026-05-08T08:14:04,SITE-006,Section C — Nakuru-Eldoret Extension,485.8,1809.9,30.3,Closed,SNS-003
TEL-003258,2026-06-19T21:31:23,Sinendet  Pump Station,Section E — Makueni Branch,436.5,2596.9,36.2,Open,SNS-002
TEL-000197,2026-04-26T14:38:50,SITE-005,Section F — Kisumu Terminal Link,314.2,2432.6,21.7,Open,SNS-012
TEL-001156,2026-05-13T22:34:25,SITE-004,Section B — Nairobi-Nakuru Spur,435.1,3838.9,15.0,Closed,SNS-012
TEL-003874,2026-07-01T08:41:38,SITE-007,Section F — Kisumu Terminal Link,473.7,3687.9,25.9,Partially Open,SNS-005
TEL-002948,2026-06-14T18:17:09,ELD Terminal,Section C — Nakuru-Eldoret Extension,409.3,3181.3,40.4,Open,SNS-013
TEL-003407,2026-06-22T16:32:43,SITE-002,Section A — Mombasa-Nairobi Main,505.6,1838.9,27.8,Closed,SNS-013
TEL-004320,2026-07-09T13:59:56,ELDORET,Section F — Kisumu Terminal Link,413.0,3251.6,19.4,Closed,SNS-005
TEL-003651,2026-06-27T08:27:04,SITE-002,Section C — Nakuru-Eldoret Extension,443.6,3026.6,38.5,Open,SNS-004
TEL-000468,2026-05-01T07:21:53,SITE-002,Section C — Nakuru-Eldoret Extension,379.4,2976.0,26.9,Closed,SNS-008
TEL-001519,2026-05-20T20:34:11,SITE-002,Section B — Nairobi-Nakuru Spur,411.8,2552.7,26.4,Open,SNS-001
TEL-004950,2026-07-20T22:53:56,SITE-007,Section B — Nairobi-Nakuru Spur,375.5,1663.0,27.7,Open,SNS-003
TEL-003034,2026-06-15T22:55:37,SITE-003,Section C — Nakuru-Eldoret Extension,394.6,4312.0,25.9,Closed,SNS-007
TEL-003931,2026-07-02T07:53:23,SITE-003,Section E — Makueni Branch,311.8,4475.0,22.9,Open,SNS-012
TEL-003795,2026-06-29T23:39:52,SITE-006,Section C — Nakuru-Eldoret Extension,465.0,2649.5,34.5,Open,SNS-011
TEL-004808,2026-07-18T10:05:50,SITE-002,Section C — Nakuru-Eldoret Extension,553.3,3695.9,19.3,Open,SNS-005
TEL-001549,2026-05-21T09:36:48,ELDORET,Section F — Kisumu Terminal Link,,2550.5,30.1,Open,SNS-004
TEL-001782,2026-05-25T00:28:59,SITE-002,Section E — Makueni Branch,439.5,2586.3,30.1,Open,SNS-007
TEL-004054,2026-07-04T09:30:05,SITE-005,Section D — Sinendet Lateral,414.5,2032.7,26.4,Partially Open,SNS-008
TEL-002298,2026-06-03T12:50:20,SITE-005,Section B — Nairobi-Nakuru Spur,485.0,4453.1,25.5,Partially Open,SNS-014
TEL-003169,2026-06-18T06:52:58,SITE-004,Section E — Makueni Branch,413.6,4216.2,45.0,Closed,SNS-007
TEL-002033,2026-05-29T16:25:41,SITE-002,Section B — Nairobi-Nakuru Spur,600.0,2662.4,41.4,Closed,SNS-008
TEL-001123,2026-05-13T04:14:58,SITE-003,Section D — Sinendet Lateral,361.5,4430.0,26.5,Open,SNS-004
TEL-000978,2026-05-10T15:33:52,SITE-006,Section F — Kisumu Terminal Link,376.6,3095.7,32.7,Closed,SNS-008
TEL-002098,2026-05-30T15:21:45,SITE-002,Section B — Nairobi-Nakuru Spur,500.6,2511.2,35.4,Open,SNS-013
TEL-002253,2026-06-02T18:18:53,SITE-005,Section F — Kisumu Terminal Link,370.8,2704.0,21.1,Closed,SNS-014
TEL-004161,2026-07-06T08:30:38,SITE-006,Section E — Makueni Branch,421.9,3095.0,37.3,Partially Open,SNS-006
TEL-004307,2026-07-09T07:29:47,Sinendet PS,Section D — Sinendet Lateral,350.5,3564.8,30.6,Open,SNS-007
TEL-000799,2026-05-07T08:55:29,SITE-005,Section C — Nakuru-Eldoret Extension,414.5,4676.0,31.6,Open,SNS-008
TEL-001874,2026-05-26T08:02:11,Eldoret  Terminal,Section D — Sinendet Lateral,489.8,2493.0,28.6,Partially Open,SNS-008
TEL-003774,2026-06-29T15:49:46,SITE-004,Section C — Nakuru-Eldoret Extension,402.8,2908.1,30.2,Partially Open,SNS-010
TEL-000678,2026-05-05T04:11:13,Mombasa  Terminal,Section A — Mombasa-Nairobi Main,518.8,3235.6,30.6,Open,SNS-006
TEL-000700,2026-05-05T10:10:45,Sinendet  Pump Station,Section B — Nairobi-Nakuru Spur,506.5,3429.4,27.5,Open,SNS-004
TEL-004499,2026-07-12T20:30:13,MAKUENI,Section E — Makueni Branch,368.6,2649.5,39.2,Open,SNS-007
TEL-001759,2026-05-24T16:40:24,SITE-005,Section F — Kisumu Terminal Link,414.3,3634.8,23.5,Closed,SNS-007
TEL-000871,2026-05-08T12:24:38,SITE-002,Section A — Mombasa-Nairobi Main,280.4,2808.7,34.1,Open,SNS-012
TEL-004104,2026-07-05T07:45:53,SITE-002,Section D — Sinendet Lateral,566.5,3694.8,31.7,Closed,SNS-005
TEL-002269,2026-06-03T01:42:16,SITE-007,Section C — Nakuru-Eldoret Extension,472.5,4152.6,24.8,Partially Open,SNS-014
TEL-002886,2026-06-13T19:15:26,SITE-003,Section C — Nakuru-Eldoret Extension,500.0,2945.1,22.8,Partially Open,SNS-002
TEL-002402,2026-06-05T04:57:58,SITE-006,Section D — Sinendet Lateral,385.2,1669.4,27.5,Closed,SNS-004
TEL-002114,2026-05-30T21:37:13,SITE-002,Section D — Sinendet Lateral,424.3,2101.2,35.1,Open,SNS-011
TEL-004439,2026-07-11T19:06:38,SITE-005,Section B — Nairobi-Nakuru Spur,372.5,2728.5,31.0,Open,SNS-001
TEL-003186,2026-06-18T11:54:08,SITE-005,Section A — Mombasa-Nairobi Main,334.9,1977.3,29.3,Partially Open,SNS-009
TEL-000738,2026-05-06T02:51:34,SITE-002,Section A — Mombasa-Nairobi Main,445.3,3420.5,31.4,Open,SNS-012
TEL-000440,2026-04-30T21:00:59,SITE-001,Section D — Sinendet Lateral,450.2,3112.9,29.7,Closed,SNS-002
TEL-003476,2026-06-24T04:31:47,nakuru depot,Section B — Nairobi-Nakuru Spur,413.6,3711.0,35.6,Open,SNS-012
TEL-002920,2026-06-14T09:16:20,SITE-003,Section A — Mombasa-Nairobi Main,436.5,4304.2,33.4,Partially Open,SNS-007
TEL-004658,2026-07-15T17:24:38,SITE-001,Section B — Nairobi-Nakuru Spur,377.6,2131.8,28.7,Partially Open,SNS-014
TEL-000489,2026-05-01T17:19:01,SITE-002,Section B — Nairobi-Nakuru Spur,451.9,2096.5,32.2,Closed,SNS-007
TEL-004755,2026-07-17T09:15:29,SITE-003,Section B — Nairobi-Nakuru Spur,404.3,3363.5,34.0,Open,SNS-009
TEL-004184,2026-07-06T22:30:39,Kisumu term,Section B — Nairobi-Nakuru Spur,383.5,3149.7,24.8,Closed,SNS-004
TEL-001443,2026-05-19T14:00:33,SITE-004,Section D — Sinendet Lateral,342.1,2133.6,34.8,Partially Open,SNS-004
TEL-004956,2026-07-21T02:12:23,SITE-005,Section C — Nakuru-Eldoret Extension,339.2,2420.5,33.4,Open,SNS-011
TEL-003121,2026-06-17T11:56:06,SITE-003,Section C — Nakuru-Eldoret Extension,391.8,3425.8,39.2,Closed,SNS-001
TEL-002921,2026-06-14T09:20:03,Sinendet  Pump Station,Section E — Makueni Branch,361.2,1828.0,29.8,Open,SNS-010
TEL-004610,2026-07-14T20:00:20,SITE-007,Section A — Mombasa-Nairobi Main,284.0,1977.1,42.9,Closed,SNS-002
TEL-001040,2026-05-11T15:30:26,SITE-003,Section B — Nairobi-Nakuru Spur,303.3,2652.6,32.4,Open,SNS-008
TEL-000962,2026-05-10T04:33:44,SITE-006,Section D — Sinendet Lateral,339.7,4561.6,23.6,Open,SNS-001
TEL-000851,2026-05-08T02:14:05,SITE-004,Section F — Kisumu Terminal Link,303.2,2590.2,23.1,Partially Open,SNS-013
TEL-001842,2026-05-25T21:17:34,SITE-001,Section E — Makueni Branch,486.8,1000.0,24.6,Open,SNS-007
TEL-001074,2026-05-12T05:37:13,SITE-004,Section D — Sinendet Lateral,600.0,3213.8,27.5,Partially Open,SNS-013
TEL-000622,2026-05-04T07:26:17,Nakuru dep,Section C — Nakuru-Eldoret Extension,466.7,3654.8,33.0,Closed,SNS-014
TEL-000027,2026-04-23T12:50:45,SITE-004,Section D — Sinendet Lateral,414.9,2477.8,,Open,SNS-002
TEL-001299,2026-05-16T08:42:04,ELDORET,Section A — Mombasa-Nairobi Main,368.0,2306.7,36.1,Closed,SNS-013
TEL-000324,2026-04-28T18:51:18,SITE-001,Section D — Sinendet Lateral,362.3,2163.0,20.8,Partially Open,SNS-013
TEL-003513,2026-06-24T16:47:00,SITE-005,Section D — Sinendet Lateral,369.9,4184.1,40.7,Closed,SNS-004
TEL-004889,2026-07-19T18:48:29,SITE-002,Section D — Sinendet Lateral,343.6,3629.9,27.0,Open,SNS-004
TEL-000488,2026-05-01T17:13:01,SITE-005,Section D — Sinendet Lateral,433.3,3046.3,31.5,Closed,SNS-012
TEL-003643,2026-06-27T05:22:06,SITE-005,Section E — Makueni Branch,360.0,3648.5,29.6,Open,SNS-003
TEL-003518,2026-06-24T18:51:50,Eldoret term,Section E — Makueni Branch,416.7,3069.7,29.9,Partially Open,SNS-012
TEL-003151,2026-06-17T23:47:59,SITE-005,Section F — Kisumu Terminal Link,276.2,3551.8,18.7,Closed,SNS-013
TEL-000595,2026-05-03T18:07:49,SITE-006,Section E — Makueni Branch,373.0,3502.5,28.3,Open,SNS-009
TEL-001992,2026-05-28T22:15:42,SITE-007,Section C — Nakuru-Eldoret Extension,406.1,3608.8,20.5,Partially Open,SNS-008
TEL-000230,2026-04-27T01:39:08,SITE-003,Section F — Kisumu Terminal Link,451.3,2517.0,24.2,Open,SNS-014
TEL-001649,2026-05-22T20:04:51,SITE-007,Section C — Nakuru-Eldoret Extension,536.1,2891.9,40.2,Open,SNS-005
TEL-003908,2026-07-01T22:39:44,Nakuru dep,Section A — Mombasa-Nairobi Main,449.4,2296.5,32.2,Open,SNS-004
TEL-004569,2026-07-14T08:03:40,Makueni PS,Section E — Makueni Branch,372.2,3073.7,23.9,Partially Open,SNS-011
TEL-003891,2026-07-01T16:05:28,SITE-002,Section D — Sinendet Lateral,556.9,2475.4,32.6,Open,SNS-011
TEL-000010,2026-04-23T05:09:45,SITE-007,Section D — Sinendet Lateral,485.8,3724.7,25.8,Closed,SNS-013
TEL-003065,2026-06-16T12:03:34,SITE-005,Section D — Sinendet Lateral,393.1,2529.3,30.7,Open,SNS-012
TEL-000980,2026-05-10T15:52:27,SITE-007,Section C — Nakuru-Eldoret Extension,370.7,3590.3,31.2,Partially Open,SNS-003
TEL-001157,2026-05-13T23:19:06,SITE-001,Section A — Mombasa-Nairobi Main,328.4,2100.5,,Open,SNS-011
TEL-003459,2026-06-23T21:28:11,Nairobi  Terminal,Section F — Kisumu Terminal Link,433.2,2732.9,29.8,Open,SNS-001
TEL-001349,2026-05-17T08:21:04,SITE-003,Section E — Makueni Branch,361.6,3294.4,27.3,Open,SNS-009
TEL-004924,2026-07-20T09:06:06,KSM Terminal,Section B — Nairobi-Nakuru Spur,511.5,2090.9,15.6,Open,SNS-002
TEL-002729,2026-06-11T01:16:24,Eldoret term,Section D — Sinendet Lateral,349.0,3826.5,36.2,Partially Open,SNS-013
TEL-004112,2026-07-05T08:40:57,SITE-004,Section A — Mombasa-Nairobi Main,370.4,3500.6,23.2,Closed,SNS-005
TEL-001387,2026-05-18T06:14:54,SITE-004,Section A — Mombasa-Nairobi Main,392.1,2606.3,42.3,Partially Open,SNS-007
TEL-000821,2026-05-07T17:16:55,SITE-007,Section D — Sinendet Lateral,470.5,2559.1,22.5,Open,SNS-014
TEL-004864,2026-07-19T04:44:15,SITE-005,Section C — Nakuru-Eldoret Extension,307.7,3841.2,35.3,Closed,SNS-010
TEL-002594,2026-06-08T16:27:12,SITE-003,Section C — Nakuru-Eldoret Extension,342.7,2427.8,29.2,Open,SNS-008
TEL-003343,2026-06-21T13:33:53,makueni section,Section C — Nakuru-Eldoret Extension,474.4,3142.2,32.2,Open,SNS-005
TEL-000136,2026-04-25T13:05:17,SITE-003,Section C — Nakuru-Eldoret Extension,458.2,4580.4,35.3,Closed,SNS-002
TEL-003444,2026-06-23T13:15:27,SITE-005,Section D — Sinendet Lateral,435.8,4112.2,30.5,Partially Open,SNS-008
TEL-000994,2026-05-10T20:00:14,SITE-002,Section A — Mombasa-Nairobi Main,368.3,,19.3,Open,SNS-012
TEL-000990,2026-05-10T19:17:32,SITE-005,Section D — Sinendet Lateral,375.0,3625.9,38.1,Partially Open,SNS-004
TEL-004409,2026-07-11T05:24:54,SITE-002,Section E — Makueni Branch,315.3,3444.7,21.8,Closed,SNS-003
TEL-001752,2026-05-24T15:15:53,SITE-001,Section D — Sinendet Lateral,588.4,3661.1,40.6,Closed,SNS-002
TEL-001370,2026-05-17T17:44:11,SITE-001,Section E — Makueni Branch,473.1,3292.1,22.2,Partially Open,SNS-011
TEL-001716,2026-05-23T23:10:51,SITE-005,Section E — Makueni Branch,331.4,2922.1,34.4,Open,SNS-003
TEL-000100,2026-04-24T19:52:09,SITE-005,Section B — Nairobi-Nakuru Spur,431.4,3661.2,25.7,Closed,SNS-005
TEL-003175,2026-06-18T07:47:08,Kisumu term,Section C — Nakuru-Eldoret Extension,264.7,3515.4,36.8,Open,SNS-001
TEL-001986,2026-05-28T19:39:03,kisumu terminal,Section B — Nairobi-Nakuru Spur,413.5,1500.5,21.0,Partially Open,SNS-004
TEL-001237,2026-05-15T08:40:35,SITE-003,Section F — Kisumu Terminal Link,431.4,3752.6,19.9,Open,SNS-013
TEL-000084,2026-04-24T12:47:15,SITE-006,Section C — Nakuru-Eldoret Extension,403.1,1871.5,35.3,Closed,SNS-009
TEL-000570,2026-05-03T06:52:07,Sinendet  Pump Station,Section E — Makueni Branch,431.0,3173.8,31.8,Open,SNS-012
TEL-004322,2026-07-09T14:27:47,SITE-007,Section C — Nakuru-Eldoret Extension,391.1,2284.0,33.7,Open,SNS-010
TEL-002068,2026-05-30T04:28:00,SITE-006,Section F — Kisumu Terminal Link,295.3,3617.6,28.8,Open,SNS-009
TEL-003358,2026-06-21T21:14:36,SITE-005,Section D — Sinendet Lateral,437.4,3522.5,28.0,Partially Open,SNS-005
TEL-004799,2026-07-18T06:32:51,SITE-005,Section D — Sinendet Lateral,463.3,3819.0,38.6,Closed,SNS-008
TEL-000221,2026-04-26T23:00:36,SITE-005,Section D — Sinendet Lateral,351.9,3576.4,29.9,Closed,SNS-009
TEL-004000,2026-07-03T11:28:11,SITE-002,Section F — Kisumu Terminal Link,412.5,2716.3,29.6,Open,SNS-006
TEL-002830,2026-06-12T20:30:18,SITE-003,Section F — Kisumu Terminal Link,361.6,2818.9,40.2,Open,SNS-013
TEL-004939,2026-07-20T19:06:49,ELD Terminal,Section C — Nakuru-Eldoret Extension,413.9,1963.4,32.8,Closed,SNS-009
TEL-003653,2026-06-27T09:57:21,SITE-005,Section E — Makueni Branch,431.8,2579.4,33.0,Open,SNS-014
TEL-000826,2026-05-07T18:12:08,SITE-004,Section F — Kisumu Terminal Link,464.8,3053.9,29.5,Closed,SNS-013
TEL-004740,2026-07-17T04:48:45,SITE-007,Section D — Sinendet Lateral,420.0,2725.0,24.8,Partially Open,SNS-007
TEL-001595,2026-05-21T23:39:15,SITE-003,Section A — Mombasa-Nairobi Main,519.9,3102.7,26.0,Closed,SNS-002
TEL-000349,2026-04-29T05:23:17,SITE-002,Section E — Makueni Branch,538.6,2721.8,22.8,Open,SNS-014
TEL-001619,2026-05-22T11:14:32,SITE-006,Section D — Sinendet Lateral,422.6,1750.0,18.3,Partially Open,SNS-001
TEL-003287,2026-06-20T11:08:53,SITE-004,Section C — Nakuru-Eldoret Extension,330.2,2045.9,35.6,Closed,SNS-003
TEL-001793,2026-05-25T04:02:54,Eldoret term,Section F — Kisumu Terminal Link,473.9,2992.9,22.8,Open,SNS-013
TEL-004568,2026-07-14T07:57:20,SITE-004,Section A — Mombasa-Nairobi Main,308.4,2772.1,42.2,Open,SNS-010
TEL-000243,2026-04-27T05:37:12,SITE-001,Section B — Nairobi-Nakuru Spur,454.8,1643.4,44.3,Open,SNS-013
TEL-003415,2026-06-22T22:23:01,SITE-003,Section A — Mombasa-Nairobi Main,510.1,1530.4,35.4,Open,SNS-010
TEL-000220,2026-04-26T22:58:36,makueni pipeline,Section D — Sinendet Lateral,498.6,2574.0,26.0,Closed,SNS-014
TEL-000776,2026-05-06T21:29:40,SITE-007,Section E — Makueni Branch,384.2,1965.4,28.3,Open,SNS-009
TEL-001031,2026-05-11T12:36:43,SITE-004,Section F — Kisumu Terminal Link,285.5,3071.1,29.7,Closed,SNS-007
TEL-000947,2026-05-09T21:46:47,SITE-001,Section A — Mombasa-Nairobi Main,316.8,3090.3,26.3,Open,SNS-003
TEL-001770,2026-05-24T20:19:03,SITE-001,Section A — Mombasa-Nairobi Main,337.2,3848.3,29.0,Closed,SNS-011
TEL-003335,2026-06-21T09:50:47,SITE-001,Section E — Makueni Branch,600.0,2755.0,40.6,Open,SNS-011
TEL-001751,2026-05-24T14:46:02,SITE-007,Section C — Nakuru-Eldoret Extension,434.5,3070.5,15.6,Open,SNS-010
TEL-001305,2026-05-16T12:20:48,SITE-001,Section D — Sinendet Lateral,318.8,2305.9,23.3,Partially Open,SNS-012
TEL-002825,2026-06-12T18:39:23,Nakuru  Depot,Section C — Nakuru-Eldoret Extension,443.1,3466.1,34.0,Open,SNS-014
TEL-004313,2026-07-09T12:20:41,SITE-002,Section A — Mombasa-Nairobi Main,319.5,2231.0,34.1,Open,SNS-008
TEL-002639,2026-06-09T11:43:45,Thange section,Section F — Kisumu Terminal Link,506.1,4515.7,29.3,Partially Open,SNS-010
TEL-003147,2026-06-17T21:10:17,SITE-006,Section F — Kisumu Terminal Link,410.5,3166.4,31.3,Open,SNS-006
TEL-001261,2026-05-15T15:21:38,SITE-005,Section F — Kisumu Terminal Link,369.0,2560.4,35.3,Partially Open,SNS-013
TEL-004520,2026-07-13T11:22:11,SITE-003,Section E — Makueni Branch,381.8,2089.8,24.6,Closed,SNS-010
TEL-002044,2026-05-29T20:01:26,SITE-001,Section C — Nakuru-Eldoret Extension,400.3,3090.9,23.0,Closed,SNS-007
TEL-003784,2026-06-29T18:27:21,sinendet pump station,Section A — Mombasa-Nairobi Main,479.2,3493.2,30.6,Open,SNS-002
TEL-004640,2026-07-15T07:52:14,SITE-005,Section C — Nakuru-Eldoret Extension,265.3,3071.4,19.6,Closed,SNS-002
TEL-002458,2026-06-06T05:56:19,SITE-006,Section F — Kisumu Terminal Link,386.8,2681.5,30.4,Closed,SNS-011
TEL-002096,2026-05-30T15:01:13,SITE-004,Section F — Kisumu Terminal Link,327.9,2599.1,38.9,Closed,SNS-001
TEL-002903,2026-06-14T01:31:54,SITE-005,Section D — Sinendet Lateral,314.4,3708.9,45.0,Closed,SNS-009
TEL-001279,2026-05-16T01:34:17,SITE-005,Section A — Mombasa-Nairobi Main,344.0,2264.0,31.3,Closed,SNS-005
TEL-002621,2026-06-09T05:19:26,SITE-005,Section B — Nairobi-Nakuru Spur,533.9,3792.4,31.1,Open,SNS-006
TEL-002339,2026-06-04T04:21:29,SITE-007,Section D — Sinendet Lateral,333.0,3717.2,32.7,Open,SNS-004
TEL-002849,2026-06-13T04:18:01,SITE-002,Section A — Mombasa-Nairobi Main,470.2,2756.5,22.0,Open,SNS-001
TEL-002457,2026-06-06T05:45:24,SITE-002,Section B — Nairobi-Nakuru Spur,528.3,2732.4,32.2,Partially Open,SNS-001
TEL-003229,2026-06-19T03:31:12,SITE-001,Section B — Nairobi-Nakuru Spur,361.6,1853.9,31.9,Open,SNS-010
TEL-003652,2026-06-27T09:36:15,SITE-001,Section A — Mombasa-Nairobi Main,501.1,2915.9,30.6,Open,SNS-014
TEL-001792,2026-05-25T03:47:39,SITE-004,Section D — Sinendet Lateral,437.9,3966.1,35.9,Closed,SNS-013
TEL-002657,2026-06-09T20:06:38,SITE-006,Section E — Makueni Branch,297.8,2961.3,29.7,Open,SNS-011
TEL-003211,2026-06-18T19:34:42,SITE-007,Section A — Mombasa-Nairobi Main,227.1,2626.2,38.0,Partially Open,SNS-007
TEL-002828,2026-06-12T20:00:40,SITE-006,Section B — Nairobi-Nakuru Spur,467.9,2922.3,28.4,Open,SNS-014
TEL-000353,2026-04-29T06:07:28,Sinendet  Pump Station,Section F — Kisumu Terminal Link,357.6,2588.4,15.0,Closed,SNS-002
TEL-003709,2026-06-28T11:51:19,MSA Terminal,Section B — Nairobi-Nakuru Spur,395.4,,19.3,Closed,SNS-013
TEL-003812,2026-06-30T07:05:21,SITE-006,Section D — Sinendet Lateral,276.7,3821.8,37.8,Closed,SNS-009
TEL-000814,2026-05-07T14:42:44,Nakuru dep,Section D — Sinendet Lateral,511.1,1849.2,30.5,Open,SNS-001
TEL-004962,2026-07-21T04:04:04,SITE-006,Section F — Kisumu Terminal Link,335.7,4703.5,20.7,Partially Open,SNS-011
TEL-000235,2026-04-27T03:19:24,Kisumu term,Section D — Sinendet Lateral,364.8,3341.7,34.5,Closed,SNS-008
TEL-001113,2026-05-12T21:32:58,SITE-005,Section A — Mombasa-Nairobi Main,486.7,2296.7,35.3,Open,SNS-004
TEL-000533,2026-05-02T12:07:03,SITE-002,Section E — Makueni Branch,1150,2571.1,29.5,Open,SNS-010
TEL-001472,2026-05-19T23:07:01,SITE-002,Section C — Nakuru-Eldoret Extension,562.5,2699.5,16.0,Open,SNS-008
TEL-000924,2026-05-09T11:52:48,SITE-002,Section C — Nakuru-Eldoret Extension,363.2,2533.0,33.0,Closed,SNS-010
TEL-001610,2026-05-22T03:48:58,SITE-002,Section A — Mombasa-Nairobi Main,465.3,4111.7,25.2,Open,SNS-005
TEL-002156,2026-05-31T18:18:47,SITE-001,Section B — Nairobi-Nakuru Spur,380.2,2470.2,22.1,Open,SNS-010
TEL-001274,2026-05-16T00:03:55,SITE-002,Section F — Kisumu Terminal Link,396.4,3915.7,21.3,Closed,SNS-003
TEL-002550,2026-06-07T19:53:51,SITE-002,Section B — Nairobi-Nakuru Spur,355.9,2586.5,26.7,Partially Open,SNS-012
TEL-001814,2026-05-25T11:24:26,SITE-007,Section B — Nairobi-Nakuru Spur,456.6,4287.6,30.5,Closed,SNS-014
TEL-004465,2026-07-12T09:44:19,SITE-004,Section D — Sinendet Lateral,432.3,2725.5,32.9,Open,SNS-009
TEL-004020,2026-07-03T18:11:46,SITE-002,Section E — Makueni Branch,470.2,2808.8,28.5,Partially Open,SNS-006
TEL-000097,2026-04-24T18:37:44,SITE-003,Section D — Sinendet Lateral,345.1,3113.5,26.2,Open,SNS-013
TEL-000374,2026-04-29T14:54:04,Mombasa  Terminal,Section E — Makueni Branch,424.7,3014.0,28.9,Partially Open,SNS-001
TEL-001371,2026-05-17T17:50:16,SITE-006,Section D — Sinendet Lateral,386.2,3426.9,24.5,Partially Open,SNS-010
TEL-000332,2026-04-29T00:19:09,SITE-007,Section C — Nakuru-Eldoret Extension,421.1,3238.0,29.9,Closed,SNS-006
TEL-004214,2026-07-07T11:31:15,SITE-005,Section D — Sinendet Lateral,600.0,4390.2,31.9,Closed,SNS-001
TEL-000819,2026-05-07T16:49:53,SITE-003,Section D — Sinendet Lateral,200.0,2098.2,22.5,Open,SNS-014
TEL-002617,2026-06-09T04:04:55,SITE-001,Section F — Kisumu Terminal Link,416.8,3914.1,24.6,Closed,SNS-013
TEL-000708,2026-05-05T15:41:05,SITE-004,Section B — Nairobi-Nakuru Spur,336.6,2013.9,20.9,Open,SNS-013
TEL-001905,2026-05-26T23:12:36,SITE-001,Section C — Nakuru-Eldoret Extension,297.3,3211.5,23.1,Open,SNS-005
TEL-000149,2026-04-25T21:49:26,SITE-006,Section C — Nakuru-Eldoret Extension,332.8,3564.8,40.1,Open,SNS-003
TEL-004823,2026-07-18T15:19:24,SITE-007,Section C — Nakuru-Eldoret Extension,440.7,2048.6,37.2,Closed,SNS-004
TEL-002406,2026-06-05T06:42:34,SITE-005,Section D — Sinendet Lateral,359.8,2451.5,25.9,Partially Open,SNS-005
TEL-003067,2026-06-16T12:41:21,SITE-007,Section E — Makueni Branch,402.7,3328.3,42.3,Closed,SNS-001
TEL-003725,2026-06-28T17:08:59,NAKURU,Section B — Nairobi-Nakuru Spur,307.1,2505.3,36.0,Open,SNS-005
TEL-001936,2026-05-27T16:17:24,SITE-006,Section C — Nakuru-Eldoret Extension,486.0,3831.9,32.9,Open,SNS-008
TEL-004291,2026-07-08T21:22:40,SITE-005,Section B — Nairobi-Nakuru Spur,457.9,1252.7,28.0,Partially Open,SNS-008
TEL-004644,2026-07-15T09:55:21,SITE-002,Section A — Mombasa-Nairobi Main,424.1,2048.5,25.5,Partially Open,SNS-013
TEL-002747,2026-06-11T11:59:11,SITE-003,Section D — Sinendet Lateral,430.5,2263.3,35.0,Open,SNS-008
TEL-000214,2026-04-26T21:09:28,SITE-006,Section D — Sinendet Lateral,403.7,2229.9,32.1,Partially Open,SNS-009
TEL-002824,2026-06-12T17:41:51,SITE-001,Section D — Sinendet Lateral,465.8,2479.0,35.7,Open,SNS-002
TEL-004136,2026-07-05T18:45:32,KSM Terminal,Section A — Mombasa-Nairobi Main,473.9,3169.4,31.0,Open,SNS-007
TEL-004992,2026-07-21T20:19:00,SITE-007,Section C — Nakuru-Eldoret Extension,239.5,2899.6,34.3,Closed,SNS-006
TEL-001135,2026-05-13T11:24:30,SITE-004,Section E — Makueni Branch,423.7,3921.3,37.0,Closed,SNS-001
TEL-002503,2026-06-06T22:47:14,SITE-006,Section B — Nairobi-Nakuru Spur,515.1,4534.6,30.4,Open,SNS-006
TEL-001927,2026-05-27T10:16:07,MAKUENI,Section A — Mombasa-Nairobi Main,407.2,2154.4,39.4,Partially Open,SNS-005
TEL-004158,2026-07-06T08:05:18,SITE-006,Section B — Nairobi-Nakuru Spur,521.2,3721.8,28.2,Closed,SNS-014
TEL-000271,2026-04-27T18:47:54,SITE-001,Section C — Nakuru-Eldoret Extension,352.2,3836.9,30.1,Open,SNS-012
TEL-000294,2026-04-28T07:47:41,SITE-002,Section A — Mombasa-Nairobi Main,281.6,2052.3,19.3,Closed,SNS-003
TEL-003450,2026-06-23T14:53:38,ELD Terminal,Section C — Nakuru-Eldoret Extension,303.0,1807.7,33.7,Open,SNS-014
TEL-003346,2026-06-21T15:31:28,NKR Depot,Section A — Mombasa-Nairobi Main,254.3,1630.9,22.3,Open,SNS-009
TEL-002454,2026-06-06T03:44:28,SITE-005,Section B — Nairobi-Nakuru Spur,334.7,3737.7,27.6,Open,SNS-013
TEL-000093,2026-04-24T17:08:54,SITE-006,Section E — Makueni Branch,335.4,2447.4,24.4,Open,SNS-003
TEL-001227,2026-05-15T03:08:55,SITE-002,Section B — Nairobi-Nakuru Spur,399.3,2338.8,40.8,Closed,SNS-009
TEL-001424,2026-05-19T04:29:18,SITE-006,Section C — Nakuru-Eldoret Extension,380.5,2590.8,30.7,Closed,SNS-001
TEL-004265,2026-07-08T11:57:39,SITE-001,Section B — Nairobi-Nakuru Spur,291.8,3634.5,25.0,Open,SNS-006
TEL-004303,2026-07-09T03:30:14,SITE-004,Section D — Sinendet Lateral,391.7,3260.8,34.3,Open,SNS-008
TEL-001769,2026-05-24T20:00:08,SITE-005,Section B — Nairobi-Nakuru Spur,452.1,2928.2,31.3,Partially Open,SNS-002
TEL-001219,2026-05-14T22:41:26,SITE-005,Section C — Nakuru-Eldoret Extension,404.2,2618.3,26.3,Open,SNS-004
TEL-003414,2026-06-22T22:18:31,SITE-005,Section B — Nairobi-Nakuru Spur,397.5,2370.2,42.4,Partially Open,SNS-008
TEL-000987,2026-05-10T18:48:04,SITE-006,Section D — Sinendet Lateral,448.9,3372.1,29.8,Open,SNS-011
TEL-003015,2026-06-15T15:53:21,SITE-002,Section B — Nairobi-Nakuru Spur,276.8,3403.3,28.2,Open,SNS-010
TEL-000380,2026-04-29T16:49:16,NAIROBI,Section B — Nairobi-Nakuru Spur,416.0,3686.9,20.8,Partially Open,SNS-006
TEL-004746,2026-07-17T06:05:21,Nakuru dep,Section E — Makueni Branch,309.5,3302.5,31.5,Open,SNS-013
TEL-000751,2026-05-06T10:32:44,SITE-002,Section D — Sinendet Lateral,450.9,1576.9,35.3,Closed,SNS-013
TEL-003897,2026-07-01T18:38:13,SITE-001,Section A — Mombasa-Nairobi Main,408.0,4555.9,24.0,Closed,SNS-004
TEL-000031,2026-04-23T14:18:47,SITE-007,Section A — Mombasa-Nairobi Main,466.6,1566.1,30.8,Closed,SNS-011
TEL-002723,2026-06-10T22:53:46,SITE-003,Section E — Makueni Branch,403.6,2274.6,26.8,Closed,SNS-012
TEL-003044,2026-06-16T03:18:34,SITE-003,Section A — Mombasa-Nairobi Main,378.3,3789.5,27.0,Open,SNS-002
TEL-004133,2026-07-05T16:39:38,SITE-004,Section A — Mombasa-Nairobi Main,418.6,3051.2,37.6,Closed,SNS-001
TEL-001367,2026-05-17T16:22:00,SITE-004,Section E — Makueni Branch,391.0,2273.5,28.4,Open,SNS-014
TEL-003130,2026-06-17T14:26:11,SITE-007,Section A — Mombasa-Nairobi Main,408.8,4815.5,36.6,Open,SNS-010
TEL-004777,2026-07-17T18:53:06,SITE-004,Section E — Makueni Branch,348.7,4322.5,28.3,Closed,SNS-003
TEL-002797,2026-06-12T09:34:41,SITE-002,Section B — Nairobi-Nakuru Spur,373.2,3427.5,33.7,Open,SNS-002
TEL-003551,2026-06-25T06:24:42,SITE-003,Section E — Makueni Branch,409.4,2780.5,31.0,Open,SNS-009
TEL-001404,2026-05-18T16:32:59,SITE-004,Section E — Makueni Branch,327.8,1807.9,34.6,Open,SNS-001
TEL-002278,2026-06-03T07:13:59,SITE-002,Section D — Sinendet Lateral,335.4,2012.0,30.9,Closed,SNS-001
TEL-003963,2026-07-02T20:29:24,SITE-001,Section C — Nakuru-Eldoret Extension,396.3,3203.9,40.7,Closed,SNS-010
TEL-004854,2026-07-19T00:58:05,nairobi terminal,Section B — Nairobi-Nakuru Spur,468.1,2591.8,19.4,Open,SNS-005
TEL-001105,2026-05-12T19:36:52,SITE-004,Section B — Nairobi-Nakuru Spur,429.8,3494.5,24.5,Open,SNS-012
TEL-001458,2026-05-19T18:24:15,SITE-001,Section B — Nairobi-Nakuru Spur,244.6,2299.9,34.9,Closed,SNS-012
TEL-002144,2026-05-31T12:11:33,SITE-005,Section D — Sinendet Lateral,475.5,3160.2,36.1,Closed,SNS-004
TEL-003388,2026-06-22T10:33:07,SITE-005,Section E — Makueni Branch,319.3,2885.5,27.2,Closed,SNS-011
TEL-001190,2026-05-14T12:17:40,SITE-004,Section D — Sinendet Lateral,357.2,3449.3,36.4,Partially Open,SNS-006
TEL-002200,2026-06-01T20:09:42,SITE-006,Section E — Makueni Branch,416.8,2714.2,31.7,Closed,SNS-011
TEL-004134,2026-07-05T17:19:43,SITE-001,Section F — Kisumu Terminal Link,425.2,2349.7,33.4,Open,SNS-012
TEL-002757,2026-06-11T15:24:14,SITE-004,Section D — Sinendet Lateral,373.3,1997.9,27.5,Open,SNS-009
TEL-002530,2026-06-07T12:10:36,SITE-007,Section A — Mombasa-Nairobi Main,512.6,3590.6,19.1,Closed,SNS-010
TEL-001550,2026-05-21T09:52:19,SITE-006,Section E — Makueni Branch,398.0,2491.2,36.3,Open,SNS-010
TEL-001889,2026-05-26T16:31:54,SITE-007,Section E — Makueni Branch,514.1,3268.0,23.3,Open,SNS-012
TEL-004341,2026-07-10T00:40:42,eldoret terminal,Section D — Sinendet Lateral,466.4,3770.3,24.2,Open,SNS-006
TEL-001064,2026-05-12T02:05:25,SITE-003,Section F — Kisumu Terminal Link,511.3,1618.2,39.2,Closed,SNS-013
TEL-004528,2026-07-13T14:33:35,SITE-003,Section C — Nakuru-Eldoret Extension,400.2,3701.4,32.6,Open,SNS-013
TEL-004890,2026-07-19T18:58:55,SITE-004,Section F — Kisumu Terminal Link,297.8,3164.4,31.5,Closed,SNS-009
TEL-002883,2026-06-13T18:43:45,SITE-001,Section C — Nakuru-Eldoret Extension,421.0,4256.1,22.7,Open,SNS-003
TEL-004476,2026-07-12T12:00:16,SITE-007,Section F — Kisumu Terminal Link,404.1,,33.5,Closed,SNS-004
TEL-003930,2026-07-02T07:15:27,SITE-004,Section D — Sinendet Lateral,335.7,2716.0,19.3,Partially Open,SNS-004
TEL-003460,2026-06-23T22:01:22,SITE-006,Section B — Nairobi-Nakuru Spur,456.4,3558.1,31.6,Open,SNS-010
TEL-000147,2026-04-25T21:19:21,SITE-001,Section C — Nakuru-Eldoret Extension,567.2,2824.8,39.9,Open,SNS-009
TEL-000466,2026-05-01T06:28:34,SITE-002,Section C — Nakuru-Eldoret Extension,559.0,2564.6,29.7,Partially Open,SNS-008
TEL-003998,2026-07-03T10:57:51,SITE-003,Section A — Mombasa-Nairobi Main,415.3,3716.5,23.8,Open,SNS-009
TEL-002118,2026-05-30T22:57:15,SITE-001,Section F — Kisumu Terminal Link,555.9,3236.6,28.1,Open,SNS-012
TEL-004968,2026-07-21T09:54:17,SITE-001,Section E — Makueni Branch,270.5,1734.1,28.2,Partially Open,SNS-001
TEL-003763,2026-06-29T09:35:31,Eldoret term,Section D — Sinendet Lateral,442.9,3639.9,32.2,Closed,SNS-005
TEL-003883,2026-07-01T14:00:19,Eldoret  Terminal,Section A — Mombasa-Nairobi Main,397.3,2014.4,17.3,Closed,SNS-014
TEL-000383,2026-04-29T18:23:11,SITE-002,Section C — Nakuru-Eldoret Extension,373.5,2943.0,26.3,Closed,SNS-014
TEL-000510,2026-05-02T03:18:05,SITE-002,Section F — Kisumu Terminal Link,443.7,2685.9,23.7,Open,SNS-003
TEL-003757,2026-06-29T07:28:37,SITE-005,Section E — Makueni Branch,349.1,4259.4,26.9,Partially Open,SNS-004
TEL-000598,2026-05-03T19:41:10,SITE-002,Section B — Nairobi-Nakuru Spur,404.8,2004.7,38.1,Closed,SNS-002
TEL-004226,2026-07-07T18:34:13,SITE-006,Section A — Mombasa-Nairobi Main,407.9,3151.8,33.2,Open,SNS-007
TEL-003356,2026-06-21T20:46:26,SITE-001,Section E — Makueni Branch,334.9,2122.9,31.7,Closed,SNS-001
TEL-002813,2026-06-12T14:07:14,makueni section,Section F — Kisumu Terminal Link,200.0,2902.3,28.6,Open,SNS-003
TEL-000632,2026-05-04T10:21:02,NRB Terminal,Section D — Sinendet Lateral,506.0,3040.5,27.9,Open,SNS-006
TEL-001744,2026-05-24T12:09:57,SITE-006,Section B — Nairobi-Nakuru Spur,213.3,4834.8,20.5,Open,SNS-010
TEL-000289,2026-04-28T04:01:18,SITE-001,Section D — Sinendet Lateral,368.4,2478.2,19.9,Closed,SNS-006
TEL-000138,2026-04-25T13:39:48,kisumu terminal,Section B — Nairobi-Nakuru Spur,425.2,1859.1,34.6,Open,SNS-014
TEL-002887,2026-06-13T19:20:02,SITE-005,Section E — Makueni Branch,274.7,2451.4,34.4,Open,SNS-009
TEL-002734,2026-06-11T07:06:44,SITE-006,Section D — Sinendet Lateral,439.1,2545.7,32.0,Closed,SNS-002
TEL-001056,2026-05-11T22:20:14,SITE-005,Section B — Nairobi-Nakuru Spur,427.0,4790.1,35.9,Partially Open,SNS-005
TEL-003947,2026-07-02T13:56:57,MAKUENI,Section B — Nairobi-Nakuru Spur,460.0,4104.6,36.3,Closed,SNS-007
TEL-002688,2026-06-10T10:29:26,SITE-001,Section B — Nairobi-Nakuru Spur,363.6,4089.3,38.6,Partially Open,SNS-008
TEL-001611,2026-05-22T04:02:36,SITE-004,Section A — Mombasa-Nairobi Main,281.7,2406.6,31.0,Open,SNS-013
TEL-000644,2026-05-04T16:22:44,SITE-006,Section D — Sinendet Lateral,459.4,3867.9,26.1,Closed,SNS-010
TEL-001941,2026-05-27T18:10:50,sinendet pump,Section F — Kisumu Terminal Link,396.9,3902.9,30.6,Closed,SNS-011
TEL-000050,2026-04-23T22:29:14,SITE-006,Section F — Kisumu Terminal Link,388.5,2842.3,45.0,Closed,SNS-013
TEL-004703,2026-07-16T12:54:04,SINENDET,Section B — Nairobi-Nakuru Spur,517.4,2419.1,34.6,Open,SNS-011
TEL-000174,2026-04-26T06:29:49,SITE-004,Section B — Nairobi-Nakuru Spur,299.3,2378.8,28.4,Partially Open,SNS-005
TEL-000428,2026-04-30T15:00:31,SITE-002,Section F — Kisumu Terminal Link,409.5,1396.5,23.4,Partially Open,SNS-003
TEL-001028,2026-05-11T09:27:22,SITE-007,Section B — Nairobi-Nakuru Spur,368.3,3231.7,33.4,Open,SNS-001
TEL-000223,2026-04-26T23:32:52,SITE-004,Section D — Sinendet Lateral,424.7,4221.2,36.4,Open,SNS-014
TEL-004876,2026-07-19T10:07:38,SITE-001,Section A — Mombasa-Nairobi Main,346.5,4037.7,35.5,Open,SNS-014
TEL-001996,2026-05-28T23:45:50,SITE-005,Section F — Kisumu Terminal Link,382.0,4271.4,29.9,Closed,SNS-004
TEL-001558,2026-05-21T11:52:39,SITE-002,Section F — Kisumu Terminal Link,407.3,2208.7,33.9,Partially Open,SNS-013
TEL-001717,2026-05-23T23:24:18,SITE-002,Section B — Nairobi-Nakuru Spur,455.6,4755.1,32.4,Closed,SNS-007
TEL-004879,2026-07-19T12:01:09,SITE-003,Section A — Mombasa-Nairobi Main,300.3,3494.1,26.5,Open,SNS-003
TEL-004532,2026-07-13T17:10:59,SITE-006,Section B — Nairobi-Nakuru Spur,479.7,2196.0,18.0,Partially Open,SNS-013
TEL-000225,2026-04-26T23:50:42,nakuru depot,Section E — Makueni Branch,476.7,3081.8,30.2,Partially Open,SNS-012
TEL-001723,2026-05-24T02:11:29,SITE-002,Section E — Makueni Branch,436.6,3720.1,34.6,Closed,SNS-008
TEL-003982,2026-07-03T04:09:59,SITE-006,Section F — Kisumu Terminal Link,484.2,3055.0,32.4,Closed,SNS-001
TEL-000152,2026-04-25T23:29:30,SITE-004,Section C — Nakuru-Eldoret Extension,,3299.8,20.0,Partially Open,SNS-007
TEL-004565,2026-07-14T07:04:25,SITE-007,Section D — Sinendet Lateral,500.5,2699.2,32.0,Open,SNS-002
TEL-003310,2026-06-20T22:41:54,MSA Terminal,Section C — Nakuru-Eldoret Extension,329.0,2697.8,26.7,Closed,SNS-012
TEL-003824,2026-06-30T11:59:02,KSM Terminal,Section E — Makueni Branch,261.3,3673.6,34.6,Open,SNS-008
TEL-000408,2026-04-30T04:50:24,SITE-004,Section D — Sinendet Lateral,538.8,3407.5,29.5,Open,SNS-007
TEL-000553,2026-05-02T21:38:01,SITE-006,Section C — Nakuru-Eldoret Extension,432.2,2200.8,32.0,Open,SNS-002
TEL-001778,2026-05-24T23:16:12,SITE-004,Section A — Mombasa-Nairobi Main,308.5,4121.6,43.1,Open,SNS-002
TEL-004690,2026-07-16T07:32:15,SITE-005,Section B — Nairobi-Nakuru Spur,439.3,3077.6,20.1,Open,SNS-006
TEL-000059,2026-04-24T03:57:05,KISUMU,Section A — Mombasa-Nairobi Main,398.0,2902.1,32.5,Closed,SNS-005
TEL-004261,2026-07-08T10:32:46,SITE-006,Section A — Mombasa-Nairobi Main,342.5,3244.1,30.1,Closed,SNS-013
TEL-002744,2026-06-11T11:10:54,SITE-002,Section D — Sinendet Lateral,249.1,2437.2,37.3,Open,SNS-006
TEL-001581,2026-05-21T18:14:19,SITE-006,Section A — Mombasa-Nairobi Main,349.7,3287.6,27.5,Closed,SNS-007
TEL-001153,2026-05-13T21:22:40,SITE-003,Section F — Kisumu Terminal Link,311.9,2925.2,36.0,Open,SNS-005
TEL-004816,2026-07-18T12:48:08,SITE-005,Section F — Kisumu Terminal Link,511.6,3836.0,33.9,Closed,SNS-014
TEL-004700,2026-07-16T11:15:02,SITE-001,Section E — Makueni Branch,335.7,3612.7,30.3,Closed,SNS-014
TEL-002671,2026-06-10T01:52:50,SITE-003,Section F — Kisumu Terminal Link,326.2,2394.0,35.2,Open,SNS-014
TEL-002128,2026-05-31T05:58:19,SITE-007,Section D — Sinendet Lateral,378.3,3247.4,18.8,Partially Open,SNS-012
TEL-003767,2026-06-29T10:43:45,SITE-006,Section C — Nakuru-Eldoret Extension,271.4,2862.9,25.7,Closed,SNS-008
TEL-000410,2026-04-30T05:55:36,SITE-002,Section C — Nakuru-Eldoret Extension,492.7,2849.9,28.1,Open,SNS-012
TEL-003590,2026-06-26T03:35:33,SITE-004,Section E — Makueni Branch,496.0,1538.8,23.5,Open,SNS-005
TEL-002173,2026-06-01T03:18:22,SITE-006,Section E — Makueni Branch,452.9,3065.7,33.6,Open,SNS-005
TEL-000116,2026-04-25T05:10:10,SITE-004,Section F — Kisumu Terminal Link,325.7,2056.4,26.2,Open,SNS-005
TEL-003490,2026-06-24T09:32:26,Makueni PS,Section E — Makueni Branch,295.7,3728.9,40.0,Open,SNS-013
TEL-000562,2026-05-03T02:49:57,SITE-007,Section A — Mombasa-Nairobi Main,349.8,2914.4,36.2,Partially Open,SNS-006
TEL-002230,2026-06-02T08:52:44,NAKURU,Section E — Makueni Branch,381.8,1765.8,36.3,Closed,SNS-003
TEL-004248,2026-07-08T03:29:23,SINENDET,Section E — Makueni Branch,272.6,3209.3,29.1,Closed,SNS-002
TEL-002529,2026-06-07T11:54:01,SITE-002,Section E — Makueni Branch,441.9,1766.0,32.9,Partially Open,SNS-005
TEL-003461,2026-06-23T22:13:47,KISUMU,Section E — Makueni Branch,400.6,3333.6,24.9,Open,SNS-014
TEL-004522,2026-07-13T12:36:18,SITE-007,Section E — Makueni Branch,348.9,3642.5,33.5,Closed,SNS-011
TEL-002354,2026-06-04T09:09:49,SITE-001,Section B — Nairobi-Nakuru Spur,332.1,2046.3,33.2,Open,SNS-014
TEL-003487,2026-06-24T08:50:16,SITE-003,Section F — Kisumu Terminal Link,370.3,3626.7,36.9,Partially Open,SNS-002
TEL-000249,2026-04-27T09:00:17,SITE-002,Section A — Mombasa-Nairobi Main,364.7,2235.4,28.9,Partially Open,SNS-005
TEL-003937,2026-07-02T10:29:00,SITE-007,Section F — Kisumu Terminal Link,269.0,4687.0,24.4,Closed,SNS-006
TEL-001216,2026-05-14T21:59:45,SITE-001,Section F — Kisumu Terminal Link,387.5,4117.5,28.5,Partially Open,SNS-013
TEL-004316,2026-07-09T12:43:05,SITE-005,Section D — Sinendet Lateral,359.8,1945.3,38.3,Closed,SNS-001
TEL-002111,2026-05-30T21:25:12,SITE-006,Section D — Sinendet Lateral,,2805.9,16.0,Open,SNS-011
TEL-003548,2026-06-25T05:44:54,SITE-001,Section F — Kisumu Terminal Link,316.3,2623.0,42.4,Open,SNS-009
TEL-003371,2026-06-22T02:57:04,SITE-005,Section F — Kisumu Terminal Link,376.3,2284.6,27.6,Open,SNS-008
TEL-001259,2026-05-15T14:00:46,SITE-003,Section C — Nakuru-Eldoret Extension,364.6,3494.2,31.2,Open,SNS-007
TEL-001136,2026-05-13T11:38:13,SITE-003,Section E — Makueni Branch,361.8,2221.9,26.6,Open,SNS-012
TEL-002802,2026-06-12T11:24:09,SITE-001,Section A — Mombasa-Nairobi Main,554.0,4031.2,24.1,Open,SNS-010
TEL-002112,2026-05-30T21:30:48,SITE-005,Section B — Nairobi-Nakuru Spur,449.4,2204.2,,Open,SNS-014
TEL-001820,2026-05-25T12:39:54,SITE-001,Section E — Makueni Branch,401.1,2497.9,23.2,Open,SNS-003
TEL-004018,2026-07-03T17:27:05,SITE-007,Section F — Kisumu Terminal Link,505.6,1804.8,16.5,Open,SNS-010
TEL-000585,2026-05-03T12:31:17,SITE-001,Section C — Nakuru-Eldoret Extension,335.3,2979.2,34.5,Partially Open,SNS-007
TEL-003648,2026-06-27T06:56:21,NAKURU,Section D — Sinendet Lateral,333.8,3134.1,29.5,Closed,SNS-012
TEL-001772,2026-05-24T21:10:09,SITE-003,Section C — Nakuru-Eldoret Extension,408.8,3172.5,24.2,Open,SNS-006
TEL-004643,2026-07-15T08:50:19,SITE-002,Section C — Nakuru-Eldoret Extension,377.7,2641.2,31.4,Open,SNS-007
TEL-001053,2026-05-11T21:56:14,SITE-006,Section D — Sinendet Lateral,303.9,2020.9,21.6,Open,SNS-005
TEL-002101,2026-05-30T16:28:35,SITE-006,Section A — Mombasa-Nairobi Main,389.1,1809.0,39.3,Open,SNS-005
TEL-001624,2026-05-22T12:45:59,NAKURU,Section E — Makueni Branch,548.4,1154.5,39.5,Partially Open,SNS-009
TEL-002180,2026-06-01T06:47:52,SITE-003,Section D — Sinendet Lateral,390.6,3352.7,28.1,Open,SNS-008
TEL-001288,2026-05-16T05:49:05,SITE-004,Section B — Nairobi-Nakuru Spur,438.3,2089.9,25.2,Closed,SNS-008
TEL-001980,2026-05-28T14:46:47,SITE-003,Section D — Sinendet Lateral,421.6,2248.5,20.0,Closed,SNS-001
TEL-001101,2026-05-12T16:09:46,SITE-004,Section B — Nairobi-Nakuru Spur,371.1,3639.9,35.4,Open,SNS-002
TEL-001826,2026-05-25T14:21:44,SITE-001,Section E — Makueni Branch,493.1,3434.7,42.1,Closed,SNS-006
TEL-002684,2026-06-10T09:26:56,SITE-004,Section B — Nairobi-Nakuru Spur,528.8,3299.5,36.3,Closed,SNS-001
TEL-003197,2026-06-18T15:02:07,SITE-001,Section C — Nakuru-Eldoret Extension,366.2,3596.9,39.2,Partially Open,SNS-003
TEL-003940,2026-07-02T11:21:45,SITE-007,Section E — Makueni Branch,399.0,3835.5,38.1,Closed,SNS-014
TEL-001403,2026-05-18T15:56:34,SITE-003,Section B — Nairobi-Nakuru Spur,314.5,4067.1,18.7,Closed,SNS-002
TEL-000280,2026-04-27T22:14:54,SITE-003,Section D — Sinendet Lateral,420.8,3208.9,23.1,Open,SNS-011
TEL-002558,2026-06-07T22:27:48,SITE-005,Section D — Sinendet Lateral,519.8,1889.3,20.1,Open,SNS-014
TEL-002483,2026-06-06T17:07:59,SITE-001,Section F — Kisumu Terminal Link,280.0,2015.5,36.8,Partially Open,SNS-011
TEL-003154,2026-06-18T01:22:04,SITE-003,Section C — Nakuru-Eldoret Extension,374.2,4525.0,43.0,Open,SNS-012
TEL-004237,2026-07-07T22:44:40,SITE-001,Section B — Nairobi-Nakuru Spur,511.0,3506.0,43.6,Open,SNS-002
TEL-002417,2026-06-05T11:59:05,KSM Terminal,Section A — Mombasa-Nairobi Main,413.8,3842.4,20.8,Partially Open,SNS-012
TEL-002526,2026-06-07T09:54:01,SITE-005,Section D — Sinendet Lateral,273.1,2022.7,28.9,Open,SNS-002
TEL-002360,2026-06-04T10:29:39,SITE-003,Section B — Nairobi-Nakuru Spur,385.1,3937.0,30.4,Open,SNS-003
TEL-001002,2026-05-10T22:45:18,ELDORET,Section A — Mombasa-Nairobi Main,484.3,4084.0,28.0,Partially Open,SNS-007
TEL-003948,2026-07-02T14:29:00,SITE-006,Section C — Nakuru-Eldoret Extension,286.0,2227.7,18.8,Open,SNS-001
TEL-000581,2026-05-03T10:42:50,SITE-004,Section F — Kisumu Terminal Link,383.7,2739.2,42.0,Open,SNS-013
TEL-000367,2026-04-29T11:27:08,SITE-007,Section B — Nairobi-Nakuru Spur,361.4,2803.4,22.1,Open,SNS-008
TEL-000989,2026-05-10T18:55:13,Mombasa term,Section F — Kisumu Terminal Link,253.5,2275.0,17.7,Closed,SNS-007
TEL-000163,2026-04-26T03:15:32,SITE-007,Section B — Nairobi-Nakuru Spur,550.5,3426.3,28.5,Open,SNS-012
TEL-001806,2026-05-25T08:12:45,SITE-003,Section E — Makueni Branch,440.5,3896.1,19.7,Open,SNS-014
TEL-000514,2026-05-02T04:22:50,makueni pipeline,Section A — Mombasa-Nairobi Main,523.5,4410.4,33.9,Open,SNS-005
TEL-002191,2026-06-01T15:24:21,SITE-005,Section E — Makueni Branch,495.7,3138.1,20.0,Partially Open,SNS-010
TEL-002501,2026-06-06T22:33:40,kisumu terminal,Section C — Nakuru-Eldoret Extension,516.7,3690.0,25.9,Open,SNS-001
TEL-003384,2026-06-22T09:57:57,SITE-005,Section D — Sinendet Lateral,355.0,3225.8,20.8,Open,SNS-012
TEL-004379,2026-07-10T17:23:07,SITE-002,Section E — Makueni Branch,530.1,4605.1,31.0,Open,SNS-013
TEL-001827,2026-05-25T14:56:28,SITE-002,Section B — Nairobi-Nakuru Spur,541.5,1000.0,23.0,Closed,SNS-001
TEL-001755,2026-05-24T16:26:06,Nakuru dep,Section E — Makueni Branch,433.5,4799.4,22.3,Closed,SNS-009
TEL-001652,2026-05-22T21:02:49,SITE-003,Section B — Nairobi-Nakuru Spur,336.5,2372.2,41.4,Open,SNS-003
TEL-004373,2026-07-10T14:26:37,SITE-005,Section D — Sinendet Lateral,382.0,2152.2,32.9,Open,SNS-001
TEL-001790,2026-05-25T03:10:06,SITE-003,Section D — Sinendet Lateral,368.4,2775.8,21.9,Partially Open,SNS-005
TEL-004114,2026-07-05T09:21:54,Eldoret  Terminal,Section B — Nairobi-Nakuru Spur,414.5,3112.6,26.7,Open,SNS-007
TEL-003470,2026-06-24T03:26:30,SITE-006,Section F — Kisumu Terminal Link,408.7,2094.1,22.2,Closed,SNS-008
TEL-004575,2026-07-14T09:17:24,SITE-004,Section F — Kisumu Terminal Link,345.4,4037.7,34.7,Open,SNS-001
TEL-000949,2026-05-09T22:28:42,SITE-005,Section C — Nakuru-Eldoret Extension,460.5,3221.4,38.8,Partially Open,SNS-014
TEL-003729,2026-06-28T19:20:15,SITE-005,Section C — Nakuru-Eldoret Extension,307.2,1000.0,26.8,Open,SNS-004
TEL-000604,2026-05-03T22:08:04,SITE-001,Section C — Nakuru-Eldoret Extension,478.9,4318.4,33.2,Closed,SNS-014
TEL-000517,2026-05-02T06:04:13,SITE-002,Section D — Sinendet Lateral,367.7,4621.1,33.8,Closed,SNS-014
TEL-004445,2026-07-11T22:30:00,Nairobi  Terminal,Section E — Makueni Branch,504.8,3458.1,19.3,Open,SNS-002
TEL-004709,2026-07-16T14:16:53,SITE-005,Section C — Nakuru-Eldoret Extension,401.3,3149.6,35.7,Closed,SNS-012
TEL-003274,2026-06-20T04:21:22,SITE-003,Section C — Nakuru-Eldoret Extension,418.0,4044.3,28.2,Closed,SNS-002
TEL-001462,2026-05-19T18:53:51,NAKURU,Section F — Kisumu Terminal Link,299.2,2185.0,34.9,Open,SNS-013
TEL-004903,2026-07-20T01:59:08,SITE-001,Section D — Sinendet Lateral,491.1,2356.6,22.4,Open,SNS-014
TEL-000948,2026-05-09T21:48:23,SITE-006,Section A — Mombasa-Nairobi Main,457.6,1696.6,31.2,Open,SNS-011
TEL-001359,2026-05-17T13:16:38,eldoret terminal,Section C — Nakuru-Eldoret Extension,279.1,2832.2,25.3,Open,SNS-012
TEL-000134,2026-04-25T11:55:38,SITE-002,Section F — Kisumu Terminal Link,600.0,3199.6,37.3,Open,SNS-007
TEL-003853,2026-07-01T00:04:25,SITE-003,Section A — Mombasa-Nairobi Main,431.4,2854.7,26.2,Open,SNS-005
TEL-000070,2026-04-24T08:44:24,SITE-004,Section A — Mombasa-Nairobi Main,357.2,3509.2,27.3,Open,SNS-003
TEL-004425,2026-07-11T12:38:24,SITE-003,Section B — Nairobi-Nakuru Spur,367.5,1400.9,30.7,Open,SNS-005
TEL-003880,2026-07-01T13:27:06,SITE-002,Section D — Sinendet Lateral,404.0,2531.0,31.9,Partially Open,SNS-014
TEL-000653,2026-05-04T19:28:15,Eldoret  Terminal,Section B — Nairobi-Nakuru Spur,464.6,,24.1,Open,SNS-004
TEL-004437,2026-07-11T17:51:18,SITE-001,Section B — Nairobi-Nakuru Spur,333.0,4634.1,19.9,Open,SNS-005
TEL-001728,2026-05-24T03:35:52,SITE-002,Section B — Nairobi-Nakuru Spur,423.6,2566.9,26.0,Closed,SNS-001
TEL-003156,2026-06-18T01:43:15,SITE-007,Section F — Kisumu Terminal Link,403.8,1850.7,22.5,Open,SNS-010
TEL-003161,2026-06-18T04:04:16,SITE-001,Section F — Kisumu Terminal Link,1150,4087.2,40.7,Open,SNS-012
TEL-003006,2026-06-15T13:47:31,SITE-005,Section C — Nakuru-Eldoret Extension,470.2,1848.5,29.3,Closed,SNS-001
TEL-002195,2026-06-01T16:31:26,SITE-003,Section D — Sinendet Lateral,329.6,3972.6,20.9,Open,SNS-011
TEL-004319,2026-07-09T13:37:32,SITE-001,Section F — Kisumu Terminal Link,381.7,3449.0,24.4,Open,SNS-012
TEL-001330,2026-05-16T20:36:58,SITE-006,Section B — Nairobi-Nakuru Spur,480.9,3055.4,27.5,Partially Open,SNS-003
TEL-003212,2026-06-18T20:18:42,SITE-004,Section E — Makueni Branch,434.7,3226.9,33.3,Open,SNS-011
TEL-002643,2026-06-09T13:26:03,SITE-004,Section E — Makueni Branch,,3155.4,32.8,Open,SNS-009
TEL-000946,2026-05-09T21:41:16,SITE-005,Section B — Nairobi-Nakuru Spur,323.4,2665.5,29.1,Partially Open,SNS-014
TEL-000083,2026-04-24T12:42:58,SITE-001,Section A — Mombasa-Nairobi Main,337.6,2821.4,27.5,Open,SNS-012
TEL-000068,2026-04-24T08:00:45,SITE-001,Section F — Kisumu Terminal Link,539.7,2218.1,30.0,Partially Open,SNS-001
TEL-002916,2026-06-14T07:52:26,SITE-003,Section E — Makueni Branch,316.1,3709.4,39.5,Open,SNS-013
TEL-000210,2026-04-26T18:23:56,SITE-002,Section B — Nairobi-Nakuru Spur,850,2958.5,33.4,Open,SNS-009
TEL-004207,2026-07-07T06:59:41,SITE-002,Section B — Nairobi-Nakuru Spur,345.3,1775.7,30.0,Closed,SNS-008
TEL-003228,2026-06-19T03:27:53,SITE-004,Section A — Mombasa-Nairobi Main,378.8,2377.7,40.3,Closed,SNS-012
TEL-003631,2026-06-27T00:11:58,SITE-005,Section B — Nairobi-Nakuru Spur,429.0,2092.6,31.2,Open,SNS-007
TEL-002768,2026-06-11T18:52:46,NKR Depot,Section C — Nakuru-Eldoret Extension,414.4,3800.6,22.0,Open,SNS-002
TEL-003889,2026-07-01T15:40:17,SITE-001,Section C — Nakuru-Eldoret Extension,421.9,3931.3,20.7,Open,SNS-003
TEL-002012,2026-05-29T10:34:35,SITE-005,Section E — Makueni Branch,289.0,2581.0,32.8,Partially Open,SNS-012
TEL-002151,2026-05-31T13:35:27,SITE-003,Section A — Mombasa-Nairobi Main,339.4,2391.0,31.0,Open,SNS-003
TEL-001478,2026-05-20T01:36:02,SITE-003,Section B — Nairobi-Nakuru Spur,281.1,2140.5,29.9,Closed,SNS-013
TEL-000102,2026-04-24T20:38:54,SITE-002,Section E — Makueni Branch,376.7,1936.3,39.8,Partially Open,SNS-003
TEL-003536,2026-06-25T01:07:47,SITE-003,Section B — Nairobi-Nakuru Spur,395.5,3892.8,36.5,Open,SNS-003
TEL-002935,2026-06-14T14:57:42,SITE-005,Section C — Nakuru-Eldoret Extension,416.9,4034.7,25.9,Open,SNS-001
TEL-002067,2026-05-30T03:39:26,SITE-005,Section F — Kisumu Terminal Link,296.4,2561.5,22.6,Open,SNS-001
TEL-002568,2026-06-08T03:53:36,SITE-002,Section F — Kisumu Terminal Link,306.6,2939.9,23.3,Closed,SNS-013
TEL-004009,2026-07-03T15:39:03,SITE-002,Section D — Sinendet Lateral,508.1,3810.8,31.7,Closed,SNS-007
TEL-001308,2026-05-16T13:34:42,SITE-002,Section B — Nairobi-Nakuru Spur,510.0,3929.3,21.7,Closed,SNS-004
TEL-004035,2026-07-04T00:15:10,SITE-003,Section B — Nairobi-Nakuru Spur,529.8,4040.9,22.6,Open,SNS-011
TEL-004628,2026-07-15T03:13:27,SITE-002,Section B — Nairobi-Nakuru Spur,293.4,2584.3,38.4,Open,SNS-003
TEL-001185,2026-05-14T08:24:12,SITE-002,Section C — Nakuru-Eldoret Extension,314.9,3624.8,34.3,Open,SNS-009
TEL-002006,2026-05-29T07:13:35,SITE-007,Section B — Nairobi-Nakuru Spur,332.8,2382.9,32.3,Partially Open,SNS-014
TEL-003425,2026-06-23T01:36:23,SITE-005,Section D — Sinendet Lateral,442.8,2340.4,27.8,Closed,SNS-013
TEL-002329,2026-06-04T00:37:13,Sinendet PS,Section B — Nairobi-Nakuru Spur,374.1,1990.9,29.0,Open,SNS-002
TEL-003016,2026-06-15T16:30:26,SITE-004,Section D — Sinendet Lateral,439.7,2422.3,34.9,Open,SNS-013
TEL-002471,2026-06-06T10:09:05,SITE-003,Section D — Sinendet Lateral,453.0,2926.0,21.9,Open,SNS-014
TEL-001339,2026-05-17T02:52:55,SITE-003,Section C — Nakuru-Eldoret Extension,436.0,2601.0,37.5,Open,SNS-012
TEL-001423,2026-05-19T04:23:12,SITE-007,Section B — Nairobi-Nakuru Spur,404.5,3348.0,32.1,Closed,SNS-004
TEL-000642,2026-05-04T15:40:45,SINENDET,Section F — Kisumu Terminal Link,381.8,2541.1,24.7,Open,SNS-002
TEL-001612,2026-05-22T04:58:19,SITE-001,Section C — Nakuru-Eldoret Extension,406.9,3252.3,45.0,Open,SNS-003
TEL-004433,2026-07-11T15:39:39,SITE-001,Section F — Kisumu Terminal Link,359.2,3032.8,31.6,Partially Open,SNS-003
TEL-002238,2026-06-02T11:57:34,Kipevu terminal,Section C — Nakuru-Eldoret Extension,489.1,3024.6,22.4,Partially Open,SNS-006
TEL-003764,2026-06-29T10:00:09,SITE-004,Section E — Makueni Branch,447.5,1913.1,25.0,Partially Open,SNS-011
TEL-003706,2026-06-28T11:04:17,SITE-001,Section E — Makueni Branch,452.1,3750.8,20.6,Partially Open,SNS-002
TEL-002048,2026-05-29T21:33:57,SITE-005,Section C — Nakuru-Eldoret Extension,570.3,3090.2,28.0,Partially Open,SNS-010
TEL-000471,2026-05-01T10:01:48,SITE-001,Section C — Nakuru-Eldoret Extension,401.7,2841.2,18.1,Open,SNS-002
TEL-002702,2026-06-10T13:42:45,sinendet pump,Section E — Makueni Branch,483.4,3710.8,27.6,Closed,SNS-013
TEL-004046,2026-07-04T04:35:45,SITE-006,Section E — Makueni Branch,349.1,3162.1,33.0,Partially Open,SNS-007
TEL-003977,2026-07-03T01:47:16,SITE-003,Section C — Nakuru-Eldoret Extension,456.2,3312.1,37.3,Partially Open,SNS-005
TEL-002288,2026-06-03T09:40:14,nairobi terminal,Section E — Makueni Branch,526.6,3209.7,27.7,Closed,SNS-014
TEL-004187,2026-07-06T22:55:00,NAKURU,Section C — Nakuru-Eldoret Extension,287.4,4303.1,23.9,Open,SNS-001
TEL-004774,2026-07-17T17:47:39,SITE-004,Section C — Nakuru-Eldoret Extension,370.7,3285.1,31.0,Open,SNS-010
TEL-001994,2026-05-28T22:36:18,SITE-006,Section A — Mombasa-Nairobi Main,339.1,3627.2,30.8,Open,SNS-009
TEL-002517,2026-06-07T05:30:31,SITE-006,Section B — Nairobi-Nakuru Spur,388.2,3156.1,24.6,Open,SNS-009
TEL-004586,2026-07-14T11:49:57,SITE-004,Section B — Nairobi-Nakuru Spur,412.7,2456.7,41.6,Partially Open,SNS-010
TEL-004503,2026-07-13T00:40:00,KISUMU,Section B — Nairobi-Nakuru Spur,424.7,2692.3,32.1,Closed,SNS-008
TEL-000038,2026-04-23T17:46:47,SITE-005,Section A — Mombasa-Nairobi Main,422.9,3243.4,34.3,Closed,SNS-007
TEL-001298,2026-05-16T08:33:58,SITE-001,Section D — Sinendet Lateral,385.2,3962.8,16.4,Open,SNS-003
TEL-004999,2026-07-21T23:28:14,SITE-003,Section F — Kisumu Terminal Link,462.7,1689.9,42.8,Partially Open,SNS-004
TEL-004378,2026-07-10T16:54:28,SITE-006,Section E — Makueni Branch,457.8,3669.6,34.5,Open,SNS-001
TEL-003143,2026-06-17T18:48:21,Kipevu terminal,Section B — Nairobi-Nakuru Spur,386.5,3404.5,26.6,Open,SNS-004
TEL-002665,2026-06-09T23:59:55,SITE-004,Section F — Kisumu Terminal Link,492.6,4078.2,24.3,Open,SNS-013
TEL-002982,2026-06-15T03:33:55,SITE-005,Section F — Kisumu Terminal Link,298.6,2555.2,28.0,Open,SNS-006
TEL-000262,2026-04-27T16:04:25,SITE-003,Section E — Makueni Branch,355.3,4176.2,30.0,Open,SNS-008
TEL-001007,2026-05-11T01:33:08,eldoret terminal,Section C — Nakuru-Eldoret Extension,579.9,3505.2,22.0,Open,SNS-009
TEL-004172,2026-07-06T13:20:34,SITE-004,Section B — Nairobi-Nakuru Spur,487.1,2759.3,38.9,Open,SNS-009
TEL-001164,2026-05-14T02:49:36,SITE-004,Section E — Makueni Branch,361.6,3457.5,34.2,Open,SNS-009
TEL-004996,2026-07-21T21:42:19,SITE-005,Section D — Sinendet Lateral,357.4,2762.5,40.0,Open,SNS-012
TEL-002804,2026-06-12T12:03:16,SITE-004,Section C — Nakuru-Eldoret Extension,437.8,1068.9,24.5,Partially Open,SNS-002
TEL-000154,2026-04-26T00:17:08,SITE-002,Section C — Nakuru-Eldoret Extension,416.5,3667.8,24.5,Closed,SNS-004
TEL-003319,2026-06-21T04:34:10,SITE-007,Section C — Nakuru-Eldoret Extension,236.4,3030.8,27.8,Open,SNS-007
TEL-001433,2026-05-19T08:18:35,SITE-007,Section C — Nakuru-Eldoret Extension,322.6,1827.2,28.1,Closed,SNS-003
TEL-003040,2026-06-16T01:00:37,SITE-005,Section F — Kisumu Terminal Link,379.7,3345.2,30.7,Closed,SNS-004
TEL-002910,2026-06-14T03:26:49,SITE-006,Section C — Nakuru-Eldoret Extension,473.2,2839.1,28.4,Closed,SNS-010
TEL-003200,2026-06-18T16:11:35,SITE-004,Section C — Nakuru-Eldoret Extension,598.4,2406.4,40.9,Closed,SNS-004
TEL-003715,2026-06-28T13:37:19,SITE-001,Section F — Kisumu Terminal Link,309.7,2733.2,35.8,Open,SNS-004
TEL-003420,2026-06-22T23:50:26,SITE-003,Section A — Mombasa-Nairobi Main,438.5,3669.7,26.2,Open,SNS-006
TEL-004029,2026-07-03T21:45:15,Kibwezi,Section A — Mombasa-Nairobi Main,416.4,2514.0,28.1,Partially Open,SNS-008
TEL-002176,2026-06-01T04:29:11,SITE-006,Section F — Kisumu Terminal Link,600.0,3716.4,42.1,Open,SNS-003
TEL-003678,2026-06-27T23:30:10,NAKURU,Section D — Sinendet Lateral,528.8,1809.0,31.6,Open,SNS-006
TEL-002672,2026-06-10T03:26:48,SITE-005,Section C — Nakuru-Eldoret Extension,413.0,1671.5,38.7,Open,SNS-011
TEL-000703,2026-05-05T12:36:52,SITE-002,Section A — Mombasa-Nairobi Main,328.8,1642.5,29.4,Open,SNS-014
TEL-001626,2026-05-22T13:11:59,ELD Terminal,Section A — Mombasa-Nairobi Main,461.1,3250.7,28.6,Open,SNS-007
TEL-001486,2026-05-20T05:05:22,Nairobi  Terminal,Section B — Nairobi-Nakuru Spur,312.0,3247.5,30.5,Closed,SNS-011
TEL-001933,2026-05-27T15:40:25,SITE-007,Section C — Nakuru-Eldoret Extension,308.0,3147.5,28.8,Open,SNS-012
TEL-004811,2026-07-18T11:13:52,SITE-003,Section D — Sinendet Lateral,324.4,3426.9,37.9,Closed,SNS-009
TEL-001596,2026-05-22T00:01:33,SITE-007,Section E — Makueni Branch,469.5,3568.8,34.2,Open,SNS-001
TEL-003396,2026-06-22T12:37:07,SITE-003,Section C — Nakuru-Eldoret Extension,370.2,3509.2,41.2,Open,SNS-003
TEL-004361,2026-07-10T09:32:52,SITE-003,Section F — Kisumu Terminal Link,415.7,3327.1,28.3,Closed,SNS-003
TEL-003285,2026-06-20T10:20:20,SITE-004,Section F — Kisumu Terminal Link,414.9,1225.5,28.5,Open,SNS-014
TEL-000726,2026-05-05T22:16:13,Thange section,Section D — Sinendet Lateral,335.7,2224.5,37.9,Open,SNS-007
TEL-004922,2026-07-20T08:27:11,SITE-001,Section A — Mombasa-Nairobi Main,373.6,4113.7,26.1,Partially Open,SNS-008
TEL-003756,2026-06-29T07:20:56,Eldoret term,Section A — Mombasa-Nairobi Main,367.2,2146.8,23.8,Open,SNS-001
TEL-001599,2026-05-22T01:18:09,SITE-003,Section A — Mombasa-Nairobi Main,355.4,4504.0,36.2,Open,SNS-004
TEL-000478,2026-05-01T12:53:42,SITE-003,Section E — Makueni Branch,349.5,2240.4,27.2,Open,SNS-010
TEL-002104,2026-05-30T16:53:57,SITE-006,Section C — Nakuru-Eldoret Extension,453.4,3210.0,29.4,Open,SNS-004
TEL-001615,2026-05-22T07:19:33,SITE-007,Section B — Nairobi-Nakuru Spur,374.0,3035.8,30.5,Open,SNS-007
TEL-001425,2026-05-19T05:38:34,SITE-001,Section E — Makueni Branch,329.2,2823.0,30.8,Open,SNS-012
TEL-000829,2026-05-07T19:16:05,Mombasa  Terminal,Section D — Sinendet Lateral,298.1,2478.8,28.1,Partially Open,SNS-004
TEL-000764,2026-05-06T14:22:23,SITE-001,Section D — Sinendet Lateral,422.5,3763.3,19.6,Closed,SNS-009
TEL-000739,2026-05-06T02:58:53,SITE-007,Section B — Nairobi-Nakuru Spur,373.8,2256.7,36.4,Closed,SNS-012
TEL-003478,2026-06-24T05:08:31,SITE-007,Section E — Makueni Branch,362.3,2580.7,26.2,Open,SNS-004
TEL-000483,2026-05-01T14:13:42,nakuru depot,Section A — Mombasa-Nairobi Main,385.0,3567.0,30.2,Open,SNS-003
TEL-001290,2026-05-16T06:06:11,SITE-007,Section D — Sinendet Lateral,380.4,3304.5,32.4,Closed,SNS-010
TEL-002327,2026-06-03T23:26:57,SITE-005,Section F — Kisumu Terminal Link,200.0,2230.8,37.9,Partially Open,SNS-012
TEL-002873,2026-06-13T14:07:42,Nairobi  Terminal,Section E — Makueni Branch,447.1,2916.3,28.4,Closed,SNS-012
TEL-001715,2026-05-23T22:56:45,SITE-007,Section B — Nairobi-Nakuru Spur,391.8,4192.6,15.0,Open,SNS-001
TEL-000511,2026-05-02T03:54:28,Thange section,Section D — Sinendet Lateral,407.4,1901.0,39.2,Partially Open,SNS-005
TEL-002812,2026-06-12T13:51:30,SITE-006,Section C — Nakuru-Eldoret Extension,443.6,4324.0,29.8,Closed,SNS-014
TEL-004969,2026-07-21T11:13:47,SITE-005,Section F — Kisumu Terminal Link,315.7,2865.4,27.8,Open,SNS-003
TEL-001222,2026-05-15T00:39:57,SITE-001,Section C — Nakuru-Eldoret Extension,466.3,1813.8,20.0,Partially Open,SNS-001
TEL-001415,2026-05-18T22:13:27,nakuru depot,Section F — Kisumu Terminal Link,306.4,3173.5,24.5,Partially Open,SNS-011
TEL-002122,2026-05-31T01:10:07,SITE-001,Section D — Sinendet Lateral,288.8,3230.7,33.3,Closed,SNS-014
TEL-001379,2026-05-18T00:13:21,SITE-004,Section E — Makueni Branch,465.7,3322.6,30.8,Open,SNS-009
TEL-001316,2026-05-16T17:31:54,Nakuru  Depot,Section A — Mombasa-Nairobi Main,510.8,3634.8,18.3,Partially Open,SNS-008
TEL-001854,2026-05-26T01:26:15,SITE-003,Section A — Mombasa-Nairobi Main,334.4,3299.3,31.2,Closed,SNS-003
TEL-004607,2026-07-14T18:45:13,SITE-002,Section D — Sinendet Lateral,426.2,3467.7,36.1,Partially Open,SNS-013
TEL-004615,2026-07-14T21:51:30,SITE-003,Section D — Sinendet Lateral,569.4,3400.6,27.6,Open,SNS-008
TEL-003352,2026-06-21T17:47:01,SITE-001,Section A — Mombasa-Nairobi Main,396.5,3872.0,41.4,Partially Open,SNS-011
TEL-001742,2026-05-24T09:10:35,SITE-006,Section F — Kisumu Terminal Link,371.1,2371.9,17.4,Open,SNS-008
TEL-002009,2026-05-29T08:30:56,Kisumu term,Section E — Makueni Branch,388.8,2322.5,34.1,Partially Open,SNS-011
TEL-000141,2026-04-25T17:33:52,SITE-002,Section D — Sinendet Lateral,450.3,3083.2,28.4,Closed,SNS-002
TEL-000201,2026-04-26T15:16:53,SITE-007,Section C — Nakuru-Eldoret Extension,378.1,2888.4,37.9,Open,SNS-007
TEL-002182,2026-06-01T07:55:58,NAIROBI,Section F — Kisumu Terminal Link,385.8,4570.0,28.6,Open,SNS-014
TEL-002250,2026-06-02T16:15:09,SITE-003,Section D — Sinendet Lateral,466.1,2677.5,34.2,Open,SNS-014
TEL-003585,2026-06-26T02:01:38,SITE-002,Section A — Mombasa-Nairobi Main,200.0,2490.2,23.0,Partially Open,SNS-004
TEL-002719,2026-06-10T20:29:57,SITE-007,Section D — Sinendet Lateral,401.4,2551.3,33.3,Partially Open,SNS-002
TEL-001895,2026-05-26T18:23:01,SITE-002,Section C — Nakuru-Eldoret Extension,429.4,1924.6,36.0,Open,SNS-004
TEL-000884,2026-05-08T17:04:25,SITE-002,Section B — Nairobi-Nakuru Spur,393.2,2370.8,36.1,Open,SNS-009
TEL-004166,2026-07-06T09:30:57,SITE-004,Section D — Sinendet Lateral,358.1,2087.5,26.2,Partially Open,SNS-010
TEL-001402,2026-05-18T14:58:35,SITE-004,Section C — Nakuru-Eldoret Extension,216.4,2603.9,23.0,Open,SNS-008
TEL-001022,2026-05-11T05:50:31,Nairobi term,Section D — Sinendet Lateral,328.8,3968.5,35.8,Open,SNS-013
TEL-000044,2026-04-23T20:58:22,SITE-003,Section E — Makueni Branch,290.4,3912.8,28.3,Open,SNS-014
TEL-003280,2026-06-20T07:24:28,SITE-007,Section C — Nakuru-Eldoret Extension,390.2,3878.4,27.1,Open,SNS-006
TEL-001268,2026-05-15T19:07:02,SITE-006,Section D — Sinendet Lateral,505.8,2353.5,25.8,Partially Open,SNS-012
TEL-000849,2026-05-08T01:05:43,SITE-006,Section E — Makueni Branch,458.1,3702.7,37.7,Open,SNS-012
TEL-001169,2026-05-14T04:51:52,SITE-007,Section A — Mombasa-Nairobi Main,469.0,3809.9,34.0,Closed,SNS-006
TEL-003374,2026-06-22T04:06:33,SITE-007,Section C — Nakuru-Eldoret Extension,367.5,3593.1,29.4,Open,SNS-008
TEL-003503,2026-06-24T14:40:24,SINENDET,Section A — Mombasa-Nairobi Main,596.4,2714.3,32.3,Closed,SNS-008
TEL-002913,2026-06-14T07:24:47,SITE-006,Section D — Sinendet Lateral,519.8,2153.9,24.3,Open,SNS-009
TEL-003181,2026-06-18T09:44:49,SITE-004,Section F — Kisumu Terminal Link,385.9,2393.4,32.2,Closed,SNS-008
TEL-003721,2026-06-28T15:38:11,SITE-004,Section F — Kisumu Terminal Link,381.5,2309.5,27.6,Open,SNS-005
TEL-003826,2026-06-30T12:49:44,SITE-006,Section A — Mombasa-Nairobi Main,398.9,3065.2,23.5,Open,SNS-001
TEL-001491,2026-05-20T07:43:43,NAIROBI,Section F — Kisumu Terminal Link,494.0,2588.6,35.2,Closed,SNS-003
TEL-001401,2026-05-18T14:26:21,SITE-005,Section C — Nakuru-Eldoret Extension,310.4,4525.6,42.2,Closed,SNS-014
TEL-001144,2026-05-13T17:54:40,SITE-001,Section C — Nakuru-Eldoret Extension,385.3,3000.6,25.5,Open,SNS-011
TEL-002174,2026-06-01T03:22:56,SITE-002,Section C — Nakuru-Eldoret Extension,350.1,3037.1,38.5,Open,SNS-004
TEL-003390,2026-06-22T10:42:16,ELDORET,Section A — Mombasa-Nairobi Main,387.0,3238.1,24.2,Open,SNS-010
TEL-003579,2026-06-25T19:49:40,Makueni PS,Section E — Makueni Branch,392.7,3026.2,26.5,Partially Open,SNS-011
TEL-002721,2026-06-10T22:47:33,SITE-007,Section C — Nakuru-Eldoret Extension,421.8,2088.2,28.5,Closed,SNS-001
TEL-004157,2026-07-06T07:51:06,SITE-006,Section B — Nairobi-Nakuru Spur,497.7,2507.0,35.3,Closed,SNS-013
TEL-001142,2026-05-13T15:15:27,SITE-002,Section B — Nairobi-Nakuru Spur,335.4,3018.4,31.5,Open,SNS-001
TEL-002463,2026-06-06T07:32:04,SITE-001,Section E — Makueni Branch,431.2,2508.3,34.6,Closed,SNS-001
TEL-000888,2026-05-08T18:08:36,SITE-001,Section A — Mombasa-Nairobi Main,437.4,3788.0,32.8,Open,SNS-013
TEL-003964,2026-07-02T20:42:02,mombasa terminal,Section C — Nakuru-Eldoret Extension,533.2,,22.6,Closed,SNS-005
TEL-004687,2026-07-16T06:44:47,Thange section,Section E — Makueni Branch,364.3,3224.3,30.3,Closed,SNS-012
TEL-002970,2026-06-15T00:37:53,SITE-004,Section B — Nairobi-Nakuru Spur,257.0,3323.2,24.9,Open,SNS-003
TEL-003402,2026-06-22T15:08:17,ELD Terminal,Section A — Mombasa-Nairobi Main,327.2,3660.3,25.0,Open,SNS-002
TEL-002577,2026-06-08T08:34:43,SITE-006,Section A — Mombasa-Nairobi Main,233.0,2916.1,29.3,Partially Open,SNS-006
TEL-000913,2026-05-09T02:28:37,SITE-006,Section A — Mombasa-Nairobi Main,850,3673.7,21.5,Closed,SNS-010
TEL-002810,2026-06-12T13:40:42,ELDORET,Section A — Mombasa-Nairobi Main,512.1,3818.0,36.4,Closed,SNS-002
TEL-003049,2026-06-16T07:19:52,SITE-002,Section B — Nairobi-Nakuru Spur,349.8,3114.9,29.6,Open,SNS-012
TEL-000177,2026-04-26T07:03:08,SITE-006,Section D — Sinendet Lateral,388.5,2348.3,28.5,Open,SNS-009
TEL-003434,2026-06-23T07:12:01,SITE-003,Section B — Nairobi-Nakuru Spur,284.4,3016.3,35.3,Open,SNS-006
TEL-001256,2026-05-15T13:23:05,SITE-001,Section A — Mombasa-Nairobi Main,536.9,2501.0,,Partially Open,SNS-004
TEL-002124,2026-05-31T02:37:15,MSA Terminal,Section D — Sinendet Lateral,400.4,3722.5,33.6,Open,SNS-013
TEL-003132,2026-06-17T14:56:44,Eldoret term,Section E — Makueni Branch,427.3,3742.9,22.7,Open,SNS-011
TEL-003098,2026-06-17T00:17:41,SITE-006,Section C — Nakuru-Eldoret Extension,348.6,2545.4,26.7,Closed,SNS-012
TEL-000388,2026-04-29T20:03:04,SITE-002,Section D — Sinendet Lateral,416.1,3116.2,37.2,Closed,SNS-013
TEL-003001,2026-06-15T10:21:32,Eldoret term,Section D — Sinendet Lateral,395.1,1000.0,37.3,Open,SNS-014
TEL-004671,2026-07-16T00:14:19,SITE-005,Section A — Mombasa-Nairobi Main,337.7,3539.2,30.4,Partially Open,SNS-004
TEL-002026,2026-05-29T14:28:01,SITE-005,Section A — Mombasa-Nairobi Main,235.5,2747.0,38.3,Open,SNS-004
TEL-002945,2026-06-14T18:01:04,SITE-007,Section E — Makueni Branch,333.4,3685.3,20.4,Open,SNS-010
TEL-004819,2026-07-18T14:07:39,sinendet pump,Section C — Nakuru-Eldoret Extension,310.0,1839.0,15.0,Closed,SNS-002
TEL-001686,2026-05-23T11:05:13,SITE-006,Section B — Nairobi-Nakuru Spur,351.9,2947.2,16.2,Closed,SNS-009
TEL-002867,2026-06-13T12:46:27,SITE-001,Section B — Nairobi-Nakuru Spur,416.4,3644.5,41.8,Open,SNS-007
TEL-002681,2026-06-10T08:34:47,SITE-003,Section F — Kisumu Terminal Link,444.0,2406.6,24.9,Open,SNS-014
TEL-001032,2026-05-11T13:08:52,SITE-003,Section D — Sinendet Lateral,263.2,4270.0,37.3,Open,SNS-009
TEL-000439,2026-04-30T20:57:53,SITE-004,Section F — Kisumu Terminal Link,538.9,4255.1,21.1,Open,SNS-009
TEL-004828,2026-07-18T16:27:04,SITE-003,Section B — Nairobi-Nakuru Spur,397.7,3611.1,35.6,Open,SNS-008
TEL-002152,2026-05-31T13:48:53,SITE-007,Section D — Sinendet Lateral,422.7,1649.4,30.1,Open,SNS-006
TEL-002856,2026-06-13T08:09:09,SITE-004,Section E — Makueni Branch,317.5,3277.2,21.5,Partially Open,SNS-005
TEL-003739,2026-06-29T00:47:51,SITE-003,Section E — Makueni Branch,406.0,3562.1,31.2,Partially Open,SNS-004
TEL-002404,2026-06-05T05:30:41,SITE-005,Section C — Nakuru-Eldoret Extension,370.3,4099.8,32.1,Closed,SNS-014
TEL-000465,2026-05-01T06:08:23,SITE-001,Section A — Mombasa-Nairobi Main,412.7,3269.7,30.5,Partially Open,SNS-008
TEL-001505,2026-05-20T14:39:52,SITE-004,Section E — Makueni Branch,374.6,4068.1,21.1,Open,SNS-005
TEL-002630,2026-06-09T07:31:47,SITE-003,Section E — Makueni Branch,317.4,2194.6,31.5,Closed,SNS-004
TEL-004073,2026-07-04T18:58:48,SITE-004,Section B — Nairobi-Nakuru Spur,341.9,3204.5,36.4,Closed,SNS-003
TEL-000448,2026-04-30T23:19:58,SITE-002,Section D — Sinendet Lateral,318.5,2342.0,30.0,Open,SNS-014
TEL-001632,2026-05-22T15:11:46,SITE-007,Section A — Mombasa-Nairobi Main,389.0,3761.3,19.3,Open,SNS-012
TEL-000447,2026-04-30T23:12:18,SITE-003,Section D — Sinendet Lateral,359.7,3057.5,31.5,Closed,SNS-014
TEL-002185,2026-06-01T10:51:03,SITE-001,Section C — Nakuru-Eldoret Extension,334.3,2944.5,32.5,Partially Open,SNS-010
TEL-002459,2026-06-06T06:03:43,SITE-005,Section A — Mombasa-Nairobi Main,465.7,2948.9,17.5,Open,SNS-010
TEL-002202,2026-06-01T20:30:26,SITE-004,Section D — Sinendet Lateral,238.9,4519.3,32.7,Partially Open,SNS-004
TEL-001672,2026-05-23T06:06:08,SITE-006,Section E — Makueni Branch,381.4,2974.4,28.3,Closed,SNS-010
TEL-001746,2026-05-24T12:47:44,SITE-007,Section B — Nairobi-Nakuru Spur,396.3,3270.8,29.4,Partially Open,SNS-005
TEL-000412,2026-04-30T07:51:33,SITE-004,Section A — Mombasa-Nairobi Main,495.2,2881.8,38.3,Open,SNS-007
TEL-001877,2026-05-26T10:20:02,Eldoret term,Section A — Mombasa-Nairobi Main,257.6,3374.2,29.6,Closed,SNS-012
TEL-003833,2026-06-30T14:48:21,MSA Terminal,Section F — Kisumu Terminal Link,509.7,2915.4,38.4,Partially Open,SNS-011
TEL-004754,2026-07-17T09:10:31,SITE-002,Section A — Mombasa-Nairobi Main,334.7,3221.3,30.1,Open,SNS-014
TEL-002860,2026-06-13T10:01:19,SITE-003,Section D — Sinendet Lateral,287.8,1896.0,30.3,Open,SNS-009
TEL-003473,2026-06-24T03:55:13,SITE-002,Section D — Sinendet Lateral,521.3,2312.3,40.2,Open,SNS-008
TEL-002523,2026-06-07T08:05:51,SITE-001,Section E — Makueni Branch,312.6,2743.2,20.1,Partially Open,SNS-007
TEL-000265,2026-04-27T16:48:09,SITE-002,Section E — Makueni Branch,,1975.7,36.1,Closed,SNS-009
TEL-001363,2026-05-17T14:53:06,SITE-007,Section D — Sinendet Lateral,423.1,1949.4,18.8,Closed,SNS-006
TEL-000610,2026-05-04T00:01:29,SITE-005,Section F — Kisumu Terminal Link,377.4,2207.2,28.0,Partially Open,SNS-001
TEL-000121,2026-04-25T07:12:28,SITE-006,Section F — Kisumu Terminal Link,320.5,1503.2,36.5,Partially Open,SNS-008
TEL-001412,2026-05-18T20:18:08,SITE-003,Section A — Mombasa-Nairobi Main,496.6,3636.7,34.4,Closed,SNS-011
TEL-003324,2026-06-21T06:13:04,SITE-001,Section C — Nakuru-Eldoret Extension,446.9,4407.0,22.4,Open,SNS-011
TEL-001630,2026-05-22T14:34:48,SITE-006,Section A — Mombasa-Nairobi Main,453.6,1616.2,33.4,Partially Open,SNS-012
TEL-001600,2026-05-22T01:31:07,SITE-006,Section C — Nakuru-Eldoret Extension,421.8,1000.0,31.8,Closed,SNS-009
TEL-003610,2026-06-26T15:08:47,SITE-001,Section A — Mombasa-Nairobi Main,340.8,3529.8,35.1,Closed,SNS-014
TEL-003495,2026-06-24T12:36:11,SITE-003,Section E — Makueni Branch,475.0,1488.5,27.3,Open,SNS-010
TEL-001209,2026-05-14T18:52:39,SITE-001,Section A — Mombasa-Nairobi Main,448.7,3229.6,21.7,Open,SNS-002
TEL-004107,2026-07-05T08:02:24,SITE-006,Section D — Sinendet Lateral,370.5,2703.2,37.1,Open,SNS-010
TEL-001661,2026-05-23T00:49:18,Kipevu terminal,Section D — Sinendet Lateral,440.3,2481.7,32.0,Partially Open,SNS-011
TEL-003541,2026-06-25T02:38:11,SITE-007,Section B — Nairobi-Nakuru Spur,402.5,3780.8,31.7,Open,SNS-004
TEL-002933,2026-06-14T13:52:22,SITE-007,Section E — Makueni Branch,425.0,3237.1,21.3,Open,SNS-010
TEL-000395,2026-04-29T23:08:59,SITE-004,Section E — Makueni Branch,408.9,2113.0,23.6,Partially Open,SNS-001
TEL-000308,2026-04-28T14:20:34,SITE-002,Section E — Makueni Branch,439.4,2118.1,32.2,Partially Open,SNS-006
TEL-004062,2026-07-04T14:13:14,SITE-004,Section E — Makueni Branch,475.3,3052.4,27.7,Open,SNS-011
TEL-004818,2026-07-18T13:46:14,SITE-003,Section F — Kisumu Terminal Link,375.2,1695.7,15.0,Open,SNS-013
TEL-002183,2026-06-01T07:59:37,SITE-001,Section E — Makueni Branch,329.3,2473.0,18.2,Closed,SNS-012
TEL-002392,2026-06-05T01:10:48,SITE-006,Section D — Sinendet Lateral,420.3,3240.1,27.3,Closed,SNS-002
TEL-004113,2026-07-05T09:16:29,SITE-002,Section C — Nakuru-Eldoret Extension,531.0,3586.3,36.9,Partially Open,SNS-001
TEL-003013,2026-06-15T15:24:52,MAKUENI,Section F — Kisumu Terminal Link,511.4,2846.0,28.6,Closed,SNS-012
TEL-002981,2026-06-15T03:33:28,SITE-006,Section E — Makueni Branch,441.7,3194.1,27.9,Closed,SNS-012
TEL-003451,2026-06-23T15:16:16,SITE-006,Section C — Nakuru-Eldoret Extension,418.7,1807.6,19.6,Partially Open,SNS-003
TEL-002580,2026-06-08T09:56:44,SITE-004,Section E — Makueni Branch,319.0,2099.9,,Partially Open,SNS-005
TEL-002760,2026-06-11T16:18:14,SITE-007,Section F — Kisumu Terminal Link,331.2,2313.5,34.8,Closed,SNS-010
TEL-002806,2026-06-12T12:44:24,SITE-005,Section B — Nairobi-Nakuru Spur,365.4,3444.2,28.0,Closed,SNS-004
TEL-003368,2026-06-22T01:59:25,SITE-001,Section F — Kisumu Terminal Link,341.0,4740.1,27.8,Open,SNS-008
TEL-004003,2026-07-03T13:29:30,SITE-007,Section B — Nairobi-Nakuru Spur,315.2,3221.4,30.7,Open,SNS-010
TEL-000450,2026-05-01T01:05:24,SITE-003,Section E — Makueni Branch,373.7,2232.4,19.4,Partially Open,SNS-005
TEL-001623,2026-05-22T12:45:28,SITE-001,Section D — Sinendet Lateral,393.1,3232.6,29.8,Closed,SNS-002
TEL-003799,2026-06-30T00:46:54,ELDORET,Section B — Nairobi-Nakuru Spur,482.4,2845.6,27.4,Open,SNS-014
TEL-001674,2026-05-23T07:31:20,SITE-006,Section A — Mombasa-Nairobi Main,317.6,3418.7,30.1,Partially Open,SNS-013
TEL-002932,2026-06-14T13:40:07,SITE-004,Section B — Nairobi-Nakuru Spur,499.8,3359.9,33.5,Open,SNS-006
TEL-000812,2026-05-07T13:58:10,nakuru depot,Section F — Kisumu Terminal Link,407.5,2149.1,21.7,Partially Open,SNS-003
TEL-002356,2026-06-04T09:28:18,SITE-003,Section F — Kisumu Terminal Link,370.8,,31.6,Open,SNS-005
TEL-003838,2026-06-30T16:04:27,SITE-007,Section C — Nakuru-Eldoret Extension,442.5,3354.0,28.0,Partially Open,SNS-009
TEL-004543,2026-07-13T21:58:57,SITE-003,Section C — Nakuru-Eldoret Extension,332.8,2937.2,34.2,Closed,SNS-013
TEL-000345,2026-04-29T04:55:29,SITE-003,Section F — Kisumu Terminal Link,394.2,1964.6,23.7,Closed,SNS-003
TEL-002912,2026-06-14T07:15:32,SITE-006,Section B — Nairobi-Nakuru Spur,331.1,3289.3,33.8,Open,SNS-008
TEL-002476,2026-06-06T13:23:42,SITE-003,Section F — Kisumu Terminal Link,491.5,1981.5,27.1,Partially Open,SNS-012
TEL-001837,2026-05-25T19:13:21,SITE-006,Section F — Kisumu Terminal Link,488.4,2381.2,19.2,Closed,SNS-005
TEL-003177,2026-06-18T08:20:35,SITE-004,Section B — Nairobi-Nakuru Spur,359.5,,38.8,Open,SNS-003
TEL-000312,2026-04-28T15:44:36,KSM Terminal,Section F — Kisumu Terminal Link,317.7,2957.5,24.0,Partially Open,SNS-002
TEL-004662,2026-07-15T20:48:15,SITE-007,Section B — Nairobi-Nakuru Spur,328.2,3748.9,32.7,Open,SNS-001
TEL-000407,2026-04-30T03:28:30,SITE-002,Section B — Nairobi-Nakuru Spur,489.4,1970.4,39.3,Open,SNS-004
TEL-003832,2026-06-30T14:24:34,SITE-003,Section F — Kisumu Terminal Link,473.9,3031.1,37.3,Closed,SNS-012
TEL-002814,2026-06-12T14:58:20,SITE-001,Section B — Nairobi-Nakuru Spur,392.4,2916.3,32.1,Open,SNS-014
TEL-004527,2026-07-13T14:27:59,SITE-005,Section D — Sinendet Lateral,359.2,3789.8,36.4,Closed,SNS-005
TEL-001914,2026-05-27T03:56:13,SITE-004,Section E — Makueni Branch,283.8,2272.7,34.6,Closed,SNS-008
TEL-004131,2026-07-05T16:34:11,SITE-001,Section E — Makueni Branch,334.2,3101.6,,Open,SNS-003
TEL-000257,2026-04-27T11:30:20,SITE-001,Section F — Kisumu Terminal Link,583.2,2504.7,33.1,Open,SNS-005
TEL-002366,2026-06-04T15:49:10,SITE-007,Section F — Kisumu Terminal Link,399.0,2976.2,19.1,Open,SNS-001
TEL-000845,2026-05-07T23:48:54,SITE-006,Section F — Kisumu Terminal Link,403.5,1742.5,32.9,Closed,SNS-003
TEL-004947,2026-07-20T21:22:22,SITE-006,Section E — Makueni Branch,498.6,2184.6,32.3,Open,SNS-005
TEL-001997,2026-05-29T00:11:36,SITE-002,Section D — Sinendet Lateral,284.5,3859.2,19.0,Open,SNS-007
TEL-000079,2026-04-24T11:43:37,SITE-001,Section A — Mombasa-Nairobi Main,364.8,2541.8,26.5,Closed,SNS-009
TEL-002508,2026-06-07T00:36:40,SITE-002,Section C — Nakuru-Eldoret Extension,1284.4,2381.9,35.8,Open,SNS-011
TEL-001593,2026-05-21T22:14:40,SITE-005,Section A — Mombasa-Nairobi Main,415.8,4107.9,37.7,Closed,SNS-007
TEL-002132,2026-05-31T06:37:43,SITE-001,Section A — Mombasa-Nairobi Main,402.6,2386.2,39.3,Open,SNS-013
TEL-002481,2026-06-06T16:23:48,SITE-002,Section E — Makueni Branch,520.7,2739.9,36.9,Partially Open,SNS-010
TEL-000464,2026-05-01T05:48:38,Nakuru dep,Section A — Mombasa-Nairobi Main,284.5,3408.1,27.7,Open,SNS-004
TEL-002453,2026-06-06T03:25:27,Thange section,Section C — Nakuru-Eldoret Extension,203.8,3450.7,26.6,Partially Open,SNS-009
TEL-003256,2026-06-19T21:05:59,SITE-007,Section E — Makueni Branch,460.3,1576.6,25.0,Closed,SNS-003
TEL-003162,2026-06-18T04:10:11,SITE-002,Section C — Nakuru-Eldoret Extension,-38.1,2929.3,40.6,Closed,SNS-008
TEL-002793,2026-06-12T07:53:30,SITE-001,Section A — Mombasa-Nairobi Main,428.7,1888.3,33.3,Open,SNS-011
TEL-004148,2026-07-06T02:45:09,SITE-001,Section F — Kisumu Terminal Link,355.3,4823.2,16.4,Closed,SNS-008
TEL-004832,2026-07-18T17:57:23,SITE-004,Section C — Nakuru-Eldoret Extension,454.3,3877.2,25.4,Partially Open,SNS-004
TEL-003456,2026-06-23T18:30:42,SITE-005,Section F — Kisumu Terminal Link,318.8,,32.8,Closed,SNS-010
TEL-000359,2026-04-29T08:36:09,SITE-005,Section A — Mombasa-Nairobi Main,298.5,3732.1,30.9,Open,SNS-014
TEL-004669,2026-07-15T23:40:45,SITE-006,Section D — Sinendet Lateral,568.6,2963.3,22.2,Open,SNS-012
TEL-003141,2026-06-17T18:20:11,SITE-004,Section E — Makueni Branch,380.0,3905.6,23.4,Open,SNS-003
TEL-001828,2026-05-25T15:10:47,SITE-003,Section A — Mombasa-Nairobi Main,386.4,1938.8,40.3,Partially Open,SNS-007
TEL-002695,2026-06-10T11:49:48,SITE-004,Section D — Sinendet Lateral,410.0,1726.7,38.7,Open,SNS-002
TEL-000567,2026-05-03T05:21:36,SITE-001,Section B — Nairobi-Nakuru Spur,383.8,3454.7,35.3,Partially Open,SNS-007
TEL-000936,2026-05-09T17:51:47,mombasa terminal,Section A — Mombasa-Nairobi Main,552.2,2305.2,37.1,Partially Open,SNS-008
TEL-000384,2026-04-29T18:41:40,SITE-006,Section B — Nairobi-Nakuru Spur,282.4,3137.2,25.5,Open,SNS-012
TEL-004328,2026-07-09T17:08:09,SITE-004,Section F — Kisumu Terminal Link,457.8,4299.7,42.7,Open,SNS-004
TEL-000400,2026-04-30T00:05:37,SITE-003,Section B — Nairobi-Nakuru Spur,444.6,2067.5,34.6,Partially Open,SNS-008
TEL-004238,2026-07-07T22:47:24,SITE-004,Section A — Mombasa-Nairobi Main,386.4,2888.7,32.8,Partially Open,SNS-005
TEL-003888,2026-07-01T15:15:31,SITE-004,Section B — Nairobi-Nakuru Spur,456.3,2696.2,33.4,Closed,SNS-009
TEL-004030,2026-07-03T22:13:32,SITE-007,Section C — Nakuru-Eldoret Extension,437.2,4170.7,36.1,Open,SNS-012
TEL-000389,2026-04-29T20:22:33,SITE-003,Section A — Mombasa-Nairobi Main,330.9,2930.9,24.0,Closed,SNS-014
TEL-001677,2026-05-23T08:51:06,mombasa terminal,Section A — Mombasa-Nairobi Main,486.2,3105.3,28.6,Closed,SNS-006
TEL-004262,2026-07-08T10:37:58,Makueni PS,Section B — Nairobi-Nakuru Spur,398.1,3998.0,39.0,Open,SNS-013
TEL-001538,2026-05-21T06:20:37,SITE-001,Section D — Sinendet Lateral,352.3,3018.3,30.2,Closed,SNS-002
TEL-004053,2026-07-04T08:34:30,SITE-003,Section E — Makueni Branch,486.4,3607.2,25.2,Open,SNS-004
TEL-001240,2026-05-15T08:59:26,SITE-005,Section C — Nakuru-Eldoret Extension,433.2,4313.4,32.9,Open,SNS-001
TEL-001945,2026-05-27T20:16:50,SITE-003,Section B — Nairobi-Nakuru Spur,461.9,1274.3,26.9,Partially Open,SNS-014
TEL-004633,2026-07-15T05:12:45,SITE-007,Section B — Nairobi-Nakuru Spur,565.5,3098.4,26.4,Partially Open,SNS-004
TEL-000231,2026-04-27T01:48:31,SITE-004,Section C — Nakuru-Eldoret Extension,536.8,3816.2,35.1,Partially Open,SNS-007
TEL-003645,2026-06-27T06:27:41,SITE-003,Section A — Mombasa-Nairobi Main,332.4,2607.5,26.5,Open,SNS-009
TEL-000155,2026-04-26T01:10:22,SITE-007,Section B — Nairobi-Nakuru Spur,312.6,3535.4,30.6,Open,SNS-002
TEL-002786,2026-06-12T02:41:03,SITE-001,Section A — Mombasa-Nairobi Main,474.4,3091.6,21.1,Closed,SNS-002
TEL-002311,2026-06-03T19:16:10,SITE-003,Section B — Nairobi-Nakuru Spur,540.0,2616.8,23.3,Open,SNS-013
TEL-002368,2026-06-04T17:27:05,SITE-004,Section A — Mombasa-Nairobi Main,455.5,3007.0,34.1,Open,SNS-011
TEL-003209,2026-06-18T19:18:42,SITE-005,Section F — Kisumu Terminal Link,509.8,2433.4,37.2,Open,SNS-011
TEL-000040,2026-04-23T20:25:08,SITE-006,Section F — Kisumu Terminal Link,388.9,4159.2,32.5,Open,SNS-002
TEL-004880,2026-07-19T12:19:47,SITE-006,Section A — Mombasa-Nairobi Main,474.3,2177.4,27.7,Partially Open,SNS-013
TEL-003019,2026-06-15T17:20:16,SITE-005,Section E — Makueni Branch,588.1,2783.5,20.8,Open,SNS-012
TEL-002054,2026-05-29T23:23:28,SITE-005,Section C — Nakuru-Eldoret Extension,600.0,3773.8,15.0,Partially Open,SNS-001
TEL-000568,2026-05-03T05:32:35,SITE-002,Section C — Nakuru-Eldoret Extension,424.8,2847.9,31.6,Partially Open,SNS-002
TEL-002853,2026-06-13T07:27:09,SITE-003,Section D — Sinendet Lateral,377.2,2525.7,20.2,Open,SNS-010
TEL-002559,2026-06-07T23:35:00,SITE-001,Section F — Kisumu Terminal Link,451.9,3619.7,31.8,Open,SNS-012
TEL-002247,2026-06-02T14:51:54,SITE-002,Section C — Nakuru-Eldoret Extension,468.7,2538.9,17.8,Open,SNS-005
TEL-000020,2026-04-23T10:03:42,SITE-005,Section E — Makueni Branch,480.4,1798.7,29.2,Closed,SNS-014
TEL-001248,2026-05-15T10:48:37,SITE-006,Section B — Nairobi-Nakuru Spur,233.3,3151.9,30.7,Open,SNS-007
TEL-004588,2026-07-14T13:01:25,SITE-006,Section F — Kisumu Terminal Link,421.5,2761.1,35.4,Open,SNS-009
TEL-004725,2026-07-16T21:40:01,SITE-001,Section D — Sinendet Lateral,473.9,3119.4,28.8,Open,SNS-009
TEL-004646,2026-07-15T10:30:16,SITE-005,Section D — Sinendet Lateral,465.4,5000.0,40.9,Partially Open,SNS-007
TEL-001697,2026-05-23T15:41:28,SITE-005,Section C — Nakuru-Eldoret Extension,357.4,2655.8,27.3,Partially Open,SNS-012
TEL-001836,2026-05-25T19:11:18,SITE-004,Section A — Mombasa-Nairobi Main,270.7,3306.5,35.4,Open,SNS-008
TEL-001658,2026-05-22T23:57:49,SITE-004,Section C — Nakuru-Eldoret Extension,429.1,2918.5,30.1,Closed,SNS-001
TEL-002741,2026-06-11T10:25:14,SITE-002,Section D — Sinendet Lateral,440.0,4081.8,33.7,Closed,SNS-013
TEL-004938,2026-07-20T17:45:37,SITE-003,Section B — Nairobi-Nakuru Spur,381.2,2726.6,31.0,Closed,SNS-012
TEL-004688,2026-07-16T07:06:13,SITE-006,Section A — Mombasa-Nairobi Main,332.8,1608.5,27.9,Open,SNS-011
TEL-002113,2026-05-30T21:32:06,SITE-005,Section E — Makueni Branch,457.8,3537.0,31.9,Open,SNS-009
TEL-004096,2026-07-05T01:58:01,SITE-006,Section E — Makueni Branch,513.9,3294.8,42.6,Open,SNS-005
TEL-003394,2026-06-22T11:53:59,SITE-002,Section E — Makueni Branch,356.3,2310.3,31.4,Closed,SNS-007
TEL-001158,2026-05-13T23:33:20,SITE-006,Section B — Nairobi-Nakuru Spur,322.4,2574.4,40.9,Closed,SNS-006
TEL-002983,2026-06-15T03:46:33,SITE-001,Section A — Mombasa-Nairobi Main,477.0,2724.8,31.5,Open,SNS-005
TEL-004870,2026-07-19T07:17:08,SITE-001,Section B — Nairobi-Nakuru Spur,532.7,3456.0,30.4,Open,SNS-001
TEL-004859,2026-07-19T03:01:18,SITE-001,Section A — Mombasa-Nairobi Main,296.8,2999.2,35.6,Closed,SNS-014
TEL-004399,2026-07-11T01:43:10,SITE-003,Section C — Nakuru-Eldoret Extension,393.1,3345.7,28.4,Partially Open,SNS-002
TEL-003232,2026-06-19T04:20:02,Nairobi term,Section C — Nakuru-Eldoret Extension,399.7,4074.8,21.5,Closed,SNS-010
TEL-000749,2026-05-06T07:49:15,sinendet pump station,Section D — Sinendet Lateral,253.6,2838.5,36.4,Partially Open,SNS-003
TEL-003097,2026-06-16T23:42:53,SITE-002,Section D — Sinendet Lateral,452.7,3328.3,38.3,Partially Open,SNS-010
TEL-004255,2026-07-08T08:27:37,SITE-006,Section C — Nakuru-Eldoret Extension,405.3,2042.4,38.1,Open,SNS-010
TEL-003437,2026-06-23T08:22:16,SITE-006,Section F — Kisumu Terminal Link,427.1,4442.6,31.4,Closed,SNS-001
TEL-002184,2026-06-01T09:31:30,Kibwezi,Section A — Mombasa-Nairobi Main,388.6,2668.7,26.9,Open,SNS-008
TEL-001355,2026-05-17T10:56:14,SITE-002,Section F — Kisumu Terminal Link,358.8,2385.3,31.0,Open,SNS-011
TEL-003361,2026-06-22T00:07:24,SITE-002,Section F — Kisumu Terminal Link,504.0,2344.5,25.0,Open,SNS-011
TEL-004176,2026-07-06T15:59:38,SITE-002,Section E — Makueni Branch,569.2,3617.3,31.9,Closed,SNS-004
TEL-002484,2026-06-06T17:20:55,SITE-003,Section A — Mombasa-Nairobi Main,427.4,4515.2,30.2,Closed,SNS-005
TEL-000425,2026-04-30T13:49:56,SITE-001,Section E — Makueni Branch,514.0,2677.3,20.2,Closed,SNS-005
TEL-003561,2026-06-25T10:33:13,SITE-001,Section B — Nairobi-Nakuru Spur,306.8,3619.8,26.7,Closed,SNS-011
TEL-004449,2026-07-12T00:56:56,SITE-001,Section E — Makueni Branch,362.6,2795.2,33.1,Open,SNS-013
TEL-004495,2026-07-12T19:23:30,SITE-006,Section F — Kisumu Terminal Link,317.7,2810.1,23.9,Open,SNS-005
TEL-003246,2026-06-19T13:30:25,SITE-004,Section F — Kisumu Terminal Link,480.4,4073.0,32.6,Closed,SNS-013
TEL-000836,2026-05-07T20:33:53,SITE-001,Section F — Kisumu Terminal Link,346.8,4284.3,15.0,Open,SNS-004
TEL-001701,2026-05-23T16:32:45,SITE-004,Section F — Kisumu Terminal Link,355.9,2285.1,31.9,Closed,SNS-004
TEL-004861,2026-07-19T03:23:35,SITE-006,Section B — Nairobi-Nakuru Spur,384.6,2884.3,25.6,Open,SNS-008
TEL-000476,2026-05-01T12:43:02,Makueni PS,Section C — Nakuru-Eldoret Extension,358.9,4210.7,27.8,Open,SNS-013
TEL-002985,2026-06-15T04:25:26,SITE-001,Section C — Nakuru-Eldoret Extension,450.7,4299.7,33.4,Closed,SNS-005
TEL-002302,2026-06-03T15:36:51,SITE-001,Section C — Nakuru-Eldoret Extension,378.6,3498.2,21.9,Partially Open,SNS-001
TEL-003550,2026-06-25T06:08:05,SITE-001,Section A — Mombasa-Nairobi Main,368.3,3215.5,19.8,Open,SNS-010
TEL-002223,2026-06-02T06:37:51,SITE-002,Section A — Mombasa-Nairobi Main,430.5,3805.9,29.1,Open,SNS-005
TEL-002821,2026-06-12T16:41:53,SITE-002,Section F — Kisumu Terminal Link,380.4,3656.8,39.3,Open,SNS-004
TEL-001565,2026-05-21T13:22:29,SITE-005,Section F — Kisumu Terminal Link,407.3,2359.9,34.8,Closed,SNS-005
TEL-003944,2026-07-02T12:39:27,SITE-005,Section C — Nakuru-Eldoret Extension,345.4,4599.9,39.8,Open,SNS-013
TEL-002857,2026-06-13T08:23:12,SITE-005,Section E — Makueni Branch,403.6,3486.3,38.0,Closed,SNS-013
TEL-004394,2026-07-10T23:47:35,SITE-002,Section A — Mombasa-Nairobi Main,411.9,2440.9,32.7,Partially Open,SNS-008
TEL-001789,2026-05-25T03:02:07,SITE-004,Section E — Makueni Branch,253.8,2443.7,29.0,Open,SNS-007
TEL-003400,2026-06-22T13:08:19,SITE-007,Section E — Makueni Branch,530.4,1733.2,32.0,Closed,SNS-011
TEL-000952,2026-05-09T23:58:08,KSM Terminal,Section E — Makueni Branch,234.6,,31.9,Partially Open,SNS-008
TEL-000837,2026-05-07T20:41:25,SITE-002,Section E — Makueni Branch,368.6,2995.5,30.9,Partially Open,SNS-005
TEL-001471,2026-05-19T23:01:48,SITE-007,Section E — Makueni Branch,326.6,2452.4,26.6,Closed,SNS-007
TEL-002085,2026-05-30T11:39:43,Eldoret term,Section F — Kisumu Terminal Link,700,3509.8,25.2,Closed,SNS-002
TEL-003267,2026-06-20T02:17:04,SITE-004,Section E — Makueni Branch,321.0,3524.3,21.8,Open,SNS-001
TEL-003422,2026-06-23T00:25:35,SITE-005,Section E — Makueni Branch,441.2,3257.2,35.6,Partially Open,SNS-010
TEL-001042,2026-05-11T17:50:33,SITE-002,Section D — Sinendet Lateral,416.7,2316.0,21.0,Closed,SNS-014
TEL-000753,2026-05-06T10:46:00,SITE-002,Section A — Mombasa-Nairobi Main,486.4,2310.8,34.3,Open,SNS-005
TEL-001293,2026-05-16T06:34:31,eldoret terminal,Section D — Sinendet Lateral,453.4,1931.2,41.1,Open,SNS-005
TEL-000843,2026-05-07T23:18:13,SITE-005,Section D — Sinendet Lateral,426.3,3291.0,18.5,Open,SNS-009
TEL-000798,2026-05-07T08:49:32,SITE-002,Section F — Kisumu Terminal Link,401.2,4204.1,39.6,Open,SNS-014
TEL-004817,2026-07-18T13:21:14,SITE-004,Section F — Kisumu Terminal Link,463.5,3678.5,23.0,Closed,SNS-008
TEL-000613,2026-05-04T01:39:07,nakuru depot,Section B — Nairobi-Nakuru Spur,332.4,1895.8,34.2,Open,SNS-009
TEL-001323,2026-05-16T18:16:59,SITE-001,Section F — Kisumu Terminal Link,375.9,2617.3,33.2,Open,SNS-009
TEL-002414,2026-06-05T09:45:37,SITE-007,Section A — Mombasa-Nairobi Main,288.2,3704.0,28.8,Closed,SNS-012
TEL-003728,2026-06-28T18:53:08,MSA Terminal,Section E — Makueni Branch,369.8,2404.5,24.6,Open,SNS-014
TEL-002578,2026-06-08T08:46:18,SITE-007,Section F — Kisumu Terminal Link,326.1,2564.5,39.8,Open,SNS-003
TEL-001131,2026-05-13T08:04:28,Thange section,Section E — Makueni Branch,302.8,2226.5,32.9,Open,SNS-003
TEL-004519,2026-07-13T11:04:34,SITE-001,Section F — Kisumu Terminal Link,436.8,3140.6,16.3,Open,SNS-003
TEL-001093,2026-05-12T13:37:35,SITE-006,Section F — Kisumu Terminal Link,339.0,1350.7,24.2,Partially Open,SNS-002
TEL-000922,2026-05-09T10:22:39,SITE-004,Section D — Sinendet Lateral,346.1,3329.1,31.9,Partially Open,SNS-003
TEL-003558,2026-06-25T08:38:22,SITE-005,Section C — Nakuru-Eldoret Extension,524.3,3511.9,32.6,Partially Open,SNS-007
TEL-002294,2026-06-03T11:58:41,SITE-005,Section B — Nairobi-Nakuru Spur,1000,2942.2,33.7,Partially Open,SNS-008
TEL-004603,2026-07-14T18:21:41,SITE-003,Section F — Kisumu Terminal Link,405.1,2279.3,26.5,Open,SNS-006
TEL-003987,2026-07-03T06:57:35,SITE-006,Section F — Kisumu Terminal Link,403.4,3326.6,27.9,Open,SNS-011
TEL-002205,2026-06-01T20:45:12,sinendet pump,Section B — Nairobi-Nakuru Spur,523.3,2638.4,23.5,Open,SNS-010
TEL-003136,2026-06-17T17:13:34,SITE-007,Section B — Nairobi-Nakuru Spur,392.4,3462.3,26.1,Open,SNS-007
TEL-004504,2026-07-13T01:30:25,SITE-004,Section F — Kisumu Terminal Link,308.6,2618.4,31.0,Partially Open,SNS-007
TEL-001614,2026-05-22T06:50:25,SITE-003,Section F — Kisumu Terminal Link,529.4,3315.2,27.9,Partially Open,SNS-009
TEL-001319,2026-05-16T17:53:44,SITE-005,Section B — Nairobi-Nakuru Spur,458.6,2767.4,26.0,Closed,SNS-012
TEL-003546,2026-06-25T04:12:48,SITE-002,Section B — Nairobi-Nakuru Spur,368.5,2541.8,29.2,Closed,SNS-012
TEL-000215,2026-04-26T21:34:01,NKR Depot,Section B — Nairobi-Nakuru Spur,600.0,1677.5,31.5,Open,SNS-004
TEL-004762,2026-07-17T12:48:18,SITE-007,Section C — Nakuru-Eldoret Extension,496.9,2293.3,34.7,Closed,SNS-004
TEL-000498,2026-05-01T23:43:36,SITE-005,Section A — Mombasa-Nairobi Main,388.7,3356.3,28.0,Closed,SNS-013
TEL-002855,2026-06-13T07:58:13,SITE-004,Section E — Makueni Branch,264.6,4302.4,31.2,Open,SNS-001
TEL-000091,2026-04-24T16:07:54,SITE-005,Section F — Kisumu Terminal Link,256.5,4171.5,32.1,Closed,SNS-010
TEL-004539,2026-07-13T20:47:28,SITE-003,Section E — Makueni Branch,495.6,2269.2,32.1,Open,SNS-008
TEL-001843,2026-05-25T21:41:30,NKR Depot,Section D — Sinendet Lateral,412.7,2919.2,36.2,Closed,SNS-007
TEL-003608,2026-06-26T14:36:54,SITE-003,Section D — Sinendet Lateral,554.7,2847.3,23.8,Open,SNS-006
TEL-003517,2026-06-24T18:44:14,SITE-007,Section E — Makueni Branch,261.5,4043.0,30.8,Partially Open,SNS-013
TEL-000912,2026-05-09T02:20:06,SITE-004,Section F — Kisumu Terminal Link,700,3174.6,20.7,Partially Open,SNS-013
TEL-000522,2026-05-02T07:18:16,SITE-004,Section A — Mombasa-Nairobi Main,399.6,2051.1,22.5,Open,SNS-002
TEL-003271,2026-06-20T03:29:38,SITE-007,Section C — Nakuru-Eldoret Extension,360.2,3024.6,30.4,Open,SNS-002
TEL-001559,2026-05-21T11:55:34,SITE-003,Section A — Mombasa-Nairobi Main,334.5,2885.1,26.7,Open,SNS-008
TEL-001333,2026-05-16T22:25:41,SITE-004,Section D — Sinendet Lateral,488.0,1679.2,35.7,Open,SNS-009
TEL-000539,2026-05-02T14:37:48,SITE-001,Section E — Makueni Branch,381.4,2334.3,28.7,Open,SNS-008
TEL-002511,2026-06-07T01:27:09,SITE-007,Section C — Nakuru-Eldoret Extension,455.8,1721.8,28.1,Partially Open,SNS-003
TEL-002284,2026-06-03T09:08:34,SITE-003,Section C — Nakuru-Eldoret Extension,1000,2588.2,29.9,Closed,SNS-002
TEL-003491,2026-06-24T10:41:26,Eldoret term,Section D — Sinendet Lateral,394.1,4347.2,34.8,Open,SNS-005
TEL-004412,2026-07-11T06:49:02,SITE-006,Section F — Kisumu Terminal Link,,2350.9,35.8,Open,SNS-010
TEL-003304,2026-06-20T19:43:43,SITE-001,Section F — Kisumu Terminal Link,427.7,3509.6,30.4,Closed,SNS-003
TEL-000125,2026-04-25T08:23:17,Nairobi  Terminal,Section C — Nakuru-Eldoret Extension,285.9,3699.5,20.4,Partially Open,SNS-010
TEL-001875,2026-05-26T08:29:24,SITE-007,Section F — Kisumu Terminal Link,388.3,3715.8,21.6,Open,SNS-012
TEL-002564,2026-06-08T01:46:31,SITE-005,Section F — Kisumu Terminal Link,580.7,4059.8,33.0,Closed,SNS-008
TEL-004286,2026-07-08T20:24:28,SITE-006,Section E — Makueni Branch,326.4,2530.7,31.2,Closed,SNS-010
TEL-000051,2026-04-23T23:42:54,SITE-006,Section F — Kisumu Terminal Link,309.6,3036.6,35.5,Open,SNS-008
TEL-003411,2026-06-22T21:18:21,SITE-007,Section A — Mombasa-Nairobi Main,497.7,3795.9,32.4,Open,SNS-008
TEL-002056,2026-05-30T00:16:48,Nairobi term,Section B — Nairobi-Nakuru Spur,529.4,2583.3,30.8,Open,SNS-013
TEL-004797,2026-07-18T05:45:18,SITE-002,Section B — Nairobi-Nakuru Spur,256.2,1767.8,32.8,Partially Open,SNS-004
TEL-004729,2026-07-16T23:51:26,SITE-006,Section E — Makueni Branch,281.7,4452.0,25.6,Open,SNS-009
TEL-000933,2026-05-09T16:43:21,SITE-004,Section B — Nairobi-Nakuru Spur,421.6,2070.2,,Closed,SNS-005
TEL-001587,2026-05-21T20:58:30,SITE-006,Section A — Mombasa-Nairobi Main,410.7,3632.3,31.9,Closed,SNS-003
TEL-002013,2026-05-29T11:08:36,SITE-004,Section B — Nairobi-Nakuru Spur,482.4,1802.4,15.4,Partially Open,SNS-010
TEL-000436,2026-04-30T19:55:49,SITE-004,Section D — Sinendet Lateral,202.0,3161.7,27.9,Partially Open,SNS-005
TEL-002820,2026-06-12T16:36:22,SITE-003,Section F — Kisumu Terminal Link,446.6,2984.4,34.1,Closed,SNS-005
TEL-001966,2026-05-28T04:50:07,SITE-003,Section C — Nakuru-Eldoret Extension,434.0,3860.8,25.1,Open,SNS-006
TEL-002220,2026-06-02T05:49:05,SITE-005,Section E — Makueni Branch,434.6,3686.1,23.3,Closed,SNS-013
TEL-003852,2026-06-30T23:29:00,SITE-005,Section B — Nairobi-Nakuru Spur,572.8,2089.8,32.8,Closed,SNS-007
TEL-001432,2026-05-19T07:15:18,SITE-002,Section C — Nakuru-Eldoret Extension,513.7,1749.4,26.5,Closed,SNS-010
TEL-002718,2026-06-10T20:19:27,Nakuru dep,Section E — Makueni Branch,426.4,3324.0,36.9,Closed,SNS-005
TEL-003553,2026-06-25T07:03:23,SITE-001,Section C — Nakuru-Eldoret Extension,471.9,4023.6,23.5,Open,SNS-003
TEL-004937,2026-07-20T16:56:14,SITE-003,Section D — Sinendet Lateral,386.3,3976.3,33.5,Partially Open,SNS-002
TEL-004396,2026-07-11T00:18:22,SITE-006,Section C — Nakuru-Eldoret Extension,389.0,3630.0,30.0,Closed,SNS-004
TEL-003894,2026-07-01T18:07:03,SITE-003,Section C — Nakuru-Eldoret Extension,395.1,3514.9,34.9,Partially Open,SNS-002
TEL-001442,2026-05-19T12:43:53,SITE-004,Section C — Nakuru-Eldoret Extension,374.8,2552.9,29.7,Closed,SNS-012
TEL-002395,2026-06-05T03:02:53,SITE-002,Section D — Sinendet Lateral,287.9,2831.7,33.2,Open,SNS-003
TEL-004998,2026-07-21T23:22:58,SITE-004,Section A — Mombasa-Nairobi Main,380.3,2694.4,34.4,Partially Open,SNS-010
TEL-003449,2026-06-23T14:41:42,SITE-007,Section A — Mombasa-Nairobi Main,549.8,2124.5,31.2,Partially Open,SNS-014
TEL-000964,2026-05-10T07:55:54,SITE-006,Section A — Mombasa-Nairobi Main,443.9,2960.5,23.8,Open,SNS-007
TEL-003467,2026-06-24T01:10:53,SITE-007,Section B — Nairobi-Nakuru Spur,374.8,4419.3,32.6,Open,SNS-014
TEL-001327,2026-05-16T19:56:52,SITE-004,Section F — Kisumu Terminal Link,380.1,4666.9,25.0,Open,SNS-004
TEL-000284,2026-04-28T01:32:29,SITE-005,Section C — Nakuru-Eldoret Extension,341.8,3505.4,34.2,Open,SNS-013
TEL-002051,2026-05-29T23:04:13,SITE-005,Section A — Mombasa-Nairobi Main,326.5,2228.8,33.9,Open,SNS-002
TEL-000779,2026-05-06T23:06:45,SITE-001,Section C — Nakuru-Eldoret Extension,341.6,2529.6,33.6,Closed,SNS-007
TEL-003359,2026-06-21T21:33:10,SITE-007,Section D — Sinendet Lateral,518.4,3773.0,37.4,Open,SNS-006
TEL-003465,2026-06-24T00:29:03,SITE-002,Section B — Nairobi-Nakuru Spur,431.1,3829.9,24.4,Open,SNS-008
TEL-003457,2026-06-23T18:56:02,SITE-002,Section B — Nairobi-Nakuru Spur,459.7,3263.5,28.2,Open,SNS-012
TEL-001787,2026-05-25T02:15:58,SITE-004,Section D — Sinendet Lateral,466.5,1970.0,32.8,Closed,SNS-002
TEL-002440,2026-06-05T21:11:43,SITE-004,Section E — Makueni Branch,339.3,3444.9,28.8,Partially Open,SNS-006
TEL-000673,2026-05-05T01:28:26,SITE-002,Section B — Nairobi-Nakuru Spur,566.9,4412.5,29.3,Partially Open,SNS-010
TEL-003111,2026-06-17T05:16:34,SITE-006,Section D — Sinendet Lateral,407.7,1972.7,25.9,Closed,SNS-008
TEL-001777,2026-05-24T23:04:51,SITE-005,Section F — Kisumu Terminal Link,461.8,2200.8,25.3,Open,SNS-001
TEL-000438,2026-04-30T20:49:22,SITE-006,Section B — Nairobi-Nakuru Spur,398.3,1749.7,22.3,Closed,SNS-006
TEL-004809,2026-07-18T10:19:56,SITE-002,Section C — Nakuru-Eldoret Extension,395.8,2647.4,34.5,Closed,SNS-012
TEL-001824,2026-05-25T13:56:27,SITE-006,Section B — Nairobi-Nakuru Spur,371.5,2967.0,30.2,Open,SNS-002
TEL-002251,2026-06-02T17:08:23,SITE-005,Section D — Sinendet Lateral,366.4,1816.4,33.0,Open,SNS-006
TEL-002164,2026-05-31T21:10:25,SITE-003,Section C — Nakuru-Eldoret Extension,449.6,2226.1,34.4,Open,SNS-014
TEL-003586,2026-06-26T02:50:39,Kisumu term,Section E — Makueni Branch,464.0,1921.0,29.0,Open,SNS-011
TEL-003830,2026-06-30T14:01:32,SITE-003,Section B — Nairobi-Nakuru Spur,436.1,2105.2,22.0,Open,SNS-002
TEL-003114,2026-06-17T09:06:15,SITE-006,Section A — Mombasa-Nairobi Main,522.0,2811.0,28.1,Closed,SNS-010
TEL-002525,2026-06-07T09:07:35,SITE-002,Section A — Mombasa-Nairobi Main,562.0,2272.8,18.4,Open,SNS-008
TEL-003009,2026-06-15T14:39:57,NRB Terminal,Section B — Nairobi-Nakuru Spur,403.4,3748.4,34.6,Open,SNS-013
TEL-004174,2026-07-06T14:49:50,SITE-004,Section D — Sinendet Lateral,384.0,2910.1,36.0,Open,SNS-008
TEL-001853,2026-05-26T01:12:13,NKR Depot,Section A — Mombasa-Nairobi Main,348.5,2531.2,38.9,Open,SNS-005
TEL-002342,2026-06-04T05:16:21,SITE-004,Section B — Nairobi-Nakuru Spur,458.0,3023.4,31.8,Open,SNS-014
TEL-001781,2026-05-24T23:57:04,SITE-001,Section B — Nairobi-Nakuru Spur,535.1,2660.7,35.2,Open,SNS-004
TEL-002805,2026-06-12T12:27:03,MOMBASA,Section D — Sinendet Lateral,,3099.3,39.5,Open,SNS-012
TEL-000766,2026-05-06T15:42:27,SITE-006,Section A — Mombasa-Nairobi Main,528.4,3722.8,22.5,Open,SNS-010
TEL-003524,2026-06-24T21:17:24,SITE-006,Section E — Makueni Branch,327.6,1385.1,41.7,Open,SNS-012
TEL-000487,2026-05-01T16:25:24,SITE-004,Section C — Nakuru-Eldoret Extension,600.0,1680.9,41.2,Open,SNS-002
TEL-004397,2026-07-11T01:22:03,SITE-007,Section A — Mombasa-Nairobi Main,361.8,2716.4,32.0,Partially Open,SNS-003
TEL-001873,2026-05-26T08:01:22,SITE-001,Section A — Mombasa-Nairobi Main,429.5,3444.9,24.0,Partially Open,SNS-009
TEL-004366,2026-07-10T10:42:48,SITE-005,Section C — Nakuru-Eldoret Extension,417.3,3541.1,20.6,Open,SNS-014
TEL-004204,2026-07-07T06:07:45,SITE-007,Section E — Makueni Branch,417.5,2380.4,27.0,Closed,SNS-007
TEL-004626,2026-07-15T02:37:17,SITE-001,Section F — Kisumu Terminal Link,379.6,2050.4,29.1,Open,SNS-003
TEL-003681,2026-06-28T01:03:30,SITE-005,Section D — Sinendet Lateral,309.8,3363.8,32.0,Open,SNS-004
TEL-001128,2026-05-13T06:53:21,SITE-002,Section F — Kisumu Terminal Link,532.6,3411.0,25.8,Partially Open,SNS-013
TEL-001750,2026-05-24T14:43:21,SITE-004,Section B — Nairobi-Nakuru Spur,492.3,2135.7,33.1,Open,SNS-007
TEL-003322,2026-06-21T05:11:59,SITE-004,Section A — Mombasa-Nairobi Main,362.3,5000.0,29.6,Open,SNS-014
TEL-000204,2026-04-26T15:45:05,SITE-007,Section C — Nakuru-Eldoret Extension,444.0,2733.1,22.7,Closed,SNS-012
TEL-001885,2026-05-26T14:26:50,Sinendet  Pump Station,Section C — Nakuru-Eldoret Extension,475.9,3263.8,34.3,Open,SNS-011
TEL-003027,2026-06-15T20:08:35,ELDORET,Section B — Nairobi-Nakuru Spur,383.2,2579.9,28.4,Open,SNS-009
TEL-002090,2026-05-30T13:47:52,SITE-003,Section C — Nakuru-Eldoret Extension,365.7,2971.3,41.9,Open,SNS-004
TEL-004452,2026-07-12T03:05:31,SITE-007,Section F — Kisumu Terminal Link,362.6,3591.1,33.1,Closed,SNS-007
TEL-001618,2026-05-22T10:32:50,SITE-007,Section A — Mombasa-Nairobi Main,357.4,2694.8,31.3,Closed,SNS-009
TEL-003431,2026-06-23T04:13:29,nairobi terminal,Section D — Sinendet Lateral,325.5,3412.4,25.2,Partially Open,SNS-005
TEL-003405,2026-06-22T15:35:58,KSM Terminal,Section A — Mombasa-Nairobi Main,442.8,3137.8,28.1,Closed,SNS-003
TEL-000254,2026-04-27T10:58:06,SITE-005,Section E — Makueni Branch,349.3,3617.2,44.4,Open,SNS-003
TEL-004821,2026-07-18T14:19:10,SITE-005,Section A — Mombasa-Nairobi Main,351.1,3268.3,29.4,Open,SNS-001
TEL-004882,2026-07-19T14:00:04,SITE-007,Section C — Nakuru-Eldoret Extension,400.4,3390.0,36.3,Partially Open,SNS-005
TEL-003938,2026-07-02T10:51:12,SITE-004,Section E — Makueni Branch,371.6,3239.1,22.8,Partially Open,SNS-010
TEL-001713,2026-05-23T22:37:09,SITE-002,Section B — Nairobi-Nakuru Spur,434.6,3383.6,24.0,Open,SNS-006
TEL-001023,2026-05-11T05:54:25,SITE-003,Section E — Makueni Branch,395.8,1947.6,29.0,Open,SNS-002
TEL-003849,2026-06-30T22:35:24,SITE-005,Section F — Kisumu Terminal Link,473.8,3606.3,32.5,Open,SNS-005
TEL-001621,2026-05-22T12:24:27,NKR Depot,Section B — Nairobi-Nakuru Spur,464.0,3568.1,34.5,Open,SNS-010
TEL-003771,2026-06-29T13:32:52,SITE-001,Section C — Nakuru-Eldoret Extension,420.3,2288.9,28.0,Partially Open,SNS-007
TEL-001699,2026-05-23T16:01:20,SITE-007,Section F — Kisumu Terminal Link,476.6,2785.8,30.2,Open,SNS-008
TEL-004849,2026-07-18T22:25:30,SITE-003,Section B — Nairobi-Nakuru Spur,308.3,3449.3,28.4,Open,SNS-003
TEL-000099,2026-04-24T19:44:54,SITE-004,Section F — Kisumu Terminal Link,431.7,3733.2,23.8,Open,SNS-010
TEL-002765,2026-06-11T16:56:28,SITE-005,Section E — Makueni Branch,432.5,3508.7,38.0,Open,SNS-014
TEL-002874,2026-06-13T14:15:31,SITE-007,Section A — Mombasa-Nairobi Main,553.9,3367.6,28.2,Open,SNS-013
TEL-002717,2026-06-10T19:01:54,SITE-002,Section C — Nakuru-Eldoret Extension,409.2,2933.8,42.4,Open,SNS-001
TEL-003656,2026-06-27T11:01:51,SITE-001,Section C — Nakuru-Eldoret Extension,334.1,2507.4,29.4,Closed,SNS-010
TEL-004742,2026-07-17T05:19:36,SITE-006,Section D — Sinendet Lateral,378.1,1659.9,28.9,Open,SNS-004
TEL-002858,2026-06-13T09:36:56,SITE-001,Section C — Nakuru-Eldoret Extension,340.2,2783.2,28.9,Open,SNS-011
TEL-002242,2026-06-02T12:48:17,SITE-005,Section B — Nairobi-Nakuru Spur,394.5,4209.4,20.5,Open,SNS-013
TEL-003787,2026-06-29T19:14:24,SITE-002,Section C — Nakuru-Eldoret Extension,375.4,3561.2,38.3,Open,SNS-010
TEL-001575,2026-05-21T17:26:38,SITE-001,Section F — Kisumu Terminal Link,245.6,2181.8,36.2,Open,SNS-001
TEL-002538,2026-06-07T15:22:45,SITE-006,Section A — Mombasa-Nairobi Main,413.8,3303.6,36.8,Partially Open,SNS-002
TEL-004330,2026-07-09T18:35:51,SITE-003,Section D — Sinendet Lateral,372.7,2340.4,38.7,Open,SNS-002
TEL-001477,2026-05-20T00:59:22,SITE-007,Section E — Makueni Branch,446.6,3173.1,36.3,Partially Open,SNS-009
TEL-003934,2026-07-02T09:14:15,SITE-005,Section A — Mombasa-Nairobi Main,280.8,3301.1,34.0,Closed,SNS-010
TEL-000518,2026-05-02T07:06:23,SITE-006,Section A — Mombasa-Nairobi Main,553.8,3799.9,33.1,Open,SNS-004
TEL-002962,2026-06-14T22:05:52,SITE-003,Section A — Mombasa-Nairobi Main,374.8,3461.9,28.9,Closed,SNS-010
TEL-003298,2026-06-20T16:33:09,SITE-007,Section E — Makueni Branch,404.0,2174.8,23.8,Open,SNS-001
TEL-003341,2026-06-21T13:09:28,SITE-004,Section F — Kisumu Terminal Link,425.9,3438.9,33.7,Open,SNS-005
TEL-001052,2026-05-11T21:19:32,SITE-006,Section F — Kisumu Terminal Link,401.1,3587.6,33.3,Open,SNS-002
TEL-001090,2026-05-12T12:45:19,SITE-003,Section A — Mombasa-Nairobi Main,488.2,2944.8,29.0,Closed,SNS-011
TEL-004467,2026-07-12T10:03:37,SITE-006,Section E — Makueni Branch,375.0,2708.8,30.4,Open,SNS-013
TEL-003193,2026-06-18T14:19:29,SITE-004,Section E — Makueni Branch,286.2,2151.2,38.6,Partially Open,SNS-010
TEL-004304,2026-07-09T03:35:30,SITE-001,Section D — Sinendet Lateral,428.9,1679.7,19.8,Open,SNS-011
TEL-001734,2026-05-24T05:39:53,SITE-004,Section C — Nakuru-Eldoret Extension,380.4,2309.1,29.3,Open,SNS-003
TEL-003412,2026-06-22T21:40:17,SITE-004,Section A — Mombasa-Nairobi Main,454.2,2220.2,30.1,Open,SNS-006
TEL-000937,2026-05-09T17:59:53,SITE-007,Section A — Mombasa-Nairobi Main,297.0,2454.8,26.0,Open,SNS-005
TEL-002020,2026-05-29T13:16:34,SITE-007,Section A — Mombasa-Nairobi Main,409.4,1864.9,25.9,Partially Open,SNS-011
TEL-004929,2026-07-20T12:20:09,SITE-001,Section A — Mombasa-Nairobi Main,321.8,1320.6,37.7,Partially Open,SNS-013
TEL-000108,2026-04-25T01:11:56,SITE-005,Section F — Kisumu Terminal Link,283.7,2275.0,24.7,Closed,SNS-014
TEL-001278,2026-05-16T01:25:04,SITE-006,Section E — Makueni Branch,316.2,2958.9,20.6,Closed,SNS-006
TEL-000123,2026-04-25T07:46:46,SITE-004,Section C — Nakuru-Eldoret Extension,427.0,,27.1,Partially Open,SNS-010
TEL-004421,2026-07-11T10:40:05,SITE-003,Section E — Makueni Branch,565.5,2696.3,31.5,Open,SNS-012
TEL-002637,2026-06-09T11:06:27,SITE-007,Section C — Nakuru-Eldoret Extension,350.1,2805.0,23.6,Open,SNS-005
TEL-000548,2026-05-02T19:39:27,SITE-001,Section C — Nakuru-Eldoret Extension,494.4,3928.6,24.8,Open,SNS-012
TEL-001106,2026-05-12T19:44:20,SITE-005,Section C — Nakuru-Eldoret Extension,420.2,2948.1,37.2,Open,SNS-007
TEL-003919,2026-07-02T04:19:20,SITE-002,Section E — Makueni Branch,375.3,2297.5,26.7,Open,SNS-010
TEL-000015,2026-04-23T07:46:49,SITE-001,Section B — Nairobi-Nakuru Spur,372.5,3975.0,32.1,Closed,SNS-004
TEL-004007,2026-07-03T15:30:44,SITE-006,Section F — Kisumu Terminal Link,277.0,3523.0,28.7,Open,SNS-013
TEL-001168,2026-05-14T04:35:54,SITE-006,Section C — Nakuru-Eldoret Extension,428.4,2807.2,28.3,Closed,SNS-014
TEL-001451,2026-05-19T16:06:52,Makueni PS,Section C — Nakuru-Eldoret Extension,542.7,5000.0,28.2,Closed,SNS-009
TEL-003575,2026-06-25T16:00:45,SITE-006,Section B — Nairobi-Nakuru Spur,539.2,3265.3,33.5,Closed,SNS-014
TEL-000818,2026-05-07T16:38:41,SITE-007,Section A — Mombasa-Nairobi Main,327.9,3181.1,30.3,Closed,SNS-001
TEL-002616,2026-06-09T03:54:57,SITE-003,Section D — Sinendet Lateral,,4804.4,31.3,Open,SNS-014
TEL-003554,2026-06-25T07:04:36,SITE-007,Section F — Kisumu Terminal Link,327.9,1702.8,23.6,Open,SNS-008
TEL-004253,2026-07-08T06:38:25,SITE-001,Section F — Kisumu Terminal Link,509.9,2613.3,,Closed,SNS-006
TEL-004984,2026-07-21T17:08:28,SITE-007,Section C — Nakuru-Eldoret Extension,411.2,2230.7,24.7,Open,SNS-010
TEL-001188,2026-05-14T12:01:46,SITE-005,Section F — Kisumu Terminal Link,455.4,4080.8,27.1,Open,SNS-006
TEL-003118,2026-06-17T10:31:18,Nakuru  Depot,Section E — Makueni Branch,,2095.4,16.4,Open,SNS-012
TEL-001125,2026-05-13T05:00:39,SITE-002,Section F — Kisumu Terminal Link,314.4,2868.7,25.2,Partially Open,SNS-001
TEL-003837,2026-06-30T15:41:17,SITE-005,Section F — Kisumu Terminal Link,428.6,3145.9,33.4,Open,SNS-008
TEL-004706,2026-07-16T13:39:45,KISUMU,Section B — Nairobi-Nakuru Spur,414.7,2302.8,27.7,Partially Open,SNS-005
TEL-002845,2026-06-13T02:32:23,SITE-005,Section E — Makueni Branch,296.4,2761.2,29.9,Partially Open,SNS-013
TEL-004667,2026-07-15T22:49:27,SITE-006,Section A — Mombasa-Nairobi Main,382.7,2012.8,36.8,Open,SNS-010
TEL-004023,2026-07-03T18:21:05,SITE-007,Section F — Kisumu Terminal Link,302.7,3221.1,36.8,Partially Open,SNS-006
TEL-002083,2026-05-30T11:18:22,SITE-003,Section C — Nakuru-Eldoret Extension,456.5,2039.4,32.1,Open,SNS-008
TEL-000856,2026-05-08T03:47:22,SITE-003,Section E — Makueni Branch,389.2,3246.2,33.4,Open,SNS-002
TEL-001391,2026-05-18T06:59:03,Nairobi  Terminal,Section B — Nairobi-Nakuru Spur,412.8,1038.9,29.1,Closed,SNS-013
TEL-001431,2026-05-19T07:10:03,SITE-002,Section C — Nakuru-Eldoret Extension,365.5,3089.5,15.4,Open,SNS-001
TEL-000682,2026-05-05T04:49:03,SITE-004,Section E — Makueni Branch,345.8,3537.7,29.1,Open,SNS-006
TEL-000968,2026-05-10T10:10:08,SITE-007,Section F — Kisumu Terminal Link,328.7,2780.8,32.1,Open,SNS-005
TEL-003188,2026-06-18T13:19:44,SITE-004,Section D — Sinendet Lateral,591.2,2512.0,29.3,Open,SNS-008
TEL-002959,2026-06-14T20:42:19,SITE-001,Section E — Makueni Branch,438.6,3243.8,38.0,Open,SNS-014
TEL-001656,2026-05-22T23:00:18,SITE-005,Section D — Sinendet Lateral,276.8,3306.5,25.4,Partially Open,SNS-010
TEL-001310,2026-05-16T13:47:12,SITE-001,Section C — Nakuru-Eldoret Extension,296.7,2197.8,38.7,Partially Open,SNS-001
TEL-000143,2026-04-25T18:00:35,SITE-003,Section D — Sinendet Lateral,400.1,3123.7,34.5,Open,SNS-006
TEL-002092,2026-05-30T14:09:19,sinendet pump,Section F — Kisumu Terminal Link,278.1,1944.5,29.6,Partially Open,SNS-011
TEL-001087,2026-05-12T12:37:30,SITE-007,Section E — Makueni Branch,429.4,3147.5,36.3,Open,SNS-003
TEL-004596,2026-07-14T15:03:01,SITE-001,Section F — Kisumu Terminal Link,312.0,2304.7,30.0,Partially Open,SNS-002
TEL-001100,2026-05-12T15:28:21,SITE-004,Section A — Mombasa-Nairobi Main,392.9,2747.9,31.0,Closed,SNS-010
TEL-004942,2026-07-20T19:56:58,SITE-001,Section E — Makueni Branch,521.2,2676.9,27.2,Open,SNS-007
TEL-004987,2026-07-21T18:17:07,SITE-001,Section B — Nairobi-Nakuru Spur,529.5,3411.9,38.6,Open,SNS-001
TEL-003128,2026-06-17T13:53:23,Sinendet PS,Section A — Mombasa-Nairobi Main,462.4,2896.7,36.5,Partially Open,SNS-007
TEL-001094,2026-05-12T14:03:22,SITE-007,Section B — Nairobi-Nakuru Spur,387.9,3184.0,34.9,Open,SNS-013
TEL-000208,2026-04-26T17:24:08,SITE-002,Section E — Makueni Branch,352.1,4019.6,28.6,Open,SNS-014
TEL-004529,2026-07-13T14:39:59,MSA Terminal,Section E — Makueni Branch,296.1,4121.4,31.6,Closed,SNS-013
TEL-003775,2026-06-29T15:51:39,SITE-006,Section C — Nakuru-Eldoret Extension,418.9,1478.5,34.0,Open,SNS-008
TEL-003627,2026-06-26T21:28:42,SITE-007,Section C — Nakuru-Eldoret Extension,378.2,3311.9,37.1,Open,SNS-009
TEL-003675,2026-06-27T21:01:22,SITE-001,Section E — Makueni Branch,396.0,2744.3,26.9,Partially Open,SNS-001
TEL-001866,2026-05-26T04:31:33,SITE-004,Section D — Sinendet Lateral,336.5,4067.6,29.3,Closed,SNS-001
TEL-003629,2026-06-26T22:23:56,SITE-003,Section A — Mombasa-Nairobi Main,394.9,2915.2,28.2,Open,SNS-012
TEL-001049,2026-05-11T19:13:45,NAKURU,Section F — Kisumu Terminal Link,377.3,2237.7,26.8,Open,SNS-003
TEL-004089,2026-07-04T23:26:46,SITE-007,Section A — Mombasa-Nairobi Main,464.4,2659.0,22.2,Open,SNS-007
TEL-000333,2026-04-29T00:24:12,SITE-007,Section C — Nakuru-Eldoret Extension,318.7,3655.4,32.5,Open,SNS-009
TEL-000531,2026-05-02T11:39:01,SITE-005,Section D — Sinendet Lateral,850,1511.0,23.4,Partially Open,SNS-003
TEL-003293,2026-06-20T13:48:18,SITE-005,Section F — Kisumu Terminal Link,253.9,2258.3,,Open,SNS-011
TEL-003539,2026-06-25T01:47:51,Kibwezi,Section D — Sinendet Lateral,584.5,3953.4,29.1,Open,SNS-014
TEL-001798,2026-05-25T06:16:56,SITE-001,Section D — Sinendet Lateral,419.1,3362.4,32.4,Open,SNS-006
TEL-000981,2026-05-10T16:02:16,SITE-005,Section F — Kisumu Terminal Link,296.3,2242.1,21.6,Closed,SNS-006
TEL-002060,2026-05-30T01:53:33,SITE-003,Section D — Sinendet Lateral,332.0,3206.8,25.5,Closed,SNS-010
TEL-002642,2026-06-09T13:06:19,SITE-007,Section E — Makueni Branch,302.9,1663.7,37.1,Open,SNS-002
TEL-003302,2026-06-20T18:37:26,SITE-002,Section D — Sinendet Lateral,477.0,4442.6,24.0,Closed,SNS-011
TEL-002491,2026-06-06T19:32:28,SITE-004,Section C — Nakuru-Eldoret Extension,345.7,2969.9,35.0,Open,SNS-005
TEL-003893,2026-07-01T16:36:13,SITE-004,Section C — Nakuru-Eldoret Extension,449.2,1355.0,33.5,Open,SNS-009
TEL-002312,2026-06-03T19:35:27,SITE-005,Section C — Nakuru-Eldoret Extension,339.0,2335.1,31.1,Partially Open,SNS-003
TEL-003943,2026-07-02T12:21:39,SITE-003,Section F — Kisumu Terminal Link,379.3,1978.9,32.6,Closed,SNS-001
TEL-000135,2026-04-25T13:05:09,SITE-005,Section B — Nairobi-Nakuru Spur,573.9,1943.7,,Open,SNS-009
TEL-003983,2026-07-03T04:30:10,SITE-001,Section B — Nairobi-Nakuru Spur,429.5,4753.5,30.8,Open,SNS-012
TEL-001977,2026-05-28T13:02:02,SITE-002,Section B — Nairobi-Nakuru Spur,546.7,3127.5,,Partially Open,SNS-014
TEL-000222,2026-04-26T23:21:25,SITE-003,Section B — Nairobi-Nakuru Spur,242.4,2285.2,26.9,Open,SNS-001
TEL-004595,2026-07-14T14:46:57,SITE-005,Section F — Kisumu Terminal Link,516.8,3052.0,28.9,Open,SNS-009
TEL-000607,2026-05-03T23:16:16,SITE-005,Section F — Kisumu Terminal Link,531.8,3798.1,35.0,Closed,SNS-011
TEL-001544,2026-05-21T07:54:12,SITE-005,Section A — Mombasa-Nairobi Main,380.7,2066.3,33.2,Open,SNS-010
TEL-002089,2026-05-30T13:37:52,nairobi terminal,Section E — Makueni Branch,-28.7,2257.0,30.4,Partially Open,SNS-004
TEL-001753,2026-05-24T15:23:57,SITE-001,Section F — Kisumu Terminal Link,338.1,2814.5,25.1,Closed,SNS-013
TEL-004385,2026-07-10T19:06:45,NAKURU,Section D — Sinendet Lateral,456.3,4007.1,27.5,Partially Open,SNS-010
TEL-004337,2026-07-09T22:00:09,SITE-007,Section E — Makueni Branch,201.3,2162.4,22.2,Closed,SNS-006
TEL-000443,2026-04-30T22:13:21,SITE-001,Section B — Nairobi-Nakuru Spur,345.4,1911.0,21.9,Open,SNS-010
TEL-001924,2026-05-27T07:54:28,SITE-007,Section C — Nakuru-Eldoret Extension,408.6,3223.1,39.8,Open,SNS-012
TEL-002593,2026-06-08T16:16:29,SITE-001,Section E — Makueni Branch,361.7,3520.6,36.4,Open,SNS-006
TEL-003348,2026-06-21T16:06:23,SITE-003,Section F — Kisumu Terminal Link,316.5,1771.8,31.6,Open,SNS-014
TEL-001206,2026-05-14T18:15:32,SITE-005,Section B — Nairobi-Nakuru Spur,318.6,,42.2,Partially Open,SNS-005
TEL-004430,2026-07-11T14:03:20,SITE-001,Section E — Makueni Branch,312.4,3287.8,38.8,Partially Open,SNS-001
TEL-000986,2026-05-10T18:37:48,SITE-006,Section D — Sinendet Lateral,310.2,2786.8,44.8,Partially Open,SNS-011
TEL-004571,2026-07-14T08:09:35,SITE-007,Section F — Kisumu Terminal Link,404.0,2816.5,29.2,Open,SNS-011
TEL-001564,2026-05-21T13:20:03,ELD Terminal,Section B — Nairobi-Nakuru Spur,388.1,3635.0,26.4,Closed,SNS-007
TEL-002967,2026-06-14T23:48:44,SITE-007,Section D — Sinendet Lateral,307.4,2756.8,35.8,Open,SNS-002
TEL-001978,2026-05-28T13:04:15,SITE-005,Section D — Sinendet Lateral,473.6,1522.9,27.1,Partially Open,SNS-006
TEL-002980,2026-06-15T03:30:01,SITE-004,Section E — Makueni Branch,461.0,1746.3,27.2,Closed,SNS-004
TEL-001475,2026-05-19T23:51:16,SITE-007,Section F — Kisumu Terminal Link,338.9,2604.3,33.2,Closed,SNS-006
TEL-000664,2026-05-04T22:36:41,SITE-003,Section E — Makueni Branch,403.5,3328.8,28.1,Closed,SNS-001
TEL-001894,2026-05-26T18:19:41,SITE-001,Section A — Mombasa-Nairobi Main,459.9,4372.9,35.0,Partially Open,SNS-004
TEL-000707,2026-05-05T14:57:00,SITE-003,Section A — Mombasa-Nairobi Main,495.3,3268.2,24.0,Closed,SNS-006
TEL-003243,2026-06-19T12:38:06,SITE-003,Section C — Nakuru-Eldoret Extension,507.5,3859.2,29.7,Partially Open,SNS-003
TEL-004150,2026-07-06T04:40:15,SITE-001,Section E — Makueni Branch,393.8,3628.9,32.3,Open,SNS-002
TEL-002772,2026-06-11T20:38:24,SITE-007,Section C — Nakuru-Eldoret Extension,458.0,4325.7,34.7,Open,SNS-001
TEL-004347,2026-07-10T03:13:26,SITE-001,Section C — Nakuru-Eldoret Extension,395.6,3744.4,23.8,Open,SNS-009
TEL-001474,2026-05-19T23:23:34,SITE-002,Section E — Makueni Branch,423.8,2402.9,33.2,Partially Open,SNS-001
TEL-000240,2026-04-27T04:36:07,SITE-001,Section C — Nakuru-Eldoret Extension,488.1,3258.6,21.7,Closed,SNS-002
TEL-000090,2026-04-24T15:17:14,SITE-005,Section C — Nakuru-Eldoret Extension,422.0,3489.9,31.1,Open,SNS-013
TEL-002361,2026-06-04T12:43:25,SITE-005,Section A — Mombasa-Nairobi Main,440.1,2815.8,31.7,Partially Open,SNS-012
TEL-003323,2026-06-21T05:34:52,SITE-001,Section D — Sinendet Lateral,276.1,2218.2,31.1,Closed,SNS-013
TEL-001170,2026-05-14T05:03:28,SITE-001,Section B — Nairobi-Nakuru Spur,274.3,2390.6,24.4,Partially Open,SNS-007
TEL-000554,2026-05-02T22:31:47,makueni pipeline,Section A — Mombasa-Nairobi Main,353.8,3950.9,41.0,Open,SNS-001
TEL-001551,2026-05-21T10:37:31,SITE-004,Section F — Kisumu Terminal Link,579.1,3655.9,44.7,Open,SNS-001
TEL-004408,2026-07-11T05:12:37,SITE-002,Section D — Sinendet Lateral,600.0,1000.0,34.4,Partially Open,SNS-007
TEL-003960,2026-07-02T19:30:39,SITE-002,Section B — Nairobi-Nakuru Spur,312.8,2409.7,32.1,Open,SNS-005
TEL-001653,2026-05-22T21:16:34,SITE-007,Section E — Makueni Branch,447.9,2645.7,33.3,Closed,SNS-007
TEL-004722,2026-07-16T21:30:52,SITE-002,Section E — Makueni Branch,562.8,3679.8,25.3,Open,SNS-008
TEL-000565,2026-05-03T04:19:02,Nakuru  Depot,Section F — Kisumu Terminal Link,504.1,2805.9,19.4,Open,SNS-002
TEL-003131,2026-06-17T14:40:03,SITE-003,Section D — Sinendet Lateral,444.5,3042.0,17.4,Open,SNS-012
TEL-001311,2026-05-16T14:22:14,SITE-001,Section D — Sinendet Lateral,457.6,3863.2,37.7,Open,SNS-002
TEL-002307,2026-06-03T17:37:02,SITE-005,Section F — Kisumu Terminal Link,390.2,2873.9,24.1,Open,SNS-005
TEL-003773,2026-06-29T14:48:41,SITE-006,Section C — Nakuru-Eldoret Extension,396.6,1184.7,22.9,Open,SNS-010
TEL-000320,2026-04-28T17:38:59,SITE-001,Section B — Nairobi-Nakuru Spur,536.6,2895.4,26.9,Open,SNS-006
TEL-003328,2026-06-21T08:06:16,SITE-001,Section D — Sinendet Lateral,458.7,2368.2,31.6,Open,SNS-002
TEL-000495,2026-05-01T22:38:36,SITE-001,Section D — Sinendet Lateral,472.9,3243.8,27.3,Closed,SNS-002
TEL-003597,2026-06-26T05:07:14,SITE-001,Section F — Kisumu Terminal Link,398.8,2174.5,26.9,Closed,SNS-010
TEL-002746,2026-06-11T11:59:06,SITE-003,Section F — Kisumu Terminal Link,372.0,3606.6,31.7,Open,SNS-001
TEL-002847,2026-06-13T03:11:41,eldoret terminal,Section A — Mombasa-Nairobi Main,487.4,2950.5,23.7,Closed,SNS-010
TEL-002394,2026-06-05T02:00:20,SITE-003,Section A — Mombasa-Nairobi Main,362.1,1623.7,28.0,Open,SNS-008
TEL-000970,2026-05-10T12:03:57,SITE-007,Section B — Nairobi-Nakuru Spur,444.4,4090.5,26.7,Open,SNS-009
TEL-000803,2026-05-07T09:58:56,SITE-001,Section C — Nakuru-Eldoret Extension,523.8,3515.7,27.0,Open,SNS-010
TEL-000729,2026-05-06T00:45:36,SITE-003,Section F — Kisumu Terminal Link,369.1,1998.9,36.7,Closed,SNS-014
TEL-004440,2026-07-11T19:36:43,Nakuru  Depot,Section D — Sinendet Lateral,577.3,2590.7,20.9,Open,SNS-006
TEL-001841,2026-05-25T20:45:42,Kisumu term,Section F — Kisumu Terminal Link,289.0,1790.5,38.3,Open,SNS-005
TEL-004469,2026-07-12T10:10:09,SITE-002,Section F — Kisumu Terminal Link,281.8,2161.3,38.8,Partially Open,SNS-014
TEL-004760,2026-07-17T11:36:59,SITE-005,Section F — Kisumu Terminal Link,-43.8,4558.0,34.1,Partially Open,SNS-009
TEL-004887,2026-07-19T15:41:54,SITE-004,Section A — Mombasa-Nairobi Main,428.4,1500.4,23.2,Closed,SNS-012
TEL-002900,2026-06-14T00:41:07,Mombasa  Terminal,Section C — Nakuru-Eldoret Extension,377.3,1034.8,29.4,Closed,SNS-006
TEL-004676,2026-07-16T02:01:44,SITE-004,Section C — Nakuru-Eldoret Extension,353.8,3901.6,28.0,Open,SNS-013
TEL-003803,2026-06-30T04:12:31,SITE-006,Section B — Nairobi-Nakuru Spur,405.5,2497.1,24.6,Closed,SNS-014
TEL-001146,2026-05-13T19:25:27,SITE-001,Section C — Nakuru-Eldoret Extension,314.8,2530.0,33.8,Open,SNS-006
TEL-004106,2026-07-05T07:55:33,SITE-003,Section C — Nakuru-Eldoret Extension,235.4,2341.7,30.1,Open,SNS-011
TEL-002325,2026-06-03T23:00:26,SITE-002,Section F — Kisumu Terminal Link,370.8,2607.6,29.0,Open,SNS-001
TEL-003877,2026-07-01T11:41:06,SITE-005,Section D — Sinendet Lateral,319.1,3040.1,20.8,Closed,SNS-012
TEL-002100,2026-05-30T16:13:01,SITE-005,Section E — Makueni Branch,486.4,2996.0,21.4,Closed,SNS-005
TEL-002266,2026-06-02T23:46:26,SITE-002,Section E — Makueni Branch,468.1,3003.8,31.8,Closed,SNS-011
TEL-004266,2026-07-08T11:59:12,SITE-005,Section B — Nairobi-Nakuru Spur,418.6,2180.7,31.0,Open,SNS-005
TEL-002413,2026-06-05T09:24:29,SITE-002,Section E — Makueni Branch,383.6,1463.4,40.3,Open,SNS-012
TEL-001524,2026-05-20T23:29:34,SITE-004,Section D — Sinendet Lateral,476.5,2998.1,27.4,Closed,SNS-004
TEL-001500,2026-05-20T11:27:16,SITE-003,Section E — Makueni Branch,346.6,4324.8,27.1,Open,SNS-010
TEL-000800,2026-05-07T09:02:42,SITE-006,Section E — Makueni Branch,467.1,3808.4,24.7,Closed,SNS-008
TEL-001417,2026-05-18T22:40:01,MOMBASA,Section F — Kisumu Terminal Link,353.6,3738.2,22.0,Open,SNS-002
TEL-004129,2026-07-05T15:09:59,SITE-002,Section F — Kisumu Terminal Link,338.8,1000.0,24.4,Open,SNS-005
TEL-004845,2026-07-18T21:16:07,SITE-003,Section A — Mombasa-Nairobi Main,304.7,3402.3,20.3,Closed,SNS-012
TEL-002002,2026-05-29T04:44:14,Nairobi term,Section A — Mombasa-Nairobi Main,463.9,3974.7,17.6,Open,SNS-003
TEL-003239,2026-06-19T07:52:06,SITE-002,Section A — Mombasa-Nairobi Main,336.1,3472.2,,Open,SNS-002
TEL-003688,2026-06-28T03:26:24,SITE-002,Section B — Nairobi-Nakuru Spur,375.8,4051.1,24.4,Open,SNS-011
TEL-004022,2026-07-03T18:19:17,SITE-002,Section F — Kisumu Terminal Link,458.2,1031.7,38.0,Open,SNS-007
TEL-000179,2026-04-26T07:48:23,SITE-004,Section B — Nairobi-Nakuru Spur,392.8,1288.9,37.4,Open,SNS-011
TEL-000355,2026-04-29T07:21:10,SITE-002,Section C — Nakuru-Eldoret Extension,299.1,4064.8,34.5,Closed,SNS-007
TEL-000247,2026-04-27T07:09:37,SITE-006,Section E — Makueni Branch,499.4,3850.8,19.7,Closed,SNS-007
TEL-004723,2026-07-16T21:32:48,SITE-007,Section B — Nairobi-Nakuru Spur,257.1,1396.3,35.8,Open,SNS-001
TEL-004619,2026-07-14T23:48:39,SITE-006,Section E — Makueni Branch,392.9,3153.4,26.2,Open,SNS-001
TEL-003993,2026-07-03T09:56:23,SITE-001,Section D — Sinendet Lateral,520.2,3160.4,37.4,Open,SNS-011
TEL-001048,2026-05-11T18:53:50,SITE-002,Section A — Mombasa-Nairobi Main,384.3,3044.8,40.2,Partially Open,SNS-009
TEL-000064,2026-04-24T06:38:57,SITE-006,Section E — Makueni Branch,477.1,3186.2,31.0,Open,SNS-009
TEL-001393,2026-05-18T07:49:01,SITE-003,Section A — Mombasa-Nairobi Main,232.7,3555.6,25.6,Open,SNS-009
TEL-000621,2026-05-04T06:12:08,SITE-001,Section E — Makueni Branch,374.5,4765.6,38.8,Open,SNS-012
TEL-004940,2026-07-20T19:44:39,SITE-001,Section B — Nairobi-Nakuru Spur,302.9,2623.8,31.7,Closed,SNS-005
TEL-000984,2026-05-10T17:10:47,SITE-001,Section E — Makueni Branch,447.4,3496.5,25.9,Partially Open,SNS-010
TEL-003446,2026-06-23T14:01:21,SITE-004,Section B — Nairobi-Nakuru Spur,373.1,3139.8,30.3,Open,SNS-009
TEL-000016,2026-04-23T08:21:34,SITE-007,Section C — Nakuru-Eldoret Extension,335.7,1000.0,35.2,Partially Open,SNS-006
TEL-003028,2026-06-15T20:57:04,eldoret terminal,Section D — Sinendet Lateral,402.2,3809.7,27.4,Partially Open,SNS-013
TEL-002456,2026-06-06T04:40:20,SITE-004,Section A — Mombasa-Nairobi Main,499.0,2922.2,31.7,Closed,SNS-009
TEL-002700,2026-06-10T13:39:24,SITE-005,Section D — Sinendet Lateral,398.3,1001.6,28.7,Closed,SNS-002
TEL-003602,2026-06-26T11:27:50,kisumu terminal,Section A — Mombasa-Nairobi Main,423.8,1937.7,22.6,Open,SNS-009
TEL-003477,2026-06-24T04:54:22,SITE-004,Section D — Sinendet Lateral,401.4,4385.2,37.2,Closed,SNS-008
TEL-003825,2026-06-30T12:07:40,SITE-004,Section D — Sinendet Lateral,529.6,2550.1,41.8,Open,SNS-006
TEL-004400,2026-07-11T02:18:51,SITE-005,Section A — Mombasa-Nairobi Main,,3497.4,19.5,Closed,SNS-002
TEL-003051,2026-06-16T08:01:06,SITE-003,Section F — Kisumu Terminal Link,310.0,4290.9,29.8,Partially Open,SNS-013
TEL-002682,2026-06-10T09:15:15,SITE-003,Section A — Mombasa-Nairobi Main,425.2,2012.6,32.7,Open,SNS-005
TEL-000162,2026-04-26T02:30:38,SITE-002,Section B — Nairobi-Nakuru Spur,484.0,2091.0,30.4,Partially Open,SNS-001
TEL-001502,2026-05-20T13:30:49,SITE-003,Section B — Nairobi-Nakuru Spur,,2194.0,32.6,Closed,SNS-010
TEL-001776,2026-05-24T22:34:32,SITE-005,Section D — Sinendet Lateral,415.5,3099.9,32.1,Open,SNS-003
TEL-000472,2026-05-01T10:29:59,SITE-001,Section A — Mombasa-Nairobi Main,442.3,2097.4,25.3,Open,SNS-006
TEL-000876,2026-05-08T14:55:50,SITE-005,Section B — Nairobi-Nakuru Spur,374.0,2324.0,31.6,Closed,SNS-002
TEL-000618,2026-05-04T05:47:13,SITE-001,Section B — Nairobi-Nakuru Spur,,3452.1,34.8,Open,SNS-010
TEL-003760,2026-06-29T08:30:03,SITE-001,Section C — Nakuru-Eldoret Extension,364.3,2646.1,20.1,Open,SNS-008
TEL-001357,2026-05-17T12:05:15,SITE-007,Section F — Kisumu Terminal Link,428.2,2815.9,35.8,Partially Open,SNS-003
TEL-000807,2026-05-07T11:40:30,SITE-007,Section F — Kisumu Terminal Link,358.9,2660.9,31.4,Closed,SNS-007
TEL-001494,2026-05-20T08:32:43,SITE-001,Section A — Mombasa-Nairobi Main,379.8,3252.9,31.4,Closed,SNS-012
TEL-004377,2026-07-10T16:25:13,SITE-005,Section E — Makueni Branch,486.2,2444.0,24.1,Partially Open,SNS-005
TEL-002324,2026-06-03T22:27:17,SITE-006,Section A — Mombasa-Nairobi Main,539.9,3201.1,29.5,Open,SNS-001
TEL-000963,2026-05-10T07:36:17,SITE-004,Section A — Mombasa-Nairobi Main,487.4,3412.1,21.7,Partially Open,SNS-004
TEL-003786,2026-06-29T18:53:27,SITE-006,Section B — Nairobi-Nakuru Spur,368.2,2616.7,29.7,Closed,SNS-013
TEL-001508,2026-05-20T17:18:47,SITE-005,Section E — Makueni Branch,311.8,1951.7,20.9,Open,SNS-009
TEL-003263,2026-06-19T23:42:14,SITE-002,Section F — Kisumu Terminal Link,333.2,2159.1,,Open,SNS-006
TEL-004289,2026-07-08T21:18:53,SITE-001,Section E — Makueni Branch,236.6,4593.2,31.9,Open,SNS-007
TEL-003563,2026-06-25T10:50:53,SITE-001,Section C — Nakuru-Eldoret Extension,328.7,3714.7,37.8,Closed,SNS-013
TEL-000971,2026-05-10T12:25:14,SITE-003,Section E — Makueni Branch,338.2,4785.0,16.3,Closed,SNS-003
TEL-004051,2026-07-04T08:20:25,SITE-004,Section E — Makueni Branch,488.2,2404.3,27.7,Partially Open,SNS-014
TEL-003020,2026-06-15T17:21:01,SITE-006,Section E — Makueni Branch,569.2,2740.1,31.1,Open,SNS-006
TEL-003345,2026-06-21T14:47:29,SITE-003,Section A — Mombasa-Nairobi Main,283.1,2186.6,40.3,Open,SNS-006
TEL-000853,2026-05-08T03:18:48,SITE-002,Section D — Sinendet Lateral,562.6,2539.4,37.8,Open,SNS-009
TEL-001012,2026-05-11T02:57:57,SITE-005,Section E — Makueni Branch,313.3,2334.9,29.6,Closed,SNS-011
TEL-001038,2026-05-11T15:16:10,sinendet pump station,Section D — Sinendet Lateral,255.1,3727.3,31.7,Partially Open,SNS-014
TEL-003867,2026-07-01T06:08:28,SITE-006,Section E — Makueni Branch,401.9,2218.0,26.2,Open,SNS-002
TEL-000666,2026-05-04T23:23:50,SITE-002,Section F — Kisumu Terminal Link,337.2,3750.4,28.1,Partially Open,SNS-013
TEL-004055,2026-07-04T10:08:42,kisumu terminal,Section B — Nairobi-Nakuru Spur,379.5,3255.3,32.4,Open,SNS-012
TEL-004911,2026-07-20T03:19:23,SITE-007,Section F — Kisumu Terminal Link,439.2,2519.7,29.2,Closed,SNS-014
TEL-000019,2026-04-23T09:59:21,SITE-006,Section D — Sinendet Lateral,288.9,3517.3,24.2,Open,SNS-008
TEL-003945,2026-07-02T13:01:47,nakuru depot,Section A — Mombasa-Nairobi Main,359.6,1957.8,30.1,Closed,SNS-013
TEL-000124,2026-04-25T07:58:22,SITE-002,Section F — Kisumu Terminal Link,487.4,1996.3,28.5,Open,SNS-002
TEL-004491,2026-07-12T17:04:56,SITE-004,Section C — Nakuru-Eldoret Extension,286.2,3292.3,20.0,Open,SNS-009
TEL-001229,2026-05-15T05:30:40,SITE-002,Section B — Nairobi-Nakuru Spur,436.0,3678.2,28.0,Closed,SNS-010
TEL-000167,2026-04-26T04:43:24,Makueni PS,Section D — Sinendet Lateral,261.3,3696.9,33.3,Partially Open,SNS-008
TEL-001489,2026-05-20T06:01:03,SITE-007,Section F — Kisumu Terminal Link,452.8,3028.9,41.5,Open,SNS-011
TEL-003714,2026-06-28T12:26:51,SITE-003,Section C — Nakuru-Eldoret Extension,403.5,2938.4,34.0,Open,SNS-014
TEL-000242,2026-04-27T05:06:22,SITE-002,Section F — Kisumu Terminal Link,379.1,4396.1,37.0,Open,SNS-010
TEL-001946,2026-05-27T20:29:06,SITE-005,Section B — Nairobi-Nakuru Spur,272.6,2345.0,33.1,Partially Open,SNS-013
TEL-002954,2026-06-14T19:05:51,SITE-002,Section E — Makueni Branch,403.3,4479.1,32.2,Closed,SNS-007
TEL-002703,2026-06-10T14:21:47,SITE-001,Section F — Kisumu Terminal Link,700,1187.5,35.4,Closed,SNS-004
TEL-004682,2026-07-16T04:20:01,SITE-002,Section C — Nakuru-Eldoret Extension,271.5,3252.1,21.7,Closed,SNS-013
TEL-000146,2026-04-25T21:13:07,Kisumu  Terminal,Section C — Nakuru-Eldoret Extension,369.7,4065.7,21.5,Partially Open,SNS-001
TEL-001114,2026-05-12T23:20:36,SITE-004,Section B — Nairobi-Nakuru Spur,203.4,2507.6,39.3,Open,SNS-012
TEL-004159,2026-07-06T08:06:44,SITE-004,Section E — Makueni Branch,356.2,1649.0,29.0,Open,SNS-001
TEL-000048,2026-04-23T21:46:01,SITE-005,Section C — Nakuru-Eldoret Extension,440.0,3032.9,31.7,Closed,SNS-001
TEL-004512,2026-07-13T07:10:31,NRB Terminal,Section A — Mombasa-Nairobi Main,388.3,3972.3,36.6,Open,SNS-004
TEL-002502,2026-06-06T22:39:27,SITE-003,Section E — Makueni Branch,264.6,4529.3,17.1,Closed,SNS-008
TEL-003166,2026-06-18T05:02:11,SITE-002,Section E — Makueni Branch,402.5,2653.1,27.7,Open,SNS-006
TEL-004416,2026-07-11T07:37:00,SITE-002,Section E — Makueni Branch,473.7,2187.5,40.7,Open,SNS-011
TEL-004097,2026-07-05T03:45:00,SITE-003,Section C — Nakuru-Eldoret Extension,516.2,2393.3,15.0,Open,SNS-003
TEL-000988,2026-05-10T18:54:58,SITE-007,Section D — Sinendet Lateral,521.4,2958.3,32.7,Closed,SNS-001
TEL-004951,2026-07-20T23:58:27,SITE-004,Section F — Kisumu Terminal Link,270.5,2453.9,35.0,Partially Open,SNS-005
TEL-002003,2026-05-29T06:13:06,SITE-003,Section F — Kisumu Terminal Link,396.2,3408.8,30.4,Open,SNS-007
TEL-003340,2026-06-21T12:34:23,SITE-005,Section A — Mombasa-Nairobi Main,373.4,2297.5,41.6,Closed,SNS-004
TEL-003842,2026-06-30T18:18:37,SITE-006,Section A — Mombasa-Nairobi Main,383.8,2376.3,28.2,Partially Open,SNS-001
TEL-003398,2026-06-22T12:50:48,SITE-001,Section A — Mombasa-Nairobi Main,329.8,2732.9,39.7,Open,SNS-010
TEL-000583,2026-05-03T12:17:16,SITE-002,Section A — Mombasa-Nairobi Main,395.8,1347.4,33.9,Closed,SNS-011
TEL-000516,2026-05-02T06:02:56,MAKUENI,Section F — Kisumu Terminal Link,292.0,3414.1,26.0,Closed,SNS-001
TEL-002961,2026-06-14T21:37:06,SITE-005,Section F — Kisumu Terminal Link,435.1,3076.5,35.2,Partially Open,SNS-009
TEL-004252,2026-07-08T06:31:42,SITE-005,Section A — Mombasa-Nairobi Main,329.7,3230.3,34.7,Closed,SNS-006
TEL-001143,2026-05-13T17:36:59,SITE-003,Section D — Sinendet Lateral,268.9,2880.9,28.2,Closed,SNS-012
TEL-003021,2026-06-15T17:37:41,Kipevu terminal,Section A — Mombasa-Nairobi Main,200.0,3849.1,33.3,Open,SNS-002
TEL-000955,2026-05-10T00:39:39,SITE-002,Section D — Sinendet Lateral,339.5,3180.5,21.4,Open,SNS-008
TEL-002449,2026-06-06T02:16:27,SITE-003,Section C — Nakuru-Eldoret Extension,254.9,2627.3,24.6,Open,SNS-013
TEL-001931,2026-05-27T13:28:37,SITE-007,Section F — Kisumu Terminal Link,328.1,2947.2,30.4,Open,SNS-005
TEL-000691,2026-05-05T06:00:55,MOMBASA,Section C — Nakuru-Eldoret Extension,429.6,3381.3,31.5,Closed,SNS-009
TEL-002609,2026-06-09T00:40:27,SITE-002,Section E — Makueni Branch,550.8,2415.8,23.1,Open,SNS-005
TEL-003057,2026-06-16T09:34:13,SITE-004,Section A — Mombasa-Nairobi Main,350.7,2350.8,20.0,Open,SNS-014
TEL-001536,2026-05-21T05:38:55,SITE-004,Section B — Nairobi-Nakuru Spur,448.8,3454.7,16.9,Open,SNS-008
TEL-004622,2026-07-15T00:46:31,SITE-004,Section D — Sinendet Lateral,316.5,3599.0,36.8,Open,SNS-008
TEL-001771,2026-05-24T20:51:53,SITE-005,Section F — Kisumu Terminal Link,405.6,3562.4,33.9,Open,SNS-001
TEL-004881,2026-07-19T12:38:06,SITE-003,Section A — Mombasa-Nairobi Main,523.5,2409.8,25.5,Closed,SNS-004
TEL-002973,2026-06-15T01:29:45,SITE-002,Section C — Nakuru-Eldoret Extension,432.5,3565.0,25.4,Open,SNS-007
TEL-004308,2026-07-09T09:15:28,makueni section,Section B — Nairobi-Nakuru Spur,360.8,3159.2,22.0,Closed,SNS-009
TEL-002513,2026-06-07T02:25:38,SITE-002,Section A — Mombasa-Nairobi Main,200.0,3185.6,33.6,Open,SNS-003
TEL-000605,2026-05-03T22:35:49,SITE-001,Section A — Mombasa-Nairobi Main,376.0,2480.4,42.5,Closed,SNS-014
TEL-003529,2026-06-24T22:52:35,SITE-004,Section F — Kisumu Terminal Link,300.4,2575.7,30.0,Closed,SNS-005
TEL-002473,2026-06-06T11:44:38,SITE-001,Section C — Nakuru-Eldoret Extension,436.7,2903.3,29.2,Closed,SNS-013
TEL-003584,2026-06-26T01:30:50,SITE-004,Section A — Mombasa-Nairobi Main,332.8,2871.8,24.4,Open,SNS-013
TEL-002841,2026-06-13T00:12:36,SITE-005,Section B — Nairobi-Nakuru Spur,307.1,2969.5,37.3,Closed,SNS-003
TEL-004120,2026-07-05T11:29:32,SITE-007,Section E — Makueni Branch,408.3,2681.6,31.0,Open,SNS-006
TEL-002645,2026-06-09T13:31:54,SITE-006,Section A — Mombasa-Nairobi Main,456.5,1806.9,25.4,Closed,SNS-001
TEL-000805,2026-05-07T10:01:35,SITE-002,Section E — Makueni Branch,480.8,2167.0,31.1,Closed,SNS-003
TEL-002171,2026-06-01T01:48:15,SITE-004,Section B — Nairobi-Nakuru Spur,301.0,2587.5,38.0,Open,SNS-003
TEL-004765,2026-07-17T14:18:33,SITE-003,Section E — Makueni Branch,470.1,2892.4,35.9,Partially Open,SNS-011
TEL-002763,2026-06-11T16:41:54,ELD Terminal,Section A — Mombasa-Nairobi Main,319.2,2497.1,29.5,Closed,SNS-008
TEL-004165,2026-07-06T09:26:54,SITE-005,Section E — Makueni Branch,487.3,2912.6,40.2,Closed,SNS-008
TEL-002059,2026-05-30T01:22:41,SITE-005,Section D — Sinendet Lateral,374.6,3648.0,21.7,Open,SNS-001
TEL-003511,2026-06-24T16:08:22,SITE-003,Section A — Mombasa-Nairobi Main,415.1,1433.2,37.6,Open,SNS-010
TEL-002987,2026-06-15T06:07:42,SITE-004,Section A — Mombasa-Nairobi Main,343.2,1364.5,36.0,Open,SNS-001
TEL-004515,2026-07-13T09:04:28,SITE-002,Section F — Kisumu Terminal Link,335.8,3311.7,27.5,Closed,SNS-014
TEL-002008,2026-05-29T08:16:04,SITE-004,Section D — Sinendet Lateral,375.0,3061.9,31.2,Partially Open,SNS-011
TEL-001633,2026-05-22T15:55:15,ELD Terminal,Section D — Sinendet Lateral,355.8,3403.3,26.1,Open,SNS-012
TEL-004753,2026-07-17T09:06:22,Sinendet PS,Section E — Makueni Branch,308.3,2564.7,40.7,Partially Open,SNS-007
TEL-004523,2026-07-13T12:41:43,SITE-002,Section E — Makueni Branch,396.0,4172.8,15.0,Closed,SNS-001
TEL-002624,2026-06-09T05:59:47,SITE-006,Section C — Nakuru-Eldoret Extension,366.0,3334.6,42.3,Closed,SNS-007
TEL-001428,2026-05-19T06:47:48,nakuru depot,Section E — Makueni Branch,423.8,1941.2,23.4,Open,SNS-010
TEL-003698,2026-06-28T07:18:25,SITE-002,Section C — Nakuru-Eldoret Extension,386.5,1852.1,17.9,Partially Open,SNS-012
TEL-003959,2026-07-02T19:27:54,SITE-005,Section F — Kisumu Terminal Link,437.4,1860.0,27.4,Closed,SNS-009
TEL-000458,2026-05-01T04:52:36,SITE-003,Section F — Kisumu Terminal Link,389.2,3175.1,18.3,Partially Open,SNS-002
TEL-003949,2026-07-02T14:57:16,SITE-002,Section D — Sinendet Lateral,366.8,2532.2,31.0,Partially Open,SNS-009
TEL-000524,2026-05-02T07:41:19,SITE-005,Section D — Sinendet Lateral,367.8,4757.3,32.4,Closed,SNS-011
TEL-004945,2026-07-20T20:43:30,SITE-007,Section B — Nairobi-Nakuru Spur,558.3,2824.2,30.4,Open,SNS-005
TEL-001465,2026-05-19T21:12:27,SITE-007,Section F — Kisumu Terminal Link,465.0,3451.4,30.0,Partially Open,SNS-011
TEL-001040,2026-05-11T15:30:26,SITE-003,Section B — Nairobi-Nakuru Spur,303.3,2652.6,32.4,Open,SNS-008
TEL-001822,2026-05-25T13:08:11,SITE-005,Section A — Mombasa-Nairobi Main,458.9,2927.5,28.2,Partially Open,SNS-009
TEL-000625,2026-05-04T07:53:08,SITE-003,Section A — Mombasa-Nairobi Main,280.4,2081.8,24.7,Open,SNS-006
TEL-000030,2026-04-23T13:45:51,Kisumu term,Section B — Nairobi-Nakuru Spur,341.8,2012.9,21.9,Open,SNS-010
TEL-003951,2026-07-02T16:51:29,SITE-005,Section F — Kisumu Terminal Link,313.2,2248.2,35.7,Open,SNS-013
TEL-001846,2026-05-25T22:22:07,SITE-001,Section F — Kisumu Terminal Link,473.7,4172.5,26.2,Closed,SNS-007
TEL-001935,2026-05-27T16:01:39,SITE-001,Section D — Sinendet Lateral,575.3,1710.2,20.9,Open,SNS-006
TEL-003114,2026-06-17T09:06:15,SITE-006,Section A — Mombasa-Nairobi Main,522.0,2811.0,28.1,Closed,SNS-010
TEL-000411,2026-04-30T05:58:30,kisumu terminal,Section C — Nakuru-Eldoret Extension,454.9,2571.5,28.7,Open,SNS-014
TEL-003445,2026-06-23T13:49:46,SITE-001,Section B — Nairobi-Nakuru Spur,465.5,2915.6,31.9,Partially Open,SNS-014
TEL-003441,2026-06-23T11:14:23,SITE-003,Section C — Nakuru-Eldoret Extension,396.0,4387.0,24.0,Open,SNS-004
TEL-000066,2026-04-24T07:33:00,SITE-006,Section B — Nairobi-Nakuru Spur,416.8,4160.5,25.7,Open,SNS-009
TEL-003916,2026-07-02T03:26:05,SITE-003,Section B — Nairobi-Nakuru Spur,312.5,3557.8,18.3,Closed,SNS-010
TEL-004209,2026-07-07T08:20:53,MAKUENI,Section A — Mombasa-Nairobi Main,334.5,2407.3,36.7,Open,SNS-005
TEL-000198,2026-04-26T14:50:42,SITE-003,Section C — Nakuru-Eldoret Extension,302.5,3040.0,29.6,Open,SNS-014
TEL-000746,2026-05-06T06:45:07,Nakuru dep,Section C — Nakuru-Eldoret Extension,354.3,1492.1,24.1,Partially Open,SNS-001
TEL-003693,2026-06-28T05:12:44,Sinendet PS,Section F — Kisumu Terminal Link,457.1,2818.2,25.6,Open,SNS-014
TEL-000426,2026-04-30T14:48:35,Nakuru  Depot,Section F — Kisumu Terminal Link,394.0,2752.7,24.2,Open,SNS-010
TEL-001476,2026-05-20T00:08:06,SITE-007,Section C — Nakuru-Eldoret Extension,450.4,3251.7,25.6,Open,SNS-011
TEL-002561,2026-06-08T00:58:16,SITE-007,Section A — Mombasa-Nairobi Main,344.1,4260.3,27.0,Partially Open,SNS-004
TEL-001476,2026-05-20T00:08:06,SITE-007,Section C — Nakuru-Eldoret Extension,450.4,3251.7,25.6,Open,SNS-011
TEL-000677,2026-05-05T04:05:17,SITE-002,Section B — Nairobi-Nakuru Spur,450.1,1903.0,,Open,SNS-007
TEL-003574,2026-06-25T15:59:15,SITE-005,Section B — Nairobi-Nakuru Spur,440.1,3399.3,35.2,Closed,SNS-009
TEL-001352,2026-05-17T09:00:15,ELD Terminal,Section F — Kisumu Terminal Link,367.3,3420.3,36.2,Open,SNS-008
TEL-004641,2026-07-15T08:06:53,SITE-002,Section B — Nairobi-Nakuru Spur,433.5,3240.1,30.3,Closed,SNS-011
TEL-004217,2026-07-07T12:31:10,SITE-004,Section C — Nakuru-Eldoret Extension,426.2,3052.6,15.2,Partially Open,SNS-003
TEL-002317,2026-06-03T20:41:11,SITE-007,Section D — Sinendet Lateral,494.9,3268.0,28.4,Open,SNS-002
TEL-004479,2026-07-12T13:01:29,SITE-006,Section D — Sinendet Lateral,404.9,4172.2,28.5,Closed,SNS-002
TEL-002521,2026-06-07T07:29:39,SITE-002,Section D — Sinendet Lateral,384.6,3195.8,19.5,Open,SNS-003
TEL-004625,2026-07-15T02:26:43,SITE-005,Section E — Makueni Branch,408.7,2649.7,25.4,Open,SNS-008
TEL-004026,2026-07-03T19:46:05,SITE-001,Section F — Kisumu Terminal Link,507.4,3339.6,37.5,Open,SNS-010
TEL-001171,2026-05-14T05:09:50,SITE-006,Section B — Nairobi-Nakuru Spur,448.3,2230.1,25.5,Open,SNS-009
TEL-004702,2026-07-16T12:06:00,SITE-004,Section E — Makueni Branch,343.4,1723.3,33.3,Partially Open,SNS-013
TEL-002807,2026-06-12T13:08:55,SITE-005,Section D — Sinendet Lateral,513.8,1821.6,33.4,Open,SNS-006
TEL-001712,2026-05-23T22:24:32,SITE-001,Section B — Nairobi-Nakuru Spur,384.9,3292.5,35.1,Partially Open,SNS-004
TEL-000911,2026-05-09T02:11:50,SITE-004,Section E — Makueni Branch,365.1,3502.1,33.7,Closed,SNS-004
TEL-001208,2026-05-14T18:49:40,SITE-006,Section D — Sinendet Lateral,516.8,3968.3,30.7,Open,SNS-008
TEL-001338,2026-05-17T02:34:34,Eldoret  Terminal,Section C — Nakuru-Eldoret Extension,303.8,3358.5,27.1,Partially Open,SNS-001
TEL-002520,2026-06-07T07:13:40,MSA Terminal,Section F — Kisumu Terminal Link,271.6,2994.6,18.1,Partially Open,SNS-007
TEL-004368,2026-07-10T12:39:45,SITE-002,Section A — Mombasa-Nairobi Main,370.1,2018.5,29.0,Partially Open,SNS-005
TEL-001601,2026-05-22T02:04:04,SITE-004,Section B — Nairobi-Nakuru Spur,427.9,2573.2,29.4,Open,SNS-008
TEL-001001,2026-05-10T22:23:23,SITE-003,Section E — Makueni Branch,309.7,2733.3,28.6,Closed,SNS-012
TEL-003000,2026-06-15T09:57:39,SITE-006,Section C — Nakuru-Eldoret Extension,358.5,2646.4,31.2,Closed,SNS-005
TEL-002166,2026-05-31T22:14:16,SITE-005,Section A — Mombasa-Nairobi Main,401.3,1831.7,26.1,Closed,SNS-004
TEL-003573,2026-06-25T15:11:48,SITE-004,Section D — Sinendet Lateral,521.9,2815.9,32.9,Closed,SNS-012
TEL-004376,2026-07-10T15:58:40,SITE-004,Section C — Nakuru-Eldoret Extension,445.8,3119.9,23.7,Closed,SNS-012
TEL-002622,2026-06-09T05:19:35,ELD Terminal,Section C — Nakuru-Eldoret Extension,395.1,3177.1,38.3,Closed,SNS-003
TEL-003217,2026-06-18T21:44:30,SINENDET,Section C — Nakuru-Eldoret Extension,474.4,3756.4,29.9,Open,SNS-003
TEL-002387,2026-06-04T23:27:58,SITE-003,Section B — Nairobi-Nakuru Spur,394.1,2030.2,32.8,Open,SNS-010
TEL-001215,2026-05-14T21:57:38,SITE-001,Section C — Nakuru-Eldoret Extension,357.8,3568.3,24.4,Partially Open,SNS-003
TEL-000481,2026-05-01T13:38:39,SITE-006,Section D — Sinendet Lateral,463.1,2456.4,29.3,Open,SNS-014
TEL-004705,2026-07-16T13:13:44,SITE-002,Section D — Sinendet Lateral,437.1,2940.5,,Closed,SNS-012
TEL-001856,2026-05-26T01:40:03,SITE-006,Section A — Mombasa-Nairobi Main,463.1,2912.8,35.3,Open,SNS-010
TEL-002934,2026-06-14T14:55:46,SITE-007,Section E — Makueni Branch,486.4,1075.1,20.2,Closed,SNS-007
TEL-003101,2026-06-17T01:02:25,SITE-002,Section A — Mombasa-Nairobi Main,527.0,2915.6,33.1,Closed,SNS-006
TEL-000599,2026-05-03T19:50:06,SITE-006,Section C — Nakuru-Eldoret Extension,437.5,3456.4,30.2,Open,SNS-013
TEL-003032,2026-06-15T22:42:06,SITE-007,Section D — Sinendet Lateral,466.8,2573.1,24.9,Closed,SNS-001
TEL-000795,2026-05-07T07:38:57,SITE-002,Section E — Makueni Branch,442.6,4063.4,31.2,Partially Open,SNS-008
TEL-004124,2026-07-05T12:26:45,SITE-004,Section B — Nairobi-Nakuru Spur,468.0,2743.3,35.8,Partially Open,SNS-001
TEL-003062,2026-06-16T11:28:24,Sinendet PS,Section E — Makueni Branch,431.9,2583.7,25.4,Closed,SNS-009
TEL-001058,2026-05-11T23:28:55,SITE-002,Section E — Makueni Branch,454.0,4566.8,21.1,Open,SNS-009
TEL-000021,2026-04-23T11:33:25,SITE-007,Section B — Nairobi-Nakuru Spur,368.8,1898.7,32.6,Open,SNS-001
TEL-002352,2026-06-04T09:06:00,SITE-004,Section E — Makueni Branch,493.0,1810.8,31.0,Partially Open,SNS-014
TEL-000628,2026-05-04T08:54:12,SITE-001,Section B — Nairobi-Nakuru Spur,457.5,2155.2,28.2,Closed,SNS-014
TEL-003142,2026-06-17T18:20:45,SITE-002,Section A — Mombasa-Nairobi Main,379.3,2263.0,23.5,Open,SNS-009
TEL-003207,2026-06-18T18:48:29,SITE-001,Section C — Nakuru-Eldoret Extension,414.3,2476.0,42.5,Open,SNS-003
TEL-002753,2026-06-11T14:06:28,SITE-006,Section D — Sinendet Lateral,359.5,2311.6,19.6,Open,SNS-013
TEL-004275,2026-07-08T16:36:36,SITE-007,Section B — Nairobi-Nakuru Spur,424.9,1850.0,25.5,Partially Open,SNS-003
TEL-003641,2026-06-27T03:26:53,SITE-003,Section C — Nakuru-Eldoret Extension,340.0,2965.0,22.0,Partially Open,SNS-007
TEL-003577,2026-06-25T19:17:19,SITE-007,Section D — Sinendet Lateral,347.7,2441.1,24.0,Open,SNS-009
TEL-003683,2026-06-28T01:23:38,SITE-006,Section A — Mombasa-Nairobi Main,399.2,4295.9,29.0,Open,SNS-010
TEL-001460,2026-05-19T18:41:09,SITE-003,Section F — Kisumu Terminal Link,497.0,2206.7,33.4,Open,SNS-009
TEL-003025,2026-06-15T19:00:27,SITE-006,Section A — Mombasa-Nairobi Main,391.9,3466.8,34.1,Closed,SNS-014
TEL-004589,2026-07-14T13:11:01,SITE-004,Section F — Kisumu Terminal Link,437.1,1678.3,33.5,Partially Open,SNS-012
TEL-003527,2026-06-24T22:45:11,SITE-002,Section D — Sinendet Lateral,266.7,2581.5,22.9,Partially Open,SNS-004
TEL-002115,2026-05-30T21:39:21,SITE-006,Section F — Kisumu Terminal Link,200.0,1774.0,42.0,Partially Open,SNS-007
TEL-003711,2026-06-28T12:04:02,SITE-004,Section E — Makueni Branch,560.7,3346.0,36.5,Open,SNS-002
TEL-002940,2026-06-14T16:18:37,SITE-005,Section E — Makueni Branch,,2959.1,25.4,Open,SNS-001
TEL-001138,2026-05-13T13:21:43,SITE-002,Section D — Sinendet Lateral,447.8,2500.6,32.3,Open,SNS-011
TEL-001342,2026-05-17T04:12:15,SITE-007,Section D — Sinendet Lateral,497.3,3242.5,29.7,Partially Open,SNS-006
TEL-004428,2026-07-11T13:22:20,Nakuru dep,Section B — Nairobi-Nakuru Spur,557.5,3111.7,39.4,Open,SNS-006
TEL-001302,2026-05-16T10:18:49,SITE-001,Section B — Nairobi-Nakuru Spur,379.7,1740.2,34.9,Open,SNS-009
TEL-001687,2026-05-23T11:40:45,SITE-004,Section E — Makueni Branch,432.7,3484.5,26.7,Open,SNS-009
TEL-002953,2026-06-14T19:05:41,SITE-004,Section D — Sinendet Lateral,404.4,3349.3,37.2,Open,SNS-006
TEL-000831,2026-05-07T19:32:45,SITE-003,Section E — Makueni Branch,374.6,2656.3,20.6,Open,SNS-014
TEL-001318,2026-05-16T17:47:37,SITE-001,Section C — Nakuru-Eldoret Extension,300.4,2976.4,20.7,Open,SNS-004
TEL-000474,2026-05-01T11:55:44,SITE-002,Section D — Sinendet Lateral,534.3,3322.0,33.5,Closed,SNS-010
TEL-004189,2026-07-07T00:19:59,SITE-004,Section B — Nairobi-Nakuru Spur,483.5,2782.1,35.2,Closed,SNS-010
TEL-004525,2026-07-13T13:50:29,SITE-005,Section C — Nakuru-Eldoret Extension,444.7,2999.2,25.2,Open,SNS-009
TEL-004411,2026-07-11T06:46:17,NRB Terminal,Section B — Nairobi-Nakuru Spur,346.4,3505.6,39.7,Open,SNS-012
TEL-002808,2026-06-12T13:14:26,SITE-004,Section F — Kisumu Terminal Link,489.9,2516.7,38.8,Closed,SNS-007
TEL-003665,2026-06-27T15:01:13,SITE-004,Section F — Kisumu Terminal Link,333.1,3694.0,27.7,Open,SNS-007
TEL-004364,2026-07-10T09:52:04,SITE-005,Section F — Kisumu Terminal Link,446.4,2359.0,44.1,Closed,SNS-011
TEL-000893,2026-05-08T18:54:24,SITE-003,Section E — Makueni Branch,374.0,4249.6,34.6,Open,SNS-014
TEL-004541,2026-07-13T21:18:06,SITE-003,Section F — Kisumu Terminal Link,354.3,3081.2,40.8,Open,SNS-001
TEL-002448,2026-06-06T00:57:55,SITE-007,Section E — Makueni Branch,399.2,2197.6,31.0,Open,SNS-004
TEL-000096,2026-04-24T18:24:38,SITE-006,Section E — Makueni Branch,432.9,2849.2,24.4,Closed,SNS-006
TEL-000145,2026-04-25T20:29:34,SITE-007,Section D — Sinendet Lateral,200.0,3670.0,22.6,Open,SNS-005
TEL-004699,2026-07-16T10:42:56,MSA Terminal,Section E — Makueni Branch,353.3,2571.1,39.2,Open,SNS-003
TEL-004182,2026-07-06T21:57:08,SITE-002,Section C — Nakuru-Eldoret Extension,343.8,3834.5,29.2,Partially Open,SNS-012
TEL-001913,2026-05-27T03:53:44,SITE-004,Section A — Mombasa-Nairobi Main,353.9,4542.0,30.1,Partially Open,SNS-003
TEL-002743,2026-06-11T10:47:51,NKR Depot,Section E — Makueni Branch,324.5,3843.6,25.0,Partially Open,SNS-013
TEL-001380,2026-05-18T00:49:49,SITE-001,Section C — Nakuru-Eldoret Extension,418.8,2793.6,17.7,Open,SNS-006
TEL-004537,2026-07-13T20:42:51,SITE-005,Section F — Kisumu Terminal Link,418.2,1559.3,32.2,Open,SNS-014
TEL-002136,2026-05-31T07:05:19,SITE-003,Section A — Mombasa-Nairobi Main,317.3,1803.9,34.1,Open,SNS-004
TEL-004875,2026-07-19T10:03:12,SITE-004,Section E — Makueni Branch,355.9,3516.6,26.0,Open,SNS-010
TEL-001809,2026-05-25T08:49:54,Eldoret  Terminal,Section B — Nairobi-Nakuru Spur,334.4,2104.0,27.3,Open,SNS-005
TEL-004222,2026-07-07T15:56:04,SITE-004,Section E — Makueni Branch,381.4,2079.1,24.9,Open,SNS-011
TEL-004128,2026-07-05T14:37:23,SITE-004,Section F — Kisumu Terminal Link,355.6,2831.3,20.4,Partially Open,SNS-010
TEL-000650,2026-05-04T18:25:07,SITE-002,Section D — Sinendet Lateral,479.4,1945.1,25.2,Open,SNS-008
TEL-000078,2026-04-24T11:10:43,SITE-005,Section D — Sinendet Lateral,408.2,3529.7,28.9,Partially Open,SNS-003
TEL-001230,2026-05-15T06:19:06,SITE-005,Section E — Makueni Branch,283.9,3130.2,28.9,Open,SNS-014
TEL-001141,2026-05-13T15:12:21,Mombasa term,Section B — Nairobi-Nakuru Spur,477.6,3128.9,28.9,Open,SNS-010
TEL-000236,2026-04-27T03:32:25,SITE-002,Section D — Sinendet Lateral,485.4,3006.9,34.7,Open,SNS-004
TEL-000714,2026-05-05T18:14:15,SITE-006,Section D — Sinendet Lateral,351.2,2466.2,24.8,Closed,SNS-007
TEL-000035,2026-04-23T16:59:24,SITE-004,Section F — Kisumu Terminal Link,375.1,3279.5,23.4,Closed,SNS-007
TEL-001348,2026-05-17T07:19:41,SITE-002,Section C — Nakuru-Eldoret Extension,355.7,1146.6,15.0,Partially Open,SNS-014
TEL-000685,2026-05-05T05:13:25,SITE-002,Section D — Sinendet Lateral,377.2,2392.1,25.4,Partially Open,SNS-010
TEL-003560,2026-06-25T09:52:27,SITE-002,Section E — Makueni Branch,,3143.0,39.2,Partially Open,SNS-007
TEL-004443,2026-07-11T21:57:14,SITE-002,Section B — Nairobi-Nakuru Spur,320.6,3555.6,29.8,Closed,SNS-008
TEL-001191,2026-05-14T12:55:37,SITE-007,Section B — Nairobi-Nakuru Spur,266.5,2566.5,27.3,Open,SNS-006
TEL-004769,2026-07-17T16:53:09,SITE-007,Section D — Sinendet Lateral,328.5,3449.2,31.8,Partially Open,SNS-001
TEL-004966,2026-07-21T08:49:00,SITE-003,Section B — Nairobi-Nakuru Spur,456.5,2496.7,29.1,Open,SNS-012
TEL-001523,2026-05-20T22:57:16,SITE-006,Section E — Makueni Branch,296.6,1631.4,24.7,Closed,SNS-008
TEL-001819,2026-05-25T12:36:47,SITE-006,Section D — Sinendet Lateral,407.3,3458.3,30.3,Closed,SNS-014
TEL-004355,2026-07-10T05:51:11,Sinendet  Pump Station,Section F — Kisumu Terminal Link,356.6,3927.2,35.7,Closed,SNS-004
TEL-002245,2026-06-02T13:40:56,Kisumu  Terminal,Section E — Makueni Branch,432.1,1666.9,28.7,Open,SNS-002
TEL-002010,2026-05-29T08:50:21,SITE-001,Section C — Nakuru-Eldoret Extension,549.2,,26.0,Partially Open,SNS-013
TEL-003882,2026-07-01T13:57:12,SITE-001,Section D — Sinendet Lateral,365.4,3543.5,23.5,Closed,SNS-002
TEL-002864,2026-06-13T12:05:29,SITE-006,Section F — Kisumu Terminal Link,231.8,3029.6,26.1,Open,SNS-002
TEL-002482,2026-06-06T17:06:50,SITE-001,Section B — Nairobi-Nakuru Spur,494.3,3475.7,27.3,Open,SNS-005
TEL-000723,2026-05-05T21:33:36,NAIROBI,Section B — Nairobi-Nakuru Spur,277.3,1602.9,26.5,Open,SNS-009
TEL-000366,2026-04-29T11:17:04,SITE-001,Section C — Nakuru-Eldoret Extension,253.0,3976.1,35.2,Partially Open,SNS-001
TEL-004456,2026-07-12T04:47:03,SITE-003,Section A — Mombasa-Nairobi Main,436.5,2453.7,31.7,Open,SNS-003
TEL-004715,2026-07-16T17:33:23,SITE-003,Section D — Sinendet Lateral,422.4,2800.6,33.8,Partially Open,SNS-002
TEL-002586,2026-06-08T13:58:41,SITE-006,Section B — Nairobi-Nakuru Spur,508.4,1777.1,38.5,Partially Open,SNS-008
TEL-002918,2026-06-14T08:47:53,SITE-007,Section E — Makueni Branch,425.3,2519.2,32.1,Partially Open,SNS-007
TEL-001954,2026-05-28T01:23:50,SITE-002,Section E — Makueni Branch,450.9,3971.5,27.8,Partially Open,SNS-006
TEL-004985,2026-07-21T17:20:22,SITE-006,Section C — Nakuru-Eldoret Extension,385.8,4387.7,28.6,Partially Open,SNS-007
TEL-001876,2026-05-26T08:39:42,SITE-005,Section A — Mombasa-Nairobi Main,377.9,3419.3,45.0,Closed,SNS-010
TEL-002055,2026-05-29T23:30:18,SITE-007,Section B — Nairobi-Nakuru Spur,429.3,2901.0,33.4,Open,SNS-004
TEL-002822,2026-06-12T16:47:08,SITE-005,Section F — Kisumu Terminal Link,371.4,1836.6,28.0,Closed,SNS-013
TEL-000741,2026-05-06T03:06:47,SITE-005,Section F — Kisumu Terminal Link,238.6,3558.6,27.2,Open,SNS-014
TEL-003386,2026-06-22T10:28:21,SITE-007,Section B — Nairobi-Nakuru Spur,431.2,4132.1,38.1,Open,SNS-003
TEL-000285,2026-04-28T02:08:48,SITE-005,Section C — Nakuru-Eldoret Extension,342.6,3467.2,27.3,Open,SNS-004
TEL-001625,2026-05-22T13:06:20,SITE-004,Section C — Nakuru-Eldoret Extension,525.2,1718.8,31.3,Open,SNS-004
TEL-001162,2026-05-14T01:00:06,SITE-005,Section B — Nairobi-Nakuru Spur,336.2,2162.6,31.7,Closed,SNS-001
TEL-001918,2026-05-27T05:50:28,NKR Depot,Section D — Sinendet Lateral,387.9,4391.9,28.1,Open,SNS-009
TEL-002753,2026-06-11T14:06:28,SITE-006,Section D — Sinendet Lateral,359.5,2311.6,19.6,Open,SNS-013
TEL-000449,2026-05-01T00:27:50,SITE-001,Section D — Sinendet Lateral,458.8,2858.6,22.4,Open,SNS-003
TEL-001883,2026-05-26T13:40:06,SITE-003,Section F — Kisumu Terminal Link,379.3,2601.1,34.4,Open,SNS-007
TEL-002396,2026-06-05T03:27:52,nakuru depot,Section C — Nakuru-Eldoret Extension,390.1,2776.6,22.3,Partially Open,SNS-003
TEL-004850,2026-07-18T22:36:49,Mombasa term,Section A — Mombasa-Nairobi Main,341.2,2018.6,29.6,Open,SNS-009
TEL-004423,2026-07-11T11:26:30,SITE-004,Section C — Nakuru-Eldoret Extension,370.5,2485.3,31.2,Open,SNS-011
TEL-002650,2026-06-09T16:53:21,SITE-002,Section D — Sinendet Lateral,586.9,2655.9,27.9,Open,SNS-011
TEL-003339,2026-06-21T12:14:58,SITE-002,Section A — Mombasa-Nairobi Main,310.6,4575.2,19.7,Closed,SNS-010
TEL-000921,2026-05-09T07:57:32,SITE-004,Section B — Nairobi-Nakuru Spur,422.3,2566.2,30.9,Partially Open,SNS-001
TEL-001506,2026-05-20T15:12:02,SITE-001,Section F — Kisumu Terminal Link,383.3,2946.5,30.0,Partially Open,SNS-010
TEL-002587,2026-06-08T14:20:57,SITE-005,Section B — Nairobi-Nakuru Spur,436.6,2169.9,30.9,Open,SNS-004
TEL-001682,2026-05-23T09:46:22,SITE-006,Section F — Kisumu Terminal Link,414.0,1359.8,43.1,Closed,SNS-012
TEL-002756,2026-06-11T15:14:53,SITE-007,Section E — Makueni Branch,517.7,3404.7,34.7,Closed,SNS-001
TEL-003669,2026-06-27T17:46:24,SITE-005,Section F — Kisumu Terminal Link,422.5,4359.6,32.0,Open,SNS-006
TEL-003268,2026-06-20T02:22:47,SITE-006,Section A — Mombasa-Nairobi Main,419.7,3582.0,33.7,Closed,SNS-009
TEL-003820,2026-06-30T11:45:56,SITE-006,Section C — Nakuru-Eldoret Extension,388.0,3359.4,29.9,Open,SNS-011
TEL-001563,2026-05-21T12:51:16,SITE-002,Section B — Nairobi-Nakuru Spur,514.0,4643.4,32.6,Open,SNS-007
TEL-001303,2026-05-16T10:47:39,SITE-004,Section C — Nakuru-Eldoret Extension,412.2,2185.7,31.9,Closed,SNS-012
TEL-000879,2026-05-08T16:11:25,Mombasa  Terminal,Section A — Mombasa-Nairobi Main,323.0,2298.2,19.9,Partially Open,SNS-002
TEL-003848,2026-06-30T22:27:38,SITE-003,Section E — Makueni Branch,347.9,3800.6,26.1,Closed,SNS-014
TEL-002654,2026-06-09T19:07:20,SITE-002,Section D — Sinendet Lateral,321.8,3265.1,34.6,Open,SNS-007
TEL-002738,2026-06-11T09:23:19,SITE-001,Section B — Nairobi-Nakuru Spur,412.6,2785.2,20.8,Closed,SNS-004
TEL-003362,2026-06-22T00:24:26,SITE-001,Section E — Makueni Branch,434.6,3315.9,42.5,Partially Open,SNS-008
TEL-002328,2026-06-04T00:03:58,SITE-001,Section C — Nakuru-Eldoret Extension,417.6,2538.6,33.6,Closed,SNS-008
TEL-003935,2026-07-02T09:24:09,SITE-004,Section D — Sinendet Lateral,418.3,,30.5,Closed,SNS-002
TEL-001233,2026-05-15T07:27:18,SITE-002,Section E — Makueni Branch,520.6,3787.2,27.2,Open,SNS-001
TEL-003392,2026-06-22T10:57:25,SITE-004,Section C — Nakuru-Eldoret Extension,459.4,2464.2,28.6,Partially Open,SNS-003
TEL-001070,2026-05-12T04:32:37,SITE-001,Section A — Mombasa-Nairobi Main,342.2,2430.3,23.5,Closed,SNS-013
TEL-002906,2026-06-14T02:34:55,SITE-002,Section E — Makueni Branch,333.2,2412.9,29.5,Open,SNS-014
TEL-002732,2026-06-11T03:26:05,SITE-001,Section C — Nakuru-Eldoret Extension,426.9,2363.0,24.7,Closed,SNS-014
TEL-001900,2026-05-26T22:32:25,SITE-005,Section D — Sinendet Lateral,499.1,2763.4,28.1,Open,SNS-011
TEL-002634,2026-06-09T08:59:11,SITE-006,Section B — Nairobi-Nakuru Spur,549.4,4774.9,22.6,Partially Open,SNS-012
TEL-003523,2026-06-24T21:05:46,SITE-002,Section E — Makueni Branch,367.1,3391.4,21.9,Partially Open,SNS-008
TEL-000382,2026-04-29T17:56:04,SITE-005,Section B — Nairobi-Nakuru Spur,369.3,3265.5,26.5,Partially Open,SNS-011
TEL-000838,2026-05-07T20:49:42,SITE-003,Section E — Makueni Branch,359.0,2883.3,37.2,Closed,SNS-006
TEL-000552,2026-05-02T20:56:31,MAKUENI,Section E — Makueni Branch,422.6,3544.9,32.9,Closed,SNS-013
TEL-004090,2026-07-04T23:37:09,SITE-005,Section D — Sinendet Lateral,441.6,2761.4,32.4,Open,SNS-013
TEL-004298,2026-07-09T00:57:09,SITE-004,Section A — Mombasa-Nairobi Main,327.4,3611.5,29.2,Open,SNS-006
TEL-000321,2026-04-28T17:42:32,SITE-006,Section F — Kisumu Terminal Link,377.4,3623.2,42.1,Open,SNS-001
TEL-002691,2026-06-10T11:06:52,SITE-006,Section A — Mombasa-Nairobi Main,384.5,1726.2,42.5,Partially Open,SNS-003
TEL-000246,2026-04-27T06:49:31,SITE-006,Section B — Nairobi-Nakuru Spur,379.2,1662.6,26.0,Partially Open,SNS-002
TEL-003085,2026-06-16T18:46:12,SITE-002,Section F — Kisumu Terminal Link,1000,3287.0,16.4,Partially Open,SNS-004
TEL-003222,2026-06-19T01:21:42,SITE-007,Section B — Nairobi-Nakuru Spur,531.7,3766.0,25.6,Open,SNS-013
TEL-001982,2026-05-28T17:20:26,SITE-003,Section C — Nakuru-Eldoret Extension,325.5,1517.0,30.7,Open,SNS-010
TEL-004305,2026-07-09T04:08:20,SITE-001,Section A — Mombasa-Nairobi Main,488.5,1868.5,39.3,Open,SNS-010
TEL-000169,2026-04-26T04:53:58,SITE-001,Section D — Sinendet Lateral,488.7,1786.8,43.8,Open,SNS-005
TEL-004117,2026-07-05T10:23:31,SITE-006,Section A — Mombasa-Nairobi Main,391.7,4031.2,31.1,Open,SNS-011
TEL-001322,2026-05-16T18:09:17,SITE-004,Section D — Sinendet Lateral,457.8,3387.9,35.4,Closed,SNS-014
TEL-003638,2026-06-27T02:28:51,SITE-002,Section B — Nairobi-Nakuru Spur,284.8,4289.6,27.6,Open,SNS-013
TEL-000834,2026-05-07T20:09:25,SITE-007,Section A — Mombasa-Nairobi Main,429.1,2608.8,25.9,Closed,SNS-013
TEL-001034,2026-05-11T14:05:02,SITE-003,Section C — Nakuru-Eldoret Extension,382.8,2581.8,30.9,Open,SNS-002
TEL-000757,2026-05-06T12:46:13,SITE-003,Section F — Kisumu Terminal Link,283.7,3646.6,28.1,Partially Open,SNS-008
TEL-004484,2026-07-12T14:21:17,SITE-002,Section C — Nakuru-Eldoret Extension,377.7,3197.5,34.7,Closed,SNS-008
TEL-003149,2026-06-17T21:54:56,SITE-005,Section B — Nairobi-Nakuru Spur,406.4,3903.5,31.9,Partially Open,SNS-014
TEL-000112,2026-04-25T03:12:52,SITE-001,Section D — Sinendet Lateral,249.4,3730.3,29.9,Partially Open,SNS-014
TEL-004919,2026-07-20T07:04:29,SITE-005,Section A — Mombasa-Nairobi Main,355.9,2356.4,32.1,Closed,SNS-012
TEL-002496,2026-06-06T20:20:00,SITE-007,Section C — Nakuru-Eldoret Extension,469.3,4010.2,36.0,Open,SNS-011
TEL-000614,2026-05-04T02:57:57,Eldoret  Terminal,Section F — Kisumu Terminal Link,391.8,3259.0,27.0,Open,SNS-008
TEL-001166,2026-05-14T04:03:13,SITE-002,Section E — Makueni Branch,434.8,3928.3,27.1,Open,SNS-007
TEL-002438,2026-06-05T21:05:26,SITE-007,Section C — Nakuru-Eldoret Extension,303.4,2532.2,30.2,Open,SNS-014
TEL-001668,2026-05-23T04:31:25,SITE-002,Section C — Nakuru-Eldoret Extension,257.5,2197.8,20.4,Closed,SNS-004
TEL-004251,2026-07-08T05:53:28,SITE-007,Section E — Makueni Branch,354.1,2678.4,29.7,Partially Open,SNS-011
TEL-000737,2026-05-06T02:34:32,Sinendet  Pump Station,Section B — Nairobi-Nakuru Spur,377.7,2685.6,23.3,Closed,SNS-003
TEL-003008,2026-06-15T14:37:26,NKR Depot,Section D — Sinendet Lateral,344.9,3602.1,35.1,Partially Open,SNS-006
TEL-002262,2026-06-02T22:27:05,SITE-005,Section F — Kisumu Terminal Link,397.2,4116.5,27.3,Open,SNS-006
TEL-002783,2026-06-12T00:31:31,SITE-007,Section D — Sinendet Lateral,469.2,5000.0,19.4,Closed,SNS-010
TEL-003687,2026-06-28T02:21:06,SITE-003,Section F — Kisumu Terminal Link,349.9,2722.0,35.6,Open,SNS-001
TEL-004297,2026-07-09T00:36:57,nairobi terminal,Section E — Makueni Branch,371.2,3513.8,35.4,Closed,SNS-004
TEL-004350,2026-07-10T03:54:43,SITE-001,Section C — Nakuru-Eldoret Extension,351.4,4151.9,26.8,Open,SNS-014
TEL-000427,2026-04-30T14:55:52,SITE-002,Section B — Nairobi-Nakuru Spur,405.4,2337.7,33.8,Open,SNS-014
TEL-001520,2026-05-20T20:46:52,Nakuru dep,Section D — Sinendet Lateral,464.4,2760.7,21.5,Open,SNS-014
TEL-002620,2026-06-09T04:53:14,SITE-004,Section C — Nakuru-Eldoret Extension,355.6,4293.4,33.0,Partially Open,SNS-012
TEL-003872,2026-07-01T07:41:53,SITE-003,Section F — Kisumu Terminal Link,314.4,3581.1,38.5,Open,SNS-013
TEL-000997,2026-05-10T20:20:14,SITE-005,Section E — Makueni Branch,400.0,2524.3,33.7,Open,SNS-003
TEL-004593,2026-07-14T14:40:57,SITE-002,Section B — Nairobi-Nakuru Spur,454.9,4605.6,39.3,Closed,SNS-006
TEL-000484,2026-05-01T14:35:18,SITE-001,Section F — Kisumu Terminal Link,394.1,2836.9,,Open,SNS-007
TEL-000918,2026-05-09T03:34:34,SITE-001,Section F — Kisumu Terminal Link,301.0,4406.5,23.7,Closed,SNS-001
TEL-000778,2026-05-06T22:55:36,SITE-003,Section E — Makueni Branch,478.9,2578.8,21.8,Partially Open,SNS-012
TEL-001411,2026-05-18T19:11:15,Thange section,Section D — Sinendet Lateral,411.8,2623.1,18.3,Closed,SNS-006
TEL-003559,2026-06-25T09:44:35,SITE-006,Section D — Sinendet Lateral,513.9,1546.6,34.4,Open,SNS-009
TEL-001086,2026-05-12T10:08:22,SITE-005,Section C — Nakuru-Eldoret Extension,335.5,2729.0,42.3,Open,SNS-009
TEL-004837,2026-07-18T20:11:09,Sinendet PS,Section A — Mombasa-Nairobi Main,404.0,2768.9,25.9,Open,SNS-013
TEL-000002,2026-04-23T01:28:06,Kibwezi,Section A — Mombasa-Nairobi Main,337.7,2801.9,31.2,Open,SNS-011
TEL-002058,2026-05-30T01:07:54,SITE-001,Section A — Mombasa-Nairobi Main,440.8,2938.2,27.1,Partially Open,SNS-002
TEL-003999,2026-07-03T11:07:59,SITE-001,Section D — Sinendet Lateral,363.9,3296.7,30.4,Closed,SNS-001
TEL-000309,2026-04-28T14:37:19,SITE-007,Section A — Mombasa-Nairobi Main,304.7,3252.1,25.3,Open,SNS-008
TEL-001981,2026-05-28T15:09:54,SITE-006,Section D — Sinendet Lateral,487.1,1929.9,33.0,Open,SNS-008
TEL-002868,2026-06-13T13:08:34,SITE-001,Section D — Sinendet Lateral,325.1,1760.1,24.9,Open,SNS-014
TEL-003183,2026-06-18T11:02:46,SITE-002,Section B — Nairobi-Nakuru Spur,378.9,3032.8,26.7,Open,SNS-008
TEL-003357,2026-06-21T21:08:00,SITE-007,Section D — Sinendet Lateral,387.3,1312.4,30.7,Closed,SNS-014
TEL-004737,2026-07-17T03:17:57,SITE-005,Section A — Mombasa-Nairobi Main,335.9,3658.1,24.3,Partially Open,SNS-012
TEL-002546,2026-06-07T17:58:45,SITE-003,Section B — Nairobi-Nakuru Spur,330.8,4245.9,24.4,Open,SNS-007
TEL-003705,2026-06-28T10:23:23,SITE-006,Section E — Makueni Branch,326.8,2410.4,29.8,Open,SNS-006
TEL-002774,2026-06-11T21:43:43,SITE-003,Section B — Nairobi-Nakuru Spur,304.5,3380.0,27.8,Open,SNS-014
TEL-000679,2026-05-05T04:26:50,SITE-006,Section E — Makueni Branch,390.9,4087.4,27.4,Open,SNS-006
TEL-003063,2026-06-16T11:44:24,Nairobi  Terminal,Section E — Makueni Branch,420.5,3592.5,45.0,Closed,SNS-002
TEL-000456,2026-05-01T04:26:32,Kisumu term,Section C — Nakuru-Eldoret Extension,387.4,3373.6,24.4,Closed,SNS-013
TEL-004087,2026-07-04T23:18:01,SITE-002,Section E — Makueni Branch,396.5,3371.6,31.2,Closed,SNS-007
TEL-004505,2026-07-13T01:39:57,SITE-001,Section B — Nairobi-Nakuru Spur,330.4,1656.0,29.1,Open,SNS-006
TEL-001335,2026-05-16T22:53:31,SITE-007,Section F — Kisumu Terminal Link,367.3,3025.1,26.2,Closed,SNS-003
TEL-004180,2026-07-06T19:11:10,SITE-004,Section F — Kisumu Terminal Link,252.4,2532.1,16.1,Closed,SNS-002
TEL-004149,2026-07-06T02:47:11,SITE-001,Section A — Mombasa-Nairobi Main,381.9,3098.0,29.3,Closed,SNS-004
TEL-004681,2026-07-16T03:50:00,SITE-002,Section B — Nairobi-Nakuru Spur,394.2,1395.4,34.7,Open,SNS-005
TEL-003946,2026-07-02T13:40:58,SITE-002,Section B — Nairobi-Nakuru Spur,362.3,4057.2,36.6,Open,SNS-013
TEL-000904,2026-05-09T00:04:03,SITE-001,Section E — Makueni Branch,394.3,3406.0,37.3,Partially Open,SNS-006
TEL-001457,2026-05-19T18:19:18,SITE-001,Section A — Mombasa-Nairobi Main,451.0,2055.8,20.6,Open,SNS-010
TEL-002937,2026-06-14T15:32:13,SITE-001,Section B — Nairobi-Nakuru Spur,553.4,3641.5,25.7,Open,SNS-003
TEL-001669,2026-05-23T05:20:08,SITE-003,Section A — Mombasa-Nairobi Main,492.8,3106.7,27.2,Partially Open,SNS-010
TEL-000564,2026-05-03T04:04:49,makueni pipeline,Section D — Sinendet Lateral,402.8,2328.9,21.8,Closed,SNS-013
TEL-000039,2026-04-23T19:01:53,SITE-003,Section B — Nairobi-Nakuru Spur,511.6,2122.9,25.8,Open,SNS-001
TEL-004309,2026-07-09T09:36:34,SITE-003,Section D — Sinendet Lateral,501.2,3603.4,33.4,Open,SNS-003
TEL-000882,2026-05-08T17:01:32,SITE-006,Section E — Makueni Branch,335.9,3671.3,43.5,Open,SNS-013
TEL-002431,2026-06-05T18:54:24,SITE-005,Section F — Kisumu Terminal Link,307.7,2968.1,26.9,Open,SNS-003
TEL-000073,2026-04-24T09:17:49,SITE-004,Section A — Mombasa-Nairobi Main,437.0,2252.9,25.3,Partially Open,SNS-010
TEL-002038,2026-05-29T17:58:46,ELD Terminal,Section F — Kisumu Terminal Link,330.8,2213.1,38.5,Open,SNS-002
TEL-002073,2026-05-30T06:49:20,SITE-005,Section A — Mombasa-Nairobi Main,421.2,3303.6,27.9,Open,SNS-001
TEL-000437,2026-04-30T20:16:08,SITE-001,Section B — Nairobi-Nakuru Spur,540.0,2928.1,28.4,Open,SNS-009
TEL-002931,2026-06-14T13:12:54,SITE-002,Section D — Sinendet Lateral,395.1,2937.7,32.9,Open,SNS-006
TEL-002045,2026-05-29T20:53:21,SITE-005,Section C — Nakuru-Eldoret Extension,462.1,3348.1,20.9,Open,SNS-008
TEL-004488,2026-07-12T16:00:34,SITE-001,Section C — Nakuru-Eldoret Extension,235.6,3446.8,20.9,Open,SNS-003
TEL-003547,2026-06-25T05:44:17,sinendet pump,Section B — Nairobi-Nakuru Spur,438.3,2186.2,18.5,Open,SNS-008
TEL-003196,2026-06-18T14:54:53,SITE-003,Section F — Kisumu Terminal Link,501.3,2707.7,25.0,Open,SNS-007
TEL-003684,2026-06-28T01:26:02,SITE-006,Section D — Sinendet Lateral,312.3,1858.0,33.6,Closed,SNS-001
TEL-001271,2026-05-15T20:39:46,SITE-002,Section C — Nakuru-Eldoret Extension,229.4,4959.7,28.9,Open,SNS-001
TEL-001485,2026-05-20T04:23:27,Mombasa term,Section D — Sinendet Lateral,411.7,2575.2,23.7,Open,SNS-007
TEL-001967,2026-05-28T05:09:29,SITE-006,Section E — Makueni Branch,366.5,3016.9,26.2,Closed,SNS-006
TEL-001289,2026-05-16T05:59:36,Kibwezi,Section A — Mombasa-Nairobi Main,430.9,3305.9,27.9,Closed,SNS-013
TEL-003167,2026-06-18T05:12:48,SITE-005,Section F — Kisumu Terminal Link,375.2,3014.9,33.7,Open,SNS-014
TEL-003734,2026-06-28T22:34:58,SITE-004,Section F — Kisumu Terminal Link,440.1,3957.2,35.6,Open,SNS-009
TEL-003925,2026-07-02T05:22:20,SITE-002,Section E — Makueni Branch,555.9,3536.3,31.3,Closed,SNS-003
TEL-002391,2026-06-05T00:57:02,SITE-002,Section F — Kisumu Terminal Link,312.5,3098.7,31.0,Partially Open,SNS-007
TEL-003210,2026-06-18T19:25:40,NAIROBI,Section F — Kisumu Terminal Link,350.2,4192.1,23.3,Closed,SNS-006
TEL-004429,2026-07-11T13:26:07,SITE-005,Section D — Sinendet Lateral,355.6,2844.8,27.9,Open,SNS-003
TEL-002939,2026-06-14T16:11:53,SITE-007,Section A — Mombasa-Nairobi Main,290.1,2642.5,35.1,Open,SNS-009
TEL-000920,2026-05-09T06:34:40,SITE-004,Section B — Nairobi-Nakuru Spur,472.8,4134.3,34.1,Partially Open,SNS-013
TEL-002377,2026-06-04T20:13:35,SITE-004,Section F — Kisumu Terminal Link,426.8,2709.7,36.0,Partially Open,SNS-007
TEL-001095,2026-05-12T14:09:46,SITE-007,Section C — Nakuru-Eldoret Extension,370.4,1585.1,23.8,Partially Open,SNS-003
TEL-000445,2026-04-30T22:32:33,SITE-005,Section D — Sinendet Lateral,391.1,3415.0,19.3,Open,SNS-002
TEL-001376,2026-05-17T22:50:58,SITE-003,Section B — Nairobi-Nakuru Spur,328.6,2560.8,34.3,Partially Open,SNS-009
TEL-004908,2026-07-20T03:06:08,Nakuru dep,Section A — Mombasa-Nairobi Main,332.2,3158.5,34.0,Partially Open,SNS-012
TEL-001979,2026-05-28T13:31:31,SITE-006,Section D — Sinendet Lateral,485.2,4265.3,35.4,Open,SNS-013
TEL-000416,2026-04-30T09:39:44,SITE-003,Section D — Sinendet Lateral,348.6,2910.4,19.3,Closed,SNS-005
TEL-002319,2026-06-03T21:12:06,SITE-006,Section E — Makueni Branch,477.8,2497.8,26.3,Open,SNS-008
TEL-001414,2026-05-18T21:23:29,SITE-001,Section A — Mombasa-Nairobi Main,421.8,5000.0,27.8,Open,SNS-003
TEL-003433,2026-06-23T05:29:21,ELD Terminal,Section A — Mombasa-Nairobi Main,538.4,3142.9,24.7,Closed,SNS-004
TEL-002237,2026-06-02T11:47:07,SITE-001,Section F — Kisumu Terminal Link,476.5,1948.3,36.8,Open,SNS-006
TEL-002907,2026-06-14T02:55:31,SITE-005,Section D — Sinendet Lateral,420.7,3277.1,28.5,Open,SNS-001
TEL-000824,2026-05-07T17:46:05,SITE-002,Section C — Nakuru-Eldoret Extension,363.5,2654.9,34.6,Closed,SNS-012
TEL-001198,2026-05-14T15:10:56,SITE-004,Section D — Sinendet Lateral,517.1,2786.0,40.0,Closed,SNS-011
TEL-000261,2026-04-27T14:09:11,SITE-002,Section C — Nakuru-Eldoret Extension,435.9,3140.0,32.3,Open,SNS-010
TEL-000490,2026-05-01T17:44:24,SITE-002,Section A — Mombasa-Nairobi Main,397.3,3019.4,24.7,Open,SNS-012
TEL-003939,2026-07-02T10:56:39,SITE-007,Section A — Mombasa-Nairobi Main,583.7,2603.6,24.8,Open,SNS-014
TEL-001838,2026-05-25T19:22:16,SITE-004,Section D — Sinendet Lateral,354.6,2373.3,24.3,Closed,SNS-005
TEL-003538,2026-06-25T01:41:45,SITE-005,Section F — Kisumu Terminal Link,522.7,3801.3,31.5,Closed,SNS-014
TEL-002015,2026-05-29T11:35:14,Nairobi  Terminal,Section C — Nakuru-Eldoret Extension,396.0,3033.7,30.5,Open,SNS-004
TEL-003736,2026-06-28T23:25:19,SITE-002,Section B — Nairobi-Nakuru Spur,373.9,4315.9,23.5,Partially Open,SNS-005
TEL-000594,2026-05-03T17:22:59,SITE-007,Section A — Mombasa-Nairobi Main,362.3,1832.7,34.2,Closed,SNS-006
TEL-001857,2026-05-26T02:20:28,SITE-003,Section C — Nakuru-Eldoret Extension,355.4,3673.6,31.6,Open,SNS-005
TEL-001730,2026-05-24T03:55:52,SITE-004,Section D — Sinendet Lateral,415.9,2818.8,25.0,Partially Open,SNS-011
TEL-004557,2026-07-14T04:36:15,SITE-002,Section D — Sinendet Lateral,351.0,3163.5,38.4,Closed,SNS-012
TEL-000861,2026-05-08T07:23:48,SITE-007,Section D — Sinendet Lateral,472.5,3038.9,33.1,Partially Open,SNS-004
TEL-004415,2026-07-11T07:20:57,SITE-003,Section D — Sinendet Lateral,362.1,4013.9,26.5,Open,SNS-002
TEL-003686,2026-06-28T01:59:42,SITE-001,Section F — Kisumu Terminal Link,376.2,2312.8,35.0,Open,SNS-004
TEL-004143,2026-07-05T22:23:05,SITE-006,Section D — Sinendet Lateral,468.4,3050.5,25.7,Partially Open,SNS-003
TEL-004119,2026-07-05T11:10:43,SITE-002,Section A — Mombasa-Nairobi Main,312.0,2996.2,28.0,Open,SNS-009
TEL-000191,2026-04-26T11:55:19,SITE-005,Section F — Kisumu Terminal Link,438.7,2904.1,30.5,Open,SNS-002
TEL-001922,2026-05-27T07:06:25,SITE-006,Section B — Nairobi-Nakuru Spur,365.1,1000.0,31.3,Open,SNS-009
TEL-000195,2026-04-26T13:46:22,SITE-006,Section D — Sinendet Lateral,497.4,3296.9,28.3,Closed,SNS-014
TEL-002796,2026-06-12T09:10:04,SITE-007,Section D — Sinendet Lateral,352.9,1843.2,36.1,Open,SNS-008
TEL-003543,2026-06-25T03:07:39,SITE-004,Section D — Sinendet Lateral,503.2,4439.3,31.1,Closed,SNS-002
TEL-002640,2026-06-09T12:04:42,ELDORET,Section A — Mombasa-Nairobi Main,470.8,3470.2,38.8,Open,SNS-005
TEL-002021,2026-05-29T13:49:21,Kisumu  Terminal,Section A — Mombasa-Nairobi Main,269.1,3719.9,37.6,Open,SNS-004
TEL-004778,2026-07-17T18:56:03,SITE-005,Section A — Mombasa-Nairobi Main,200.0,2663.8,31.9,Closed,SNS-011
TEL-000743,2026-05-06T04:40:54,SITE-006,Section F — Kisumu Terminal Link,370.0,2631.9,31.1,Partially Open,SNS-001
TEL-002589,2026-06-08T15:15:06,SITE-003,Section D — Sinendet Lateral,450.1,2853.2,29.4,Open,SNS-012
TEL-004768,2026-07-17T16:04:12,Mombasa term,Section B — Nairobi-Nakuru Spur,341.5,3892.7,29.8,Partially Open,SNS-011
TEL-004102,2026-07-05T07:02:26,SITE-001,Section A — Mombasa-Nairobi Main,324.4,4008.0,33.7,Open,SNS-007
TEL-003662,2026-06-27T14:20:46,SITE-001,Section E — Makueni Branch,348.8,2458.9,21.2,Closed,SNS-004
TEL-003255,2026-06-19T20:59:03,SITE-007,Section A — Mombasa-Nairobi Main,496.2,2188.1,35.3,Open,SNS-001
TEL-000823,2026-05-07T17:40:37,SITE-006,Section D — Sinendet Lateral,446.6,2837.6,35.6,Open,SNS-007
TEL-004967,2026-07-21T09:27:46,SITE-003,Section E — Makueni Branch,392.2,2954.0,37.5,Partially Open,SNS-009
TEL-004199,2026-07-07T05:26:53,SITE-005,Section A — Mombasa-Nairobi Main,407.1,4484.3,19.8,Closed,SNS-008
TEL-000615,2026-05-04T03:15:11,SITE-003,Section D — Sinendet Lateral,513.9,2354.7,21.3,Closed,SNS-003
TEL-001884,2026-05-26T14:02:56,SITE-002,Section A — Mombasa-Nairobi Main,487.3,3903.0,19.9,Open,SNS-004
TEL-002468,2026-06-06T08:35:30,SITE-002,Section B — Nairobi-Nakuru Spur,307.0,3460.2,32.6,Partially Open,SNS-005
TEL-001321,2026-05-16T18:02:44,SITE-006,Section A — Mombasa-Nairobi Main,425.9,4035.3,30.7,Open,SNS-010
TEL-003048,2026-06-16T07:17:33,SITE-003,Section F — Kisumu Terminal Link,349.5,3771.9,29.5,Closed,SNS-011
TEL-002154,2026-05-31T14:17:02,SITE-002,Section D — Sinendet Lateral,385.6,3767.3,25.8,Open,SNS-009
TEL-001452,2026-05-19T16:12:03,ELD Terminal,Section E — Makueni Branch,460.4,3053.7,30.6,Closed,SNS-009
TEL-004631,2026-07-15T05:05:11,SITE-001,Section B — Nairobi-Nakuru Spur,544.5,1873.6,32.9,Partially Open,SNS-001
TEL-003969,2026-07-02T22:51:12,SITE-004,Section B — Nairobi-Nakuru Spur,425.3,5000.0,29.5,Open,SNS-011
TEL-003318,2026-06-21T03:14:54,SITE-005,Section D — Sinendet Lateral,426.8,3223.9,27.6,Partially Open,SNS-010
TEL-002566,2026-06-08T01:57:02,SITE-006,Section B — Nairobi-Nakuru Spur,381.9,2559.7,16.5,Open,SNS-007
TEL-004721,2026-07-16T20:46:57,Sinendet PS,Section F — Kisumu Terminal Link,457.3,3082.7,34.6,Open,SNS-014
TEL-003749,2026-06-29T04:42:45,KISUMU,Section E — Makueni Branch,396.5,2431.9,30.6,Open,SNS-008
TEL-001271,2026-05-15T20:39:46,SITE-002,Section C — Nakuru-Eldoret Extension,229.4,4959.7,28.9,Open,SNS-001
TEL-001698,2026-05-23T15:47:18,Nakuru  Depot,Section E — Makueni Branch,321.0,3077.3,17.2,Open,SNS-008
TEL-003455,2026-06-23T18:02:35,SITE-001,Section F — Kisumu Terminal Link,393.5,3173.7,21.1,Closed,SNS-003
TEL-004692,2026-07-16T08:11:09,SITE-006,Section F — Kisumu Terminal Link,359.1,2251.6,27.9,Open,SNS-009
TEL-002227,2026-06-02T07:13:14,SITE-004,Section C — Nakuru-Eldoret Extension,562.1,3078.4,22.1,Partially Open,SNS-005
TEL-002882,2026-06-13T18:34:54,SITE-001,Section C — Nakuru-Eldoret Extension,506.3,3410.9,26.9,Open,SNS-011
TEL-003403,2026-06-22T15:17:19,SITE-002,Section C — Nakuru-Eldoret Extension,377.2,3022.2,22.4,Partially Open,SNS-010
TEL-002656,2026-06-09T19:27:45,SITE-005,Section C — Nakuru-Eldoret Extension,476.7,4034.8,37.4,Partially Open,SNS-006
TEL-000566,2026-05-03T05:08:16,SITE-004,Section B — Nairobi-Nakuru Spur,378.7,3859.1,25.7,Open,SNS-005
TEL-002591,2026-06-08T15:18:31,SITE-006,Section A — Mombasa-Nairobi Main,230.9,1492.1,27.3,Open,SNS-004
TEL-001773,2026-05-24T21:55:38,SITE-006,Section D — Sinendet Lateral,477.5,3433.7,32.6,Partially Open,SNS-005
TEL-000906,2026-05-09T00:40:16,SITE-007,Section C — Nakuru-Eldoret Extension,534.5,3632.3,31.6,Open,SNS-005
TEL-003836,2026-06-30T15:06:56,SITE-003,Section C — Nakuru-Eldoret Extension,404.9,2092.4,42.5,Open,SNS-010
TEL-000003,2026-04-23T02:16:40,SITE-004,Section F — Kisumu Terminal Link,541.7,3746.2,,Open,SNS-007
TEL-003920,2026-07-02T04:26:57,SITE-004,Section B — Nairobi-Nakuru Spur,489.3,4252.4,25.8,Open,SNS-014
TEL-003259,2026-06-19T21:40:15,SITE-003,Section F — Kisumu Terminal Link,438.0,4259.7,29.7,Open,SNS-001
TEL-004005,2026-07-03T13:54:22,SITE-005,Section F — Kisumu Terminal Link,424.7,3221.4,28.9,Open,SNS-012
TEL-004918,2026-07-20T07:03:52,SITE-005,Section A — Mombasa-Nairobi Main,309.3,4228.4,,Closed,SNS-014
TEL-000759,2026-05-06T13:05:10,SITE-003,Section A — Mombasa-Nairobi Main,348.6,1451.0,26.7,Closed,SNS-013
TEL-001534,2026-05-21T05:06:38,SITE-002,Section E — Makueni Branch,334.3,3214.5,37.2,Closed,SNS-007
TEL-002318,2026-06-03T20:53:57,SITE-002,Section C — Nakuru-Eldoret Extension,400.5,4104.4,32.0,Open,SNS-012
TEL-001461,2026-05-19T18:51:41,Thange section,Section A — Mombasa-Nairobi Main,337.1,3831.6,28.4,Closed,SNS-005
TEL-000328,2026-04-28T20:33:26,kisumu terminal,Section B — Nairobi-Nakuru Spur,577.1,3847.5,26.7,Open,SNS-005
TEL-000202,2026-04-26T15:22:52,SITE-005,Section A — Mombasa-Nairobi Main,415.3,3512.5,26.9,Closed,SNS-001
TEL-000409,2026-04-30T05:35:11,SITE-001,Section C — Nakuru-Eldoret Extension,534.3,2213.5,30.7,Closed,SNS-006
TEL-001161,2026-05-14T00:28:24,Kisumu  Terminal,Section F — Kisumu Terminal Link,319.9,4091.8,33.1,Open,SNS-002
TEL-000941,2026-05-09T20:15:52,SITE-006,Section E — Makueni Branch,338.5,3893.5,28.0,Partially Open,SNS-008
TEL-002426,2026-06-05T17:12:53,Eldoret  Terminal,Section B — Nairobi-Nakuru Spur,307.5,2854.4,26.8,Open,SNS-014
TEL-002817,2026-06-12T15:20:11,SITE-007,Section C — Nakuru-Eldoret Extension,350.5,1605.3,27.2,Open,SNS-005
TEL-002626,2026-06-09T06:45:10,SITE-001,Section F — Kisumu Terminal Link,323.6,3664.7,37.0,Open,SNS-012
TEL-001675,2026-05-23T07:38:20,SITE-004,Section C — Nakuru-Eldoret Extension,287.4,3019.5,18.0,Open,SNS-002
TEL-001888,2026-05-26T15:17:51,SITE-006,Section E — Makueni Branch,381.4,1718.7,15.0,Open,SNS-004
TEL-001691,2026-05-23T13:26:21,KSM Terminal,Section B — Nairobi-Nakuru Spur,316.1,2812.5,30.4,Closed,SNS-011
TEL-003557,2026-06-25T08:28:47,SITE-007,Section E — Makueni Branch,316.0,4770.6,30.1,Partially Open,SNS-014
TEL-001765,2026-05-24T19:10:13,SITE-007,Section E — Makueni Branch,363.7,2838.8,28.2,Partially Open,SNS-005
TEL-002727,2026-06-11T00:10:15,SITE-005,Section A — Mombasa-Nairobi Main,252.0,2512.4,26.4,Open,SNS-007
TEL-003194,2026-06-18T14:27:17,SITE-001,Section B — Nairobi-Nakuru Spur,375.2,2534.0,22.0,Open,SNS-004
TEL-001808,2026-05-25T08:46:35,SITE-005,Section B — Nairobi-Nakuru Spur,,3864.9,26.6,Closed,SNS-004
TEL-003084,2026-06-16T17:54:37,SITE-001,Section F — Kisumu Terminal Link,850,3271.7,24.2,Open,SNS-014
TEL-003076,2026-06-16T15:32:58,SITE-003,Section A — Mombasa-Nairobi Main,382.3,3157.5,31.1,Open,SNS-006
TEL-000303,2026-04-28T13:09:26,SITE-005,Section E — Makueni Branch,362.8,2340.9,25.5,Open,SNS-007
TEL-004913,2026-07-20T04:39:03,SITE-001,Section F — Kisumu Terminal Link,482.1,2765.8,29.1,Open,SNS-001
TEL-003676,2026-06-27T22:44:52,SITE-007,Section A — Mombasa-Nairobi Main,389.2,2529.3,29.8,Closed,SNS-012
TEL-001582,2026-05-21T18:24:54,SITE-007,Section D — Sinendet Lateral,342.2,2110.8,31.2,Open,SNS-006
TEL-000085,2026-04-24T13:02:59,SITE-007,Section C — Nakuru-Eldoret Extension,200.0,1036.4,40.0,Partially Open,SNS-001
TEL-001285,2026-05-16T05:02:23,MSA Terminal,Section C — Nakuru-Eldoret Extension,341.0,2828.3,23.7,Open,SNS-005
TEL-004229,2026-07-07T19:23:00,SITE-007,Section F — Kisumu Terminal Link,439.2,3036.3,32.5,Open,SNS-009
TEL-001887,2026-05-26T14:47:25,SITE-003,Section E — Makueni Branch,200.0,3147.5,29.1,Closed,SNS-007
TEL-000122,2026-04-25T07:44:01,SITE-002,Section C — Nakuru-Eldoret Extension,387.2,3452.9,28.7,Open,SNS-011
TEL-002795,2026-06-12T09:09:07,SITE-005,Section B — Nairobi-Nakuru Spur,334.1,2538.2,44.0,Open,SNS-005
TEL-001518,2026-05-20T20:30:29,SITE-004,Section E — Makueni Branch,492.1,1911.9,34.5,Partially Open,SNS-001
TEL-000491,2026-05-01T18:58:13,SITE-003,Section F — Kisumu Terminal Link,287.6,2184.0,27.8,Partially Open,SNS-012
TEL-001880,2026-05-26T12:04:42,SITE-005,Section B — Nairobi-Nakuru Spur,450.1,3366.7,30.9,Open,SNS-005
TEL-001046,2026-05-11T18:41:38,SITE-006,Section C — Nakuru-Eldoret Extension,476.5,2230.3,26.6,Closed,SNS-002
TEL-004272,2026-07-08T14:48:21,SITE-002,Section E — Makueni Branch,382.1,3003.6,38.0,Open,SNS-006
TEL-004801,2026-07-18T07:32:34,nakuru depot,Section F — Kisumu Terminal Link,519.3,2334.6,36.0,Open,SNS-014
TEL-002321,2026-06-03T21:43:51,NKR Depot,Section C — Nakuru-Eldoret Extension,342.1,3698.0,42.8,Open,SNS-013
TEL-003699,2026-06-28T07:33:57,SITE-006,Section A — Mombasa-Nairobi Main,460.5,1847.1,35.2,Closed,SNS-014
TEL-004597,2026-07-14T15:39:54,SITE-004,Section C — Nakuru-Eldoret Extension,387.2,2551.9,31.6,Open,SNS-003
TEL-002782,2026-06-12T00:30:47,SITE-004,Section D — Sinendet Lateral,328.7,4318.9,34.8,Partially Open,SNS-005
TEL-003372,2026-06-22T03:09:53,SITE-006,Section E — Makueni Branch,451.2,4089.5,37.4,Open,SNS-006
TEL-004012,2026-07-03T16:06:59,SITE-007,Section A — Mombasa-Nairobi Main,291.9,3196.1,32.0,Open,SNS-011
TEL-001450,2026-05-19T15:36:13,SITE-002,Section F — Kisumu Terminal Link,255.8,3139.7,45.0,Partially Open,SNS-014
TEL-000371,2026-04-29T13:38:23,SITE-002,Section D — Sinendet Lateral,330.8,1000.0,37.2,Partially Open,SNS-007
TEL-001695,2026-05-23T15:08:26,SITE-003,Section A — Mombasa-Nairobi Main,439.4,3193.9,22.5,Partially Open,SNS-008
TEL-000648,2026-05-04T18:16:08,SITE-005,Section D — Sinendet Lateral,321.2,2951.9,23.9,Open,SNS-002
TEL-000379,2026-04-29T16:40:36,SITE-001,Section C — Nakuru-Eldoret Extension,378.3,2686.4,30.8,Open,SNS-005
TEL-004970,2026-07-21T11:58:24,SITE-005,Section C — Nakuru-Eldoret Extension,526.8,2821.6,32.5,Closed,SNS-003
TEL-003776,2026-06-29T16:06:57,Nakuru  Depot,Section B — Nairobi-Nakuru Spur,320.1,4512.3,33.3,Open,SNS-003
TEL-004256,2026-07-08T08:27:43,SITE-004,Section A — Mombasa-Nairobi Main,426.3,4996.9,31.3,Open,SNS-011
TEL-002997,2026-06-15T08:31:53,Kisumu  Terminal,Section E — Makueni Branch,426.6,3648.2,34.2,Closed,SNS-005
TEL-004100,2026-07-05T06:05:49,SITE-002,Section B — Nairobi-Nakuru Spur,452.6,3190.4,41.2,Closed,SNS-010
TEL-001078,2026-05-12T06:51:49,SITE-001,Section B — Nairobi-Nakuru Spur,396.0,2696.5,31.2,Partially Open,SNS-013
TEL-002088,2026-05-30T12:22:51,SITE-002,Section D — Sinendet Lateral,1150,3236.7,27.9,Closed,SNS-011
TEL-000712,2026-05-05T17:59:01,SITE-005,Section A — Mombasa-Nairobi Main,451.2,3587.5,26.0,Partially Open,SNS-006
TEL-000259,2026-04-27T12:38:54,SITE-002,Section A — Mombasa-Nairobi Main,478.9,2851.7,15.7,Open,SNS-004
TEL-001749,2026-05-24T14:13:08,SITE-007,Section B — Nairobi-Nakuru Spur,364.2,3436.6,34.8,Open,SNS-009
TEL-002769,2026-06-11T18:59:00,SITE-006,Section B — Nairobi-Nakuru Spur,452.6,2664.3,36.1,Closed,SNS-005
TEL-002358,2026-06-04T10:07:23,SITE-004,Section E — Makueni Branch,373.8,1917.6,29.6,Partially Open,SNS-010
TEL-001258,2026-05-15T13:56:09,SITE-002,Section C — Nakuru-Eldoret Extension,475.6,4487.2,28.1,Partially Open,SNS-004
TEL-000496,2026-05-01T22:43:28,SINENDET,Section B — Nairobi-Nakuru Spur,288.9,2825.9,33.0,Closed,SNS-010
TEL-004466,2026-07-12T09:52:18,SITE-003,Section F — Kisumu Terminal Link,419.7,3299.3,21.4,Partially Open,SNS-005
TEL-001260,2026-05-15T14:17:11,nakuru depot,Section B — Nairobi-Nakuru Spur,414.9,4072.9,25.6,Open,SNS-007
TEL-001324,2026-05-16T18:21:41,SITE-007,Section B — Nairobi-Nakuru Spur,347.1,2675.7,29.1,Open,SNS-009
TEL-000504,2026-05-02T02:16:53,SITE-001,Section C — Nakuru-Eldoret Extension,381.2,2907.0,27.4,Open,SNS-008
TEL-004502,2026-07-12T23:10:08,SITE-007,Section F — Kisumu Terminal Link,486.3,3017.4,38.0,Open,SNS-007
TEL-001096,2026-05-12T14:41:40,SITE-007,Section F — Kisumu Terminal Link,345.9,3778.7,29.2,Open,SNS-010
TEL-001189,2026-05-14T12:03:08,Kisumu term,Section F — Kisumu Terminal Link,405.8,2745.0,33.0,Closed,SNS-003
TEL-004287,2026-07-08T20:27:33,SITE-007,Section A — Mombasa-Nairobi Main,419.4,3696.4,35.9,Open,SNS-012
TEL-000166,2026-04-26T04:22:53,SITE-005,Section F — Kisumu Terminal Link,323.6,2327.4,18.8,Partially Open,SNS-013
TEL-001609,2026-05-22T03:47:49,NKR Depot,Section C — Nakuru-Eldoret Extension,432.5,3134.6,32.4,Closed,SNS-010
TEL-002304,2026-06-03T16:19:30,KISUMU,Section E — Makueni Branch,327.8,3488.3,31.6,Open,SNS-011
TEL-000432,2026-04-30T16:04:25,SITE-002,Section B — Nairobi-Nakuru Spur,412.8,3070.9,34.2,Closed,SNS-011
TEL-001902,2026-05-26T22:43:35,SITE-001,Section B — Nairobi-Nakuru Spur,258.9,3516.9,39.2,Closed,SNS-005
TEL-000974,2026-05-10T13:20:59,SITE-003,Section F — Kisumu Terminal Link,600.0,3054.6,32.2,Open,SNS-008
TEL-000925,2026-05-09T12:26:46,NAIROBI,Section B — Nairobi-Nakuru Spur,411.7,3321.0,35.7,Open,SNS-013
TEL-002429,2026-06-05T17:52:57,SITE-004,Section F — Kisumu Terminal Link,405.2,3188.3,32.6,Open,SNS-011
TEL-001872,2026-05-26T07:41:13,NAIROBI,Section D — Sinendet Lateral,384.3,4066.5,19.5,Open,SNS-007
TEL-002024,2026-05-29T14:12:08,Nairobi term,Section E — Makueni Branch,305.0,2925.1,34.9,Partially Open,SNS-012
TEL-000961,2026-05-10T04:30:23,SITE-005,Section A — Mombasa-Nairobi Main,416.2,3490.6,29.3,Closed,SNS-002
TEL-004954,2026-07-21T01:58:54,SITE-001,Section D — Sinendet Lateral,541.6,3855.4,29.1,Open,SNS-012
TEL-003780,2026-06-29T17:13:35,SITE-004,Section A — Mombasa-Nairobi Main,363.9,3291.8,29.6,Open,SNS-004
TEL-003100,2026-06-17T00:38:29,SITE-006,Section E — Makueni Branch,460.2,1750.5,39.3,Open,SNS-010
TEL-001990,2026-05-28T21:45:20,SITE-003,Section A — Mombasa-Nairobi Main,291.6,4025.8,29.8,Closed,SNS-007
TEL-001665,2026-05-23T02:35:41,SITE-002,Section D — Sinendet Lateral,469.2,3190.9,39.1,Closed,SNS-006
TEL-000150,2026-04-25T22:08:32,SITE-001,Section E — Makueni Branch,409.4,4627.0,27.0,Closed,SNS-004
TEL-004775,2026-07-17T18:13:18,SITE-003,Section B — Nairobi-Nakuru Spur,372.2,4582.3,18.5,Partially Open,SNS-010
TEL-004650,2026-07-15T14:23:34,SITE-005,Section D — Sinendet Lateral,301.1,3069.6,31.0,Closed,SNS-006
TEL-004111,2026-07-05T08:38:19,SITE-003,Section F — Kisumu Terminal Link,421.7,2412.6,30.0,Partially Open,SNS-012
TEL-004482,2026-07-12T13:44:14,SITE-002,Section B — Nairobi-Nakuru Spur,334.4,3649.2,24.2,Closed,SNS-008
TEL-001197,2026-05-14T14:59:42,Makueni PS,Section D — Sinendet Lateral,366.2,2492.8,27.0,Partially Open,SNS-012
TEL-001962,2026-05-28T03:53:23,SITE-003,Section E — Makueni Branch,528.8,4134.1,29.1,Open,SNS-007
TEL-000216,2026-04-26T21:35:13,mombasa terminal,Section F — Kisumu Terminal Link,353.5,3108.8,27.1,Open,SNS-014
TEL-001464,2026-05-19T19:58:10,SITE-003,Section C — Nakuru-Eldoret Extension,468.7,2733.7,29.5,Partially Open,SNS-008
TEL-000873,2026-05-08T13:37:30,SITE-005,Section B — Nairobi-Nakuru Spur,443.3,2399.9,38.5,Open,SNS-010
TEL-004884,2026-07-19T15:12:43,SITE-006,Section D — Sinendet Lateral,347.8,3751.8,23.8,Open,SNS-008
TEL-004807,2026-07-18T08:55:49,SITE-003,Section F — Kisumu Terminal Link,250.0,3129.1,30.7,Closed,SNS-006
TEL-003395,2026-06-22T12:00:04,SITE-004,Section F — Kisumu Terminal Link,498.3,2918.9,35.5,Open,SNS-007
TEL-002215,2026-06-02T03:21:41,SITE-006,Section D — Sinendet Lateral,488.9,2242.9,24.1,Closed,SNS-013
TEL-001654,2026-05-22T21:41:56,SITE-004,Section A — Mombasa-Nairobi Main,304.1,3418.4,37.4,Open,SNS-013
TEL-002697,2026-06-10T12:30:15,SITE-003,Section B — Nairobi-Nakuru Spur,357.6,2242.0,27.1,Open,SNS-004
TEL-000877,2026-05-08T15:09:40,SITE-006,Section A — Mombasa-Nairobi Main,436.3,3557.0,37.8,Closed,SNS-014
TEL-001606,2026-05-22T02:59:22,SITE-004,Section B — Nairobi-Nakuru Spur,348.8,3033.2,23.4,Partially Open,SNS-008
TEL-004278,2026-07-08T18:04:25,SITE-007,Section D — Sinendet Lateral,322.3,1863.9,31.7,Partially Open,SNS-014
TEL-000022,2026-04-23T11:35:48,SITE-003,Section D — Sinendet Lateral,370.3,2171.6,33.0,Partially Open,SNS-001
TEL-001437,2026-05-19T10:56:43,SITE-002,Section A — Mombasa-Nairobi Main,363.0,2854.0,27.5,Open,SNS-005
TEL-000305,2026-04-28T13:40:12,SITE-004,Section D — Sinendet Lateral,537.4,3525.3,30.8,Closed,SNS-007
TEL-004137,2026-07-05T20:14:13,nairobi terminal,Section D — Sinendet Lateral,311.2,2911.6,38.0,Open,SNS-001
TEL-003404,2026-06-22T15:26:00,Sinendet  Pump Station,Section F — Kisumu Terminal Link,423.7,2935.1,33.5,Closed,SNS-005
TEL-004912,2026-07-20T04:27:37,SITE-006,Section B — Nairobi-Nakuru Spur,388.2,2023.2,23.8,Open,SNS-003
TEL-000929,2026-05-09T15:34:12,SITE-003,Section D — Sinendet Lateral,408.9,,36.2,Open,SNS-010
TEL-000769,2026-05-06T18:39:26,SITE-001,Section F — Kisumu Terminal Link,200.0,3063.5,33.4,Open,SNS-005
TEL-002872,2026-06-13T14:00:28,SITE-007,Section B — Nairobi-Nakuru Spur,308.9,1775.3,37.0,Open,SNS-003
TEL-003647,2026-06-27T06:40:40,SITE-002,Section F — Kisumu Terminal Link,216.2,3031.3,29.3,Open,SNS-011
TEL-004549,2026-07-14T02:04:16,SITE-002,Section E — Makueni Branch,356.7,2892.4,22.8,Partially Open,SNS-012
TEL-000703,2026-05-05T12:36:52,SITE-002,Section A — Mombasa-Nairobi Main,328.8,1642.5,29.4,Open,SNS-014
TEL-001374,2026-05-17T21:36:43,ELDORET,Section B — Nairobi-Nakuru Spur,482.8,2842.5,18.6,Open,SNS-008
TEL-002029,2026-05-29T15:17:34,SITE-006,Section C — Nakuru-Eldoret Extension,245.3,2348.8,31.3,Open,SNS-010
TEL-004279,2026-07-08T18:18:11,SITE-007,Section D — Sinendet Lateral,430.9,2627.4,26.7,Closed,SNS-003
TEL-004249,2026-07-08T04:27:25,SITE-001,Section D — Sinendet Lateral,,3533.8,29.0,Partially Open,SNS-003
TEL-002915,2026-06-14T07:35:54,SITE-001,Section C — Nakuru-Eldoret Extension,488.6,3673.3,30.1,Open,SNS-013
TEL-002862,2026-06-13T11:04:31,SITE-002,Section E — Makueni Branch,457.4,3345.4,24.8,Open,SNS-012
TEL-001648,2026-05-22T19:57:45,SITE-001,Section D — Sinendet Lateral,556.3,2469.7,31.0,Open,SNS-002
TEL-001383,2026-05-18T01:48:43,SITE-002,Section A — Mombasa-Nairobi Main,360.5,3750.9,35.0,Closed,SNS-008
TEL-000791,2026-05-07T06:22:29,SITE-007,Section C — Nakuru-Eldoret Extension,389.2,1680.9,36.5,Closed,SNS-012
TEL-003618,2026-06-26T17:40:42,NRB Terminal,Section F — Kisumu Terminal Link,324.1,2741.5,30.4,Open,SNS-010
TEL-000339,2026-04-29T02:38:06,SITE-005,Section D — Sinendet Lateral,364.3,2104.1,31.7,Open,SNS-007
TEL-003215,2026-06-18T20:49:32,SITE-005,Section C — Nakuru-Eldoret Extension,303.4,3117.9,23.1,Open,SNS-009
TEL-004121,2026-07-05T11:35:05,SITE-002,Section E — Makueni Branch,355.1,2847.6,35.0,Closed,SNS-002
TEL-004965,2026-07-21T07:43:59,Eldoret term,Section F — Kisumu Terminal Link,351.0,2773.1,18.0,Closed,SNS-013
TEL-000281,2026-04-27T22:53:41,Sinendet PS,Section F — Kisumu Terminal Link,298.7,1688.7,34.7,Partially Open,SNS-006
TEL-003802,2026-06-30T04:02:42,SITE-006,Section C — Nakuru-Eldoret Extension,439.3,2974.6,33.5,Partially Open,SNS-005
TEL-001178,2026-05-14T07:13:15,SITE-007,Section E — Makueni Branch,479.5,2104.9,28.9,Partially Open,SNS-003
TEL-001344,2026-05-17T04:38:22,SITE-004,Section E — Makueni Branch,497.9,4428.1,28.3,Partially Open,SNS-013
TEL-002599,2026-06-08T18:14:53,SITE-005,Section D — Sinendet Lateral,340.7,4146.3,21.6,Closed,SNS-009
TEL-001454,2026-05-19T16:57:59,SITE-007,Section D — Sinendet Lateral,378.3,4146.0,28.9,Open,SNS-007
TEL-001498,2026-05-20T10:13:20,SITE-001,Section F — Kisumu Terminal Link,434.5,2489.3,38.3,Open,SNS-006
TEL-002252,2026-06-02T17:53:52,SITE-002,Section E — Makueni Branch,428.0,3362.9,22.6,Open,SNS-005
TEL-004735,2026-07-17T02:59:52,SITE-001,Section C — Nakuru-Eldoret Extension,343.4,3295.6,19.9,Partially Open,SNS-012
TEL-001051,2026-05-11T20:53:39,SITE-007,Section A — Mombasa-Nairobi Main,327.3,2244.1,30.4,Open,SNS-007
TEL-002129,2026-05-31T05:59:58,SITE-003,Section A — Mombasa-Nairobi Main,541.2,2423.5,,Partially Open,SNS-006
TEL-003056,2026-06-16T09:01:38,SITE-003,Section E — Makueni Branch,394.9,3572.5,35.1,Open,SNS-006
TEL-004033,2026-07-03T22:55:48,SITE-002,Section E — Makueni Branch,332.5,4527.4,15.3,Closed,SNS-005
TEL-001530,2026-05-21T02:56:11,SITE-006,Section D — Sinendet Lateral,497.6,3484.2,23.1,Open,SNS-003
TEL-004108,2026-07-05T08:05:53,SITE-003,Section C — Nakuru-Eldoret Extension,328.0,2478.2,29.1,Closed,SNS-011
TEL-002379,2026-06-04T20:37:10,SITE-004,Section F — Kisumu Terminal Link,266.9,3396.3,42.3,Open,SNS-008
TEL-003887,2026-07-01T15:09:06,SITE-001,Section A — Mombasa-Nairobi Main,330.7,3071.7,20.5,Open,SNS-007
TEL-000864,2026-05-08T09:39:31,SITE-003,Section A — Mombasa-Nairobi Main,340.2,2106.2,31.1,Closed,SNS-005
TEL-003316,2026-06-21T01:53:17,SITE-007,Section A — Mombasa-Nairobi Main,390.4,2718.0,39.1,Closed,SNS-010
TEL-002348,2026-06-04T07:16:35,SITE-004,Section B — Nairobi-Nakuru Spur,510.1,3999.2,28.8,Closed,SNS-011
TEL-000218,2026-04-26T22:47:52,Thange section,Section E — Makueni Branch,434.6,2894.7,18.5,Partially Open,SNS-008
TEL-003472,2026-06-24T03:53:48,SITE-007,Section C — Nakuru-Eldoret Extension,434.0,2333.5,33.3,Partially Open,SNS-006
TEL-000731,2026-05-06T00:55:58,SITE-003,Section F — Kisumu Terminal Link,236.0,1000.0,32.8,Closed,SNS-001
TEL-001165,2026-05-14T03:42:21,SITE-001,Section B — Nairobi-Nakuru Spur,303.4,1453.8,27.9,Open,SNS-008
TEL-002078,2026-05-30T09:27:26,SITE-006,Section C — Nakuru-Eldoret Extension,282.0,2186.1,23.8,Closed,SNS-008
TEL-004390,2026-07-10T21:36:55,SITE-003,Section A — Mombasa-Nairobi Main,368.3,3671.8,35.5,Closed,SNS-008
TEL-000457,2026-05-01T04:46:03,SITE-007,Section A — Mombasa-Nairobi Main,320.1,3187.7,28.6,Partially Open,SNS-011
TEL-000341,2026-04-29T04:02:02,SITE-001,Section F — Kisumu Terminal Link,316.5,2145.5,39.9,Open,SNS-002
TEL-004874,2026-07-19T09:55:12,SITE-003,Section F — Kisumu Terminal Link,457.0,2632.2,37.5,Open,SNS-009
TEL-004748,2026-07-17T07:08:26,Makueni PS,Section F — Kisumu Terminal Link,363.6,1819.9,41.8,Closed,SNS-010
TEL-002301,2026-06-03T13:48:14,SITE-005,Section A — Mombasa-Nairobi Main,348.3,3468.6,27.4,Partially Open,SNS-003
TEL-002452,2026-06-06T03:12:45,KSM Terminal,Section C — Nakuru-Eldoret Extension,318.8,3814.6,31.6,Open,SNS-014
TEL-002733,2026-06-11T05:34:02,SITE-007,Section B — Nairobi-Nakuru Spur,280.6,3408.7,25.0,Open,SNS-005
TEL-004494,2026-07-12T19:09:59,Kibwezi,Section F — Kisumu Terminal Link,298.5,4479.2,36.8,Closed,SNS-007
TEL-001152,2026-05-13T20:54:53,SITE-003,Section E — Makueni Branch,330.8,3197.1,32.2,Open,SNS-004
TEL-002036,2026-05-29T17:20:29,SITE-006,Section A — Mombasa-Nairobi Main,285.1,1722.8,33.9,Open,SNS-006
TEL-001103,2026-05-12T18:47:14,SITE-003,Section F — Kisumu Terminal Link,381.5,1887.3,38.2,Open,SNS-010
TEL-003723,2026-06-28T15:54:40,ELDORET,Section C — Nakuru-Eldoret Extension,261.6,3293.5,29.3,Closed,SNS-003
TEL-001964,2026-05-28T04:37:38,SITE-004,Section F — Kisumu Terminal Link,350.0,3417.9,35.1,Closed,SNS-012
TEL-003190,2026-06-18T13:44:38,SITE-003,Section D — Sinendet Lateral,298.3,2808.9,29.1,Closed,SNS-009
TEL-004068,2026-07-04T14:37:34,Nairobi  Terminal,Section E — Makueni Branch,379.1,3163.7,26.5,Open,SNS-001
TEL-003936,2026-07-02T09:59:13,SITE-003,Section F — Kisumu Terminal Link,431.2,2160.0,29.6,Closed,SNS-004
TEL-004784,2026-07-17T23:27:02,makueni pipeline,Section F — Kisumu Terminal Link,482.8,1650.9,31.8,Open,SNS-003
TEL-004446,2026-07-11T23:34:12,SITE-007,Section E — Makueni Branch,334.1,3949.1,29.7,Open,SNS-009
TEL-001265,2026-05-15T17:04:20,SITE-007,Section B — Nairobi-Nakuru Spur,448.0,2517.3,23.3,Open,SNS-010
TEL-004258,2026-07-08T08:57:14,SITE-007,Section B — Nairobi-Nakuru Spur,499.5,2227.4,41.8,Open,SNS-005
TEL-002536,2026-06-07T15:04:02,SITE-002,Section D — Sinendet Lateral,487.1,3557.9,18.0,Partially Open,SNS-007
TEL-003184,2026-06-18T11:38:55,SITE-006,Section A — Mombasa-Nairobi Main,382.3,3934.0,32.6,Open,SNS-003
TEL-002863,2026-06-13T11:41:42,SITE-004,Section B — Nairobi-Nakuru Spur,389.6,2449.2,28.2,Closed,SNS-011
TEL-004592,2026-07-14T13:33:52,SITE-006,Section F — Kisumu Terminal Link,386.6,2515.6,43.3,Closed,SNS-008
TEL-003195,2026-06-18T14:33:59,SITE-001,Section F — Kisumu Terminal Link,457.2,2713.0,29.7,Open,SNS-013
TEL-003972,2026-07-03T00:08:31,SITE-001,Section F — Kisumu Terminal Link,345.5,2410.1,31.9,Open,SNS-002
TEL-003680,2026-06-28T00:24:00,SITE-004,Section F — Kisumu Terminal Link,392.4,2365.5,29.1,Closed,SNS-014
TEL-004546,2026-07-14T00:29:10,SITE-007,Section A — Mombasa-Nairobi Main,435.6,3831.2,29.0,Partially Open,SNS-003
TEL-002674,2026-06-10T04:08:06,SITE-006,Section B — Nairobi-Nakuru Spur,453.5,3579.3,30.1,Open,SNS-002
TEL-001812,2026-05-25T09:13:12,makueni section,Section A — Mombasa-Nairobi Main,293.6,2264.9,16.2,Partially Open,SNS-013
TEL-001325,2026-05-16T19:05:24,SITE-007,Section E — Makueni Branch,472.9,2798.8,39.7,Closed,SNS-014
TEL-002023,2026-05-29T14:04:55,Nairobi  Terminal,Section E — Makueni Branch,446.6,3719.1,32.4,Open,SNS-007
TEL-002680,2026-06-10T08:06:28,SITE-004,Section C — Nakuru-Eldoret Extension,480.8,4488.3,39.4,Closed,SNS-007
TEL-003443,2026-06-23T12:47:02,SITE-006,Section D — Sinendet Lateral,397.3,2108.6,20.3,Closed,SNS-014
TEL-003295,2026-06-20T15:20:32,SITE-004,Section C — Nakuru-Eldoret Extension,460.0,2949.4,20.9,Closed,SNS-007
TEL-000659,2026-05-04T21:26:55,SITE-004,Section D — Sinendet Lateral,424.3,2446.2,21.6,Closed,SNS-013
TEL-004154,2026-07-06T06:22:02,SITE-005,Section A — Mombasa-Nairobi Main,496.9,2544.1,28.3,Closed,SNS-013
TEL-004076,2026-07-04T20:06:26,SITE-007,Section E — Makueni Branch,454.6,3516.4,27.1,Open,SNS-003
TEL-004332,2026-07-09T19:11:47,SITE-005,Section E — Makueni Branch,425.2,1460.2,16.8,Closed,SNS-006
TEL-002579,2026-06-08T09:26:47,SITE-003,Section B — Nairobi-Nakuru Spur,301.4,3455.0,32.7,Closed,SNS-012
TEL-000297,2026-04-28T09:04:03,SITE-003,Section E — Makueni Branch,476.0,2752.1,45.0,Closed,SNS-010
TEL-001438,2026-05-19T10:57:23,SITE-004,Section C — Nakuru-Eldoret Extension,425.1,3825.5,25.2,Partially Open,SNS-011
TEL-004772,2026-07-17T17:26:35,nairobi terminal,Section A — Mombasa-Nairobi Main,382.0,2606.9,32.0,Open,SNS-007
TEL-002777,2026-06-11T23:01:38,SITE-004,Section A — Mombasa-Nairobi Main,420.1,2605.2,31.9,Open,SNS-012
TEL-003026,2026-06-15T20:05:51,SITE-006,Section A — Mombasa-Nairobi Main,542.9,1990.5,22.6,Open,SNS-001
TEL-000917,2026-05-09T03:26:22,SITE-006,Section F — Kisumu Terminal Link,340.4,2864.9,22.4,Open,SNS-010
TEL-003682,2026-06-28T01:08:38,SITE-001,Section C — Nakuru-Eldoret Extension,483.8,1118.8,24.9,Partially Open,SNS-002
TEL-001952,2026-05-27T23:43:49,NAKURU,Section A — Mombasa-Nairobi Main,280.1,2472.5,34.4,Closed,SNS-008
TEL-001192,2026-05-14T12:55:49,SITE-005,Section B — Nairobi-Nakuru Spur,600.0,2875.5,22.6,Closed,SNS-010
TEL-003754,2026-06-29T06:41:21,SITE-003,Section B — Nairobi-Nakuru Spur,434.3,3458.7,30.9,Open,SNS-002
TEL-003399,2026-06-22T13:00:34,SITE-003,Section D — Sinendet Lateral,356.6,3353.1,36.0,Open,SNS-001
TEL-003954,2026-07-02T17:46:54,SITE-003,Section F — Kisumu Terminal Link,375.6,1302.1,19.9,Closed,SNS-006
TEL-003435,2026-06-23T07:50:49,SITE-003,Section E — Makueni Branch,244.6,3400.8,32.1,Partially Open,SNS-005
TEL-003980,2026-07-03T02:21:06,SITE-006,Section E — Makueni Branch,480.3,4479.9,38.6,Open,SNS-002
TEL-003078,2026-06-16T15:47:54,SITE-005,Section F — Kisumu Terminal Link,464.8,1433.7,31.4,Closed,SNS-002
TEL-000018,2026-04-23T09:44:21,SINENDET,Section B — Nairobi-Nakuru Spur,459.9,1579.9,22.5,Closed,SNS-007
TEL-002287,2026-06-03T09:27:24,Nairobi  Terminal,Section A — Mombasa-Nairobi Main,296.7,1473.4,32.6,Open,SNS-008
TEL-001775,2026-05-24T22:30:57,SITE-006,Section A — Mombasa-Nairobi Main,390.7,2459.4,22.5,Closed,SNS-001
TEL-004227,2026-07-07T18:42:48,SITE-007,Section F — Kisumu Terminal Link,479.4,2608.0,29.3,Open,SNS-009
TEL-003337,2026-06-21T10:41:19,SITE-004,Section F — Kisumu Terminal Link,414.9,3328.1,30.9,Partially Open,SNS-006
TEL-002336,2026-06-04T02:09:14,SITE-005,Section B — Nairobi-Nakuru Spur,406.5,3322.1,34.0,Closed,SNS-001
TEL-004814,2026-07-18T11:40:39,SITE-005,Section F — Kisumu Terminal Link,541.6,2977.0,27.3,Partially Open,SNS-012
TEL-003244,2026-06-19T13:02:55,SITE-001,Section D — Sinendet Lateral,521.6,2137.3,36.7,Partially Open,SNS-001
TEL-000164,2026-04-26T03:22:32,MAKUENI,Section C — Nakuru-Eldoret Extension,369.3,3513.4,34.5,Closed,SNS-005
TEL-002751,2026-06-11T13:30:21,SITE-001,Section D — Sinendet Lateral,402.4,3111.4,36.1,Closed,SNS-011
TEL-003664,2026-06-27T14:28:14,SITE-002,Section C — Nakuru-Eldoret Extension,203.4,1953.3,31.0,Open,SNS-002
TEL-003203,2026-06-18T17:03:52,SITE-007,Section A — Mombasa-Nairobi Main,600.0,3790.8,36.3,Closed,SNS-002
TEL-004689,2026-07-16T07:31:00,SITE-005,Section D — Sinendet Lateral,388.1,3805.0,15.0,Open,SNS-001
TEL-002337,2026-06-04T03:32:06,sinendet pump,Section C — Nakuru-Eldoret Extension,223.8,1412.6,28.6,Open,SNS-006
TEL-004413,2026-07-11T07:09:16,SITE-004,Section C — Nakuru-Eldoret Extension,311.4,2628.0,34.5,Closed,SNS-010
TEL-000939,2026-05-09T20:04:17,sinendet pump,Section F — Kisumu Terminal Link,452.2,2902.3,36.9,Closed,SNS-008
TEL-004927,2026-07-20T09:33:56,SITE-005,Section F — Kisumu Terminal Link,260.9,2709.6,33.8,Open,SNS-014
TEL-002565,2026-06-08T01:52:06,SITE-001,Section C — Nakuru-Eldoret Extension,299.1,2858.2,34.9,Open,SNS-010
TEL-002065,2026-05-30T03:32:27,SITE-001,Section C — Nakuru-Eldoret Extension,458.1,4495.0,32.0,Closed,SNS-003
TEL-003506,2026-06-24T15:18:57,SITE-004,Section C — Nakuru-Eldoret Extension,357.2,2350.7,33.2,Open,SNS-007
TEL-000378,2026-04-29T16:39:44,SITE-001,Section F — Kisumu Terminal Link,270.1,2974.2,25.1,Partially Open,SNS-001
TEL-001306,2026-05-16T13:04:33,SITE-007,Section F — Kisumu Terminal Link,460.2,4167.6,26.0,Open,SNS-004
TEL-001147,2026-05-13T19:29:35,SITE-004,Section D — Sinendet Lateral,318.7,3741.5,36.3,Open,SNS-003
TEL-004004,2026-07-03T13:43:31,SITE-001,Section E — Makueni Branch,452.7,2018.5,35.1,Partially Open,SNS-001
TEL-001937,2026-05-27T16:30:10,SITE-006,Section B — Nairobi-Nakuru Spur,450.6,2883.5,37.8,Open,SNS-002
TEL-003146,2026-06-17T20:50:47,SITE-007,Section A — Mombasa-Nairobi Main,314.8,2746.6,30.2,Partially Open,SNS-014
TEL-000364,2026-04-29T11:04:29,SITE-003,Section E — Makueni Branch,386.4,2718.7,24.8,Open,SNS-014
TEL-002978,2026-06-15T02:56:43,SITE-004,Section B — Nairobi-Nakuru Spur,200.0,3597.7,31.8,Open,SNS-008
TEL-002117,2026-05-30T22:20:47,SITE-006,Section A — Mombasa-Nairobi Main,435.5,1773.8,38.1,Closed,SNS-014
TEL-000175,2026-04-26T06:44:55,SITE-006,Section C — Nakuru-Eldoret Extension,337.3,3214.2,29.1,Open,SNS-001
TEL-003278,2026-06-20T06:43:52,SITE-001,Section F — Kisumu Terminal Link,502.4,3061.9,25.9,Open,SNS-008
TEL-004946,2026-07-20T20:56:38,SITE-002,Section D — Sinendet Lateral,440.1,3959.7,27.2,Open,SNS-009
TEL-001972,2026-05-28T10:06:45,SITE-001,Section B — Nairobi-Nakuru Spur,542.4,2599.7,38.5,Closed,SNS-012
TEL-002204,2026-06-01T20:34:58,SITE-001,Section A — Mombasa-Nairobi Main,303.5,3535.2,20.6,Open,SNS-009
TEL-003351,2026-06-21T17:24:20,SITE-007,Section D — Sinendet Lateral,430.4,2133.3,30.5,Closed,SNS-002
TEL-000373,2026-04-29T14:27:31,SITE-002,Section F — Kisumu Terminal Link,378.5,2051.1,35.7,Open,SNS-002
TEL-001336,2026-05-16T23:11:03,SITE-006,Section B — Nairobi-Nakuru Spur,347.3,3466.2,28.9,Open,SNS-003
TEL-004566,2026-07-14T07:13:22,SITE-004,Section F — Kisumu Terminal Link,286.4,2290.5,19.5,Closed,SNS-011
TEL-003409,2026-06-22T17:48:42,SITE-001,Section C — Nakuru-Eldoret Extension,342.2,4803.1,35.2,Open,SNS-002
TEL-001117,2026-05-13T00:37:42,SITE-004,Section C — Nakuru-Eldoret Extension,389.4,3203.0,21.4,Closed,SNS-014
TEL-001241,2026-05-15T09:20:51,SITE-004,Section B — Nairobi-Nakuru Spur,395.4,4511.9,23.8,Open,SNS-008
TEL-001214,2026-05-14T21:48:20,SITE-006,Section C — Nakuru-Eldoret Extension,443.2,3970.6,35.4,Closed,SNS-009
TEL-000611,2026-05-04T01:22:07,Eldoret term,Section B — Nairobi-Nakuru Spur,480.5,4059.3,31.8,Open,SNS-005
TEL-002794,2026-06-12T09:01:48,SITE-001,Section D — Sinendet Lateral,529.3,2686.3,25.8,Closed,SNS-010
TEL-002025,2026-05-29T14:16:04,SITE-006,Section B — Nairobi-Nakuru Spur,458.0,3374.9,29.1,Partially Open,SNS-006
TEL-004168,2026-07-06T10:16:35,SITE-004,Section D — Sinendet Lateral,343.1,3775.5,27.1,Open,SNS-007
TEL-002343,2026-06-04T05:46:17,SITE-005,Section E — Makueni Branch,391.9,2868.2,29.7,Closed,SNS-004
TEL-001817,2026-05-25T12:13:10,SITE-004,Section E — Makueni Branch,451.9,3924.2,36.6,Open,SNS-002
TEL-002495,2026-06-06T20:10:22,NAIROBI,Section C — Nakuru-Eldoret Extension,403.5,2600.0,28.7,Partially Open,SNS-007
TEL-002784,2026-06-12T01:09:04,NAIROBI,Section E — Makueni Branch,565.7,3902.3,23.9,Closed,SNS-013
TEL-000657,2026-05-04T21:16:14,SITE-001,Section B — Nairobi-Nakuru Spur,392.2,1000.0,17.4,Open,SNS-010
TEL-002450,2026-06-06T02:27:07,SITE-004,Section F — Kisumu Terminal Link,269.0,4717.8,26.0,Open,SNS-007
TEL-001292,2026-05-16T06:16:42,SITE-005,Section A — Mombasa-Nairobi Main,323.5,3439.1,36.0,Closed,SNS-010
TEL-002370,2026-06-04T18:50:19,SITE-004,Section A — Mombasa-Nairobi Main,437.8,3753.9,27.6,Open,SNS-014
TEL-004475,2026-07-12T11:55:13,SITE-007,Section A — Mombasa-Nairobi Main,366.5,3138.3,25.1,Partially Open,SNS-010
TEL-003332,2026-06-21T09:00:01,SITE-007,Section E — Makueni Branch,346.4,2228.4,21.1,Closed,SNS-001
TEL-000158,2026-04-26T02:02:12,SITE-002,Section C — Nakuru-Eldoret Extension,377.1,4114.0,33.8,Closed,SNS-007
TEL-003290,2026-06-20T13:22:10,SITE-003,Section D — Sinendet Lateral,326.7,3900.4,30.3,Open,SNS-002
TEL-004420,2026-07-11T10:38:23,SITE-003,Section C — Nakuru-Eldoret Extension,382.9,2650.3,24.2,Closed,SNS-007
TEL-001504,2026-05-20T14:35:31,SITE-004,Section F — Kisumu Terminal Link,467.1,2644.5,31.4,Closed,SNS-011
TEL-003695,2026-06-28T05:21:47,SITE-003,Section A — Mombasa-Nairobi Main,375.0,2716.7,36.3,Open,SNS-013
TEL-004142,2026-07-05T22:14:36,SITE-005,Section E — Makueni Branch,267.8,4363.7,30.6,Open,SNS-004
TEL-004338,2026-07-10T00:05:21,SITE-004,Section F — Kisumu Terminal Link,371.2,3525.4,30.4,Partially Open,SNS-012
TEL-002788,2026-06-12T05:36:38,SITE-002,Section A — Mombasa-Nairobi Main,486.3,4131.0,24.6,Closed,SNS-011
TEL-004990,2026-07-21T20:03:40,SITE-006,Section F — Kisumu Terminal Link,466.1,4221.0,33.0,Open,SNS-007
TEL-003327,2026-06-21T07:48:55,SITE-004,Section F — Kisumu Terminal Link,211.9,2982.3,33.2,Open,SNS-012
TEL-004766,2026-07-17T15:37:15,SITE-006,Section C — Nakuru-Eldoret Extension,434.7,2214.2,35.2,Closed,SNS-002
TEL-003432,2026-06-23T04:41:15,SITE-001,Section E — Makueni Branch,314.3,4656.6,20.0,Open,SNS-003
TEL-002971,2026-06-15T01:05:37,SITE-006,Section D — Sinendet Lateral,471.2,2310.0,15.1,Open,SNS-009
TEL-001849,2026-05-26T00:07:02,SITE-006,Section B — Nairobi-Nakuru Spur,337.6,3269.2,23.4,Partially Open,SNS-005
TEL-001440,2026-05-19T11:32:44,SITE-002,Section B — Nairobi-Nakuru Spur,506.5,4159.6,36.7,Partially Open,SNS-003
TEL-004868,2026-07-19T06:28:27,SITE-005,Section A — Mombasa-Nairobi Main,333.1,3966.5,29.4,Open,SNS-005
TEL-002897,2026-06-13T23:50:11,SITE-005,Section B — Nairobi-Nakuru Spur,332.9,3796.6,33.8,Closed,SNS-013
TEL-004724,2026-07-16T21:33:02,SITE-005,Section D — Sinendet Lateral,430.8,3104.8,25.1,Partially Open,SNS-005
TEL-000833,2026-05-07T19:57:29,SITE-005,Section E — Makueni Branch,423.7,3193.8,15.0,Open,SNS-001
TEL-002500,2026-06-06T21:44:38,SITE-004,Section D — Sinendet Lateral,369.7,2902.6,31.8,Open,SNS-007
TEL-002605,2026-06-08T22:43:46,SITE-004,Section A — Mombasa-Nairobi Main,472.7,2533.7,32.2,Partially Open,SNS-014
TEL-003309,2026-06-20T22:19:17,SITE-001,Section D — Sinendet Lateral,367.0,3075.9,32.9,Closed,SNS-001
TEL-003808,2026-06-30T05:56:29,SITE-003,Section F — Kisumu Terminal Link,423.1,3242.6,22.8,Open,SNS-006
TEL-004047,2026-07-04T06:49:37,SITE-004,Section B — Nairobi-Nakuru Spur,431.5,3353.9,42.1,Closed,SNS-002
TEL-001014,2026-05-11T03:12:46,SITE-001,Section F — Kisumu Terminal Link,398.6,3240.6,23.7,Closed,SNS-009
TEL-000506,2026-05-02T02:43:36,nakuru depot,Section B — Nairobi-Nakuru Spur,486.7,3263.1,19.5,Open,SNS-007
TEL-004044,2026-07-04T03:33:49,SITE-005,Section E — Makueni Branch,394.7,4231.7,,Open,SNS-003
TEL-003116,2026-06-17T09:52:28,SITE-004,Section C — Nakuru-Eldoret Extension,476.6,2280.4,25.5,Partially Open,SNS-008
TEL-004280,2026-07-08T18:51:24,SITE-002,Section C — Nakuru-Eldoret Extension,438.9,3752.0,29.6,Open,SNS-005
TEL-003159,2026-06-18T03:00:34,SITE-005,Section B — Nairobi-Nakuru Spur,850,4461.4,31.6,Open,SNS-003
TEL-001835,2026-05-25T18:45:29,SITE-004,Section B — Nairobi-Nakuru Spur,379.5,2562.8,34.9,Closed,SNS-009
TEL-002241,2026-06-02T12:41:49,kisumu terminal,Section D — Sinendet Lateral,473.7,2785.5,31.9,Partially Open,SNS-001
TEL-000713,2026-05-05T18:12:54,SITE-005,Section A — Mombasa-Nairobi Main,492.4,2069.1,27.7,Closed,SNS-010
TEL-001301,2026-05-16T09:58:25,SITE-001,Section D — Sinendet Lateral,348.1,3325.5,24.7,Closed,SNS-011
TEL-004299,2026-07-09T01:09:50,SITE-002,Section A — Mombasa-Nairobi Main,505.9,3248.9,30.0,Closed,SNS-011
TEL-004296,2026-07-09T00:13:28,SITE-007,Section A — Mombasa-Nairobi Main,414.5,3158.5,26.7,Closed,SNS-002
TEL-000688,2026-05-05T05:33:53,SITE-002,Section F — Kisumu Terminal Link,382.0,2424.4,20.4,Closed,SNS-004
TEL-004696,2026-07-16T09:41:09,SITE-006,Section C — Nakuru-Eldoret Extension,461.1,2085.1,36.1,Open,SNS-014
TEL-002189,2026-06-01T13:01:04,SITE-006,Section D — Sinendet Lateral,487.0,1486.9,17.3,Open,SNS-004
TEL-003168,2026-06-18T05:47:37,SITE-002,Section A — Mombasa-Nairobi Main,266.3,4199.3,22.3,Open,SNS-006
TEL-003466,2026-06-24T00:47:25,ELD Terminal,Section A — Mombasa-Nairobi Main,494.9,1963.8,37.8,Open,SNS-013
TEL-003745,2026-06-29T03:09:56,SITE-007,Section E — Makueni Branch,388.7,2718.4,21.2,Partially Open,SNS-005
TEL-004068,2026-07-04T14:37:34,Nairobi  Terminal,Section E — Makueni Branch,379.1,3163.7,26.5,Open,SNS-001
TEL-003604,2026-06-26T12:15:19,SITE-004,Section C — Nakuru-Eldoret Extension,310.0,2809.3,19.4,Partially Open,SNS-002
TEL-001409,2026-05-18T18:20:56,SITE-003,Section B — Nairobi-Nakuru Spur,384.2,3570.5,29.4,Open,SNS-007
TEL-004352,2026-07-10T05:09:57,SITE-006,Section A — Mombasa-Nairobi Main,433.8,2717.0,27.2,Partially Open,SNS-001
TEL-001407,2026-05-18T17:39:52,Mombasa term,Section C — Nakuru-Eldoret Extension,351.1,3638.5,19.7,Partially Open,SNS-013
TEL-000716,2026-05-05T18:25:57,SITE-002,Section F — Kisumu Terminal Link,403.0,3868.3,28.2,Open,SNS-014
TEL-002584,2026-06-08T12:14:39,SITE-007,Section A — Mombasa-Nairobi Main,478.1,1494.9,27.6,Open,SNS-012
TEL-002052,2026-05-29T23:06:11,SITE-004,Section C — Nakuru-Eldoret Extension,415.9,4238.5,22.0,Closed,SNS-009
TEL-003485,2026-06-24T07:40:00,SITE-006,Section A — Mombasa-Nairobi Main,327.5,3534.6,28.8,Open,SNS-004
TEL-002005,2026-05-29T07:04:17,SITE-003,Section C — Nakuru-Eldoret Extension,376.8,3802.9,38.4,Closed,SNS-007
TEL-002507,2026-06-07T00:33:04,SITE-004,Section D — Sinendet Lateral,850,3259.4,34.6,Open,SNS-012
TEL-000577,2026-05-03T10:11:13,KSM Terminal,Section B — Nairobi-Nakuru Spur,385.2,3420.1,29.5,Open,SNS-012
TEL-001398,2026-05-18T11:25:01,SITE-007,Section E — Makueni Branch,385.9,2145.7,15.1,Closed,SNS-005
TEL-001102,2026-05-12T17:45:57,SITE-001,Section C — Nakuru-Eldoret Extension,444.2,2395.5,23.0,Open,SNS-013
TEL-004994,2026-07-21T20:58:00,SITE-005,Section F — Kisumu Terminal Link,509.3,2309.7,32.4,Closed,SNS-002
TEL-000115,2026-04-25T04:45:18,SITE-005,Section A — Mombasa-Nairobi Main,393.0,2084.0,27.9,Open,SNS-008
TEL-001804,2026-05-25T08:04:12,SITE-007,Section C — Nakuru-Eldoret Extension,487.8,4258.8,33.0,Partially Open,SNS-002
TEL-001655,2026-05-22T22:28:30,SITE-006,Section F — Kisumu Terminal Link,323.8,2023.5,21.1,Partially Open,SNS-001
TEL-000580,2026-05-03T10:39:05,SITE-006,Section D — Sinendet Lateral,382.9,,19.5,Closed,SNS-014
TEL-002865,2026-06-13T12:15:09,SITE-007,Section B — Nairobi-Nakuru Spur,455.1,1387.4,31.1,Closed,SNS-001
TEL-000394,2026-04-29T23:06:46,SITE-003,Section E — Makueni Branch,393.0,1479.9,27.8,Closed,SNS-002
TEL-001834,2026-05-25T18:27:55,SITE-005,Section F — Kisumu Terminal Link,471.7,2314.8,34.0,Open,SNS-013
TEL-000641,2026-05-04T15:18:23,SITE-004,Section C — Nakuru-Eldoret Extension,334.2,2887.5,36.6,Partially Open,SNS-007
TEL-003911,2026-07-02T00:40:10,SITE-005,Section B — Nairobi-Nakuru Spur,590.2,1905.3,39.2,Open,SNS-002
TEL-000515,2026-05-02T05:44:13,SITE-001,Section F — Kisumu Terminal Link,281.5,2338.7,27.2,Closed,SNS-014
TEL-001441,2026-05-19T11:47:34,SITE-002,Section E — Makueni Branch,363.5,2410.1,37.0,Open,SNS-013
TEL-003921,2026-07-02T04:27:24,SITE-007,Section B — Nairobi-Nakuru Spur,513.8,2297.0,39.8,Closed,SNS-007
TEL-003519,2026-06-24T18:57:48,SITE-006,Section B — Nairobi-Nakuru Spur,333.7,3875.5,37.1,Closed,SNS-003
TEL-000860,2026-05-08T06:38:00,SITE-006,Section E — Makueni Branch,229.1,2568.9,25.6,Open,SNS-003
TEL-002499,2026-06-06T21:39:20,SITE-006,Section F — Kisumu Terminal Link,466.9,2926.9,34.8,Open,SNS-006
TEL-001767,2026-05-24T19:23:13,SITE-002,Section C — Nakuru-Eldoret Extension,431.5,3212.5,25.2,Open,SNS-006
TEL-004898,2026-07-20T01:20:55,SITE-007,Section F — Kisumu Terminal Link,532.9,2206.2,17.9,Open,SNS-004
TEL-003248,2026-06-19T14:26:33,NRB Terminal,Section F — Kisumu Terminal Link,461.7,3153.5,33.2,Closed,SNS-002
TEL-002017,2026-05-29T12:20:14,SITE-001,Section D — Sinendet Lateral,467.4,3859.6,26.0,Closed,SNS-002
TEL-000883,2026-05-08T17:03:47,SITE-003,Section B — Nairobi-Nakuru Spur,290.5,2967.3,30.5,Open,SNS-002
TEL-000817,2026-05-07T15:59:43,SITE-007,Section D — Sinendet Lateral,589.9,2743.3,33.0,Partially Open,SNS-008
TEL-000578,2026-05-03T10:11:57,SITE-002,Section A — Mombasa-Nairobi Main,306.0,2690.8,37.4,Open,SNS-012
TEL-002651,2026-06-09T17:10:16,SITE-005,Section E — Makueni Branch,395.7,2837.3,33.6,Open,SNS-014
TEL-002427,2026-06-05T17:33:56,NAKURU,Section B — Nairobi-Nakuru Spur,346.1,3102.0,35.1,Open,SNS-005
TEL-003858,2026-07-01T00:37:11,mombasa terminal,Section F — Kisumu Terminal Link,455.2,2618.8,27.1,Closed,SNS-001
TEL-004188,2026-07-06T23:55:20,SITE-006,Section E — Makueni Branch,505.7,2418.2,36.0,Open,SNS-001
TEL-000053,2026-04-24T01:28:50,SITE-007,Section A — Mombasa-Nairobi Main,376.6,2759.8,38.4,Open,SNS-009
TEL-004447,2026-07-11T23:59:43,SITE-002,Section D — Sinendet Lateral,392.0,3098.1,29.0,Open,SNS-004
TEL-004728,2026-07-16T22:52:34,SITE-004,Section A — Mombasa-Nairobi Main,305.0,4104.5,34.7,Open,SNS-014
TEL-002722,2026-06-10T22:50:37,SITE-007,Section D — Sinendet Lateral,423.4,1932.0,27.4,Open,SNS-002
TEL-003486,2026-06-24T08:04:12,SITE-005,Section F — Kisumu Terminal Link,406.6,3245.2,31.1,Closed,SNS-002
TEL-004961,2026-07-21T03:49:40,SITE-006,Section F — Kisumu Terminal Link,511.3,3025.6,31.7,Closed,SNS-006
TEL-004346,2026-07-10T02:16:35,SITE-001,Section B — Nairobi-Nakuru Spur,363.1,1576.3,24.6,Open,SNS-001
TEL-003594,2026-06-26T04:10:43,SITE-007,Section C — Nakuru-Eldoret Extension,378.5,3677.7,25.3,Open,SNS-014
TEL-000346,2026-04-29T04:58:29,SITE-004,Section C — Nakuru-Eldoret Extension,414.4,2244.7,33.9,Open,SNS-013
TEL-003270,2026-06-20T02:44:06,SITE-002,Section D — Sinendet Lateral,427.8,2953.7,30.0,Partially Open,SNS-006
TEL-004570,2026-07-14T08:07:43,SITE-005,Section D — Sinendet Lateral,401.0,2897.5,22.0,Closed,SNS-001
TEL-002146,2026-05-31T12:38:08,Sinendet  Pump Station,Section F — Kisumu Terminal Link,391.8,2394.0,27.8,Open,SNS-014
TEL-002444,2026-06-05T23:50:37,SITE-002,Section C — Nakuru-Eldoret Extension,310.5,3077.6,29.3,Open,SNS-011
TEL-002069,2026-05-30T04:47:25,SITE-001,Section C — Nakuru-Eldoret Extension,434.5,2580.2,29.5,Closed,SNS-013
TEL-002927,2026-06-14T11:57:09,SITE-002,Section B — Nairobi-Nakuru Spur,451.4,2474.1,18.8,Partially Open,SNS-010
TEL-004422,2026-07-11T10:49:46,SITE-003,Section D — Sinendet Lateral,367.5,2583.7,21.4,Open,SNS-004
TEL-004382,2026-07-10T18:05:57,SITE-002,Section A — Mombasa-Nairobi Main,349.4,2188.6,31.8,Partially Open,SNS-013
TEL-001358,2026-05-17T12:46:07,SITE-005,Section D — Sinendet Lateral,345.1,3809.8,26.0,Open,SNS-006
TEL-003391,2026-06-22T10:56:51,SITE-002,Section E — Makueni Branch,515.1,3811.1,30.6,Open,SNS-006
TEL-001815,2026-05-25T11:40:43,SITE-006,Section F — Kisumu Terminal Link,359.8,2957.2,22.5,Open,SNS-002
TEL-001664,2026-05-23T01:31:55,SITE-004,Section F — Kisumu Terminal Link,394.2,3342.3,41.5,Closed,SNS-001
TEL-000043,2026-04-23T20:56:14,SITE-003,Section D — Sinendet Lateral,345.9,2749.1,28.5,Open,SNS-009
TEL-001984,2026-05-28T18:43:41,SITE-007,Section F — Kisumu Terminal Link,410.2,2528.9,30.4,Partially Open,SNS-007
TEL-003710,2026-06-28T11:54:27,NAIROBI,Section A — Mombasa-Nairobi Main,418.1,4033.3,28.9,Open,SNS-014
TEL-003644,2026-06-27T06:05:19,NAKURU,Section E — Makueni Branch,481.2,2704.5,32.9,Open,SNS-008
TEL-003183,2026-06-18T11:02:46,SITE-002,Section B — Nairobi-Nakuru Spur,378.9,3032.8,26.7,Open,SNS-008
TEL-003240,2026-06-19T08:03:58,SITE-006,Section F — Kisumu Terminal Link,452.7,4468.4,41.5,Open,SNS-013
TEL-000620,2026-05-04T05:55:44,SITE-001,Section B — Nairobi-Nakuru Spur,441.1,3692.7,33.1,Partially Open,SNS-012
TEL-003245,2026-06-19T13:18:44,SITE-002,Section C — Nakuru-Eldoret Extension,448.3,2894.8,35.0,Open,SNS-013
TEL-002236,2026-06-02T11:37:31,SITE-007,Section A — Mombasa-Nairobi Main,448.8,3211.3,39.9,Open,SNS-002
TEL-004212,2026-07-07T10:47:45,SITE-007,Section D — Sinendet Lateral,464.8,2368.8,27.1,Open,SNS-010
TEL-000765,2026-05-06T15:26:20,SITE-001,Section A — Mombasa-Nairobi Main,459.7,2376.2,,Open,SNS-012
TEL-000767,2026-05-06T16:39:56,SITE-004,Section E — Makueni Branch,406.7,3815.0,35.9,Closed,SNS-011
TEL-001852,2026-05-26T01:10:58,ELDORET,Section E — Makueni Branch,419.3,3855.1,31.7,Open,SNS-008
TEL-002638,2026-06-09T11:35:28,SITE-007,Section C — Nakuru-Eldoret Extension,301.5,3754.8,31.8,Open,SNS-013
TEL-004080,2026-07-04T21:01:35,SITE-004,Section E — Makueni Branch,327.6,2843.7,28.4,Closed,SNS-011
TEL-004375,2026-07-10T15:43:19,SITE-005,Section F — Kisumu Terminal Link,431.4,1545.3,36.7,Closed,SNS-011
TEL-002710,2026-06-10T17:19:00,SITE-004,Section D — Sinendet Lateral,440.6,1733.2,31.0,Closed,SNS-010
TEL-004893,2026-07-19T22:19:57,SITE-005,Section D — Sinendet Lateral,418.1,2587.7,29.8,Closed,SNS-005
TEL-000793,2026-05-07T07:32:03,SITE-006,Section B — Nairobi-Nakuru Spur,534.4,2806.0,21.5,Partially Open,SNS-005
TEL-001968,2026-05-28T05:19:22,SITE-007,Section C — Nakuru-Eldoret Extension,354.5,,36.3,Open,SNS-014
TEL-002158,2026-05-31T18:44:57,SITE-003,Section F — Kisumu Terminal Link,394.3,2871.9,42.0,Partially Open,SNS-008
TEL-004789,2026-07-18T02:17:01,SITE-007,Section C — Nakuru-Eldoret Extension,397.6,1956.5,38.7,Open,SNS-010
TEL-004866,2026-07-19T05:31:27,KISUMU,Section D — Sinendet Lateral,462.9,2328.3,31.8,Open,SNS-001
TEL-004244,2026-07-08T01:10:19,kisumu terminal,Section B — Nairobi-Nakuru Spur,241.2,3165.0,26.1,Closed,SNS-004
TEL-000509,2026-05-02T03:11:16,MAKUENI,Section D — Sinendet Lateral,434.4,4387.7,19.4,Partially Open,SNS-012
TEL-001364,2026-05-17T14:53:50,SITE-003,Section C — Nakuru-Eldoret Extension,356.4,3227.0,24.8,Open,SNS-001
TEL-004432,2026-07-11T14:33:12,MAKUENI,Section C — Nakuru-Eldoret Extension,427.2,3080.0,39.5,Closed,SNS-004
TEL-001546,2026-05-21T09:19:21,SITE-006,Section F — Kisumu Terminal Link,435.4,3923.5,32.1,Open,SNS-008
TEL-001108,2026-05-12T20:54:04,SITE-002,Section D — Sinendet Lateral,435.1,4159.6,30.6,Closed,SNS-013
TEL-003753,2026-06-29T06:29:42,SITE-001,Section D — Sinendet Lateral,513.3,3774.6,23.9,Open,SNS-010
TEL-001251,2026-05-15T11:45:10,KISUMU,Section F — Kisumu Terminal Link,532.7,2702.7,29.1,Open,SNS-014
TEL-003113,2026-06-17T07:56:48,KSM Terminal,Section C — Nakuru-Eldoret Extension,513.1,1214.0,36.3,Open,SNS-006
TEL-003823,2026-06-30T11:56:49,SITE-002,Section C — Nakuru-Eldoret Extension,403.4,1967.8,28.5,Closed,SNS-003
TEL-003781,2026-06-29T17:13:42,SITE-001,Section D — Sinendet Lateral,392.1,2631.7,37.1,Open,SNS-003
TEL-004856,2026-07-19T01:25:47,SITE-004,Section D — Sinendet Lateral,488.7,2840.7,33.7,Partially Open,SNS-006
TEL-002355,2026-06-04T09:12:21,SITE-006,Section A — Mombasa-Nairobi Main,276.0,3764.2,30.4,Partially Open,SNS-014
TEL-004163,2026-07-06T08:44:40,SITE-002,Section E — Makueni Branch,391.9,1000.0,44.8,Closed,SNS-003
TEL-001879,2026-05-26T11:28:25,SITE-005,Section E — Makueni Branch,400.6,4174.6,26.9,Open,SNS-007
TEL-004431,2026-07-11T14:19:06,SITE-006,Section B — Nairobi-Nakuru Spur,449.7,3725.8,25.9,Open,SNS-003
TEL-002485,2026-06-06T17:30:59,SITE-003,Section C — Nakuru-Eldoret Extension,501.3,3668.7,33.6,Partially Open,SNS-009
TEL-004215,2026-07-07T11:38:41,SITE-003,Section D — Sinendet Lateral,286.3,3123.2,33.4,Open,SNS-007
TEL-000540,2026-05-02T14:45:45,SITE-007,Section A — Mombasa-Nairobi Main,368.6,2483.8,26.3,Open,SNS-006
TEL-001554,2026-05-21T10:54:24,SITE-002,Section D — Sinendet Lateral,359.0,2190.7,30.2,Open,SNS-011
TEL-000575,2026-05-03T09:31:05,SITE-002,Section B — Nairobi-Nakuru Spur,421.1,2813.9,22.3,Closed,SNS-010
TEL-002658,2026-06-09T20:39:31,KSM Terminal,Section A — Mombasa-Nairobi Main,551.8,1949.8,38.7,Partially Open,SNS-013
TEL-002773,2026-06-11T21:25:32,SITE-004,Section C — Nakuru-Eldoret Extension,299.6,2537.9,34.8,Partially Open,SNS-007
TEL-004190,2026-07-07T00:45:22,SITE-003,Section C — Nakuru-Eldoret Extension,355.7,2840.7,26.8,Partially Open,SNS-002
TEL-003878,2026-07-01T12:05:28,SITE-007,Section E — Makueni Branch,380.9,3087.4,23.6,Closed,SNS-009
TEL-003029,2026-06-15T21:08:43,SITE-002,Section F — Kisumu Terminal Link,261.0,2775.1,27.1,Open,SNS-006
TEL-003624,2026-06-26T19:54:16,SITE-004,Section D — Sinendet Lateral,241.8,3412.3,37.5,Open,SNS-009
TEL-003844,2026-06-30T20:00:06,SITE-005,Section B — Nairobi-Nakuru Spur,382.1,2436.0,36.2,Closed,SNS-014
TEL-002977,2026-06-15T02:47:14,SITE-003,Section D — Sinendet Lateral,451.4,2527.1,32.1,Closed,SNS-005
TEL-002612,2026-06-09T01:47:21,SITE-007,Section D — Sinendet Lateral,407.0,2772.5,24.6,Partially Open,SNS-008
TEL-004283,2026-07-08T19:31:04,SITE-004,Section D — Sinendet Lateral,252.0,2159.8,43.8,Closed,SNS-010
TEL-002399,2026-06-05T04:01:56,SITE-002,Section B — Nairobi-Nakuru Spur,326.7,1191.8,21.2,Open,SNS-010
TEL-002072,2026-05-30T06:12:06,SITE-004,Section E — Makueni Branch,476.9,2779.2,15.0,Closed,SNS-014
TEL-004071,2026-07-04T18:06:21,SITE-006,Section E — Makueni Branch,317.5,2100.6,21.3,Partially Open,SNS-004
TEL-003697,2026-06-28T06:48:15,SITE-003,Section D — Sinendet Lateral,388.3,3193.8,30.9,Partially Open,SNS-012
TEL-000348,2026-04-29T05:14:33,SITE-003,Section C — Nakuru-Eldoret Extension,411.0,2245.4,34.9,Open,SNS-001
TEL-000900,2026-05-08T23:10:14,SITE-006,Section E — Makueni Branch,296.6,2963.1,24.5,Closed,SNS-014
TEL-003214,2026-06-18T20:47:45,SITE-001,Section E — Makueni Branch,346.2,1612.5,38.8,Open,SNS-008
TEL-003014,2026-06-15T15:41:14,SITE-006,Section F — Kisumu Terminal Link,319.1,1652.4,32.1,Partially Open,SNS-007
TEL-004657,2026-07-15T17:24:00,SITE-005,Section C — Nakuru-Eldoret Extension,405.0,2770.1,35.5,Open,SNS-001
TEL-000429,2026-04-30T15:01:28,nairobi terminal,Section F — Kisumu Terminal Link,520.0,2512.2,37.4,Open,SNS-006
TEL-004598,2026-07-14T16:01:41,makueni pipeline,Section D — Sinendet Lateral,332.9,4064.7,31.1,Open,SNS-008
TEL-004749,2026-07-17T07:15:53,SITE-003,Section C — Nakuru-Eldoret Extension,313.3,2666.0,29.9,Partially Open,SNS-007
TEL-001199,2026-05-14T15:42:39,SITE-002,Section A — Mombasa-Nairobi Main,427.1,2335.8,19.9,Open,SNS-001
TEL-004151,2026-07-06T05:09:16,SITE-003,Section B — Nairobi-Nakuru Spur,375.6,4348.6,40.6,Closed,SNS-007
TEL-000612,2026-05-04T01:31:12,SITE-004,Section C — Nakuru-Eldoret Extension,383.5,3036.4,32.6,Closed,SNS-004
TEL-003035,2026-06-15T23:12:45,SITE-001,Section B — Nairobi-Nakuru Spur,431.9,3442.3,35.9,Closed,SNS-006
TEL-003237,2026-06-19T07:36:01,SITE-006,Section E — Makueni Branch,315.7,1437.2,38.2,Partially Open,SNS-007
TEL-003033,2026-06-15T22:51:19,SITE-006,Section E — Makueni Branch,498.1,2062.2,,Closed,SNS-008
TEL-004486,2026-07-12T14:40:33,SITE-002,Section E — Makueni Branch,384.7,2420.2,34.3,Partially Open,SNS-003
TEL-003515,2026-06-24T17:51:52,SITE-002,Section D — Sinendet Lateral,428.2,2487.4,34.0,Closed,SNS-003
TEL-004744,2026-07-17T05:21:43,Nakuru  Depot,Section E — Makueni Branch,352.8,3449.5,24.4,Open,SNS-008
TEL-003642,2026-06-27T04:41:44,SITE-007,Section B — Nairobi-Nakuru Spur,417.8,3787.8,26.8,Partially Open,SNS-005
TEL-003814,2026-06-30T08:23:09,SITE-003,Section D — Sinendet Lateral,519.6,1893.8,37.3,Open,SNS-007
TEL-001938,2026-05-27T16:38:48,SITE-002,Section A — Mombasa-Nairobi Main,354.4,2498.8,33.0,Open,SNS-003
TEL-002137,2026-05-31T07:33:51,SITE-001,Section B — Nairobi-Nakuru Spur,476.2,3897.7,34.6,Closed,SNS-002
TEL-004627,2026-07-15T02:37:53,SITE-007,Section F — Kisumu Terminal Link,421.8,2028.8,33.3,Open,SNS-014
TEL-001532,2026-05-21T04:24:17,Eldoret term,Section B — Nairobi-Nakuru Spur,319.8,3502.0,27.6,Open,SNS-007
TEL-001700,2026-05-23T16:11:10,SITE-005,Section E — Makueni Branch,389.8,1832.9,37.7,Closed,SNS-009
TEL-000089,2026-04-24T14:13:09,SITE-005,Section A — Mombasa-Nairobi Main,414.9,2932.9,35.6,Open,SNS-009
TEL-001418,2026-05-18T23:19:10,Kipevu terminal,Section D — Sinendet Lateral,326.2,2591.4,27.6,Open,SNS-010
TEL-004122,2026-07-05T11:55:50,SITE-003,Section B — Nairobi-Nakuru Spur,574.7,2287.5,29.4,Partially Open,SNS-007
TEL-002455,2026-06-06T04:09:30,SITE-004,Section F — Kisumu Terminal Link,470.5,4014.6,33.9,Partially Open,SNS-014
TEL-000709,2026-05-05T16:58:09,SITE-002,Section D — Sinendet Lateral,403.0,3336.4,32.4,Open,SNS-003
TEL-003879,2026-07-01T13:02:07,SITE-002,Section A — Mombasa-Nairobi Main,308.2,2274.7,32.3,Open,SNS-005
TEL-002892,2026-06-13T21:31:31,SITE-007,Section E — Makueni Branch,355.8,3384.5,29.2,Open,SNS-009
TEL-002833,2026-06-12T21:48:19,SITE-001,Section A — Mombasa-Nairobi Main,,3135.6,34.2,Partially Open,SNS-004
TEL-004153,2026-07-06T05:57:08,SITE-006,Section F — Kisumu Terminal Link,419.0,2283.1,23.0,Closed,SNS-003
TEL-000390,2026-04-29T20:36:02,SITE-005,Section F — Kisumu Terminal Link,472.5,3778.5,22.7,Closed,SNS-011
TEL-002141,2026-05-31T10:52:39,SITE-002,Section D — Sinendet Lateral,292.8,1976.7,31.0,Partially Open,SNS-014
TEL-000950,2026-05-09T23:08:50,KSM Terminal,Section D — Sinendet Lateral,365.5,2942.3,29.8,Open,SNS-004
TEL-001864,2026-05-26T03:49:07,SITE-004,Section C — Nakuru-Eldoret Extension,411.1,2153.2,28.0,Closed,SNS-014
TEL-004693,2026-07-16T08:16:55,SITE-002,Section A — Mombasa-Nairobi Main,409.7,3822.4,41.5,Closed,SNS-004
TEL-004231,2026-07-07T20:48:25,NAKURU,Section A — Mombasa-Nairobi Main,482.8,2873.3,24.0,Open,SNS-010
TEL-002761,2026-06-11T16:24:01,SITE-001,Section B — Nairobi-Nakuru Spur,286.3,2556.9,32.8,Open,SNS-005
TEL-002446,2026-06-06T00:06:23,SITE-006,Section B — Nairobi-Nakuru Spur,301.9,3213.7,30.3,Partially Open,SNS-009
TEL-004507,2026-07-13T02:07:24,SITE-001,Section C — Nakuru-Eldoret Extension,341.9,2807.3,32.7,Open,SNS-003
TEL-000156,2026-04-26T01:16:22,SITE-004,Section C — Nakuru-Eldoret Extension,428.0,2133.2,23.2,Partially Open,SNS-013
TEL-001145,2026-05-13T17:55:29,SITE-004,Section C — Nakuru-Eldoret Extension,479.6,2792.8,23.3,Closed,SNS-014
TEL-002070,2026-05-30T04:58:03,SITE-005,Section C — Nakuru-Eldoret Extension,381.3,3427.5,35.5,Closed,SNS-011
TEL-000680,2026-05-05T04:31:13,SITE-003,Section B — Nairobi-Nakuru Spur,456.7,2230.4,26.6,Open,SNS-005
TEL-003320,2026-06-21T04:46:04,SITE-003,Section D — Sinendet Lateral,429.7,3162.3,30.4,Partially Open,SNS-004
TEL-001098,2026-05-12T14:56:04,SITE-006,Section C — Nakuru-Eldoret Extension,365.7,2224.7,35.1,Closed,SNS-002
TEL-000600,2026-05-03T20:09:26,MOMBASA,Section E — Makueni Branch,433.3,4214.1,32.1,Open,SNS-005
TEL-003462,2026-06-23T22:57:31,SITE-005,Section B — Nairobi-Nakuru Spur,373.9,2346.3,20.1,Closed,SNS-014
TEL-000508,2026-05-02T03:02:29,makueni pipeline,Section D — Sinendet Lateral,404.3,4303.5,18.6,Closed,SNS-001
TEL-002759,2026-06-11T16:02:46,KSM Terminal,Section A — Mombasa-Nairobi Main,425.8,3357.9,34.5,Open,SNS-014
TEL-003817,2026-06-30T10:42:57,SITE-006,Section A — Mombasa-Nairobi Main,485.1,2362.9,30.5,Closed,SNS-001
TEL-000310,2026-04-28T14:56:57,SITE-005,Section B — Nairobi-Nakuru Spur,328.4,2084.0,16.4,Closed,SNS-004
TEL-000513,2026-05-02T04:20:36,SITE-007,Section B — Nairobi-Nakuru Spur,392.4,3693.7,28.7,Closed,SNS-001
TEL-000748,2026-05-06T07:16:52,SITE-004,Section F — Kisumu Terminal Link,368.1,2625.9,33.5,Open,SNS-013
TEL-004567,2026-07-14T07:52:54,SITE-007,Section B — Nairobi-Nakuru Spur,453.0,3286.6,37.8,Partially Open,SNS-004
TEL-001666,2026-05-23T04:04:01,SITE-007,Section A — Mombasa-Nairobi Main,272.5,3162.6,18.8,Closed,SNS-013
TEL-002249,2026-06-02T15:48:48,SITE-005,Section E — Makueni Branch,555.5,4099.3,23.6,Open,SNS-003
TEL-002698,2026-06-10T12:32:01,SITE-007,Section E — Makueni Branch,392.5,4406.1,15.0,Open,SNS-008
TEL-002420,2026-06-05T13:09:20,SITE-003,Section A — Mombasa-Nairobi Main,351.3,3647.9,37.7,Open,SNS-004
TEL-000369,2026-04-29T12:29:15,SITE-007,Section F — Kisumu Terminal Link,419.9,3654.5,25.6,Open,SNS-014
TEL-003657,2026-06-27T12:18:05,SITE-001,Section C — Nakuru-Eldoret Extension,403.4,3702.9,27.4,Closed,SNS-002
TEL-003846,2026-06-30T21:24:16,SITE-003,Section D — Sinendet Lateral,575.2,3221.3,34.1,Closed,SNS-014
TEL-003864,2026-07-01T05:26:03,SITE-006,Section F — Kisumu Terminal Link,379.2,1979.6,33.5,Open,SNS-014
TEL-000435,2026-04-30T19:00:47,SITE-007,Section B — Nairobi-Nakuru Spur,518.1,2279.8,25.9,Open,SNS-003
TEL-000302,2026-04-28T11:29:37,SITE-004,Section F — Kisumu Terminal Link,345.0,3967.9,28.7,Closed,SNS-011
TEL-000806,2026-05-07T11:02:25,SITE-006,Section D — Sinendet Lateral,547.4,3740.3,27.3,Partially Open,SNS-004
TEL-002105,2026-05-30T17:33:58,Eldoret  Terminal,Section C — Nakuru-Eldoret Extension,439.9,2361.4,30.6,Partially Open,SNS-004
TEL-001066,2026-05-12T02:34:47,NAKURU,Section D — Sinendet Lateral,510.3,3172.5,32.2,Partially Open,SNS-007
TEL-002272,2026-06-03T03:41:13,SITE-002,Section F — Kisumu Terminal Link,379.3,3869.0,36.3,Open,SNS-009
TEL-000486,2026-05-01T15:55:30,SITE-002,Section E — Makueni Branch,349.8,3218.1,28.2,Open,SNS-007
TEL-000907,2026-05-09T01:20:27,SITE-006,Section A — Mombasa-Nairobi Main,551.5,3011.8,16.0,Closed,SNS-009
TEL-004652,2026-07-15T14:44:26,SITE-006,Section E — Makueni Branch,513.8,3180.0,17.9,Open,SNS-008
TEL-003277,2026-06-20T05:20:50,SITE-004,Section F — Kisumu Terminal Link,402.9,2880.8,25.0,Partially Open,SNS-009
TEL-001126,2026-05-13T05:23:42,SITE-004,Section F — Kisumu Terminal Link,503.6,3080.1,,Open,SNS-011
TEL-004336,2026-07-09T21:58:58,SITE-002,Section E — Makueni Branch,277.0,3374.3,25.9,Open,SNS-011
TEL-002988,2026-06-15T06:09:59,SITE-003,Section F — Kisumu Terminal Link,290.9,2966.2,34.1,Closed,SNS-009
TEL-000969,2026-05-10T11:46:07,SITE-002,Section F — Kisumu Terminal Link,391.9,3982.0,25.3,Open,SNS-007
TEL-003120,2026-06-17T11:55:35,SITE-004,Section E — Makueni Branch,322.7,3415.5,28.6,Open,SNS-013
TEL-003234,2026-06-19T05:21:28,SITE-001,Section E — Makueni Branch,453.2,1961.1,30.6,Open,SNS-001
TEL-001721,2026-05-24T01:16:40,SITE-004,Section A — Mombasa-Nairobi Main,367.7,2699.2,22.6,Closed,SNS-006
TEL-004732,2026-07-17T02:15:53,SITE-002,Section A — Mombasa-Nairobi Main,488.1,2622.5,22.0,Closed,SNS-002
TEL-001381,2026-05-18T01:16:10,SITE-004,Section E — Makueni Branch,357.6,2380.7,31.6,Partially Open,SNS-002
TEL-001606,2026-05-22T02:59:22,SITE-004,Section B — Nairobi-Nakuru Spur,348.8,3033.2,23.4,Partially Open,SNS-008
TEL-001083,2026-05-12T09:24:00,SITE-001,Section B — Nairobi-Nakuru Spur,401.3,4539.5,29.7,Closed,SNS-001
TEL-004594,2026-07-14T14:42:28,SITE-002,Section E — Makueni Branch,351.5,4032.4,38.5,Open,SNS-011
TEL-000187,2026-04-26T10:53:29,SITE-003,Section C — Nakuru-Eldoret Extension,475.6,2059.0,29.3,Closed,SNS-003
TEL-002801,2026-06-12T10:50:32,SITE-005,Section A — Mombasa-Nairobi Main,455.2,2485.9,35.8,Partially Open,SNS-013
TEL-003677,2026-06-27T23:03:36,SITE-007,Section B — Nairobi-Nakuru Spur,600.0,4008.7,22.4,Closed,SNS-011
TEL-001758,2026-05-24T16:37:52,KISUMU,Section D — Sinendet Lateral,446.6,2470.3,30.0,Open,SNS-010
TEL-001850,2026-05-26T00:17:29,mombasa terminal,Section B — Nairobi-Nakuru Spur,387.2,3378.9,15.0,Open,SNS-013
TEL-004329,2026-07-09T18:23:48,SITE-004,Section A — Mombasa-Nairobi Main,586.9,2025.0,34.8,Partially Open,SNS-003
TEL-000825,2026-05-07T17:50:24,SITE-002,Section C — Nakuru-Eldoret Extension,436.3,1889.4,21.4,Open,SNS-011
TEL-002234,2026-06-02T10:25:31,NKR Depot,Section D — Sinendet Lateral,424.7,3272.6,43.4,Open,SNS-007
TEL-003275,2026-06-20T04:55:26,SITE-003,Section E — Makueni Branch,465.8,3378.7,31.1,Closed,SNS-004
TEL-001915,2026-05-27T04:19:08,SITE-003,Section B — Nairobi-Nakuru Spur,361.9,2970.9,37.8,Open,SNS-001
TEL-000107,2026-04-24T23:42:55,SITE-005,Section F — Kisumu Terminal Link,552.7,3726.7,36.7,Partially Open,SNS-013
TEL-001181,2026-05-14T07:49:58,SITE-006,Section A — Mombasa-Nairobi Main,415.6,2946.2,35.0,Closed,SNS-006
TEL-002930,2026-06-14T12:46:45,SITE-005,Section D — Sinendet Lateral,216.3,4115.6,21.0,Open,SNS-005
TEL-001176,2026-05-14T06:30:27,SITE-005,Section B — Nairobi-Nakuru Spur,404.4,2612.8,32.7,Closed,SNS-003
TEL-000718,2026-05-05T20:44:44,NKR Depot,Section B — Nairobi-Nakuru Spur,301.9,2808.5,33.7,Closed,SNS-004
TEL-000885,2026-05-08T17:33:50,SITE-003,Section C — Nakuru-Eldoret Extension,210.6,2735.2,32.8,Open,SNS-010
TEL-004496,2026-07-12T19:49:35,SITE-005,Section B — Nairobi-Nakuru Spur,410.2,3804.3,19.2,Closed,SNS-007
TEL-003854,2026-07-01T00:11:15,SITE-004,Section E — Makueni Branch,301.1,3178.1,29.0,Partially Open,SNS-005
TEL-000926,2026-05-09T13:49:18,SITE-007,Section C — Nakuru-Eldoret Extension,475.1,4167.7,19.7,Open,SNS-001
TEL-004468,2026-07-12T10:07:45,SITE-002,Section A — Mombasa-Nairobi Main,503.8,2445.3,38.6,Open,SNS-007
TEL-002776,2026-06-11T22:35:06,SITE-001,Section C — Nakuru-Eldoret Extension,454.5,2136.6,35.5,Open,SNS-001
TEL-000306,2026-04-28T13:45:40,SITE-002,Section A — Mombasa-Nairobi Main,421.5,3400.2,28.3,Closed,SNS-014
TEL-003052,2026-06-16T08:04:25,SITE-002,Section D — Sinendet Lateral,460.7,3146.8,34.1,Closed,SNS-010
TEL-004045,2026-07-04T03:48:56,SITE-005,Section D — Sinendet Lateral,445.8,2701.6,29.8,Closed,SNS-002
TEL-003334,2026-06-21T09:28:21,SITE-001,Section E — Makueni Branch,428.1,3556.0,22.4,Open,SNS-001
TEL-002611,2026-06-09T01:24:43,SITE-006,Section D — Sinendet Lateral,330.1,3025.2,31.4,Open,SNS-001
TEL-002539,2026-06-07T15:34:18,SITE-001,Section F — Kisumu Terminal Link,522.1,2369.7,36.2,Partially Open,SNS-013
TEL-002142,2026-05-31T11:34:17,SITE-003,Section A — Mombasa-Nairobi Main,473.2,1623.2,,Open,SNS-003
TEL-001908,2026-05-27T00:23:16,Mombasa term,Section C — Nakuru-Eldoret Extension,316.8,3950.7,27.0,Open,SNS-004
TEL-002478,2026-06-06T14:07:13,SITE-002,Section E — Makueni Branch,482.7,4337.2,23.3,Closed,SNS-012
TEL-000037,2026-04-23T17:32:24,SITE-002,Section A — Mombasa-Nairobi Main,441.5,3597.3,36.5,Closed,SNS-002
TEL-000529,2026-05-02T10:28:25,SITE-002,Section F — Kisumu Terminal Link,382.9,2993.9,28.3,Partially Open,SNS-001
TEL-001163,2026-05-14T02:42:08,SITE-006,Section F — Kisumu Terminal Link,474.2,2628.3,35.1,Closed,SNS-010
TEL-002264,2026-06-02T23:19:44,SITE-005,Section C — Nakuru-Eldoret Extension,462.9,4446.9,32.0,Open,SNS-009
TEL-000576,2026-05-03T10:11:03,SITE-003,Section D — Sinendet Lateral,267.7,2453.4,41.0,Partially Open,SNS-004
TEL-004202,2026-07-07T05:44:39,SITE-004,Section E — Makueni Branch,395.9,2896.2,35.5,Open,SNS-006
TEL-001653,2026-05-22T21:16:34,SITE-007,Section E — Makueni Branch,447.9,2645.7,33.3,Closed,SNS-007
TEL-002378,2026-06-04T20:14:15,SITE-007,Section B — Nairobi-Nakuru Spur,455.0,3546.0,45.0,Partially Open,SNS-011
TEL-000551,2026-05-02T20:48:53,SITE-004,Section E — Makueni Branch,380.9,2741.3,31.3,Open,SNS-012
TEL-000534,2026-05-02T12:12:49,SITE-005,Section C — Nakuru-Eldoret Extension,1102.7,1956.3,35.0,Closed,SNS-012
TEL-002433,2026-06-05T19:30:11,NAKURU,Section F — Kisumu Terminal Link,378.5,1984.8,38.6,Closed,SNS-010
TEL-001210,2026-05-14T19:15:40,SITE-005,Section F — Kisumu Terminal Link,334.4,2896.2,37.9,Closed,SNS-008
TEL-002704,2026-06-10T15:12:23,SITE-006,Section B — Nairobi-Nakuru Spur,850,1905.6,24.6,Open,SNS-008
TEL-001970,2026-05-28T08:43:45,SITE-002,Section A — Mombasa-Nairobi Main,329.3,2731.0,27.1,Partially Open,SNS-002
TEL-001735,2026-05-24T05:54:07,SITE-006,Section F — Kisumu Terminal Link,358.8,4681.6,25.7,Closed,SNS-004
TEL-000469,2026-05-01T07:47:04,SITE-006,Section D — Sinendet Lateral,355.1,3297.8,30.6,Open,SNS-005
TEL-004234,2026-07-07T22:11:58,SITE-005,Section E — Makueni Branch,423.7,4465.6,27.2,Closed,SNS-006
TEL-002969,2026-06-15T00:23:48,makueni section,Section A — Mombasa-Nairobi Main,498.9,2517.9,27.3,Closed,SNS-002
TEL-001470,2026-05-19T22:24:43,SITE-007,Section B — Nairobi-Nakuru Spur,536.2,2841.1,34.0,Closed,SNS-005
TEL-000095,2026-04-24T17:22:53,SITE-006,Section D — Sinendet Lateral,327.5,2683.1,35.4,Partially Open,SNS-006
TEL-003535,2026-06-25T00:29:47,SITE-002,Section E — Makueni Branch,415.3,4047.7,27.8,Closed,SNS-014
TEL-002188,2026-06-01T12:57:41,Nakuru  Depot,Section D — Sinendet Lateral,392.5,2202.4,24.1,Open,SNS-004
TEL-003223,2026-06-19T01:29:10,SITE-005,Section B — Nairobi-Nakuru Spur,461.3,2765.1,41.8,Open,SNS-006
TEL-001115,2026-05-12T23:23:06,SITE-004,Section D — Sinendet Lateral,426.5,3085.0,22.0,Partially Open,SNS-012
TEL-003689,2026-06-28T03:28:53,SITE-005,Section F — Kisumu Terminal Link,409.8,1360.6,30.3,Open,SNS-001
TEL-002049,2026-05-29T22:17:37,SITE-004,Section A — Mombasa-Nairobi Main,453.1,2418.2,29.8,Open,SNS-008
TEL-000340,2026-04-29T03:44:32,SITE-001,Section A — Mombasa-Nairobi Main,325.9,3842.4,29.6,Open,SNS-010
TEL-002712,2026-06-10T18:12:13,SITE-004,Section C — Nakuru-Eldoret Extension,541.4,2903.2,36.0,Open,SNS-012
TEL-002274,2026-06-03T05:35:03,SITE-002,Section F — Kisumu Terminal Link,252.4,3399.0,24.2,Closed,SNS-001
TEL-001183,2026-05-14T07:58:49,SITE-006,Section E — Makueni Branch,453.1,3123.3,23.9,Open,SNS-011
TEL-003383,2026-06-22T09:56:06,SITE-007,Section D — Sinendet Lateral,461.9,2678.0,20.7,Open,SNS-008
TEL-004031,2026-07-03T22:33:30,ELD Terminal,Section C — Nakuru-Eldoret Extension,495.0,3286.6,22.9,Partially Open,SNS-002
TEL-002908,2026-06-14T03:08:22,SITE-005,Section E — Makueni Branch,235.5,2503.3,41.0,Partially Open,SNS-002
TEL-004036,2026-07-04T00:34:08,SITE-005,Section E — Makueni Branch,238.7,1864.5,22.7,Open,SNS-005
TEL-004952,2026-07-21T00:46:46,SITE-003,Section B — Nairobi-Nakuru Spur,435.4,3153.5,27.2,Partially Open,SNS-001
TEL-000311,2026-04-28T15:09:05,SITE-004,Section D — Sinendet Lateral,393.9,3262.6,35.4,Open,SNS-013
TEL-004216,2026-07-07T11:54:24,SITE-001,Section D — Sinendet Lateral,549.5,2310.3,26.3,Open,SNS-005
TEL-002232,2026-06-02T09:03:12,SITE-001,Section D — Sinendet Lateral,409.3,2440.4,32.4,Closed,SNS-011
TEL-000170,2026-04-26T05:39:04,Kisumu term,Section A — Mombasa-Nairobi Main,316.1,2345.4,30.4,Closed,SNS-006
TEL-004759,2026-07-17T11:08:44,Mombasa  Terminal,Section C — Nakuru-Eldoret Extension,850,1629.5,30.2,Partially Open,SNS-009
TEL-001047,2026-05-11T18:41:45,mombasa terminal,Section A — Mombasa-Nairobi Main,501.7,2412.0,33.0,Open,SNS-004
TEL-002527,2026-06-07T11:27:38,KSM Terminal,Section D — Sinendet Lateral,531.6,2275.8,32.4,Open,SNS-010
TEL-000953,2026-05-10T00:08:28,SITE-004,Section F — Kisumu Terminal Link,246.3,3883.2,23.1,Open,SNS-014
TEL-004049,2026-07-04T06:53:20,SITE-001,Section F — Kisumu Terminal Link,354.8,2615.1,40.4,Closed,SNS-001
TEL-003755,2026-06-29T07:20:43,SITE-003,Section F — Kisumu Terminal Link,309.4,2528.1,28.6,Open,SNS-011
TEL-002291,2026-06-03T10:53:56,SITE-001,Section B — Nairobi-Nakuru Spur,284.5,2088.7,35.3,Open,SNS-013
TEL-002975,2026-06-15T01:52:42,SITE-005,Section A — Mombasa-Nairobi Main,455.1,3689.6,41.1,Partially Open,SNS-010
TEL-004064,2026-07-04T14:22:04,Sinendet PS,Section D — Sinendet Lateral,435.6,2043.3,30.6,Partially Open,SNS-008
TEL-004782,2026-07-17T21:44:07,SITE-004,Section B — Nairobi-Nakuru Spur,343.4,2713.7,30.0,Open,SNS-001
TEL-000189,2026-04-26T11:20:59,SITE-001,Section F — Kisumu Terminal Link,391.0,2561.3,21.0,Partially Open,SNS-010
TEL-003321,2026-06-21T04:56:53,SITE-005,Section F — Kisumu Terminal Link,412.9,3179.1,33.3,Open,SNS-006
TEL-003828,2026-06-30T13:35:08,SITE-001,Section B — Nairobi-Nakuru Spur,223.0,3323.4,26.2,Closed,SNS-014
TEL-004997,2026-07-21T23:22:41,SITE-007,Section E — Makueni Branch,445.6,3473.8,28.2,Closed,SNS-014
TEL-002345,2026-06-04T06:58:50,SITE-007,Section A — Mombasa-Nairobi Main,464.2,3129.0,36.2,Open,SNS-002
TEL-001800,2026-05-25T07:17:08,MAKUENI,Section A — Mombasa-Nairobi Main,418.1,4044.4,24.4,Partially Open,SNS-001
TEL-001517,2026-05-20T20:07:27,SITE-005,Section F — Kisumu Terminal Link,371.2,2989.9,24.4,Partially Open,SNS-013
TEL-002383,2026-06-04T21:32:42,SITE-001,Section E — Makueni Branch,357.5,3860.5,32.8,Closed,SNS-001
TEL-001416,2026-05-18T22:33:52,SITE-003,Section E — Makueni Branch,386.2,1000.0,22.3,Partially Open,SNS-009
TEL-003018,2026-06-15T16:51:01,SITE-004,Section E — Makueni Branch,359.0,3441.5,26.3,Closed,SNS-009
TEL-003589,2026-06-26T03:08:35,SITE-007,Section B — Nairobi-Nakuru Spur,475.9,3348.4,32.0,Partially Open,SNS-003
TEL-000205,2026-04-26T16:56:52,SITE-002,Section B — Nairobi-Nakuru Spur,374.9,1623.7,34.3,Closed,SNS-002
TEL-001212,2026-05-14T20:41:58,SITE-007,Section C — Nakuru-Eldoret Extension,295.3,4591.9,32.6,Closed,SNS-005
TEL-004380,2026-07-10T17:33:52,SITE-006,Section F — Kisumu Terminal Link,489.2,2182.5,36.5,Open,SNS-010
TEL-004534,2026-07-13T17:46:39,SITE-001,Section D — Sinendet Lateral,429.8,2421.8,19.8,Partially Open,SNS-011
TEL-002728,2026-06-11T00:36:24,SITE-004,Section F — Kisumu Terminal Link,378.7,2668.8,,Partially Open,SNS-014
TEL-004695,2026-07-16T09:11:15,SITE-003,Section D — Sinendet Lateral,406.4,2115.8,23.9,Partially Open,SNS-002
TEL-002562,2026-06-08T01:24:13,SITE-001,Section E — Makueni Branch,434.0,3398.6,29.2,Closed,SNS-001
TEL-003973,2026-07-03T00:44:04,SITE-007,Section F — Kisumu Terminal Link,428.9,2091.1,17.3,Open,SNS-006
TEL-000847,2026-05-08T00:17:26,SITE-001,Section E — Makueni Branch,361.0,3501.6,19.4,Closed,SNS-008
TEL-001006,2026-05-11T01:32:29,SITE-006,Section A — Mombasa-Nairobi Main,387.8,2608.1,38.1,Closed,SNS-001
TEL-004042,2026-07-04T02:56:29,SITE-002,Section E — Makueni Branch,363.8,2020.2,18.7,Partially Open,SNS-002
TEL-000071,2026-04-24T08:45:32,SITE-002,Section F — Kisumu Terminal Link,388.3,3634.1,37.0,Closed,SNS-006
TEL-002944,2026-06-14T18:00:31,SITE-003,Section D — Sinendet Lateral,389.3,3502.9,37.7,Partially Open,SNS-005
TEL-001395,2026-05-18T08:07:56,Kisumu term,Section B — Nairobi-Nakuru Spur,449.9,3181.3,33.5,Open,SNS-002
TEL-002357,2026-06-04T09:46:11,SITE-002,Section D — Sinendet Lateral,561.6,3159.1,28.5,Partially Open,SNS-001
TEL-004374,2026-07-10T15:13:52,SITE-004,Section D — Sinendet Lateral,378.4,3526.6,30.8,Partially Open,SNS-005
TEL-001586,2026-05-21T19:54:33,Kisumu  Terminal,Section C — Nakuru-Eldoret Extension,435.1,1573.3,35.5,Open,SNS-001
TEL-003367,2026-06-22T01:51:53,SITE-005,Section F — Kisumu Terminal Link,402.0,2149.1,22.5,Closed,SNS-009
TEL-000896,2026-05-08T20:16:23,SITE-001,Section C — Nakuru-Eldoret Extension,408.5,2874.3,23.4,Open,SNS-007
TEL-001184,2026-05-14T08:08:10,SITE-001,Section C — Nakuru-Eldoret Extension,476.1,3607.5,21.6,Closed,SNS-008
TEL-002350,2026-06-04T08:15:12,SITE-007,Section D — Sinendet Lateral,314.9,2906.0,27.9,Closed,SNS-011
TEL-004988,2026-07-21T18:37:02,SITE-001,Section A — Mombasa-Nairobi Main,343.9,2555.4,29.1,Partially Open,SNS-014
TEL-003555,2026-06-25T07:14:43,SITE-006,Section F — Kisumu Terminal Link,394.3,3455.4,42.7,Partially Open,SNS-013
TEL-000479,2026-05-01T13:23:01,SITE-007,Section C — Nakuru-Eldoret Extension,324.8,3283.0,34.8,Open,SNS-004
TEL-001605,2026-05-22T02:48:20,SITE-001,Section C — Nakuru-Eldoret Extension,348.8,3038.3,35.4,Open,SNS-001
TEL-001282,2026-05-16T03:14:44,SITE-002,Section F — Kisumu Terminal Link,353.0,5000.0,29.8,Partially Open,SNS-011
TEL-004370,2026-07-10T13:24:16,SITE-003,Section E — Makueni Branch,472.0,4382.5,32.0,Closed,SNS-011
TEL-001399,2026-05-18T11:50:59,mombasa terminal,Section A — Mombasa-Nairobi Main,321.9,2808.1,22.7,Open,SNS-009
TEL-004685,2026-07-16T05:11:13,SITE-004,Section F — Kisumu Terminal Link,317.0,3830.1,29.9,Partially Open,SNS-014
TEL-001935,2026-05-27T16:01:39,SITE-001,Section D — Sinendet Lateral,575.3,1710.2,20.9,Open,SNS-006
TEL-003719,2026-06-28T15:24:39,SITE-005,Section F — Kisumu Terminal Link,361.2,1547.4,24.4,Closed,SNS-014
TEL-002516,2026-06-07T04:08:13,SITE-007,Section B — Nairobi-Nakuru Spur,316.3,2407.4,32.6,Closed,SNS-004
TEL-002832,2026-06-12T21:18:07,SITE-007,Section A — Mombasa-Nairobi Main,358.0,3716.1,29.6,Open,SNS-012
TEL-004686,2026-07-16T06:16:47,SITE-007,Section C — Nakuru-Eldoret Extension,392.5,3220.5,28.4,Partially Open,SNS-009
TEL-001490,2026-05-20T06:24:22,SITE-007,Section E — Makueni Branch,358.3,3049.1,33.2,Open,SNS-001
TEL-000313,2026-04-28T15:53:13,SITE-005,Section E — Makueni Branch,381.7,2278.1,20.6,Open,SNS-001
TEL-003109,2026-06-17T05:11:06,KISUMU,Section E — Makueni Branch,400.4,3452.8,30.8,Closed,SNS-001
TEL-001983,2026-05-28T17:24:10,SINENDET,Section D — Sinendet Lateral,327.2,1000.0,15.0,Partially Open,SNS-014
TEL-000358,2026-04-29T07:52:22,SITE-007,Section C — Nakuru-Eldoret Extension,508.7,2400.6,28.7,Open,SNS-005
TEL-001537,2026-05-21T06:02:26,SITE-005,Section C — Nakuru-Eldoret Extension,479.4,2426.8,26.9,Partially Open,SNS-014
TEL-000277,2026-04-27T21:33:26,makueni section,Section F — Kisumu Terminal Link,348.5,3171.2,29.6,Open,SNS-009
TEL-004417,2026-07-11T08:10:00,KISUMU,Section F — Kisumu Terminal Link,380.8,2676.4,36.0,Open,SNS-014
TEL-002960,2026-06-14T21:17:37,SITE-001,Section E — Makueni Branch,454.8,2578.3,30.3,Closed,SNS-011
TEL-004877,2026-07-19T11:26:50,SITE-002,Section A — Mombasa-Nairobi Main,317.6,,33.1,Partially Open,SNS-005
TEL-002043,2026-05-29T19:41:50,SITE-004,Section A — Mombasa-Nairobi Main,412.6,4647.8,34.9,Closed,SNS-005
TEL-003654,2026-06-27T10:01:05,SITE-003,Section C — Nakuru-Eldoret Extension,431.8,2662.5,30.0,Partially Open,SNS-007
TEL-000286,2026-04-28T02:22:34,SITE-005,Section E — Makueni Branch,463.1,,26.1,Open,SNS-012
TEL-004132,2026-07-05T16:38:54,SITE-006,Section C — Nakuru-Eldoret Extension,371.8,2225.7,42.7,Open,SNS-014
TEL-003158,2026-06-18T02:20:07,Nairobi  Terminal,Section C — Nakuru-Eldoret Extension,700,3817.3,40.0,Closed,SNS-009
TEL-004418,2026-07-11T08:18:49,SITE-003,Section B — Nairobi-Nakuru Spur,367.1,3707.1,25.0,Closed,SNS-013
TEL-001650,2026-05-22T20:58:53,SITE-007,Section B — Nairobi-Nakuru Spur,420.3,4396.6,27.3,Open,SNS-003
TEL-004463,2026-07-12T08:46:21,SINENDET,Section E — Makueni Branch,382.4,3545.4,27.1,Partially Open,SNS-012
TEL-003282,2026-06-20T08:42:53,SITE-004,Section E — Makueni Branch,440.8,3157.7,31.0,Open,SNS-003
TEL-002993,2026-06-15T07:42:16,KISUMU,Section C — Nakuru-Eldoret Extension,508.4,3426.1,41.6,Closed,SNS-014
TEL-003090,2026-06-16T20:59:32,nairobi terminal,Section C — Nakuru-Eldoret Extension,427.9,3901.4,22.9,Open,SNS-002
TEL-003221,2026-06-18T23:30:29,SITE-001,Section E — Makueni Branch,364.6,2950.2,26.0,Open,SNS-011
TEL-003941,2026-07-02T11:25:06,SITE-005,Section C — Nakuru-Eldoret Extension,422.4,3933.8,24.3,Closed,SNS-006
TEL-002748,2026-06-11T12:11:12,Mombasa term,Section B — Nairobi-Nakuru Spur,480.3,2498.2,26.7,Open,SNS-014
TEL-003692,2026-06-28T04:34:24,mombasa terminal,Section D — Sinendet Lateral,422.1,2951.4,40.1,Open,SNS-005
TEL-003847,2026-06-30T21:29:39,SITE-006,Section D — Sinendet Lateral,361.7,3732.4,34.4,Open,SNS-007
TEL-000357,2026-04-29T07:44:57,SITE-004,Section C — Nakuru-Eldoret Extension,465.9,3341.8,31.8,Closed,SNS-003
TEL-000234,2026-04-27T03:16:31,SITE-005,Section A — Mombasa-Nairobi Main,283.8,2821.4,33.6,Open,SNS-007
TEL-003851,2026-06-30T23:01:34,SITE-007,Section A — Mombasa-Nairobi Main,489.7,4197.0,35.2,Open,SNS-007
TEL-000342,2026-04-29T04:16:30,SITE-002,Section C — Nakuru-Eldoret Extension,442.4,2554.0,19.9,Open,SNS-009
TEL-002041,2026-05-29T18:48:18,Sinendet  Pump Station,Section E — Makueni Branch,362.1,1630.4,35.3,Open,SNS-007
TEL-004957,2026-07-21T02:13:08,SITE-007,Section F — Kisumu Terminal Link,395.8,3085.6,30.2,Partially Open,SNS-002
TEL-002534,2026-06-07T14:12:12,SITE-005,Section F — Kisumu Terminal Link,343.0,2865.6,45.0,Open,SNS-013
TEL-003314,2026-06-21T00:48:40,makueni pipeline,Section C — Nakuru-Eldoret Extension,560.9,2790.1,38.1,Partially Open,SNS-005
TEL-002811,2026-06-12T13:44:33,SITE-003,Section F — Kisumu Terminal Link,424.6,3778.9,33.9,Open,SNS-003
TEL-002028,2026-05-29T15:13:20,SITE-004,Section B — Nairobi-Nakuru Spur,535.2,3430.6,34.4,Open,SNS-007
TEL-001345,2026-05-17T04:44:41,SITE-004,Section D — Sinendet Lateral,452.7,3304.1,28.1,Closed,SNS-011
TEL-002996,2026-06-15T08:19:44,SITE-003,Section E — Makueni Branch,267.4,3335.1,32.4,Open,SNS-008
TEL-002950,2026-06-14T18:39:55,SITE-003,Section D — Sinendet Lateral,490.5,2338.6,33.0,Open,SNS-001
TEL-000323,2026-04-28T18:29:39,SITE-005,Section E — Makueni Branch,302.7,2678.1,,Open,SNS-003
TEL-002309,2026-06-03T17:55:02,SITE-003,Section F — Kisumu Terminal Link,451.8,3283.0,31.9,Closed,SNS-007
TEL-000376,2026-04-29T16:16:56,SITE-005,Section A — Mombasa-Nairobi Main,443.3,3205.4,32.1,Closed,SNS-008
TEL-000413,2026-04-30T07:58:47,SITE-007,Section F — Kisumu Terminal Link,381.0,2373.9,31.2,Open,SNS-013
TEL-003578,2026-06-25T19:37:02,SITE-005,Section B — Nairobi-Nakuru Spur,531.6,3738.7,31.6,Open,SNS-014
TEL-001762,2026-05-24T18:28:26,SITE-002,Section C — Nakuru-Eldoret Extension,451.7,1522.3,30.0,Open,SNS-012
TEL-000361,2026-04-29T10:42:06,SITE-007,Section E — Makueni Branch,422.0,2942.1,24.7,Open,SNS-004
TEL-000734,2026-05-06T02:00:37,SITE-003,Section B — Nairobi-Nakuru Spur,324.4,1585.4,34.7,Open,SNS-006
TEL-002990,2026-06-15T06:32:21,SITE-003,Section E — Makueni Branch,445.3,2055.4,37.1,Partially Open,SNS-009
TEL-004964,2026-07-21T06:51:48,SITE-003,Section B — Nairobi-Nakuru Spur,375.7,3187.7,28.7,Partially Open,SNS-001
TEL-003231,2026-06-19T03:40:38,SITE-004,Section D — Sinendet Lateral,383.0,3131.2,32.8,Open,SNS-014
TEL-003397,2026-06-22T12:37:43,SITE-005,Section F — Kisumu Terminal Link,511.2,3241.9,23.1,Open,SNS-001
TEL-004354,2026-07-10T05:37:09,SITE-005,Section C — Nakuru-Eldoret Extension,449.4,3130.7,25.2,Open,SNS-010
TEL-002192,2026-06-01T16:18:32,SITE-007,Section D — Sinendet Lateral,475.3,3534.9,41.7,Closed,SNS-002
TEL-002878,2026-06-13T16:38:43,Makueni PS,Section B — Nairobi-Nakuru Spur,354.4,1977.7,37.6,Closed,SNS-014
TEL-001463,2026-05-19T19:39:50,Eldoret  Terminal,Section C — Nakuru-Eldoret Extension,462.1,2581.6,37.6,Open,SNS-001
TEL-001917,2026-05-27T05:44:40,SITE-006,Section C — Nakuru-Eldoret Extension,446.4,4381.7,36.3,Open,SNS-009
TEL-000736,2026-05-06T02:31:35,SITE-001,Section D — Sinendet Lateral,234.5,2363.4,38.6,Closed,SNS-009
TEL-000505,2026-05-02T02:39:44,SITE-002,Section B — Nairobi-Nakuru Spur,424.3,3625.4,39.9,Partially Open,SNS-004
TEL-002648,2026-06-09T15:37:26,SITE-001,Section B — Nairobi-Nakuru Spur,386.3,3509.1,17.3,Open,SNS-007
TEL-003769,2026-06-29T12:27:06,Kipevu terminal,Section D — Sinendet Lateral,391.0,1622.2,34.6,Open,SNS-011
TEL-000405,2026-04-30T02:49:04,SITE-001,Section E — Makueni Branch,349.1,3465.8,16.3,Open,SNS-004
TEL-001247,2026-05-15T10:36:36,SITE-006,Section D — Sinendet Lateral,385.3,4380.9,16.9,Closed,SNS-005
TEL-003788,2026-06-29T19:27:02,SITE-001,Section C — Nakuru-Eldoret Extension,494.8,3151.1,23.0,Partially Open,SNS-003
TEL-000996,2026-05-10T20:16:12,SITE-002,Section C — Nakuru-Eldoret Extension,385.1,2107.4,26.4,Partially Open,SNS-001
TEL-000467,2026-05-01T07:13:54,SITE-007,Section B — Nairobi-Nakuru Spur,373.1,2621.1,35.5,Open,SNS-008
TEL-000773,2026-05-06T20:38:54,SITE-002,Section E — Makueni Branch,417.9,3787.6,32.0,Open,SNS-012
TEL-000404,2026-04-30T01:59:58,SITE-003,Section A — Mombasa-Nairobi Main,286.4,3648.4,27.8,Open,SNS-012
TEL-000752,2026-05-06T10:40:55,Makueni PS,Section A — Mombasa-Nairobi Main,431.0,2246.7,37.5,Closed,SNS-010
TEL-000867,2026-05-08T11:20:06,SITE-001,Section E — Makueni Branch,386.0,2976.8,31.3,Closed,SNS-001
TEL-002895,2026-06-13T22:40:02,SITE-002,Section B — Nairobi-Nakuru Spur,327.3,3422.3,33.7,Open,SNS-009
TEL-003549,2026-06-25T06:07:42,Nakuru dep,Section B — Nairobi-Nakuru Spur,289.3,2583.5,29.7,Open,SNS-013
TEL-003094,2026-06-16T23:05:54,SITE-003,Section B — Nairobi-Nakuru Spur,551.1,3850.6,29.4,Closed,SNS-002
TEL-002196,2026-06-01T17:06:30,SITE-005,Section B — Nairobi-Nakuru Spur,382.5,4202.4,28.6,Closed,SNS-010
TEL-003241,2026-06-19T10:47:49,SITE-003,Section C — Nakuru-Eldoret Extension,360.6,2279.6,41.5,Closed,SNS-009
TEL-001426,2026-05-19T06:03:35,SITE-005,Section A — Mombasa-Nairobi Main,395.3,2656.7,25.7,Closed,SNS-011
TEL-003565,2026-06-25T11:36:32,SITE-003,Section C — Nakuru-Eldoret Extension,338.8,4007.6,36.1,Open,SNS-013
TEL-003591,2026-06-26T03:52:05,SITE-006,Section C — Nakuru-Eldoret Extension,395.1,3193.4,27.0,Partially Open,SNS-005
TEL-003089,2026-06-16T20:02:34,SITE-001,Section F — Kisumu Terminal Link,454.7,3116.3,25.8,Open,SNS-014
TEL-000153,2026-04-25T23:53:13,SITE-005,Section B — Nairobi-Nakuru Spur,248.7,3341.5,39.4,Open,SNS-011
TEL-003762,2026-06-29T09:30:13,SITE-003,Section F — Kisumu Terminal Link,424.4,2733.3,38.2,Open,SNS-007
TEL-002401,2026-06-05T04:17:46,SITE-002,Section F — Kisumu Terminal Link,326.2,2937.6,34.3,Closed,SNS-007
TEL-004833,2026-07-18T18:00:24,SITE-004,Section F — Kisumu Terminal Link,344.4,4239.1,38.0,Open,SNS-008
TEL-004931,2026-07-20T13:20:56,SITE-005,Section E — Makueni Branch,371.9,2190.6,32.1,Open,SNS-003
TEL-003254,2026-06-19T19:51:26,SITE-004,Section C — Nakuru-Eldoret Extension,418.5,2571.4,28.2,Open,SNS-005
TEL-003249,2026-06-19T15:44:47,SITE-003,Section D — Sinendet Lateral,311.6,3079.0,34.8,Open,SNS-014
TEL-002667,2026-06-10T01:04:31,SITE-002,Section D — Sinendet Lateral,356.8,4073.6,17.7,Closed,SNS-005
TEL-000975,2026-05-10T13:57:30,SITE-003,Section B — Nairobi-Nakuru Spur,444.1,3402.4,25.9,Partially Open,SNS-007
TEL-000660,2026-05-04T21:47:57,SITE-002,Section D — Sinendet Lateral,399.1,2014.4,34.9,Partially Open,SNS-008
TEL-000792,2026-05-07T07:18:03,SITE-004,Section C — Nakuru-Eldoret Extension,322.6,4556.8,35.5,Closed,SNS-009
TEL-002647,2026-06-09T14:25:33,SITE-002,Section F — Kisumu Terminal Link,321.8,2872.9,40.6,Closed,SNS-004
TEL-001929,2026-05-27T11:37:59,MOMBASA,Section A — Mombasa-Nairobi Main,310.8,2727.6,30.8,Open,SNS-010
TEL-001300,2026-05-16T09:25:21,SITE-005,Section E — Makueni Branch,449.1,2790.7,27.4,Open,SNS-003
TEL-002958,2026-06-14T20:41:26,SITE-003,Section F — Kisumu Terminal Link,308.0,2062.2,33.8,Open,SNS-004
TEL-000200,2026-04-26T15:04:31,SITE-006,Section A — Mombasa-Nairobi Main,431.4,2529.4,35.4,Closed,SNS-012
TEL-004268,2026-07-08T13:35:31,SITE-002,Section F — Kisumu Terminal Link,446.8,1536.4,34.4,Open,SNS-010
TEL-001574,2026-05-21T16:58:33,Mombasa term,Section A — Mombasa-Nairobi Main,507.6,2777.0,38.2,Open,SNS-011
TEL-003129,2026-06-17T13:53:42,SITE-004,Section F — Kisumu Terminal Link,552.8,2217.5,28.9,Partially Open,SNS-007
TEL-000325,2026-04-28T18:54:58,Eldoret  Terminal,Section B — Nairobi-Nakuru Spur,545.4,2469.8,34.3,Closed,SNS-001
TEL-003313,2026-06-21T00:29:23,SITE-003,Section D — Sinendet Lateral,462.3,2653.2,23.2,Partially Open,SNS-001
TEL-001397,2026-05-18T11:19:53,SINENDET,Section B — Nairobi-Nakuru Spur,479.4,3521.6,30.6,Open,SNS-013
TEL-002411,2026-06-05T08:31:12,NAIROBI,Section B — Nairobi-Nakuru Spur,356.7,2109.9,15.0,Open,SNS-004
TEL-001641,2026-05-22T18:01:59,SITE-004,Section A — Mombasa-Nairobi Main,342.8,2484.9,28.1,Partially Open,SNS-008
TEL-002567,2026-06-08T03:34:53,SITE-005,Section C — Nakuru-Eldoret Extension,,1680.5,21.7,Open,SNS-013
TEL-004383,2026-07-10T18:20:11,SITE-006,Section B — Nairobi-Nakuru Spur,398.6,4339.4,32.2,Closed,SNS-005
TEL-000672,2026-05-05T01:14:44,SITE-001,Section B — Nairobi-Nakuru Spur,422.4,2950.4,29.3,Closed,SNS-005
TEL-003126,2026-06-17T13:35:02,SITE-007,Section F — Kisumu Terminal Link,407.0,3509.0,31.0,Open,SNS-007
TEL-003534,2026-06-25T00:18:47,SITE-001,Section F — Kisumu Terminal Link,459.9,3313.6,33.7,Partially Open,SNS-005
TEL-001488,2026-05-20T05:29:57,SITE-003,Section E — Makueni Branch,439.8,2751.2,39.5,Closed,SNS-008
TEL-001840,2026-05-25T20:19:12,SITE-005,Section B — Nairobi-Nakuru Spur,377.5,2943.7,34.0,Open,SNS-011
TEL-004247,2026-07-08T02:40:23,SITE-006,Section A — Mombasa-Nairobi Main,400.9,1385.7,42.3,Open,SNS-014
TEL-004001,2026-07-03T12:00:42,SITE-006,Section B — Nairobi-Nakuru Spur,398.6,2521.8,31.2,Partially Open,SNS-001
TEL-004460,2026-07-12T07:28:41,SITE-004,Section F — Kisumu Terminal Link,441.3,3366.2,26.6,Partially Open,SNS-014
TEL-000787,2026-05-07T04:57:03,SITE-006,Section C — Nakuru-Eldoret Extension,458.2,2805.4,30.3,Closed,SNS-006
TEL-001479,2026-05-20T01:51:50,SITE-002,Section D — Sinendet Lateral,302.8,3799.1,27.7,Open,SNS-009
TEL-000273,2026-04-27T19:36:38,SITE-003,Section E — Makueni Branch,435.8,3235.1,33.3,Open,SNS-009
TEL-002441,2026-06-05T21:14:18,SITE-007,Section E — Makueni Branch,236.1,2850.1,31.4,Closed,SNS-003
TEL-004860,2026-07-19T03:09:11,SITE-002,Section F — Kisumu Terminal Link,580.1,3013.9,37.7,Closed,SNS-002
TEL-002992,2026-06-15T07:33:03,SITE-002,Section E — Makueni Branch,258.2,2997.3,21.6,Open,SNS-002
TEL-002258,2026-06-02T21:05:56,SITE-002,Section A — Mombasa-Nairobi Main,374.3,3509.7,,Closed,SNS-006
TEL-002326,2026-06-03T23:07:04,SITE-007,Section C — Nakuru-Eldoret Extension,398.5,3538.6,29.2,Closed,SNS-003
TEL-003042,2026-06-16T02:17:54,ELDORET,Section D — Sinendet Lateral,379.0,3389.8,30.4,Open,SNS-010
TEL-000629,2026-05-04T09:00:23,SITE-004,Section B — Nairobi-Nakuru Spur,443.3,3014.6,33.1,Partially Open,SNS-008
TEL-001706,2026-05-23T19:10:25,SITE-006,Section D — Sinendet Lateral,279.2,,24.1,Open,SNS-014
TEL-003636,2026-06-27T01:25:41,SITE-006,Section C — Nakuru-Eldoret Extension,434.2,3284.5,28.6,Open,SNS-013
TEL-003037,2026-06-16T00:34:27,SITE-003,Section D — Sinendet Lateral,426.8,2609.9,40.4,Closed,SNS-008
TEL-003043,2026-06-16T02:25:33,SITE-001,Section B — Nairobi-Nakuru Spur,420.5,3614.4,28.6,Open,SNS-003
TEL-000943,2026-05-09T21:12:14,SITE-002,Section E — Makueni Branch,355.4,,25.9,Closed,SNS-002
TEL-002861,2026-06-13T10:29:34,SITE-001,Section A — Mombasa-Nairobi Main,330.9,2594.5,32.4,Open,SNS-014
TEL-002938,2026-06-14T16:11:16,SITE-001,Section C — Nakuru-Eldoret Extension,581.6,2485.8,26.8,Open,SNS-007
TEL-000549,2026-05-02T19:50:07,SITE-004,Section A — Mombasa-Nairobi Main,385.3,3186.2,25.9,Closed,SNS-007
TEL-001320,2026-05-16T17:54:46,SITE-006,Section F — Kisumu Terminal Link,448.0,2445.9,32.8,Open,SNS-010
TEL-003036,2026-06-15T23:55:59,SITE-003,Section F — Kisumu Terminal Link,490.9,3968.3,32.7,Closed,SNS-010
TEL-002646,2026-06-09T13:53:42,sinendet pump,Section E — Makueni Branch,451.0,2659.0,31.8,Open,SNS-009
TEL-003716,2026-06-28T14:46:38,Nakuru  Depot,Section A — Mombasa-Nairobi Main,522.1,1665.5,32.9,Open,SNS-013
TEL-004665,2026-07-15T22:21:32,SITE-005,Section C — Nakuru-Eldoret Extension,264.7,3717.6,34.8,Open,SNS-013
TEL-002332,2026-06-04T01:07:13,nakuru depot,Section A — Mombasa-Nairobi Main,372.3,4050.1,36.7,Closed,SNS-014
TEL-002505,2026-06-06T23:49:08,SITE-007,Section E — Makueni Branch,300.6,2889.8,33.1,Closed,SNS-005
TEL-002914,2026-06-14T07:35:43,SITE-005,Section B — Nairobi-Nakuru Spur,499.4,3504.1,37.0,Open,SNS-007
TEL-001741,2026-05-24T08:15:43,SITE-004,Section E — Makueni Branch,303.0,5000.0,42.5,Closed,SNS-010
TEL-002477,2026-06-06T13:49:00,SITE-004,Section D — Sinendet Lateral,396.1,3420.0,31.3,Open,SNS-014
TEL-003059,2026-06-16T10:05:29,SITE-007,Section B — Nairobi-Nakuru Spur,493.7,3994.7,26.0,Open,SNS-002
TEL-004116,2026-07-05T09:35:22,SITE-006,Section D — Sinendet Lateral,424.8,1535.0,41.8,Partially Open,SNS-007
TEL-004585,2026-07-14T11:07:52,Eldoret term,Section F — Kisumu Terminal Link,492.8,4579.7,39.5,Partially Open,SNS-003
TEL-001545,2026-05-21T08:44:20,SITE-001,Section B — Nairobi-Nakuru Spur,438.3,2741.1,22.4,Closed,SNS-012
TEL-001589,2026-05-21T21:05:09,SITE-003,Section F — Kisumu Terminal Link,359.1,1652.5,24.0,Open,SNS-009
TEL-003436,2026-06-23T07:53:19,SITE-006,Section A — Mombasa-Nairobi Main,361.8,2076.2,15.2,Closed,SNS-008
TEL-004806,2026-07-18T08:48:40,SITE-005,Section B — Nairobi-Nakuru Spur,428.8,3114.5,32.8,Open,SNS-006
TEL-003884,2026-07-01T14:37:14,SITE-005,Section E — Makueni Branch,468.8,4317.8,26.4,Closed,SNS-013
TEL-000908,2026-05-09T01:22:46,SITE-005,Section F — Kisumu Terminal Link,241.9,2795.2,29.5,Open,SNS-008
TEL-002629,2026-06-09T07:28:36,SITE-001,Section E — Makueni Branch,286.9,3150.7,24.4,Open,SNS-010
TEL-002408,2026-06-05T07:23:46,SITE-004,Section B — Nairobi-Nakuru Spur,508.6,2795.2,24.5,Partially Open,SNS-010
TEL-002231,2026-06-02T08:56:01,SITE-006,Section F — Kisumu Terminal Link,429.5,2421.6,22.5,Open,SNS-009
TEL-004335,2026-07-09T21:06:10,SITE-005,Section E — Makueni Branch,534.1,2813.2,29.3,Open,SNS-006
TEL-001112,2026-05-12T21:29:21,SITE-003,Section D — Sinendet Lateral,312.0,2870.8,33.0,Open,SNS-003
TEL-002214,2026-06-02T02:45:51,SITE-001,Section C — Nakuru-Eldoret Extension,544.4,2409.1,26.5,Open,SNS-003
TEL-003640,2026-06-27T03:07:40,SITE-007,Section F — Kisumu Terminal Link,491.6,3819.2,25.4,Partially Open,SNS-005
TEL-004257,2026-07-08T08:35:14,SITE-002,Section B — Nairobi-Nakuru Spur,352.8,3241.4,30.8,Partially Open,SNS-014
TEL-002169,2026-06-01T00:30:01,Nairobi term,Section B — Nairobi-Nakuru Spur,313.5,3258.8,27.4,Open,SNS-004
TEL-003075,2026-06-16T15:14:35,SITE-003,Section E — Makueni Branch,424.9,3154.0,30.3,Open,SNS-011
TEL-002952,2026-06-14T18:59:03,SITE-004,Section A — Mombasa-Nairobi Main,509.4,3765.1,30.7,Closed,SNS-013
TEL-000872,2026-05-08T13:30:23,SITE-004,Section A — Mombasa-Nairobi Main,411.5,3464.3,35.2,Closed,SNS-013
TEL-004393,2026-07-10T23:11:28,mombasa terminal,Section D — Sinendet Lateral,276.4,2804.2,27.2,Closed,SNS-006
TEL-004616,2026-07-14T22:01:22,SITE-006,Section A — Mombasa-Nairobi Main,381.1,3140.3,41.3,Closed,SNS-002
TEL-003099,2026-06-17T00:35:37,SITE-001,Section A — Mombasa-Nairobi Main,263.3,4134.2,19.7,Open,SNS-008
TEL-002432,2026-06-05T19:20:26,SITE-003,Section A — Mombasa-Nairobi Main,353.1,2909.4,25.7,Open,SNS-003
TEL-001869,2026-05-26T06:14:47,SITE-002,Section F — Kisumu Terminal Link,371.8,2586.3,23.8,Open,SNS-012
TEL-004718,2026-07-16T18:38:42,SITE-004,Section E — Makueni Branch,406.5,3064.8,20.9,Open,SNS-001
TEL-000649,2026-05-04T18:21:36,SITE-002,Section B — Nairobi-Nakuru Spur,542.0,2619.5,34.3,Open,SNS-013
TEL-000719,2026-05-05T20:46:38,SITE-005,Section F — Kisumu Terminal Link,397.7,2905.3,38.0,Partially Open,SNS-011
TEL-003859,2026-07-01T01:13:48,SITE-006,Section B — Nairobi-Nakuru Spur,366.0,3647.2,29.6,Open,SNS-010
TEL-003292,2026-06-20T13:42:45,SITE-003,Section F — Kisumu Terminal Link,514.3,2356.4,32.2,Partially Open,SNS-005
TEL-002653,2026-06-09T17:37:07,SITE-002,Section C — Nakuru-Eldoret Extension,239.7,3994.1,37.7,Open,SNS-011
TEL-003738,2026-06-29T00:31:22,MOMBASA,Section D — Sinendet Lateral,337.2,3663.1,30.6,Open,SNS-002
TEL-003236,2026-06-19T06:20:11,NAKURU,Section A — Mombasa-Nairobi Main,317.1,2680.4,29.5,Open,SNS-006
TEL-003526,2026-06-24T22:18:14,SITE-006,Section F — Kisumu Terminal Link,364.5,3715.5,37.8,Closed,SNS-004
TEL-004798,2026-07-18T06:14:41,SITE-004,Section D — Sinendet Lateral,334.5,3279.0,27.3,Open,SNS-011
TEL-001960,2026-05-28T02:59:33,Mombasa  Terminal,Section D — Sinendet Lateral,483.2,2765.0,31.9,Open,SNS-010
TEL-003861,2026-07-01T03:25:38,MAKUENI,Section F — Kisumu Terminal Link,278.3,3129.6,24.4,Closed,SNS-007
TEL-004069,2026-07-04T14:51:11,SITE-005,Section B — Nairobi-Nakuru Spur,388.6,3441.3,25.5,Open,SNS-006
TEL-003069,2026-06-16T12:52:06,SITE-001,Section D — Sinendet Lateral,390.5,2434.2,36.9,Closed,SNS-009
TEL-004802,2026-07-18T07:32:54,eldoret terminal,Section F — Kisumu Terminal Link,511.7,2652.7,27.8,Open,SNS-010
TEL-001328,2026-05-16T20:02:23,SITE-004,Section B — Nairobi-Nakuru Spur,379.6,2768.5,25.8,Closed,SNS-012
TEL-001455,2026-05-19T17:30:56,SITE-005,Section B — Nairobi-Nakuru Spur,276.7,3806.8,28.3,Closed,SNS-012
TEL-002471,2026-06-06T10:09:05,SITE-003,Section D — Sinendet Lateral,453.0,2926.0,21.9,Open,SNS-014
TEL-000296,2026-04-28T08:23:04,SITE-005,Section D — Sinendet Lateral,599.1,3123.0,34.8,Open,SNS-008
TEL-002109,2026-05-30T20:13:57,SITE-006,Section A — Mombasa-Nairobi Main,350.6,2888.3,29.7,Partially Open,SNS-001
TEL-002596,2026-06-08T17:41:28,SITE-003,Section F — Kisumu Terminal Link,381.6,3308.7,41.9,Open,SNS-012
TEL-004077,2026-07-04T20:08:30,SITE-002,Section E — Makueni Branch,469.9,4045.4,29.1,Closed,SNS-014
TEL-000109,2026-04-25T02:42:54,SITE-005,Section F — Kisumu Terminal Link,440.4,3525.1,33.5,Closed,SNS-010
TEL-001871,2026-05-26T07:08:28,SITE-004,Section C — Nakuru-Eldoret Extension,429.8,3649.1,29.4,Partially Open,SNS-003
TEL-003970,2026-07-02T23:54:04,SITE-006,Section C — Nakuru-Eldoret Extension,370.3,2326.4,34.8,Closed,SNS-012
TEL-002421,2026-06-05T13:22:26,SITE-004,Section D — Sinendet Lateral,337.2,3211.6,29.9,Open,SNS-009
TEL-001063,2026-05-12T01:56:05,SITE-002,Section D — Sinendet Lateral,364.0,2776.2,33.3,Closed,SNS-012
TEL-002474,2026-06-06T12:01:14,SITE-001,Section D — Sinendet Lateral,400.8,2190.7,27.6,Open,SNS-012
TEL-003845,2026-06-30T20:20:58,KISUMU,Section C — Nakuru-Eldoret Extension,200.0,2625.2,41.2,Open,SNS-002
TEL-001062,2026-05-12T01:13:53,SITE-006,Section A — Mombasa-Nairobi Main,434.9,2095.7,42.5,Partially Open,SNS-009
TEL-002385,2026-06-04T22:14:24,SITE-005,Section F — Kisumu Terminal Link,462.0,3100.5,19.4,Open,SNS-004
TEL-003796,2026-06-29T23:50:19,SITE-001,Section C — Nakuru-Eldoret Extension,407.4,3123.1,20.2,Closed,SNS-002
TEL-002293,2026-06-03T11:57:55,SITE-002,Section A — Mombasa-Nairobi Main,850,2435.5,35.7,Open,SNS-010
TEL-003227,2026-06-19T03:21:48,SITE-007,Section E — Makueni Branch,399.3,2978.6,15.0,Partially Open,SNS-003
TEL-004544,2026-07-13T22:27:31,SITE-002,Section E — Makueni Branch,374.1,1560.6,33.3,Closed,SNS-009
TEL-003187,2026-06-18T11:56:51,SITE-003,Section C — Nakuru-Eldoret Extension,365.5,2764.4,37.0,Partially Open,SNS-003
TEL-000497,2026-05-01T22:43:30,SITE-002,Section B — Nairobi-Nakuru Spur,370.8,3027.2,32.7,Partially Open,SNS-005
TEL-001130,2026-05-13T07:49:37,SITE-005,Section B — Nairobi-Nakuru Spur,420.3,3683.5,34.2,Closed,SNS-007
TEL-002172,2026-06-01T02:03:50,SITE-007,Section A — Mombasa-Nairobi Main,380.4,3114.6,34.4,Partially Open,SNS-005
TEL-000696,2026-05-05T08:44:31,SITE-006,Section D — Sinendet Lateral,381.0,2588.4,22.4,Partially Open,SNS-008
TEL-001110,2026-05-12T21:26:12,SITE-007,Section B — Nairobi-Nakuru Spur,481.9,1829.3,43.7,Open,SNS-011
TEL-003463,2026-06-23T23:50:01,SITE-004,Section B — Nairobi-Nakuru Spur,326.2,,28.3,Open,SNS-005
TEL-000886,2026-05-08T17:54:52,SITE-006,Section C — Nakuru-Eldoret Extension,435.5,2679.0,31.3,Partially Open,SNS-005
TEL-002835,2026-06-12T22:55:25,makueni section,Section D — Sinendet Lateral,495.2,4604.5,40.0,Partially Open,SNS-006
TEL-004609,2026-07-14T19:47:47,SITE-007,Section D — Sinendet Lateral,547.1,2532.2,36.9,Partially Open,SNS-013
TEL-000165,2026-04-26T03:36:07,SITE-006,Section A — Mombasa-Nairobi Main,393.0,1000.0,32.9,Open,SNS-011
TEL-003296,2026-06-20T15:25:32,SITE-007,Section B — Nairobi-Nakuru Spur,453.0,1507.2,24.9,Open,SNS-006
TEL-003978,2026-07-03T02:02:56,SITE-002,Section E — Makueni Branch,581.0,4631.6,30.1,Partially Open,SNS-007
TEL-002007,2026-05-29T08:06:38,SITE-007,Section F — Kisumu Terminal Link,500.2,2627.1,36.7,Closed,SNS-013
TEL-000178,2026-04-26T07:19:17,Kisumu  Terminal,Section C — Nakuru-Eldoret Extension,371.3,3837.5,34.2,Open,SNS-003
TEL-002949,2026-06-14T18:24:27,Kipevu terminal,Section D — Sinendet Lateral,,5000.0,21.7,Closed,SNS-010
TEL-000188,2026-04-26T11:01:24,SITE-003,Section B — Nairobi-Nakuru Spur,472.0,2744.7,33.3,Closed,SNS-014
TEL-002199,2026-06-01T19:57:29,SITE-006,Section A — Mombasa-Nairobi Main,384.6,1710.2,23.7,Closed,SNS-010
TEL-003967,2026-07-02T21:30:41,SITE-004,Section B — Nairobi-Nakuru Spur,278.8,4742.5,25.9,Partially Open,SNS-003
TEL-004281,2026-07-08T18:53:19,SITE-001,Section E — Makueni Branch,476.5,2502.9,32.5,Closed,SNS-014
TEL-003782,2026-06-29T17:52:18,SITE-004,Section D — Sinendet Lateral,416.1,2030.1,26.7,Partially Open,SNS-003
TEL-001182,2026-05-14T07:53:39,SITE-003,Section C — Nakuru-Eldoret Extension,406.8,1633.4,26.8,Open,SNS-006
TEL-003928,2026-07-02T06:14:55,SITE-001,Section E — Makueni Branch,313.1,3212.6,29.0,Closed,SNS-006
TEL-002679,2026-06-10T07:45:05,SITE-003,Section E — Makueni Branch,406.9,2611.8,32.9,Open,SNS-001
TEL-002384,2026-06-04T21:49:57,SITE-005,Section E — Makueni Branch,350.4,5000.0,19.7,Partially Open,SNS-009
TEL-003809,2026-06-30T06:18:13,SITE-005,Section A — Mombasa-Nairobi Main,353.9,3539.3,34.4,Open,SNS-009
TEL-002551,2026-06-07T20:13:53,SITE-007,Section B — Nairobi-Nakuru Spur,420.0,2455.6,29.7,Closed,SNS-002
TEL-001909,2026-05-27T01:08:35,makueni section,Section B — Nairobi-Nakuru Spur,474.5,2702.0,25.4,Closed,SNS-006
TEL-002306,2026-06-03T16:57:33,SITE-002,Section F — Kisumu Terminal Link,368.4,3713.6,22.9,Open,SNS-004
TEL-003439,2026-06-23T09:36:54,SITE-006,Section C — Nakuru-Eldoret Extension,393.4,2256.7,27.9,Open,SNS-005
TEL-001116,2026-05-12T23:52:17,SITE-004,Section A — Mombasa-Nairobi Main,407.0,3088.2,31.6,Closed,SNS-011
TEL-004518,2026-07-13T09:50:55,SITE-004,Section B — Nairobi-Nakuru Spur,600.0,3885.5,27.1,Open,SNS-012
TEL-001405,2026-05-18T16:33:19,Kisumu  Terminal,Section B — Nairobi-Nakuru Spur,430.3,1000.0,25.5,Open,SNS-007
TEL-001388,2026-05-18T06:36:36,SITE-007,Section E — Makueni Branch,424.7,2253.7,25.4,Open,SNS-011
TEL-003150,2026-06-17T21:55:58,SITE-002,Section C — Nakuru-Eldoret Extension,348.0,1992.3,40.6,Open,SNS-013
TEL-000213,2026-04-26T20:18:48,SITE-005,Section A — Mombasa-Nairobi Main,-33.6,3208.1,30.7,Closed,SNS-005
TEL-002716,2026-06-10T18:48:25,SITE-006,Section F — Kisumu Terminal Link,485.0,3082.9,30.1,Partially Open,SNS-014
TEL-003691,2026-06-28T04:08:12,SITE-001,Section F — Kisumu Terminal Link,329.0,3297.5,29.0,Open,SNS-011
TEL-003202,2026-06-18T16:53:06,eldoret terminal,Section E — Makueni Branch,421.6,2228.5,25.2,Open,SNS-006
TEL-004274,2026-07-08T16:19:29,SITE-004,Section D — Sinendet Lateral,479.0,3531.3,29.4,Open,SNS-013
TEL-000857,2026-05-08T04:39:47,SITE-005,Section A — Mombasa-Nairobi Main,387.3,2306.2,27.5,Partially Open,SNS-014
TEL-001468,2026-05-19T22:16:20,SITE-004,Section D — Sinendet Lateral,419.0,4627.7,21.0,Open,SNS-006
TEL-002076,2026-05-30T08:33:38,SITE-002,Section C — Nakuru-Eldoret Extension,460.4,3823.3,45.0,Open,SNS-012
TEL-003297,2026-06-20T16:11:13,SITE-004,Section E — Makueni Branch,402.5,3424.7,35.3,Closed,SNS-006
TEL-002842,2026-06-13T01:07:05,SITE-001,Section B — Nairobi-Nakuru Spur,356.8,4085.9,32.0,Partially Open,SNS-007
TEL-003609,2026-06-26T14:38:10,SITE-007,Section D — Sinendet Lateral,548.8,1430.7,29.1,Open,SNS-010
TEL-001552,2026-05-21T10:44:44,SITE-001,Section D — Sinendet Lateral,448.7,,37.3,Open,SNS-012
TEL-004805,2026-07-18T07:45:27,SITE-007,Section A — Mombasa-Nairobi Main,456.1,2392.7,42.1,Open,SNS-008
TEL-003777,2026-06-29T16:23:27,SITE-003,Section F — Kisumu Terminal Link,421.3,1946.4,45.0,Open,SNS-010
TEL-001919,2026-05-27T05:54:44,SITE-007,Section A — Mombasa-Nairobi Main,448.3,2119.2,33.9,Closed,SNS-001
TEL-004591,2026-07-14T13:26:38,SITE-006,Section B — Nairobi-Nakuru Spur,382.4,1939.4,31.2,Open,SNS-008
TEL-002133,2026-05-31T06:44:44,SITE-002,Section E — Makueni Branch,443.2,4778.0,28.9,Partially Open,SNS-010
TEL-001080,2026-05-12T08:07:16,SITE-006,Section D — Sinendet Lateral,428.2,3452.3,36.1,Closed,SNS-001
TEL-004317,2026-07-09T12:52:38,Makueni PS,Section D — Sinendet Lateral,431.8,3332.6,35.7,Closed,SNS-001
TEL-000094,2026-04-24T17:13:27,SITE-002,Section C — Nakuru-Eldoret Extension,489.9,2646.8,30.3,Open,SNS-001
TEL-000681,2026-05-05T04:48:33,SITE-005,Section E — Makueni Branch,503.8,2944.3,35.6,Closed,SNS-004
TEL-000753,2026-05-06T10:46:00,SITE-002,Section A — Mombasa-Nairobi Main,486.4,2310.8,34.3,Open,SNS-005
TEL-002209,2026-06-01T23:20:33,SITE-004,Section F — Kisumu Terminal Link,519.1,2982.0,33.1,Closed,SNS-008
TEL-002943,2026-06-14T17:35:20,SITE-002,Section C — Nakuru-Eldoret Extension,482.3,2036.6,29.1,Closed,SNS-003
TEL-001018,2026-05-11T04:05:36,SITE-007,Section A — Mombasa-Nairobi Main,380.2,3446.7,30.0,Partially Open,SNS-010
TEL-002286,2026-06-03T09:27:24,SITE-006,Section D — Sinendet Lateral,403.3,3208.3,31.3,Open,SNS-014
TEL-001239,2026-05-15T08:50:28,SITE-004,Section E — Makueni Branch,490.0,3437.9,35.3,Open,SNS-014
TEL-003779,2026-06-29T16:35:56,SITE-007,Section B — Nairobi-Nakuru Spur,325.1,5000.0,35.1,Open,SNS-006
TEL-004402,2026-07-11T02:27:48,SITE-002,Section A — Mombasa-Nairobi Main,320.7,2620.5,32.0,Closed,SNS-014
TEL-004334,2026-07-09T20:40:18,SITE-007,Section C — Nakuru-Eldoret Extension,600.0,4468.9,28.5,Closed,SNS-011
TEL-003679,2026-06-28T00:20:50,SITE-003,Section F — Kisumu Terminal Link,472.9,3530.4,45.0,Open,SNS-014
TEL-003102,2026-06-17T01:13:47,SITE-005,Section C — Nakuru-Eldoret Extension,300.2,1000.0,25.9,Partially Open,SNS-004
TEL-004239,2026-07-07T22:48:01,SITE-002,Section D — Sinendet Lateral,405.9,2953.7,29.5,Open,SNS-010
TEL-001892,2026-05-26T18:02:20,Nairobi term,Section E — Makueni Branch,549.9,3733.5,27.4,Open,SNS-007
TEL-004160,2026-07-06T08:11:37,SITE-002,Section B — Nairobi-Nakuru Spur,457.2,3151.3,34.9,Partially Open,SNS-003
TEL-002001,2026-05-29T04:04:32,Nairobi  Terminal,Section F — Kisumu Terminal Link,516.3,2053.3,33.4,Closed,SNS-004
TEL-000368,2026-04-29T11:55:01,SITE-005,Section B — Nairobi-Nakuru Spur,464.8,3851.3,33.6,Open,SNS-006
TEL-002341,2026-06-04T05:08:53,SITE-006,Section C — Nakuru-Eldoret Extension,463.3,3147.3,41.6,Partially Open,SNS-007
TEL-002603,2026-06-08T20:14:48,NKR Depot,Section C — Nakuru-Eldoret Extension,423.2,1640.1,39.3,Closed,SNS-007
TEL-000676,2026-05-05T03:12:45,SITE-004,Section A — Mombasa-Nairobi Main,412.4,2807.8,33.1,Closed,SNS-007
TEL-002902,2026-06-14T01:20:53,SITE-006,Section A — Mombasa-Nairobi Main,420.8,2892.0,34.8,Partially Open,SNS-005
TEL-003603,2026-06-26T12:03:01,SITE-007,Section C — Nakuru-Eldoret Extension,429.3,2923.9,34.6,Open,SNS-008
TEL-000889,2026-05-08T18:13:18,SITE-006,Section B — Nairobi-Nakuru Spur,438.8,2687.9,34.5,Open,SNS-001
TEL-000057,2026-04-24T03:40:22,SITE-001,Section B — Nairobi-Nakuru Spur,342.3,2970.2,33.9,Closed,SNS-005
TEL-004095,2026-07-05T00:53:01,SITE-003,Section E — Makueni Branch,351.7,3151.6,22.8,Open,SNS-005
TEL-002014,2026-05-29T11:17:16,SITE-002,Section A — Mombasa-Nairobi Main,233.1,2647.3,23.2,Closed,SNS-012
TEL-000802,2026-05-07T09:52:02,SITE-002,Section B — Nairobi-Nakuru Spur,534.9,2173.6,21.1,Closed,SNS-004
TEL-004656,2026-07-15T17:06:08,SITE-005,Section A — Mombasa-Nairobi Main,600.0,4344.0,30.1,Closed,SNS-007
TEL-004683,2026-07-16T04:54:14,SITE-003,Section B — Nairobi-Nakuru Spur,336.2,2743.1,24.7,Open,SNS-013
TEL-000944,2026-05-09T21:25:20,SITE-005,Section B — Nairobi-Nakuru Spur,491.0,3673.5,24.0,Open,SNS-013
TEL-000643,2026-05-04T16:16:53,SITE-003,Section D — Sinendet Lateral,407.8,4145.6,31.2,Partially Open,SNS-012
TEL-002736,2026-06-11T09:08:11,SITE-002,Section C — Nakuru-Eldoret Extension,337.9,3320.3,30.6,Closed,SNS-003
TEL-000406,2026-04-30T02:49:25,SITE-006,Section F — Kisumu Terminal Link,530.8,2825.8,38.5,Open,SNS-014
TEL-004536,2026-07-13T18:16:02,SITE-007,Section C — Nakuru-Eldoret Extension,421.3,3769.9,23.3,Open,SNS-014
TEL-004767,2026-07-17T15:41:15,Mombasa  Terminal,Section B — Nairobi-Nakuru Spur,472.7,2538.8,29.3,Open,SNS-008
TEL-001366,2026-05-17T16:03:02,SITE-006,Section B — Nairobi-Nakuru Spur,370.0,3676.7,27.3,Closed,SNS-002
TEL-004067,2026-07-04T14:28:05,SITE-001,Section D — Sinendet Lateral,525.2,2487.2,26.1,Open,SNS-012
TEL-001008,2026-05-11T02:05:18,SITE-005,Section B — Nairobi-Nakuru Spur,412.3,3747.3,38.6,Partially Open,SNS-008
TEL-001680,2026-05-23T09:30:50,Eldoret term,Section B — Nairobi-Nakuru Spur,407.3,2534.2,22.0,Closed,SNS-002
TEL-004981,2026-07-21T16:37:49,SITE-005,Section C — Nakuru-Eldoret Extension,338.3,3609.9,24.7,Partially Open,SNS-010
TEL-004066,2026-07-04T14:25:03,SITE-003,Section D — Sinendet Lateral,440.9,3586.8,25.4,Open,SNS-014
TEL-001226,2026-05-15T02:31:02,SITE-007,Section F — Kisumu Terminal Link,243.2,3253.1,31.7,Partially Open,SNS-007
TEL-001533,2026-05-21T04:30:32,Thange section,Section A — Mombasa-Nairobi Main,373.3,2732.9,24.5,Open,SNS-011
TEL-001264,2026-05-15T16:28:10,SITE-001,Section D — Sinendet Lateral,427.8,4377.8,22.4,Partially Open,SNS-014
TEL-001484,2026-05-20T04:06:41,SITE-005,Section B — Nairobi-Nakuru Spur,557.6,3328.6,36.2,Open,SNS-003
TEL-000637,2026-05-04T13:31:48,SITE-002,Section E — Makueni Branch,376.0,3758.6,23.4,Partially Open,SNS-008
TEL-000745,2026-05-06T05:58:36,SITE-001,Section C — Nakuru-Eldoret Extension,374.9,1924.6,23.1,Partially Open,SNS-013
TEL-004514,2026-07-13T08:25:40,SITE-001,Section C — Nakuru-Eldoret Extension,545.8,3078.5,31.7,Open,SNS-011
TEL-000103,2026-04-24T20:52:36,Sinendet  Pump Station,Section B — Nairobi-Nakuru Spur,219.7,3586.6,26.2,Open,SNS-011
TEL-000386,2026-04-29T19:15:49,SITE-002,Section C — Nakuru-Eldoret Extension,287.1,3539.3,35.3,Open,SNS-004
TEL-000898,2026-05-08T22:29:59,SITE-003,Section F — Kisumu Terminal Link,459.4,3700.0,29.1,Closed,SNS-012
TEL-002398,2026-06-05T03:54:56,SITE-003,Section D — Sinendet Lateral,504.4,,37.2,Open,SNS-006
TEL-004481,2026-07-12T13:14:31,SITE-001,Section B — Nairobi-Nakuru Spur,454.8,2863.1,28.1,Open,SNS-008
TEL-003804,2026-06-30T04:29:13,SITE-007,Section F — Kisumu Terminal Link,416.3,4079.2,28.9,Open,SNS-002
TEL-002315,2026-06-03T19:51:51,SITE-001,Section B — Nairobi-Nakuru Spur,402.7,3484.6,30.3,Partially Open,SNS-002
TEL-002486,2026-06-06T17:33:38,SITE-005,Section F — Kisumu Terminal Link,365.3,3040.2,28.1,Partially Open,SNS-014
TEL-000270,2026-04-27T18:42:06,SITE-003,Section F — Kisumu Terminal Link,436.7,1927.1,30.3,Open,SNS-014
TEL-003917,2026-07-02T04:05:04,SITE-002,Section B — Nairobi-Nakuru Spur,535.4,2077.3,27.8,Open,SNS-012
TEL-001013,2026-05-11T03:04:18,SITE-002,Section C — Nakuru-Eldoret Extension,400.2,2390.1,23.5,Open,SNS-009
TEL-001281,2026-05-16T03:07:36,SITE-004,Section C — Nakuru-Eldoret Extension,206.6,2926.1,22.0,Open,SNS-007
TEL-000958,2026-05-10T02:41:24,SITE-004,Section B — Nairobi-Nakuru Spur,,2856.5,41.9,Partially Open,SNS-001
TEL-004579,2026-07-14T10:00:03,SITE-007,Section D — Sinendet Lateral,384.6,2684.4,31.7,Partially Open,SNS-013
TEL-003620,2026-06-26T18:47:23,SITE-007,Section D — Sinendet Lateral,307.8,3583.2,36.7,Partially Open,SNS-005
TEL-000760,2026-05-06T13:17:33,SITE-002,Section D — Sinendet Lateral,463.2,3084.3,32.6,Open,SNS-004
TEL-001435,2026-05-19T09:35:53,SITE-003,Section C — Nakuru-Eldoret Extension,328.7,2587.6,25.2,Open,SNS-013
TEL-001670,2026-05-23T05:32:22,SITE-006,Section C — Nakuru-Eldoret Extension,278.1,3106.1,27.5,Partially Open,SNS-005
TEL-000828,2026-05-07T18:34:45,SITE-003,Section C — Nakuru-Eldoret Extension,338.5,3141.7,25.8,Partially Open,SNS-014
TEL-002720,2026-06-10T21:08:38,SITE-004,Section E — Makueni Branch,474.4,2564.5,32.6,Open,SNS-007
TEL-002588,2026-06-08T14:52:41,SITE-006,Section D — Sinendet Lateral,375.8,5000.0,32.8,Open,SNS-002
TEL-004647,2026-07-15T10:59:47,SITE-002,Section F — Kisumu Terminal Link,422.6,2796.8,35.4,Open,SNS-003
TEL-002034,2026-05-29T16:45:10,SITE-001,Section C — Nakuru-Eldoret Extension,315.2,3613.1,28.5,Closed,SNS-010
TEL-004914,2026-07-20T05:19:25,SITE-005,Section A — Mombasa-Nairobi Main,369.8,1998.0,28.1,Closed,SNS-013
TEL-004169,2026-07-06T10:45:06,sinendet pump,Section F — Kisumu Terminal Link,425.3,3213.7,18.0,Open,SNS-007
TEL-002649,2026-06-09T16:45:27,SITE-002,Section C — Nakuru-Eldoret Extension,559.2,2155.0,24.7,Open,SNS-002
TEL-004349,2026-07-10T03:54:30,SITE-002,Section D — Sinendet Lateral,404.1,4428.5,31.3,Open,SNS-001
TEL-001315,2026-05-16T17:02:30,SITE-007,Section B — Nairobi-Nakuru Spur,338.9,3678.2,32.3,Closed,SNS-012
TEL-002573,2026-06-08T07:53:42,SITE-002,Section C — Nakuru-Eldoret Extension,399.0,1488.9,31.8,Open,SNS-008
TEL-000414,2026-04-30T08:58:36,SITE-002,Section C — Nakuru-Eldoret Extension,278.6,2543.6,37.3,Partially Open,SNS-013
TEL-000264,2026-04-27T16:09:26,SITE-003,Section C — Nakuru-Eldoret Extension,422.3,3312.0,38.5,Open,SNS-008
TEL-000209,2026-04-26T17:46:10,ELDORET,Section E — Makueni Branch,700,3153.9,27.4,Closed,SNS-006
TEL-004395,2026-07-11T00:15:06,SITE-007,Section F — Kisumu Terminal Link,408.4,4078.0,25.5,Partially Open,SNS-004
TEL-002347,2026-06-04T07:04:36,SITE-007,Section C — Nakuru-Eldoret Extension,437.7,1475.9,29.2,Open,SNS-004
TEL-003606,2026-06-26T14:01:54,SITE-003,Section A — Mombasa-Nairobi Main,387.8,3325.9,25.9,Open,SNS-009
TEL-000161,2026-04-26T02:19:45,SITE-005,Section E — Makueni Branch,427.6,3124.5,36.5,Partially Open,SNS-012
TEL-003365,2026-06-22T00:57:01,SITE-001,Section D — Sinendet Lateral,437.3,3654.1,31.3,Open,SNS-002
TEL-001732,2026-05-24T04:56:47,SITE-007,Section C — Nakuru-Eldoret Extension,212.1,4580.8,26.5,Open,SNS-009
TEL-003533,2026-06-25T00:14:23,SITE-002,Section B — Nairobi-Nakuru Spur,235.9,3300.9,33.8,Open,SNS-009
TEL-000278,2026-04-27T21:41:51,SITE-004,Section A — Mombasa-Nairobi Main,330.2,1803.5,38.8,Partially Open,SNS-005
TEL-000754,2026-05-06T10:51:21,SITE-005,Section A — Mombasa-Nairobi Main,441.5,2863.3,35.8,Closed,SNS-007
TEL-003401,2026-06-22T14:09:35,SITE-003,Section A — Mombasa-Nairobi Main,358.7,3217.0,43.9,Closed,SNS-012
TEL-003748,2026-06-29T04:24:36,SITE-006,Section B — Nairobi-Nakuru Spur,436.1,2628.4,31.9,Open,SNS-003
TEL-001076,2026-05-12T06:40:05,SITE-005,Section B — Nairobi-Nakuru Spur,446.3,2149.8,30.4,Partially Open,SNS-012
TEL-002888,2026-06-13T20:01:41,SITE-007,Section F — Kisumu Terminal Link,472.7,1887.7,33.9,Open,SNS-003
TEL-004306,2026-07-09T05:24:54,SITE-001,Section A — Mombasa-Nairobi Main,393.6,4084.4,23.6,Closed,SNS-010
TEL-004841,2026-07-18T20:33:24,SITE-007,Section B — Nairobi-Nakuru Spur,296.1,3366.1,37.0,Open,SNS-005
TEL-001331,2026-05-16T20:44:12,SITE-007,Section F — Kisumu Terminal Link,444.7,2535.5,23.4,Open,SNS-013
TEL-004105,2026-07-05T07:51:58,SITE-003,Section F — Kisumu Terminal Link,420.6,,29.8,Partially Open,SNS-005
TEL-000530,2026-05-02T11:00:13,SITE-007,Section A — Mombasa-Nairobi Main,700,2548.0,40.0,Open,SNS-004
TEL-003107,2026-06-17T04:57:47,SITE-002,Section E — Makueni Branch,386.7,3539.1,39.1,Closed,SNS-006
TEL-003139,2026-06-17T17:41:37,SITE-004,Section E — Makueni Branch,347.3,3251.8,35.3,Open,SNS-001
TEL-001768,2026-05-24T19:53:40,SITE-006,Section A — Mombasa-Nairobi Main,341.3,5000.0,24.9,Open,SNS-004
TEL-003862,2026-07-01T03:53:43,SITE-001,Section E — Makueni Branch,511.6,2737.4,30.7,Open,SNS-009
TEL-000758,2026-05-06T12:51:51,SITE-002,Section C — Nakuru-Eldoret Extension,446.8,3263.7,32.3,Closed,SNS-003
TEL-004843,2026-07-18T20:59:23,SITE-002,Section D — Sinendet Lateral,322.0,2730.4,22.9,Open,SNS-007
TEL-000006,2026-04-23T04:11:25,SITE-003,Section D — Sinendet Lateral,445.3,3003.3,27.4,Closed,SNS-014
TEL-004719,2026-07-16T19:36:00,SITE-006,Section D — Sinendet Lateral,417.4,3120.6,34.7,Closed,SNS-004
TEL-000206,2026-04-26T17:15:49,SITE-003,Section E — Makueni Branch,391.0,1987.2,23.7,Partially Open,SNS-001
TEL-001926,2026-05-27T09:35:23,SITE-005,Section A — Mombasa-Nairobi Main,413.8,2118.3,32.1,Open,SNS-013
TEL-004804,2026-07-18T07:35:48,SITE-006,Section A — Mombasa-Nairobi Main,351.3,3031.9,20.2,Open,SNS-008
TEL-001016,2026-05-11T03:54:16,SITE-005,Section F — Kisumu Terminal Link,421.9,2776.3,28.6,Closed,SNS-001
TEL-002607,2026-06-09T00:14:48,SITE-006,Section F — Kisumu Terminal Link,361.3,3188.0,29.7,Open,SNS-013
TEL-000126,2026-04-25T08:38:55,sinendet pump,Section E — Makueni Branch,415.9,2821.4,22.8,Closed,SNS-004
TEL-002212,2026-06-02T01:50:29,SITE-002,Section D — Sinendet Lateral,455.6,1758.3,26.5,Open,SNS-012
TEL-003424,2026-06-23T01:18:24,sinendet pump station,Section C — Nakuru-Eldoret Extension,467.3,3961.5,32.5,Partially Open,SNS-006
TEL-003325,2026-06-21T07:34:33,SITE-002,Section F — Kisumu Terminal Link,388.6,3295.3,31.7,Open,SNS-013
TEL-003567,2026-06-25T12:23:28,eldoret terminal,Section C — Nakuru-Eldoret Extension,385.4,3388.5,34.3,Open,SNS-011
TEL-001347,2026-05-17T07:12:42,Kisumu term,Section A — Mombasa-Nairobi Main,410.5,3310.6,32.4,Partially Open,SNS-008
TEL-000444,2026-04-30T22:18:49,SITE-005,Section F — Kisumu Terminal Link,387.5,1745.9,16.6,Closed,SNS-013
TEL-004547,2026-07-14T00:53:12,SITE-002,Section D — Sinendet Lateral,465.0,2904.3,23.2,Partially Open,SNS-002
TEL-000727,2026-05-05T23:31:38,SITE-002,Section E — Makueni Branch,287.4,3208.5,36.5,Partially Open,SNS-005
TEL-000854,2026-05-08T03:33:01,SITE-002,Section A — Mombasa-Nairobi Main,455.3,3515.1,23.1,Partially Open,SNS-006
TEL-001868,2026-05-26T05:37:20,SITE-005,Section E — Makueni Branch,378.0,3015.7,21.0,Closed,SNS-007
TEL-000434,2026-04-30T18:47:00,SITE-007,Section E — Makueni Branch,479.0,4171.6,35.4,Open,SNS-005
TEL-002102,2026-05-30T16:30:54,SITE-007,Section C — Nakuru-Eldoret Extension,368.4,4084.8,30.7,Partially Open,SNS-005
TEL-003659,2026-06-27T12:49:16,Makueni PS,Section A — Mombasa-Nairobi Main,539.6,1791.2,35.6,Partially Open,SNS-009
TEL-003271,2026-06-20T03:29:38,SITE-007,Section C — Nakuru-Eldoret Extension,360.2,3024.6,30.4,Open,SNS-002
TEL-000272,2026-04-27T19:09:07,SITE-003,Section D — Sinendet Lateral,444.3,2842.6,30.9,Partially Open,SNS-010
TEL-001810,2026-05-25T08:59:06,Kisumu term,Section C — Nakuru-Eldoret Extension,446.8,3595.1,26.9,Open,SNS-008
TEL-003593,2026-06-26T04:01:14,SITE-004,Section E — Makueni Branch,402.3,3278.0,27.7,Open,SNS-009
TEL-000231,2026-04-27T01:48:31,SITE-004,Section C — Nakuru-Eldoret Extension,536.8,3816.2,35.1,Partially Open,SNS-007
TEL-002303,2026-06-03T16:14:11,SITE-007,Section E — Makueni Branch,458.2,2648.3,32.5,Closed,SNS-001
TEL-004584,2026-07-14T11:01:01,SITE-001,Section B — Nairobi-Nakuru Spur,448.2,2862.4,35.7,Partially Open,SNS-001
TEL-004530,2026-07-13T15:27:51,SITE-002,Section D — Sinendet Lateral,495.4,2692.7,23.9,Open,SNS-014
TEL-003835,2026-06-30T14:56:42,SITE-005,Section F — Kisumu Terminal Link,421.1,3094.7,18.8,Partially Open,SNS-003
TEL-003571,2026-06-25T15:05:15,SITE-002,Section E — Makueni Branch,328.2,2692.0,34.3,Open,SNS-002
TEL-001903,2026-05-26T22:46:55,SITE-001,Section B — Nairobi-Nakuru Spur,474.8,2845.5,43.7,Open,SNS-002
TEL-001651,2026-05-22T21:00:56,SITE-005,Section F — Kisumu Terminal Link,441.9,3029.7,39.3,Closed,SNS-012
TEL-002924,2026-06-14T10:02:36,SITE-001,Section F — Kisumu Terminal Link,414.2,4207.7,27.8,Partially Open,SNS-004
TEL-000957,2026-05-10T01:50:50,Mombasa  Terminal,Section A — Mombasa-Nairobi Main,479.3,1964.0,31.2,Open,SNS-009
TEL-004061,2026-07-04T14:11:37,SITE-004,Section D — Sinendet Lateral,452.0,3005.5,37.0,Closed,SNS-011
TEL-004601,2026-07-14T18:18:05,SITE-004,Section C — Nakuru-Eldoret Extension,353.4,4441.2,20.5,Open,SNS-013
TEL-000687,2026-05-05T05:31:48,SITE-004,Section E — Makueni Branch,380.5,4116.6,29.6,Closed,SNS-006
TEL-001555,2026-05-21T11:02:24,SITE-004,Section C — Nakuru-Eldoret Extension,451.7,1724.8,26.4,Open,SNS-012
TEL-002999,2026-06-15T09:38:32,eldoret terminal,Section A — Mombasa-Nairobi Main,370.1,3189.1,34.3,Open,SNS-012
TEL-004711,2026-07-16T15:10:01,SITE-006,Section F — Kisumu Terminal Link,449.8,,20.9,Partially Open,SNS-003
TEL-002071,2026-05-30T06:06:41,mombasa terminal,Section E — Makueni Branch,364.9,2070.4,35.1,Closed,SNS-002
TEL-004639,2026-07-15T07:40:18,SITE-006,Section B — Nairobi-Nakuru Spur,495.9,2737.9,36.6,Closed,SNS-013
TEL-002687,2026-06-10T10:28:57,Nairobi  Terminal,Section F — Kisumu Terminal Link,422.3,3897.1,29.6,Open,SNS-005
TEL-000442,2026-04-30T22:04:40,SITE-004,Section A — Mombasa-Nairobi Main,239.7,2392.1,31.1,Partially Open,SNS-008
TEL-000129,2026-04-25T10:31:51,SITE-006,Section B — Nairobi-Nakuru Spur,366.0,1889.4,29.3,Open,SNS-001
TEL-001201,2026-05-14T16:06:50,SITE-004,Section D — Sinendet Lateral,297.1,1848.1,20.0,Closed,SNS-006
TEL-000462,2026-05-01T05:35:57,SITE-004,Section D — Sinendet Lateral,456.1,2989.8,,Open,SNS-008
TEL-002963,2026-06-14T22:40:37,SITE-006,Section F — Kisumu Terminal Link,301.8,2475.9,30.9,Partially Open,SNS-003
TEL-002590,2026-06-08T15:16:22,SITE-006,Section F — Kisumu Terminal Link,332.6,3912.9,37.4,Open,SNS-003
TEL-000494,2026-05-01T20:44:06,SITE-006,Section B — Nairobi-Nakuru Spur,474.2,3554.0,23.9,Open,SNS-005
TEL-000647,2026-05-04T17:54:28,SITE-003,Section D — Sinendet Lateral,331.6,4897.7,30.3,Open,SNS-006
TEL-002467,2026-06-06T08:24:03,SITE-007,Section F — Kisumu Terminal Link,356.3,2453.7,36.7,Closed,SNS-009
TEL-003685,2026-06-28T01:28:55,SITE-007,Section B — Nairobi-Nakuru Spur,381.0,3410.5,31.8,Closed,SNS-001
TEL-002353,2026-06-04T09:06:30,SITE-001,Section E — Makueni Branch,504.7,3269.1,31.3,Closed,SNS-010
TEL-001896,2026-05-26T19:19:41,SITE-005,Section F — Kisumu Terminal Link,434.3,1000.0,31.6,Partially Open,SNS-001
TEL-001091,2026-05-12T13:03:50,SITE-006,Section B — Nairobi-Nakuru Spur,418.6,2907.4,20.5,Open,SNS-013
TEL-002346,2026-06-04T06:59:44,SITE-004,Section B — Nairobi-Nakuru Spur,431.5,2834.2,24.6,Partially Open,SNS-010
TEL-000130,2026-04-25T11:27:32,SITE-006,Section D — Sinendet Lateral,339.0,2710.4,28.5,Closed,SNS-007
TEL-004926,2026-07-20T09:25:47,SITE-003,Section B — Nairobi-Nakuru Spur,450.9,4548.0,30.5,Closed,SNS-004
TEL-002789,2026-06-12T05:49:00,SITE-004,Section C — Nakuru-Eldoret Extension,314.5,3618.8,25.4,Partially Open,SNS-007
TEL-001311,2026-05-16T14:22:14,SITE-001,Section D — Sinendet Lateral,457.6,3863.2,37.7,Open,SNS-002
TEL-004873,2026-07-19T09:41:22,SITE-007,Section C — Nakuru-Eldoret Extension,348.9,2704.4,20.9,Closed,SNS-014
TEL-001236,2026-05-15T07:45:56,SITE-001,Section B — Nairobi-Nakuru Spur,362.5,2811.9,24.4,Partially Open,SNS-002
TEL-003598,2026-06-26T06:08:52,kisumu terminal,Section D — Sinendet Lateral,436.8,3439.3,28.2,Partially Open,SNS-006
TEL-004241,2026-07-07T23:16:46,Eldoret term,Section D — Sinendet Lateral,383.6,2721.2,38.1,Open,SNS-008
TEL-004883,2026-07-19T14:11:01,SITE-005,Section B — Nairobi-Nakuru Spur,394.8,2650.4,30.5,Open,SNS-012
TEL-002843,2026-06-13T01:45:50,SITE-004,Section F — Kisumu Terminal Link,354.8,2948.6,29.9,Partially Open,SNS-013
TEL-000811,2026-05-07T13:45:42,SITE-007,Section A — Mombasa-Nairobi Main,311.8,2299.7,24.2,Open,SNS-009
TEL-000619,2026-05-04T05:53:04,SITE-001,Section E — Makueni Branch,352.7,3294.0,35.8,Partially Open,SNS-012
TEL-002197,2026-06-01T18:04:26,sinendet pump station,Section B — Nairobi-Nakuru Spur,340.0,3433.8,27.2,Open,SNS-014
TEL-003885,2026-07-01T14:56:39,SITE-004,Section A — Mombasa-Nairobi Main,353.6,3535.9,20.2,Open,SNS-009
TEL-000901,2026-05-08T23:17:50,SITE-005,Section B — Nairobi-Nakuru Spur,524.8,2853.0,37.2,Closed,SNS-003
TEL-003932,2026-07-02T08:08:12,SITE-007,Section D — Sinendet Lateral,414.1,4183.1,21.3,Partially Open,SNS-010
TEL-003630,2026-06-26T22:44:44,SITE-004,Section B — Nairobi-Nakuru Spur,271.0,2789.2,35.7,Open,SNS-005
TEL-001314,2026-05-16T15:40:33,SITE-003,Section D — Sinendet Lateral,357.3,2141.1,25.5,Closed,SNS-014
TEL-001350,2026-05-17T08:23:43,SITE-001,Section E — Makueni Branch,600.0,2664.3,40.3,Open,SNS-010
TEL-002434,2026-06-05T19:37:15,SITE-003,Section A — Mombasa-Nairobi Main,362.8,3480.1,26.6,Partially Open,SNS-006
TEL-004572,2026-07-14T09:07:24,SITE-003,Section B — Nairobi-Nakuru Spur,455.1,3554.7,24.6,Closed,SNS-011
TEL-004977,2026-07-21T14:55:43,SITE-001,Section A — Mombasa-Nairobi Main,410.1,3196.5,32.8,Partially Open,SNS-008
TEL-004260,2026-07-08T10:10:38,SITE-001,Section F — Kisumu Terminal Link,583.5,2333.9,32.3,Closed,SNS-013
TEL-003508,2026-06-24T15:33:41,SITE-006,Section D — Sinendet Lateral,316.8,2627.4,29.4,Open,SNS-014
TEL-003741,2026-06-29T01:27:39,SITE-002,Section A — Mombasa-Nairobi Main,239.6,3054.6,35.4,Open,SNS-005
TEL-004250,2026-07-08T05:49:27,SITE-001,Section E — Makueni Branch,426.8,1937.9,16.8,Closed,SNS-012
TEL-002208,2026-06-01T23:17:17,MSA Terminal,Section D — Sinendet Lateral,340.4,2073.9,26.8,Closed,SNS-006
TEL-004785,2026-07-17T23:32:59,SITE-007,Section B — Nairobi-Nakuru Spur,271.6,3217.2,33.5,Open,SNS-012
TEL-002859,2026-06-13T09:55:16,SITE-003,Section C — Nakuru-Eldoret Extension,408.9,2998.6,33.9,Open,SNS-003
TEL-004556,2026-07-14T04:32:26,SITE-005,Section D — Sinendet Lateral,364.1,4175.6,26.2,Closed,SNS-013
TEL-003427,2026-06-23T03:23:20,Nairobi term,Section C — Nakuru-Eldoret Extension,398.1,3015.2,29.6,Partially Open,SNS-004
TEL-001987,2026-05-28T19:41:23,SITE-003,Section F — Kisumu Terminal Link,337.7,3060.8,27.9,Closed,SNS-011
TEL-000521,2026-05-02T07:17:16,SITE-001,Section A — Mombasa-Nairobi Main,448.3,3424.9,30.9,Open,SNS-006
TEL-003360,2026-06-21T23:14:07,SITE-002,Section E — Makueni Branch,379.4,4181.7,31.7,Open,SNS-011
TEL-000148,2026-04-25T21:40:24,SITE-007,Section D — Sinendet Lateral,465.8,4972.2,34.8,Closed,SNS-010
TEL-000392,2026-04-29T22:27:29,SITE-002,Section D — Sinendet Lateral,561.2,4636.3,26.7,Open,SNS-008
TEL-002074,2026-05-30T07:38:43,SITE-004,Section B — Nairobi-Nakuru Spur,306.0,3061.2,22.1,Partially Open,SNS-012
TEL-004902,2026-07-20T01:44:25,SITE-002,Section E — Makueni Branch,406.1,1918.9,28.5,Open,SNS-007
TEL-004472,2026-07-12T11:24:52,SITE-004,Section E — Makueni Branch,358.4,3586.2,35.9,Open,SNS-014
TEL-002685,2026-06-10T09:28:12,SITE-006,Section E — Makueni Branch,471.0,2349.5,36.0,Open,SNS-010
TEL-000399,2026-04-29T23:58:47,SITE-007,Section B — Nairobi-Nakuru Spur,429.6,2577.3,24.2,Open,SNS-002
TEL-002754,2026-06-11T14:11:59,sinendet pump,Section F — Kisumu Terminal Link,467.2,2531.9,32.6,Open,SNS-013
TEL-000525,2026-05-02T08:23:19,SITE-003,Section A — Mombasa-Nairobi Main,429.9,3115.9,27.7,Partially Open,SNS-002
TEL-004708,2026-07-16T14:05:35,SITE-007,Section D — Sinendet Lateral,373.5,3237.6,30.8,Open,SNS-002
TEL-000892,2026-05-08T18:47:50,SITE-001,Section E — Makueni Branch,439.5,2532.5,38.5,Closed,SNS-010
TEL-002597,2026-06-08T17:43:19,SITE-007,Section F — Kisumu Terminal Link,328.6,3201.9,26.3,Closed,SNS-008
TEL-002598,2026-06-08T17:49:52,mombasa terminal,Section B — Nairobi-Nakuru Spur,516.9,2594.9,29.1,Closed,SNS-012
TEL-002186,2026-06-01T10:59:31,SITE-003,Section E — Makueni Branch,414.1,2947.8,25.0,Partially Open,SNS-012
TEL-004551,2026-07-14T02:38:23,SITE-005,Section C — Nakuru-Eldoret Extension,419.7,3465.1,27.4,Open,SNS-011
TEL-002678,2026-06-10T07:44:49,SITE-007,Section F — Kisumu Terminal Link,454.2,2911.2,29.9,Open,SNS-001
TEL-003658,2026-06-27T12:36:52,SITE-007,Section A — Mombasa-Nairobi Main,330.1,2632.3,27.4,Open,SNS-003
TEL-001911,2026-05-27T03:04:47,SITE-002,Section B — Nairobi-Nakuru Spur,383.8,4941.2,35.4,Closed,SNS-008
TEL-004750,2026-07-17T07:23:13,SITE-002,Section C — Nakuru-Eldoret Extension,487.5,3026.2,24.1,Open,SNS-004
TEL-002046,2026-05-29T21:02:36,SITE-005,Section A — Mombasa-Nairobi Main,478.6,4085.9,29.6,Closed,SNS-007
TEL-002363,2026-06-04T14:04:19,SITE-005,Section E — Makueni Branch,408.6,3850.3,32.3,Closed,SNS-008
TEL-004492,2026-07-12T17:44:20,SITE-001,Section F — Kisumu Terminal Link,473.8,3261.0,35.7,Open,SNS-014
TEL-002512,2026-06-07T02:09:36,SITE-005,Section E — Makueni Branch,403.8,3867.6,38.8,Open,SNS-005
TEL-000809,2026-05-07T12:47:16,SITE-005,Section E — Makueni Branch,369.4,3413.4,24.1,Closed,SNS-001
TEL-000710,2026-05-05T17:13:09,Makueni PS,Section E — Makueni Branch,396.2,3465.7,35.1,Open,SNS-013
TEL-001313,2026-05-16T15:21:49,SITE-002,Section C — Nakuru-Eldoret Extension,,3312.7,35.4,Open,SNS-011
TEL-001890,2026-05-26T17:19:39,SITE-003,Section D — Sinendet Lateral,500.3,2209.6,27.0,Partially Open,SNS-004
TEL-002972,2026-06-15T01:20:14,SITE-003,Section B — Nairobi-Nakuru Spur,396.5,3095.9,36.3,Open,SNS-012
TEL-002107,2026-05-30T18:43:16,Sinendet  Pump Station,Section F — Kisumu Terminal Link,389.9,3415.1,41.2,Closed,SNS-004
TEL-000461,2026-05-01T05:14:06,SITE-003,Section F — Kisumu Terminal Link,358.9,2674.8,28.8,Open,SNS-010
TEL-004828,2026-07-18T16:27:04,SITE-003,Section B — Nairobi-Nakuru Spur,397.7,3611.1,35.6,Open,SNS-008
TEL-004614,2026-07-14T20:57:06,SITE-003,Section B — Nairobi-Nakuru Spur,277.1,2273.7,32.6,Closed,SNS-006
TEL-002121,2026-05-30T23:33:52,eldoret terminal,Section A — Mombasa-Nairobi Main,399.2,2060.3,38.1,Closed,SNS-008
TEL-002838,2026-06-12T23:58:37,SITE-007,Section E — Makueni Branch,450.2,2761.4,25.5,Open,SNS-012
TEL-000675,2026-05-05T01:56:24,SITE-001,Section A — Mombasa-Nairobi Main,543.7,3566.6,20.1,Closed,SNS-005
TEL-004461,2026-07-12T07:36:50,Mombasa  Terminal,Section E — Makueni Branch,392.3,4008.0,32.9,Open,SNS-012
TEL-000347,2026-04-29T04:59:54,SITE-006,Section C — Nakuru-Eldoret Extension,410.3,2235.3,30.8,Open,SNS-005
TEL-003907,2026-07-01T22:33:54,SITE-004,Section A — Mombasa-Nairobi Main,200.0,3898.5,29.4,Open,SNS-005
TEL-003957,2026-07-02T18:28:27,SITE-006,Section A — Mombasa-Nairobi Main,434.4,3541.7,30.1,Closed,SNS-014
TEL-001107,2026-05-12T20:30:23,SITE-001,Section F — Kisumu Terminal Link,329.8,2660.4,38.0,Closed,SNS-009
TEL-002699,2026-06-10T13:20:59,SITE-004,Section A — Mombasa-Nairobi Main,283.7,2720.3,41.5,Open,SNS-005
TEL-003406,2026-06-22T16:25:58,SITE-006,Section A — Mombasa-Nairobi Main,530.6,3601.2,23.0,Closed,SNS-007
TEL-001223,2026-05-15T00:50:02,SITE-005,Section C — Nakuru-Eldoret Extension,341.8,2075.4,38.4,Closed,SNS-001
TEL-004294,2026-07-08T23:22:30,SITE-004,Section D — Sinendet Lateral,374.5,2827.4,34.2,Open,SNS-008
TEL-002203,2026-06-01T20:30:48,Nairobi term,Section A — Mombasa-Nairobi Main,359.3,1668.0,25.5,Open,SNS-014
TEL-000330,2026-04-28T21:30:00,SITE-001,Section A — Mombasa-Nairobi Main,460.6,2432.9,33.6,Partially Open,SNS-005
TEL-004092,2026-07-04T23:52:11,SITE-004,Section F — Kisumu Terminal Link,226.4,2999.2,29.5,Open,SNS-007
TEL-003544,2026-06-25T03:36:16,SITE-001,Section B — Nairobi-Nakuru Spur,288.1,2771.4,21.9,Closed,SNS-007
TEL-000569,2026-05-03T06:35:30,SITE-003,Section D — Sinendet Lateral,420.8,2280.5,30.8,Closed,SNS-011
TEL-000415,2026-04-30T09:15:57,SITE-005,Section E — Makueni Branch,435.5,3240.3,23.5,Open,SNS-002
TEL-002320,2026-06-03T21:24:23,SITE-003,Section A — Mombasa-Nairobi Main,396.3,2461.3,33.6,Partially Open,SNS-011
TEL-002373,2026-06-04T19:51:15,SITE-004,Section C — Nakuru-Eldoret Extension,462.2,1280.1,39.0,Open,SNS-010
TEL-001172,2026-05-14T05:46:45,kisumu terminal,Section C — Nakuru-Eldoret Extension,376.8,3581.5,41.1,Open,SNS-012
TEL-003505,2026-06-24T14:50:36,SITE-003,Section C — Nakuru-Eldoret Extension,419.4,3143.2,26.2,Partially Open,SNS-003
TEL-000638,2026-05-04T13:52:44,SITE-007,Section A — Mombasa-Nairobi Main,341.7,2458.6,30.2,Open,SNS-014
TEL-000693,2026-05-05T06:50:32,SITE-001,Section B — Nairobi-Nakuru Spur,398.4,2170.1,31.2,Open,SNS-014
TEL-001799,2026-05-25T07:09:32,SITE-003,Section E — Makueni Branch,273.4,3855.9,30.0,Closed,SNS-003
TEL-003910,2026-07-01T23:53:39,SITE-005,Section D — Sinendet Lateral,315.8,2513.8,30.1,Open,SNS-012
TEL-003789,2026-06-29T19:40:12,NKR Depot,Section B — Nairobi-Nakuru Spur,288.5,2861.7,22.8,Closed,SNS-010
TEL-000771,2026-05-06T19:52:00,SITE-001,Section C — Nakuru-Eldoret Extension,369.7,4491.4,32.1,Open,SNS-012
TEL-000639,2026-05-04T14:14:32,SITE-005,Section D — Sinendet Lateral,470.9,2502.7,22.0,Open,SNS-011
TEL-004139,2026-07-05T20:56:41,SITE-003,Section D — Sinendet Lateral,433.7,3104.1,37.6,Closed,SNS-001
TEL-002837,2026-06-12T23:42:10,SITE-001,Section F — Kisumu Terminal Link,402.1,3681.2,40.3,Open,SNS-013
TEL-002418,2026-06-05T12:19:22,SITE-004,Section F — Kisumu Terminal Link,476.0,2978.6,34.1,Open,SNS-007
TEL-004236,2026-07-07T22:39:26,SITE-005,Section A — Mombasa-Nairobi Main,355.6,1916.9,21.1,Open,SNS-011
TEL-004156,2026-07-06T07:29:40,SITE-004,Section E — Makueni Branch,,3143.1,38.4,Closed,SNS-003
TEL-004144,2026-07-06T00:18:34,Kisumu term,Section F — Kisumu Terminal Link,478.7,4475.0,26.0,Partially Open,SNS-005
TEL-002848,2026-06-13T03:37:24,SITE-003,Section C — Nakuru-Eldoret Extension,359.2,3766.3,22.3,Open,SNS-009
TEL-001578,2026-05-21T17:54:54,SITE-002,Section F — Kisumu Terminal Link,493.5,4347.9,28.2,Partially Open,SNS-010
TEL-002519,2026-06-07T07:00:46,SITE-004,Section B — Nairobi-Nakuru Spur,363.5,2069.8,36.0,Closed,SNS-009
TEL-000260,2026-04-27T13:18:36,SITE-006,Section D — Sinendet Lateral,431.2,1433.1,38.9,Open,SNS-003
TEL-001673,2026-05-23T06:44:30,Nairobi  Terminal,Section F — Kisumu Terminal Link,474.9,2470.1,26.9,Closed,SNS-008
TEL-001985,2026-05-28T19:25:48,SITE-004,Section D — Sinendet Lateral,352.7,2646.8,28.9,Open,SNS-013
TEL-000420,2026-04-30T10:54:12,SITE-004,Section A — Mombasa-Nairobi Main,292.2,3025.2,27.7,Open,SNS-012
TEL-002781,2026-06-12T00:21:12,SITE-002,Section E — Makueni Branch,261.5,3325.3,15.0,Open,SNS-011
TEL-000063,2026-04-24T06:25:06,SITE-002,Section E — Makueni Branch,352.1,1359.6,29.6,Partially Open,SNS-012
TEL-004844,2026-07-18T21:03:49,SITE-002,Section B — Nairobi-Nakuru Spur,351.9,3073.1,32.5,Open,SNS-010
TEL-000781,2026-05-07T02:53:47,SITE-001,Section F — Kisumu Terminal Link,439.4,3696.7,28.0,Open,SNS-001
TEL-000267,2026-04-27T17:40:59,SITE-001,Section B — Nairobi-Nakuru Spur,251.1,2608.6,26.2,Open,SNS-001
TEL-004254,2026-07-08T08:06:04,SITE-005,Section E — Makueni Branch,476.3,2562.1,35.0,Partially Open,SNS-010
TEL-003850,2026-06-30T22:37:27,SITE-005,Section B — Nairobi-Nakuru Spur,260.7,3231.4,34.0,Closed,SNS-012
TEL-001071,2026-05-12T04:57:21,SITE-003,Section F — Kisumu Terminal Link,376.8,4071.0,27.3,Open,SNS-012
TEL-000110,2026-04-25T02:50:07,SITE-007,Section B — Nairobi-Nakuru Spur,483.4,1857.9,37.2,Open,SNS-011
TEL-000224,2026-04-26T23:38:19,SITE-002,Section D — Sinendet Lateral,512.7,3275.3,25.3,Open,SNS-009
TEL-004194,2026-07-07T02:23:03,SITE-006,Section F — Kisumu Terminal Link,428.5,3364.2,24.8,Open,SNS-014
TEL-003892,2026-07-01T16:15:00,SITE-007,Section F — Kisumu Terminal Link,408.0,3472.2,32.6,Closed,SNS-014
TEL-000572,2026-05-03T08:31:07,SITE-007,Section B — Nairobi-Nakuru Spur,406.2,3729.1,31.6,Partially Open,SNS-007
TEL-001553,2026-05-21T10:54:20,SITE-007,Section B — Nairobi-Nakuru Spur,408.5,2941.4,31.1,Partially Open,SNS-005
TEL-003667,2026-06-27T16:28:26,SITE-003,Section F — Kisumu Terminal Link,361.0,3737.3,32.6,Closed,SNS-008
TEL-001081,2026-05-12T08:38:51,SITE-001,Section B — Nairobi-Nakuru Spur,428.2,4571.5,34.6,Open,SNS-009
TEL-004779,2026-07-17T20:26:16,SITE-002,Section B — Nairobi-Nakuru Spur,600.0,3543.0,26.2,Open,SNS-007
TEL-000846,2026-05-08T00:02:41,SITE-003,Section B — Nairobi-Nakuru Spur,358.4,2530.3,36.1,Open,SNS-011
TEL-003124,2026-06-17T12:29:34,Kisumu  Terminal,Section C — Nakuru-Eldoret Extension,450.3,2785.9,32.2,Open,SNS-006
TEL-001377,2026-05-17T22:57:16,Makueni PS,Section E — Makueni Branch,449.8,3192.9,31.9,Partially Open,SNS-004
TEL-004203,2026-07-07T05:47:15,NAKURU,Section D — Sinendet Lateral,397.2,4234.9,25.4,Partially Open,SNS-009
TEL-001684,2026-05-23T10:14:54,SITE-004,Section A — Mombasa-Nairobi Main,372.8,2681.5,21.9,Open,SNS-008
TEL-001912,2026-05-27T03:30:29,Eldoret  Terminal,Section D — Sinendet Lateral,242.5,3942.5,38.0,Closed,SNS-005
TEL-004741,2026-07-17T05:03:29,SITE-002,Section C — Nakuru-Eldoret Extension,210.4,2382.1,28.7,Open,SNS-008
TEL-004826,2026-07-18T15:59:43,SITE-004,Section F — Kisumu Terminal Link,518.6,3058.2,26.7,Partially Open,SNS-011
TEL-001829,2026-05-25T15:14:35,SITE-004,Section A — Mombasa-Nairobi Main,312.0,2538.5,32.0,Closed,SNS-002
TEL-002964,2026-06-14T22:44:04,SITE-002,Section A — Mombasa-Nairobi Main,348.8,2605.2,25.1,Open,SNS-009
TEL-000329,2026-04-28T21:11:33,SITE-006,Section F — Kisumu Terminal Link,407.0,2961.7,,Closed,SNS-013
TEL-002569,2026-06-08T05:13:42,SITE-003,Section B — Nairobi-Nakuru Spur,467.8,2731.9,27.5,Closed,SNS-007
TEL-003634,2026-06-27T00:45:04,SITE-001,Section D — Sinendet Lateral,327.6,2506.3,25.2,Partially Open,SNS-004
TEL-002726,2026-06-11T00:08:49,SITE-006,Section E — Makueni Branch,467.2,4412.1,21.5,Closed,SNS-006
TEL-002194,2026-06-01T16:28:56,SITE-001,Section B — Nairobi-Nakuru Spur,344.2,4847.1,33.1,Partially Open,SNS-006
TEL-001406,2026-05-18T16:47:13,SITE-002,Section F — Kisumu Terminal Link,406.9,3643.9,32.1,Open,SNS-007
TEL-004917,2026-07-20T06:07:45,SITE-005,Section E — Makueni Branch,526.2,3519.7,19.8,Closed,SNS-013
TEL-003841,2026-06-30T17:03:12,SITE-006,Section A — Mombasa-Nairobi Main,329.2,3325.8,33.0,Open,SNS-007
TEL-004885,2026-07-19T15:21:08,SITE-003,Section A — Mombasa-Nairobi Main,379.0,3472.1,34.4,Closed,SNS-004
TEL-003857,2026-07-01T00:34:44,SITE-007,Section E — Makueni Branch,346.7,4131.7,33.3,Open,SNS-001
TEL-001512,2026-05-20T18:00:48,SITE-001,Section D — Sinendet Lateral,413.9,3754.9,32.8,Open,SNS-011
TEL-002475,2026-06-06T12:47:41,SITE-005,Section D — Sinendet Lateral,482.8,2745.5,37.6,Closed,SNS-005
TEL-004612,2026-07-14T20:24:18,SITE-003,Section E — Makueni Branch,369.8,2747.9,32.5,Open,SNS-004
TEL-003525,2026-06-24T21:46:33,SITE-003,Section D — Sinendet Lateral,384.7,3024.3,41.5,Closed,SNS-007
TEL-004453,2026-07-12T03:40:52,SITE-005,Section A — Mombasa-Nairobi Main,372.3,2951.1,28.7,Partially Open,SNS-007
TEL-001897,2026-05-26T19:24:37,SITE-004,Section D — Sinendet Lateral,260.2,3496.1,30.1,Open,SNS-002
TEL-001514,2026-05-20T18:37:43,SITE-004,Section B — Nairobi-Nakuru Spur,345.7,4139.4,38.3,Open,SNS-011
TEL-004037,2026-07-04T00:39:25,SITE-003,Section F — Kisumu Terminal Link,280.2,4393.6,29.8,Open,SNS-001
TEL-004888,2026-07-19T18:02:20,SITE-001,Section D — Sinendet Lateral,348.9,4028.8,25.1,Closed,SNS-002
TEL-000744,2026-05-06T05:29:42,SITE-002,Section F — Kisumu Terminal Link,319.8,2480.8,37.1,Open,SNS-001
TEL-001761,2026-05-24T18:16:16,SITE-007,Section F — Kisumu Terminal Link,501.5,3671.3,27.8,Open,SNS-006
TEL-004444,2026-07-11T22:17:50,SITE-003,Section D — Sinendet Lateral,472.6,3021.8,31.9,Open,SNS-005
TEL-001317,2026-05-16T17:47:11,SITE-006,Section E — Makueni Branch,532.6,1978.4,27.3,Closed,SNS-012
TEL-001795,2026-05-25T05:50:45,SITE-005,Section E — Makueni Branch,278.5,3459.8,29.8,Open,SNS-013
TEL-003096,2026-06-16T23:25:35,SITE-003,Section B — Nairobi-Nakuru Spur,483.8,3104.7,32.1,Closed,SNS-011
TEL-003145,2026-06-17T20:24:26,SITE-006,Section A — Mombasa-Nairobi Main,411.9,2724.3,26.9,Closed,SNS-001
TEL-003122,2026-06-17T11:57:05,SITE-007,Section B — Nairobi-Nakuru Spur,479.4,2622.1,35.2,Open,SNS-013
TEL-001861,2026-05-26T03:11:30,SITE-002,Section F — Kisumu Terminal Link,369.7,2959.0,29.2,Open,SNS-001
TEL-003326,2026-06-21T07:36:15,SITE-004,Section A — Mombasa-Nairobi Main,291.2,2547.5,24.2,Open,SNS-006
TEL-001616,2026-05-22T07:34:54,SITE-003,Section B — Nairobi-Nakuru Spur,434.2,,31.0,Closed,SNS-003
TEL-000354,2026-04-29T06:42:43,SITE-001,Section F — Kisumu Terminal Link,244.2,2965.3,26.6,Open,SNS-001
TEL-003927,2026-07-02T05:47:33,SITE-007,Section C — Nakuru-Eldoret Extension,447.5,2118.8,28.8,Open,SNS-013
TEL-001255,2026-05-15T13:01:39,SITE-006,Section D — Sinendet Lateral,368.0,3221.7,37.2,Open,SNS-003
TEL-004545,2026-07-14T00:03:44,SITE-002,Section E — Makueni Branch,372.8,4433.4,28.3,Open,SNS-012
TEL-002134,2026-05-31T06:50:21,SITE-007,Section C — Nakuru-Eldoret Extension,293.0,2813.2,30.6,Partially Open,SNS-009
TEL-003484,2026-06-24T07:36:56,SITE-002,Section D — Sinendet Lateral,580.7,2823.2,24.6,Open,SNS-011
TEL-000951,2026-05-09T23:14:13,SITE-004,Section E — Makueni Branch,414.3,2851.6,28.9,Open,SNS-004
TEL-002206,2026-06-01T20:55:06,SITE-003,Section A — Mombasa-Nairobi Main,302.0,2416.3,25.9,Closed,SNS-010
TEL-003942,2026-07-02T12:00:32,SITE-003,Section D — Sinendet Lateral,424.8,3595.3,33.5,Partially Open,SNS-006
TEL-000966,2026-05-10T09:22:48,SITE-004,Section C — Nakuru-Eldoret Extension,292.3,3408.7,31.6,Closed,SNS-005
TEL-004580,2026-07-14T10:03:21,Thange section,Section E — Makueni Branch,392.4,3876.0,30.9,Open,SNS-006
TEL-002095,2026-05-30T14:42:58,NAIROBI,Section F — Kisumu Terminal Link,478.5,2690.7,30.9,Closed,SNS-008
TEL-002382,2026-06-04T21:25:27,SITE-006,Section E — Makueni Branch,375.3,2634.2,26.4,Partially Open,SNS-011
TEL-001886,2026-05-26T14:33:08,SITE-007,Section C — Nakuru-Eldoret Extension,313.4,2058.7,27.3,Open,SNS-014
TEL-003442,2026-06-23T11:41:32,SITE-001,Section E — Makueni Branch,333.5,3384.9,31.8,Closed,SNS-013
TEL-002000,2026-05-29T01:13:20,SITE-004,Section B — Nairobi-Nakuru Spur,451.0,2488.3,41.1,Closed,SNS-012
TEL-002390,2026-06-05T00:56:31,SITE-004,Section E — Makueni Branch,370.3,3780.9,33.0,Open,SNS-014
TEL-002715,2026-06-10T18:46:32,SITE-002,Section D — Sinendet Lateral,362.9,4359.9,28.5,Open,SNS-003
TEL-000859,2026-05-08T06:25:13,SITE-002,Section C — Nakuru-Eldoret Extension,425.4,3825.1,16.4,Partially Open,SNS-014
TEL-000850,2026-05-08T01:32:58,SITE-007,Section F — Kisumu Terminal Link,429.6,3247.9,25.5,Partially Open,SNS-004
TEL-002086,2026-05-30T12:14:28,SITE-005,Section F — Kisumu Terminal Link,850,3157.9,30.4,Partially Open,SNS-002
TEL-000874,2026-05-08T13:54:34,SITE-003,Section A — Mombasa-Nairobi Main,414.2,4285.1,32.6,Open,SNS-014
TEL-000052,2026-04-23T23:48:47,SITE-001,Section C — Nakuru-Eldoret Extension,496.6,2374.6,34.2,Partially Open,SNS-006
TEL-000545,2026-05-02T17:16:32,SITE-002,Section A — Mombasa-Nairobi Main,325.1,2380.3,32.0,Open,SNS-006
TEL-001050,2026-05-11T19:35:54,SITE-003,Section C — Nakuru-Eldoret Extension,203.0,3498.7,30.7,Partially Open,SNS-007
TEL-004300,2026-07-09T01:39:53,SITE-001,Section A — Mombasa-Nairobi Main,482.9,3844.2,43.4,Closed,SNS-001
TEL-001456,2026-05-19T17:51:37,SITE-007,Section C — Nakuru-Eldoret Extension,437.2,2106.8,18.9,Open,SNS-014
TEL-002224,2026-06-02T06:50:20,SITE-004,Section B — Nairobi-Nakuru Spur,467.7,4092.9,27.8,Closed,SNS-002
TEL-004327,2026-07-09T16:51:21,SITE-006,Section B — Nairobi-Nakuru Spur,482.1,2793.2,26.4,Open,SNS-012
TEL-003497,2026-06-24T13:28:59,SITE-001,Section B — Nairobi-Nakuru Spur,395.0,2544.7,26.7,Open,SNS-012
TEL-004010,2026-07-03T15:53:18,SITE-005,Section E — Makueni Branch,516.6,2873.4,15.0,Open,SNS-013
TEL-001932,2026-05-27T13:39:06,SITE-002,Section F — Kisumu Terminal Link,408.4,2354.0,19.1,Open,SNS-013
TEL-001291,2026-05-16T06:16:30,SITE-007,Section D — Sinendet Lateral,272.2,3138.0,24.4,Open,SNS-014
TEL-000009,2026-04-23T04:59:48,SITE-005,Section F — Kisumu Terminal Link,468.6,2034.9,30.9,Closed,SNS-002
TEL-002871,2026-06-13T13:49:41,SITE-002,Section C — Nakuru-Eldoret Extension,415.0,2351.9,24.2,Closed,SNS-013
TEL-004164,2026-07-06T09:08:24,SITE-006,Section F — Kisumu Terminal Link,444.6,4291.5,15.0,Closed,SNS-014
TEL-001881,2026-05-26T12:23:01,SITE-007,Section D — Sinendet Lateral,387.8,1803.1,30.7,Open,SNS-001
TEL-004326,2026-07-09T16:06:39,SITE-007,Section F — Kisumu Terminal Link,408.0,2756.6,28.3,Partially Open,SNS-004
TEL-004293,2026-07-08T23:21:16,SITE-005,Section F — Kisumu Terminal Link,509.4,3456.4,24.4,Open,SNS-013
TEL-000797,2026-05-07T08:10:17,SITE-005,Section D — Sinendet Lateral,573.7,3772.2,39.7,Open,SNS-013
TEL-002131,2026-05-31T06:35:05,SITE-005,Section D — Sinendet Lateral,469.5,3957.7,31.2,Partially Open,SNS-003
TEL-002614,2026-06-09T03:31:24,SITE-004,Section D — Sinendet Lateral,411.1,2587.0,26.9,Closed,SNS-008
TEL-001573,2026-05-21T16:45:00,SITE-007,Section F — Kisumu Terminal Link,386.1,2650.2,29.3,Closed,SNS-014
TEL-004099,2026-07-05T06:04:01,SITE-005,Section A — Mombasa-Nairobi Main,431.0,2181.9,22.5,Open,SNS-005
TEL-001187,2026-05-14T11:35:03,mombasa terminal,Section D — Sinendet Lateral,592.2,2295.5,36.3,Open,SNS-012
TEL-002625,2026-06-09T06:00:48,SITE-004,Section E — Makueni Branch,393.5,2847.8,35.2,Open,SNS-004
TEL-000060,2026-04-24T04:00:25,Kisumu term,Section E — Makueni Branch,516.1,2916.5,22.3,Closed,SNS-006
TEL-002423,2026-06-05T14:46:57,SITE-003,Section F — Kisumu Terminal Link,562.9,4067.5,26.2,Closed,SNS-005
TEL-000662,2026-05-04T21:58:39,SITE-005,Section D — Sinendet Lateral,421.4,2675.0,40.9,Open,SNS-013
TEL-001269,2026-05-15T19:35:07,SITE-007,Section B — Nairobi-Nakuru Spur,422.3,2702.9,35.5,Closed,SNS-005
TEL-001043,2026-05-11T17:53:52,NKR Depot,Section C — Nakuru-Eldoret Extension,364.0,3686.6,28.8,Closed,SNS-011
TEL-000597,2026-05-03T18:57:51,SITE-002,Section C — Nakuru-Eldoret Extension,447.1,3127.3,25.1,Partially Open,SNS-004
TEL-002255,2026-06-02T20:13:09,SITE-001,Section F — Kisumu Terminal Link,514.8,3364.9,34.9,Open,SNS-013
TEL-003350,2026-06-21T17:17:42,SITE-002,Section E — Makueni Branch,386.1,2945.6,27.1,Partially Open,SNS-006
TEL-004195,2026-07-07T04:10:42,SITE-002,Section A — Mombasa-Nairobi Main,399.3,3125.3,30.1,Closed,SNS-006
TEL-004462,2026-07-12T07:40:07,SITE-003,Section B — Nairobi-Nakuru Spur,265.9,2827.5,30.8,Open,SNS-010
TEL-000441,2026-04-30T21:56:48,SITE-001,Section C — Nakuru-Eldoret Extension,458.3,3212.8,30.3,Open,SNS-002
TEL-003583,2026-06-26T01:21:48,SITE-006,Section F — Kisumu Terminal Link,440.2,3861.1,34.5,Open,SNS-001
TEL-004318,2026-07-09T13:21:01,SITE-006,Section F — Kisumu Terminal Link,402.9,2465.8,37.1,Open,SNS-014
TEL-004624,2026-07-15T01:26:55,SITE-007,Section F — Kisumu Terminal Link,370.4,3259.7,35.4,Closed,SNS-009
TEL-003565,2026-06-25T11:36:32,SITE-003,Section C — Nakuru-Eldoret Extension,338.8,4007.6,36.1,Open,SNS-013
TEL-003426,2026-06-23T02:44:33,SITE-007,Section F — Kisumu Terminal Link,280.0,3707.3,39.0,Closed,SNS-002
TEL-003452,2026-06-23T16:33:51,SITE-001,Section E — Makueni Branch,386.3,4065.5,32.3,Open,SNS-010
TEL-004906,2026-07-20T02:45:01,SITE-002,Section D — Sinendet Lateral,364.6,2726.4,18.7,Open,SNS-008
TEL-002955,2026-06-14T19:09:13,SITE-001,Section E — Makueni Branch,524.6,2701.5,35.5,Closed,SNS-006
TEL-003204,2026-06-18T17:43:36,SITE-001,Section F — Kisumu Terminal Link,364.6,3781.3,32.4,Open,SNS-004
TEL-003082,2026-06-16T17:31:49,SITE-001,Section E — Makueni Branch,345.3,3825.2,29.2,Open,SNS-012
TEL-000017,2026-04-23T09:26:11,SITE-001,Section F — Kisumu Terminal Link,374.1,3719.4,34.2,Closed,SNS-014
TEL-004959,2026-07-21T03:06:47,Nairobi  Terminal,Section B — Nairobi-Nakuru Spur,369.6,2166.1,36.5,Open,SNS-006
TEL-003382,2026-06-22T07:56:28,SITE-007,Section B — Nairobi-Nakuru Spur,378.9,3550.4,31.2,Closed,SNS-002
TEL-000956,2026-05-10T00:41:13,SITE-002,Section B — Nairobi-Nakuru Spur,421.2,2246.2,23.7,Closed,SNS-001
TEL-004091,2026-07-04T23:48:16,kisumu terminal,Section D — Sinendet Lateral,508.3,1784.1,33.7,Closed,SNS-007
TEL-001446,2026-05-19T14:52:22,SITE-006,Section D — Sinendet Lateral,477.1,3532.1,36.2,Open,SNS-004
TEL-003530,2026-06-24T23:03:05,SITE-004,Section C — Nakuru-Eldoret Extension,409.5,3460.7,25.3,Open,SNS-014
TEL-001280,2026-05-16T02:43:08,SITE-006,Section D — Sinendet Lateral,383.2,4007.5,36.3,Open,SNS-012
TEL-003996,2026-07-03T10:45:33,SITE-005,Section A — Mombasa-Nairobi Main,321.4,2824.0,31.9,Open,SNS-010
TEL-003623,2026-06-26T19:42:07,SITE-004,Section A — Mombasa-Nairobi Main,361.2,3514.1,37.8,Open,SNS-003
TEL-004908,2026-07-20T03:06:08,Nakuru dep,Section A — Mombasa-Nairobi Main,332.2,3158.5,34.0,Partially Open,SNS-012
TEL-004936,2026-07-20T16:06:16,SITE-003,Section D — Sinendet Lateral,393.1,2641.5,41.8,Open,SNS-002
TEL-000454,2026-05-01T03:32:01,SITE-003,Section F — Kisumu Terminal Link,380.8,3033.2,26.8,Closed,SNS-012
TEL-002297,2026-06-03T12:21:42,Sinendet PS,Section B — Nairobi-Nakuru Spur,575.9,2528.8,28.5,Open,SNS-002
TEL-000694,2026-05-05T07:50:10,SITE-002,Section D — Sinendet Lateral,320.0,3876.5,26.0,Open,SNS-012
TEL-004027,2026-07-03T19:47:38,SITE-002,Section B — Nairobi-Nakuru Spur,424.1,2501.2,29.5,Open,SNS-005
TEL-004056,2026-07-04T10:40:42,SITE-006,Section E — Makueni Branch,379.7,2738.5,19.1,Open,SNS-013
TEL-002351,2026-06-04T08:58:54,SITE-006,Section B — Nairobi-Nakuru Spur,446.9,2500.7,29.5,Closed,SNS-014
TEL-003070,2026-06-16T12:59:45,SITE-001,Section F — Kisumu Terminal Link,430.9,3121.7,23.6,Partially Open,SNS-004
TEL-001482,2026-05-20T03:00:42,SITE-004,Section A — Mombasa-Nairobi Main,363.8,3127.7,33.5,Partially Open,SNS-011
TEL-000393,2026-04-29T22:52:49,SITE-007,Section F — Kisumu Terminal Link,414.5,3054.7,24.1,Closed,SNS-014
TEL-000794,2026-05-07T07:37:07,SINENDET,Section E — Makueni Branch,414.6,2999.3,27.6,Partially Open,SNS-013
TEL-002737,2026-06-11T09:21:22,SITE-006,Section C — Nakuru-Eldoret Extension,397.0,2557.1,25.1,Open,SNS-001
TEL-003238,2026-06-19T07:44:32,SITE-002,Section F — Kisumu Terminal Link,375.8,3037.2,29.1,Open,SNS-012
TEL-001953,2026-05-28T00:32:11,Nakuru  Depot,Section D — Sinendet Lateral,,2014.0,41.8,Open,SNS-008
TEL-001704,2026-05-23T18:20:59,SITE-001,Section C — Nakuru-Eldoret Extension,347.7,3891.2,21.8,Open,SNS-003
TEL-000001,2026-04-23T00:26:52,SITE-005,Section A — Mombasa-Nairobi Main,434.1,4170.3,18.0,Open,SNS-008
TEL-002207,2026-06-01T21:20:40,SITE-005,Section C — Nakuru-Eldoret Extension,388.3,,25.5,Closed,SNS-012
TEL-003700,2026-06-28T07:37:23,SITE-004,Section A — Mombasa-Nairobi Main,534.2,2377.1,31.2,Open,SNS-003
TEL-004757,2026-07-17T09:33:05,SITE-001,Section E — Makueni Branch,483.2,2363.1,30.3,Open,SNS-005
TEL-002749,2026-06-11T12:51:50,SITE-003,Section E — Makueni Branch,455.5,3099.6,32.9,Closed,SNS-006
TEL-001390,2026-05-18T06:57:21,Sinendet PS,Section E — Makueni Branch,491.1,3044.8,27.0,Open,SNS-003
TEL-001459,2026-05-19T18:28:08,SITE-002,Section D — Sinendet Lateral,354.6,3919.8,25.7,Open,SNS-002
TEL-001360,2026-05-17T13:48:39,SITE-003,Section F — Kisumu Terminal Link,565.2,2572.0,38.6,Closed,SNS-011
TEL-002628,2026-06-09T07:12:17,SITE-005,Section D — Sinendet Lateral,470.9,3077.1,19.4,Partially Open,SNS-014
TEL-000915,2026-05-09T03:13:34,NKR Depot,Section B — Nairobi-Nakuru Spur,275.9,3637.4,34.1,Closed,SNS-014
TEL-001944,2026-05-27T20:05:34,SITE-002,Section D — Sinendet Lateral,514.5,5000.0,25.9,Open,SNS-011
TEL-002942,2026-06-14T17:28:03,SITE-002,Section A — Mombasa-Nairobi Main,279.4,,22.2,Open,SNS-010
TEL-001612,2026-05-22T04:58:19,SITE-001,Section C — Nakuru-Eldoret Extension,406.9,3252.3,45.0,Open,SNS-003
TEL-003778,2026-06-29T16:26:07,SITE-005,Section E — Makueni Branch,481.8,3339.5,28.1,Closed,SNS-001
TEL-002926,2026-06-14T11:53:03,SITE-004,Section C — Nakuru-Eldoret Extension,518.3,2566.5,31.2,Open,SNS-008
TEL-001901,2026-05-26T22:39:15,SITE-003,Section A — Mombasa-Nairobi Main,251.0,1249.0,35.3,Open,SNS-009
TEL-003375,2026-06-22T04:55:12,Nairobi  Terminal,Section A — Mombasa-Nairobi Main,372.7,3184.0,25.6,Closed,SNS-006
TEL-002547,2026-06-07T17:59:32,SITE-007,Section A — Mombasa-Nairobi Main,379.0,1697.0,26.2,Open,SNS-002
TEL-002601,2026-06-08T19:01:51,SITE-005,Section D — Sinendet Lateral,393.2,,31.9,Partially Open,SNS-009
TEL-003743,2026-06-29T02:37:13,SITE-004,Section C — Nakuru-Eldoret Extension,555.5,3168.6,31.7,Closed,SNS-001
TEL-000586,2026-05-03T14:19:51,SITE-004,Section E — Makueni Branch,428.9,2524.5,29.1,Closed,SNS-011
TEL-001079,2026-05-12T07:17:44,SITE-001,Section C — Nakuru-Eldoret Extension,248.6,4744.4,21.5,Closed,SNS-013
TEL-001004,2026-05-11T01:07:24,SITE-006,Section F — Kisumu Terminal Link,367.6,3303.0,26.3,Open,SNS-012
TEL-002139,2026-05-31T08:26:27,SITE-002,Section D — Sinendet Lateral,423.4,3106.7,26.9,Open,SNS-002
TEL-000024,2026-04-23T11:42:51,SITE-006,Section E — Makueni Branch,348.6,3056.7,31.1,Partially Open,SNS-008
TEL-003890,2026-07-01T15:44:24,SITE-004,Section F — Kisumu Terminal Link,366.5,4118.1,38.5,Open,SNS-013
TEL-000935,2026-05-09T17:34:12,Sinendet  Pump Station,Section F — Kisumu Terminal Link,382.3,3060.3,32.7,Open,SNS-009
TEL-001072,2026-05-12T05:15:58,SITE-005,Section E — Makueni Branch,314.5,4061.3,30.3,Closed,SNS-007
TEL-004219,2026-07-07T14:02:42,ELDORET,Section D — Sinendet Lateral,473.1,3390.5,21.0,Closed,SNS-007
TEL-003266,2026-06-20T01:48:44,SITE-007,Section B — Nairobi-Nakuru Spur,318.2,4516.9,27.4,Closed,SNS-003
TEL-003886,2026-07-01T15:01:39,SITE-003,Section F — Kisumu Terminal Link,419.7,4751.4,25.0,Closed,SNS-014
TEL-002613,2026-06-09T02:09:25,SITE-002,Section F — Kisumu Terminal Link,475.4,2997.3,41.3,Closed,SNS-002
TEL-000596,2026-05-03T18:39:34,SITE-003,Section B — Nairobi-Nakuru Spur,454.9,2966.7,19.5,Open,SNS-012
TEL-000954,2026-05-10T00:30:23,SITE-003,Section C — Nakuru-Eldoret Extension,472.1,2127.4,15.7,Partially Open,SNS-009
TEL-000547,2026-05-02T18:06:32,SITE-003,Section A — Mombasa-Nairobi Main,463.8,2586.5,28.9,Closed,SNS-014
TEL-001483,2026-05-20T03:09:03,SITE-003,Section F — Kisumu Terminal Link,421.3,3704.3,31.6,Open,SNS-008
TEL-000536,2026-05-02T12:56:49,SITE-006,Section C — Nakuru-Eldoret Extension,388.7,3357.3,23.3,Closed,SNS-005
TEL-004276,2026-07-08T17:02:11,SITE-006,Section D — Sinendet Lateral,369.3,2042.7,19.2,Open,SNS-014
TEL-004454,2026-07-12T04:03:52,SITE-003,Section B — Nairobi-Nakuru Spur,432.5,,29.1,Open,SNS-002
TEL-001159,2026-05-13T23:57:56,SITE-004,Section D — Sinendet Lateral,306.1,2919.2,21.7,Open,SNS-010
TEL-001784,2026-05-25T01:29:46,SITE-007,Section A — Mombasa-Nairobi Main,414.0,2461.3,29.8,Partially Open,SNS-002
TEL-002365,2026-06-04T15:02:33,SITE-004,Section D — Sinendet Lateral,458.3,3322.5,32.1,Closed,SNS-001
TEL-003655,2026-06-27T10:20:19,SITE-005,Section B — Nairobi-Nakuru Spur,221.2,3213.9,28.7,Open,SNS-006
TEL-000171,2026-04-26T05:43:19,SITE-004,Section F — Kisumu Terminal Link,462.5,2223.4,30.2,Open,SNS-011
TEL-003906,2026-07-01T22:01:10,SITE-007,Section E — Makueni Branch,385.5,3654.3,15.0,Closed,SNS-004
TEL-000601,2026-05-03T20:19:15,SITE-002,Section C — Nakuru-Eldoret Extension,365.7,3793.4,30.5,Closed,SNS-007
TEL-001779,2026-05-24T23:34:34,NKR Depot,Section A — Mombasa-Nairobi Main,374.1,3513.3,36.7,Open,SNS-008
TEL-003905,2026-07-01T20:22:32,SITE-006,Section A — Mombasa-Nairobi Main,358.8,2812.8,24.6,Open,SNS-013
TEL-000391,2026-04-29T20:59:53,SITE-007,Section A — Mombasa-Nairobi Main,539.2,2731.3,31.0,Partially Open,SNS-002
TEL-003364,2026-06-22T00:42:53,SITE-001,Section A — Mombasa-Nairobi Main,427.0,4419.8,24.3,Open,SNS-012
TEL-001676,2026-05-23T08:48:08,SITE-005,Section E — Makueni Branch,453.0,1039.1,32.3,Open,SNS-010
TEL-000701,2026-05-05T10:41:36,SITE-002,Section E — Makueni Branch,345.7,1000.0,27.4,Closed,SNS-003
TEL-003868,2026-07-01T06:20:47,SITE-003,Section E — Makueni Branch,473.4,3160.0,31.0,Open,SNS-008
TEL-000199,2026-04-26T14:59:25,SITE-006,Section E — Makueni Branch,465.3,3074.0,26.7,Open,SNS-001
TEL-003582,2026-06-25T22:15:53,SITE-006,Section E — Makueni Branch,394.9,3014.7,40.7,Open,SNS-007
TEL-001445,2026-05-19T14:46:23,SITE-002,Section C — Nakuru-Eldoret Extension,321.4,2465.8,34.7,Open,SNS-009
TEL-000501,2026-05-02T01:04:46,SITE-007,Section A — Mombasa-Nairobi Main,374.9,2999.4,31.5,Closed,SNS-014
TEL-000033,2026-04-23T16:01:34,SITE-005,Section E — Makueni Branch,473.1,2429.1,29.0,Open,SNS-002
TEL-004558,2026-07-14T04:41:10,SITE-005,Section B — Nairobi-Nakuru Spur,313.0,2223.4,21.3,Partially Open,SNS-011
TEL-000363,2026-04-29T10:47:35,Mombasa  Terminal,Section A — Mombasa-Nairobi Main,428.7,1000.0,32.1,Partially Open,SNS-008
TEL-002790,2026-06-12T05:59:22,SITE-005,Section C — Nakuru-Eldoret Extension,411.7,3065.2,36.0,Partially Open,SNS-009
TEL-000140,2026-04-25T17:11:27,Nairobi  Terminal,Section E — Makueni Branch,395.5,4165.6,35.2,Partially Open,SNS-013
TEL-004704,2026-07-16T13:10:01,SITE-003,Section D — Sinendet Lateral,269.5,4046.4,31.2,Open,SNS-013
TEL-000788,2026-05-07T05:44:52,SITE-001,Section C — Nakuru-Eldoret Extension,452.6,3308.8,24.1,Open,SNS-014
TEL-002875,2026-06-13T15:00:44,SITE-004,Section A — Mombasa-Nairobi Main,385.9,2829.1,33.3,Open,SNS-011
TEL-003393,2026-06-22T11:03:49,SITE-007,Section C — Nakuru-Eldoret Extension,380.2,3723.5,30.1,Closed,SNS-008
TEL-002016,2026-05-29T11:51:29,SITE-001,Section E — Makueni Branch,437.4,1465.3,33.4,Open,SNS-008
TEL-003717,2026-06-28T14:46:41,SITE-003,Section F — Kisumu Terminal Link,343.9,2853.2,30.0,Partially Open,SNS-001
TEL-003815,2026-06-30T08:35:59,SITE-007,Section F — Kisumu Terminal Link,464.0,2577.4,29.2,Closed,SNS-006
TEL-001480,2026-05-20T02:24:50,MSA Terminal,Section A — Mombasa-Nairobi Main,200.0,2998.7,24.5,Closed,SNS-001
TEL-004634,2026-07-15T05:13:42,mombasa terminal,Section E — Makueni Branch,513.1,3041.8,20.2,Closed,SNS-011
TEL-003666,2026-06-27T15:43:21,SITE-007,Section C — Nakuru-Eldoret Extension,357.2,4807.6,34.2,Partially Open,SNS-014
TEL-004310,2026-07-09T09:55:18,SITE-005,Section D — Sinendet Lateral,459.0,3323.3,27.5,Open,SNS-006
TEL-000298,2026-04-28T09:19:15,SITE-005,Section F — Kisumu Terminal Link,401.3,4445.4,32.5,Closed,SNS-010
TEL-002299,2026-06-03T13:14:45,SITE-004,Section F — Kisumu Terminal Link,387.8,4017.9,33.3,Partially Open,SNS-007
TEL-003898,2026-07-01T18:59:49,SITE-003,Section D — Sinendet Lateral,304.7,2593.8,20.5,Open,SNS-004
TEL-004406,2026-07-11T04:29:23,SITE-005,Section D — Sinendet Lateral,374.1,3382.1,24.9,Closed,SNS-005
TEL-001511,2026-05-20T17:57:09,SITE-005,Section D — Sinendet Lateral,522.2,4060.6,35.8,Closed,SNS-002
TEL-000624,2026-05-04T07:46:32,SITE-001,Section D — Sinendet Lateral,444.2,3128.3,16.1,Partially Open,SNS-006
TEL-001688,2026-05-23T12:04:06,SITE-001,Section A — Mombasa-Nairobi Main,577.8,2183.6,27.8,Open,SNS-008
TEL-003010,2026-06-15T14:43:28,Nairobi term,Section C — Nakuru-Eldoret Extension,276.7,3506.3,28.9,Open,SNS-014
TEL-004548,2026-07-14T01:23:28,SITE-006,Section E — Makueni Branch,526.4,1243.7,30.1,Open,SNS-001
TEL-000036,2026-04-23T17:04:28,SITE-003,Section E — Makueni Branch,307.9,2806.5,36.9,Closed,SNS-005
TEL-003011,2026-06-15T14:44:05,SITE-001,Section C — Nakuru-Eldoret Extension,396.7,2638.9,38.6,Closed,SNS-014
TEL-003137,2026-06-17T17:33:13,SITE-005,Section D — Sinendet Lateral,337.8,4040.6,29.8,Closed,SNS-010
TEL-000839,2026-05-07T21:04:57,SITE-005,Section E — Makueni Branch,438.0,4176.2,32.2,Open,SNS-006
TEL-002403,2026-06-05T05:13:17,SITE-006,Section A — Mombasa-Nairobi Main,268.0,3170.1,36.8,Open,SNS-013
TEL-003166,2026-06-18T05:02:11,SITE-002,Section E — Makueni Branch,402.5,2653.1,27.7,Open,SNS-006
TEL-002735,2026-06-11T07:31:32,SITE-005,Section F — Kisumu Terminal Link,290.1,3041.3,27.3,Open,SNS-008
TEL-003843,2026-06-30T19:13:38,SITE-003,Section E — Makueni Branch,310.0,2950.1,35.4,Open,SNS-006
TEL-004930,2026-07-20T12:49:01,SITE-005,Section B — Nairobi-Nakuru Spur,451.8,3808.4,35.1,Partially Open,SNS-001
TEL-002256,2026-06-02T20:16:45,SITE-006,Section A — Mombasa-Nairobi Main,344.7,3414.8,24.1,Open,SNS-002
TEL-000086,2026-04-24T13:10:03,SITE-006,Section B — Nairobi-Nakuru Spur,429.9,2575.7,33.8,Closed,SNS-012
TEL-004815,2026-07-18T12:28:11,Kisumu term,Section A — Mombasa-Nairobi Main,360.5,3151.7,37.1,Open,SNS-014
TEL-004878,2026-07-19T11:35:38,SITE-001,Section E — Makueni Branch,389.0,2479.4,35.5,Closed,SNS-008
TEL-001243,2026-05-15T09:30:06,SITE-004,Section D — Sinendet Lateral,404.1,1951.7,20.7,Open,SNS-010
TEL-000431,2026-04-30T15:46:55,SITE-006,Section D — Sinendet Lateral,383.3,3518.7,25.7,Closed,SNS-001
TEL-004787,2026-07-18T01:42:12,NAKURU,Section B — Nairobi-Nakuru Spur,446.5,4071.7,27.6,Partially Open,SNS-001
TEL-004771,2026-07-17T17:19:55,Kisumu term,Section D — Sinendet Lateral,200.0,2916.0,36.3,Closed,SNS-012
TEL-003058,2026-06-16T09:40:45,nakuru depot,Section C — Nakuru-Eldoret Extension,350.1,3478.3,33.6,Open,SNS-012
TEL-003564,2026-06-25T11:21:46,SITE-007,Section F — Kisumu Terminal Link,323.1,3446.6,19.0,Open,SNS-010
TEL-002956,2026-06-14T19:29:09,MOMBASA,Section F — Kisumu Terminal Link,345.6,2743.1,28.9,Open,SNS-009
TEL-000421,2026-04-30T11:22:43,SITE-003,Section F — Kisumu Terminal Link,464.5,4012.0,34.8,Partially Open,SNS-013
TEL-003569,2026-06-25T14:00:26,SITE-003,Section B — Nairobi-Nakuru Spur,327.8,2027.7,35.6,Closed,SNS-012
TEL-002369,2026-06-04T18:31:22,SITE-004,Section B — Nairobi-Nakuru Spur,347.8,,31.8,Closed,SNS-008
TEL-002120,2026-05-30T23:27:08,SITE-001,Section B — Nairobi-Nakuru Spur,501.4,2937.8,37.0,Open,SNS-014
TEL-001297,2026-05-16T08:06:55,nairobi terminal,Section B — Nairobi-Nakuru Spur,394.7,3984.9,24.8,Closed,SNS-001
TEL-004360,2026-07-10T08:43:47,SITE-005,Section F — Kisumu Terminal Link,370.1,2736.6,21.2,Closed,SNS-004
TEL-003115,2026-06-17T09:12:21,Sinendet  Pump Station,Section F — Kisumu Terminal Link,419.0,2815.0,22.1,Partially Open,SNS-009
TEL-004367,2026-07-10T11:33:30,SITE-007,Section E — Makueni Branch,371.3,2339.1,31.7,Open,SNS-005
TEL-003135,2026-06-17T16:58:02,SITE-004,Section D — Sinendet Lateral,259.4,2363.3,34.2,Open,SNS-009
TEL-001213,2026-05-14T21:13:04,SITE-004,Section B — Nairobi-Nakuru Spur,399.7,2921.3,21.0,Partially Open,SNS-008
TEL-004542,2026-07-13T21:47:30,SITE-005,Section D — Sinendet Lateral,406.5,2159.8,38.9,Open,SNS-009
TEL-004040,2026-07-04T02:12:32,SITE-007,Section E — Makueni Branch,231.7,3914.0,28.7,Open,SNS-009
TEL-001539,2026-05-21T06:35:34,SITE-002,Section F — Kisumu Terminal Link,490.3,1902.1,24.9,Closed,SNS-008
TEL-000905,2026-05-09T00:10:21,Mombasa term,Section F — Kisumu Terminal Link,334.5,2850.8,27.9,Closed,SNS-011
TEL-000724,2026-05-05T21:57:36,SITE-005,Section D — Sinendet Lateral,332.5,4115.9,38.2,Open,SNS-004
TEL-000960,2026-05-10T04:11:20,SITE-003,Section A — Mombasa-Nairobi Main,279.4,2191.0,21.1,Open,SNS-013
TEL-001089,2026-05-12T12:44:27,SITE-002,Section C — Nakuru-Eldoret Extension,330.6,2028.1,31.4,Open,SNS-006
TEL-003376,2026-06-22T05:57:34,SITE-005,Section A — Mombasa-Nairobi Main,350.4,2731.0,31.8,Closed,SNS-003
TEL-003860,2026-07-01T03:17:14,SITE-003,Section E — Makueni Branch,399.3,3095.4,32.5,Open,SNS-003
TEL-001547,2026-05-21T09:23:32,SITE-006,Section E — Makueni Branch,596.1,3138.2,23.6,Partially Open,SNS-007
TEL-000914,2026-05-09T03:13:10,SITE-001,Section B — Nairobi-Nakuru Spur,-17.4,3790.0,34.0,Open,SNS-014
TEL-004892,2026-07-19T21:49:32,SITE-007,Section E — Makueni Branch,417.6,1980.3,19.4,Closed,SNS-006
TEL-000762,2026-05-06T13:56:45,SITE-001,Section F — Kisumu Terminal Link,516.9,3153.0,28.5,Open,SNS-013
TEL-000705,2026-05-05T13:21:59,SITE-001,Section E — Makueni Branch,430.2,3674.7,27.3,Partially Open,SNS-008
TEL-004162,2026-07-06T08:40:46,SITE-005,Section D — Sinendet Lateral,414.4,2782.4,29.6,Closed,SNS-005
TEL-001254,2026-05-15T12:17:03,SITE-005,Section A — Mombasa-Nairobi Main,479.9,2845.0,27.6,Open,SNS-004
TEL-003123,2026-06-17T12:04:43,SITE-004,Section B — Nairobi-Nakuru Spur,399.2,2888.1,35.9,Partially Open,SNS-008
TEL-002995,2026-06-15T08:00:48,SITE-001,Section D — Sinendet Lateral,457.5,,30.7,Open,SNS-001
TEL-000909,2026-05-09T01:29:10,SITE-002,Section B — Nairobi-Nakuru Spur,282.3,2254.8,15.0,Open,SNS-013
TEL-002673,2026-06-10T04:04:49,SITE-003,Section F — Kisumu Terminal Link,345.1,2052.9,30.4,Open,SNS-001
TEL-004489,2026-07-12T16:29:26,SITE-001,Section A — Mombasa-Nairobi Main,257.6,2458.4,24.3,Open,SNS-007
TEL-001287,2026-05-16T05:06:13,SITE-005,Section D — Sinendet Lateral,344.6,3411.7,40.7,Partially Open,SNS-009
TEL-003039,2026-06-16T00:49:45,SITE-006,Section D — Sinendet Lateral,382.0,1000.0,35.8,Closed,SNS-004
TEL-004315,2026-07-09T12:30:15,SITE-006,Section A — Mombasa-Nairobi Main,426.2,3826.2,,Partially Open,SNS-008
TEL-003494,2026-06-24T12:27:02,NAIROBI,Section C — Nakuru-Eldoret Extension,400.8,3537.4,24.6,Closed,SNS-012
TEL-000942,2026-05-09T20:43:45,SITE-005,Section B — Nairobi-Nakuru Spur,335.2,1293.7,31.9,Open,SNS-005
TEL-001272,2026-05-15T23:34:09,SITE-001,Section B — Nairobi-Nakuru Spur,406.4,2457.5,31.3,Open,SNS-004
TEL-002285,2026-06-03T09:13:06,SITE-002,Section E — Makueni Branch,-34.2,3852.1,37.0,Closed,SNS-007
TEL-000661,2026-05-04T21:57:07,SITE-003,Section D — Sinendet Lateral,361.0,3591.6,21.8,Open,SNS-007
TEL-001186,2026-05-14T11:17:47,SITE-002,Section F — Kisumu Terminal Link,471.4,4247.3,43.4,Closed,SNS-005
TEL-004079,2026-07-04T20:55:21,Eldoret term,Section E — Makueni Branch,357.4,3632.6,27.1,Open,SNS-012
TEL-002313,2026-06-03T19:36:25,SITE-004,Section D — Sinendet Lateral,416.2,4059.7,26.3,Partially Open,SNS-014
TEL-003272,2026-06-20T03:41:03,SITE-002,Section C — Nakuru-Eldoret Extension,396.4,2346.3,26.7,Open,SNS-006
TEL-004285,2026-07-08T20:01:33,SITE-006,Section F — Kisumu Terminal Link,398.3,2168.8,28.9,Closed,SNS-007
TEL-000646,2026-05-04T17:05:23,makueni section,Section C — Nakuru-Eldoret Extension,436.6,3119.0,29.8,Closed,SNS-007
TEL-004288,2026-07-08T20:29:37,SITE-006,Section A — Mombasa-Nairobi Main,290.9,3731.3,27.9,Open,SNS-014
TEL-001196,2026-05-14T13:54:25,SITE-003,Section E — Makueni Branch,470.8,2037.9,33.0,Closed,SNS-012
TEL-002592,2026-06-08T15:24:31,SITE-004,Section B — Nairobi-Nakuru Spur,533.1,4132.7,34.2,Closed,SNS-009
TEL-003257,2026-06-19T21:12:56,SITE-004,Section C — Nakuru-Eldoret Extension,276.7,3458.7,36.2,Partially Open,SNS-011
TEL-003730,2026-06-28T19:36:17,SITE-005,Section D — Sinendet Lateral,355.7,3430.9,28.5,Open,SNS-010
TEL-003768,2026-06-29T12:08:59,SITE-002,Section D — Sinendet Lateral,314.8,2311.9,28.6,Partially Open,SNS-008
TEL-002334,2026-06-04T01:20:22,SITE-004,Section B — Nairobi-Nakuru Spur,340.2,1546.9,23.1,Partially Open,SNS-001
TEL-004480,2026-07-12T13:02:10,SITE-004,Section B — Nairobi-Nakuru Spur,407.2,2829.6,44.7,Open,SNS-007
TEL-000233,2026-04-27T02:55:44,SITE-002,Section F — Kisumu Terminal Link,301.4,3234.0,32.3,Open,SNS-010
TEL-000704,2026-05-05T13:11:49,SITE-006,Section B — Nairobi-Nakuru Spur,363.3,3238.5,33.5,Closed,SNS-009
TEL-003708,2026-06-28T11:17:43,Kibwezi,Section C — Nakuru-Eldoret Extension,386.1,2803.4,21.9,Open,SNS-002
TEL-000587,2026-05-03T14:22:19,SITE-007,Section A — Mombasa-Nairobi Main,331.0,3873.7,35.6,Open,SNS-003
TEL-000590,2026-05-03T15:55:55,SITE-003,Section F — Kisumu Terminal Link,395.8,3219.7,40.0,Open,SNS-010
TEL-001642,2026-05-22T18:04:33,SITE-007,Section F — Kisumu Terminal Link,444.7,2421.3,39.6,Open,SNS-009
TEL-002666,2026-06-10T00:49:57,SITE-005,Section C — Nakuru-Eldoret Extension,438.1,2117.2,22.1,Closed,SNS-012
TEL-003307,2026-06-20T20:48:19,SITE-005,Section F — Kisumu Terminal Link,350.1,3102.3,28.8,Open,SNS-009
TEL-002042,2026-05-29T19:38:16,SITE-001,Section C — Nakuru-Eldoret Extension,349.3,3501.8,28.6,Partially Open,SNS-001
TEL-003924,2026-07-02T05:10:57,SITE-003,Section F — Kisumu Terminal Link,519.1,3730.4,28.0,Partially Open,SNS-011
TEL-000258,2026-04-27T11:40:28,SITE-001,Section F — Kisumu Terminal Link,485.9,2370.6,32.0,Partially Open,SNS-008
TEL-002707,2026-06-10T16:12:12,SITE-001,Section D — Sinendet Lateral,-21.9,4246.2,42.0,Open,SNS-011
TEL-004654,2026-07-15T16:21:04,SITE-003,Section E — Makueni Branch,375.4,2699.8,25.0,Closed,SNS-014
TEL-002928,2026-06-14T12:38:51,SITE-007,Section C — Nakuru-Eldoret Extension,235.2,2506.3,23.5,Partially Open,SNS-002
TEL-003896,2026-07-01T18:24:48,SITE-005,Section D — Sinendet Lateral,437.5,2219.0,31.5,Open,SNS-012
TEL-000335,2026-04-29T01:24:54,SITE-003,Section C — Nakuru-Eldoret Extension,413.4,2620.2,41.5,Open,SNS-005
TEL-004362,2026-07-10T09:35:14,SITE-003,Section B — Nairobi-Nakuru Spur,334.8,3612.0,15.5,Open,SNS-006
TEL-000844,2026-05-07T23:25:57,SITE-002,Section B — Nairobi-Nakuru Spur,451.7,2685.8,36.1,Open,SNS-014
TEL-003373,2026-06-22T03:45:21,SITE-007,Section B — Nairobi-Nakuru Spur,423.1,1936.7,24.0,Closed,SNS-010
TEL-002271,2026-06-03T02:31:12,SITE-001,Section E — Makueni Branch,453.4,3223.5,37.7,Partially Open,SNS-001
TEL-004358,2026-07-10T07:31:49,SITE-004,Section C — Nakuru-Eldoret Extension,448.1,2484.7,20.6,Closed,SNS-002
TEL-004197,2026-07-07T04:25:50,ELDORET,Section C — Nakuru-Eldoret Extension,310.9,3422.8,22.7,Open,SNS-014
TEL-001160,2026-05-14T00:03:12,Eldoret  Terminal,Section E — Makueni Branch,420.5,1940.3,23.0,Closed,SNS-005
TEL-004673,2026-07-16T01:17:36,SITE-003,Section A — Mombasa-Nairobi Main,200.0,3276.0,37.8,Open,SNS-011
TEL-004458,2026-07-12T06:38:45,SITE-005,Section C — Nakuru-Eldoret Extension,371.3,2320.2,30.4,Partially Open,SNS-009
TEL-000532,2026-05-02T11:58:32,Kibwezi,Section F — Kisumu Terminal Link,1000,2718.4,32.8,Partially Open,SNS-011
TEL-000451,2026-05-01T02:01:29,SITE-001,Section C — Nakuru-Eldoret Extension,530.7,2003.6,26.0,Closed,SNS-014
TEL-002367,2026-06-04T16:01:42,Mombasa term,Section D — Sinendet Lateral,532.2,2968.4,34.7,Closed,SNS-002
TEL-003542,2026-06-25T02:50:40,nakuru depot,Section F — Kisumu Terminal Link,352.2,3210.7,41.1,Open,SNS-002
TEL-001421,2026-05-19T01:43:12,SITE-007,Section E — Makueni Branch,335.0,2905.0,32.8,Closed,SNS-003
TEL-003023,2026-06-15T18:42:36,NKR Depot,Section C — Nakuru-Eldoret Extension,420.1,2861.9,36.3,Open,SNS-003
TEL-004790,2026-07-18T02:34:08,SITE-004,Section E — Makueni Branch,269.6,2554.1,19.3,Partially Open,SNS-008
TEL-003805,2026-06-30T04:42:32,SITE-001,Section D — Sinendet Lateral,418.0,2319.6,21.1,Open,SNS-011
TEL-002222,2026-06-02T06:07:05,SINENDET,Section A — Mombasa-Nairobi Main,361.5,4154.5,24.1,Open,SNS-013
TEL-002509,2026-06-07T00:59:14,SITE-001,Section C — Nakuru-Eldoret Extension,394.5,3423.8,34.9,Closed,SNS-014
TEL-002905,2026-06-14T02:03:06,Mombasa  Terminal,Section B — Nairobi-Nakuru Spur,314.7,4130.3,30.6,Closed,SNS-007
TEL-004840,2026-07-18T20:32:54,NKR Depot,Section F — Kisumu Terminal Link,437.9,3136.8,22.4,Partially Open,SNS-013
TEL-001825,2026-05-25T14:00:24,SITE-002,Section E — Makueni Branch,434.6,2396.9,25.1,Closed,SNS-011
TEL-004017,2026-07-03T17:13:38,MOMBASA,Section C — Nakuru-Eldoret Extension,526.2,3028.8,39.0,Open,SNS-013
TEL-003291,2026-06-20T13:39:19,SITE-004,Section C — Nakuru-Eldoret Extension,,2492.2,31.5,Open,SNS-013
TEL-004224,2026-07-07T16:30:51,SITE-007,Section D — Sinendet Lateral,411.4,4150.9,34.1,Open,SNS-007
TEL-003165,2026-06-18T04:42:22,NAKURU,Section F — Kisumu Terminal Link,492.8,3119.4,31.2,Closed,SNS-014
TEL-000560,2026-05-03T01:35:48,SITE-002,Section B — Nairobi-Nakuru Spur,549.8,3252.1,29.0,Partially Open,SNS-010
TEL-003704,2026-06-28T09:52:55,SITE-006,Section E — Makueni Branch,363.0,2865.2,25.4,Open,SNS-001
TEL-002153,2026-05-31T13:59:34,SITE-003,Section D — Sinendet Lateral,397.8,2425.8,30.3,Open,SNS-005
TEL-003712,2026-06-28T12:04:53,Sinendet  Pump Station,Section A — Mombasa-Nairobi Main,200.0,3124.0,34.6,Partially Open,SNS-003
TEL-004637,2026-07-15T07:17:07,SITE-006,Section E — Makueni Branch,513.6,2893.6,32.7,Open,SNS-012
TEL-001501,2026-05-20T13:17:06,SITE-006,Section A — Mombasa-Nairobi Main,440.3,3976.5,41.6,Open,SNS-012
TEL-000528,2026-05-02T10:18:41,SITE-001,Section A — Mombasa-Nairobi Main,461.1,2746.8,22.2,Open,SNS-003
TEL-002543,2026-06-07T16:35:58,SITE-006,Section A — Mombasa-Nairobi Main,349.5,3729.5,29.9,Closed,SNS-001
TEL-002279,2026-06-03T07:22:46,SITE-001,Section A — Mombasa-Nairobi Main,276.8,3494.7,30.0,Open,SNS-003
TEL-001845,2026-05-25T22:14:09,Nairobi term,Section D — Sinendet Lateral,336.5,1843.3,36.7,Closed,SNS-012
TEL-002518,2026-06-07T05:50:41,SITE-002,Section D — Sinendet Lateral,423.1,3092.7,25.3,Open,SNS-001
TEL-002947,2026-06-14T18:06:59,ELDORET,Section A — Mombasa-Nairobi Main,368.8,,24.2,Closed,SNS-001
TEL-000706,2026-05-05T13:50:10,SITE-005,Section F — Kisumu Terminal Link,443.1,3054.0,,Closed,SNS-006
TEL-002800,2026-06-12T09:54:55,SITE-005,Section A — Mombasa-Nairobi Main,228.9,3450.2,30.2,Open,SNS-003
TEL-004648,2026-07-15T13:06:37,SITE-001,Section D — Sinendet Lateral,346.6,2119.4,36.9,Open,SNS-007
TEL-000544,2026-05-02T16:24:18,ELD Terminal,Section E — Makueni Branch,396.7,3266.0,26.1,Closed,SNS-005
TEL-002409,2026-06-05T07:28:33,SITE-001,Section F — Kisumu Terminal Link,475.5,3340.0,20.6,Open,SNS-008
TEL-001179,2026-05-14T07:20:11,SITE-004,Section F — Kisumu Terminal Link,439.9,2304.4,31.3,Partially Open,SNS-012
TEL-000013,2026-04-23T06:36:49,SITE-007,Section B — Nairobi-Nakuru Spur,452.2,4776.1,28.8,Open,SNS-003
TEL-001722,2026-05-24T01:50:15,SITE-002,Section D — Sinendet Lateral,276.0,4515.8,26.2,Closed,SNS-009
TEL-004183,2026-07-06T22:17:55,SITE-004,Section E — Makueni Branch,303.1,2285.3,35.1,Open,SNS-001
TEL-002644,2026-06-09T13:27:34,SITE-004,Section E — Makueni Branch,434.6,4179.5,39.3,Open,SNS-011
TEL-000157,2026-04-26T01:59:01,SITE-002,Section C — Nakuru-Eldoret Extension,478.7,2078.6,30.0,Partially Open,SNS-003
TEL-000775,2026-05-06T20:55:22,SITE-001,Section E — Makueni Branch,285.1,4623.7,29.6,Open,SNS-004
TEL-001513,2026-05-20T18:03:55,SITE-001,Section D — Sinendet Lateral,302.0,3257.8,25.6,Open,SNS-003
TEL-004235,2026-07-07T22:38:30,SITE-001,Section F — Kisumu Terminal Link,388.7,3504.4,33.6,Open,SNS-012
TEL-002143,2026-05-31T12:09:28,SITE-007,Section B — Nairobi-Nakuru Spur,600.0,3136.0,42.6,Partially Open,SNS-012
TEL-001646,2026-05-22T19:29:01,SITE-001,Section D — Sinendet Lateral,356.5,3426.0,24.5,Open,SNS-001
TEL-002310,2026-06-03T18:15:21,MSA Terminal,Section E — Makueni Branch,458.9,2343.1,26.1,Open,SNS-002
TEL-004661,2026-07-15T20:12:28,SITE-001,Section F — Kisumu Terminal Link,334.6,2954.7,32.8,Partially Open,SNS-008
TEL-002618,2026-06-09T04:35:32,Mombasa term,Section A — Mombasa-Nairobi Main,383.1,2327.7,21.4,Open,SNS-003
TEL-000927,2026-05-09T14:09:11,SITE-005,Section C — Nakuru-Eldoret Extension,298.2,1893.3,22.4,Open,SNS-006
TEL-004677,2026-07-16T02:35:03,SITE-006,Section F — Kisumu Terminal Link,352.9,2776.5,28.3,Closed,SNS-012
TEL-000919,2026-05-09T04:16:53,SITE-003,Section E — Makueni Branch,408.7,4643.7,30.0,Open,SNS-004
TEL-001541,2026-05-21T07:31:07,SITE-001,Section C — Nakuru-Eldoret Extension,345.5,3924.3,22.1,Open,SNS-013
TEL-001560,2026-05-21T11:57:45,SITE-005,Section B — Nairobi-Nakuru Spur,387.6,3113.0,22.1,Partially Open,SNS-007
TEL-001916,2026-05-27T05:24:35,SITE-002,Section F — Kisumu Terminal Link,410.7,3366.9,15.1,Partially Open,SNS-003
TEL-003073,2026-06-16T13:25:57,SITE-007,Section C — Nakuru-Eldoret Extension,390.4,2302.4,31.3,Open,SNS-009
TEL-004404,2026-07-11T03:22:30,SITE-005,Section E — Makueni Branch,359.5,3046.1,19.7,Open,SNS-004
TEL-002178,2026-06-01T05:27:17,SITE-003,Section F — Kisumu Terminal Link,281.6,2820.0,27.4,Open,SNS-011
TEL-001015,2026-05-11T03:32:22,SITE-001,Section C — Nakuru-Eldoret Extension,415.8,3129.5,22.7,Open,SNS-008
TEL-001242,2026-05-15T09:24:04,SITE-005,Section B — Nairobi-Nakuru Spur,574.1,3345.3,37.7,Partially Open,SNS-008
TEL-002575,2026-06-08T08:04:52,SITE-004,Section D — Sinendet Lateral,373.3,4405.3,29.3,Open,SNS-004
TEL-003024,2026-06-15T18:52:49,SITE-001,Section D — Sinendet Lateral,275.7,2882.9,35.2,Open,SNS-003
TEL-003110,2026-06-17T05:11:55,SITE-006,Section A — Mombasa-Nairobi Main,208.0,4019.2,30.5,Partially Open,SNS-008
TEL-003106,2026-06-17T02:54:38,SITE-004,Section A — Mombasa-Nairobi Main,365.6,2629.3,29.2,Closed,SNS-002
TEL-002994,2026-06-15T08:00:14,SITE-006,Section F — Kisumu Terminal Link,428.5,3833.7,30.7,Closed,SNS-007
TEL-000430,2026-04-30T15:22:59,SITE-001,Section F — Kisumu Terminal Link,312.9,3124.7,30.3,Closed,SNS-011
TEL-000470,2026-05-01T09:38:09,SITE-006,Section C — Nakuru-Eldoret Extension,502.3,3235.5,32.7,Open,SNS-008
TEL-000446,2026-04-30T22:56:02,SITE-002,Section F — Kisumu Terminal Link,340.3,3431.4,37.8,Open,SNS-005
TEL-003822,2026-06-30T11:51:37,SITE-005,Section B — Nairobi-Nakuru Spur,443.8,3827.1,19.2,Closed,SNS-010
TEL-000283,2026-04-28T01:15:04,SITE-001,Section A — Mombasa-Nairobi Main,299.6,2781.5,33.5,Open,SNS-003
TEL-002375,2026-06-04T20:13:18,SITE-004,Section F — Kisumu Terminal Link,415.5,3165.8,32.2,Open,SNS-011
TEL-003720,2026-06-28T15:33:26,SITE-003,Section F — Kisumu Terminal Link,373.6,2640.0,36.8,Open,SNS-011
TEL-002177,2026-06-01T04:48:48,SITE-002,Section E — Makueni Branch,438.2,2707.7,27.1,Partially Open,SNS-003
TEL-000976,2026-05-10T14:11:06,SITE-003,Section C — Nakuru-Eldoret Extension,359.6,2606.7,28.1,Closed,SNS-002
TEL-002745,2026-06-11T11:48:08,Nakuru dep,Section C — Nakuru-Eldoret Extension,242.6,1564.6,36.2,Partially Open,SNS-003
TEL-004721,2026-07-16T20:46:57,Sinendet PS,Section F — Kisumu Terminal Link,457.3,3082.7,34.6,Open,SNS-014
TEL-001037,2026-05-11T14:42:01,SITE-007,Section E — Makueni Branch,371.6,3296.1,20.0,Closed,SNS-007
TEL-004081,2026-07-04T21:38:14,SITE-003,Section E — Makueni Branch,422.9,3422.7,35.2,Open,SNS-008
TEL-002022,2026-05-29T13:52:05,Mombasa  Terminal,Section B — Nairobi-Nakuru Spur,480.0,2484.3,30.5,Closed,SNS-007
TEL-004387,2026-07-10T20:24:58,SITE-002,Section A — Mombasa-Nairobi Main,368.6,1941.4,33.0,Closed,SNS-003
TEL-001039,2026-05-11T15:20:04,SITE-003,Section B — Nairobi-Nakuru Spur,425.6,3697.2,38.6,Closed,SNS-010
TEL-003003,2026-06-15T11:16:52,SITE-007,Section D — Sinendet Lateral,430.4,1008.4,35.0,Open,SNS-008
TEL-000422,2026-04-30T12:04:35,SITE-001,Section E — Makueni Branch,519.4,4608.0,31.0,Open,SNS-005
TEL-004953,2026-07-21T01:23:50,sinendet pump station,Section C — Nakuru-Eldoret Extension,329.6,2385.5,24.8,Open,SNS-011
TEL-000032,2026-04-23T14:35:02,SITE-004,Section A — Mombasa-Nairobi Main,297.5,1999.0,25.3,Open,SNS-001
TEL-003869,2026-07-01T07:20:36,SITE-003,Section E — Makueni Branch,416.7,2479.7,29.7,Open,SNS-003
TEL-002608,2026-06-09T00:18:31,SITE-003,Section B — Nairobi-Nakuru Spur,458.3,2891.4,36.8,Closed,SNS-014
TEL-003055,2026-06-16T08:55:35,SITE-001,Section B — Nairobi-Nakuru Spur,365.8,3277.7,39.3,Partially Open,SNS-012
TEL-004201,2026-07-07T05:30:52,SITE-003,Section F — Kisumu Terminal Link,379.5,2682.1,34.5,Closed,SNS-002
TEL-003512,2026-06-24T16:27:26,SITE-001,Section C — Nakuru-Eldoret Extension,339.4,3933.4,27.5,Open,SNS-011
TEL-004533,2026-07-13T17:26:00,SITE-001,Section A — Mombasa-Nairobi Main,373.9,3334.1,26.7,Closed,SNS-008
TEL-004857,2026-07-19T01:35:39,SITE-006,Section B — Nairobi-Nakuru Spur,311.9,3259.8,20.8,Partially Open,SNS-013
TEL-000492,2026-05-01T19:03:26,NRB Terminal,Section A — Mombasa-Nairobi Main,524.6,2793.0,36.4,Open,SNS-012
TEL-003722,2026-06-28T15:51:29,SITE-007,Section E — Makueni Branch,358.1,1788.5,34.9,Open,SNS-008
TEL-002889,2026-06-13T20:18:15,SITE-003,Section E — Makueni Branch,542.2,4256.4,26.8,Partially Open,SNS-003
TEL-001709,2026-05-23T20:00:42,SITE-005,Section E — Makueni Branch,272.1,1527.0,19.3,Open,SNS-009
TEL-004225,2026-07-07T17:52:41,SITE-005,Section D — Sinendet Lateral,471.6,4215.0,33.7,Partially Open,SNS-006
TEL-001899,2026-05-26T21:47:50,SITE-006,Section D — Sinendet Lateral,418.1,1918.5,36.1,Partially Open,SNS-008
TEL-001124,2026-05-13T04:26:58,SITE-006,Section A — Mombasa-Nairobi Main,447.4,1607.1,37.1,Open,SNS-005
TEL-004578,2026-07-14T09:51:53,ELDORET,Section A — Mombasa-Nairobi Main,443.9,1995.0,34.1,Open,SNS-013
TEL-002032,2026-05-29T16:17:34,SITE-006,Section F — Kisumu Terminal Link,329.4,2731.2,26.5,Partially Open,SNS-003
TEL-000475,2026-05-01T12:35:36,mombasa terminal,Section D — Sinendet Lateral,427.3,2159.6,30.0,Open,SNS-013
TEL-001121,2026-05-13T02:42:40,SITE-004,Section A — Mombasa-Nairobi Main,485.9,2973.0,22.5,Open,SNS-012
TEL-001733,2026-05-24T05:17:28,SITE-006,Section B — Nairobi-Nakuru Spur,372.2,3167.7,29.2,Open,SNS-007
TEL-001947,2026-05-27T21:12:36,SITE-006,Section E — Makueni Branch,463.1,3023.7,39.0,Open,SNS-008
TEL-000180,2026-04-26T07:55:53,SITE-004,Section F — Kisumu Terminal Link,354.5,3643.6,29.2,Closed,SNS-010
TEL-000878,2026-05-08T15:13:17,SITE-005,Section C — Nakuru-Eldoret Extension,315.9,3393.2,34.3,Open,SNS-011
TEL-003746,2026-06-29T03:11:54,SITE-002,Section E — Makueni Branch,512.3,1768.0,25.4,Open,SNS-003
TEL-004331,2026-07-09T18:39:46,Nakuru dep,Section C — Nakuru-Eldoret Extension,404.5,3302.6,30.9,Closed,SNS-001
TEL-002661,2026-06-09T22:09:17,SITE-004,Section E — Makueni Branch,457.6,2577.0,15.0,Open,SNS-002
TEL-003855,2026-07-01T00:24:24,SITE-004,Section B — Nairobi-Nakuru Spur,494.8,2589.2,26.3,Partially Open,SNS-005
TEL-004824,2026-07-18T15:24:03,SITE-001,Section A — Mombasa-Nairobi Main,417.2,2607.3,32.5,Closed,SNS-005
TEL-004015,2026-07-03T16:44:52,SITE-002,Section C — Nakuru-Eldoret Extension,309.1,3108.9,32.1,Closed,SNS-009
TEL-000362,2026-04-29T10:43:42,ELDORET,Section E — Makueni Branch,414.1,3718.5,33.8,Open,SNS-013
TEL-000025,2026-04-23T12:01:40,SITE-007,Section C — Nakuru-Eldoret Extension,200.0,3055.5,43.2,Open,SNS-008
TEL-004842,2026-07-18T20:55:46,SITE-001,Section F — Kisumu Terminal Link,560.4,2503.4,34.0,Open,SNS-011
TEL-002248,2026-06-02T15:02:08,SITE-005,Section A — Mombasa-Nairobi Main,496.0,3226.5,32.2,Partially Open,SNS-006
TEL-001707,2026-05-23T19:14:09,SITE-006,Section C — Nakuru-Eldoret Extension,538.2,3060.7,30.3,Closed,SNS-011
TEL-001332,2026-05-16T22:03:19,Mombasa  Terminal,Section D — Sinendet Lateral,357.8,4224.4,24.5,Closed,SNS-003
TEL-000785,2026-05-07T04:22:14,SITE-001,Section A — Mombasa-Nairobi Main,368.1,4205.8,27.3,Partially Open,SNS-006
TEL-001806,2026-05-25T08:12:45,SITE-003,Section E — Makueni Branch,440.5,3896.1,19.7,Open,SNS-014
TEL-001635,2026-05-22T16:15:53,SITE-001,Section E — Makueni Branch,517.8,2739.8,30.4,Open,SNS-005
TEL-001389,2026-05-18T06:44:29,SITE-003,Section A — Mombasa-Nairobi Main,415.5,2476.2,25.9,Partially Open,SNS-011
TEL-003953,2026-07-02T17:45:33,SITE-005,Section D — Sinendet Lateral,431.2,3404.1,32.1,Open,SNS-006
TEL-001467,2026-05-19T21:23:44,SITE-003,Section E — Makueni Branch,343.1,2874.9,34.6,Closed,SNS-009
TEL-002099,2026-05-30T16:08:13,SITE-004,Section A — Mombasa-Nairobi Main,333.6,2706.1,31.1,Partially Open,SNS-001
TEL-004736,2026-07-17T03:07:57,SITE-001,Section C — Nakuru-Eldoret Extension,432.0,3362.8,32.4,Closed,SNS-007
TEL-000183,2026-04-26T08:19:20,SITE-006,Section F — Kisumu Terminal Link,458.2,2123.6,36.6,Open,SNS-002
TEL-000768,2026-05-06T17:51:48,SITE-005,Section D — Sinendet Lateral,303.7,4152.8,29.4,Open,SNS-004
TEL-000742,2026-05-06T03:37:48,SITE-006,Section A — Mombasa-Nairobi Main,347.3,2779.5,29.1,Closed,SNS-006
TEL-004085,2026-07-04T23:11:22,SITE-002,Section B — Nairobi-Nakuru Spur,472.6,3005.9,25.0,Open,SNS-005
TEL-001294,2026-05-16T07:13:00,SITE-006,Section C — Nakuru-Eldoret Extension,416.6,2539.7,26.8,Open,SNS-009
TEL-003991,2026-07-03T09:14:31,SITE-001,Section F — Kisumu Terminal Link,312.3,3002.7,35.1,Closed,SNS-007
TEL-004672,2026-07-16T00:21:06,SITE-005,Section A — Mombasa-Nairobi Main,456.6,3681.4,32.8,Open,SNS-002
TEL-002854,2026-06-13T07:31:24,SITE-004,Section E — Makueni Branch,200.0,2743.5,38.9,Open,SNS-002
TEL-002018,2026-05-29T12:38:17,SITE-004,Section A — Mombasa-Nairobi Main,383.6,3046.2,28.4,Open,SNS-009
TEL-002549,2026-06-07T18:56:23,SITE-007,Section D — Sinendet Lateral,441.1,3779.8,24.5,Partially Open,SNS-014
TEL-000151,2026-04-25T22:50:07,sinendet pump,Section A — Mombasa-Nairobi Main,471.6,2449.7,31.2,Open,SNS-011
TEL-000674,2026-05-05T01:36:43,SITE-002,Section A — Mombasa-Nairobi Main,454.4,2894.7,35.2,Closed,SNS-006
TEL-001354,2026-05-17T10:46:04,SITE-005,Section A — Mombasa-Nairobi Main,538.2,4699.6,38.4,Open,SNS-008
TEL-003792,2026-06-29T23:06:36,SITE-002,Section F — Kisumu Terminal Link,505.9,3021.9,25.6,Partially Open,SNS-004
TEL-004050,2026-07-04T08:11:52,Sinendet PS,Section E — Makueni Branch,411.6,3019.8,26.5,Partially Open,SNS-002
TEL-000503,2026-05-02T01:59:38,SITE-007,Section D — Sinendet Lateral,411.0,2959.7,39.0,Open,SNS-014
TEL-003178,2026-06-18T08:20:43,SITE-002,Section E — Makueni Branch,399.1,2055.3,30.9,Partially Open,SNS-008
TEL-003224,2026-06-19T01:54:42,SITE-006,Section C — Nakuru-Eldoret Extension,249.5,3100.6,37.4,Partially Open,SNS-014
TEL-001681,2026-05-23T09:44:37,SITE-002,Section B — Nairobi-Nakuru Spur,319.4,3235.5,32.0,Open,SNS-013
TEL-000072,2026-04-24T09:13:15,SITE-003,Section E — Makueni Branch,411.0,2992.8,35.4,Open,SNS-002
TEL-002652,2026-06-09T17:11:43,makueni pipeline,Section D — Sinendet Lateral,389.1,2906.4,33.7,Open,SNS-006
TEL-004679,2026-07-16T03:27:15,SITE-001,Section C — Nakuru-Eldoret Extension,475.7,4418.7,,Open,SNS-006
TEL-000315,2026-04-28T16:30:34,nakuru depot,Section D — Sinendet Lateral,336.9,3685.2,33.4,Closed,SNS-003
TEL-003532,2026-06-24T23:17:50,SITE-003,Section E — Makueni Branch,417.8,2924.1,21.3,Open,SNS-013
TEL-001579,2026-05-21T18:03:53,SITE-003,Section A — Mombasa-Nairobi Main,475.5,,25.9,Partially Open,SNS-013
TEL-000385,2026-04-29T18:53:03,SITE-005,Section A — Mombasa-Nairobi Main,213.8,2407.9,36.5,Partially Open,SNS-011
TEL-000852,2026-05-08T02:33:33,SITE-004,Section A — Mombasa-Nairobi Main,491.1,4027.9,38.2,Closed,SNS-001
TEL-004835,2026-07-18T19:13:23,SITE-004,Section D — Sinendet Lateral,369.5,2536.4,32.1,Partially Open,SNS-013
TEL-000869,2026-05-08T11:42:54,SITE-007,Section D — Sinendet Lateral,401.9,2737.4,33.4,Open,SNS-001
TEL-001127,2026-05-13T05:31:53,sinendet pump station,Section E — Makueni Branch,455.3,2567.5,31.6,Open,SNS-007
TEL-002462,2026-06-06T07:23:02,SITE-007,Section C — Nakuru-Eldoret Extension,,3567.2,30.9,Open,SNS-001
TEL-002276,2026-06-03T05:44:02,Kipevu terminal,Section A — Mombasa-Nairobi Main,294.4,4399.6,39.0,Partially Open,SNS-009
TEL-003355,2026-06-21T20:40:46,SITE-007,Section F — Kisumu Terminal Link,332.8,3457.0,32.5,Closed,SNS-002
TEL-003581,2026-06-25T21:27:27,SITE-007,Section C — Nakuru-Eldoret Extension,362.9,3025.9,28.3,Open,SNS-013
TEL-000786,2026-05-07T04:40:39,SITE-005,Section F — Kisumu Terminal Link,312.2,3047.0,44.8,Open,SNS-008
TEL-002168,2026-06-01T00:00:24,SITE-006,Section C — Nakuru-Eldoret Extension,544.1,3017.0,30.4,Closed,SNS-010
TEL-004559,2026-07-14T05:18:26,SITE-006,Section D — Sinendet Lateral,356.8,1740.1,30.2,Closed,SNS-013
TEL-002430,2026-06-05T17:54:52,SITE-006,Section D — Sinendet Lateral,544.0,2531.7,21.9,Closed,SNS-009
TEL-002542,2026-06-07T16:06:19,SITE-002,Section D — Sinendet Lateral,499.5,2441.7,30.9,Partially Open,SNS-010
TEL-001568,2026-05-21T14:36:11,SITE-006,Section C — Nakuru-Eldoret Extension,397.8,2706.3,27.6,Open,SNS-002
TEL-000667,2026-05-04T23:29:56,SITE-001,Section A — Mombasa-Nairobi Main,375.8,2638.2,26.0,Open,SNS-001
TEL-004832,2026-07-18T17:57:23,SITE-004,Section C — Nakuru-Eldoret Extension,454.3,3877.2,25.4,Partially Open,SNS-004
TEL-004263,2026-07-08T10:39:23,SITE-005,Section F — Kisumu Terminal Link,503.2,2718.8,19.2,Closed,SNS-009
TEL-000635,2026-05-04T12:50:55,SITE-002,Section F — Kisumu Terminal Link,358.2,2998.9,16.3,Open,SNS-010
TEL-004915,2026-07-20T05:34:54,SITE-001,Section E — Makueni Branch,326.9,2263.9,36.3,Open,SNS-009
TEL-004264,2026-07-08T10:44:15,MOMBASA,Section E — Makueni Branch,305.8,3628.7,31.8,Closed,SNS-014
TEL-000881,2026-05-08T16:54:41,NAIROBI,Section B — Nairobi-Nakuru Spur,304.3,3411.6,30.3,Open,SNS-006
TEL-004674,2026-07-16T01:38:10,SITE-006,Section C — Nakuru-Eldoret Extension,223.2,2566.1,26.9,Partially Open,SNS-014
TEL-000207,2026-04-26T17:23:48,SITE-002,Section E — Makueni Branch,376.4,1839.8,35.0,Partially Open,SNS-002
TEL-001867,2026-05-26T05:07:52,SITE-007,Section C — Nakuru-Eldoret Extension,513.6,3658.6,26.5,Open,SNS-012
TEL-002917,2026-06-14T08:46:30,SITE-003,Section A — Mombasa-Nairobi Main,443.2,3323.0,34.9,Open,SNS-002
TEL-001035,2026-05-11T14:16:51,SITE-005,Section A — Mombasa-Nairobi Main,435.7,4930.7,36.1,Open,SNS-003
TEL-002380,2026-06-04T20:52:43,SITE-002,Section A — Mombasa-Nairobi Main,397.2,2341.2,26.2,Closed,SNS-002
TEL-003821,2026-06-30T11:50:03,SITE-007,Section F — Kisumu Terminal Link,457.3,2177.7,25.0,Closed,SNS-001
TEL-004192,2026-07-07T01:23:40,Mombasa  Terminal,Section E — Makueni Branch,423.4,3874.3,29.9,Open,SNS-013
TEL-004764,2026-07-17T13:53:15,SITE-003,Section D — Sinendet Lateral,432.9,1000.0,28.3,Open,SNS-007
TEL-003247,2026-06-19T14:17:27,SITE-001,Section B — Nairobi-Nakuru Spur,411.4,3395.3,28.4,Open,SNS-001
TEL-001988,2026-05-28T21:17:00,SITE-005,Section F — Kisumu Terminal Link,510.6,3973.4,18.4,Open,SNS-001
TEL-004497,2026-07-12T19:54:43,SITE-005,Section A — Mombasa-Nairobi Main,425.4,3294.1,37.6,Open,SNS-001
TEL-003475,2026-06-24T04:27:54,Kisumu term,Section D — Sinendet Lateral,453.1,4783.2,23.6,Open,SNS-010
TEL-002826,2026-06-12T19:16:54,SITE-003,Section D — Sinendet Lateral,329.1,2588.2,30.5,Open,SNS-007
TEL-003471,2026-06-24T03:49:36,SITE-003,Section F — Kisumu Terminal Link,427.8,2229.3,26.9,Open,SNS-008
TEL-001487,2026-05-20T05:29:53,sinendet pump,Section B — Nairobi-Nakuru Spur,378.9,3088.3,35.5,Open,SNS-002
TEL-004600,2026-07-14T17:55:42,SITE-001,Section C — Nakuru-Eldoret Extension,468.9,1442.0,19.6,Closed,SNS-007
TEL-002075,2026-05-30T08:21:47,SITE-002,Section D — Sinendet Lateral,386.1,2798.8,32.2,Open,SNS-005
TEL-003103,2026-06-17T01:20:54,SITE-007,Section F — Kisumu Terminal Link,499.8,2346.0,26.6,Open,SNS-014
TEL-003338,2026-06-21T11:57:40,SITE-002,Section E — Makueni Branch,354.5,2737.4,40.7,Closed,SNS-009
TEL-002216,2026-06-02T03:55:50,SITE-003,Section E — Makueni Branch,371.7,4519.7,35.6,Open,SNS-012
TEL-004242,2026-07-08T00:45:01,SITE-003,Section D — Sinendet Lateral,439.6,2579.2,29.4,Open,SNS-013
TEL-003831,2026-06-30T14:21:14,sinendet pump station,Section C — Nakuru-Eldoret Extension,341.6,4191.3,28.4,Open,SNS-010
TEL-003909,2026-07-01T22:53:04,SITE-004,Section E — Makueni Branch,385.9,3229.0,18.8,Open,SNS-007
TEL-002524,2026-06-07T08:44:16,SITE-004,Section E — Makueni Branch,340.7,2627.1,38.4,Closed,SNS-007
TEL-003077,2026-06-16T15:43:34,SITE-005,Section F — Kisumu Terminal Link,432.5,3499.4,30.9,Partially Open,SNS-006
TEL-002788,2026-06-12T05:36:38,SITE-002,Section A — Mombasa-Nairobi Main,486.3,4131.0,24.6,Closed,SNS-011
TEL-001718,2026-05-23T23:27:02,SITE-006,Section D — Sinendet Lateral,433.3,3290.7,30.3,Closed,SNS-005
TEL-003913,2026-07-02T02:30:00,SITE-007,Section C — Nakuru-Eldoret Extension,389.9,3790.2,28.9,Open,SNS-001
TEL-004343,2026-07-10T01:47:56,SITE-006,Section B — Nairobi-Nakuru Spur,441.7,,28.2,Open,SNS-008
TEL-001497,2026-05-20T09:29:19,KISUMU,Section A — Mombasa-Nairobi Main,432.2,3568.2,29.3,Open,SNS-013
TEL-002027,2026-05-29T15:09:21,Nairobi term,Section F — Kisumu Terminal Link,229.8,3520.9,45.0,Open,SNS-011
TEL-004086,2026-07-04T23:17:04,SITE-007,Section E — Makueni Branch,428.1,2938.7,36.0,Partially Open,SNS-011
TEL-002506,2026-06-06T23:53:52,SITE-002,Section B — Nairobi-Nakuru Spur,700,2817.7,27.7,Partially Open,SNS-005
TEL-002231,2026-06-02T08:56:01,SITE-006,Section F — Kisumu Terminal Link,429.5,2421.6,22.5,Open,SNS-009
TEL-000268,2026-04-27T17:49:26,SITE-004,Section B — Nairobi-Nakuru Spur,358.4,2684.8,26.5,Partially Open,SNS-010
TEL-004448,2026-07-12T00:05:19,SITE-004,Section D — Sinendet Lateral,287.4,3341.4,35.8,Closed,SNS-008
TEL-001557,2026-05-21T11:48:15,SITE-003,Section A — Mombasa-Nairobi Main,600.0,2354.9,37.9,Partially Open,SNS-002
TEL-001109,2026-05-12T20:55:18,SITE-005,Section D — Sinendet Lateral,346.5,2119.9,32.1,Partially Open,SNS-002
TEL-004583,2026-07-14T10:41:08,SITE-005,Section B — Nairobi-Nakuru Spur,305.2,2689.5,29.0,Open,SNS-010
TEL-002273,2026-06-03T04:05:37,SITE-004,Section C — Nakuru-Eldoret Extension,479.6,2971.9,34.4,Open,SNS-012
TEL-003498,2026-06-24T13:36:07,SITE-005,Section A — Mombasa-Nairobi Main,344.0,2691.7,34.4,Open,SNS-004
TEL-000401,2026-04-30T00:10:24,SITE-005,Section B — Nairobi-Nakuru Spur,320.9,3226.2,29.3,Partially Open,SNS-010
TEL-003213,2026-06-18T20:44:46,SITE-006,Section C — Nakuru-Eldoret Extension,519.0,3575.9,33.0,Closed,SNS-004
TEL-000663,2026-05-04T22:02:20,KISUMU,Section E — Makueni Branch,426.5,,36.9,Open,SNS-003
TEL-000527,2026-05-02T09:38:59,SITE-002,Section F — Kisumu Terminal Link,412.4,4782.2,36.4,Open,SNS-003
TEL-003454,2026-06-23T17:46:50,SITE-001,Section B — Nairobi-Nakuru Spur,456.2,3591.6,33.9,Open,SNS-010
TEL-000299,2026-04-28T10:36:45,SITE-003,Section E — Makueni Branch,422.6,3563.9,26.6,Partially Open,SNS-001
TEL-003985,2026-07-03T05:23:18,SITE-001,Section B — Nairobi-Nakuru Spur,396.3,4145.2,25.6,Closed,SNS-006
TEL-001148,2026-05-13T19:45:51,SITE-004,Section F — Kisumu Terminal Link,498.2,3039.5,31.0,Closed,SNS-009
TEL-001965,2026-05-28T04:44:19,SITE-006,Section B — Nairobi-Nakuru Spur,392.7,3572.3,36.1,Closed,SNS-009
TEL-003312,2026-06-20T23:43:19,Nairobi term,Section D — Sinendet Lateral,320.8,4227.2,29.2,Open,SNS-010
TEL-003428,2026-06-23T03:42:53,SITE-005,Section E — Makueni Branch,403.1,3516.6,32.6,Open,SNS-002
TEL-001139,2026-05-13T13:59:08,Kisumu term,Section B — Nairobi-Nakuru Spur,302.5,3283.5,30.5,Open,SNS-007
TEL-002221,2026-06-02T06:06:31,SITE-005,Section B — Nairobi-Nakuru Spur,435.2,3067.2,25.1,Open,SNS-014
TEL-002570,2026-06-08T05:30:36,SITE-005,Section F — Kisumu Terminal Link,482.4,3085.5,19.8,Closed,SNS-008
TEL-004925,2026-07-20T09:18:05,SITE-001,Section E — Makueni Branch,385.5,2372.4,28.6,Partially Open,SNS-014
TEL-004441,2026-07-11T20:02:38,MSA Terminal,Section F — Kisumu Terminal Link,441.7,2009.0,33.8,Open,SNS-007
TEL-000630,2026-05-04T09:47:46,SITE-003,Section E — Makueni Branch,453.4,2889.9,22.4,Open,SNS-013
TEL-000979,2026-05-10T15:48:09,SITE-004,Section E — Makueni Branch,448.3,2421.1,23.9,Partially Open,SNS-010
TEL-004223,2026-07-07T16:04:14,sinendet pump,Section E — Makueni Branch,341.1,3057.7,26.3,Closed,SNS-001
TEL-001361,2026-05-17T14:20:27,SITE-002,Section C — Nakuru-Eldoret Extension,417.9,2535.0,28.0,Open,SNS-012
TEL-000656,2026-05-04T21:08:14,SITE-006,Section E — Makueni Branch,455.8,2626.9,45.0,Open,SNS-003
TEL-003387,2026-06-22T10:28:23,SITE-006,Section B — Nairobi-Nakuru Spur,427.3,1884.8,20.6,Open,SNS-008
TEL-003504,2026-06-24T14:46:49,SITE-007,Section A — Mombasa-Nairobi Main,400.7,1813.6,41.1,Closed,SNS-010
TEL-000397,2026-04-29T23:21:32,MSA Terminal,Section F — Kisumu Terminal Link,366.8,,27.8,Open,SNS-010
TEL-003179,2026-06-18T08:41:23,SITE-002,Section F — Kisumu Terminal Link,394.4,4110.1,42.4,Open,SNS-010
TEL-000550,2026-05-02T19:55:15,SITE-003,Section C — Nakuru-Eldoret Extension,252.4,2100.0,32.8,Open,SNS-004
TEL-004365,2026-07-10T09:56:54,SITE-005,Section B — Nairobi-Nakuru Spur,367.2,2317.2,26.9,Closed,SNS-006
TEL-001304,2026-05-16T11:01:32,sinendet pump station,Section E — Makueni Branch,414.9,2544.3,31.5,Open,SNS-012
TEL-003112,2026-06-17T05:26:56,SITE-001,Section B — Nairobi-Nakuru Spur,317.9,2232.0,27.9,Open,SNS-008
TEL-002548,2026-06-07T18:42:25,SITE-004,Section A — Mombasa-Nairobi Main,430.8,4399.5,32.3,Closed,SNS-003
TEL-001092,2026-05-12T13:24:21,SITE-004,Section A — Mombasa-Nairobi Main,463.8,3902.5,29.3,Open,SNS-011
TEL-003155,2026-06-18T01:26:41,Sinendet PS,Section D — Sinendet Lateral,441.6,1765.9,15.0,Open,SNS-002
TEL-000559,2026-05-03T01:13:06,SITE-002,Section E — Makueni Branch,470.5,3580.4,38.6,Open,SNS-006
TEL-002300,2026-06-03T13:27:47,SITE-001,Section F — Kisumu Terminal Link,507.8,2686.8,34.9,Partially Open,SNS-010
TEL-001785,2026-05-25T01:37:39,SITE-007,Section A — Mombasa-Nairobi Main,563.9,2587.8,30.1,Open,SNS-010
TEL-003315,2026-06-21T01:13:15,SITE-003,Section F — Kisumu Terminal Link,433.3,1807.0,30.0,Closed,SNS-007
TEL-000890,2026-05-08T18:35:50,SITE-003,Section E — Makueni Branch,353.8,2984.7,21.3,Closed,SNS-007
TEL-001481,2026-05-20T02:54:31,SITE-001,Section D — Sinendet Lateral,310.4,2670.9,23.8,Open,SNS-008
TEL-001232,2026-05-15T07:25:44,SITE-002,Section A — Mombasa-Nairobi Main,418.5,3772.8,29.4,Closed,SNS-001
TEL-001540,2026-05-21T06:40:50,SITE-007,Section F — Kisumu Terminal Link,301.9,2183.5,18.5,Closed,SNS-012
TEL-004834,2026-07-18T18:26:21,SITE-004,Section B — Nairobi-Nakuru Spur,450.0,4307.3,31.5,Closed,SNS-007
TEL-002664,2026-06-09T23:15:40,SITE-002,Section D — Sinendet Lateral,474.5,3729.5,33.8,Open,SNS-005
TEL-003614,2026-06-26T15:27:32,SITE-001,Section C — Nakuru-Eldoret Extension,332.7,2729.1,39.2,Partially Open,SNS-009
TEL-001760,2026-05-24T17:58:19,SITE-003,Section E — Makueni Branch,415.6,2675.4,29.1,Open,SNS-010
TEL-004323,2026-07-09T14:36:23,SITE-005,Section E — Makueni Branch,330.3,3881.3,31.8,Open,SNS-013
TEL-002470,2026-06-06T09:29:40,SITE-002,Section D — Sinendet Lateral,474.1,3572.8,18.8,Closed,SNS-009
TEL-004208,2026-07-07T08:20:52,SITE-006,Section C — Nakuru-Eldoret Extension,443.0,2943.6,28.3,Open,SNS-006
TEL-004521,2026-07-13T11:42:49,SITE-001,Section F — Kisumu Terminal Link,465.7,2679.3,27.5,Closed,SNS-002
TEL-003514,2026-06-24T17:25:40,SITE-006,Section B — Nairobi-Nakuru Spur,379.8,2802.0,24.2,Open,SNS-008
TEL-000351,2026-04-29T05:49:49,SITE-004,Section C — Nakuru-Eldoret Extension,200.0,1014.6,30.4,Open,SNS-006
TEL-003596,2026-06-26T05:00:41,SITE-001,Section F — Kisumu Terminal Link,550.3,3514.5,28.5,Partially Open,SNS-014
TEL-001832,2026-05-25T16:22:12,NAIROBI,Section A — Mombasa-Nairobi Main,468.9,4284.8,25.5,Open,SNS-004
TEL-001572,2026-05-21T16:32:26,SITE-004,Section F — Kisumu Terminal Link,335.2,2222.8,30.5,Open,SNS-006
TEL-002780,2026-06-12T00:18:59,SITE-004,Section E — Makueni Branch,363.7,2496.8,25.8,Open,SNS-009
TEL-004451,2026-07-12T01:41:24,SITE-001,Section A — Mombasa-Nairobi Main,287.8,3713.1,20.5,Closed,SNS-005
TEL-000816,2026-05-07T15:31:33,SITE-004,Section C — Nakuru-Eldoret Extension,398.9,1648.0,29.5,Closed,SNS-001
TEL-002497,2026-06-06T21:18:12,Kisumu term,Section A — Mombasa-Nairobi Main,443.1,2592.6,35.8,Open,SNS-004
TEL-001639,2026-05-22T17:42:41,SITE-006,Section D — Sinendet Lateral,379.5,4171.4,23.1,Open,SNS-008
TEL-004213,2026-07-07T11:06:32,SITE-005,Section F — Kisumu Terminal Link,493.9,3379.4,28.6,Partially Open,SNS-009
TEL-000062,2026-04-24T04:55:03,SITE-003,Section B — Nairobi-Nakuru Spur,483.5,2297.4,25.3,Open,SNS-006
TEL-003923,2026-07-02T04:59:12,SITE-001,Section B — Nairobi-Nakuru Spur,422.8,2339.1,29.7,Closed,SNS-001
TEL-000523,2026-05-02T07:40:17,SITE-003,Section B — Nairobi-Nakuru Spur,463.0,3856.9,38.1,Closed,SNS-014
TEL-004075,2026-07-04T20:02:08,SITE-006,Section D — Sinendet Lateral,337.0,3149.9,43.1,Open,SNS-001
TEL-000848,2026-05-08T01:01:55,SITE-005,Section E — Makueni Branch,480.8,2303.0,31.9,Open,SNS-002
TEL-002397,2026-06-05T03:54:09,SITE-002,Section C — Nakuru-Eldoret Extension,323.0,2960.5,28.5,Closed,SNS-012
TEL-000609,2026-05-03T23:53:13,SITE-004,Section F — Kisumu Terminal Link,294.6,3986.4,19.3,Open,SNS-014
TEL-002217,2026-06-02T03:58:11,SITE-007,Section B — Nairobi-Nakuru Spur,438.0,2593.6,24.7,Partially Open,SNS-002
TEL-004123,2026-07-05T12:05:15,SITE-006,Section B — Nairobi-Nakuru Spur,439.8,4154.8,35.6,Open,SNS-014
TEL-000477,2026-05-01T12:51:02,SITE-006,Section F — Kisumu Terminal Link,425.7,2434.1,34.6,Open,SNS-004
TEL-003592,2026-06-26T03:54:34,SITE-003,Section C — Nakuru-Eldoret Extension,494.5,3455.9,25.6,Partially Open,SNS-007
TEL-000782,2026-05-07T02:58:04,SITE-003,Section F — Kisumu Terminal Link,420.2,1708.4,29.7,Closed,SNS-002
TEL-000087,2026-04-24T13:13:12,SITE-005,Section F — Kisumu Terminal Link,287.4,3704.0,28.3,Partially Open,SNS-002
TEL-002522,2026-06-07T07:55:23,SITE-003,Section D — Sinendet Lateral,311.7,3356.9,28.0,Open,SNS-008
TEL-003066,2026-06-16T12:38:27,SITE-001,Section D — Sinendet Lateral,314.4,1886.7,18.7,Closed,SNS-008
TEL-001202,2026-05-14T16:42:34,Kibwezi,Section E — Makueni Branch,428.6,2580.3,28.3,Closed,SNS-010
TEL-001794,2026-05-25T04:18:12,SITE-002,Section E — Makueni Branch,423.3,2938.0,28.3,Partially Open,SNS-012
TEL-003007,2026-06-15T14:21:18,MAKUENI,Section A — Mombasa-Nairobi Main,383.6,3269.3,27.8,Open,SNS-001
TEL-001097,2026-05-12T14:50:05,SITE-001,Section F — Kisumu Terminal Link,511.9,3607.8,28.5,Open,SNS-005
TEL-002974,2026-06-15T01:43:44,SITE-002,Section F — Kisumu Terminal Link,496.8,3692.8,26.9,Closed,SNS-005
TEL-000689,2026-05-05T05:36:43,SITE-005,Section A — Mombasa-Nairobi Main,302.4,1713.1,29.5,Partially Open,SNS-007
TEL-001118,2026-05-13T00:46:57,SITE-003,Section C — Nakuru-Eldoret Extension,441.0,2538.8,27.3,Partially Open,SNS-008
TEL-004726,2026-07-16T21:42:59,SITE-004,Section B — Nairobi-Nakuru Spur,370.6,2312.7,33.4,Closed,SNS-005
TEL-001245,2026-05-15T10:04:13,SITE-005,Section E — Makueni Branch,338.8,3848.4,26.4,Closed,SNS-014
TEL-003330,2026-06-21T08:32:01,Nakuru dep,Section B — Nairobi-Nakuru Spur,327.8,2348.1,19.6,Open,SNS-005
TEL-004133,2026-07-05T16:39:38,SITE-004,Section A — Mombasa-Nairobi Main,418.6,3051.2,37.6,Closed,SNS-001
TEL-004101,2026-07-05T06:50:18,SITE-001,Section E — Makueni Branch,298.7,1761.7,39.6,Open,SNS-006
TEL-004717,2026-07-16T17:52:19,SITE-001,Section A — Mombasa-Nairobi Main,548.6,2824.4,24.6,Open,SNS-007
TEL-002998,2026-06-15T09:16:05,Kipevu terminal,Section C — Nakuru-Eldoret Extension,513.6,3018.8,34.2,Closed,SNS-011
TEL-003570,2026-06-25T14:32:13,SITE-006,Section D — Sinendet Lateral,474.8,3774.5,29.7,Partially Open,SNS-001
TEL-000061,2026-04-24T04:09:34,SITE-003,Section C — Nakuru-Eldoret Extension,495.8,2935.7,27.2,Partially Open,SNS-013
TEL-001969,2026-05-28T08:42:49,Nakuru  Depot,Section E — Makueni Branch,486.1,3195.7,30.4,Open,SNS-005
TEL-003979,2026-07-03T02:15:09,SITE-001,Section C — Nakuru-Eldoret Extension,379.2,3481.5,40.1,Open,SNS-008
TEL-001740,2026-05-24T07:27:55,SITE-001,Section D — Sinendet Lateral,327.4,4147.5,27.6,Open,SNS-001
TEL-000730,2026-05-06T00:52:46,SITE-001,Section A — Mombasa-Nairobi Main,364.2,3815.7,39.2,Partially Open,SNS-009
TEL-002839,2026-06-13T00:01:16,SITE-003,Section B — Nairobi-Nakuru Spur,349.0,3328.6,18.2,Open,SNS-005
TEL-004734,2026-07-17T02:54:16,SITE-007,Section C — Nakuru-Eldoret Extension,472.9,2621.3,36.1,Partially Open,SNS-003
TEL-000589,2026-05-03T15:13:20,Eldoret term,Section C — Nakuru-Eldoret Extension,307.8,2618.8,25.5,Partially Open,SNS-012
TEL-004825,2026-07-18T15:48:09,SITE-007,Section C — Nakuru-Eldoret Extension,303.2,2383.4,34.5,Partially Open,SNS-010
TEL-004907,2026-07-20T02:49:56,SITE-002,Section D — Sinendet Lateral,367.2,4638.5,37.2,Partially Open,SNS-001
TEL-002344,2026-06-04T06:50:23,SITE-006,Section D — Sinendet Lateral,558.1,1421.7,27.8,Open,SNS-011
TEL-002922,2026-06-14T09:22:40,SITE-007,Section B — Nairobi-Nakuru Spur,381.3,2807.8,28.0,Open,SNS-014
TEL-003962,2026-07-02T20:28:52,Kibwezi,Section E — Makueni Branch,214.4,1352.1,32.0,Open,SNS-014
TEL-000217,2026-04-26T22:25:05,SITE-005,Section A — Mombasa-Nairobi Main,324.9,3187.9,35.6,Open,SNS-003
TEL-003871,2026-07-01T07:35:56,SITE-001,Section A — Mombasa-Nairobi Main,239.7,1285.8,34.7,Closed,SNS-007
TEL-002739,2026-06-11T10:13:17,SITE-005,Section E — Makueni Branch,504.9,2243.2,38.7,Open,SNS-014
TEL-000245,2026-04-27T06:34:04,SITE-006,Section B — Nairobi-Nakuru Spur,378.6,3198.7,18.6,Partially Open,SNS-009
TEL-001971,2026-05-28T09:08:58,SITE-001,Section A — Mombasa-Nairobi Main,304.7,2561.1,34.6,Open,SNS-013
TEL-004675,2026-07-16T01:46:11,SITE-006,Section A — Mombasa-Nairobi Main,342.3,3877.3,28.1,Open,SNS-001
TEL-000065,2026-04-24T07:16:53,SITE-005,Section D — Sinendet Lateral,414.6,2848.9,33.1,Open,SNS-005
TEL-001702,2026-05-23T17:23:45,SITE-007,Section A — Mombasa-Nairobi Main,302.7,3316.4,20.5,Closed,SNS-012
TEL-002510,2026-06-07T00:59:48,SITE-006,Section B — Nairobi-Nakuru Spur,576.1,3792.2,31.7,Open,SNS-013
TEL-001044,2026-05-11T18:01:10,SITE-003,Section B — Nairobi-Nakuru Spur,335.7,2504.4,18.4,Open,SNS-006
TEL-001003,2026-05-11T00:02:33,SITE-007,Section B — Nairobi-Nakuru Spur,361.8,2639.6,30.9,Open,SNS-009
TEL-002762,2026-06-11T16:28:50,SITE-004,Section C — Nakuru-Eldoret Extension,422.5,2344.4,16.9,Closed,SNS-009
TEL-001104,2026-05-12T19:23:17,SITE-001,Section F — Kisumu Terminal Link,346.7,1800.3,30.9,Open,SNS-012
TEL-001865,2026-05-26T04:25:32,SITE-005,Section D — Sinendet Lateral,284.8,1140.4,31.8,Open,SNS-006
TEL-004949,2026-07-20T21:51:49,SITE-005,Section E — Makueni Branch,391.1,3302.9,31.2,Open,SNS-005
TEL-000728,2026-05-06T00:02:24,SITE-002,Section C — Nakuru-Eldoret Extension,523.6,2099.2,36.4,Closed,SNS-004
TEL-002766,2026-06-11T17:05:05,SITE-004,Section C — Nakuru-Eldoret Extension,600.0,1999.5,29.8,Closed,SNS-007
TEL-003447,2026-06-23T14:20:48,SITE-002,Section C — Nakuru-Eldoret Extension,483.8,3317.8,29.2,Open,SNS-009
TEL-004002,2026-07-03T13:19:08,SITE-002,Section A — Mombasa-Nairobi Main,334.3,1813.5,18.5,Closed,SNS-004
TEL-003516,2026-06-24T17:58:02,SITE-005,Section D — Sinendet Lateral,410.6,3146.9,32.5,Open,SNS-008
TEL-001811,2026-05-25T09:00:52,SITE-007,Section A — Mombasa-Nairobi Main,387.3,1470.9,33.0,Open,SNS-001
TEL-001725,2026-05-24T03:10:54,SITE-006,Section A — Mombasa-Nairobi Main,364.1,2824.4,39.9,Open,SNS-009
TEL-003800,2026-06-30T01:14:30,SITE-004,Section E — Makueni Branch,303.5,2650.8,37.6,Open,SNS-012
TEL-001133,2026-05-13T09:40:28,SITE-005,Section B — Nairobi-Nakuru Spur,543.7,3549.9,34.3,Closed,SNS-005
TEL-001657,2026-05-22T23:20:51,Makueni PS,Section C — Nakuru-Eldoret Extension,434.5,3242.2,32.1,Closed,SNS-010
TEL-001542,2026-05-21T07:36:12,SITE-006,Section A — Mombasa-Nairobi Main,393.6,5000.0,25.1,Open,SNS-003
TEL-002619,2026-06-09T04:40:44,SITE-006,Section B — Nairobi-Nakuru Spur,435.9,3273.9,30.9,Open,SNS-001
TEL-002371,2026-06-04T19:02:00,SITE-001,Section E — Makueni Branch,403.6,2581.9,39.5,Closed,SNS-012
TEL-004678,2026-07-16T02:52:49,SITE-002,Section D — Sinendet Lateral,364.3,2718.7,35.2,Open,SNS-005
TEL-002314,2026-06-03T19:40:05,SITE-001,Section D — Sinendet Lateral,313.0,4071.2,39.4,Partially Open,SNS-012
TEL-000182,2026-04-26T08:13:07,SITE-005,Section E — Makueni Branch,437.0,1000.0,43.5,Open,SNS-010
TEL-002349,2026-06-04T07:46:00,SITE-002,Section D — Sinendet Lateral,445.7,2333.5,41.9,Open,SNS-011
TEL-002986,2026-06-15T05:21:26,SITE-002,Section E — Makueni Branch,530.6,4458.0,37.6,Open,SNS-002
TEL-002138,2026-05-31T07:58:10,SITE-005,Section E — Makueni Branch,446.0,3713.8,36.8,Open,SNS-013
TEL-002493,2026-06-06T19:58:08,SITE-002,Section E — Makueni Branch,529.3,2769.2,30.4,Open,SNS-005
TEL-004450,2026-07-12T01:22:41,SITE-004,Section C — Nakuru-Eldoret Extension,243.3,2464.7,37.0,Closed,SNS-013
TEL-002181,2026-06-01T06:53:40,SITE-007,Section F — Kisumu Terminal Link,405.9,,22.1,Open,SNS-006
TEL-004550,2026-07-14T02:08:27,SITE-001,Section D — Sinendet Lateral,336.3,2958.7,26.5,Closed,SNS-007
TEL-004171,2026-07-06T13:16:44,SITE-002,Section F — Kisumu Terminal Link,423.4,2722.5,26.4,Partially Open,SNS-009
TEL-001747,2026-05-24T13:01:55,SITE-003,Section D — Sinendet Lateral,509.7,3602.2,27.6,Closed,SNS-004
TEL-003605,2026-06-26T12:41:38,SITE-001,Section D — Sinendet Lateral,357.3,2385.7,32.3,Open,SNS-012
TEL-000669,2026-05-05T00:41:59,SITE-007,Section A — Mombasa-Nairobi Main,446.5,2496.4,39.1,Open,SNS-004
TEL-000117,2026-04-25T05:23:11,SITE-004,Section E — Makueni Branch,351.5,2730.9,28.5,Closed,SNS-012
TEL-000711,2026-05-05T17:58:31,SITE-001,Section E — Makueni Branch,454.6,2510.5,29.7,Closed,SNS-013
TEL-002374,2026-06-04T20:05:38,SITE-002,Section A — Mombasa-Nairobi Main,534.6,3667.2,22.8,Closed,SNS-007
TEL-000111,2026-04-25T03:03:58,SITE-003,Section A — Mombasa-Nairobi Main,440.9,1948.3,22.2,Open,SNS-010
TEL-001510,2026-05-20T17:33:36,SITE-007,Section D — Sinendet Lateral,417.5,3321.2,38.2,Closed,SNS-007
TEL-004941,2026-07-20T19:47:43,SITE-004,Section F — Kisumu Terminal Link,432.8,4392.6,31.6,Partially Open,SNS-004
TEL-004130,2026-07-05T15:35:58,SITE-002,Section B — Nairobi-Nakuru Spur,456.6,3685.2,41.7,Open,SNS-012
TEL-004663,2026-07-15T21:41:02,SITE-006,Section A — Mombasa-Nairobi Main,553.5,3331.1,,Partially Open,SNS-001
TEL-003840,2026-06-30T16:29:10,SITE-001,Section B — Nairobi-Nakuru Spur,431.2,1821.5,24.0,Closed,SNS-011
TEL-000715,2026-05-05T18:14:48,SITE-005,Section D — Sinendet Lateral,521.3,4456.9,39.2,Open,SNS-004
TEL-002400,2026-06-05T04:04:23,SITE-003,Section B — Nairobi-Nakuru Spur,345.3,3559.5,31.3,Open,SNS-010
TEL-002553,2026-06-07T20:50:19,SITE-003,Section F — Kisumu Terminal Link,537.0,2349.5,31.6,Partially Open,SNS-009
TEL-001878,2026-05-26T11:17:41,SITE-004,Section D — Sinendet Lateral,423.7,3369.5,23.1,Open,SNS-008
TEL-000897,2026-05-08T21:15:19,MOMBASA,Section B — Nairobi-Nakuru Spur,460.6,2210.2,32.9,Closed,SNS-011
TEL-004993,2026-07-21T20:41:16,SITE-003,Section A — Mombasa-Nairobi Main,329.2,2887.6,41.5,Open,SNS-003
TEL-000698,2026-05-05T09:30:01,makueni pipeline,Section F — Kisumu Terminal Link,417.9,3326.1,27.1,Closed,SNS-010
TEL-003128,2026-06-17T13:53:23,Sinendet PS,Section A — Mombasa-Nairobi Main,462.4,2896.7,36.5,Partially Open,SNS-007
TEL-004795,2026-07-18T05:23:16,SITE-007,Section F — Kisumu Terminal Link,382.2,2887.1,31.1,Closed,SNS-004
TEL-004301,2026-07-09T02:54:43,Nakuru dep,Section E — Makueni Branch,409.8,3624.8,26.8,Open,SNS-013
TEL-004786,2026-07-17T23:58:36,SITE-001,Section F — Kisumu Terminal Link,552.2,2755.7,37.4,Open,SNS-007
TEL-002226,2026-06-02T07:09:21,SITE-005,Section F — Kisumu Terminal Link,469.9,3894.0,34.4,Open,SNS-014
TEL-003702,2026-06-28T08:58:07,SITE-003,Section E — Makueni Branch,301.0,2971.0,31.2,Closed,SNS-010
TEL-003818,2026-06-30T10:53:18,SITE-006,Section E — Makueni Branch,335.8,2702.6,27.4,Open,SNS-007
TEL-001690,2026-05-23T12:50:30,SITE-002,Section E — Makueni Branch,334.5,2936.1,31.4,Closed,SNS-004
TEL-000105,2026-04-24T21:48:26,SITE-004,Section F — Kisumu Terminal Link,343.0,3143.4,40.2,Partially Open,SNS-008
TEL-001365,2026-05-17T14:58:26,Sinendet PS,Section D — Sinendet Lateral,442.0,3422.1,36.3,Open,SNS-004
TEL-001818,2026-05-25T12:22:45,SITE-001,Section E — Makueni Branch,389.8,1585.6,36.7,Open,SNS-012
TEL-003568,2026-06-25T13:46:39,SITE-003,Section A — Mombasa-Nairobi Main,361.2,3244.2,28.3,Closed,SNS-011
TEL-000972,2026-05-10T12:56:02,SITE-001,Section A — Mombasa-Nairobi Main,303.5,4644.8,,Open,SNS-006
TEL-000248,2026-04-27T07:17:35,SITE-003,Section E — Makueni Branch,384.8,3634.5,31.9,Closed,SNS-009
TEL-003816,2026-06-30T09:48:51,SITE-005,Section F — Kisumu Terminal Link,480.0,3461.8,24.5,Open,SNS-002
TEL-000101,2026-04-24T20:30:51,SITE-004,Section F — Kisumu Terminal Link,441.5,3987.5,29.3,Closed,SNS-012
TEL-002655,2026-06-09T19:26:47,SITE-001,Section A — Mombasa-Nairobi Main,482.7,2773.9,37.7,Partially Open,SNS-003
TEL-001860,2026-05-26T03:09:22,SITE-006,Section B — Nairobi-Nakuru Spur,438.0,2654.7,31.7,Open,SNS-008
TEL-003922,2026-07-02T04:47:01,SITE-007,Section F — Kisumu Terminal Link,429.2,3271.8,28.9,Partially Open,SNS-008
TEL-004455,2026-07-12T04:34:01,SITE-006,Section D — Sinendet Lateral,385.7,3370.9,29.7,Open,SNS-014
TEL-004763,2026-07-17T13:43:31,SITE-005,Section F — Kisumu Terminal Link,353.6,4143.0,21.9,Partially Open,SNS-008
TEL-004697,2026-07-16T09:42:01,SITE-006,Section A — Mombasa-Nairobi Main,458.4,3713.5,34.4,Open,SNS-001
TEL-000287,2026-04-28T02:33:37,SITE-002,Section E — Makueni Branch,544.9,2564.4,29.4,Open,SNS-004
TEL-002149,2026-05-31T12:54:05,SITE-003,Section E — Makueni Branch,377.1,2335.9,25.8,Open,SNS-005
TEL-003690,2026-06-28T03:53:27,SITE-006,Section D — Sinendet Lateral,411.3,1718.7,33.0,Open,SNS-010
TEL-003863,2026-07-01T04:59:42,SITE-006,Section A — Mombasa-Nairobi Main,292.3,2928.0,27.6,Closed,SNS-007
TEL-003342,2026-06-21T13:14:59,SITE-006,Section A — Mombasa-Nairobi Main,474.6,2884.9,19.9,Open,SNS-008
TEL-001027,2026-05-11T09:25:03,KISUMU,Section B — Nairobi-Nakuru Spur,478.0,2474.0,28.6,Open,SNS-010
TEL-004372,2026-07-10T14:10:44,SITE-005,Section D — Sinendet Lateral,424.2,2570.5,19.7,Partially Open,SNS-001
TEL-003621,2026-06-26T18:48:51,SITE-001,Section B — Nairobi-Nakuru Spur,441.2,2618.3,20.4,Partially Open,SNS-002
TEL-000832,2026-05-07T19:52:35,SITE-007,Section B — Nairobi-Nakuru Spur,507.4,2414.8,31.6,Open,SNS-013
TEL-002635,2026-06-09T09:15:15,mombasa terminal,Section D — Sinendet Lateral,400.1,3412.7,30.5,Open,SNS-002
TEL-003797,2026-06-30T00:09:37,SITE-001,Section A — Mombasa-Nairobi Main,422.1,1000.0,42.3,Partially Open,SNS-005
TEL-003790,2026-06-29T20:51:57,SITE-004,Section D — Sinendet Lateral,311.9,2950.0,30.2,Open,SNS-004
TEL-003793,2026-06-29T23:22:35,nakuru depot,Section C — Nakuru-Eldoret Extension,372.1,3604.4,29.5,Open,SNS-004
TEL-001249,2026-05-15T10:52:53,SITE-002,Section A — Mombasa-Nairobi Main,563.0,1867.1,32.5,Partially Open,SNS-009
TEL-002528,2026-06-07T11:35:14,SITE-001,Section E — Makueni Branch,350.9,3551.8,32.6,Closed,SNS-012
TEL-000075,2026-04-24T10:25:40,SITE-006,Section A — Mombasa-Nairobi Main,399.7,4074.6,34.3,Partially Open,SNS-004
TEL-001205,2026-05-14T18:10:55,Kisumu term,Section F — Kisumu Terminal Link,544.8,3393.7,30.7,Closed,SNS-002
TEL-003673,2026-06-27T20:14:28,SITE-004,Section F — Kisumu Terminal Link,447.4,2366.9,16.9,Closed,SNS-009
TEL-001743,2026-05-24T09:47:24,SITE-006,Section C — Nakuru-Eldoret Extension,321.2,3456.2,30.5,Closed,SNS-008
TEL-003469,2026-06-24T03:24:58,SITE-002,Section F — Kisumu Terminal Link,577.3,3778.7,41.7,Open,SNS-003
TEL-000830,2026-05-07T19:20:18,SITE-007,Section B — Nairobi-Nakuru Spur,332.0,2926.1,33.7,Open,SNS-006
TEL-003726,2026-06-28T17:28:54,SITE-004,Section F — Kisumu Terminal Link,389.3,3495.1,27.2,Partially Open,SNS-002
TEL-003929,2026-07-02T06:20:15,SITE-005,Section B — Nairobi-Nakuru Spur,317.1,3608.8,21.5,Open,SNS-010
TEL-004896,2026-07-20T00:04:55,SITE-005,Section A — Mombasa-Nairobi Main,297.6,3087.4,33.0,Open,SNS-010
TEL-003191,2026-06-18T14:07:46,SITE-006,Section D — Sinendet Lateral,345.6,3770.5,37.2,Open,SNS-004
TEL-000463,2026-05-01T05:46:45,SITE-006,Section E — Makueni Branch,439.6,4371.1,36.3,Closed,SNS-014
TEL-002787,2026-06-12T04:30:50,SITE-001,Section D — Sinendet Lateral,347.3,,43.4,Closed,SNS-007
TEL-000424,2026-04-30T12:53:09,makueni pipeline,Section D — Sinendet Lateral,240.0,3242.2,34.2,Closed,SNS-011
TEL-004973,2026-07-21T12:53:57,SITE-005,Section C — Nakuru-Eldoret Extension,467.5,3643.0,30.5,Open,SNS-010
TEL-001592,2026-05-21T22:14:25,SITE-005,Section F — Kisumu Terminal Link,443.4,3346.2,32.0,Partially Open,SNS-002
TEL-000005,2026-04-23T03:42:27,Nairobi term,Section F — Kisumu Terminal Link,405.8,2415.1,38.6,Closed,SNS-010
TEL-002799,2026-06-12T09:43:42,SITE-002,Section D — Sinendet Lateral,398.1,2848.9,25.8,Closed,SNS-008
TEL-000718,2026-05-05T20:44:44,NKR Depot,Section B — Nairobi-Nakuru Spur,301.9,2808.5,33.7,Closed,SNS-004
TEL-003189,2026-06-18T13:24:01,SITE-007,Section D — Sinendet Lateral,411.0,3730.2,35.7,Closed,SNS-010
TEL-004791,2026-07-18T02:44:04,SITE-007,Section C — Nakuru-Eldoret Extension,471.5,3842.0,30.0,Open,SNS-002
TEL-003881,2026-07-01T13:44:49,SITE-002,Section C — Nakuru-Eldoret Extension,337.2,3343.8,36.4,Open,SNS-004
TEL-004524,2026-07-13T12:53:09,SITE-004,Section F — Kisumu Terminal Link,428.0,3179.6,37.3,Partially Open,SNS-013
TEL-001598,2026-05-22T01:06:56,SITE-005,Section C — Nakuru-Eldoret Extension,465.7,3509.4,36.2,Partially Open,SNS-012
TEL-004228,2026-07-07T18:57:57,SITE-001,Section D — Sinendet Lateral,263.1,2456.0,24.7,Closed,SNS-009
TEL-001119,2026-05-13T01:11:27,SITE-004,Section C — Nakuru-Eldoret Extension,310.3,3845.9,28.8,Open,SNS-012
TEL-002155,2026-05-31T15:04:48,SITE-006,Section A — Mombasa-Nairobi Main,495.0,2814.1,39.2,Open,SNS-001
TEL-000184,2026-04-26T09:16:36,SITE-004,Section B — Nairobi-Nakuru Spur,362.7,3175.4,36.8,Closed,SNS-004
TEL-002778,2026-06-11T23:14:58,SITE-003,Section A — Mombasa-Nairobi Main,480.0,4520.4,35.3,Partially Open,SNS-010
TEL-002494,2026-06-06T19:59:09,sinendet pump,Section D — Sinendet Lateral,,3352.7,27.9,Closed,SNS-012
TEL-004487,2026-07-12T15:30:20,SITE-007,Section C — Nakuru-Eldoret Extension,371.6,2494.8,30.5,Closed,SNS-013
TEL-002677,2026-06-10T05:27:37,SITE-004,Section F — Kisumu Terminal Link,324.6,1545.8,23.6,Open,SNS-011
TEL-004314,2026-07-09T12:29:44,Makueni PS,Section F — Kisumu Terminal Link,279.7,2538.7,29.1,Closed,SNS-014
TEL-002389,2026-06-05T00:46:19,SITE-007,Section D — Sinendet Lateral,471.5,2273.1,25.8,Partially Open,SNS-008
TEL-000932,2026-05-09T16:39:18,SITE-001,Section A — Mombasa-Nairobi Main,461.7,2817.7,21.1,Open,SNS-012
TEL-002779,2026-06-11T23:29:02,SITE-001,Section A — Mombasa-Nairobi Main,485.9,3253.8,22.3,Closed,SNS-014
TEL-000338,2026-04-29T01:55:56,SITE-002,Section B — Nairobi-Nakuru Spur,338.0,1881.1,29.4,Closed,SNS-014
TEL-001228,2026-05-15T04:47:55,nairobi terminal,Section F — Kisumu Terminal Link,388.3,3253.9,30.5,Partially Open,SNS-014
TEL-003226,2026-06-19T02:12:46,SITE-006,Section E — Makueni Branch,482.8,2054.3,20.6,Open,SNS-009
TEL-004531,2026-07-13T15:46:47,SITE-007,Section D — Sinendet Lateral,558.2,2956.4,35.4,Open,SNS-007
TEL-001033,2026-05-11T13:49:41,SITE-006,Section F — Kisumu Terminal Link,332.4,4081.6,33.4,Open,SNS-011
TEL-004638,2026-07-15T07:36:49,SITE-001,Section B — Nairobi-Nakuru Spur,200.0,3153.1,39.1,Open,SNS-008
TEL-003088,2026-06-16T19:47:32,SITE-004,Section E — Makueni Branch,429.3,3455.5,26.9,Closed,SNS-011
TEL-004220,2026-07-07T14:17:15,ELD Terminal,Section D — Sinendet Lateral,284.3,2525.9,36.0,Open,SNS-003
TEL-001973,2026-05-28T10:30:33,Kisumu  Terminal,Section F — Kisumu Terminal Link,342.6,2792.9,28.6,Closed,SNS-003
TEL-002490,2026-06-06T19:14:06,SITE-003,Section F — Kisumu Terminal Link,493.8,4247.2,33.9,Open,SNS-001
TEL-002976,2026-06-15T02:25:47,SITE-001,Section F — Kisumu Terminal Link,339.3,1726.7,26.9,Open,SNS-005
TEL-003180,2026-06-18T09:28:25,SITE-004,Section B — Nairobi-Nakuru Spur,424.3,5000.0,24.8,Open,SNS-006
TEL-003377,2026-06-22T06:40:26,SITE-006,Section D — Sinendet Lateral,402.0,2261.9,35.5,Open,SNS-001
TEL-001238,2026-05-15T08:49:04,SITE-002,Section A — Mombasa-Nairobi Main,365.8,2948.7,26.4,Closed,SNS-007
TEL-000977,2026-05-10T15:01:52,Sinendet PS,Section E — Makueni Branch,390.4,3702.5,28.4,Open,SNS-007
TEL-001295,2026-05-16T07:23:34,SITE-003,Section B — Nairobi-Nakuru Spur,476.2,3757.9,26.1,Open,SNS-010
TEL-004599,2026-07-14T16:31:43,SITE-004,Section C — Nakuru-Eldoret Extension,377.4,2739.2,36.7,Partially Open,SNS-009
TEL-000627,2026-05-04T08:30:28,SITE-004,Section D — Sinendet Lateral,474.2,3221.7,26.4,Partially Open,SNS-005
TEL-004869,2026-07-19T06:30:06,SITE-006,Section A — Mombasa-Nairobi Main,332.5,2733.1,33.2,Open,SNS-009
TEL-004670,2026-07-15T23:56:44,SITE-001,Section D — Sinendet Lateral,396.2,3654.2,33.2,Closed,SNS-004
TEL-000119,2026-04-25T06:39:02,SITE-006,Section A — Mombasa-Nairobi Main,374.7,2497.5,28.7,Open,SNS-012
TEL-003496,2026-06-24T12:54:17,SITE-006,Section E — Makueni Branch,457.1,3539.1,33.9,Open,SNS-008
TEL-000537,2026-05-02T14:20:09,SITE-005,Section E — Makueni Branch,383.1,4078.5,27.2,Closed,SNS-010
TEL-000631,2026-05-04T09:54:36,SITE-003,Section B — Nairobi-Nakuru Spur,434.1,2658.1,38.4,Closed,SNS-011
TEL-001904,2026-05-26T23:07:06,SITE-005,Section B — Nairobi-Nakuru Spur,490.2,3749.1,24.6,Open,SNS-010
TEL-000485,2026-05-01T14:50:44,SITE-007,Section C — Nakuru-Eldoret Extension,449.6,4364.1,28.6,Open,SNS-003
TEL-003104,2026-06-17T01:47:08,eldoret terminal,Section C — Nakuru-Eldoret Extension,410.3,3640.2,28.9,Closed,SNS-010
TEL-004110,2026-07-05T08:17:27,SITE-001,Section C — Nakuru-Eldoret Extension,557.1,2787.3,24.4,Partially Open,SNS-009
TEL-003528,2026-06-24T22:49:22,SITE-002,Section F — Kisumu Terminal Link,437.1,2431.9,36.2,Open,SNS-014
TEL-001140,2026-05-13T14:09:47,SITE-001,Section A — Mombasa-Nairobi Main,482.6,1830.3,34.1,Closed,SNS-003
TEL-003521,2026-06-24T20:50:40,SITE-002,Section F — Kisumu Terminal Link,382.9,3044.7,26.0,Partially Open,SNS-013
TEL-003253,2026-06-19T19:41:09,SITE-003,Section C — Nakuru-Eldoret Extension,334.4,3598.4,35.0,Open,SNS-014
TEL-001942,2026-05-27T19:29:03,KISUMU,Section E — Makueni Branch,402.2,4089.4,28.0,Closed,SNS-004
TEL-002627,2026-06-09T06:59:13,SITE-005,Section A — Mombasa-Nairobi Main,497.9,4342.5,32.2,Closed,SNS-008
TEL-003347,2026-06-21T15:57:15,SITE-002,Section C — Nakuru-Eldoret Extension,520.5,3271.7,26.7,Open,SNS-011
TEL-003157,2026-06-18T02:07:05,Eldoret term,Section C — Nakuru-Eldoret Extension,390.3,2872.5,23.8,Closed,SNS-012
TEL-004267,2026-07-08T12:23:48,SITE-002,Section A — Mombasa-Nairobi Main,389.2,3838.0,35.6,Open,SNS-003
TEL-000453,2026-05-01T02:33:04,SITE-002,Section F — Kisumu Terminal Link,496.3,2263.0,29.6,Partially Open,SNS-003
TEL-002163,2026-05-31T20:23:37,SITE-004,Section B — Nairobi-Nakuru Spur,423.5,2993.7,27.1,Partially Open,SNS-011
TEL-001353,2026-05-17T09:07:03,SITE-003,Section A — Mombasa-Nairobi Main,485.8,3640.0,15.0,Open,SNS-007
TEL-004052,2026-07-04T08:24:41,kisumu terminal,Section E — Makueni Branch,502.5,2704.6,33.7,Closed,SNS-002
TEL-001949,2026-05-27T22:34:20,SITE-005,Section B — Nairobi-Nakuru Spur,522.0,4182.7,41.8,Closed,SNS-010
TEL-003091,2026-06-16T22:04:26,SITE-006,Section D — Sinendet Lateral,472.1,3146.6,26.9,Partially Open,SNS-005
TEL-000008,2026-04-23T04:36:35,MOMBASA,Section A — Mombasa-Nairobi Main,304.2,3538.3,29.4,Partially Open,SNS-006
TEL-003308,2026-06-20T22:17:35,SITE-003,Section B — Nairobi-Nakuru Spur,525.1,3180.5,35.6,Partially Open,SNS-010
TEL-000473,2026-05-01T10:34:38,SITE-005,Section D — Sinendet Lateral,600.0,4028.2,45.0,Open,SNS-002
TEL-001975,2026-05-28T12:49:32,SITE-007,Section A — Mombasa-Nairobi Main,462.8,2095.6,41.3,Closed,SNS-010
TEL-004058,2026-07-04T12:39:42,makueni section,Section A — Mombasa-Nairobi Main,497.3,3242.0,28.7,Closed,SNS-012
TEL-004668,2026-07-15T23:09:55,SITE-001,Section B — Nairobi-Nakuru Spur,463.2,2745.8,27.3,Open,SNS-008
TEL-003819,2026-06-30T11:20:17,SITE-001,Section C — Nakuru-Eldoret Extension,456.7,2677.9,31.6,Partially Open,SNS-007
TEL-003933,2026-07-02T08:19:45,SITE-006,Section A — Mombasa-Nairobi Main,422.4,1912.7,20.4,Partially Open,SNS-001
TEL-004573,2026-07-14T09:12:27,SITE-004,Section C — Nakuru-Eldoret Extension,372.2,4041.1,17.1,Closed,SNS-001
TEL-003674,2026-06-27T20:56:10,Kisumu  Terminal,Section B — Nairobi-Nakuru Spur,375.3,3019.5,26.9,Closed,SNS-013
TEL-003955,2026-07-02T18:01:46,Sinendet PS,Section B — Nairobi-Nakuru Spur,366.0,2833.9,27.0,Open,SNS-005
TEL-004713,2026-07-16T17:13:09,SITE-005,Section C — Nakuru-Eldoret Extension,433.6,3353.4,36.6,Open,SNS-008
TEL-000056,2026-04-24T02:14:47,SITE-004,Section E — Makueni Branch,392.5,3038.4,24.8,Closed,SNS-001
TEL-001862,2026-05-26T03:22:37,SITE-007,Section D — Sinendet Lateral,438.5,3345.0,23.3,Closed,SNS-012
TEL-001627,2026-05-22T13:15:28,SITE-006,Section A — Mombasa-Nairobi Main,506.2,3158.2,35.4,Open,SNS-009
TEL-000082,2026-04-24T12:18:56,SITE-004,Section F — Kisumu Terminal Link,457.8,3256.9,27.5,Open,SNS-013
TEL-001372,2026-05-17T18:56:57,SITE-002,Section F — Kisumu Terminal Link,297.6,2556.4,23.7,Open,SNS-009
TEL-002123,2026-05-31T02:02:02,SITE-003,Section C — Nakuru-Eldoret Extension,467.3,2228.8,35.1,Open,SNS-012
TEL-002425,2026-06-05T16:47:11,SITE-005,Section C — Nakuru-Eldoret Extension,439.7,3131.1,27.6,Open,SNS-009
TEL-004886,2026-07-19T15:37:04,KSM Terminal,Section F — Kisumu Terminal Link,344.9,3094.6,23.9,Open,SNS-004
TEL-003192,2026-06-18T14:19:25,SITE-001,Section A — Mombasa-Nairobi Main,438.4,4903.4,38.0,Open,SNS-001
TEL-003262,2026-06-19T23:14:34,SITE-006,Section A — Mombasa-Nairobi Main,463.9,3159.6,,Open,SNS-005
TEL-002428,2026-06-05T17:35:29,ELDORET,Section C — Nakuru-Eldoret Extension,278.4,2769.6,19.3,Partially Open,SNS-010
TEL-003105,2026-06-17T01:53:48,SITE-007,Section E — Makueni Branch,266.3,3299.8,33.3,Closed,SNS-010
TEL-001410,2026-05-18T18:58:52,SITE-005,Section E — Makueni Branch,476.0,3839.1,27.1,Closed,SNS-006
TEL-003646,2026-06-27T06:32:29,SITE-007,Section C — Nakuru-Eldoret Extension,485.8,3586.9,31.8,Open,SNS-014
TEL-001466,2026-05-19T21:23:04,SITE-002,Section E — Makueni Branch,547.1,2414.3,33.2,Closed,SNS-014
TEL-001492,2026-05-20T07:57:46,SITE-005,Section D — Sinendet Lateral,433.8,1753.1,41.4,Partially Open,SNS-008
TEL-003171,2026-06-18T07:07:31,SITE-001,Section B — Nairobi-Nakuru Spur,338.5,2571.1,27.9,Open,SNS-014
TEL-002724,2026-06-10T23:24:41,SITE-007,Section B — Nairobi-Nakuru Spur,481.8,2637.6,17.4,Closed,SNS-009
TEL-001720,2026-05-24T00:17:26,SITE-006,Section E — Makueni Branch,328.1,1474.5,41.8,Open,SNS-010
TEL-001244,2026-05-15T09:43:59,SITE-007,Section E — Makueni Branch,436.0,3294.7,28.6,Partially Open,SNS-008
TEL-004193,2026-07-07T02:07:30,SITE-002,Section D — Sinendet Lateral,512.3,3501.9,33.7,Open,SNS-011
TEL-001250,2026-05-15T11:02:21,SITE-005,Section A — Mombasa-Nairobi Main,486.8,2846.2,15.0,Partially Open,SNS-003
TEL-004221,2026-07-07T14:57:15,SITE-003,Section C — Nakuru-Eldoret Extension,428.5,3399.3,26.6,Open,SNS-005
TEL-002941,2026-06-14T17:00:05,SITE-005,Section A — Mombasa-Nairobi Main,451.0,3708.8,22.1,Open,SNS-010
TEL-001803,2026-05-25T07:55:32,SITE-005,Section E — Makueni Branch,486.1,1972.2,29.7,Closed,SNS-013
TEL-002827,2026-06-12T19:24:18,SITE-005,Section B — Nairobi-Nakuru Spur,323.3,4885.5,29.8,Open,SNS-004
TEL-004510,2026-07-13T06:13:11,Sinendet  Pump Station,Section A — Mombasa-Nairobi Main,404.7,1867.9,20.9,Closed,SNS-001
TEL-002692,2026-06-10T11:12:32,SITE-007,Section F — Kisumu Terminal Link,499.2,3759.8,28.2,Open,SNS-002
TEL-000377,2026-04-29T16:32:33,SITE-005,Section F — Kisumu Terminal Link,477.8,3950.9,22.9,Closed,SNS-007
TEL-001737,2026-05-24T06:17:11,SITE-006,Section D — Sinendet Lateral,339.1,3279.4,30.9,Open,SNS-005
TEL-003807,2026-06-30T05:52:49,SITE-001,Section C — Nakuru-Eldoret Extension,537.5,3095.6,29.9,Open,SNS-003
TEL-004577,2026-07-14T09:49:38,SITE-003,Section E — Makueni Branch,418.3,3364.4,26.4,Open,SNS-014
TEL-000334,2026-04-29T00:56:11,Nairobi term,Section B — Nairobi-Nakuru Spur,475.6,3737.8,,Open,SNS-011
TEL-002289,2026-06-03T09:45:12,Kisumu  Terminal,Section C — Nakuru-Eldoret Extension,433.3,2880.1,29.6,Closed,SNS-005
TEL-002899,2026-06-14T00:14:02,SITE-004,Section C — Nakuru-Eldoret Extension,335.6,3189.5,32.8,Open,SNS-011
TEL-001628,2026-05-22T13:35:33,SITE-003,Section D — Sinendet Lateral,440.4,3333.0,34.8,Partially Open,SNS-001
TEL-003480,2026-06-24T06:07:18,SITE-006,Section D — Sinendet Lateral,548.7,5000.0,29.0,Closed,SNS-008
TEL-002388,2026-06-05T00:22:53,SITE-002,Section A — Mombasa-Nairobi Main,544.6,1803.0,31.9,Open,SNS-009
TEL-001351,2026-05-17T08:38:35,SITE-002,Section F — Kisumu Terminal Link,343.5,1834.8,27.1,Partially Open,SNS-002
TEL-003801,2026-06-30T01:44:59,SITE-002,Section E — Makueni Branch,494.2,3934.2,34.5,Closed,SNS-011
TEL-003912,2026-07-02T01:45:51,SITE-001,Section A — Mombasa-Nairobi Main,475.8,2728.2,,Open,SNS-002
TEL-000098,2026-04-24T18:57:01,Nairobi term,Section A — Mombasa-Nairobi Main,340.8,4221.4,35.6,Open,SNS-002
TEL-001583,2026-05-21T18:50:41,SITE-002,Section D — Sinendet Lateral,284.8,2673.8,29.9,Partially Open,SNS-004
TEL-004562,2026-07-14T06:29:47,SITE-001,Section D — Sinendet Lateral,200.0,3384.4,32.2,Open,SNS-013
TEL-004698,2026-07-16T10:14:30,SITE-002,Section A — Mombasa-Nairobi Main,272.7,3231.3,34.4,Closed,SNS-012
TEL-002552,2026-06-07T20:22:00,SINENDET,Section C — Nakuru-Eldoret Extension,474.4,2729.9,37.4,Open,SNS-004
TEL-004088,2026-07-04T23:25:12,SITE-007,Section E — Makueni Branch,409.4,2600.3,27.5,Partially Open,SNS-014
TEL-004909,2026-07-20T03:10:34,SITE-002,Section C — Nakuru-Eldoret Extension,454.3,2298.5,28.3,Open,SNS-004
TEL-004576,2026-07-14T09:25:33,SITE-003,Section C — Nakuru-Eldoret Extension,530.3,,36.4,Open,SNS-006
TEL-004605,2026-07-14T18:36:22,SITE-001,Section C — Nakuru-Eldoret Extension,385.0,4157.6,32.4,Open,SNS-004
TEL-000902,2026-05-08T23:25:32,SITE-004,Section A — Mombasa-Nairobi Main,285.0,3349.9,28.2,Open,SNS-010
TEL-001863,2026-05-26T03:41:35,SITE-002,Section F — Kisumu Terminal Link,230.9,2580.8,29.2,Partially Open,SNS-009
TEL-004851,2026-07-18T23:34:21,SITE-003,Section C — Nakuru-Eldoret Extension,377.8,2621.4,26.7,Partially Open,SNS-012
TEL-004960,2026-07-21T03:40:20,SITE-001,Section B — Nairobi-Nakuru Spur,399.1,3760.7,24.1,Open,SNS-013
TEL-002081,2026-05-30T10:31:58,KISUMU,Section F — Kisumu Terminal Link,481.4,2693.5,27.0,Partially Open,SNS-002
TEL-003344,2026-06-21T14:03:52,SITE-005,Section E — Makueni Branch,373.2,3054.8,45.0,Open,SNS-001
TEL-004477,2026-07-12T12:42:29,Thange section,Section B — Nairobi-Nakuru Spur,268.6,3485.1,26.7,Closed,SNS-005
TEL-002268,2026-06-03T01:01:31,Mombasa term,Section D — Sinendet Lateral,373.9,3329.3,26.4,Partially Open,SNS-008
TEL-003671,2026-06-27T19:44:48,SITE-006,Section D — Sinendet Lateral,397.7,3927.4,39.3,Partially Open,SNS-007
TEL-003981,2026-07-03T02:51:50,SITE-001,Section B — Nairobi-Nakuru Spur,458.1,4355.2,25.1,Partially Open,SNS-008
TEL-001830,2026-05-25T15:23:12,SITE-001,Section D — Sinendet Lateral,346.4,1774.3,30.9,Open,SNS-001
TEL-002836,2026-06-12T23:34:07,SITE-006,Section E — Makueni Branch,460.0,1735.3,35.1,Open,SNS-006
TEL-001934,2026-05-27T15:48:43,SITE-004,Section F — Kisumu Terminal Link,375.0,2664.1,27.8,Open,SNS-004
TEL-002198,2026-06-01T19:37:39,SITE-006,Section E — Makueni Branch,456.2,2794.0,35.3,Partially Open,SNS-009
TEL-000290,2026-04-28T05:14:59,SITE-001,Section C — Nakuru-Eldoret Extension,488.3,2293.2,21.0,Open,SNS-002
TEL-000982,2026-05-10T16:34:04,SITE-003,Section F — Kisumu Terminal Link,439.9,3220.9,23.2,Partially Open,SNS-004
TEL-004019,2026-07-03T17:38:09,SITE-003,Section E — Makueni Branch,296.6,2525.4,29.5,Closed,SNS-001
TEL-003041,2026-06-16T02:14:45,SITE-001,Section D — Sinendet Lateral,465.1,2331.5,21.3,Open,SNS-008
TEL-002792,2026-06-12T07:19:56,Nairobi term,Section F — Kisumu Terminal Link,289.9,2756.5,28.9,Open,SNS-014
TEL-000274,2026-04-27T20:32:51,Kisumu  Terminal,Section E — Makueni Branch,392.9,3141.2,39.3,Partially Open,SNS-008
TEL-002636,2026-06-09T10:39:41,Nakuru  Depot,Section B — Nairobi-Nakuru Spur,483.7,4244.4,31.5,Partially Open,SNS-001
TEL-000433,2026-04-30T18:06:20,SITE-005,Section A — Mombasa-Nairobi Main,367.1,3921.3,38.2,Open,SNS-007
TEL-003956,2026-07-02T18:28:25,SITE-007,Section E — Makueni Branch,441.2,3390.7,30.8,Closed,SNS-006
TEL-002563,2026-06-08T01:36:14,ELDORET,Section C — Nakuru-Eldoret Extension,515.6,3140.5,31.8,Open,SNS-014
TEL-002254,2026-06-02T19:43:48,SITE-003,Section B — Nairobi-Nakuru Spur,297.2,3137.9,28.1,Closed,SNS-008
TEL-004743,2026-07-17T05:20:06,SITE-001,Section B — Nairobi-Nakuru Spur,394.8,3461.9,20.3,Closed,SNS-005
TEL-000269,2026-04-27T18:29:15,SITE-006,Section B — Nairobi-Nakuru Spur,326.0,3931.9,16.9,Partially Open,SNS-006
TEL-003994,2026-07-03T10:22:16,SITE-001,Section A — Mombasa-Nairobi Main,300.4,1638.1,39.0,Partially Open,SNS-004
TEL-000318,2026-04-28T17:25:26,NAIROBI,Section B — Nairobi-Nakuru Spur,458.7,2409.9,21.1,Open,SNS-002
TEL-003349,2026-06-21T17:04:18,Makueni PS,Section E — Makueni Branch,404.3,2611.1,31.0,Open,SNS-008
TEL-001957,2026-05-28T02:32:49,SITE-001,Section E — Makueni Branch,393.3,3292.8,22.0,Open,SNS-003
TEL-000417,2026-04-30T09:41:54,SITE-002,Section F — Kisumu Terminal Link,,2638.7,27.1,Open,SNS-009
TEL-003261,2026-06-19T23:01:53,SITE-006,Section E — Makueni Branch,373.7,2073.8,26.7,Closed,SNS-009
TEL-004391,2026-07-10T21:54:12,SITE-004,Section F — Kisumu Terminal Link,435.4,2192.5,35.4,Partially Open,SNS-001
TEL-000081,2026-04-24T12:01:07,SITE-007,Section E — Makueni Branch,482.6,2093.0,40.5,Open,SNS-008
TEL-000042,2026-04-23T20:48:34,SITE-004,Section E — Makueni Branch,514.2,2444.0,40.8,Closed,SNS-008
TEL-002362,2026-06-04T13:10:52,SITE-006,Section B — Nairobi-Nakuru Spur,377.0,3074.5,27.5,Open,SNS-007
TEL-002936,2026-06-14T15:09:49,SITE-006,Section A — Mombasa-Nairobi Main,470.3,2824.6,34.5,Open,SNS-012
TEL-003235,2026-06-19T05:38:41,SITE-003,Section A — Mombasa-Nairobi Main,348.0,4251.4,26.4,Open,SNS-009
TEL-003448,2026-06-23T14:23:39,sinendet pump,Section C — Nakuru-Eldoret Extension,450.4,2097.6,26.4,Open,SNS-011
TEL-000574,2026-05-03T08:41:04,SITE-007,Section F — Kisumu Terminal Link,381.9,3026.2,20.6,Open,SNS-012
TEL-002445,2026-06-06T00:02:57,SITE-002,Section B — Nairobi-Nakuru Spur,422.7,2318.9,26.1,Partially Open,SNS-012
TEL-001267,2026-05-15T18:49:10,ELD Terminal,Section D — Sinendet Lateral,546.7,3075.0,20.3,Partially Open,SNS-012
TEL-003765,2026-06-29T10:18:42,Mombasa term,Section C — Nakuru-Eldoret Extension,473.6,3591.6,32.8,Partially Open,SNS-014
TEL-002850,2026-06-13T06:24:21,SITE-001,Section D — Sinendet Lateral,329.4,4177.4,22.4,Closed,SNS-004
TEL-003479,2026-06-24T05:12:11,SITE-001,Section A — Mombasa-Nairobi Main,380.6,2992.8,40.4,Partially Open,SNS-014
TEL-001780,2026-05-24T23:39:56,SITE-004,Section E — Makueni Branch,389.9,2034.2,34.6,Closed,SNS-005
TEL-004024,2026-07-03T19:05:53,SITE-007,Section A — Mombasa-Nairobi Main,503.5,4031.2,21.1,Open,SNS-003
TEL-003622,2026-06-26T19:01:18,SITE-003,Section F — Kisumu Terminal Link,482.1,3148.1,25.4,Open,SNS-012
TEL-001906,2026-05-26T23:15:52,SITE-006,Section F — Kisumu Terminal Link,351.1,3295.0,25.5,Open,SNS-012
TEL-001427,2026-05-19T06:37:56,SITE-006,Section B — Nairobi-Nakuru Spur,320.5,1859.8,34.5,Open,SNS-002
TEL-004660,2026-07-15T19:25:25,SITE-006,Section F — Kisumu Terminal Link,335.4,3646.0,25.4,Open,SNS-009
TEL-000940,2026-05-09T20:09:53,SITE-001,Section D — Sinendet Lateral,408.5,2801.7,39.9,Partially Open,SNS-013
TEL-001257,2026-05-15T13:36:23,Sinendet PS,Section A — Mombasa-Nairobi Main,366.1,1764.6,29.0,Open,SNS-012
TEL-001800,2026-05-25T07:17:08,MAKUENI,Section A — Mombasa-Nairobi Main,418.1,4044.4,24.4,Partially Open,SNS-001
TEL-000304,2026-04-28T13:39:47,SITE-001,Section F — Kisumu Terminal Link,323.7,3038.6,26.3,Open,SNS-002
TEL-004752,2026-07-17T08:01:23,MAKUENI,Section C — Nakuru-Eldoret Extension,479.7,3586.4,35.2,Partially Open,SNS-006
TEL-003966,2026-07-02T20:57:35,SITE-005,Section D — Sinendet Lateral,444.9,2969.4,19.1,Open,SNS-001
TEL-003064,2026-06-16T11:44:47,Nairobi  Terminal,Section F — Kisumu Terminal Link,485.2,3375.4,31.3,Open,SNS-010
TEL-003423,2026-06-23T00:26:11,SITE-004,Section A — Mombasa-Nairobi Main,405.7,1583.9,19.9,Open,SNS-006
TEL-003958,2026-07-02T19:25:17,mombasa terminal,Section C — Nakuru-Eldoret Extension,361.5,3086.0,30.6,Open,SNS-004
TEL-004608,2026-07-14T19:00:25,SITE-004,Section E — Makueni Branch,392.5,3931.4,15.0,Open,SNS-002
TEL-004478,2026-07-12T12:54:37,SITE-001,Section D — Sinendet Lateral,595.8,3957.8,44.9,Open,SNS-001
TEL-000865,2026-05-08T09:44:33,Makueni PS,Section B — Nairobi-Nakuru Spur,497.9,3440.0,26.9,Closed,SNS-013
TEL-003288,2026-06-20T12:33:12,SITE-003,Section E — Makueni Branch,347.0,2397.3,29.2,Open,SNS-007
TEL-001729,2026-05-24T03:50:54,SITE-007,Section E — Makueni Branch,375.6,2881.8,33.0,Open,SNS-006
TEL-004991,2026-07-21T20:10:04,SITE-005,Section B — Nairobi-Nakuru Spur,395.6,2656.1,30.6,Closed,SNS-007
TEL-000295,2026-04-28T07:50:58,SITE-007,Section E — Makueni Branch,459.3,1916.4,25.4,Partially Open,SNS-011
TEL-004381,2026-07-10T17:38:25,SITE-005,Section B — Nairobi-Nakuru Spur,396.9,3255.8,38.2,Open,SNS-009
TEL-004803,2026-07-18T07:33:40,SITE-002,Section A — Mombasa-Nairobi Main,,3479.1,31.3,Closed,SNS-011
TEL-001647,2026-05-22T19:35:53,SITE-007,Section F — Kisumu Terminal Link,359.5,3681.0,34.8,Open,SNS-007
TEL-001507,2026-05-20T15:58:24,SITE-002,Section A — Mombasa-Nairobi Main,340.7,2376.0,21.8,Open,SNS-001
TEL-002708,2026-06-10T16:45:43,SITE-002,Section D — Sinendet Lateral,428.0,3971.8,25.7,Open,SNS-008
TEL-000196,2026-04-26T13:54:10,makueni section,Section B — Nairobi-Nakuru Spur,460.9,1892.6,26.6,Open,SNS-012
TEL-000403,2026-04-30T01:19:06,SITE-001,Section B — Nairobi-Nakuru Spur,368.8,3227.1,27.1,Closed,SNS-001
TEL-004508,2026-07-13T02:43:46,SITE-001,Section E — Makueni Branch,339.9,4024.1,26.4,Open,SNS-002
TEL-000938,2026-05-09T18:07:01,SITE-004,Section C — Nakuru-Eldoret Extension,356.0,2671.0,15.0,Closed,SNS-005
TEL-001663,2026-05-23T01:05:45,kisumu terminal,Section C — Nakuru-Eldoret Extension,334.6,2097.3,36.7,Open,SNS-007
TEL-001604,2026-05-22T02:41:51,SITE-004,Section A — Mombasa-Nairobi Main,467.6,1624.2,30.1,Partially Open,SNS-009
TEL-004028,2026-07-03T21:15:09,SITE-006,Section E — Makueni Branch,550.9,3722.2,38.1,Closed,SNS-008
TEL-003333,2026-06-21T09:12:48,SITE-005,Section D — Sinendet Lateral,343.3,2417.0,29.7,Open,SNS-009
TEL-000365,2026-04-29T11:15:39,nairobi terminal,Section B — Nairobi-Nakuru Spur,315.5,2696.9,25.4,Partially Open,SNS-004
TEL-003601,2026-06-26T08:33:57,ELDORET,Section C — Nakuru-Eldoret Extension,406.0,3612.2,22.0,Closed,SNS-003
TEL-001439,2026-05-19T11:00:42,SITE-001,Section F — Kisumu Terminal Link,372.3,2706.8,26.0,Open,SNS-010
TEL-004946,2026-07-20T20:56:38,SITE-002,Section D — Sinendet Lateral,440.1,3959.7,27.2,Open,SNS-009
TEL-001088,2026-05-12T12:41:40,SITE-006,Section C — Nakuru-Eldoret Extension,530.8,4568.2,20.4,Open,SNS-007
TEL-002803,2026-06-12T11:56:41,SITE-003,Section D — Sinendet Lateral,455.2,3437.0,18.3,Closed,SNS-005
TEL-002834,2026-06-12T22:49:02,SITE-002,Section F — Kisumu Terminal Link,304.6,3092.1,26.4,Partially Open,SNS-012
TEL-002439,2026-06-05T21:08:58,SITE-004,Section D — Sinendet Lateral,379.9,1678.6,30.0,Open,SNS-012
TEL-002047,2026-05-29T21:25:09,MOMBASA,Section F — Kisumu Terminal Link,427.7,2073.3,28.3,Closed,SNS-011
TEL-000250,2026-04-27T09:31:26,SITE-002,Section A — Mombasa-Nairobi Main,364.0,1973.6,32.0,Closed,SNS-013
TEL-003233,2026-06-19T04:27:35,KISUMU,Section F — Kisumu Terminal Link,484.8,2900.7,36.6,Open,SNS-001
TEL-000327,2026-04-28T20:14:49,SITE-004,Section C — Nakuru-Eldoret Extension,325.2,,38.9,Closed,SNS-004
TEL-001577,2026-05-21T17:29:13,SITE-006,Section A — Mombasa-Nairobi Main,303.9,2823.8,26.8,Open,SNS-003
TEL-001419,2026-05-18T23:23:23,SITE-002,Section E — Makueni Branch,485.4,2686.5,29.6,Open,SNS-013
TEL-003875,2026-07-01T08:43:22,NKR Depot,Section E — Makueni Branch,373.2,4018.0,26.3,Partially Open,SNS-009
TEL-004788,2026-07-18T02:02:35,SITE-003,Section B — Nairobi-Nakuru Spur,359.4,3664.5,22.2,Partially Open,SNS-014
TEL-003201,2026-06-18T16:14:42,SITE-006,Section C — Nakuru-Eldoret Extension,389.5,2701.0,23.3,Open,SNS-002
TEL-001708,2026-05-23T19:35:18,SITE-007,Section F — Kisumu Terminal Link,384.9,1706.3,26.5,Closed,SNS-010
TEL-002116,2026-05-30T22:20:41,Sinendet PS,Section D — Sinendet Lateral,344.8,3525.9,33.9,Closed,SNS-008
TEL-003413,2026-06-22T21:43:45,SITE-002,Section C — Nakuru-Eldoret Extension,474.9,3438.4,24.7,Open,SNS-003
TEL-002240,2026-06-02T12:39:02,SITE-007,Section B — Nairobi-Nakuru Spur,458.0,2953.2,45.0,Partially Open,SNS-011
TEL-003612,2026-06-26T15:18:54,SITE-006,Section D — Sinendet Lateral,495.8,4070.5,34.6,Open,SNS-006
TEL-003072,2026-06-16T13:21:52,Nairobi  Terminal,Section B — Nairobi-Nakuru Spur,560.4,3766.3,28.4,Open,SNS-009
TEL-002504,2026-06-06T23:36:59,SITE-007,Section B — Nairobi-Nakuru Spur,487.1,2972.2,29.2,Partially Open,SNS-013
TEL-002087,2026-05-30T12:14:53,SITE-004,Section D — Sinendet Lateral,1000,3928.0,26.5,Open,SNS-007
TEL-001631,2026-05-22T14:39:53,SITE-002,Section D — Sinendet Lateral,567.0,3354.7,31.8,Closed,SNS-005
TEL-002890,2026-06-13T20:35:16,makueni pipeline,Section A — Mombasa-Nairobi Main,354.6,4128.2,39.5,Open,SNS-012
TEL-003742,2026-06-29T01:58:56,SITE-004,Section B — Nairobi-Nakuru Spur,439.1,2460.1,31.6,Closed,SNS-009
TEL-000542,2026-05-02T15:40:35,SITE-003,Section F — Kisumu Terminal Link,452.7,3371.7,35.9,Open,SNS-012
TEL-004716,2026-07-16T17:45:37,makueni section,Section D — Sinendet Lateral,423.0,3174.4,40.4,Closed,SNS-004
TEL-000067,2026-04-24T07:50:48,SITE-005,Section C — Nakuru-Eldoret Extension,600.0,2662.0,32.0,Closed,SNS-002
TEL-003152,2026-06-17T23:58:51,SITE-001,Section E — Makueni Branch,418.2,3020.1,16.4,Partially Open,SNS-005
TEL-000538,2026-05-02T14:26:04,Nakuru dep,Section E — Makueni Branch,262.9,3700.1,31.1,Open,SNS-009
TEL-001821,2026-05-25T12:50:18,Eldoret term,Section C — Nakuru-Eldoret Extension,376.9,2427.9,43.9,Open,SNS-009
TEL-001312,2026-05-16T15:11:31,SITE-001,Section C — Nakuru-Eldoret Extension,274.2,2588.9,31.2,Closed,SNS-009
TEL-003353,2026-06-21T19:17:38,SITE-004,Section D — Sinendet Lateral,407.8,2603.5,37.9,Partially Open,SNS-010
TEL-004553,2026-07-14T02:57:25,makueni pipeline,Section D — Sinendet Lateral,395.3,2945.9,36.4,Open,SNS-004
TEL-004664,2026-07-15T22:10:54,Kisumu term,Section F — Kisumu Terminal Link,445.5,3336.8,37.0,Open,SNS-005
TEL-000360,2026-04-29T09:56:07,SITE-005,Section C — Nakuru-Eldoret Extension,474.1,2395.4,35.4,Open,SNS-013
TEL-003148,2026-06-17T21:24:45,SITE-005,Section E — Makueni Branch,251.8,3373.7,27.4,Open,SNS-003
TEL-000419,2026-04-30T10:40:52,SITE-004,Section B — Nairobi-Nakuru Spur,374.8,2368.1,35.3,Open,SNS-002
TEL-000903,2026-05-08T23:28:11,SITE-002,Section C — Nakuru-Eldoret Extension,331.8,3978.8,27.0,Open,SNS-003
TEL-000645,2026-05-04T16:49:53,SITE-004,Section D — Sinendet Lateral,399.1,4550.4,28.8,Open,SNS-008
TEL-003250,2026-06-19T17:19:38,SITE-001,Section A — Mombasa-Nairobi Main,370.4,2845.6,32.8,Closed,SNS-005
TEL-003046,2026-06-16T06:26:11,SITE-007,Section A — Mombasa-Nairobi Main,277.0,2703.7,30.6,Closed,SNS-001
TEL-000172,2026-04-26T05:51:17,SITE-001,Section F — Kisumu Terminal Link,,1964.4,26.9,Open,SNS-006
TEL-004427,2026-07-11T12:50:46,Kipevu terminal,Section F — Kisumu Terminal Link,505.8,3430.5,30.3,Open,SNS-001
TEL-000203,2026-04-26T15:33:33,ELDORET,Section D — Sinendet Lateral,400.6,3700.3,26.4,Partially Open,SNS-009
TEL-004185,2026-07-06T22:36:21,SITE-007,Section E — Makueni Branch,408.5,3513.1,28.9,Open,SNS-005
TEL-004353,2026-07-10T05:18:05,SITE-002,Section A — Mombasa-Nairobi Main,376.5,,24.1,Closed,SNS-005
TEL-000173,2026-04-26T06:09:44,Sinendet  Pump Station,Section E — Makueni Branch,304.4,2648.6,33.7,Closed,SNS-005
TEL-003053,2026-06-16T08:14:57,SITE-002,Section F — Kisumu Terminal Link,345.5,4420.3,34.4,Closed,SNS-001
TEL-004646,2026-07-15T10:30:16,SITE-005,Section D — Sinendet Lateral,465.4,5000.0,40.9,Partially Open,SNS-007
TEL-002290,2026-06-03T10:21:28,SITE-001,Section E — Makueni Branch,366.4,3474.4,33.9,Open,SNS-001
TEL-002694,2026-06-10T11:48:06,SITE-003,Section E — Makueni Branch,393.6,3850.7,27.6,Open,SNS-005
TEL-003562,2026-06-25T10:33:57,SITE-005,Section B — Nairobi-Nakuru Spur,272.7,2871.9,33.6,Closed,SNS-011
TEL-002410,2026-06-05T07:57:17,SITE-007,Section F — Kisumu Terminal Link,454.7,4229.5,31.8,Closed,SNS-003
TEL-002447,2026-06-06T00:45:56,SITE-003,Section F — Kisumu Terminal Link,466.1,2947.8,26.4,Partially Open,SNS-009
TEL-003732,2026-06-28T20:32:49,SITE-002,Section F — Kisumu Terminal Link,524.5,3066.4,32.9,Partially Open,SNS-003
TEL-000995,2026-05-10T20:15:33,SITE-002,Section B — Nairobi-Nakuru Spur,200.0,2517.5,22.5,Open,SNS-004
TEL-003172,2026-06-18T07:23:25,SITE-007,Section F — Kisumu Terminal Link,302.1,4390.4,28.1,Open,SNS-011
TEL-004773,2026-07-17T17:33:26,SITE-001,Section C — Nakuru-Eldoret Extension,373.3,4353.2,32.1,Closed,SNS-010
TEL-004356,2026-07-10T06:15:35,SITE-003,Section B — Nairobi-Nakuru Spur,473.9,3121.5,35.5,Partially Open,SNS-004
TEL-001496,2026-05-20T09:14:38,SITE-005,Section F — Kisumu Terminal Link,483.8,2742.7,15.0,Partially Open,SNS-014
TEL-003260,2026-06-19T22:11:16,SITE-002,Section A — Mombasa-Nairobi Main,444.9,3382.1,33.4,Open,SNS-014
TEL-002282,2026-06-03T08:30:33,SITE-004,Section E — Makueni Branch,700,1309.6,27.4,Closed,SNS-002
TEL-001085,2026-05-12T09:47:51,ELD Terminal,Section F — Kisumu Terminal Link,473.5,2898.8,38.5,Open,SNS-014
TEL-000004,2026-04-23T02:42:51,SITE-002,Section B — Nairobi-Nakuru Spur,503.8,3544.0,30.6,Closed,SNS-002
TEL-001571,2026-05-21T16:28:00,SITE-006,Section A — Mombasa-Nairobi Main,383.1,3166.3,32.0,Open,SNS-005
