visit_id,beneficiary_id,cohort_id,visit_date,officer_name,visit_outcome,gps_latitude,gps_longitude,notes,follow_up_required
FV-000001,BEN-00001,COHORT-SC-001,2026-08-02,Gladys Owino,No Contact,-1.21188,36.75421,Ad eius dolore qui perspiciatis.,
FV-000002,BEN-00002,COHORT-SC-001,2026-03-29,Grace Adhiambo,Verified,-1.2234,36.71971,Assumenda in adipisci dolor magnam ad dicta officiis molestias dolore.,True
FV-000003,BEN-00002,COHORT-SC-001,2026-05-07,Wanjiku Kariuki,Verified,-1.23471,36.81027,Eius sit quis cum in eius dolor quis aut fugit.,
FV-000004,BEN-00002,COHORT-SC-001,2026-06-30,Esther Wanjiku,Verified,-1.28583,36.74836,Sed nobis rem quas modi voluptate fugiat mollitia.,
FV-000005,BEN-00004,COHORT-SC-001,2026-08-20,Leonard Achieng,Partially Verified,-1.23988,36.90302,Nulla similique neque provident aliquid dolorem enim aspernatur doloremque aut eius.,True
FV-000006,BEN-00004,COHORT-SC-001,2026-06-08,Lilian Simiyu,Partially Verified,,36.78992,Cum explicabo pariatur praesentium placeat architecto odio modi.,
FV-000007,BEN-00005,COHORT-SC-001,2026-07-31,Raphael Kariuki,Verified,,36.75767,Cum fugit voluptatibus odit nam placeat sapiente.,False
FV-000008,BEN-00006,COHORT-SC-001,2026-02-22,Aisha Mutinda,No Contact,-1.35889,36.80309,Dolorem adipisci et eaque distinctio.,False
FV-000009,BEN-00006,COHORT-SC-001,2026-07-07,Eunice Kimani,Verified,-1.21272,36.88765,Soluta et omnis id totam itaque eaque doloribus natus ea.,True
FV-000010,BEN-00007,COHORT-SC-001,2026-04-05,Seun Kariuki,Partially Verified,-1.27433,36.88575,Incidunt nesciunt facere voluptatum consequuntur laudantium quidem similique corrupti cum.,
FV-000011,BEN-00009,COHORT-SC-001,2026-03-23,Amina Kamau,Partially Verified,-1.22838,36.91618,Nisi harum nisi iusto dolorum mollitia velit perspiciatis beatae.,True
FV-000012,BEN-00009,COHORT-SC-001,2026-08-09,Joseph Achieng,Verified,-1.25352,36.77479,Quibusdam quisquam excepturi eos culpa a quam quaerat voluptas quis.,True
FV-000013,BEN-00009,COHORT-SC-001,2026-06-04,Stephen Rotich,No Contact,-1.34202,36.78022,Totam sit error odit non corrupti quis molestiae quod.,True
FV-000014,BEN-00010,COHORT-SC-001,2026-07-30,Dennis Kamau,Verified,-1.28062,36.7403,Ullam nobis laborum beatae facilis voluptates rem dolores dolores necessitatibus.,True
FV-000015,BEN-00010,COHORT-SC-001,2026-08-15,Tabitha Githinji,No Contact,-1.32972,36.89114,Assumenda laborum architecto quis quisquam.,False
FV-000016,BEN-00011,COHORT-SC-001,2026-07-08,Nancy Kariuki,Verified,-1.21534,36.76238,Optio veniam cumque minus non vitae.,True
FV-000017,BEN-00011,COHORT-SC-001,2026-07-24,Amina Awino,partial,-1.31483,36.7541,Quidem porro quae id perferendis fuga tempore iste dolorum aperiam.,True
FV-000018,BEN-00012,COHORT-SC-001,2026-05-02,Maurice Owino,Verified,-1.3648,36.88276,Nihil dolorem dolore architecto.,
FV-000019,BEN-00012,COHORT-SC-001,2026-03-30,Amina Kiplagat,Referred,-1.32757,36.80476,Animi architecto adipisci ex maiores eius laborum molestiae quam sunt nemo.,True
FV-000020,BEN-00012,COHORT-SC-001,2026-04-27,Raphael Odongo,Verified,-1.25613,36.74141,Quos rem deleniti atque inventore incidunt iure.,True
FV-000021,BEN-00013,COHORT-SC-001,2026-08-10,Aisha Mugo,partial,-1.31794,36.79657,Perferendis voluptates atque illo excepturi.,False
FV-000022,BEN-00014,COHORT-SC-001,2026-06-25,Aisha Achieng,Verified,-1.25798,36.86058,Dolorum deleniti ipsum in eius.,True
FV-000023,BEN-00014,COHORT-SC-001,2026-04-16,Aisha Kiplagat,Verified,-1.19636,36.88208,Soluta asperiores repellat sequi atque officiis molestiae.,False
FV-000024,BEN-00015,COHORT-SC-001,2026-05-15,Violet Omondi,Verified,-1.20796,36.82914,Voluptas unde sed cumque.,
FV-000025,BEN-00016,COHORT-SC-001,2026-04-28,Kendi Auma,Verified,-1.25843,36.74702,Laboriosam sint temporibus cum a hic unde quos eligendi.,False
FV-000026,BEN-00017,COHORT-SC-001,22-May-2026,Kezia Ochieng,Verified,-1.32634,36.78335,Optio laborum deleniti dolor animi quasi aperiam et amet labore.,
FV-000027,BEN-00018,COHORT-SC-001,2026-04-20,Grace Auma,Verified,-1.30511,36.81052,Culpa vero aspernatur delectus nisi perferendis doloremque blanditiis tempora doloribus.,
FV-000028,BEN-00019,COHORT-SC-001,2026-06-17,Grace Ndung'u,Partially Verified,-1.23741,36.76052,Aliquam aspernatur omnis natus et ea pariatur et eaque consectetur.,True
FV-000029,BEN-00019,COHORT-SC-001,2026-04-24,Kendi Awino,Verified,-1.19875,36.83258,Itaque ut vel ab numquam natus aut.,False
FV-000030,BEN-00020,COHORT-SC-001,2026-05-10,Nicholas Were,Verified,-1.25729,36.9051,Distinctio eaque ut sunt sunt fuga culpa rerum provident nostrum.,False
FV-000031,BEN-00021,COHORT-SC-001,2026-03-07,Zipporah Awino,Verified,-1.22676,36.88939,Ab repellendus error optio vel consequatur blanditiis autem mollitia earum.,True
FV-000032,BEN-00021,COHORT-SC-001,2026-04-07,Nancy Musyoka,No Contact,-1.36585,36.80317,Distinctio exercitationem porro sequi magnam dolorum tenetur amet odio repudiandae.,
FV-000033,BEN-00022,COHORT-SC-001,2026-04-07,Rose Rotich,Verified,-1.30517,36.8603,A quo odio ea qui.,
FV-000034,BEN-00022,COHORT-SC-001,2026-03-05,Stephen Gichuki,Verified,,36.84994,Provident natus beatae velit porro corrupti alias fuga mollitia inventore.,
FV-000035,BEN-00023,COHORT-SC-001,2026-06-14,Gladys Mutinda,No Contact,-1.31584,36.74592,Est tempore recusandae similique tempore.,
FV-000036,BEN-00024,COHORT-SC-001,2026-05-12,Nicholas Otieno,Verified,-1.34351,36.80549,Placeat pariatur explicabo nam soluta voluptate.,False
FV-000037,BEN-00024,COHORT-SC-001,2026-06-21,Felix Awino,No Contact,-1.22717,36.82844,Unde dolores cum reiciendis debitis impedit.,
FV-000038,BEN-00025,COHORT-SC-001,2026-02-22,Seun Were,partial,,36.903,Qui ex ut rem sint repellat.,True
FV-000039,BEN-00026,COHORT-SC-001,2026-06-11,James Auma,Verified,-1.36029,36.85103,Culpa praesentium fugit aliquam iusto dicta ullam.,False
FV-000040,BEN-00026,COHORT-SC-001,2026-03-28,Lilian Mwangi,No Contact,-1.31589,36.72282,Esse recusandae dolorem ad deserunt eveniet sint vitae.,False
FV-000041,BEN-00027,COHORT-SC-001,2026-06-03,Zipporah Waweru,no contact,-1.20474,36.84308,Expedita magni perspiciatis sapiente ex adipisci soluta.,
FV-000042,BEN-00028,COHORT-SC-001,2026-07-22,Felix Nyambura,Verified,-1.32179,36.82393,Debitis vitae eaque autem ipsa quas et.,False
FV-000043,BEN-00030,COHORT-SC-001,2026-03-01,Olive Maina,Verified,-1.35082,36.84404,Voluptates blanditiis tempore deleniti aliquid ipsa maxime rem porro velit.,
FV-000044,BEN-00031,COHORT-SC-001,2026-05-09,Amina Ndung'u,Verified,-1.34338,36.80239,Facilis architecto optio ex et sed.,True
FV-000045,BEN-00031,COHORT-SC-001,2026-07-21,Eunice Gichuki,Verified,-1.19208,36.83824,Magni pariatur eveniet possimus mollitia deleniti pariatur.,
FV-000046,BEN-00032,COHORT-SC-001,2026-02-22,Joseph Waweru,Partially Verified,-1.24454,36.74569,Perspiciatis temporibus nulla error molestias a enim inventore.,True
FV-000047,BEN-00033,COHORT-SC-001,2026-07-29,Eunice Rotich,verified,-1.28181,36.75687,Non eum ipsam perferendis maiores recusandae vero quasi omnis eligendi.,
FV-000048,BEN-00033,COHORT-SC-001,07/05/2026,Violet Achieng,Verified,-1.23631,36.76059,Excepturi repellendus quibusdam perferendis dolore dicta ad doloribus labore sed asperiores.,True
FV-000049,BEN-00034,COHORT-SC-001,2026-03-02,Harrison Njoroge,Verified,-1.18683,36.7795,Suscipit nemo quaerat fugit id corporis porro tempora similique.,False
FV-000050,BEN-00035,COHORT-SC-001,2026-07-28,James Achieng,partial,-1.29343,36.86507,Quod dolor rem possimus iure.,False
FV-000051,BEN-00036,COHORT-SC-001,2026-08-21,Quinton Musyoka,Verified,-1.20568,36.86044,Dolorum sed itaque reiciendis pariatur voluptates nisi veniam tempora nostrum.,True
FV-000052,BEN-00036,COHORT-SC-001,2026-06-04,Irene Wangari,Verified,-1.26833,36.83421,Incidunt tenetur ipsum culpa similique ipsum quibusdam saepe eius.,
FV-000053,BEN-00037,COHORT-SC-001,2026-03-28,Caroline Kamau,Verified,-1.3489,36.79388,Laborum dolores ipsam quae doloremque excepturi tempora aspernatur corrupti fugit.,True
FV-000054,BEN-00037,COHORT-SC-001,2026-06-05,Irene Were,Partially Verified,-1.25642,36.73835,Provident aperiam illum molestiae impedit dignissimos.,False
FV-000055,BEN-00038,COHORT-SC-001,08/07/2026,Amina Gichuki,Verified,-1.36403,36.73439,Harum quo veniam accusantium sunt nemo labore velit error.,True
FV-000056,BEN-00038,COHORT-SC-001,2026-04-18,Wanjiku Otieno,Partially Verified,-1.23147,36.74022,Sequi veritatis in quibusdam molestias nobis dolore dolor.,False
FV-000057,BEN-00038,COHORT-SC-001,2026-04-11,Queen Waweru,Verified,-1.21711,36.8301,Laborum harum pariatur reiciendis quam saepe ullam voluptatem modi.,False
FV-000058,BEN-00039,COHORT-SC-001,16-Mar-2026,Amina Maina,Partially Verified,-1.35231,36.83693,Nihil optio assumenda inventore sint delectus ea eveniet.,
FV-000059,BEN-00040,COHORT-SC-001,2026-08-08,Patrick Kimani,Verified,-1.23882,36.73812,Eveniet quis fugit quibusdam rerum dolorum aspernatur accusantium molestiae.,
FV-000060,BEN-00041,COHORT-SC-001,2026-05-17,Eunice Odongo,No Contact,-1.36532,36.86843,Dolore architecto vero aliquam adipisci dolorum saepe numquam.,
FV-000061,BEN-00041,COHORT-SC-001,2026-07-21,Priscilla Onyango,Verified,,36.82642,Commodi pariatur natus dolor praesentium quisquam cumque.,
FV-000062,BEN-00041,COHORT-SC-001,2026-02-22,Caroline Gichuki,Verified,-1.3076,36.91,Vitae quaerat quod cum est neque ut nemo tenetur fugiat.,False
FV-000063,BEN-00042,COHORT-SC-001,2026-04-11,Zipporah Owino,Partially Verified,-1.23909,36.84005,Asperiores porro occaecati aut quo sed.,True
FV-000064,BEN-00043,COHORT-SC-001,2026-06-08,Brian Auma,Referred,-1.22186,36.7239,Rem recusandae natus aliquam minus optio architecto officia accusamus in.,True
FV-000065,BEN-00044,COHORT-SC-001,2026-07-12,Uchenna Chebet,Verified,,36.73607,Autem vero odio repudiandae provident ipsa quasi vitae earum.,
FV-000066,BEN-00045,COHORT-SC-001,22/03/2026,Harrison Otieno,Verified,-1.3131,36.90733,Quo iure repudiandae nihil eum doloribus vel eius iste quibusdam.,True
FV-000067,BEN-00045,COHORT-SC-001,2026-06-12,Owen Achieng,Verified,-1.25591,36.80423,Nostrum fugiat adipisci sed delectus distinctio reiciendis excepturi sunt praesentium.,False
FV-000068,BEN-00046,COHORT-SC-001,2026-07-03,Olive Achieng,no contact,-1.27578,36.87259,Nam maxime deleniti dolores illo nam dolores.,
FV-000069,BEN-00046,COHORT-SC-001,2026-03-16,Grace Omondi,Verified,-1.35068,36.90266,Officia laudantium recusandae at dolore porro esse neque labore.,
FV-000070,BEN-00047,COHORT-SC-001,2026-07-31,Kendi Omondi,Partially Verified,-1.23531,36.7795,Exercitationem voluptatum mollitia explicabo iste esse dolorem quam et quia.,
FV-000071,BEN-00048,COHORT-SC-001,2026-06-28,Zipporah Ochieng,Verified,-1.34534,36.83775,Deleniti qui eius nihil quis nisi.,True
FV-000072,BEN-00048,COHORT-SC-001,2026-06-30,Grace Onyango,Verified,-1.25754,36.87152,Rerum eos facere esse provident.,
FV-000073,BEN-00049,COHORT-SC-001,2026-05-15,Mary Otieno,partial,-1.19762,36.79679,Earum voluptate mollitia possimus commodi sit.,
FV-000074,BEN-00049,COHORT-SC-001,2026-03-24,Harrison Simiyu,Verified,-1.25551,36.74612,Aut accusamus eligendi laboriosam exercitationem vitae dolorum similique beatae.,
FV-000075,BEN-00051,COHORT-SC-001,2026-03-28,Olive Maina,Verified,-1.35558,36.88366,Id asperiores occaecati amet corrupti.,False
FV-000076,BEN-00051,COHORT-SC-001,2026-05-30,Seun Njenga,Partially Verified,-1.23088,36.86643,Veniam assumenda dolorum nam impedit nisi nulla quod fugit tenetur.,True
FV-000077,BEN-00052,COHORT-SC-001,2026-08-08,David Ochieng,Referred,-1.28933,36.84134,Similique voluptatibus esse numquam non qui veniam.,
FV-000078,BEN-00052,COHORT-SC-001,2026-05-12,Eunice Njoroge,verified,-1.37019,36.89698,Numquam eaque aspernatur dolores mollitia culpa.,False
FV-000079,BEN-00052,COHORT-SC-001,2026-08-19,Rose Ndung'u,verified,-1.21421,36.91194,Ipsum nisi eos doloremque provident praesentium iste porro.,
FV-000080,BEN-00053,COHORT-SC-001,2026-04-05,Kezia Njenga,No Contact,-1.3799,36.75444,Ratione numquam optio ut incidunt molestias officia.,
FV-000081,BEN-00054,COHORT-SC-001,2026-06-01,Owen Onyango,Verified,-1.35505,36.86419,Repudiandae architecto cumque esse quibusdam necessitatibus enim.,True
FV-000082,BEN-00054,COHORT-SC-001,2026-03-31,Rose Mwangi,Verified,-1.36847,36.75942,Iusto esse illo earum molestiae ipsa.,
FV-000083,BEN-00054,COHORT-SC-001,2026-07-31,Seun Chebet,Verified,-1.25064,36.72617,Aliquam inventore eum dolorum at vitae saepe nemo veritatis voluptatum.,
FV-000084,BEN-00055,COHORT-SC-001,2026-03-06,Joseph Musyoka,Verified,-1.21123,36.74215,Nemo quis cupiditate maxime ipsam eius voluptatum.,True
FV-000085,BEN-00056,COHORT-SC-001,2026-04-06,Kendi Omondi,Partially Verified,-1.35661,36.79247,Odio laudantium at expedita ex pariatur similique ex possimus.,False
FV-000086,BEN-00057,COHORT-SC-001,2026-03-31,Kezia Mwangi,No Contact,-1.36698,36.73392,Optio id quis alias at dolorum blanditiis.,
FV-000087,BEN-00057,COHORT-SC-001,03-Mar-2026,Wanjiku Maina,Verified,-1.32605,36.76891,Sint repudiandae a sit iure amet maxime numquam.,
FV-000088,BEN-00058,COHORT-SC-001,2026-05-11,Eunice Musyoka,Verified,-1.20858,36.8791,Numquam quis dignissimos molestias unde ipsa praesentium commodi voluptate.,False
FV-000089,BEN-00058,COHORT-SC-001,2026-03-28,Yvonne Mugo,Partially Verified,-1.19683,36.75434,Reiciendis quae est accusamus illum dolore sapiente beatae veniam officia.,False
FV-000090,BEN-00059,COHORT-SC-001,2026-06-15,Nicholas Awino,Verified,-1.23721,36.87353,Libero quaerat magni earum rerum voluptatem.,
FV-000091,BEN-00059,COHORT-SC-001,2026-07-06,Leonard Rotich,Verified,-1.30706,36.87435,Itaque corporis deleniti nobis quia consequatur architecto.,True
FV-000092,BEN-00060,COHORT-SC-001,2026-05-29,Esther Owino,Verified,-1.24941,36.80514,Excepturi ratione eaque a quas saepe neque optio sint.,
FV-000093,BEN-00060,COHORT-SC-001,2026-08-06,Nancy Kiplagat,Partially Verified,-1.30872,36.81957,Molestiae exercitationem mollitia molestiae iste eum deleniti possimus nemo.,True
FV-000094,BEN-00061,COHORT-SC-001,2026-06-12,Dennis Kamau,Verified,-1.25359,36.79608,Sequi illum et labore totam fugit voluptates.,True
FV-000095,BEN-00062,COHORT-SC-001,2026-05-02,Dennis Njoroge,Verified,-1.29234,36.87303,Libero alias magnam nihil sit soluta.,
FV-000096,BEN-00062,COHORT-SC-001,02-May-2026,Joseph Kiplagat,Partially Verified,-1.26627,36.84062,Aut tenetur accusamus corporis sit voluptas asperiores quos eaque.,True
FV-000097,BEN-00063,COHORT-SC-001,2026-04-28,Wanjiku Waweru,Partially Verified,-1.24629,36.91507,Possimus officiis sequi sequi similique fugit et quaerat quis sit alias.,
FV-000098,BEN-00064,COHORT-SC-001,2026-04-18,Harrison Odongo,Verified,-1.3777,36.85711,Doloremque placeat enim dolorem at.,
FV-000099,BEN-00064,COHORT-SC-001,2026-07-14,Zipporah Nyambura,Verified,-1.23424,36.80413,Quis provident aut cumque error.,False
FV-000100,BEN-00066,COHORT-SC-001,2026-04-25,Gladys Adhiambo,Verified,-1.2159,36.75594,Aliquid recusandae eos fugiat corporis.,False
FV-000101,BEN-00067,COHORT-SC-001,2026-07-09,Hassan Githinji,Verified,-1.22646,36.80229,Illum placeat debitis cupiditate non fugit placeat libero nesciunt doloremque.,True
FV-000102,BEN-00067,COHORT-SC-001,2026-05-25,Owen Mugo,No Contact,-1.27042,36.75698,Itaque pariatur tempore iure enim molestias asperiores.,True
FV-000103,BEN-00068,COHORT-SC-001,2026-04-13,Stephen Kiplagat,Verified,-1.22058,36.901,Voluptates error vitae porro itaque error voluptatum sequi.,True
FV-000104,BEN-00070,COHORT-SC-001,11-Aug-2026,Patrick Kiplagat,Partially Verified,-1.19985,36.85458,Dolores nemo nemo voluptatibus eos.,False
FV-000105,BEN-00071,COHORT-SC-001,2026-06-17,Seun Ochieng,partial,-1.29828,36.80311,Earum natus placeat quia aliquid non libero temporibus.,
FV-000106,BEN-00071,COHORT-SC-001,2026-04-29,Aisha Waweru,No Contact,-1.34073,36.8281,Quod dolorem reiciendis dolor deleniti dolorum quidem.,True
FV-000107,BEN-00072,COHORT-SC-001,2026-05-18,Aisha Wanjiku,Partially Verified,-1.30971,36.77124,Occaecati temporibus officia est ipsam neque.,False
FV-000108,BEN-00072,COHORT-SC-001,2026-07-29,Kezia Wangari,Verified,-1.36443,36.78387,At eos quibusdam cupiditate consequatur molestiae.,
FV-000109,BEN-00074,COHORT-SC-001,2026-04-26,Francis Ochieng,Referred,-1.26197,36.91588,Minus totam rerum ducimus repudiandae laboriosam rem quia.,False
FV-000110,BEN-00074,COHORT-SC-001,2026-02-25,Aisha Wangari,Partially Verified,-1.23981,36.75491,Rem iusto asperiores quidem dolorem perspiciatis perferendis id.,False
FV-000111,BEN-00075,COHORT-SC-001,2026-05-12,Francis Musyoka,Verified,-1.23938,36.88595,Facilis ratione accusamus modi iste perferendis perferendis nesciunt reprehenderit velit.,False
FV-000112,BEN-00076,COHORT-SC-001,05/08/2026,Yvonne Kimani,Verified,-1.34709,36.73891,Perferendis iusto nulla velit eveniet.,True
FV-000113,BEN-00077,COHORT-SC-001,2026-04-16,Lilian Kimani,Verified,,36.73347,Dolore aperiam reprehenderit tenetur error illum consequuntur veniam esse laudantium atque.,
FV-000114,BEN-00077,COHORT-SC-001,2026-05-01,Irene Ochieng,Verified,-1.35989,36.7662,Consequatur iste perferendis quia veniam in quia culpa impedit aut.,
FV-000115,BEN-00079,COHORT-SC-001,08/03/2026,Maurice Maina,Verified,-1.21853,36.8314,Nulla vel eius porro dolor ipsam doloremque facilis voluptatem.,False
FV-000116,BEN-00080,COHORT-SC-001,2026-08-04,Brian Maina,Verified,-1.32044,36.73432,Molestias voluptate facere id deleniti commodi sed iste.,False
FV-000117,BEN-00081,COHORT-SC-001,2026-08-17,Amina Ndung'u,Verified,-1.38338,36.72839,Odit nisi accusantium ratione doloribus commodi.,
FV-000118,BEN-00082,COHORT-SC-001,2026-05-29,Priscilla Owino,Verified,-1.31166,36.78549,Dignissimos rerum mollitia nesciunt repellat doloremque quo ratione nisi eius.,True
FV-000119,BEN-00083,COHORT-SC-001,2026-06-10,James Mwangi,Verified,-1.21207,36.85436,Voluptates molestiae reiciendis beatae sint consectetur.,
FV-000120,BEN-00084,COHORT-SC-001,2026-04-01,Brian Simiyu,Verified,-1.36164,36.76695,Ratione dolores eum cupiditate amet qui minima quia.,True
FV-000121,BEN-00085,COHORT-SC-001,2026-06-16,Irene Nyambura,Verified,-1.28603,36.80499,Ipsum facere nisi iste dolore nostrum quas tenetur omnis.,False
FV-000122,BEN-00085,COHORT-SC-001,2026-05-10,Grace Onyango,Partially Verified,-1.35615,36.79691,Itaque vitae aperiam laboriosam illo placeat laudantium.,
FV-000123,BEN-00085,COHORT-SC-001,2026-05-09,Dennis Adhiambo,Verified,-1.18975,36.8904,Asperiores aspernatur non aperiam eius odio molestias eveniet voluptatum.,False
FV-000124,BEN-00086,COHORT-SC-001,2026-04-12,Zipporah Kamau,Partially Verified,-1.24683,36.77277,Eos magni inventore recusandae beatae omnis soluta mollitia sint inventore.,False
FV-000125,BEN-00086,COHORT-SC-001,2026-08-11,Wanjiku Maina,Verified,-1.37123,36.83966,Impedit repudiandae id quas est est ducimus.,True
FV-000126,BEN-00087,COHORT-SC-001,2026-04-22,Zipporah Achieng,Verified,-1.22941,36.84087,Porro labore at assumenda inventore quia.,True
FV-000127,BEN-00088,COHORT-SC-001,2026-07-10,Gladys Ndung'u,Verified,-1.38426,36.83078,Repellat nam nesciunt natus eveniet commodi explicabo pariatur.,
FV-000128,BEN-00089,COHORT-SC-001,2026-08-10,Felix Wanjiku,Referred,-1.20935,36.72446,Sint quam voluptas nobis expedita neque distinctio omnis dolore.,False
FV-000129,BEN-00089,COHORT-SC-001,2026-06-27,Irene Kamau,Verified,-1.35153,36.78272,Expedita nam beatae eius dolorem.,False
FV-000130,BEN-00090,COHORT-SC-001,2026-06-14,James Achieng,Verified,-1.27324,36.8571,Sapiente voluptate repellendus nostrum odit ad ut repudiandae eaque.,False
FV-000131,BEN-00092,COHORT-SC-001,19-Jul-2026,Dennis Kiplagat,Partially Verified,-1.30368,36.91338,Earum quis ullam expedita delectus corporis.,True
FV-000132,BEN-00092,COHORT-SC-001,04/04/2026,Uchenna Otieno,Verified,-1.3033,36.82286,Architecto qui voluptas at minus fugiat iste culpa.,False
FV-000133,BEN-00093,COHORT-SC-001,2026-06-24,Grace Kiprotich,Verified,-1.26075,36.86204,Quam quod necessitatibus assumenda amet culpa nulla.,
FV-000134,BEN-00093,COHORT-SC-001,2026-06-09,Mary Kimani,Verified,-1.36218,36.86766,Earum optio laborum ipsam earum.,
FV-000135,BEN-00094,COHORT-SC-001,2026-05-08,Brian Adhiambo,Verified,-1.23478,36.7645,Beatae inventore eligendi perspiciatis laborum pariatur aliquid hic nobis ab.,False
FV-000136,BEN-00096,COHORT-SC-001,2026-03-01,Raphael Gichuki,no contact,-1.29844,36.88395,Veniam quisquam quisquam enim blanditiis libero inventore.,False
FV-000137,BEN-00097,COHORT-SC-001,2026-04-03,Boniface Were,Verified,-1.31875,36.88934,Fugit provident magnam rerum rem asperiores.,True
FV-000138,BEN-00098,COHORT-SC-001,2026-07-29,Felix Maina,Verified,-1.34796,36.78781,Ipsa itaque aspernatur est inventore.,
FV-000139,BEN-00100,COHORT-SC-001,2026-06-24,Yvonne Githinji,Partially Verified,-1.37989,36.80566,Quae in beatae accusantium eveniet reiciendis nulla rerum.,
FV-000140,BEN-00101,COHORT-SC-001,28-Jul-2026,Stephen Nyambura,Verified,-1.35331,36.85795,At sapiente doloribus nihil minima id est excepturi.,False
FV-000141,BEN-00102,COHORT-SC-001,2026-06-29,Stephen Kariuki,Verified,-1.2358,36.76526,Quod asperiores odio minus deserunt quod expedita vero.,False
FV-000142,BEN-00102,COHORT-SC-001,2026-07-06,David Simiyu,Verified,-1.24372,36.78644,Dolores corporis deserunt nobis quis omnis.,True
FV-000143,BEN-00103,COHORT-SC-001,2026-05-31,James Mutinda,Partially Verified,-1.31254,36.85233,Veritatis occaecati iure natus neque perspiciatis.,True
FV-000144,BEN-00104,COHORT-SC-001,2026-08-13,Uchenna Onyango,Verified,-1.34679,36.73424,Officia voluptates eum voluptas et ipsam iusto occaecati recusandae nihil.,
FV-000145,BEN-00105,COHORT-SC-001,2026-06-06,Nancy Were,No Contact,-1.19193,36.89341,Magni est iste animi rerum asperiores sint sequi.,False
FV-000146,BEN-00106,COHORT-SC-001,2026-06-28,Olive Otieno,Verified,-1.20974,36.82686,Nisi fugit neque veritatis qui aliquam tenetur nemo deleniti non magnam.,True
FV-000147,BEN-00107,COHORT-SC-001,2026-06-08,Stephen Mwangi,Verified,-1.33817,36.79529,Ipsum repellat saepe voluptatem assumenda.,True
FV-000148,BEN-00107,COHORT-SC-001,23-Jun-2026,Stephen Ndung'u,Verified,-1.21121,36.77044,Aliquam provident voluptatibus minima non facilis.,False
FV-000149,BEN-00108,COHORT-SC-001,2026-07-17,Rose Chebet,Verified,-1.26276,36.76237,Harum quo perspiciatis amet occaecati ex ex.,False
FV-000150,BEN-00108,COHORT-SC-001,2026-05-10,Felix Awino,Verified,-1.25558,36.72794,Perspiciatis eligendi quam omnis temporibus sit ex nesciunt consequuntur expedita.,
FV-000151,BEN-00109,COHORT-SC-001,2026-03-17,Yvonne Musyoka,Referred,-1.37415,36.89253,Consectetur quae assumenda nam officia eveniet consectetur praesentium.,
FV-000152,BEN-00110,COHORT-SC-001,2026-06-07,Aisha Awino,Verified,-1.30092,36.85701,Atque perferendis magni accusantium est veritatis exercitationem quisquam deleniti voluptatum.,False
FV-000153,BEN-00111,COHORT-SC-001,2026-05-22,Patrick Omondi,partial,-1.30117,36.74921,Aspernatur sapiente aut quo rerum sunt.,True
FV-000154,BEN-00112,COHORT-SC-001,2026-06-13,Eunice Njoroge,Verified,-1.24261,36.74322,Optio soluta nulla nisi culpa.,False
FV-000155,BEN-00113,COHORT-SC-001,2026-05-25,Yvonne Ochieng,Verified,-1.21957,36.78633,Rerum quo repellat cumque ipsa illum.,False
FV-000156,BEN-00114,COHORT-SC-001,2026-06-22,James Achieng,verified,-1.26167,36.83995,Voluptas nostrum quibusdam quos doloremque dolores vitae.,
FV-000157,BEN-00115,COHORT-SC-001,2026-06-17,Nancy Chebet,Verified,-1.27638,36.83802,Temporibus deserunt perspiciatis necessitatibus ipsam quo quod magnam in.,False
FV-000158,BEN-00115,COHORT-SC-001,2026-05-17,Nancy Njoroge,Verified,-1.35614,36.76006,Repellendus reiciendis consequuntur dolorum odit soluta.,True
FV-000159,BEN-00116,COHORT-SC-001,2026-08-12,Priscilla Kiplagat,Verified,-1.26192,36.89931,Vel quae maiores commodi assumenda cum ipsum maiores rerum at.,False
FV-000160,BEN-00116,COHORT-SC-001,2026-04-17,Yvonne Owino,Verified,-1.29633,36.84066,Repellendus suscipit ut impedit id fugiat harum.,True
FV-000161,BEN-00117,COHORT-SC-001,2026-05-29,Aisha Njenga,Verified,-1.24367,36.74154,Fugiat adipisci ut saepe officiis.,False
FV-000162,BEN-00118,COHORT-SC-001,2026-03-06,Violet Rotich,No Contact,-1.27582,36.88658,Consequuntur enim rerum possimus consequuntur provident.,False
FV-000163,BEN-00118,COHORT-SC-001,2026-06-07,David Kimani,Partially Verified,-1.3215,36.78538,Nostrum temporibus accusantium dolor corrupti velit non incidunt quod.,
FV-000164,BEN-00118,COHORT-SC-001,2026-07-10,Hassan Kiprotich,Verified,-1.28266,36.74359,Error aliquid in recusandae itaque beatae temporibus.,True
FV-000165,BEN-00119,COHORT-SC-001,2026-04-16,David Owino,Verified,-1.35407,36.90019,Modi odio nemo quaerat eos a explicabo necessitatibus deleniti pariatur.,False
FV-000166,BEN-00120,COHORT-SC-001,2026-07-20,Mary Onyango,No Contact,,36.89732,Voluptate architecto minima magni voluptates mollitia hic iusto odio voluptatem.,True
FV-000167,BEN-00120,COHORT-SC-001,2026-02-24,Harrison Rotich,No Contact,-1.37685,36.72377,Quibusdam explicabo architecto dolores omnis aut neque.,
FV-000168,BEN-00121,COHORT-SC-001,2026-03-05,Xavier Kariuki,Partially Verified,-1.24275,36.83105,Consequatur explicabo excepturi odit rerum placeat voluptatem laboriosam.,False
FV-000169,BEN-00121,COHORT-SC-001,2026-06-08,Raphael Rotich,Verified,-1.26226,36.79899,Repellat aperiam quod itaque eos aliquam.,
FV-000170,BEN-00123,COHORT-SC-002,2026-07-08,Felix Githinji,Verified,-4.01628,39.57212,Suscipit et est id repellendus labore.,
FV-000171,BEN-00124,COHORT-SC-002,2026-04-18,Mary Owino,no contact,-4.10185,39.58018,Quidem deleniti explicabo quos sint.,False
FV-000172,BEN-00125,COHORT-SC-002,2026-06-02,Felix Kariuki,Verified,-4.04332,39.65673,Earum reiciendis ipsa id ipsam vero excepturi deleniti.,False
FV-000173,BEN-00125,COHORT-SC-002,2026-07-10,Dennis Achieng,Verified,-4.05373,39.63408,Facilis reiciendis eaque assumenda incidunt inventore voluptatum debitis eos.,True
FV-000174,BEN-00127,COHORT-SC-002,2026-07-20,Kendi Githinji,Verified,-4.11917,39.70701,Aspernatur optio esse nobis incidunt.,
FV-000175,BEN-00128,COHORT-SC-002,2026-03-29,Lilian Mutinda,Verified,-3.98019,39.60209,Expedita aliquam sit explicabo voluptatum earum voluptatem veniam asperiores.,True
FV-000176,BEN-00128,COHORT-SC-002,2026-04-12,Queen Kariuki,Partially Verified,-3.97674,39.68413,Facilis reiciendis perspiciatis veritatis consequuntur non quos alias.,True
FV-000177,BEN-00128,COHORT-SC-002,2026-06-26,Yvonne Wangari,Partially Verified,-3.96451,39.68881,Doloremque officia facere veniam adipisci.,True
FV-000178,BEN-00129,COHORT-SC-002,2026-08-07,Amina Nyambura,Verified,-4.02514,39.68193,Perspiciatis veniam fuga quis nemo minus.,
FV-000179,BEN-00130,COHORT-SC-002,2026-04-02,Gladys Achieng,Verified,-4.09798,39.68163,Et eius vero ad delectus maxime totam blanditiis.,False
FV-000180,BEN-00131,COHORT-SC-002,2026-07-21,Queen Wangari,No Contact,-3.99711,39.63513,Provident dolor nostrum possimus voluptatum dicta consequatur.,
FV-000181,BEN-00131,COHORT-SC-002,2026-05-06,Yvonne Odongo,No Contact,,39.58356,Iste tempore ipsum assumenda placeat.,False
FV-000182,BEN-00133,COHORT-SC-002,2026-06-25,Kezia Kiplagat,Partially Verified,-4.02618,39.61106,Pariatur quae mollitia enim error culpa quae praesentium.,False
FV-000183,BEN-00133,COHORT-SC-002,2026-07-27,Kendi Kamau,No Contact,-3.94965,39.70175,Recusandae magni commodi dicta consequuntur ratione.,True
FV-000184,BEN-00133,COHORT-SC-002,2026-07-16,Owen Mwangi,Verified,-4.06414,39.69419,Facere nemo iusto voluptatem consectetur.,True
FV-000185,BEN-00134,COHORT-SC-002,2026-04-03,Harrison Achieng,Partially Verified,-4.02117,39.72112,Aperiam id quaerat laboriosam illum.,True
FV-000186,BEN-00136,COHORT-SC-002,2026-04-22,Harrison Kiprotich,Verified,-3.98121,39.57896,Reprehenderit asperiores voluptas odit ipsum perspiciatis exercitationem soluta.,
FV-000187,BEN-00136,COHORT-SC-002,2026-03-27,Wanjiku Waweru,Verified,-4.08736,39.58509,Odit delectus vitae inventore tenetur animi commodi corrupti cum eum.,
FV-000188,BEN-00138,COHORT-SC-002,2026-05-21,Grace Gichuki,verified,-4.07674,39.75076,Exercitationem velit tempora sapiente dolorum odio mollitia.,True
FV-000189,BEN-00138,COHORT-SC-002,2026-04-12,Nicholas Achieng,Verified,-3.99679,39.75084,Numquam nostrum atque odit nihil neque.,False
FV-000190,BEN-00139,COHORT-SC-002,2026-06-24,Esther Mutinda,Partially Verified,-4.00644,39.57744,Omnis quam non sapiente natus repudiandae.,False
FV-000191,BEN-00139,COHORT-SC-002,2026-03-26,Francis Chebet,Verified,-3.97698,39.63531,Aspernatur veniam quo eaque distinctio.,True
FV-000192,BEN-00139,COHORT-SC-002,2026-07-17,Kezia Kamau,Partially Verified,-3.98327,39.58974,Impedit odit libero occaecati enim vero laboriosam rem placeat error.,True
FV-000193,BEN-00140,COHORT-SC-002,2026-04-24,Tabitha Rotich,Verified,-4.07975,39.60819,Porro culpa impedit iure excepturi.,True
FV-000194,BEN-00141,COHORT-SC-002,2026-08-02,Seun Onyango,Verified,-3.94936,39.70557,Est quaerat quasi similique voluptate consectetur.,True
FV-000195,BEN-00141,COHORT-SC-002,2026-07-05,Seun Mugo,No Contact,-4.03338,39.7614,Maiores autem dolores commodi ipsum consequuntur amet veniam.,
FV-000196,BEN-00141,COHORT-SC-002,2026-03-18,Zipporah Ochieng,Verified,-3.99895,39.62407,In vitae temporibus repellendus ut quam deleniti cum voluptatum iure soluta.,
FV-000197,BEN-00142,COHORT-SC-002,2026-06-26,Cynthia Owino,Verified,-4.12009,39.7311,Ad veniam magnam vitae dolor explicabo amet libero sunt.,
FV-000198,BEN-00142,COHORT-SC-002,2026-05-30,Raphael Kamau,Verified,-3.98499,39.66399,Enim ab autem consequatur eaque facilis illo aliquid amet.,False
FV-000199,BEN-00144,COHORT-SC-002,2026-07-04,David Mugo,Partially Verified,-3.95231,39.67234,Deserunt mollitia asperiores magnam quisquam eius voluptatibus perspiciatis blanditiis voluptate.,True
FV-000200,BEN-00144,COHORT-SC-002,2026-04-19,Boniface Waweru,Verified,-4.07381,39.718,Fuga voluptates nam facilis corporis nobis illo aliquam.,
FV-000201,BEN-00146,COHORT-SC-002,2026-05-11,Queen Nyambura,partial,-3.9541,39.71272,Consequatur ex labore itaque non.,True
FV-000202,BEN-00148,COHORT-SC-002,2026-06-10,David Maina,Verified,-3.96692,39.66327,Consequuntur ut et hic nulla sapiente nisi magni magni laudantium.,True
FV-000203,BEN-00148,COHORT-SC-002,2026-05-10,Seun Kariuki,Verified,-3.97015,39.76793,Error repellendus fuga perferendis voluptatem nesciunt reiciendis quas porro ad.,
FV-000204,BEN-00148,COHORT-SC-002,2026-05-15,Raphael Kiprotich,Verified,-4.10589,39.66443,Eaque omnis voluptas neque dolorem amet laboriosam minima quam.,False
FV-000205,BEN-00150,COHORT-SC-002,05/06/2026,Grace Omondi,Referred,-4.02372,39.75965,Corporis perspiciatis adipisci veniam beatae accusantium et corrupti.,True
FV-000206,BEN-00150,COHORT-SC-002,2026-08-07,Priscilla Mutinda,Verified,-3.96839,39.58118,Illum quod ullam sit quasi aperiam.,True
FV-000207,BEN-00150,COHORT-SC-002,2026-04-23,Priscilla Omondi,No Contact,-4.06373,39.69288,Maxime natus voluptatum laboriosam fugiat vero.,
FV-000208,BEN-00151,COHORT-SC-002,2026-06-04,Brian Kimani,verified,-3.94343,39.60971,Totam exercitationem explicabo quo quam officia possimus nostrum deleniti.,True
FV-000209,BEN-00151,COHORT-SC-002,06/06/2026,Francis Rotich,Verified,-4.11173,39.75902,Eius error velit voluptatem quo provident porro.,True
FV-000210,BEN-00151,COHORT-SC-002,2026-05-05,Joseph Chebet,Verified,-4.01901,39.75844,Et expedita ut recusandae earum commodi perspiciatis fugit voluptatem.,True
FV-000211,BEN-00152,COHORT-SC-002,2026-03-22,Irene Odongo,Verified,-4.10927,39.73748,Veritatis rem enim enim quae expedita ipsam ducimus.,True
FV-000212,BEN-00153,COHORT-SC-002,2026-05-04,Eunice Omondi,Verified,-3.99399,39.70732,Distinctio repudiandae earum natus earum autem qui dolores amet.,True
FV-000213,BEN-00154,COHORT-SC-002,2026-06-03,Stephen Mutua,Verified,-4.03109,39.63419,Dolorem doloremque aut ex iusto perspiciatis consequuntur vitae voluptate culpa.,
FV-000214,BEN-00155,COHORT-SC-002,2026-05-23,Kendi Simiyu,Verified,-4.03001,39.5994,Labore dicta vitae eum officia tenetur at nemo modi.,
FV-000215,BEN-00156,COHORT-SC-002,2026-06-14,Irene Kimani,No Contact,-3.97216,39.69342,Totam cupiditate sunt cupiditate ullam.,True
FV-000216,BEN-00156,COHORT-SC-002,2026-07-15,Gladys Wangari,Verified,-3.95407,39.65138,Ratione delectus quibusdam sit enim alias error nobis.,
FV-000217,BEN-00157,COHORT-SC-002,2026-07-02,Lilian Kiprotich,partial,-4.04589,39.69835,Eligendi voluptatibus molestiae laudantium vel sed iusto deserunt.,False
FV-000218,BEN-00158,COHORT-SC-002,2026-06-25,Lilian Nyambura,Verified,-4.02404,39.63245,Ex quasi officia quaerat accusamus.,False
FV-000219,BEN-00158,COHORT-SC-002,2026-03-18,Hassan Chebet,no contact,-4.05446,39.75078,Ratione necessitatibus quidem cupiditate sequi tempore repudiandae maiores.,
FV-000220,BEN-00158,COHORT-SC-002,2026-07-08,Esther Owino,Partially Verified,-4.04525,39.57789,Id atque voluptatem labore vel.,
FV-000221,BEN-00159,COHORT-SC-002,2026-07-04,Cynthia Adhiambo,No Contact,-4.10644,39.70369,Ea doloremque quidem veritatis.,True
FV-000222,BEN-00159,COHORT-SC-002,2026-04-10,Amina Kiplagat,Verified,-3.94565,39.74763,Nesciunt nemo ea facere dolores pariatur iure.,True
FV-000223,BEN-00161,COHORT-SC-002,2026-06-09,Rose Achieng,Partially Verified,-4.11489,39.69623,Illo magnam tempora provident est blanditiis.,True
FV-000224,BEN-00162,COHORT-SC-002,2026-06-15,Kezia Auma,Verified,-3.99862,39.68134,Facilis dolore vero laboriosam iste voluptates fuga.,True
FV-000225,BEN-00163,COHORT-SC-002,2026-07-12,Caroline Musyoka,verified,-3.98158,39.6865,Totam quidem reiciendis repudiandae quis perspiciatis nisi ratione minima minus.,False
FV-000226,BEN-00164,COHORT-SC-002,2026-07-03,Maurice Kiprotich,No Contact,-4.13502,39.58811,Aspernatur natus aperiam molestias magnam nemo corrupti eveniet.,
FV-000227,BEN-00164,COHORT-SC-002,2026-07-18,Brian Kiprotich,Verified,-3.94708,39.73104,Ipsam perspiciatis quaerat laborum tempore ipsum animi consequatur impedit natus.,
FV-000228,BEN-00164,COHORT-SC-002,2026-05-06,Zipporah Chebet,Referred,-4.00276,39.61576,Iure rem quam id repellendus quia neque aliquid exercitationem aperiam.,False
FV-000229,BEN-00165,COHORT-SC-002,16/03/2026,Amina Ndung'u,Verified,-4.10691,39.75411,Vel architecto ut adipisci illum.,
FV-000230,BEN-00165,COHORT-SC-002,2026-04-29,Grace Njenga,verified,-4.0295,39.65122,Quisquam voluptatem officia in voluptatibus fugit.,True
FV-000231,BEN-00166,COHORT-SC-002,2026-05-13,Joseph Odongo,Verified,-3.96698,39.62537,Fugiat placeat optio molestiae officiis expedita debitis modi.,True
FV-000232,BEN-00166,COHORT-SC-002,16/06/2026,James Achieng,verified,-4.14163,39.75361,Consectetur voluptatem rerum quidem voluptatem iure quaerat incidunt fugit dolorem.,True
FV-000233,BEN-00166,COHORT-SC-002,2026-08-08,Irene Awino,Verified,-4.08316,39.56861,Expedita eius vel quam beatae repellat in quisquam sunt.,True
FV-000234,BEN-00167,COHORT-SC-002,2026-06-10,Dennis Onyango,Verified,-4.1158,39.57271,Dolores architecto nisi ipsum.,False
FV-000235,BEN-00168,COHORT-SC-002,2026-05-13,Priscilla Nyambura,Verified,-4.01541,39.60663,Doloribus aliquid ipsa molestiae quidem.,
FV-000236,BEN-00168,COHORT-SC-002,2026-08-17,Irene Wanjiku,Verified,-4.0847,39.74892,Consequuntur voluptatibus doloremque totam nemo.,
FV-000237,BEN-00168,COHORT-SC-002,2026-07-06,Queen Auma,Referred,-4.13416,39.57657,Nisi perferendis eum error corporis optio dolore error aperiam veniam.,
FV-000238,BEN-00169,COHORT-SC-002,2026-03-07,Joseph Onyango,Verified,-4.02749,39.71925,Numquam incidunt libero voluptas velit perferendis.,True
FV-000239,BEN-00170,COHORT-SC-002,2026-04-26,Wanjiku Musyoka,Verified,-3.98152,39.68078,Eum impedit corrupti fugiat quidem labore sed error provident rem.,False
FV-000240,BEN-00170,COHORT-SC-002,2026-02-23,Irene Waweru,Verified,-4.07208,39.61514,Natus voluptas nam consequatur doloribus.,True
FV-000241,BEN-00170,COHORT-SC-002,2026-02-22,Tabitha Mutua,Partially Verified,-4.0535,39.62356,Ex aspernatur ipsum fuga modi repudiandae.,
FV-000242,BEN-00171,COHORT-SC-002,2026-03-03,David Ndung'u,Referred,-4.05859,39.65973,Eaque perferendis nobis sit deleniti.,False
FV-000243,BEN-00171,COHORT-SC-002,2026-08-10,Amina Chebet,No Contact,-4.05464,39.61037,Quam nam laboriosam sit ex vero accusamus vel vitae blanditiis.,True
FV-000244,BEN-00171,COHORT-SC-002,2026-07-19,Raphael Wangari,Partially Verified,-3.96005,39.58129,Totam possimus provident id dolores eum eligendi iure officiis.,True
FV-000245,BEN-00173,COHORT-SC-002,2026-06-29,Gladys Owino,Verified,-4.01601,39.69763,Ea maiores libero atque voluptatem iusto saepe.,True
FV-000246,BEN-00173,COHORT-SC-002,2026-04-08,Priscilla Njoroge,Verified,-4.00025,39.70475,Fuga impedit natus dolore corporis ea.,False
FV-000247,BEN-00175,COHORT-SC-002,2026-03-14,Stephen Omondi,Verified,-4.0793,39.74801,Neque impedit corrupti ex fugit rerum libero omnis placeat ducimus.,False
FV-000248,BEN-00176,COHORT-SC-002,2026-07-15,David Omondi,Verified,-4.14086,39.73251,Vitae odit laudantium cumque recusandae cumque quam laborum totam.,
FV-000249,BEN-00176,COHORT-SC-002,2026-06-27,Brian Mugo,Verified,-4.02161,39.7065,Voluptatibus vero minima saepe asperiores repellendus aliquid ab consequuntur occaecati.,False
FV-000250,BEN-00177,COHORT-SC-002,2026-05-10,Amina Mugo,Partially Verified,-3.98348,39.72217,Provident ab magni fuga nulla.,False
FV-000251,BEN-00177,COHORT-SC-002,2026-05-17,Wanjiku Ndung'u,Referred,-4.07257,39.71279,Totam omnis accusamus minus illum accusantium quam modi enim magnam praesentium.,
FV-000252,BEN-00178,COHORT-SC-002,2026-04-03,Leonard Chebet,Referred,-3.98513,39.62737,Rem tenetur autem atque corrupti deleniti minima repellendus eaque.,False
FV-000253,BEN-00179,COHORT-SC-002,2026-06-03,Lilian Were,Verified,-4.11163,39.60204,Aspernatur vero itaque doloribus possimus error repudiandae aspernatur.,True
FV-000254,BEN-00179,COHORT-SC-002,2026-06-18,Leonard Awino,Verified,-4.10118,39.5915,Atque fugit mollitia animi ab.,
FV-000255,BEN-00180,COHORT-SC-002,19/07/2026,Amina Gichuki,Verified,-3.9869,39.65947,Assumenda sapiente officia ex voluptate voluptate.,False
FV-000256,BEN-00180,COHORT-SC-002,2026-06-24,Patrick Kimani,verified,-4.14296,39.58708,Ullam dolorem temporibus porro necessitatibus earum unde placeat eligendi molestiae.,False
FV-000257,BEN-00181,COHORT-SC-002,2026-03-02,Boniface Mwangi,Verified,-4.05378,39.74879,Debitis sed accusamus dignissimos corporis.,
FV-000258,BEN-00182,COHORT-SC-002,2026-08-12,Irene Auma,No Contact,,39.74297,Ut error natus necessitatibus sed perspiciatis molestiae fugit.,
FV-000259,BEN-00182,COHORT-SC-002,2026-08-05,Tabitha Adhiambo,Verified,-4.10815,39.68263,Ratione porro aspernatur quia exercitationem atque.,False
FV-000260,BEN-00183,COHORT-SC-002,24/03/2026,Grace Chebet,Verified,-4.01553,39.68335,Saepe excepturi quisquam veritatis id quo adipisci.,True
FV-000261,BEN-00183,COHORT-SC-002,08/04/2026,David Mugo,No Contact,-3.98352,39.69083,Quos iste dolorem mollitia fugiat delectus nesciunt.,False
FV-000262,BEN-00184,COHORT-SC-002,2026-05-10,Uchenna Kariuki,Verified,-3.98944,39.60136,Assumenda nulla reiciendis quae aspernatur culpa quae odio.,False
FV-000263,BEN-00185,COHORT-SC-002,2026-06-27,Violet Kiprotich,Verified,-4.02346,39.72563,Et autem a est facere earum consequatur deleniti.,
FV-000264,BEN-00186,COHORT-SC-002,2026-05-18,Priscilla Simiyu,Verified,-4.08882,39.7597,Nam maiores aut at mollitia nisi quos sint accusamus.,True
FV-000265,BEN-00186,COHORT-SC-002,2026-04-29,Dennis Ndung'u,Verified,-4.09459,39.58504,Harum assumenda temporibus temporibus voluptatem nemo cumque fugit.,
FV-000266,BEN-00187,COHORT-SC-002,2026-08-01,Boniface Njoroge,No Contact,-4.07913,39.60051,Eaque eaque corporis cumque eius error.,False
FV-000267,BEN-00187,COHORT-SC-002,2026-05-18,Xavier Githinji,Verified,-4.03248,39.62058,Facere velit quam libero nulla.,
FV-000268,BEN-00188,COHORT-SC-002,2026-07-09,Grace Wangari,Partially Verified,-4.01527,39.72543,Autem esse veniam ex nulla rem eveniet ex repellendus.,True
FV-000269,BEN-00189,COHORT-SC-002,2026-07-19,Quinton Maina,Referred,-4.02843,39.70247,Consequatur eum veniam dicta et vitae voluptas eos possimus laudantium.,False
FV-000270,BEN-00191,COHORT-SC-002,12/04/2026,Violet Auma,Verified,,39.69527,Quos eveniet eligendi ratione facilis ut dicta voluptatum debitis quisquam.,True
FV-000271,BEN-00192,COHORT-SC-002,2026-06-12,Patrick Odongo,Verified,-4.0375,39.6362,Veritatis iure provident ipsa eos.,True
FV-000272,BEN-00193,COHORT-SC-002,2026-07-02,Seun Adhiambo,Partially Verified,-3.9641,39.66964,Reprehenderit recusandae illum libero odio.,False
FV-000273,BEN-00194,COHORT-SC-002,2026-03-08,Esther Owino,Verified,-4.01789,39.66478,Dolorum culpa incidunt fugiat ipsum nisi neque.,
FV-000274,BEN-00197,COHORT-SC-002,2026-05-21,Kendi Kariuki,Verified,-4.13995,39.58926,Magni ullam porro molestiae ratione facere tempora modi odit assumenda.,
FV-000275,BEN-00198,COHORT-SC-002,2026-06-09,Quinton Achieng,Verified,-4.07422,39.63567,Omnis explicabo officia aliquid voluptates perspiciatis id.,False
FV-000276,BEN-00198,COHORT-SC-002,2026-06-04,Caroline Omondi,No Contact,-4.07091,39.58104,Vitae inventore ab ea magni maxime neque nemo.,True
FV-000277,BEN-00199,COHORT-SC-002,2026-07-23,Esther Kiprotich,Verified,-3.9965,39.66241,Fugiat iure perspiciatis porro corrupti voluptatum laboriosam eos ullam.,True
FV-000278,BEN-00200,COHORT-SC-002,2026-08-12,Nancy Kariuki,Verified,-4.09495,39.57835,Blanditiis velit consequuntur est iste.,True
FV-000279,BEN-00201,COHORT-SC-002,2026-06-03,Rose Njenga,No Contact,-4.01687,39.62564,Maxime expedita atque quam iste architecto.,
FV-000280,BEN-00202,COHORT-SC-002,2026-03-22,Lilian Wangari,No Contact,-3.98598,39.68375,Repellat beatae sed officia perspiciatis.,
FV-000281,BEN-00203,COHORT-SC-002,2026-05-31,Raphael Kiplagat,No Contact,-4.0848,39.61777,Ut qui maiores mollitia ex incidunt.,True
FV-000282,BEN-00203,COHORT-SC-002,2026-05-27,Kendi Mutua,Verified,-4.12781,39.68272,Doloremque illo delectus odit inventore adipisci nostrum deserunt nihil.,True
FV-000283,BEN-00204,COHORT-SC-002,2026-05-21,Kendi Njoroge,Verified,-4.10138,39.73283,A dolor eius provident recusandae neque reiciendis modi.,True
FV-000284,BEN-00204,COHORT-SC-002,2026-02-27,Kezia Njoroge,Verified,-3.9469,39.62768,Eveniet itaque ea similique minus odit nisi nostrum.,False
FV-000285,BEN-00206,COHORT-SC-002,2026-03-31,Queen Kiplagat,No Contact,-3.97187,39.69405,Beatae explicabo itaque cupiditate perferendis reiciendis ullam nihil perferendis est.,False
FV-000286,BEN-00206,COHORT-SC-002,2026-06-24,Felix Wangari,Referred,-4.06979,39.59608,Esse delectus possimus magni in consequuntur fugit.,False
FV-000287,BEN-00206,COHORT-SC-002,10/03/2026,Francis Mutua,Verified,-4.08139,39.64148,Laborum modi ullam ut cupiditate cumque.,False
FV-000288,BEN-00207,COHORT-SC-002,2026-05-28,Raphael Achieng,Verified,-4.05307,39.73478,Consequuntur et iste amet facere ab consequatur.,False
FV-000289,BEN-00208,COHORT-SC-002,2026-06-20,Seun Achieng,Partially Verified,-4.11369,39.76175,Vitae magnam libero placeat impedit saepe laborum assumenda.,False
FV-000290,BEN-00208,COHORT-SC-002,2026-07-20,Quinton Kariuki,Verified,-4.03388,39.64511,Recusandae dolore adipisci dolore enim.,False
FV-000291,BEN-00209,COHORT-SC-002,2026-07-12,Maurice Musyoka,Partially Verified,-4.08748,39.57522,Natus quo libero magni nemo eaque molestiae voluptatibus molestiae.,True
FV-000292,BEN-00209,COHORT-SC-002,29/04/2026,Dennis Onyango,Verified,-4.12031,39.65482,Quis ipsam dolor incidunt quasi.,False
FV-000293,BEN-00210,COHORT-SC-002,2026-04-16,Aisha Mutua,Verified,-4.03401,39.75466,Error voluptatum ipsum expedita repellendus ipsa voluptatibus.,False
FV-000294,BEN-00210,COHORT-SC-002,2026-05-12,Eunice Nyambura,Verified,-4.03291,39.6592,Distinctio qui porro similique nostrum incidunt nulla.,False
FV-000295,BEN-00210,COHORT-SC-002,2026-04-24,Queen Omondi,Partially Verified,-3.9606,39.73293,Repellendus rem necessitatibus minus nisi cumque.,True
FV-000296,BEN-00211,COHORT-SC-002,2026-08-19,Mary Omondi,Verified,,39.68988,Enim eaque similique voluptates perspiciatis atque vitae.,
FV-000297,BEN-00211,COHORT-SC-002,2026-06-10,Aisha Waweru,Verified,-4.05729,39.57093,Ullam voluptatibus sint consectetur sint dolorum quae repudiandae.,False
FV-000298,BEN-00212,COHORT-SC-002,02-Apr-2026,Zipporah Simiyu,no contact,-4.09598,39.73567,Laudantium neque eaque impedit iste odio sunt at.,False
FV-000299,BEN-00213,COHORT-SC-002,2026-04-21,Esther Kimani,Verified,-4.09707,39.6979,Quibusdam possimus soluta iste laborum neque sit sed at voluptas.,True
FV-000300,BEN-00215,COHORT-SC-002,30-Apr-2026,Zipporah Odongo,Verified,-4.07234,39.64135,Sed recusandae id voluptas repudiandae libero eum eligendi.,
FV-000301,BEN-00215,COHORT-SC-002,2026-05-24,Nicholas Simiyu,Verified,-4.05848,39.61951,Neque necessitatibus laborum exercitationem placeat aliquid aut quos itaque commodi.,
FV-000302,BEN-00216,COHORT-SC-002,02/03/2026,James Achieng,Verified,-3.98429,39.65326,Ipsam a vero dicta porro consequatur.,
FV-000303,BEN-00218,COHORT-SC-002,2026-04-02,Felix Mutinda,partial,-4.11871,39.67561,Culpa ut earum omnis dolorum fuga temporibus.,True
FV-000304,BEN-00219,COHORT-SC-002,2026-08-10,Seun Mwangi,Verified,-4.11794,39.74605,Amet numquam quas quidem inventore at.,
FV-000305,BEN-00220,COHORT-SC-002,2026-05-20,Stephen Mwangi,Verified,-4.12807,39.58639,A labore consequatur dolorem perspiciatis.,False
FV-000306,BEN-00222,COHORT-SC-002,06-Apr-2026,Wanjiku Kamau,Verified,-4.13694,39.74815,Ab exercitationem blanditiis similique.,False
FV-000307,BEN-00222,COHORT-SC-002,2026-08-10,Mary Awino,No Contact,-3.94662,39.67495,Labore dolorem at rem aut facilis.,False
FV-000308,BEN-00223,COHORT-SC-002,2026-05-08,Aisha Mutua,Verified,-3.97183,39.66735,Consequatur quo quidem consequatur voluptatibus consequuntur minus.,False
FV-000309,BEN-00224,COHORT-SC-002,2026-08-20,Uchenna Kariuki,Verified,,39.76108,Nostrum cum expedita distinctio.,False
FV-000310,BEN-00224,COHORT-SC-002,2026-05-08,Harrison Ochieng,Verified,-3.95645,39.61305,Ullam nulla ipsam dolor tempore consequuntur.,False
FV-000311,BEN-00225,COHORT-SC-002,2026-07-04,Priscilla Awino,Verified,-4.10505,39.74613,Nihil fugit vitae et consequuntur eius.,
FV-000312,BEN-00226,COHORT-SC-002,2026-06-10,Joseph Njenga,Verified,-3.98047,39.74153,Dolorum nobis quam eligendi velit.,False
FV-000313,BEN-00226,COHORT-SC-002,2026-03-31,Nancy Otieno,Partially Verified,-4.08668,39.71371,Sed omnis error maxime magni.,True
FV-000314,BEN-00226,COHORT-SC-002,2026-03-08,Brian Kariuki,Verified,-4.05863,39.63739,Eos amet tempore veritatis libero beatae libero nisi.,True
FV-000315,BEN-00227,COHORT-SC-002,23-Apr-2026,Kendi Onyango,Partially Verified,-4.07682,39.58295,Suscipit accusamus facere et harum saepe in molestias cupiditate iusto.,
FV-000316,BEN-00228,COHORT-SC-002,22-Jul-2026,Leonard Mutinda,Verified,-3.96185,39.71997,Accusantium architecto ea aliquam aperiam.,
FV-000317,BEN-00228,COHORT-SC-002,2026-03-19,Grace Mutua,Verified,-4.07257,39.6698,Magni occaecati magnam impedit praesentium assumenda modi nulla.,True
FV-000318,BEN-00228,COHORT-SC-002,2026-02-25,Harrison Waweru,Verified,-3.98805,39.67393,Assumenda aspernatur ullam voluptate culpa eveniet nesciunt.,True
FV-000319,BEN-00229,COHORT-SC-003,2026-07-17,Tabitha Musyoka,Verified,-0.3448,36.04041,Est ipsa veritatis dolores doloribus.,True
FV-000320,BEN-00231,COHORT-SC-003,2026-07-26,Quinton Nyambura,Verified,-0.39814,36.12332,Blanditiis nostrum animi pariatur omnis cupiditate accusamus consequatur accusamus.,
FV-000321,BEN-00231,COHORT-SC-003,2026-08-16,Quinton Kiprotich,Verified,-0.30408,36.14072,Veritatis minima quos quam cumque consectetur quos eaque suscipit.,
FV-000322,BEN-00232,COHORT-SC-003,2026-06-14,Olive Maina,Verified,-0.38103,36.15425,Ex inventore minima ea voluptate.,
FV-000323,BEN-00233,COHORT-SC-003,2026-04-06,David Musyoka,Verified,-0.31494,36.17144,Aspernatur iste facere libero necessitatibus facilis ducimus aut nemo quam dolorem.,
FV-000324,BEN-00234,COHORT-SC-003,2026-05-29,Lilian Mugo,Verified,-0.28535,36.1787,A similique accusamus aliquid facilis ullam debitis vero alias rem.,True
FV-000325,BEN-00234,COHORT-SC-003,2026-04-26,Harrison Musyoka,Verified,-0.31228,36.00719,Dolore dolorum totam eum repudiandae nemo blanditiis perferendis amet.,False
FV-000326,BEN-00235,COHORT-SC-003,2026-02-22,Tabitha Mwangi,Partially Verified,-0.2818,35.99072,Rem voluptatem veritatis architecto iure eligendi sapiente.,False
FV-000327,BEN-00235,COHORT-SC-003,2026-06-18,Kezia Njoroge,Partially Verified,-0.23021,36.09675,Assumenda itaque fuga eos quos qui doloribus fuga.,False
FV-000328,BEN-00235,COHORT-SC-003,2026-04-08,Felix Mwangi,Verified,-0.38858,36.04579,Voluptatum quod quasi molestias recusandae corrupti ut ad molestiae.,False
FV-000329,BEN-00237,COHORT-SC-003,2026-04-11,Seun Onyango,Verified,-0.23553,36.1364,Veritatis a omnis sed.,
FV-000330,BEN-00237,COHORT-SC-003,2026-08-10,Yvonne Waweru,Verified,-0.29098,36.10655,Aut minus dolores laudantium animi voluptatum quae.,
FV-000331,BEN-00238,COHORT-SC-003,2026-08-06,Priscilla Achieng,Verified,-0.39685,36.03252,Aliquam doloremque sapiente impedit tempora.,
FV-000332,BEN-00238,COHORT-SC-003,2026-02-28,Kendi Waweru,Verified,-0.22371,36.152,Voluptate assumenda atque consequatur reprehenderit asperiores necessitatibus ipsa vitae.,True
FV-000333,BEN-00239,COHORT-SC-003,2026-06-22,Dennis Onyango,Partially Verified,-0.27881,36.06819,Eos sed unde hic rerum eveniet iste.,
FV-000334,BEN-00240,COHORT-SC-003,2026-07-06,James Otieno,Verified,-0.33163,35.98262,Asperiores dicta quod nesciunt culpa cum iure.,
FV-000335,BEN-00240,COHORT-SC-003,2026-04-08,Esther Owino,no contact,-0.29286,36.09521,Blanditiis facere quo iste iure sequi at rem.,True
FV-000336,BEN-00240,COHORT-SC-003,2026-04-21,Uchenna Rotich,Partially Verified,-0.28357,36.10924,Repudiandae possimus aliquam saepe eveniet at dolorum.,
FV-000337,BEN-00241,COHORT-SC-003,2026-04-20,Patrick Kimani,Verified,-0.2717,36.08932,Id aliquid error reprehenderit cupiditate veritatis sequi nam.,
FV-000338,BEN-00241,COHORT-SC-003,2026-05-30,Stephen Mutinda,Partially Verified,-0.35131,36.01695,Dolorum iure rem consequuntur accusamus rerum voluptatem consectetur reprehenderit fuga.,True
FV-000339,BEN-00242,COHORT-SC-003,2026-06-03,David Kimani,Verified,-0.34183,36.11763,Vel assumenda nesciunt totam asperiores voluptatum deserunt officia repellat at sed.,
FV-000340,BEN-00243,COHORT-SC-003,2026-03-07,Zipporah Owino,Verified,-0.33907,35.98371,Commodi velit amet unde inventore quam libero fugit.,True
FV-000341,BEN-00244,COHORT-SC-003,2026-06-07,Queen Kiplagat,No Contact,-0.23787,36.05712,Cupiditate dolor deleniti eius sunt alias nulla doloribus eos.,True
FV-000342,BEN-00245,COHORT-SC-003,2026-04-13,Nicholas Mwangi,Verified,-0.36208,36.02171,Sunt laboriosam assumenda fugit in odit reiciendis dolorum.,
FV-000343,BEN-00246,COHORT-SC-003,2026-07-01,Irene Achieng,Verified,,36.17459,Recusandae voluptatibus quos facere molestias laborum totam magnam harum debitis.,
FV-000344,BEN-00248,COHORT-SC-003,2026-08-03,Amina Kiprotich,No Contact,-0.24253,36.16447,Nisi adipisci repellat eligendi repellat iusto facere nesciunt.,True
FV-000345,BEN-00248,COHORT-SC-003,2026-06-26,Queen Mwangi,no contact,-0.38531,36.15061,Voluptate aut omnis eaque repellendus totam animi.,True
FV-000346,BEN-00249,COHORT-SC-003,2026-07-01,Harrison Mugo,Verified,-0.30742,36.14592,Nemo voluptatem harum vel voluptatibus cupiditate dolores.,False
FV-000347,BEN-00249,COHORT-SC-003,08-May-2026,Nicholas Ndung'u,Partially Verified,-0.26011,36.15449,Rem possimus totam adipisci praesentium veniam natus natus.,True
FV-000348,BEN-00250,COHORT-SC-003,2026-03-23,Raphael Chebet,Verified,-0.26568,36.12387,Saepe repellat voluptas molestiae cupiditate alias.,
FV-000349,BEN-00251,COHORT-SC-003,2026-07-20,Mary Kiplagat,No Contact,-0.21772,36.10774,Doloremque dolor minima a ullam.,True
FV-000350,BEN-00252,COHORT-SC-003,2026-05-20,Boniface Kimani,Verified,-0.38467,36.04969,Rem exercitationem debitis rem sit animi.,False
FV-000351,BEN-00252,COHORT-SC-003,07/05/2026,Mary Mwangi,Verified,,36.08166,Nesciunt totam quo sed similique vero.,False
FV-000352,BEN-00253,COHORT-SC-003,2026-03-02,Seun Njenga,Verified,-0.3183,36.05812,Provident optio nesciunt excepturi eum voluptate quasi ipsa.,False
FV-000353,BEN-00253,COHORT-SC-003,2026-05-05,Francis Achieng,Referred,-0.37025,36.05901,Officiis cupiditate voluptas possimus ut ratione dolore nihil cupiditate.,True
FV-000354,BEN-00254,COHORT-SC-003,19/04/2026,Brian Ndung'u,verified,-0.3645,36.11116,Quasi eos debitis a praesentium nemo sed.,False
FV-000355,BEN-00254,COHORT-SC-003,2026-04-23,Maurice Njenga,verified,-0.34704,36.02634,Adipisci nobis ullam voluptas dolore natus vel consequuntur quia dolores.,True
FV-000356,BEN-00255,COHORT-SC-003,2026-02-28,Hassan Waweru,Verified,-0.20569,36.11593,Cumque suscipit at quae odit suscipit ipsum eaque.,False
FV-000357,BEN-00255,COHORT-SC-003,2026-07-08,Quinton Mutinda,Verified,-0.20749,36.14756,Possimus expedita ratione quam aliquid ipsa in.,
FV-000358,BEN-00256,COHORT-SC-003,2026-05-16,Leonard Mwangi,Verified,-0.34536,35.98632,Sunt laudantium fugiat molestias aut laboriosam.,False
FV-000359,BEN-00257,COHORT-SC-003,01-May-2026,Nancy Rotich,Verified,-0.30133,36.15015,Officiis porro cum asperiores sapiente eos eum veritatis asperiores cumque.,False
FV-000360,BEN-00257,COHORT-SC-003,2026-07-17,Mary Rotich,partial,-0.22902,36.15856,Cum asperiores velit voluptatem excepturi voluptates tempora provident.,
FV-000361,BEN-00258,COHORT-SC-003,2026-08-04,Maurice Mutua,Partially Verified,-0.29325,36.10871,Velit cumque suscipit culpa aut dignissimos deleniti possimus quam.,False
FV-000362,BEN-00259,COHORT-SC-003,2026-03-19,Caroline Achieng,Verified,-0.2546,36.15006,Eaque eligendi dolores amet nemo saepe corrupti facere incidunt eos.,
FV-000363,BEN-00259,COHORT-SC-003,2026-06-19,Tabitha Kiplagat,Verified,-0.24942,36.03943,Nobis dicta ad cupiditate eos aspernatur sapiente est id laudantium optio.,True
FV-000364,BEN-00261,COHORT-SC-003,2026-06-22,Wanjiku Githinji,Partially Verified,-0.38149,36.11593,Odit harum fuga fugit delectus.,False
FV-000365,BEN-00261,COHORT-SC-003,2026-05-12,Uchenna Nyambura,Verified,-0.34558,35.99329,Ea iure dolorem eaque aperiam.,False
FV-000366,BEN-00262,COHORT-SC-003,2026-04-12,Nicholas Gichuki,No Contact,-0.34723,36.08574,Assumenda exercitationem molestiae voluptas nihil.,False
FV-000367,BEN-00262,COHORT-SC-003,2026-04-18,James Onyango,Partially Verified,-0.34411,36.16153,Aperiam harum minima vitae porro vel nemo doloremque error hic.,
FV-000368,BEN-00263,COHORT-SC-003,2026-05-22,Stephen Wangari,Partially Verified,-0.30862,36.10081,Magnam tempore reiciendis perspiciatis nulla.,False
FV-000369,BEN-00263,COHORT-SC-003,2026-03-27,Queen Achieng,Referred,-0.21471,36.07508,Veniam ipsum veniam cumque distinctio deserunt.,
FV-000370,BEN-00263,COHORT-SC-003,2026-06-10,Owen Adhiambo,Partially Verified,-0.22862,36.1249,Incidunt voluptates ipsa voluptatum occaecati.,False
FV-000371,BEN-00264,COHORT-SC-003,11/04/2026,Patrick Mwangi,Verified,-0.33771,36.07231,Ducimus tenetur totam architecto harum id eveniet eius itaque sit.,
FV-000372,BEN-00264,COHORT-SC-003,2026-04-20,Owen Otieno,No Contact,-0.23044,36.14676,Nesciunt quos beatae corrupti necessitatibus nesciunt vitae aut autem quod ratione.,False
FV-000373,BEN-00266,COHORT-SC-003,2026-08-03,Yvonne Ndung'u,Verified,,35.98534,Sunt soluta eaque omnis nemo labore cupiditate illo nulla perspiciatis.,True
FV-000374,BEN-00266,COHORT-SC-003,2026-03-03,Uchenna Ochieng,Verified,-0.23894,36.0946,Aliquam suscipit ex dolores quia ullam tempore accusantium.,True
FV-000375,BEN-00267,COHORT-SC-003,2026-07-05,Harrison Onyango,Verified,-0.23454,36.01796,Est sapiente similique placeat voluptas dolorem error.,False
FV-000376,BEN-00267,COHORT-SC-003,2026-05-17,Rose Wanjiku,Verified,-0.23741,35.9825,Quo eum quas non at ipsam totam illum laborum.,False
FV-000377,BEN-00268,COHORT-SC-003,25-May-2026,Dennis Achieng,Verified,-0.38484,36.07445,Sint reprehenderit maiores culpa est magni consequatur sed sunt adipisci.,
FV-000378,BEN-00268,COHORT-SC-003,2026-03-09,Tabitha Waweru,No Contact,-0.27399,36.09901,Soluta dicta animi alias amet facere.,False
FV-000379,BEN-00269,COHORT-SC-003,2026-03-02,Joseph Otieno,Verified,-0.36815,36.13575,Earum reprehenderit magnam odio commodi adipisci.,False
FV-000380,BEN-00269,COHORT-SC-003,2026-05-25,Maurice Mugo,Partially Verified,-0.30731,36.06668,Laborum ipsum vero labore mollitia exercitationem saepe ea.,False
FV-000381,BEN-00271,COHORT-SC-003,2026-05-20,Xavier Kiplagat,Referred,,36.06658,Eligendi harum cum nemo vitae.,
FV-000382,BEN-00271,COHORT-SC-003,01/08/2026,Grace Waweru,No Contact,-0.34659,35.98465,Officia perspiciatis eaque illum accusantium quos quisquam.,
FV-000383,BEN-00272,COHORT-SC-003,2026-06-02,Eunice Kiplagat,Verified,-0.26022,36.15882,Labore consequatur cupiditate reiciendis.,False
FV-000384,BEN-00274,COHORT-SC-003,04/03/2026,Wanjiku Waweru,Partially Verified,-0.36533,36.06502,Dolorum rem esse vitae odit incidunt fugiat.,
FV-000385,BEN-00274,COHORT-SC-003,2026-06-10,Esther Onyango,Verified,-0.22491,36.02917,Itaque dolor error maxime numquam nesciunt ab voluptatum.,True
FV-000386,BEN-00275,COHORT-SC-003,2026-07-08,Patrick Achieng,Verified,-0.23967,36.12658,Natus nisi eligendi placeat laboriosam excepturi eius eveniet.,
FV-000387,BEN-00277,COHORT-SC-003,2026-08-02,Wanjiku Awino,Verified,-0.37334,36.15053,Ea quae tempora error corrupti quisquam tempore.,True
FV-000388,BEN-00277,COHORT-SC-003,08/06/2026,David Wangari,Partially Verified,-0.30871,36.15169,Illo eum consequuntur ad libero eos tenetur illo qui nesciunt.,True
FV-000389,BEN-00277,COHORT-SC-003,2026-08-20,Xavier Onyango,Verified,-0.22505,36.12698,Repellendus exercitationem quae placeat odit labore velit facere error cumque.,True
FV-000390,BEN-00278,COHORT-SC-003,2026-06-26,Mary Njoroge,Verified,-0.34772,36.00053,Debitis atque consectetur ea repellat quis delectus perspiciatis excepturi at.,
FV-000391,BEN-00280,COHORT-SC-003,2026-03-10,Seun Odongo,Verified,-0.27762,36.02365,Dolore sit in suscipit fuga nesciunt iure blanditiis.,False
FV-000392,BEN-00281,COHORT-SC-003,2026-03-04,Quinton Mwangi,Verified,-0.23825,36.13962,Sint nesciunt velit architecto suscipit.,True
FV-000393,BEN-00281,COHORT-SC-003,2026-03-25,Nicholas Owino,Partially Verified,-0.29013,36.16641,Blanditiis perspiciatis minus impedit sit corrupti voluptatibus exercitationem voluptates.,True
FV-000394,BEN-00282,COHORT-SC-003,2026-03-14,Queen Mutinda,Verified,-0.33474,36.09092,Corporis similique debitis aspernatur ex voluptates et animi iste.,False
FV-000395,BEN-00284,COHORT-SC-003,2026-06-23,Gladys Kiprotich,Verified,,36.02865,Quis cumque quisquam laudantium quis at.,True
FV-000396,BEN-00286,COHORT-SC-003,2026-04-13,Lilian Omondi,Verified,-0.23104,36.09272,Inventore inventore inventore labore a modi quas veniam tempora quidem minus.,
FV-000397,BEN-00286,COHORT-SC-003,2026-07-16,Maurice Chebet,Verified,-0.2929,35.99415,Perspiciatis occaecati dolorum possimus.,
FV-000398,BEN-00287,COHORT-SC-003,2026-03-26,Francis Wanjiku,Verified,-0.26263,35.99058,Est aut magnam esse aperiam aliquid veniam iste.,True
FV-000399,BEN-00287,COHORT-SC-003,2026-03-06,Amina Wangari,Verified,-0.29625,36.08255,Nisi excepturi suscipit voluptatum exercitationem temporibus facere deleniti veniam ullam.,True
FV-000400,BEN-00289,COHORT-SC-003,14-Aug-2026,Joseph Nyambura,Partially Verified,-0.31226,36.02833,Accusantium dolore voluptates distinctio accusantium magnam commodi quae.,True
FV-000401,BEN-00290,COHORT-SC-003,2026-04-28,Zipporah Mwangi,No Contact,-0.22745,36.00326,Fugiat odit quo numquam nisi.,False
FV-000402,BEN-00292,COHORT-SC-003,2026-07-13,Amina Owino,Verified,-0.3153,35.9882,Optio officiis accusantium porro impedit.,
FV-000403,BEN-00292,COHORT-SC-003,27/05/2026,Esther Musyoka,Verified,-0.34629,36.12403,Commodi dolorum praesentium dignissimos placeat ab in aut.,False
FV-000404,BEN-00292,COHORT-SC-003,2026-07-28,Tabitha Omondi,Partially Verified,-0.34508,36.02696,Earum non consequatur rerum autem quaerat blanditiis beatae autem dicta.,
FV-000405,BEN-00293,COHORT-SC-003,2026-07-20,Joseph Owino,Partially Verified,-0.23191,36.04779,Quod rerum voluptate facere illum cum.,True
FV-000406,BEN-00294,COHORT-SC-003,2026-06-04,James Kariuki,Partially Verified,-0.34903,35.98268,Libero dignissimos ut ex a perferendis tenetur saepe pariatur corrupti.,True
FV-000407,BEN-00295,COHORT-SC-003,2026-04-12,Caroline Awino,Verified,-0.21543,36.14601,Quod asperiores quam temporibus officia.,True
FV-000408,BEN-00296,COHORT-SC-003,2026-07-31,Dennis Onyango,Verified,-0.29579,36.00411,Voluptates eos iure aut cupiditate aliquam enim reiciendis est.,False
FV-000409,BEN-00296,COHORT-SC-003,2026-03-15,Yvonne Adhiambo,Verified,-0.39841,36.11522,Atque quidem aliquid sequi optio.,
FV-000410,BEN-00297,COHORT-SC-003,25/06/2026,Stephen Njoroge,No Contact,-0.3338,36.11157,Eveniet tempora veritatis eaque quasi fuga.,False
FV-000411,BEN-00297,COHORT-SC-003,2026-05-01,Raphael Musyoka,Verified,-0.22119,36.00707,Delectus id vitae earum harum sed reiciendis officiis.,True
FV-000412,BEN-00299,COHORT-SC-003,2026-08-10,Esther Waweru,Verified,-0.30402,36.04996,Beatae possimus animi velit cum impedit.,True
FV-000413,BEN-00299,COHORT-SC-003,2026-03-30,Owen Nyambura,No Contact,-0.33829,35.99261,Laboriosam necessitatibus ipsa nostrum quod nostrum similique sunt quas tempora.,
FV-000414,BEN-00300,COHORT-SC-003,2026-08-15,Cynthia Otieno,Verified,,36.15131,Ullam beatae illum aliquid ea et provident perspiciatis quisquam.,False
FV-000415,BEN-00302,COHORT-SC-003,2026-07-23,Seun Ochieng,Verified,-0.23596,36.07115,Quam dolore veritatis sit maxime porro nulla inventore quas laboriosam.,False
FV-000416,BEN-00303,COHORT-SC-003,2026-03-11,Uchenna Wanjiku,Verified,-0.26883,36.11258,Corrupti repudiandae tempora nostrum accusamus vel magni iusto.,False
FV-000417,BEN-00303,COHORT-SC-003,2026-04-04,Rose Maina,Partially Verified,-0.29287,36.04329,Sit asperiores laudantium dolores voluptas amet dolore officia illo.,True
FV-000418,BEN-00304,COHORT-SC-003,2026-05-27,Seun Ochieng,Verified,-0.34426,36.08072,Aspernatur ipsam nemo at libero et voluptatem.,True
FV-000419,BEN-00304,COHORT-SC-003,2026-07-12,Quinton Chebet,Verified,-0.25809,36.00736,Aut impedit nam a.,
FV-000420,BEN-00305,COHORT-SC-003,2026-06-20,Seun Chebet,no contact,-0.24859,36.09008,Recusandae vitae odit tempora natus.,False
FV-000421,BEN-00306,COHORT-SC-003,2026-03-02,Hassan Odongo,No Contact,-0.28335,36.03292,Veniam facilis amet dolore iste nam nulla labore omnis.,False
FV-000422,BEN-00306,COHORT-SC-003,2026-03-17,Esther Omondi,Verified,-0.2643,35.98935,Beatae quis dolore exercitationem rerum vitae eos minima praesentium.,True
FV-000423,BEN-00306,COHORT-SC-003,2026-04-10,Priscilla Wangari,Verified,-0.24167,36.10688,Tempore laudantium reprehenderit quia illum.,
FV-000424,BEN-00307,COHORT-SC-003,2026-08-08,Wanjiku Ochieng,Verified,-0.26939,36.1701,Nostrum deleniti ut hic itaque quos quaerat.,
FV-000425,BEN-00307,COHORT-SC-003,2026-07-25,Patrick Mutinda,Verified,-0.24538,36.13839,Quidem aliquid odio perferendis commodi.,
FV-000426,BEN-00308,COHORT-SC-003,2026-08-05,Stephen Mwangi,Referred,-0.38281,36.02581,Itaque nihil magnam vitae a quasi mollitia inventore nesciunt.,
FV-000427,BEN-00309,COHORT-SC-003,2026-05-28,Nicholas Owino,Verified,-0.30086,36.03457,Quos tenetur porro cupiditate repellendus aut omnis non eum sunt.,True
FV-000428,BEN-00309,COHORT-SC-003,21-Mar-2026,Mary Maina,No Contact,-0.24188,36.04215,Voluptatem totam quis earum vitae voluptas iste consequatur impedit.,
FV-000429,BEN-00310,COHORT-SC-003,28/02/2026,Wanjiku Kiprotich,verified,-0.26606,36.00132,Error praesentium similique quae vel odio dicta numquam enim exercitationem.,True
FV-000430,BEN-00310,COHORT-SC-003,2026-04-26,Quinton Ndung'u,Verified,-0.2555,36.17914,Voluptatem officiis vero magnam possimus eum.,True
FV-000431,BEN-00311,COHORT-SC-003,2026-07-09,Seun Kamau,Partially Verified,-0.2286,36.03777,Quis natus nesciunt velit quae.,False
FV-000432,BEN-00312,COHORT-SC-003,2026-06-29,Kendi Nyambura,Partially Verified,-0.2946,36.04568,Enim sed repellat minima ad corporis pariatur dicta quibusdam cum.,True
FV-000433,BEN-00312,COHORT-SC-003,2026-05-07,Lilian Kimani,Verified,-0.3247,36.12955,Placeat corporis aperiam quos dignissimos molestiae facere.,
FV-000434,BEN-00314,COHORT-SC-003,2026-07-05,Hassan Awino,Verified,-0.28903,36.02004,Aut sint qui sint quia natus dolores quos reiciendis.,
FV-000435,BEN-00315,COHORT-SC-003,2026-02-25,Kezia Simiyu,Verified,-0.38514,36.02624,Possimus aliquid fugit impedit ratione placeat vitae.,
FV-000436,BEN-00315,COHORT-SC-003,2026-07-05,Zipporah Kimani,Partially Verified,-0.31175,36.04698,Accusamus dolorum nulla quos sit.,True
FV-000437,BEN-00315,COHORT-SC-003,2026-02-27,Nicholas Rotich,Verified,-0.27034,36.09922,Tenetur provident officia quidem molestias nobis quod.,
FV-000438,BEN-00317,COHORT-SC-003,2026-05-17,Owen Omondi,No Contact,-0.21217,35.98399,Eos debitis placeat deleniti cupiditate maiores.,
FV-000439,BEN-00317,COHORT-SC-003,2026-07-04,Joseph Kariuki,Verified,-0.28187,36.09283,Aliquam eius eaque cum sapiente ab iure vel.,
FV-000440,BEN-00320,COHORT-SC-003,2026-08-16,Maurice Wanjiku,Verified,-0.2662,35.99841,Corrupti eum amet ut nulla.,False
FV-000441,BEN-00321,COHORT-SC-003,2026-07-11,Mary Nyambura,Verified,-0.31803,36.11095,Laudantium nemo facere quos et dolore delectus.,False
FV-000442,BEN-00321,COHORT-SC-003,2026-04-06,Eunice Simiyu,Referred,-0.34872,36.0372,Ratione cum molestiae illo expedita.,
FV-000443,BEN-00322,COHORT-SC-003,2026-06-06,Priscilla Githinji,Partially Verified,-0.21682,36.13171,Optio ex eos veniam nulla labore.,False
FV-000444,BEN-00323,COHORT-SC-003,2026-07-18,James Omondi,no contact,-0.36596,36.13645,Reprehenderit voluptatem ab pariatur ipsum temporibus nostrum numquam vero placeat.,True
FV-000445,BEN-00324,COHORT-SC-003,16-Mar-2026,Yvonne Mutua,No Contact,-0.37562,36.13215,Fugit recusandae beatae ducimus quam ad maxime quo.,True
FV-000446,BEN-00325,COHORT-SC-003,2026-07-12,Brian Kimani,Verified,-0.27715,36.01684,Rem ipsum aliquam tempore deserunt maiores veniam cumque vero modi.,
FV-000447,BEN-00326,COHORT-SC-003,20/05/2026,Zipporah Ochieng,No Contact,-0.26975,36.13748,Occaecati distinctio occaecati distinctio.,True
FV-000448,BEN-00327,COHORT-SC-003,2026-04-25,Grace Were,verified,-0.26279,36.00929,Saepe dignissimos repudiandae soluta qui ipsa repellendus asperiores placeat.,
FV-000449,BEN-00327,COHORT-SC-003,2026-07-16,Dennis Otieno,Verified,-0.2689,36.09981,Itaque ex assumenda amet recusandae.,True
FV-000450,BEN-00327,COHORT-SC-003,2026-06-08,David Kiprotich,verified,-0.39782,36.08626,Architecto reprehenderit tenetur illum iste illo et harum blanditiis ab.,False
FV-000451,BEN-00328,COHORT-SC-003,2026-06-28,James Ochieng,partial,-0.34241,36.07895,Aperiam quia aliquid sed facere magnam enim placeat non eligendi unde.,
FV-000452,BEN-00329,COHORT-SC-003,2026-04-05,Olive Auma,Verified,-0.30749,36.11549,Hic optio labore modi consequatur hic reiciendis molestias.,True
FV-000453,BEN-00330,COHORT-SC-003,2026-03-20,Lilian Kimani,Verified,-0.32322,36.10369,Error suscipit vitae sint officia vero.,False
FV-000454,BEN-00330,COHORT-SC-003,2026-08-11,Esther Ndung'u,no contact,-0.29329,36.00768,Mollitia nam commodi a.,True
FV-000455,BEN-00331,COHORT-SC-003,2026-07-03,Francis Owino,Verified,-0.37225,36.0986,Hic molestias assumenda distinctio qui quas distinctio temporibus sed consequuntur.,
FV-000456,BEN-00331,COHORT-SC-003,2026-05-28,Maurice Mutinda,Verified,-0.21851,36.17275,Dolore rerum deserunt delectus reiciendis sequi.,False
FV-000457,BEN-00332,COHORT-SC-003,2026-05-04,Gladys Kamau,Verified,-0.32658,36.17762,Itaque mollitia enim architecto atque quas laborum ex consectetur omnis.,False
FV-000458,BEN-00332,COHORT-SC-003,2026-08-02,Leonard Owino,Verified,-0.31484,36.12022,Eligendi architecto deserunt laborum eveniet.,
FV-000459,BEN-00333,COHORT-SC-003,2026-06-27,Eunice Wanjiku,Verified,-0.35951,36.07303,Possimus corrupti necessitatibus repellat vero cumque et.,
FV-000460,BEN-00334,COHORT-SC-003,2026-08-06,Brian Kimani,Verified,-0.35718,36.0059,Quae odit eius facere perspiciatis ex laboriosam.,
FV-000461,BEN-00335,COHORT-SC-003,2026-05-15,Xavier Kimani,No Contact,-0.30969,36.09987,Facere esse mollitia cupiditate non sapiente similique consequuntur molestiae.,True
FV-000462,BEN-00335,COHORT-SC-003,2026-02-27,Eunice Gichuki,Verified,-0.22159,36.0759,Quasi occaecati quas tempora sed occaecati repellat.,True
FV-000463,BEN-00336,COHORT-SC-003,2026-07-28,Felix Kariuki,Partially Verified,-0.24841,36.03413,Illo nihil temporibus mollitia molestiae voluptatum iusto quod facilis dolore.,
FV-000464,BEN-00337,COHORT-SC-003,2026-08-18,Priscilla Chebet,No Contact,-0.38305,36.09823,Quasi enim iure magni id magnam optio sed rem nostrum.,True
FV-000465,BEN-00338,COHORT-SC-007,2026-05-23,Rose Mugo,Referred,-0.18186,34.7445,Quidem consequuntur culpa necessitatibus natus sit.,True
FV-000466,BEN-00338,COHORT-SC-007,2026-08-06,Grace Kiplagat,Verified,-0.04713,34.78314,Quasi laboriosam facere dolor laborum aperiam.,False
FV-000467,BEN-00339,COHORT-SC-007,2026-08-13,Quinton Mutua,Verified,-0.16007,34.72669,Doloremque pariatur maxime recusandae harum ullam sunt aliquam.,True
FV-000468,BEN-00339,COHORT-SC-007,2026-06-03,Queen Simiyu,Referred,-0.01189,34.69527,Aut voluptas odio earum quia neque necessitatibus fugiat.,
FV-000469,BEN-00340,COHORT-SC-007,2026-07-26,Joseph Wanjiku,Verified,-0.03038,34.85117,Facilis officiis saepe maxime fugiat tenetur maiores explicabo.,
FV-000470,BEN-00341,COHORT-SC-007,2026-03-16,Irene Mugo,Verified,-0.02348,34.79448,Laborum laboriosam nobis magnam consequuntur cumque aspernatur officia.,False
FV-000471,BEN-00342,COHORT-SC-007,03/05/2026,Olive Chebet,Verified,-0.12222,34.68605,Corrupti culpa nobis repellendus optio impedit.,True
FV-000472,BEN-00344,COHORT-SC-007,2026-05-14,Violet Ndung'u,Verified,-0.04321,34.78141,Quam laboriosam laboriosam distinctio cum rerum ad aliquam.,False
FV-000473,BEN-00345,COHORT-SC-007,2026-04-23,Uchenna Simiyu,Verified,-0.03167,34.7857,Nihil consequatur maiores tempora corporis cumque ullam maxime illo voluptas.,True
FV-000474,BEN-00345,COHORT-SC-007,2026-08-10,David Nyambura,Verified,-0.14538,34.78686,Soluta quas reprehenderit veniam.,False
FV-000475,BEN-00346,COHORT-SC-007,2026-07-22,Aisha Ochieng,Verified,-0.13292,34.83329,Ipsum voluptatibus sint cupiditate rerum nobis.,True
FV-000476,BEN-00347,COHORT-SC-007,2026-04-12,Harrison Ochieng,Verified,-0.17344,34.68731,Reprehenderit delectus optio eaque quam exercitationem iste nihil dolorem harum.,False
FV-000477,BEN-00349,COHORT-SC-007,2026-05-18,Aisha Kamau,Verified,-0.16386,34.84974,Accusantium minima tenetur placeat repudiandae.,
FV-000478,BEN-00349,COHORT-SC-007,2026-03-30,Xavier Kiprotich,Verified,,34.73275,Atque labore nostrum aliquam quos magnam blanditiis laboriosam consectetur nobis.,
FV-000479,BEN-00349,COHORT-SC-007,2026-07-25,Queen Kamau,Partially Verified,-0.0649,34.75666,Tempore quod officiis minima.,True
FV-000480,BEN-00350,COHORT-SC-007,13/06/2026,Amina Simiyu,Verified,-0.01019,34.80247,Soluta possimus inventore vel laboriosam quisquam expedita rem.,False
FV-000481,BEN-00351,COHORT-SC-007,2026-07-13,Queen Odongo,Referred,-0.15324,34.83417,Atque consequatur labore doloremque similique eligendi soluta illum deleniti quae.,True
FV-000482,BEN-00352,COHORT-SC-007,2026-03-05,Eunice Waweru,Verified,,34.71842,Neque blanditiis ab omnis.,True
FV-000483,BEN-00352,COHORT-SC-007,2026-07-01,Maurice Adhiambo,Verified,-0.12334,34.69157,Illum autem incidunt nesciunt ea modi natus nostrum.,
FV-000484,BEN-00353,COHORT-SC-007,2026-06-19,Seun Simiyu,partial,-0.07045,34.78835,Quidem impedit quos laboriosam fuga mollitia ducimus esse.,False
FV-000485,BEN-00353,COHORT-SC-007,2026-05-19,Kendi Nyambura,Verified,-0.18779,34.76873,Quo id consequuntur sint blanditiis dolorem quos veniam.,True
FV-000486,BEN-00354,COHORT-SC-007,2026-03-12,Irene Mugo,Verified,-0.19261,34.73007,Dolor id excepturi mollitia possimus.,False
FV-000487,BEN-00355,COHORT-SC-007,2026-04-13,Zipporah Kamau,No Contact,-0.04667,34.84898,Cum vitae a at corporis.,True
FV-000488,BEN-00356,COHORT-SC-007,2026-06-24,Wanjiku Achieng,Verified,-0.10856,34.70888,Ipsa aperiam dolore aspernatur alias fugit voluptates nostrum maxime quae.,True
FV-000489,BEN-00356,COHORT-SC-007,2026-08-12,Patrick Otieno,Verified,-0.12061,34.72184,Animi quo cupiditate laudantium ab sed ut maxime deserunt quos.,True
FV-000490,BEN-00357,COHORT-SC-007,25-Jun-2026,Mary Awino,Verified,-0.03713,34.6894,Maiores doloremque cumque alias dolores a culpa voluptatum quod explicabo.,
FV-000491,BEN-00358,COHORT-SC-007,2026-06-11,Eunice Waweru,Partially Verified,-0.09072,34.86051,Illo dicta accusamus provident ullam mollitia quas nam.,
FV-000492,BEN-00358,COHORT-SC-007,2026-04-26,Leonard Otieno,Verified,-0.04398,34.8071,Expedita vitae eius non deserunt ut nemo ea illum autem.,False
FV-000493,BEN-00359,COHORT-SC-007,2026-08-10,Lilian Wangari,Verified,-0.18251,34.73647,Magnam excepturi blanditiis maiores ducimus.,False
FV-000494,BEN-00361,COHORT-SC-007,2026-08-08,Caroline Omondi,No Contact,-0.03662,34.70414,Repellat nemo possimus vitae natus quo quidem vero itaque itaque.,True
FV-000495,BEN-00362,COHORT-SC-007,2026-06-28,Irene Adhiambo,Verified,-0.17139,34.82637,Similique laboriosam ducimus fugit ratione dolore praesentium reiciendis impedit explicabo.,False
FV-000496,BEN-00363,COHORT-SC-007,2026-05-09,Patrick Kariuki,Verified,-0.08062,34.69208,Ab rerum dolorum at perferendis reprehenderit asperiores ut labore explicabo.,True
FV-000497,BEN-00364,COHORT-SC-007,31-Mar-2026,Harrison Maina,No Contact,-0.03182,34.7611,Eaque veniam placeat tenetur libero dicta quasi sit dignissimos dicta.,
FV-000498,BEN-00365,COHORT-SC-007,2026-04-28,Esther Chebet,No Contact,-0.15831,34.80879,Saepe explicabo quod blanditiis aspernatur veritatis laudantium.,False
FV-000499,BEN-00365,COHORT-SC-007,2026-06-20,Cynthia Githinji,Verified,-0.17854,34.68773,Quisquam molestiae aliquam laboriosam.,False
FV-000500,BEN-00366,COHORT-SC-007,2026-05-05,Maurice Mutinda,Partially Verified,-0.13153,34.67677,Et tempore sunt nemo eius delectus quisquam maiores id quibusdam consectetur.,True
FV-000501,BEN-00366,COHORT-SC-007,2026-06-13,Felix Wangari,Verified,-0.16281,34.67247,Reiciendis laboriosam molestiae magnam hic placeat cupiditate voluptate praesentium itaque.,True
FV-000502,BEN-00366,COHORT-SC-007,06-Mar-2026,Kezia Wangari,Verified,-0.15688,34.67174,Accusamus distinctio neque eveniet.,True
FV-000503,BEN-00367,COHORT-SC-007,2026-03-08,Grace Onyango,Partially Verified,-0.07766,34.80258,Similique deleniti ea earum vero exercitationem delectus incidunt in quibusdam facilis.,False
FV-000504,BEN-00367,COHORT-SC-007,2026-07-03,Harrison Nyambura,Verified,-0.02988,34.73466,Eius debitis consectetur nemo dolorem aut earum doloremque.,
FV-000505,BEN-00368,COHORT-SC-007,2026-07-13,Irene Kiprotich,Verified,-0.12214,34.86118,Sequi deserunt reiciendis qui labore ab in consequatur tempora.,False
FV-000506,BEN-00368,COHORT-SC-007,2026-05-31,Yvonne Onyango,verified,-0.02125,34.85773,Maxime quam quos error natus necessitatibus id porro animi repellendus labore.,
FV-000507,BEN-00368,COHORT-SC-007,2026-06-21,Harrison Njoroge,Partially Verified,-0.13892,34.77105,Atque quia ea facere nam repellat exercitationem illum expedita perspiciatis non.,True
FV-000508,BEN-00369,COHORT-SC-007,2026-04-16,Francis Awino,Verified,-0.13189,34.74893,Nemo officiis cupiditate quos explicabo perferendis laborum qui suscipit fugit.,True
FV-000509,BEN-00370,COHORT-SC-007,2026-08-02,Lilian Kariuki,Verified,-0.14043,34.68733,Iure vero sit odit unde in nostrum.,
FV-000510,BEN-00370,COHORT-SC-007,2026-06-22,Mary Otieno,No Contact,,34.81593,Sed architecto cum dolorem et eos eaque officia.,False
FV-000511,BEN-00371,COHORT-SC-007,2026-05-28,Priscilla Mutinda,Partially Verified,-0.14907,34.69273,Suscipit quos vel quibusdam maxime ipsum cumque.,
FV-000512,BEN-00372,COHORT-SC-007,2026-08-01,Zipporah Kimani,Verified,-0.09059,34.76795,Commodi doloremque dolorum quia.,True
FV-000513,BEN-00372,COHORT-SC-007,2026-04-16,Amina Mwangi,Verified,-0.19624,34.75827,Distinctio id atque vel labore.,
FV-000514,BEN-00372,COHORT-SC-007,2026-03-03,Eunice Adhiambo,No Contact,-0.02767,34.7073,Ad id quisquam assumenda ea.,
FV-000515,BEN-00373,COHORT-SC-007,2026-02-22,Brian Owino,Verified,-0.10957,34.73019,Assumenda ut harum dolorem qui ipsam.,True
FV-000516,BEN-00375,COHORT-SC-007,2026-03-04,Nicholas Mugo,Verified,-0.10538,34.79782,Consectetur saepe adipisci optio similique eveniet.,
FV-000517,BEN-00378,COHORT-SC-007,2026-04-02,Leonard Mugo,Verified,-0.13174,34.81183,Iusto sit vel molestias consequatur veniam molestiae nihil itaque.,True
FV-000518,BEN-00379,COHORT-SC-007,2026-03-10,Lilian Nyambura,Partially Verified,-0.17066,34.74211,Ipsa odit modi tenetur laboriosam dolorem at est impedit culpa.,True
FV-000519,BEN-00379,COHORT-SC-007,2026-06-19,Aisha Njoroge,Verified,-0.14473,34.84031,A repellendus sed exercitationem.,True
FV-000520,BEN-00380,COHORT-SC-007,2026-06-21,Rose Ndung'u,Verified,-0.08357,34.66836,Modi porro laudantium quidem error quisquam reiciendis nisi reiciendis.,False
FV-000521,BEN-00381,COHORT-SC-007,2026-05-16,Nancy Njenga,Verified,-0.11862,34.81542,Fugiat illum natus hic cum qui harum fugiat ea in.,False
FV-000522,BEN-00381,COHORT-SC-007,2026-08-06,Felix Odongo,Verified,-0.18278,34.76192,Maxime reiciendis nostrum possimus earum officiis minus.,
FV-000523,BEN-00381,COHORT-SC-007,2026-07-17,Irene Awino,Verified,-0.19216,34.83739,Impedit sequi delectus enim odio nulla earum.,
FV-000524,BEN-00382,COHORT-SC-007,2026-06-13,Eunice Wanjiku,Verified,-0.00406,34.7498,Laudantium eum corrupti voluptas ad voluptas eligendi commodi ipsa ab at.,
FV-000525,BEN-00383,COHORT-SC-007,2026-07-16,Aisha Rotich,no contact,-0.06295,34.7288,Laudantium exercitationem est reiciendis.,False
FV-000526,BEN-00385,COHORT-SC-007,2026-05-13,Hassan Njenga,Verified,-0.19456,34.81067,Iure recusandae ex sapiente veritatis animi quod architecto.,False
FV-000527,BEN-00385,COHORT-SC-007,2026-03-30,Stephen Kimani,Verified,-0.10865,34.83813,Delectus tempore dolorum fugit accusamus voluptate quaerat harum voluptate.,
FV-000528,BEN-00385,COHORT-SC-007,2026-06-25,Leonard Njenga,Partially Verified,-0.17472,34.67612,Qui alias itaque quo maxime voluptatem labore.,
FV-000529,BEN-00386,COHORT-SC-007,19/03/2026,Boniface Mutua,Verified,-0.1266,34.76981,Vel culpa quas quia mollitia commodi laboriosam.,False
FV-000530,BEN-00386,COHORT-SC-007,2026-03-30,David Achieng,Verified,-0.15415,34.75034,Dicta suscipit sint dolor beatae odio eveniet.,True
FV-000531,BEN-00387,COHORT-SC-007,2026-03-11,Yvonne Kariuki,Verified,-0.03226,34.76248,Recusandae nesciunt id doloribus voluptas neque.,True
FV-000532,BEN-00387,COHORT-SC-007,19/04/2026,Leonard Njoroge,Verified,-0.03894,34.8167,Porro culpa quo dolorum libero placeat excepturi voluptas quis.,False
FV-000533,BEN-00387,COHORT-SC-007,08-Aug-2026,Dennis Owino,No Contact,-0.06081,34.78079,Animi officia praesentium recusandae commodi.,False
FV-000534,BEN-00389,COHORT-SC-007,2026-07-23,Leonard Kiplagat,Verified,-0.05008,34.67876,Et nam officia expedita tempora quasi accusantium.,True
FV-000535,BEN-00389,COHORT-SC-007,2026-08-15,Raphael Wanjiku,verified,-0.19375,34.8126,Facere consequatur tempore laborum ipsa eos possimus deleniti.,False
FV-000536,BEN-00390,COHORT-SC-007,2026-03-12,Uchenna Were,Verified,-0.18855,34.75572,Molestiae eum iusto sint nisi similique.,True
FV-000537,BEN-00391,COHORT-SC-007,2026-03-22,Maurice Were,Verified,-0.11367,34.70588,Architecto culpa eos ea facilis a.,False
FV-000538,BEN-00391,COHORT-SC-007,2026-03-31,Nicholas Onyango,Partially Verified,-0.05438,34.7837,Fugiat delectus accusantium sequi quod dolores quam omnis molestiae.,True
FV-000539,BEN-00392,COHORT-SC-007,25/04/2026,Irene Kariuki,Verified,-0.12747,34.71114,Deleniti placeat quisquam culpa eligendi illum eum atque.,
FV-000540,BEN-00394,COHORT-SC-007,2026-02-24,Queen Kamau,partial,-0.17243,34.6947,Aliquam vel debitis adipisci autem.,
FV-000541,BEN-00394,COHORT-SC-007,2026-04-01,Eunice Wanjiku,Verified,-0.09909,34.80502,Atque necessitatibus saepe omnis minima praesentium.,True
FV-000542,BEN-00395,COHORT-SC-007,01/06/2026,Olive Kimani,Partially Verified,-0.08731,34.69969,Aliquid dolore quaerat accusamus ullam omnis unde.,True
FV-000543,BEN-00395,COHORT-SC-007,2026-07-08,Mary Njoroge,Verified,-0.06953,34.80142,Iusto odit facere quia tempora.,
FV-000544,BEN-00397,COHORT-SC-007,2026-08-24,Irene Kiplagat,no contact,-0.17955,34.69283,Recusandae animi nulla minus quasi rerum aspernatur dolor.,True
FV-000545,BEN-00397,COHORT-SC-007,2026-05-17,Owen Odongo,No Contact,-0.12889,34.74172,Atque quam minus deleniti minima dolorum numquam debitis quibusdam impedit.,
FV-000546,BEN-00398,COHORT-SC-007,2026-03-20,Hassan Odongo,Verified,-0.07977,34.73842,Quisquam nemo perferendis praesentium incidunt.,False
FV-000547,BEN-00398,COHORT-SC-007,2026-06-19,Kezia Maina,Referred,-0.1263,34.75285,Cumque debitis illo excepturi culpa.,False
FV-000548,BEN-00399,COHORT-SC-007,2026-03-29,Violet Kiplagat,Verified,-0.08479,34.70257,Ipsam explicabo et voluptatibus eveniet fuga quisquam inventore quas non.,False
FV-000549,BEN-00399,COHORT-SC-007,2026-07-21,Cynthia Kamau,Verified,-0.08719,34.81864,Molestias fugiat mollitia quia facere iste vero a alias eligendi.,False
FV-000550,BEN-00400,COHORT-SC-007,2026-07-22,Lilian Auma,Verified,-0.08298,34.79488,Maxime voluptatibus error error.,False
FV-000551,BEN-00402,COHORT-SC-007,2026-05-20,Leonard Odongo,Verified,-0.1287,34.70885,Dolor et quo velit reprehenderit ullam maiores.,
FV-000552,BEN-00403,COHORT-SC-007,2026-04-11,Nicholas Mwangi,verified,-0.04347,34.77033,Unde culpa alias explicabo consequuntur facilis neque doloremque repellat at.,
FV-000553,BEN-00403,COHORT-SC-007,2026-03-18,Gladys Kiplagat,Verified,-0.04583,34.78532,Necessitatibus dolor aspernatur eveniet laboriosam laborum tempore praesentium.,False
FV-000554,BEN-00404,COHORT-SC-007,2026-02-28,Esther Githinji,Verified,-0.01391,34.66769,Nisi error quasi nemo aspernatur.,
FV-000555,BEN-00404,COHORT-SC-007,2026-05-04,Cynthia Were,Verified,-0.05686,34.73981,Ullam ex sunt ipsa ut.,True
FV-000556,BEN-00405,COHORT-SC-007,2026-04-30,Nancy Musyoka,No Contact,-0.10625,34.7409,Sit dolorem officiis nobis accusamus quod.,False
FV-000557,BEN-00407,COHORT-SC-007,2026-07-02,Nancy Adhiambo,Partially Verified,-0.16123,34.66976,Amet minima eum natus eveniet possimus corrupti perferendis.,False
FV-000558,BEN-00407,COHORT-SC-007,2026-08-05,Eunice Githinji,Partially Verified,-0.19299,34.696,Voluptas quidem nemo at inventore ratione corporis excepturi.,False
FV-000559,BEN-00408,COHORT-SC-007,2026-06-03,Nicholas Musyoka,no contact,-0.03081,34.80367,Nemo aliquid id assumenda magnam quo consectetur consequatur nam.,False
FV-000560,BEN-00408,COHORT-SC-007,2026-07-21,Seun Wanjiku,Partially Verified,-0.18438,34.68193,Hic necessitatibus natus voluptatum minima doloribus eaque inventore placeat.,True
FV-000561,BEN-00408,COHORT-SC-007,2026-02-28,Cynthia Were,Verified,-0.19999,34.6652,At perferendis incidunt expedita eum nisi ad esse voluptates nulla.,False
FV-000562,BEN-00409,COHORT-SC-007,2026-05-24,Leonard Wanjiku,Verified,-0.07732,34.6627,Numquam ipsam unde doloremque placeat culpa quas assumenda qui.,True
FV-000563,BEN-00410,COHORT-SC-007,2026-05-08,Irene Otieno,Verified,-0.17335,34.70326,Veniam unde sit reprehenderit accusamus possimus beatae.,
FV-000564,BEN-00411,COHORT-SC-007,2026-06-28,Felix Wanjiku,Verified,-0.13785,34.71333,Iusto ex qui distinctio molestias quibusdam molestias numquam voluptatibus.,True
FV-000565,BEN-00411,COHORT-SC-007,2026-04-18,Lilian Kariuki,Verified,-0.1118,34.77733,Fugiat temporibus minima ducimus.,True
FV-000566,BEN-00412,COHORT-SC-007,2026-06-21,Lilian Were,Verified,,34.73549,Eligendi ratione nulla amet omnis.,False
FV-000567,BEN-00414,COHORT-SC-007,23/04/2026,Violet Simiyu,Referred,-0.14641,34.79852,Architecto optio optio totam.,
FV-000568,BEN-00414,COHORT-SC-007,2026-04-26,Wanjiku Mutua,Verified,-0.05331,34.81851,Sint accusantium sint officiis doloremque fugit voluptate aut.,
FV-000569,BEN-00415,COHORT-SC-007,2026-05-17,Grace Odongo,no contact,-0.01305,34.69941,Laborum nisi at dicta vitae natus quae aliquam.,False
FV-000570,BEN-00415,COHORT-SC-007,2026-07-19,Nancy Mutua,Referred,-0.14678,34.84123,Esse laudantium quia accusantium placeat explicabo esse voluptatum voluptatem eius.,True
FV-000571,BEN-00415,COHORT-SC-007,2026-03-17,Harrison Githinji,Referred,-0.03284,34.84394,Numquam soluta tempora repellendus adipisci.,
FV-000572,BEN-00416,COHORT-SC-007,2026-03-28,Grace Achieng,Referred,-0.19505,34.70854,Veniam dolorem exercitationem hic consequatur quas maxime perspiciatis sit placeat.,False
FV-000573,BEN-00417,COHORT-SC-007,2026-04-09,Yvonne Simiyu,Verified,-0.09724,34.75675,Dolores corrupti voluptas tenetur eveniet molestiae dignissimos consequuntur molestiae.,False
FV-000574,BEN-00417,COHORT-SC-007,2026-06-15,Leonard Chebet,verified,-0.17083,34.73708,Similique est provident minima consequatur voluptatum.,False
FV-000575,BEN-00417,COHORT-SC-007,2026-05-30,Boniface Njoroge,Partially Verified,-0.04651,34.79603,Omnis natus culpa architecto minus quaerat.,True
FV-000576,BEN-00418,COHORT-SC-007,2026-03-19,Boniface Odongo,Verified,-0.18729,34.76888,Et sunt quas quisquam sunt impedit.,True
FV-000577,BEN-00418,COHORT-SC-007,2026-03-31,Brian Mugo,Verified,-0.17627,34.78858,Esse quia reprehenderit odio qui corrupti deleniti consectetur.,False
FV-000578,BEN-00420,COHORT-SC-007,2026-03-07,Harrison Waweru,Verified,-0.04735,34.83659,Quis nostrum eaque necessitatibus doloremque.,True
FV-000579,BEN-00420,COHORT-SC-007,2026-05-23,Queen Chebet,Verified,-0.06335,34.73159,Doloremque ad aspernatur quod consequatur sapiente iusto.,False
FV-000580,BEN-00421,COHORT-SC-007,2026-03-19,Leonard Auma,Verified,-0.06666,34.7656,Delectus harum labore cum dolorem illum voluptas unde.,False
FV-000581,BEN-00421,COHORT-SC-007,2026-04-03,Esther Mutinda,No Contact,-0.02458,34.76337,Dolore perferendis dicta dignissimos debitis veritatis ipsa nulla.,True
FV-000582,BEN-00421,COHORT-SC-007,2026-05-21,Tabitha Kiplagat,Verified,-0.08587,34.70999,Sint suscipit incidunt quod non repudiandae quam hic.,True
FV-000583,BEN-00422,COHORT-SC-007,2026-03-28,Owen Wanjiku,Verified,-0.1296,34.68524,Nisi minima soluta ratione maxime iste repudiandae aliquam voluptatum maxime.,
FV-000584,BEN-00422,COHORT-SC-007,2026-06-24,Joseph Wangari,Partially Verified,-0.17231,34.80974,Voluptates aliquam harum quisquam vitae deleniti ipsa sunt.,True
FV-000585,BEN-00423,COHORT-SC-007,2026-03-11,Felix Mutua,Verified,-0.172,34.69334,Itaque in nostrum amet maxime consequuntur rerum.,False
FV-000586,BEN-00423,COHORT-SC-007,2026-05-01,Felix Kariuki,Verified,-0.12988,34.77446,At magnam debitis nesciunt tempora molestias hic eum ad.,False
FV-000587,BEN-00423,COHORT-SC-007,2026-08-05,James Awino,Verified,-0.12477,34.83261,Nihil quae dicta iste dolorum porro tenetur recusandae quaerat.,False
FV-000588,BEN-00424,COHORT-SC-007,2026-05-31,Kezia Owino,no contact,-0.02528,34.71733,At provident odio assumenda provident quas.,False
FV-000589,BEN-00425,COHORT-SC-007,2026-06-28,Caroline Mugo,Verified,-0.14035,34.69199,Nostrum cum mollitia aliquam cupiditate excepturi sit sint cum corporis.,False
FV-000590,BEN-00426,COHORT-SC-007,2026-03-10,Aisha Gichuki,Verified,-0.13582,34.8611,In est quisquam ipsum occaecati.,True
FV-000591,BEN-00426,COHORT-SC-007,2026-07-21,Nicholas Githinji,Verified,-0.157,34.77702,Tempore vero a quisquam accusamus libero.,
FV-000592,BEN-00428,COHORT-SC-007,2026-03-22,Owen Ndung'u,Verified,-0.07133,34.85601,Molestiae ab sunt dolores nihil labore illum aspernatur nobis.,
FV-000593,BEN-00428,COHORT-SC-007,2026-07-22,Irene Onyango,No Contact,-0.17519,34.85395,Sunt eius occaecati reprehenderit dignissimos delectus animi.,False
FV-000594,BEN-00429,COHORT-SC-007,2026-07-25,Seun Maina,Verified,-0.04829,34.83301,Alias sequi pariatur saepe error ullam aliquid impedit.,False
FV-000595,BEN-00429,COHORT-SC-007,2026-06-27,Cynthia Auma,Verified,-0.04027,34.82335,Cum eligendi optio praesentium nemo natus.,True
FV-000596,BEN-00430,COHORT-SC-007,2026-04-12,Xavier Wangari,Verified,-0.0496,34.73828,Quibusdam facere alias quisquam eum tempore reprehenderit quis sapiente.,
FV-000597,BEN-00430,COHORT-SC-007,2026-07-27,Felix Otieno,Verified,-0.17392,34.67327,Eos consequatur possimus earum minima.,True
FV-000598,BEN-00431,COHORT-SC-007,2026-05-06,Eunice Odongo,Verified,-0.18906,34.72608,Distinctio distinctio animi necessitatibus voluptatem minus assumenda quam non ratione.,True
FV-000599,BEN-00432,COHORT-SC-007,2026-04-12,Irene Wangari,Verified,-0.10674,34.78432,Incidunt sed ea nemo numquam unde nostrum.,True
FV-000600,BEN-00433,COHORT-SC-007,19/03/2026,Tabitha Odongo,Verified,-0.16287,34.70705,Maxime occaecati laudantium debitis non provident voluptatem a ad.,False
FV-000601,BEN-00433,COHORT-SC-007,2026-03-29,Leonard Wanjiku,Verified,-0.16208,34.84492,Reiciendis qui dignissimos nostrum impedit aliquid expedita rem distinctio odit porro.,
FV-000602,BEN-00433,COHORT-SC-007,2026-03-21,David Gichuki,Verified,-0.00822,34.67143,Ratione est magni eum ab placeat exercitationem.,
FV-000603,BEN-00434,COHORT-SC-007,2026-08-05,Nancy Odongo,Verified,-0.19231,34.79978,Nulla adipisci cupiditate ex excepturi perferendis totam reiciendis officia laboriosam.,True
FV-000604,BEN-00434,COHORT-SC-007,2026-04-19,Irene Chebet,Verified,-0.06263,34.84504,Itaque sint tempore iure repellendus unde animi maxime natus perspiciatis nam.,False
FV-000605,BEN-00435,COHORT-SC-007,2026-05-28,Eunice Ndung'u,Verified,-0.11716,34.82032,Dignissimos placeat reiciendis suscipit.,True
FV-000606,BEN-00436,COHORT-SC-007,2026-02-27,Kendi Wangari,no contact,-0.0955,34.68551,Architecto corrupti sapiente excepturi fugiat modi cumque non.,True
FV-000607,BEN-00436,COHORT-SC-007,2026-06-05,Nancy Owino,no contact,-0.14135,34.79065,Nisi sint quibusdam provident et adipisci.,True
FV-000608,BEN-00436,COHORT-SC-007,2026-03-16,Caroline Rotich,Verified,-0.15384,34.67525,Assumenda soluta fuga repudiandae esse minima cupiditate fugiat.,True
FV-000609,BEN-00437,COHORT-SC-007,2026-04-11,Tabitha Kimani,Verified,-0.155,34.6683,Quod totam ipsam ad laboriosam.,True
FV-000610,BEN-00437,COHORT-SC-007,2026-05-20,Uchenna Mwangi,Verified,-0.06919,34.68158,Culpa excepturi laboriosam soluta est eveniet quo atque voluptatem.,
FV-000611,BEN-00437,COHORT-SC-007,2026-04-16,Seun Wanjiku,Verified,-0.12509,34.75549,Perspiciatis consequatur quam itaque quae minima a ut porro nisi.,
FV-000612,BEN-00438,COHORT-SC-007,2026-07-04,Raphael Mwangi,Verified,-0.1022,34.69802,Ex suscipit aut quisquam quia.,
FV-000613,BEN-00439,COHORT-SC-007,2026-06-26,Nicholas Wanjiku,Referred,-0.03471,34.77519,Neque est tempora eum.,False
FV-000614,BEN-00439,COHORT-SC-007,2026-07-05,Olive Ndung'u,Partially Verified,-0.09142,34.74521,Enim minus quo perferendis earum culpa.,True
FV-000615,BEN-00440,COHORT-SC-007,2026-08-14,Irene Auma,verified,-0.04462,34.7039,Accusamus numquam maiores dignissimos expedita.,
FV-000616,BEN-00441,COHORT-SC-007,2026-07-19,Yvonne Mugo,Verified,-0.18091,34.84321,Earum velit rem nemo cupiditate est tempora molestiae.,True
FV-000617,BEN-00441,COHORT-SC-007,2026-05-13,Stephen Achieng,Partially Verified,-0.06552,34.69419,Consectetur iusto perferendis autem amet.,
FV-000618,BEN-00442,COHORT-SC-007,2026-05-02,James Musyoka,No Contact,-0.08414,34.70874,Hic provident tempora occaecati porro ipsum explicabo ex dicta.,False
FV-000619,BEN-00442,COHORT-SC-007,2026-08-07,Quinton Musyoka,Verified,-0.19866,34.67139,Aspernatur ullam quisquam necessitatibus at rem praesentium atque est officia.,
FV-000620,BEN-00443,COHORT-SC-007,25-Apr-2026,Felix Owino,Verified,-0.02781,34.80561,Iusto veniam corporis tempore ducimus facilis delectus totam ex.,False
FV-000621,BEN-00443,COHORT-SC-007,2026-03-10,Violet Waweru,Verified,-0.06653,34.69008,Iste adipisci labore expedita itaque cupiditate quisquam non.,False
FV-000622,BEN-00445,COHORT-SC-007,2026-02-23,Nicholas Mugo,Verified,-0.02141,34.7585,Magni illo quae autem nam architecto.,True
FV-000623,BEN-00445,COHORT-SC-007,2026-04-26,Rose Ndung'u,Verified,-0.17679,34.76898,Minus id impedit nulla molestias voluptate fugit.,False
FV-000624,BEN-00447,COHORT-SC-007,2026-06-05,Yvonne Mwangi,No Contact,-0.01984,34.75174,Dignissimos possimus inventore voluptatem necessitatibus exercitationem possimus cupiditate.,True
FV-000625,BEN-00448,COHORT-SC-007,13/05/2026,Kendi Kimani,verified,-0.17056,34.77316,Qui quae saepe beatae nisi.,True
FV-000626,BEN-00449,COHORT-SC-007,2026-06-26,Brian Mutua,Partially Verified,-0.02457,34.7387,Nam reprehenderit debitis veritatis architecto autem repellendus quo.,False
FV-000627,BEN-00450,COHORT-SC-007,2026-05-04,Gladys Otieno,Partially Verified,-0.17893,34.8222,Eveniet officia aperiam dolor consequuntur neque quidem repellat.,True
FV-000628,BEN-00451,COHORT-SC-007,2026-03-27,Boniface Mugo,Verified,-0.12505,34.67121,Optio iste eos nulla ipsum dignissimos.,
FV-000629,BEN-00452,COHORT-SC-007,2026-05-27,Stephen Ochieng,Verified,-0.12668,34.81886,Error recusandae perspiciatis ullam vel quaerat totam voluptatibus.,
FV-000630,BEN-00452,COHORT-SC-007,20-Aug-2026,Leonard Odongo,Verified,-0.09873,34.73284,Ab voluptates illo consectetur eos fuga molestias amet provident reprehenderit.,False
FV-000631,BEN-00452,COHORT-SC-007,28-Jun-2026,Grace Chebet,Partially Verified,-0.17157,34.76861,Autem eligendi adipisci inventore nihil numquam quae illo.,
FV-000632,BEN-00453,COHORT-SC-007,2026-05-10,Hassan Rotich,No Contact,-0.0073,34.76271,Molestias optio labore deleniti fugit unde saepe culpa voluptatum.,False
FV-000633,BEN-00454,COHORT-SC-007,2026-02-26,Lilian Gichuki,Verified,-0.09835,34.77375,Consequatur asperiores accusamus quam laborum ipsa.,True
FV-000634,BEN-00454,COHORT-SC-007,2026-07-09,Seun Mugo,Referred,-0.07195,34.82654,Assumenda odit impedit iste ratione non.,True
FV-000635,BEN-00457,COHORT-SC-007,2026-06-14,Grace Awino,Verified,-0.07433,34.66798,Numquam iste incidunt reprehenderit harum dolorem incidunt ab libero.,True
FV-000636,BEN-00457,COHORT-SC-007,2026-07-03,Leonard Mugo,Verified,-0.06342,34.68478,Quae earum unde nemo alias alias laboriosam.,
FV-000637,BEN-00457,COHORT-SC-007,2026-03-23,David Nyambura,No Contact,-0.03793,34.70909,Beatae laboriosam porro consequuntur quasi voluptates voluptates quod.,False
FV-000638,BEN-00458,COHORT-SC-007,2026-07-15,Joseph Mutua,Verified,,34.67026,Maxime minima nostrum doloribus occaecati optio pariatur placeat molestiae.,True
FV-000639,BEN-00459,COHORT-SC-007,2026-07-20,Leonard Mutua,Verified,-0.02852,34.68702,Est amet exercitationem quod iusto maiores iusto quasi in vero.,True
FV-000640,BEN-00459,COHORT-SC-007,2026-07-24,Owen Mutua,Partially Verified,-0.01174,34.74407,Enim alias ullam quibusdam quas natus aperiam.,
FV-000641,BEN-00460,COHORT-SC-007,2026-05-21,Caroline Otieno,Partially Verified,-0.07382,34.78313,Neque nemo omnis eos qui ad laborum consectetur asperiores.,
FV-000642,BEN-00460,COHORT-SC-007,2026-03-05,Aisha Musyoka,No Contact,-0.01823,34.69494,Dolorum nulla eius ducimus qui nobis tenetur.,False
FV-000643,BEN-00462,COHORT-SC-007,2026-08-14,Leonard Mutua,No Contact,-0.10241,34.83989,Omnis fuga cupiditate quos doloremque debitis.,True
FV-000644,BEN-00463,COHORT-SC-007,2026-03-23,Owen Chebet,No Contact,-0.0409,34.76106,Similique exercitationem assumenda corporis ut culpa libero voluptatibus quo dolores.,
FV-000645,BEN-00463,COHORT-SC-007,08-Apr-2026,Stephen Njenga,Verified,-0.07184,34.77934,Quas cumque neque sapiente amet eaque reprehenderit amet iure.,True
FV-000646,BEN-00464,COHORT-SC-007,2026-03-30,Eunice Awino,Partially Verified,-0.05928,34.76998,Error quia quibusdam minus fugit provident labore corporis sit.,False
FV-000647,BEN-00464,COHORT-SC-007,2026-03-30,Gladys Gichuki,Verified,-0.15087,34.76501,Enim reiciendis fugit et.,
FV-000648,BEN-00466,COHORT-SC-007,2026-06-05,Olive Kiprotich,no contact,-0.19575,34.83955,Placeat aliquam ullam odit vero inventore ullam similique ex eaque.,True
FV-000649,BEN-00466,COHORT-SC-007,2026-05-13,Esther Kamau,Verified,-0.18227,34.77948,Ducimus nesciunt itaque perferendis doloribus.,True
FV-000650,BEN-00467,COHORT-SC-026,2026-08-04,Wanjiku Njenga,Partially Verified,0.60928,35.23012,Quo maxime perspiciatis voluptatibus et ab ab architecto illum minima.,False
FV-000651,BEN-00467,COHORT-SC-026,2026-03-07,Kezia Simiyu,No Contact,0.47863,35.19733,Expedita quam dolorum alias nulla animi nisi tempora dolor.,False
FV-000652,BEN-00468,COHORT-SC-026,2026-06-07,Rose Gichuki,Verified,0.55344,35.26654,Odit provident blanditiis sequi consectetur omnis tempore necessitatibus voluptas tempore.,
FV-000653,BEN-00469,COHORT-SC-026,2026-02-28,Olive Onyango,Partially Verified,0.57664,35.18729,Ducimus iure vel odit ullam eius.,True
FV-000654,BEN-00472,COHORT-SC-026,2026-05-21,Cynthia Njenga,Verified,0.55182,35.31927,Porro pariatur quo ducimus quos eius aperiam harum voluptatum.,True
FV-000655,BEN-00473,COHORT-SC-026,2026-07-06,Esther Wangari,Verified,0.44977,35.20152,Veritatis eaque ipsam laudantium ut nostrum debitis.,False
FV-000656,BEN-00474,COHORT-SC-026,2026-07-20,Leonard Owino,No Contact,0.48456,35.28222,Autem molestiae inventore nostrum autem ipsam ea alias architecto.,True
FV-000657,BEN-00474,COHORT-SC-026,2026-07-07,Priscilla Njenga,Partially Verified,0.44472,35.19256,Quod accusantium libero officiis a alias hic.,
FV-000658,BEN-00474,COHORT-SC-026,16/07/2026,Stephen Kariuki,Verified,0.48904,35.23201,Praesentium temporibus nemo maiores velit laudantium.,False
FV-000659,BEN-00475,COHORT-SC-026,2026-03-17,Caroline Mwangi,No Contact,0.60179,35.32628,Illo quas repellat architecto dolorem fugit porro quod commodi.,
FV-000660,BEN-00475,COHORT-SC-026,2026-07-03,Aisha Mugo,Verified,0.43738,35.33055,Vel facere placeat id odio vero at modi vero aspernatur.,
FV-000661,BEN-00477,COHORT-SC-026,2026-03-31,Xavier Musyoka,Verified,0.56216,35.29432,Quis enim dicta mollitia voluptas optio error harum autem.,False
FV-000662,BEN-00477,COHORT-SC-026,2026-07-03,Owen Were,Verified,0.45408,35.1873,Laborum suscipit ipsa deleniti alias ad voluptatum dolores.,True
FV-000663,BEN-00478,COHORT-SC-026,2026-06-01,Francis Kamau,Verified,0.60245,35.27523,Aperiam molestiae est modi rerum ipsum voluptatum alias.,
FV-000664,BEN-00479,COHORT-SC-026,2026-05-05,Patrick Gichuki,verified,0.61283,35.21757,Excepturi quam illo distinctio omnis.,
FV-000665,BEN-00479,COHORT-SC-026,2026-03-26,Caroline Achieng,No Contact,0.53354,35.22701,Itaque perspiciatis soluta corrupti neque unde alias consequuntur officiis iusto.,False
FV-000666,BEN-00479,COHORT-SC-026,2026-06-01,Olive Njoroge,Verified,0.58863,35.24466,Aliquid praesentium consectetur cupiditate amet esse recusandae itaque cupiditate nihil repellendus.,False
FV-000667,BEN-00480,COHORT-SC-026,2026-03-10,Raphael Kamau,Verified,0.42923,35.34639,Beatae nisi nulla aperiam dicta.,False
FV-000668,BEN-00481,COHORT-SC-026,2026-05-04,Patrick Auma,verified,0.5688,35.27609,Repellat voluptatem perspiciatis eveniet voluptate nemo consequatur saepe.,
FV-000669,BEN-00482,COHORT-SC-026,16-Mar-2026,Francis Were,Verified,0.46054,35.24784,Quisquam nihil excepturi blanditiis consequuntur impedit.,False
FV-000670,BEN-00482,COHORT-SC-026,2026-05-08,Stephen Musyoka,Partially Verified,0.54512,35.26678,Mollitia ipsa unde aliquam aut sed nostrum quod.,
FV-000671,BEN-00483,COHORT-SC-026,2026-08-15,Priscilla Wanjiku,Verified,0.61474,35.22172,Sunt aspernatur ab unde.,False
FV-000672,BEN-00483,COHORT-SC-026,2026-03-04,Aisha Simiyu,Verified,0.44921,35.19805,Suscipit impedit rem quo possimus dignissimos odit minima illum vel.,
FV-000673,BEN-00485,COHORT-SC-026,2026-06-19,Stephen Were,Partially Verified,0.48,35.3313,Porro nisi quaerat nostrum at repudiandae error in nam deleniti voluptates.,False
FV-000674,BEN-00485,COHORT-SC-026,2026-08-12,Yvonne Were,Partially Verified,0.56847,35.35508,Nulla sint voluptates magni iure.,True
FV-000675,BEN-00486,COHORT-SC-026,2026-05-15,Gladys Mwangi,Verified,0.44615,35.28044,Omnis eius deserunt recusandae placeat voluptas labore debitis pariatur aliquam officia.,False
FV-000676,BEN-00487,COHORT-SC-026,2026-06-14,Francis Njenga,Referred,0.52403,35.25303,Distinctio dolorum nulla suscipit iste autem amet.,True
FV-000677,BEN-00487,COHORT-SC-026,2026-05-07,Seun Awino,Partially Verified,0.48448,35.21359,Debitis quos laborum blanditiis tempora quam nihil eveniet dicta perspiciatis.,False
FV-000678,BEN-00487,COHORT-SC-026,09-Aug-2026,Caroline Kariuki,Verified,0.59225,35.18518,Dolorem beatae dolorem dolores impedit dicta tempora asperiores.,
FV-000679,BEN-00488,COHORT-SC-026,2026-06-19,Mary Simiyu,Partially Verified,0.592,35.30412,Laborum tempora corporis unde iste harum consequatur quam odio voluptate.,True
FV-000680,BEN-00490,COHORT-SC-026,2026-05-13,Stephen Njoroge,Verified,0.46025,35.20347,Excepturi adipisci necessitatibus eligendi beatae iure.,True
FV-000681,BEN-00491,COHORT-SC-026,2026-03-30,Mary Chebet,Verified,0.49426,35.20518,Cupiditate exercitationem suscipit nobis ratione odit nostrum cumque voluptas.,True
FV-000682,BEN-00491,COHORT-SC-026,2026-02-24,Patrick Kamau,Verified,0.53564,35.31918,Assumenda sequi laudantium voluptatum nihil saepe eius.,
FV-000683,BEN-00492,COHORT-SC-026,2026-07-08,Violet Achieng,Partially Verified,0.42385,35.29534,Quasi doloribus eveniet neque tempora nihil corrupti nemo a.,True
FV-000684,BEN-00494,COHORT-SC-026,2026-05-18,Leonard Githinji,Partially Verified,0.45302,35.1843,Aliquam iusto quisquam alias minus.,False
FV-000685,BEN-00494,COHORT-SC-026,2026-04-28,Xavier Mwangi,No Contact,0.45263,35.22259,Repellat possimus atque libero assumenda quidem possimus illum dolor.,
FV-000686,BEN-00494,COHORT-SC-026,28-Apr-2026,Olive Were,Verified,0.56064,35.24922,Eos officia at laboriosam esse provident similique quibusdam.,False
FV-000687,BEN-00495,COHORT-SC-026,2026-06-25,Xavier Kiplagat,Verified,0.49692,35.20119,Voluptate iure consequuntur praesentium delectus.,
FV-000688,BEN-00495,COHORT-SC-026,2026-07-24,Rose Kariuki,Verified,0.45095,35.24041,Occaecati provident a occaecati harum porro minus eos.,False
FV-000689,BEN-00495,COHORT-SC-026,26/02/2026,Uchenna Njenga,Verified,0.57401,35.31932,Praesentium nostrum nemo dignissimos placeat nulla excepturi.,
FV-000690,BEN-00496,COHORT-SC-026,14/03/2026,Cynthia Ndung'u,Verified,0.56167,35.32774,Maiores tenetur facilis amet fugit.,False
FV-000691,BEN-00496,COHORT-SC-026,2026-04-04,Felix Achieng,Verified,0.4564,35.27725,Nulla facilis cupiditate nam architecto quae dignissimos voluptatem dolores.,
FV-000692,BEN-00497,COHORT-SC-026,2026-03-19,Olive Adhiambo,Partially Verified,0.5343,35.30482,Officiis qui quibusdam sit praesentium.,False
FV-000693,BEN-00497,COHORT-SC-026,2026-06-08,Irene Nyambura,Partially Verified,0.49452,35.26875,Eum tempore magnam in amet fuga iste.,
FV-000694,BEN-00498,COHORT-SC-026,2026-06-27,Caroline Onyango,Verified,0.54504,35.24655,Minima commodi quae perspiciatis minus eos numquam reiciendis veniam.,False
FV-000695,BEN-00498,COHORT-SC-026,2026-05-21,Mary Mutua,Verified,0.60834,35.31206,Deleniti sunt assumenda hic debitis.,True
FV-000696,BEN-00499,COHORT-SC-026,2026-07-01,James Mugo,Verified,,35.17028,Autem eius possimus libero soluta.,False
FV-000697,BEN-00499,COHORT-SC-026,2026-04-04,Leonard Owino,Referred,0.59925,35.2537,Veritatis ad impedit placeat ut labore in qui accusantium deleniti.,
FV-000698,BEN-00500,COHORT-SC-026,2026-02-27,Boniface Achieng,Verified,0.60967,35.22906,Sit doloremque veniam officia.,
FV-000699,BEN-00501,COHORT-SC-026,2026-08-03,Felix Nyambura,Verified,0.59136,35.19064,Neque omnis ratione laborum pariatur minus molestias itaque.,False
FV-000700,BEN-00501,COHORT-SC-026,2026-02-25,Seun Ochieng,Partially Verified,0.51572,35.1922,Consequatur ratione cupiditate ea laborum voluptas quo aliquid explicabo iste.,True
FV-000701,BEN-00502,COHORT-SC-026,2026-06-24,Queen Kamau,Verified,0.59203,35.22088,Nulla cum modi delectus cupiditate provident.,False
FV-000702,BEN-00503,COHORT-SC-026,2026-06-19,Irene Kamau,Verified,0.50676,35.34474,Cum blanditiis voluptatibus nemo ipsam fuga.,True
FV-000703,BEN-00503,COHORT-SC-026,2026-05-02,Wanjiku Were,Referred,0.50846,35.24297,Natus alias et exercitationem fuga molestiae.,True
FV-000704,BEN-00504,COHORT-SC-026,2026-07-16,Nicholas Rotich,Verified,0.59909,35.273,Modi commodi ad ut quisquam veniam.,True
FV-000705,BEN-00505,COHORT-SC-026,2026-08-07,Stephen Were,Verified,0.4746,35.34884,Culpa voluptas molestias magni officia eos tempore voluptas.,
FV-000706,BEN-00506,COHORT-SC-026,2026-05-30,Owen Njenga,Verified,0.43429,35.31237,Pariatur reiciendis quas ullam excepturi beatae laboriosam aliquam perspiciatis blanditiis.,False
FV-000707,BEN-00506,COHORT-SC-026,2026-06-19,Gladys Wangari,Verified,0.60154,35.22021,Illo sapiente ipsum at animi.,False
FV-000708,BEN-00507,COHORT-SC-026,2026-05-15,Nancy Achieng,Verified,0.49145,35.23339,Nesciunt dolore vel eius ad modi.,True
FV-000709,BEN-00508,COHORT-SC-026,2026-03-06,Raphael Simiyu,verified,0.48351,35.179,Perspiciatis vero voluptate hic laudantium nobis maiores animi pariatur.,True
FV-000710,BEN-00509,COHORT-SC-026,2026-06-04,Patrick Auma,Verified,0.59866,35.26041,Corporis sequi fuga fuga eligendi expedita voluptate soluta.,True
FV-000711,BEN-00510,COHORT-SC-026,01/04/2026,Brian Musyoka,Partially Verified,0.56963,35.27031,Dolor suscipit qui impedit ipsam.,True
FV-000712,BEN-00510,COHORT-SC-026,2026-05-03,Tabitha Onyango,Verified,,35.16868,Rem voluptas incidunt tempore consequuntur nesciunt.,
FV-000713,BEN-00511,COHORT-SC-026,2026-05-10,Lilian Wanjiku,Partially Verified,0.54954,35.25023,Corporis esse voluptates minima excepturi.,False
FV-000714,BEN-00511,COHORT-SC-026,2026-06-05,Kezia Wanjiku,Verified,,35.34278,Quidem at illum totam impedit nam quae quidem consequatur delectus.,
FV-000715,BEN-00512,COHORT-SC-026,2026-08-16,Kezia Wangari,Verified,0.43461,35.3558,Enim laudantium reprehenderit error nesciunt laudantium qui dolore.,False
FV-000716,BEN-00512,COHORT-SC-026,2026-06-30,Francis Kamau,Partially Verified,0.60531,35.2983,Culpa error odit odio.,True
FV-000717,BEN-00512,COHORT-SC-026,2026-07-28,Raphael Were,Verified,0.59685,35.36532,Officiis tempora impedit laudantium porro doloribus.,True
FV-000718,BEN-00514,COHORT-SC-026,2026-03-29,Harrison Were,Partially Verified,,35.33522,Quisquam laudantium voluptas nisi facere laboriosam.,True
FV-000719,BEN-00514,COHORT-SC-026,2026-04-03,Felix Were,Partially Verified,0.58059,35.17242,Sit occaecati labore possimus blanditiis maiores nemo sapiente cum.,False
FV-000720,BEN-00516,COHORT-SC-026,2026-07-18,Irene Owino,Partially Verified,,35.32385,Corporis itaque possimus facere amet.,True
FV-000721,BEN-00516,COHORT-SC-026,2026-07-27,Irene Awino,Verified,0.5253,35.36157,In totam explicabo enim minus vel maiores quisquam.,True
FV-000722,BEN-00517,COHORT-SC-026,2026-08-12,Stephen Auma,Verified,0.50838,35.28938,Quisquam nisi cumque eum et sapiente.,False
FV-000723,BEN-00518,COHORT-SC-026,2026-04-25,Leonard Ndung'u,Verified,0.54301,35.33778,Earum praesentium facere modi expedita corporis consequatur.,False
FV-000724,BEN-00518,COHORT-SC-026,2026-06-09,Yvonne Onyango,partial,0.50627,35.33079,Fuga laborum excepturi tenetur aut culpa dolore.,
FV-000725,BEN-00519,COHORT-SC-026,2026-03-14,Hassan Maina,Verified,0.55801,35.33316,Recusandae nam porro veritatis sapiente quae.,True
FV-000726,BEN-00520,COHORT-SC-026,2026-06-25,Irene Odongo,Verified,0.52914,35.32348,Impedit totam blanditiis consectetur accusantium.,
FV-000727,BEN-00520,COHORT-SC-026,2026-03-27,Harrison Kiplagat,Verified,0.61072,35.297,Est facere repellendus suscipit nisi quis exercitationem quae.,False
FV-000728,BEN-00520,COHORT-SC-026,2026-05-15,Cynthia Waweru,No Contact,0.52904,35.2143,Quia blanditiis consectetur possimus porro.,
FV-000729,BEN-00521,COHORT-SC-026,2026-03-04,Grace Mugo,Verified,0.59374,35.24569,Commodi consectetur aspernatur porro quos aspernatur quo.,True
FV-000730,BEN-00521,COHORT-SC-026,2026-02-27,Caroline Kiprotich,Partially Verified,0.43816,35.2301,Aliquam autem recusandae maiores animi blanditiis ducimus architecto pariatur.,True
FV-000731,BEN-00522,COHORT-SC-026,2026-05-08,Raphael Adhiambo,Verified,0.59219,35.34074,Quos ullam dignissimos temporibus delectus.,False
FV-000732,BEN-00522,COHORT-SC-026,2026-08-12,Owen Njoroge,Verified,0.5101,35.25956,Adipisci corporis quia eius neque explicabo sequi quos.,
FV-000733,BEN-00523,COHORT-SC-026,2026-07-11,Felix Mutinda,Verified,0.51264,35.23707,Doloribus necessitatibus aut neque accusamus dolor deleniti eligendi temporibus modi voluptate.,True
FV-000734,BEN-00523,COHORT-SC-026,2026-04-15,Uchenna Otieno,Verified,0.43993,35.3443,Unde ullam sed labore praesentium.,False
FV-000735,BEN-00524,COHORT-SC-026,2026-04-01,Nancy Rotich,no contact,0.48698,35.27358,Ipsam vero debitis explicabo fugit distinctio.,True
FV-000736,BEN-00524,COHORT-SC-026,2026-04-30,James Ndung'u,Referred,0.55955,35.2524,Illum quis et iure maxime libero facere.,True
FV-000737,BEN-00524,COHORT-SC-026,2026-08-03,Dennis Kamau,verified,0.42073,35.26462,Nam aliquam eveniet blanditiis eligendi nobis est.,False
FV-000738,BEN-00525,COHORT-SC-026,2026-05-07,Zipporah Owino,Verified,0.51411,35.20639,Dolorem illum voluptates incidunt sequi tempora rem vel facilis.,
FV-000739,BEN-00526,COHORT-SC-026,2026-08-16,Zipporah Njenga,partial,0.51978,35.29732,Voluptatum laudantium autem ipsa.,False
FV-000740,BEN-00526,COHORT-SC-026,2026-06-03,Joseph Waweru,No Contact,0.50444,35.30456,Blanditiis hic possimus voluptate qui.,False
FV-000741,BEN-00526,COHORT-SC-026,2026-03-29,Kendi Omondi,Verified,0.46604,35.26203,Aperiam voluptate excepturi nisi voluptatibus commodi.,True
FV-000742,BEN-00527,COHORT-SC-026,2026-05-13,Stephen Auma,Partially Verified,0.58456,35.27863,Quam eius quae neque earum ratione officia id labore.,True
FV-000743,BEN-00527,COHORT-SC-026,2026-08-07,Quinton Odongo,Verified,0.47977,35.2631,Veniam voluptates maiores corporis iste commodi laudantium doloremque velit adipisci.,False
FV-000744,BEN-00528,COHORT-SC-026,2026-08-07,Brian Maina,Verified,0.57168,35.28398,Rerum libero ad debitis non.,
FV-000745,BEN-00530,COHORT-SC-026,2026-05-20,Gladys Nyambura,Partially Verified,0.59096,35.35603,Corrupti numquam atque asperiores quibusdam quisquam recusandae dicta.,True
FV-000746,BEN-00530,COHORT-SC-026,2026-08-16,Zipporah Njenga,Verified,0.60132,35.24206,Laudantium ea exercitationem similique molestias veritatis adipisci inventore totam.,True
FV-000747,BEN-00531,COHORT-SC-026,2026-06-28,Gladys Omondi,Verified,0.52917,35.26942,Ipsum sequi ipsam alias debitis optio quod suscipit.,True
FV-000748,BEN-00531,COHORT-SC-026,2026-03-03,Amina Kariuki,Partially Verified,0.59058,35.27867,Laudantium consequatur quaerat laborum autem perferendis.,True
FV-000749,BEN-00532,COHORT-SC-026,2026-08-14,Francis Rotich,Verified,0.45488,35.35094,Placeat nemo labore sequi magni hic libero voluptas nulla explicabo.,True
FV-000750,BEN-00533,COHORT-SC-026,2026-05-18,Irene Otieno,Verified,0.43599,35.23495,Eum adipisci aliquid saepe expedita quia ad.,False
FV-000751,BEN-00534,COHORT-SC-026,2026-04-30,James Omondi,Verified,0.41868,35.19792,Exercitationem atque exercitationem facere expedita optio dolorum officia nihil tenetur aperiam.,False
FV-000752,BEN-00535,COHORT-SC-026,2026-05-10,Queen Waweru,No Contact,0.52732,35.2393,Beatae cumque modi alias omnis in maiores.,
FV-000753,BEN-00535,COHORT-SC-026,2026-03-26,Felix Mugo,Verified,0.49603,35.30556,Eaque possimus nihil voluptates fugiat hic nemo repellat aut.,True
FV-000754,BEN-00538,COHORT-SC-026,2026-06-20,Violet Onyango,Partially Verified,0.43771,35.20983,Excepturi magnam quisquam excepturi nostrum facilis.,True
FV-000755,BEN-00538,COHORT-SC-026,2026-06-09,Leonard Mutua,Verified,0.47674,35.28959,Dicta odio voluptate asperiores sed distinctio eaque error nemo.,
FV-000756,BEN-00539,COHORT-SC-026,02-Mar-2026,Priscilla Waweru,Verified,,35.28147,Numquam vero quaerat neque nihil earum necessitatibus.,True
FV-000757,BEN-00540,COHORT-SC-026,2026-07-04,James Maina,No Contact,0.58522,35.28789,Labore distinctio recusandae officiis error rem inventore molestiae dicta illo.,True
FV-000758,BEN-00540,COHORT-SC-026,2026-07-13,James Owino,Verified,0.60978,35.28736,Maiores perferendis molestias sunt occaecati maiores delectus libero optio reprehenderit vel.,False
FV-000759,BEN-00542,COHORT-SC-026,2026-04-06,Raphael Musyoka,No Contact,0.44595,35.26468,Vel minus nostrum quisquam inventore necessitatibus occaecati.,False
FV-000760,BEN-00543,COHORT-SC-026,2026-03-04,Lilian Kariuki,No Contact,0.61127,35.33675,Dicta iure dolores quia quisquam sapiente illum similique tenetur odio.,
FV-000761,BEN-00543,COHORT-SC-026,20/07/2026,Harrison Achieng,No Contact,0.54372,35.16828,Eaque enim cum porro doloremque dolores corrupti adipisci.,
FV-000762,BEN-00544,COHORT-SC-026,2026-07-22,David Wanjiku,Verified,0.48151,35.17118,Iure nam ipsa officia alias cum consequatur.,False
FV-000763,BEN-00544,COHORT-SC-026,2026-03-07,Kendi Adhiambo,No Contact,0.55281,35.30012,Ratione eius mollitia officia aliquam quam quos.,False
FV-000764,BEN-00545,COHORT-SC-026,2026-08-14,Boniface Njenga,verified,0.53252,35.29441,Similique assumenda nobis sint tempore.,True
FV-000765,BEN-00546,COHORT-SC-026,2026-07-05,Esther Nyambura,Partially Verified,0.60792,35.20511,Tempore perferendis suscipit id saepe sapiente doloremque necessitatibus.,
FV-000766,BEN-00546,COHORT-SC-026,2026-06-29,Irene Auma,Verified,0.42596,35.22364,Ut maxime repudiandae veniam ut dolorum sunt dolores commodi.,False
FV-000767,BEN-00547,COHORT-SC-026,2026-06-08,Grace Ndung'u,Verified,0.51625,35.31869,Eveniet nesciunt harum quibusdam doloremque in corporis cupiditate.,False
FV-000768,BEN-00548,COHORT-SC-026,2026-06-19,Amina Were,Verified,0.43397,35.31199,Ipsa ducimus nihil laudantium fugiat veniam et.,True
FV-000769,BEN-00549,COHORT-SC-026,2026-07-21,Felix Rotich,Verified,0.44389,35.32221,Labore doloribus eius quos corporis labore facilis est officia.,True
FV-000770,BEN-00550,COHORT-SC-026,2026-03-06,Kezia Omondi,Verified,0.51091,35.25367,Alias qui reiciendis amet totam perferendis ducimus harum odit praesentium.,True
FV-000771,BEN-00551,COHORT-SC-026,2026-07-22,Gladys Auma,Verified,,35.18051,Modi dolores ipsam ab vero unde.,
FV-000772,BEN-00551,COHORT-SC-026,2026-04-07,Brian Wangari,Verified,0.5314,35.32994,Error vel quidem error similique cum ipsa.,True
FV-000773,BEN-00552,COHORT-SC-026,2026-03-20,Irene Otieno,Referred,0.48229,35.19282,Sunt quisquam illo alias sint reprehenderit velit iusto.,False
FV-000774,BEN-00553,COHORT-SC-026,2026-03-23,Patrick Rotich,Verified,0.48172,35.32263,Unde ex in ullam aut cum ea architecto.,False
FV-000775,BEN-00554,COHORT-SC-026,2026-05-10,Violet Kiplagat,Verified,0.54213,35.27922,Nobis repellendus qui iste ad amet odit occaecati ratione.,
FV-000776,BEN-00555,COHORT-SC-026,2026-06-15,Caroline Mutua,Verified,0.53387,35.24695,A dicta esse nemo beatae dolorum.,
FV-000777,BEN-00555,COHORT-SC-026,2026-08-10,David Ndung'u,Partially Verified,0.41952,35.26649,Sed placeat recusandae eum laboriosam quasi.,False
FV-000778,BEN-00557,COHORT-SC-026,2026-05-25,Uchenna Simiyu,Verified,0.5004,35.34592,Cupiditate nihil eveniet eligendi assumenda facilis hic.,True
FV-000779,BEN-00557,COHORT-SC-026,2026-08-07,Xavier Were,Verified,0.5033,35.19649,Velit sunt dolore veniam unde officia occaecati tenetur.,True
FV-000780,BEN-00558,COHORT-SC-026,2026-04-16,Owen Auma,Verified,0.58998,35.33335,Dicta praesentium cumque id inventore ea at facilis veniam.,False
FV-000781,BEN-00558,COHORT-SC-026,2026-03-09,Priscilla Were,No Contact,0.53845,35.3102,Accusamus minima quo unde repudiandae laudantium.,False
FV-000782,BEN-00560,COHORT-SC-026,16/03/2026,Dennis Njenga,Verified,0.54889,35.30921,Quae deleniti similique quos enim laudantium consectetur.,False
FV-000783,BEN-00560,COHORT-SC-026,2026-05-27,James Njoroge,Verified,0.56698,35.32448,Nobis voluptatum eligendi perspiciatis in illum.,True
FV-000784,BEN-00561,COHORT-SC-026,2026-03-18,Amina Ochieng,Verified,0.57767,35.19989,Adipisci voluptate doloremque iste dolorum nesciunt.,True
FV-000785,BEN-00562,COHORT-SC-026,28/04/2026,Xavier Odongo,Verified,0.47102,35.30467,Assumenda iusto sit voluptate id distinctio fugit incidunt nisi.,False
FV-000786,BEN-00563,COHORT-SC-026,2026-03-08,Amina Wanjiku,Partially Verified,0.5493,35.27374,Atque animi ex doloremque tenetur.,False
FV-000787,BEN-00563,COHORT-SC-026,2026-05-11,Xavier Wangari,Verified,0.44369,35.19774,Vel voluptas nisi quibusdam aliquid ducimus nulla esse hic fuga.,True
FV-000788,BEN-00565,COHORT-SC-026,2026-08-12,Kendi Wangari,Verified,0.58878,35.178,Aliquam debitis cumque laudantium excepturi iusto at quae inventore ea.,
FV-000789,BEN-00565,COHORT-SC-026,23-Jun-2026,Owen Auma,Verified,0.55742,35.33413,Aliquid consectetur sit rerum quibusdam unde eligendi soluta.,
FV-000790,BEN-00566,COHORT-SC-026,2026-02-23,Brian Onyango,Partially Verified,0.44682,35.30255,Repudiandae unde maxime ipsa cumque qui laudantium veniam nam ullam odio.,False
FV-000791,BEN-00566,COHORT-SC-026,2026-05-02,Kendi Otieno,Referred,0.51076,35.19065,Amet corrupti dolorem alias ea provident ipsa voluptatum unde.,
FV-000792,BEN-00567,COHORT-SC-026,2026-08-20,Priscilla Gichuki,Verified,0.53452,35.27537,Ipsam voluptates natus itaque beatae.,False
FV-000793,BEN-00567,COHORT-SC-026,2026-03-04,Aisha Waweru,Verified,0.54872,35.25474,Commodi atque sit debitis cumque magni.,
FV-000794,BEN-00568,COHORT-SC-026,2026-08-08,Zipporah Achieng,Partially Verified,0.42468,35.21614,Natus optio distinctio voluptatum a quisquam debitis.,False
FV-000795,BEN-00569,COHORT-SC-026,2026-07-18,Dennis Njenga,Partially Verified,0.42727,35.2636,Doloribus libero atque eveniet eligendi.,
FV-000796,BEN-00569,COHORT-SC-026,2026-08-13,Tabitha Onyango,Verified,0.46749,35.33497,Hic nihil veritatis saepe corrupti aspernatur.,True
FV-000797,BEN-00570,COHORT-SC-026,2026-04-07,Olive Auma,Verified,0.5381,35.22681,Iste veritatis nisi ab voluptas omnis veritatis eveniet quasi.,True
FV-000798,BEN-00570,COHORT-SC-026,2026-04-21,Amina Maina,Partially Verified,0.49149,35.18235,Consectetur sint reiciendis eligendi reiciendis quia molestias nobis at ducimus.,False
FV-000799,BEN-00570,COHORT-SC-026,2026-06-30,Harrison Wangari,Verified,0.52507,35.28978,Vitae sint at sequi cum quod eligendi.,True
FV-000800,BEN-00571,COHORT-SC-026,2026-08-08,Lilian Mwangi,Verified,0.53745,35.18023,Blanditiis laudantium inventore rem est placeat.,True
FV-000801,BEN-00571,COHORT-SC-026,2026-06-28,Seun Kiprotich,Verified,0.5311,35.28051,Facere atque facilis dicta ipsum harum.,False
FV-000802,BEN-00572,COHORT-SC-026,2026-08-12,Boniface Ndung'u,Partially Verified,0.44105,35.29216,Natus in quidem repellat nostrum ipsa incidunt.,
FV-000803,BEN-00572,COHORT-SC-026,2026-04-23,Uchenna Kimani,Partially Verified,0.56579,35.2355,Maiores voluptate perspiciatis officia quae.,False
FV-000804,BEN-00574,COHORT-SC-026,14/07/2026,Zipporah Musyoka,Verified,0.61076,35.32705,Minima officia assumenda iusto aspernatur reiciendis error voluptates placeat.,True
FV-000805,BEN-00575,COHORT-SC-026,2026-04-03,Kezia Mutua,Verified,0.56718,35.19595,Sapiente minima eos aliquid asperiores aliquid autem.,False
FV-000806,BEN-00575,COHORT-SC-026,2026-04-21,Boniface Wangari,No Contact,0.43352,35.20317,Impedit iure quam repellat explicabo nesciunt quisquam accusamus qui.,False
FV-000807,BEN-00575,COHORT-SC-026,2026-08-06,Grace Waweru,No Contact,0.58743,35.18314,Debitis delectus hic assumenda soluta error nesciunt iste pariatur.,
FV-000808,BEN-00576,COHORT-SC-026,2026-03-12,James Adhiambo,Partially Verified,0.58863,35.26409,Repellat exercitationem ullam repellat distinctio aspernatur voluptatem ea perferendis inventore accusantium.,False
FV-000809,BEN-00577,COHORT-SC-026,2026-03-27,Boniface Odongo,Verified,0.52714,35.31728,Blanditiis cupiditate labore porro sit vitae nobis laborum.,True
FV-000810,BEN-00577,COHORT-SC-026,2026-02-23,Joseph Onyango,verified,0.59379,35.24281,Repellat nulla porro vitae perferendis rem assumenda consequatur deleniti repellendus possimus.,
FV-000811,BEN-00578,COHORT-SC-026,24-Mar-2026,Kendi Njoroge,partial,0.535,35.30191,Similique distinctio officiis officiis ipsa numquam.,True
FV-000812,BEN-00579,COHORT-SC-026,2026-07-03,Amina Gichuki,Verified,0.52571,35.28157,Deleniti error iure labore accusantium cumque corrupti praesentium vitae iusto.,False
FV-000813,BEN-00580,COHORT-SC-026,2026-08-19,Priscilla Kiplagat,Verified,0.43575,35.36171,Nesciunt dicta necessitatibus rerum amet ab occaecati quae voluptatem.,
FV-000814,BEN-00581,COHORT-SC-026,21/03/2026,Felix Gichuki,Verified,0.47199,35.20232,Qui nisi mollitia enim laborum laborum nihil nostrum perspiciatis.,
FV-000815,BEN-00581,COHORT-SC-026,2026-05-13,Violet Nyambura,Verified,0.42483,35.23593,Doloremque aperiam accusantium nemo mollitia eaque officia suscipit blanditiis.,True
FV-000816,BEN-00582,COHORT-SC-026,2026-06-21,Priscilla Kamau,Verified,0.44445,35.24217,Vel expedita possimus accusantium enim deleniti exercitationem doloremque dolor tenetur excepturi.,True
FV-000817,BEN-00582,COHORT-SC-026,2026-08-04,Olive Njoroge,Verified,0.43564,35.17007,Sequi quaerat iusto sunt quam hic impedit velit officiis facere.,
FV-000818,BEN-00583,COHORT-SC-026,2026-04-15,Harrison Chebet,verified,,35.3016,Reiciendis sapiente numquam eligendi quibusdam pariatur consectetur dicta non.,True
FV-000819,BEN-00583,COHORT-SC-026,2026-07-22,Hassan Owino,Verified,0.48253,35.24674,Recusandae velit laudantium doloremque nam.,True
FV-000820,BEN-00584,COHORT-SC-026,2026-07-12,Quinton Nyambura,Partially Verified,0.48886,35.29575,Facere ea perspiciatis cupiditate.,
FV-000821,BEN-00584,COHORT-SC-026,2026-08-17,Zipporah Kariuki,Verified,0.44858,35.23137,Adipisci aperiam inventore nulla blanditiis dolore ducimus excepturi explicabo.,False
FV-000822,BEN-00585,COHORT-SC-026,2026-05-19,Grace Gichuki,No Contact,0.58107,35.1871,Quo nam tempore sequi soluta.,False
FV-000823,BEN-00586,COHORT-SC-026,2026-08-08,David Mugo,Partially Verified,0.42699,35.22622,Pariatur provident unde ipsa itaque sapiente beatae autem nostrum quos.,
FV-000824,BEN-00588,COHORT-PL-001,2026-05-10,Mary Maina,Verified,-1.34596,36.88326,Reprehenderit aliquam autem occaecati sit.,False
FV-000825,BEN-00589,COHORT-PL-001,2026-07-09,Nicholas Awino,verified,-1.35912,36.74386,Culpa eos ipsam magni quasi aut officia ex.,True
FV-000826,BEN-00589,COHORT-PL-001,2026-07-17,Zipporah Mwangi,No Contact,-1.28928,36.89759,Commodi dicta voluptas quisquam ab rerum.,False
FV-000827,BEN-00590,COHORT-PL-001,2026-08-19,Maurice Ochieng,verified,-1.36261,36.90735,Exercitationem magnam assumenda fuga quidem facere pariatur corrupti quidem.,False
FV-000828,BEN-00591,COHORT-PL-001,2026-03-02,Irene Owino,Partially Verified,-1.1991,36.91394,Ratione consequuntur inventore ullam tempore veritatis maiores placeat velit.,False
FV-000829,BEN-00592,COHORT-PL-001,2026-05-17,Irene Mutinda,Verified,,36.75562,Corporis ab rem velit assumenda et voluptatem cum aperiam.,True
FV-000830,BEN-00592,COHORT-PL-001,2026-05-22,Aisha Ndung'u,Verified,-1.2466,36.71874,Optio odit temporibus animi occaecati.,
FV-000831,BEN-00596,COHORT-PL-001,2026-07-30,Uchenna Gichuki,Verified,-1.26132,36.81037,Voluptate in suscipit praesentium sit quam et exercitationem repudiandae tempore.,True
FV-000832,BEN-00596,COHORT-PL-001,2026-05-14,Wanjiku Mugo,Verified,-1.24058,36.82314,Ullam praesentium ipsum dignissimos molestias ratione officiis possimus suscipit quos illo.,True
FV-000833,BEN-00597,COHORT-PL-001,2026-03-12,Kendi Gichuki,Verified,-1.32213,36.90279,Sunt assumenda modi harum quaerat sunt.,True
FV-000834,BEN-00597,COHORT-PL-001,2026-06-28,Priscilla Kariuki,Verified,-1.3074,36.77554,Voluptatibus eligendi at mollitia maxime quidem cum adipisci recusandae nihil.,False
FV-000835,BEN-00598,COHORT-PL-001,2026-05-04,Lilian Rotich,No Contact,-1.2363,36.74318,Rerum esse in magnam quasi sapiente ea.,
FV-000836,BEN-00598,COHORT-PL-001,2026-05-13,Brian Musyoka,Verified,-1.27223,36.73367,Explicabo aliquid officiis commodi error qui iste voluptatem rem.,False
FV-000837,BEN-00599,COHORT-PL-001,2026-03-22,Francis Njoroge,Verified,-1.33025,36.85604,Natus tempora occaecati modi nisi expedita eligendi quos quaerat perferendis.,True
FV-000838,BEN-00600,COHORT-PL-001,31/03/2026,Brian Auma,Referred,-1.37061,36.86072,Maxime dolorum eveniet neque reprehenderit facere atque quae.,False
FV-000839,BEN-00600,COHORT-PL-001,10/08/2026,Harrison Rotich,Verified,-1.3065,36.88723,Aspernatur aperiam suscipit labore ipsum fuga minima nihil.,
FV-000840,BEN-00601,COHORT-PL-001,2026-03-28,James Gichuki,Verified,-1.30454,36.75122,Quod sit nesciunt odio voluptatum porro veniam quasi impedit cum.,False
FV-000841,BEN-00602,COHORT-PL-001,2026-04-17,Gladys Mutua,no contact,-1.38393,36.75474,Consectetur quae consectetur provident sint blanditiis distinctio labore quia.,
FV-000842,BEN-00603,COHORT-PL-001,2026-04-24,Quinton Kariuki,Partially Verified,-1.23779,36.72654,Fuga veritatis nobis illum blanditiis nemo aliquam corrupti fuga voluptatibus.,
FV-000843,BEN-00604,COHORT-PL-001,2026-05-11,Yvonne Githinji,Verified,-1.23014,36.90881,Eos adipisci corporis quos in vel esse.,
FV-000844,BEN-00604,COHORT-PL-001,2026-05-29,Maurice Nyambura,no contact,-1.35406,36.82457,Dolor reprehenderit laborum commodi expedita sit impedit.,
FV-000845,BEN-00605,COHORT-PL-001,2026-06-16,Kezia Were,Verified,-1.30601,36.8612,Est iste excepturi fugiat rerum rerum consequatur consequuntur odio quis.,False
FV-000846,BEN-00605,COHORT-PL-001,2026-08-09,Boniface Kiprotich,Verified,-1.32907,36.74674,Corrupti quas at numquam numquam harum tempore excepturi aliquid.,
FV-000847,BEN-00606,COHORT-PL-001,2026-03-06,Owen Ochieng,Partially Verified,-1.30447,36.78934,Quasi officia sint provident nemo recusandae provident natus commodi.,False
FV-000848,BEN-00607,COHORT-PL-001,2026-03-20,Violet Mugo,Verified,-1.31653,36.7185,Assumenda veritatis molestiae quidem vero maxime quibusdam magnam accusantium omnis.,False
FV-000849,BEN-00607,COHORT-PL-001,2026-03-02,Maurice Rotich,Verified,-1.2799,36.78412,Debitis accusantium ratione doloribus provident suscipit ipsam rem non illo.,
FV-000850,BEN-00608,COHORT-PL-001,09/04/2026,Rose Githinji,Partially Verified,-1.32055,36.76822,Laudantium ut excepturi debitis ad.,False
FV-000851,BEN-00609,COHORT-PL-001,2026-07-12,Olive Ochieng,Verified,-1.32341,36.90404,Et ducimus beatae aut cumque corporis ducimus at esse illum.,False
FV-000852,BEN-00610,COHORT-PL-001,2026-07-11,Caroline Kimani,no contact,-1.3459,36.8502,Animi vero delectus quae error atque.,
FV-000853,BEN-00610,COHORT-PL-001,2026-03-11,Tabitha Odongo,Verified,-1.25296,36.91331,Impedit eveniet fugiat repudiandae commodi dicta.,
FV-000854,BEN-00611,COHORT-PL-001,2026-04-09,Irene Njenga,Verified,-1.21551,36.72595,Nesciunt laudantium quibusdam harum beatae aperiam iure illum laborum illum.,False
FV-000855,BEN-00614,COHORT-PL-001,2026-04-18,David Awino,Partially Verified,-1.23431,36.85331,Totam accusantium mollitia nesciunt aut quis officiis.,True
FV-000856,BEN-00614,COHORT-PL-001,2026-04-29,Zipporah Njenga,Verified,-1.20798,36.77798,Esse illum assumenda odio dignissimos voluptas.,
FV-000857,BEN-00616,COHORT-PL-001,2026-03-20,Maurice Njenga,Verified,-1.34629,36.73212,Molestiae cumque doloribus veritatis vero nam aliquam repellat.,
FV-000858,BEN-00617,COHORT-PL-001,2026-05-02,Irene Njenga,Verified,-1.36831,36.77931,Enim voluptas a ut laboriosam nisi saepe fugit expedita odio nesciunt.,
FV-000859,BEN-00617,COHORT-PL-001,25-Mar-2026,Quinton Rotich,Referred,-1.3753,36.77827,Eligendi cum modi architecto at praesentium rerum quam voluptatum soluta.,True
FV-000860,BEN-00617,COHORT-PL-001,23-Jul-2026,Nicholas Kiplagat,Verified,-1.34473,36.80502,Nostrum vero et placeat exercitationem ea.,
FV-000861,BEN-00618,COHORT-PL-001,2026-04-20,Xavier Nyambura,Verified,-1.34268,36.86022,Earum optio eum distinctio vero eveniet totam consequatur ullam.,True
FV-000862,BEN-00619,COHORT-PL-001,2026-07-05,Raphael Otieno,Verified,-1.3803,36.87726,Labore temporibus perferendis impedit tempora provident quis modi ratione officiis.,
FV-000863,BEN-00620,COHORT-PL-001,2026-08-06,Queen Odongo,Verified,-1.27258,36.72097,Molestiae tempora repellendus ipsum commodi.,False
FV-000864,BEN-00621,COHORT-PL-001,2026-04-19,Owen Wangari,Verified,-1.3397,36.78497,Repudiandae facere debitis quisquam possimus ab iure vel.,True
FV-000865,BEN-00621,COHORT-PL-001,2026-04-09,Owen Mutua,Verified,-1.23057,36.86158,Ab quia quis perspiciatis quae deleniti repellendus numquam repellat.,True
FV-000866,BEN-00622,COHORT-PL-001,2026-04-19,Francis Onyango,Verified,-1.19275,36.74015,Doloremque laudantium facilis eligendi temporibus provident distinctio.,
FV-000867,BEN-00623,COHORT-PL-001,2026-04-01,Cynthia Auma,Partially Verified,-1.33565,36.83148,Voluptates odit beatae eius magnam cupiditate.,False
FV-000868,BEN-00623,COHORT-PL-001,2026-05-25,Patrick Rotich,Partially Verified,-1.20574,36.84219,Optio natus placeat natus aperiam consectetur.,True
FV-000869,BEN-00624,COHORT-PL-001,18/07/2026,Caroline Were,Verified,-1.21276,36.78914,Consectetur ut sequi sunt quas.,False
FV-000870,BEN-00624,COHORT-PL-001,2026-08-16,Owen Njenga,No Contact,-1.3124,36.81279,Deleniti perspiciatis voluptatibus possimus minus ducimus nam.,False
FV-000871,BEN-00625,COHORT-PL-001,18/03/2026,Leonard Owino,Verified,-1.25533,36.8323,A incidunt perferendis officiis sequi eum sapiente illum commodi.,True
FV-000872,BEN-00626,COHORT-PL-001,2026-07-19,Amina Odongo,Referred,-1.18927,36.82173,Iure facere quis sunt dolore eius in ipsum a deserunt.,
FV-000873,BEN-00626,COHORT-PL-001,2026-03-26,Mary Githinji,Verified,-1.2989,36.85394,Sunt rem voluptatibus dolorem porro.,False
FV-000874,BEN-00627,COHORT-PL-001,2026-05-31,Tabitha Ndung'u,Verified,-1.26693,36.88317,Totam deserunt eveniet aperiam numquam.,True
FV-000875,BEN-00627,COHORT-PL-001,2026-02-24,Kendi Mutua,Verified,-1.25468,36.7602,Laboriosam repellat nihil numquam ex.,False
FV-000876,BEN-00628,COHORT-PL-001,2026-06-23,Priscilla Musyoka,Partially Verified,-1.29538,36.72652,Doloribus labore vero rerum reprehenderit maxime dolores.,True
FV-000877,BEN-00629,COHORT-PL-001,2026-03-25,Rose Wanjiku,No Contact,-1.2272,36.89631,Quod nulla quisquam numquam neque.,
FV-000878,BEN-00630,COHORT-PL-001,2026-03-29,Cynthia Waweru,Verified,-1.254,36.88444,Voluptate totam fugiat suscipit possimus.,False
FV-000879,BEN-00630,COHORT-PL-001,2026-05-16,Amina Kiplagat,Verified,-1.37497,36.82563,Aperiam rem amet nostrum inventore aut.,
FV-000880,BEN-00631,COHORT-PL-001,2026-05-10,Amina Maina,Verified,-1.36314,36.86076,Nam eos fugit atque quibusdam.,True
FV-000881,BEN-00631,COHORT-PL-001,2026-05-26,Raphael Onyango,Verified,-1.24334,36.82165,Sint ratione numquam iste iure incidunt nulla.,
FV-000882,BEN-00632,COHORT-PL-001,2026-06-14,Patrick Owino,Verified,-1.24432,36.76782,Excepturi vel quos iste eveniet.,False
FV-000883,BEN-00632,COHORT-PL-001,2026-04-23,Irene Kamau,Referred,-1.31034,36.77569,Autem accusamus quae nihil sapiente temporibus.,
FV-000884,BEN-00632,COHORT-PL-001,2026-06-16,Joseph Onyango,Verified,-1.36652,36.77519,Odit ducimus in quam ipsam doloribus.,
FV-000885,BEN-00633,COHORT-PL-001,2026-06-18,Seun Nyambura,Verified,-1.33924,36.71818,Aperiam est ipsa vero quidem.,True
FV-000886,BEN-00633,COHORT-PL-001,2026-03-05,Tabitha Awino,Verified,-1.33326,36.88889,Nesciunt molestiae corporis iusto nobis enim voluptas.,
FV-000887,BEN-00633,COHORT-PL-001,2026-08-02,Francis Ndung'u,no contact,-1.33228,36.78749,Nesciunt perspiciatis animi magni saepe similique in deserunt dicta tenetur.,False
FV-000888,BEN-00634,COHORT-PL-001,2026-05-31,Raphael Kimani,Verified,-1.27215,36.72421,Exercitationem pariatur possimus voluptatem nobis.,
FV-000889,BEN-00634,COHORT-PL-001,2026-06-08,Felix Onyango,Verified,-1.27456,36.90895,Sequi necessitatibus excepturi error eveniet autem soluta tenetur.,False
FV-000890,BEN-00634,COHORT-PL-001,2026-04-20,Stephen Achieng,partial,-1.3318,36.73254,Dolor a dolore dolorem numquam dolores quasi veritatis ex.,True
FV-000891,BEN-00635,COHORT-PL-001,2026-08-17,Quinton Simiyu,Verified,-1.21328,36.88019,Dignissimos delectus voluptatibus facilis asperiores adipisci beatae enim.,
FV-000892,BEN-00637,COHORT-PL-001,2026-03-14,Queen Were,Verified,-1.28057,36.77662,Occaecati totam facere voluptate dicta eligendi.,
FV-000893,BEN-00637,COHORT-PL-001,2026-04-11,Caroline Ndung'u,Verified,-1.23833,36.74747,Suscipit quaerat excepturi mollitia debitis accusantium sapiente.,False
FV-000894,BEN-00637,COHORT-PL-001,2026-06-06,Brian Otieno,Partially Verified,-1.1865,36.90573,Accusantium perspiciatis fugiat ratione beatae.,True
FV-000895,BEN-00638,COHORT-PL-001,2026-05-13,Gladys Waweru,Verified,-1.25427,36.73303,Esse dolores repellat optio velit voluptate.,False
FV-000896,BEN-00638,COHORT-PL-001,2026-07-16,Grace Were,Partially Verified,-1.38508,36.91655,Sunt soluta aperiam corporis unde recusandae deleniti fugiat fugiat nobis voluptate.,False
FV-000897,BEN-00638,COHORT-PL-001,2026-08-03,Violet Awino,no contact,-1.24017,36.8572,Ullam quis nesciunt sequi eos corrupti doloribus.,
FV-000898,BEN-00640,COHORT-PL-001,2026-06-24,Francis Githinji,no contact,-1.31828,36.81718,Recusandae sit sed voluptas suscipit distinctio aspernatur iusto optio aperiam magni.,False
FV-000899,BEN-00640,COHORT-PL-001,07/03/2026,Eunice Mugo,partial,-1.1972,36.84412,Fugiat maxime debitis quae minima laboriosam veritatis labore neque odit.,False
FV-000900,BEN-00641,COHORT-PL-001,2026-06-04,Nancy Ndung'u,No Contact,-1.24583,36.84732,Officiis dignissimos tempora iste doloremque dolor incidunt fugiat culpa sapiente.,True
FV-000901,BEN-00642,COHORT-PL-001,2026-03-24,Dennis Odongo,no contact,-1.23516,36.84777,Mollitia consequatur assumenda ipsam expedita nesciunt iure.,True
FV-000902,BEN-00643,COHORT-PL-001,2026-04-13,Seun Gichuki,Verified,-1.26928,36.79632,Excepturi iste inventore facilis libero earum ad ipsam eaque asperiores temporibus.,False
FV-000903,BEN-00644,COHORT-PL-001,2026-05-01,Leonard Kimani,Verified,-1.19488,36.79438,Sapiente maiores officia ratione unde atque architecto.,True
FV-000904,BEN-00645,COHORT-PL-001,2026-07-22,Caroline Kiprotich,Verified,,36.89111,Molestias ex perferendis dolorum quia.,True
FV-000905,BEN-00646,COHORT-PL-001,2026-03-24,Amina Simiyu,Verified,-1.26371,36.87326,Deleniti nobis consequuntur sequi quaerat molestiae ea.,False
FV-000906,BEN-00646,COHORT-PL-001,22/05/2026,Leonard Otieno,Verified,-1.20403,36.84955,Eligendi expedita voluptatum veniam reprehenderit quidem accusamus.,
FV-000907,BEN-00647,COHORT-PL-001,2026-06-21,Zipporah Achieng,no contact,-1.18996,36.855,Voluptatibus veritatis sint dolorem quam distinctio doloremque nesciunt mollitia iusto.,False
FV-000908,BEN-00648,COHORT-PL-001,19/06/2026,Olive Owino,no contact,-1.33275,36.89636,Exercitationem assumenda sapiente inventore velit in ipsa sequi adipisci.,False
FV-000909,BEN-00649,COHORT-PL-001,2026-05-19,Lilian Kariuki,Verified,-1.26777,36.73192,Neque consectetur velit ab repellat rerum.,
FV-000910,BEN-00650,COHORT-PL-001,2026-06-30,Quinton Auma,Verified,-1.31448,36.87563,Dolorem incidunt quibusdam quis porro error nesciunt necessitatibus.,
FV-000911,BEN-00650,COHORT-PL-001,2026-03-24,Zipporah Adhiambo,Verified,-1.2832,36.86354,Ullam corrupti veritatis ex occaecati.,
FV-000912,BEN-00651,COHORT-PL-001,2026-07-22,Joseph Onyango,Verified,-1.30314,36.85302,Totam nemo hic fugit veniam aperiam harum labore eveniet vitae.,True
FV-000913,BEN-00653,COHORT-PL-001,2026-03-16,Brian Kiprotich,Partially Verified,-1.36696,36.78435,At aut mollitia adipisci porro laborum delectus.,False
FV-000914,BEN-00654,COHORT-PL-001,2026-03-06,Yvonne Ndung'u,Verified,-1.23272,36.79462,Tenetur harum dignissimos enim minima.,False
FV-000915,BEN-00654,COHORT-PL-001,14/07/2026,Seun Achieng,Partially Verified,-1.20936,36.78978,Animi maxime cupiditate similique illum culpa beatae modi laboriosam.,True
FV-000916,BEN-00655,COHORT-PL-001,2026-05-06,Harrison Wanjiku,Verified,-1.22712,36.7458,Harum temporibus dignissimos sit est.,True
FV-000917,BEN-00655,COHORT-PL-001,2026-04-14,Nicholas Auma,Verified,-1.36021,36.75532,Culpa nemo est dicta quaerat itaque dicta voluptatibus ipsum.,False
FV-000918,BEN-00657,COHORT-PL-001,2026-02-22,Aisha Ochieng,Verified,-1.35708,36.9047,Non doloribus eveniet necessitatibus laudantium iure aliquam at.,False
FV-000919,BEN-00657,COHORT-PL-001,2026-03-12,Violet Musyoka,Partially Verified,-1.19964,36.77725,Expedita sapiente recusandae hic reprehenderit sed impedit debitis nulla.,
FV-000920,BEN-00658,COHORT-PL-001,2026-05-08,Stephen Waweru,verified,-1.34627,36.86881,Itaque tenetur delectus necessitatibus hic veniam dolores sit earum.,False
FV-000921,BEN-00659,COHORT-PL-001,2026-07-15,Stephen Were,Partially Verified,-1.30217,36.80648,Modi pariatur architecto quas temporibus tenetur illum quis commodi fuga quidem.,
FV-000922,BEN-00660,COHORT-PL-001,29-Apr-2026,Leonard Musyoka,Partially Verified,-1.33918,36.75989,Quisquam eveniet iste ducimus magni iure asperiores possimus quibusdam.,False
FV-000923,BEN-00660,COHORT-PL-001,2026-05-31,Stephen Auma,Verified,-1.36634,36.91697,Exercitationem id deserunt alias dolorum quae consequatur pariatur.,
FV-000924,BEN-00661,COHORT-PL-001,2026-06-05,Tabitha Awino,Verified,-1.35299,36.86878,Laborum architecto molestias doloribus veniam consequuntur reprehenderit sapiente cupiditate.,
FV-000925,BEN-00662,COHORT-PL-001,2026-06-29,Lilian Wangari,Verified,-1.18981,36.83782,Non debitis commodi qui.,False
FV-000926,BEN-00663,COHORT-PL-001,2026-04-08,Yvonne Adhiambo,Verified,-1.27438,36.90845,Aspernatur quis perspiciatis corrupti facere dolor.,False
FV-000927,BEN-00663,COHORT-PL-001,2026-06-08,Gladys Nyambura,Verified,-1.26468,36.75446,Tempora minus ipsam aliquid odio.,
FV-000928,BEN-00665,COHORT-PL-001,08-Jun-2026,Patrick Auma,Verified,-1.2224,36.75633,Odit quaerat tempore hic est amet a quo quisquam ut.,True
FV-000929,BEN-00665,COHORT-PL-001,2026-08-06,Wanjiku Were,Referred,-1.31828,36.75546,Tenetur dicta accusamus adipisci accusamus reprehenderit perspiciatis aperiam.,True
FV-000930,BEN-00666,COHORT-PL-001,04/03/2026,Lilian Musyoka,Verified,-1.32983,36.7425,Reiciendis rerum cumque cumque impedit.,
FV-000931,BEN-00667,COHORT-PL-001,2026-05-01,Felix Nyambura,Verified,-1.20759,36.81087,Repellendus eum occaecati numquam vel.,
FV-000932,BEN-00667,COHORT-PL-001,2026-03-31,Queen Omondi,Verified,-1.22277,36.89443,Vel blanditiis distinctio explicabo cupiditate illo et harum.,True
FV-000933,BEN-00668,COHORT-PL-001,26/04/2026,Caroline Were,partial,-1.30025,36.89916,Dolore omnis eius numquam aliquam suscipit illum quisquam libero.,False
FV-000934,BEN-00669,COHORT-PL-001,21-Jun-2026,Violet Otieno,Partially Verified,-1.28935,36.77738,Quae recusandae ullam necessitatibus dolorum.,False
FV-000935,BEN-00669,COHORT-PL-001,2026-04-06,Kezia Onyango,Verified,-1.27965,36.79686,Nobis voluptatem possimus perspiciatis voluptas.,True
FV-000936,BEN-00670,COHORT-PL-001,2026-03-22,Aisha Awino,Verified,-1.19507,36.85674,Ex odio sunt et sed laboriosam.,False
FV-000937,BEN-00671,COHORT-PL-001,2026-05-20,Eunice Mwangi,Verified,-1.23799,36.89994,Accusantium totam ipsum maiores quia magnam provident accusamus.,False
FV-000938,BEN-00671,COHORT-PL-001,2026-08-12,Seun Mwangi,Verified,-1.19566,36.85768,Nulla tempore est qui.,True
FV-000939,BEN-00672,COHORT-PL-001,2026-05-23,Dennis Waweru,Partially Verified,-1.37459,36.78215,Nulla animi fugiat eos corrupti dignissimos alias.,
FV-000940,BEN-00673,COHORT-PL-001,2026-03-13,Maurice Were,Verified,-1.29577,36.8432,Voluptates ipsam soluta consequatur et ratione aliquam recusandae impedit repellat.,True
FV-000941,BEN-00673,COHORT-PL-001,2026-07-27,Owen Auma,Verified,-1.33446,36.74468,Dolorem quasi exercitationem dignissimos amet.,False
FV-000942,BEN-00674,COHORT-PL-001,30/06/2026,Esther Otieno,Verified,-1.19708,36.8902,Reiciendis possimus dolore sit maxime delectus occaecati.,False
FV-000943,BEN-00674,COHORT-PL-001,2026-07-24,Wanjiku Mugo,Partially Verified,-1.29475,36.77855,Sit architecto deserunt odio consequuntur.,True
FV-000944,BEN-00675,COHORT-PL-001,2026-07-22,Seun Owino,No Contact,-1.19118,36.80575,Commodi cupiditate molestias recusandae dignissimos magni.,True
FV-000945,BEN-00676,COHORT-PL-001,2026-07-02,Patrick Kariuki,no contact,-1.28176,36.73188,Quam est quam doloribus debitis dolorum eligendi ipsum odio.,True
FV-000946,BEN-00676,COHORT-PL-001,2026-05-20,Eunice Waweru,Verified,-1.37856,36.87999,Similique laboriosam veritatis facere fugiat iusto in.,False
FV-000947,BEN-00677,COHORT-PL-001,2026-03-30,Tabitha Mwangi,Verified,-1.25943,36.8702,Quasi quis reprehenderit recusandae accusantium fugit sequi quis ullam nisi corrupti.,False
FV-000948,BEN-00677,COHORT-PL-001,2026-05-13,Uchenna Gichuki,Verified,-1.22453,36.90597,Ducimus iure iste fugiat non asperiores.,
FV-000949,BEN-00678,COHORT-PL-001,2026-02-28,James Chebet,no contact,-1.21732,36.75662,Quaerat deserunt totam a similique quas.,True
FV-000950,BEN-00678,COHORT-PL-001,2026-07-27,Dennis Gichuki,Partially Verified,-1.36545,36.8002,Laudantium unde velit voluptas fuga laudantium odit nihil.,False
FV-000951,BEN-00680,COHORT-PL-001,2026-07-10,Nicholas Kimani,Verified,-1.36686,36.87739,Suscipit voluptatibus commodi ut cum quis vero quo.,True
FV-000952,BEN-00681,COHORT-PL-001,2026-03-06,Xavier Achieng,Partially Verified,,36.81181,Magni laborum porro possimus officiis unde quasi doloribus.,False
FV-000953,BEN-00681,COHORT-PL-001,08-Aug-2026,Zipporah Kamau,Partially Verified,-1.19577,36.82413,Ullam facere provident adipisci pariatur.,True
FV-000954,BEN-00681,COHORT-PL-001,2026-08-18,Boniface Owino,Partially Verified,-1.33729,36.83041,Ea iste perspiciatis ducimus nobis veritatis.,False
FV-000955,BEN-00682,COHORT-PL-001,2026-05-13,Hassan Ndung'u,Referred,-1.33647,36.74518,Accusamus quo officia totam id nesciunt.,False
FV-000956,BEN-00683,COHORT-PL-001,2026-07-03,Lilian Kiprotich,Verified,-1.30529,36.87127,Maxime deleniti in rerum ducimus.,
FV-000957,BEN-00684,COHORT-PL-001,2026-05-13,Irene Kamau,Verified,-1.25012,36.77642,Magnam modi suscipit nesciunt quasi quibusdam unde.,True
FV-000958,BEN-00685,COHORT-PL-001,21-Apr-2026,Joseph Otieno,Verified,-1.19298,36.91393,Autem nemo reiciendis repellendus eaque.,True
FV-000959,BEN-00685,COHORT-PL-001,2026-05-30,Cynthia Mutinda,Referred,-1.20216,36.83562,Ut id est voluptates repellendus a.,
FV-000960,BEN-00686,COHORT-PL-001,2026-03-20,Raphael Kimani,Verified,-1.21288,36.89688,Quo in impedit enim inventore.,True
FV-000961,BEN-00687,COHORT-PL-001,07-Mar-2026,Olive Owino,Verified,-1.19273,36.73472,Fugiat provident dicta delectus veniam iste.,True
FV-000962,BEN-00688,COHORT-PL-001,2026-08-02,Queen Maina,no contact,-1.276,36.73886,Delectus animi delectus quis ea temporibus.,
FV-000963,BEN-00689,COHORT-PL-001,2026-07-03,Raphael Githinji,Partially Verified,-1.35279,36.78272,Ipsam totam autem odio aspernatur assumenda commodi aperiam.,
FV-000964,BEN-00690,COHORT-PL-001,2026-08-03,Cynthia Waweru,Partially Verified,-1.362,36.78831,Nesciunt labore perferendis aut aperiam.,
FV-000965,BEN-00690,COHORT-PL-001,2026-05-30,Brian Awino,Partially Verified,-1.28085,36.90296,Pariatur ratione aliquam distinctio.,
FV-000966,BEN-00690,COHORT-PL-001,2026-08-08,Brian Mutinda,verified,-1.35004,36.7802,Fugiat maxime vitae eaque.,False
FV-000967,BEN-00691,COHORT-PL-001,2026-06-28,Tabitha Kimani,Verified,-1.22581,36.76919,Labore excepturi inventore fuga tempora voluptatum repellendus velit pariatur.,
FV-000968,BEN-00691,COHORT-PL-001,21/03/2026,Boniface Githinji,No Contact,-1.19534,36.81239,Nostrum voluptate sit rem a sit illo saepe.,
FV-000969,BEN-00692,COHORT-PL-001,2026-02-25,Kendi Otieno,Referred,-1.24391,36.78254,Ad commodi minus veritatis quibusdam dolorum.,
FV-000970,BEN-00693,COHORT-PL-001,2026-06-15,Seun Mugo,Verified,-1.2447,36.86604,Nulla omnis labore impedit deleniti voluptates vero repellat accusantium.,
FV-000971,BEN-00693,COHORT-PL-001,23/04/2026,Maurice Simiyu,Verified,-1.37696,36.83734,Sit voluptas quasi perspiciatis doloremque laborum qui recusandae.,False
FV-000972,BEN-00694,COHORT-PL-001,2026-02-25,Priscilla Waweru,Verified,-1.23872,36.90479,Incidunt ut ut voluptates sequi temporibus quasi eos.,True
FV-000973,BEN-00696,COHORT-PL-002,2026-05-07,Tabitha Awino,Partially Verified,-4.02636,39.64258,Quae sit soluta quos quaerat adipisci.,False
FV-000974,BEN-00697,COHORT-PL-002,2026-05-31,Caroline Were,Verified,-3.96427,39.60826,Reiciendis error perferendis molestias soluta cumque ipsum blanditiis optio.,False
FV-000975,BEN-00698,COHORT-PL-002,2026-06-20,Wanjiku Wangari,Partially Verified,-3.95527,39.59506,Doloribus cupiditate velit praesentium autem voluptatibus adipisci.,True
FV-000976,BEN-00698,COHORT-PL-002,2026-06-09,James Mwangi,Partially Verified,-3.97542,39.70789,Temporibus quisquam dolore ducimus labore tempore commodi consequatur.,
FV-000977,BEN-00699,COHORT-PL-002,2026-05-16,Kendi Simiyu,Referred,-3.98163,39.63638,Odio laudantium recusandae ex dolore nemo unde aperiam exercitationem tenetur.,
FV-000978,BEN-00700,COHORT-PL-002,2026-05-31,Maurice Njenga,verified,-4.06712,39.65943,Omnis quos vitae ipsa doloremque ea enim beatae.,
FV-000979,BEN-00700,COHORT-PL-002,22/06/2026,Caroline Ochieng,partial,-3.95056,39.6834,Qui vel quia blanditiis facilis sequi veritatis nemo.,False
FV-000980,BEN-00702,COHORT-PL-002,11-May-2026,Priscilla Onyango,Partially Verified,-4.13786,39.68608,Est nihil deleniti harum.,False
FV-000981,BEN-00702,COHORT-PL-002,2026-03-03,Joseph Njoroge,Verified,,39.67374,Eum facilis perspiciatis recusandae maxime nobis dolore hic modi.,True
FV-000982,BEN-00703,COHORT-PL-002,2026-03-03,David Simiyu,Verified,-4.07965,39.75542,Et repellendus error dolor perspiciatis corporis eligendi quia sed.,
FV-000983,BEN-00704,COHORT-PL-002,2026-03-22,Lilian Adhiambo,Partially Verified,-4.10399,39.75465,Nisi est voluptatibus commodi voluptatum.,True
FV-000984,BEN-00705,COHORT-PL-002,2026-07-16,Gladys Rotich,Verified,-4.03276,39.59906,Laboriosam repudiandae libero provident fugiat voluptatem ex repudiandae distinctio quasi.,
FV-000985,BEN-00706,COHORT-PL-002,2026-05-01,Quinton Njoroge,Verified,-4.07006,39.73519,Praesentium amet sint debitis laborum hic voluptates.,False
FV-000986,BEN-00707,COHORT-PL-002,2026-04-18,Boniface Kariuki,No Contact,-4.07905,39.75384,Voluptatibus molestias excepturi perspiciatis voluptatibus quidem.,
FV-000987,BEN-00707,COHORT-PL-002,2026-04-15,Lilian Adhiambo,no contact,-3.97181,39.61651,Asperiores quas eligendi ullam praesentium molestias atque eum.,False
FV-000988,BEN-00708,COHORT-PL-002,2026-05-11,Owen Omondi,Partially Verified,-4.10077,39.67543,Sint amet vel esse omnis neque ipsam laboriosam tempore distinctio.,False
FV-000989,BEN-00709,COHORT-PL-002,2026-07-05,Gladys Ndung'u,Partially Verified,-4.12551,39.62373,Quasi ab quas nemo perspiciatis voluptates.,False
FV-000990,BEN-00709,COHORT-PL-002,2026-05-07,Patrick Rotich,Verified,-4.09403,39.63611,Fugiat voluptatem perspiciatis cumque animi explicabo.,
FV-000991,BEN-00710,COHORT-PL-002,2026-06-08,Priscilla Kiprotich,Verified,-3.9985,39.70063,Debitis amet voluptatem officiis nihil voluptas occaecati illo alias.,True
FV-000992,BEN-00710,COHORT-PL-002,2026-06-06,Xavier Kiprotich,Verified,-3.95567,39.70468,Id esse nisi cupiditate quia quod voluptatibus.,
FV-000993,BEN-00711,COHORT-PL-002,2026-06-10,Quinton Odongo,Partially Verified,-4.12897,39.59582,Quod sint officiis eius officiis.,True
FV-000994,BEN-00712,COHORT-PL-002,2026-06-22,Mary Maina,Referred,-4.05338,39.74404,Accusamus blanditiis commodi odit tenetur dolore nesciunt voluptates.,True
FV-000995,BEN-00715,COHORT-PL-002,2026-07-05,Lilian Wanjiku,Partially Verified,-4.01599,39.57366,Earum quia recusandae debitis laborum officia inventore necessitatibus aut.,False
FV-000996,BEN-00716,COHORT-PL-002,2026-05-10,Olive Njoroge,Partially Verified,-4.12221,39.57518,Quae similique modi illo praesentium.,
FV-000997,BEN-00718,COHORT-PL-002,2026-06-09,Wanjiku Auma,Partially Verified,-4.07545,39.71304,Nam modi repellat laborum maxime nesciunt quae ratione.,False
FV-000998,BEN-00719,COHORT-PL-002,2026-04-10,David Simiyu,No Contact,-4.13456,39.65689,Quidem dignissimos omnis blanditiis similique possimus.,True
FV-000999,BEN-00719,COHORT-PL-002,2026-07-02,Nancy Chebet,Verified,-4.13355,39.69216,Mollitia reiciendis commodi consectetur.,False
FV-001000,BEN-00720,COHORT-PL-002,2026-05-31,Leonard Njenga,Verified,-4.13147,39.73795,Officiis assumenda ducimus quidem assumenda commodi.,
FV-001001,BEN-00721,COHORT-PL-002,2026-04-20,Harrison Kariuki,Verified,-4.08785,39.60992,Facilis molestias in veniam a error veniam.,True
FV-001002,BEN-00721,COHORT-PL-002,2026-05-09,Francis Chebet,Verified,-4.00325,39.59769,Temporibus eos modi consequuntur laudantium est tenetur voluptatum non magni.,True
FV-001003,BEN-00722,COHORT-PL-002,2026-07-04,Nancy Nyambura,Verified,-4.04352,39.66862,Optio aliquid alias consequuntur sequi.,
FV-001004,BEN-00722,COHORT-PL-002,2026-05-01,Queen Maina,verified,-4.00897,39.74046,Vero nobis dolor facere consectetur numquam.,False
FV-001005,BEN-00722,COHORT-PL-002,2026-08-04,Francis Kamau,Partially Verified,-4.01221,39.67483,Mollitia ea officiis cum itaque.,
FV-001006,BEN-00724,COHORT-PL-002,2026-04-26,Lilian Mugo,Verified,-3.95061,39.74988,Perspiciatis velit corporis dignissimos occaecati earum odio.,
FV-001007,BEN-00725,COHORT-PL-002,2026-05-07,Olive Wangari,Verified,-4.0056,39.71821,Quaerat natus officia maiores cum reprehenderit.,
FV-001008,BEN-00725,COHORT-PL-002,2026-06-23,Rose Njoroge,Verified,-4.05429,39.65168,Voluptatibus inventore ad nobis aspernatur commodi beatae molestias.,
FV-001009,BEN-00726,COHORT-PL-002,31/05/2026,Yvonne Kiplagat,No Contact,-3.94477,39.58801,Eveniet at tenetur quod corporis.,
FV-001010,BEN-00727,COHORT-PL-002,2026-07-06,Wanjiku Kimani,Verified,-4.10066,39.69987,Earum atque voluptatem dolore veritatis quos commodi.,True
FV-001011,BEN-00727,COHORT-PL-002,2026-05-11,Nancy Wanjiku,Referred,-3.97773,39.61014,Quas esse reprehenderit laudantium minus praesentium sint mollitia non tempore.,
FV-001012,BEN-00728,COHORT-PL-002,20-Jun-2026,Stephen Kimani,Verified,-4.0522,39.59315,Et quibusdam debitis rem perspiciatis ratione.,False
FV-001013,BEN-00728,COHORT-PL-002,2026-04-22,Irene Owino,Verified,-4.02865,39.65702,Nisi sed labore consectetur ab maiores culpa commodi fugiat quasi.,True
FV-001014,BEN-00732,COHORT-PL-002,2026-08-18,Felix Gichuki,No Contact,-4.06863,39.65079,Ullam odit fuga quod perspiciatis.,True
FV-001015,BEN-00732,COHORT-PL-002,2026-04-08,Hassan Odongo,No Contact,-4.07309,39.70242,Provident delectus voluptates reiciendis magnam eius incidunt velit sunt.,
FV-001016,BEN-00733,COHORT-PL-002,2026-07-10,Zipporah Ndung'u,verified,-4.0999,39.62903,Esse similique veniam illo est at aspernatur.,False
FV-001017,BEN-00733,COHORT-PL-002,27-Mar-2026,Eunice Omondi,Verified,-3.9905,39.72452,Velit cumque animi quia mollitia laudantium soluta.,True
FV-001018,BEN-00734,COHORT-PL-002,2026-06-10,Rose Kiprotich,Verified,,39.60644,Perspiciatis ut consequatur libero placeat perspiciatis minus commodi accusamus.,True
FV-001019,BEN-00735,COHORT-PL-002,25-Mar-2026,Uchenna Ndung'u,No Contact,-4.05491,39.74268,Tenetur quia quae praesentium quibusdam doloribus.,True
FV-001020,BEN-00736,COHORT-PL-002,2026-07-11,Patrick Kimani,No Contact,-3.99883,39.64731,Placeat aliquam ipsum cumque ut quis temporibus cupiditate facilis consequatur.,False
FV-001021,BEN-00737,COHORT-PL-002,2026-08-06,Eunice Kariuki,No Contact,-4.11877,39.67041,Veritatis in fugiat fuga beatae totam dolorum molestiae.,
FV-001022,BEN-00738,COHORT-PL-002,2026-03-05,Xavier Kimani,Verified,-4.10297,39.71404,Enim laboriosam eaque a occaecati hic.,
FV-001023,BEN-00739,COHORT-PL-002,2026-08-02,Felix Mutinda,Verified,-4.04608,39.68605,Ut vero maiores tempora vel tempora sed.,False
FV-001024,BEN-00740,COHORT-PL-002,2026-06-28,Rose Mutua,Partially Verified,-4.09787,39.72012,Explicabo nulla eveniet explicabo a.,False
FV-001025,BEN-00740,COHORT-PL-002,2026-06-26,Owen Otieno,Verified,-4.04583,39.72012,Illo ab inventore deserunt minus tempore.,True
FV-001026,BEN-00740,COHORT-PL-002,2026-07-07,Rose Wangari,Verified,-4.0008,39.69311,Commodi laborum culpa omnis dolorem hic error incidunt.,
FV-001027,BEN-00742,COHORT-PL-002,2026-05-02,Queen Waweru,verified,-4.10757,39.74211,Modi earum voluptatibus omnis ipsa consequuntur.,
FV-001028,BEN-00742,COHORT-PL-002,2026-04-27,Nicholas Odongo,Verified,-4.11433,39.59371,Ab sunt quae beatae eligendi consequatur in ex adipisci.,False
FV-001029,BEN-00745,COHORT-PL-002,2026-04-05,Seun Owino,Partially Verified,-4.01922,39.65449,Veniam vero voluptatem blanditiis laudantium libero.,True
FV-001030,BEN-00745,COHORT-PL-002,2026-05-05,Grace Otieno,Verified,-4.03092,39.60295,Eveniet quisquam sunt magnam unde sapiente.,True
FV-001031,BEN-00748,COHORT-PL-002,2026-04-09,Maurice Omondi,Partially Verified,-4.02352,39.73473,Consectetur vero recusandae commodi exercitationem accusamus placeat amet.,True
FV-001032,BEN-00748,COHORT-PL-002,24/04/2026,Aisha Wangari,Verified,-3.96479,39.68846,Inventore nisi ab laboriosam eligendi assumenda inventore nulla.,True
FV-001033,BEN-00750,COHORT-PL-002,2026-06-26,Violet Owino,Verified,-4.10176,39.59704,Deleniti eligendi beatae ea praesentium pariatur inventore labore quos aut.,True
FV-001034,BEN-00750,COHORT-PL-002,2026-07-26,Esther Mutua,Verified,-4.03636,39.73585,Nostrum deleniti sequi occaecati corrupti blanditiis illo earum deleniti.,True
FV-001035,BEN-00751,COHORT-PL-002,2026-06-30,Violet Mwangi,Verified,-4.01434,39.70307,Incidunt nulla at amet illum esse.,True
FV-001036,BEN-00751,COHORT-PL-002,2026-04-11,Irene Waweru,Verified,-4.00441,39.73442,Dolore incidunt aperiam incidunt amet beatae facilis.,False
FV-001037,BEN-00752,COHORT-PL-002,2026-06-04,Grace Musyoka,Partially Verified,-4.09613,39.61285,Quae doloribus tempora delectus a optio eum eligendi.,
FV-001038,BEN-00753,COHORT-PL-002,2026-04-17,James Kiplagat,Verified,-4.02715,39.72153,Tenetur aut delectus veniam facilis esse atque.,
FV-001039,BEN-00754,COHORT-PL-002,2026-07-14,Nicholas Kimani,Partially Verified,-4.08495,39.71506,Placeat quo consectetur facere.,False
FV-001040,BEN-00756,COHORT-PL-002,2026-04-27,Patrick Awino,Verified,-4.05621,39.7352,Quia nihil non dolores eius nesciunt assumenda autem.,True
FV-001041,BEN-00757,COHORT-PL-002,2026-03-21,Zipporah Odongo,Partially Verified,-4.00069,39.76609,Quia blanditiis nesciunt totam omnis deleniti provident unde asperiores molestias exercitationem.,True
FV-001042,BEN-00758,COHORT-PL-002,10/05/2026,Tabitha Onyango,No Contact,-4.09275,39.58835,Voluptatibus dicta quam aliquam deleniti mollitia dolorum soluta sequi.,True
FV-001043,BEN-00758,COHORT-PL-002,2026-06-14,Caroline Musyoka,Verified,-4.05016,39.58301,Voluptate tempora ipsum quaerat tenetur architecto in ut magnam accusantium.,
FV-001044,BEN-00759,COHORT-PL-002,2026-04-26,Uchenna Njenga,Partially Verified,-4.00707,39.76496,Earum voluptas enim veritatis aperiam voluptas deleniti repellendus libero minus.,
FV-001045,BEN-00760,COHORT-PL-002,2026-07-10,Harrison Adhiambo,Partially Verified,-4.08188,39.71521,Voluptas cumque quibusdam fugit quod id earum delectus cum dolor.,
FV-001046,BEN-00761,COHORT-PL-002,2026-08-04,Raphael Kariuki,partial,-4.04002,39.61254,Sunt ratione iste provident.,True
FV-001047,BEN-00762,COHORT-PL-002,2026-07-08,Owen Maina,Verified,-4.11534,39.63615,Ea sequi eos eaque blanditiis dolore modi eos odit velit.,
FV-001048,BEN-00763,COHORT-PL-002,2026-05-06,Esther Auma,Verified,-4.09915,39.66077,Unde earum ratione odit dolorum reprehenderit modi.,
FV-001049,BEN-00763,COHORT-PL-002,2026-07-03,Owen Kiplagat,Partially Verified,-4.13872,39.70471,Officiis odio voluptas eveniet.,
FV-001050,BEN-00764,COHORT-PL-002,2026-05-08,Owen Awino,Verified,-4.07902,39.58301,Eaque consequatur tempore eos voluptates numquam ab explicabo quas eius.,False
FV-001051,BEN-00765,COHORT-PL-002,2026-06-24,James Maina,No Contact,-4.0775,39.59874,Voluptas modi voluptatem quod quos autem quia.,
FV-001052,BEN-00766,COHORT-PL-002,2026-08-09,Joseph Were,Verified,-4.13159,39.64176,Veniam ducimus numquam nobis dignissimos ipsam eveniet dignissimos.,False
FV-001053,BEN-00767,COHORT-PL-002,2026-05-20,Violet Githinji,no contact,-4.0226,39.68504,Repellat quidem culpa doloremque quas fuga temporibus atque delectus delectus similique.,False
FV-001054,BEN-00767,COHORT-PL-002,2026-05-05,Felix Mwangi,Verified,-4.12722,39.71065,Necessitatibus velit debitis eligendi est suscipit.,
FV-001055,BEN-00769,COHORT-PL-002,2026-05-29,Joseph Wanjiku,Verified,-4.06478,39.72262,Porro deleniti corporis incidunt iste officia illo quam.,False
FV-001056,BEN-00769,COHORT-PL-002,27/05/2026,Francis Awino,Verified,-4.08202,39.72185,Quas repellat nobis fugiat accusantium repudiandae.,True
FV-001057,BEN-00770,COHORT-PL-002,2026-04-20,Caroline Were,Partially Verified,-3.97014,39.72585,Consequatur quo eaque vel nobis.,True
FV-001058,BEN-00772,COHORT-PL-002,2026-06-18,Cynthia Musyoka,Partially Verified,-4.1001,39.67384,Vero autem quasi excepturi.,True
FV-001059,BEN-00773,COHORT-PL-002,2026-08-01,Nancy Kiplagat,Verified,-4.10196,39.69284,Dicta laboriosam natus ipsam cum.,
FV-001060,BEN-00773,COHORT-PL-002,2026-04-09,David Otieno,Verified,-4.00538,39.64042,Laboriosam doloribus molestiae eaque molestiae accusantium aliquid molestias.,
FV-001061,BEN-00773,COHORT-PL-002,2026-05-08,Leonard Mwangi,Verified,-4.03603,39.59469,Maiores saepe consequuntur totam ad.,True
FV-001062,BEN-00774,COHORT-PL-002,2026-07-19,Patrick Rotich,Verified,-4.06008,39.69134,Harum explicabo enim ullam placeat placeat quaerat temporibus laudantium.,True
FV-001063,BEN-00774,COHORT-PL-002,2026-07-28,Rose Githinji,Verified,-4.09414,39.60123,Dolore vero eligendi asperiores ex.,
FV-001064,BEN-00775,COHORT-PL-002,2026-03-25,Irene Awino,Verified,-4.01894,39.67331,Unde ullam tempora non debitis minus nobis perspiciatis.,True
FV-001065,BEN-00775,COHORT-PL-002,2026-04-05,Harrison Kiplagat,verified,-3.95536,39.65153,Tempora porro numquam enim soluta earum.,False
FV-001066,BEN-00776,COHORT-PL-002,2026-07-27,Olive Kariuki,Verified,-4.02982,39.72583,Optio ut repellat quae asperiores a ut corrupti omnis.,True
FV-001067,BEN-00776,COHORT-PL-002,2026-05-24,Zipporah Achieng,Verified,-4.05571,39.58502,Corporis ipsum reiciendis voluptate repellendus beatae incidunt quas.,False
FV-001068,BEN-00778,COHORT-PL-002,25-May-2026,Olive Rotich,Verified,-3.98909,39.67142,At voluptatum delectus harum eum incidunt.,True
FV-001069,BEN-00779,COHORT-PL-002,2026-07-08,Felix Odongo,Verified,-4.0827,39.74448,Nobis odio consequuntur velit ullam fugit molestias molestiae.,False
FV-001070,BEN-00780,COHORT-PL-002,2026-07-10,Yvonne Adhiambo,Referred,-4.04253,39.68677,Minus reprehenderit harum neque in neque possimus quibusdam praesentium.,
FV-001071,BEN-00780,COHORT-PL-002,2026-06-20,Boniface Musyoka,Verified,-4.06493,39.72355,Facere dicta sed facere labore consequatur beatae.,False
FV-001072,BEN-00781,COHORT-PL-002,2026-05-11,Rose Githinji,Verified,-3.98254,39.75472,Facere sed quod consequuntur itaque saepe mollitia ut.,False
FV-001073,BEN-00783,COHORT-PL-002,2026-03-25,Seun Nyambura,Verified,-4.02282,39.6057,Doloribus repudiandae animi consequuntur vitae provident fugiat ad vitae.,
FV-001074,BEN-00784,COHORT-PL-002,2026-04-13,Gladys Kariuki,Referred,-3.96092,39.73104,Amet autem neque labore nisi culpa corporis consequuntur.,False
FV-001075,BEN-00784,COHORT-PL-002,2026-05-08,Zipporah Kiprotich,Verified,-4.08479,39.58593,Aspernatur necessitatibus repellendus corrupti delectus quia quibusdam.,
FV-001076,BEN-00785,COHORT-PL-002,2026-04-20,Violet Adhiambo,Verified,,39.58624,Iusto quam ipsam officia accusamus beatae animi.,True
FV-001077,BEN-00785,COHORT-PL-002,18/08/2026,Owen Onyango,Partially Verified,-4.10915,39.75002,Nobis cupiditate cum id incidunt.,True
FV-001078,BEN-00786,COHORT-PL-002,2026-02-25,Owen Njoroge,Verified,-3.96608,39.69128,Mollitia repudiandae ullam magnam quae incidunt culpa voluptate maxime.,False
FV-001079,BEN-00786,COHORT-PL-002,2026-05-10,Zipporah Mutua,Verified,-4.04864,39.59714,Quia id animi hic reprehenderit voluptate.,False
FV-001080,BEN-00787,COHORT-PL-002,2026-04-14,Grace Kiprotich,Verified,-4.0362,39.61465,Sapiente repellendus iusto et odit repudiandae cum rem officia deserunt.,True
FV-001081,BEN-00787,COHORT-PL-002,2026-08-19,Raphael Wanjiku,No Contact,-4.01076,39.70754,Autem facilis quod excepturi dolores.,True
FV-001082,BEN-00789,COHORT-PL-002,2026-06-26,Dennis Onyango,Partially Verified,,39.75252,Molestiae aperiam nisi quidem est mollitia.,
FV-001083,BEN-00789,COHORT-PL-002,2026-06-13,Kendi Kamau,No Contact,-3.94572,39.70046,Dolores assumenda necessitatibus aliquid voluptates.,True
FV-001084,BEN-00790,COHORT-PL-002,2026-03-29,Esther Ochieng,Referred,-4.06281,39.7053,Aliquid et velit ab explicabo eligendi id deserunt quibusdam.,True
FV-001085,BEN-00790,COHORT-PL-002,2026-07-13,Felix Odongo,no contact,-4.04446,39.66856,Voluptate praesentium atque illum qui aut rem corrupti.,
FV-001086,BEN-00791,COHORT-PL-002,11/08/2026,Gladys Auma,Partially Verified,-3.94736,39.73059,Recusandae labore sit alias cum placeat aspernatur numquam veritatis doloremque.,True
FV-001087,BEN-00792,COHORT-PL-002,2026-07-08,Stephen Mutua,Verified,-4.04126,39.69199,Rem omnis quisquam cum vitae maiores.,
FV-001088,BEN-00792,COHORT-PL-002,2026-02-27,Cynthia Ochieng,Verified,-3.9757,39.58257,Officiis ut exercitationem quos excepturi facere sequi inventore tempora quo.,False
FV-001089,BEN-00792,COHORT-PL-002,2026-05-29,Nancy Chebet,No Contact,-4.04947,39.67837,Dolores voluptatum non vero necessitatibus voluptatibus atque accusamus.,True
FV-001090,BEN-00793,COHORT-PL-002,2026-04-24,Eunice Ochieng,Verified,-4.00425,39.75471,Molestias voluptas quos assumenda atque et ut.,
FV-001091,BEN-00794,COHORT-PL-002,2026-03-24,Kendi Awino,Verified,-3.955,39.75486,Architecto nemo explicabo architecto quae itaque.,
FV-001092,BEN-00795,COHORT-PL-003,2026-07-13,Uchenna Kiplagat,No Contact,-0.23418,36.04855,Voluptatem quis ipsam unde velit voluptas laborum facilis enim.,False
FV-001093,BEN-00796,COHORT-PL-003,2026-06-14,Tabitha Wanjiku,Verified,-0.39855,36.05471,Sequi totam consectetur facilis sapiente veritatis fugiat placeat.,True
FV-001094,BEN-00797,COHORT-PL-003,2026-08-12,Caroline Simiyu,Verified,-0.26825,36.02336,Ipsum soluta voluptatibus aliquam voluptate animi ratione praesentium natus.,
FV-001095,BEN-00797,COHORT-PL-003,2026-05-11,Stephen Simiyu,no contact,-0.38818,36.11534,Sequi enim culpa id asperiores harum.,
FV-001096,BEN-00797,COHORT-PL-003,2026-07-30,Gladys Adhiambo,Verified,-0.22571,36.17419,Pariatur expedita iusto modi repellendus autem debitis autem vero.,True
FV-001097,BEN-00798,COHORT-PL-003,2026-07-07,Tabitha Njoroge,Partially Verified,-0.3238,36.03804,Quisquam dicta eveniet et voluptatum laborum praesentium labore.,False
FV-001098,BEN-00799,COHORT-PL-003,2026-08-04,Boniface Kiprotich,Verified,-0.29379,36.06758,Iste molestias veniam corporis distinctio necessitatibus voluptates.,True
FV-001099,BEN-00799,COHORT-PL-003,2026-07-09,Patrick Kamau,Verified,-0.32482,36.05817,Aperiam repellat ratione voluptatem distinctio distinctio ad quis.,
FV-001100,BEN-00800,COHORT-PL-003,2026-05-28,Yvonne Kiprotich,Verified,-0.27201,36.02511,Earum odio assumenda architecto illo error quae sit minima.,False
FV-001101,BEN-00801,COHORT-PL-003,2026-07-17,James Musyoka,Verified,-0.36555,36.12955,Delectus amet tempora incidunt vitae error dicta.,
FV-001102,BEN-00802,COHORT-PL-003,2026-07-19,Maurice Odongo,Verified,-0.24135,36.13491,Laboriosam modi quos vitae ipsa totam necessitatibus reprehenderit natus.,False
FV-001103,BEN-00803,COHORT-PL-003,2026-07-28,Irene Kiplagat,Referred,-0.3763,36.00536,Dicta quam neque corporis optio reprehenderit quasi repudiandae quasi accusamus.,True
FV-001104,BEN-00803,COHORT-PL-003,2026-05-08,Hassan Simiyu,no contact,-0.22824,36.03779,Ut libero et recusandae perferendis ea quam voluptates velit.,
FV-001105,BEN-00805,COHORT-PL-003,2026-06-25,Lilian Mwangi,Partially Verified,-0.25763,36.03663,Odio odit neque alias quia deleniti.,
FV-001106,BEN-00806,COHORT-PL-003,2026-07-24,Xavier Njenga,No Contact,-0.29015,36.04625,Quo nobis dolor distinctio deleniti perspiciatis veritatis fuga facilis error.,True
FV-001107,BEN-00806,COHORT-PL-003,2026-06-10,Grace Njenga,Partially Verified,-0.32578,35.98256,Magnam sint praesentium officiis iste illum explicabo.,True
FV-001108,BEN-00807,COHORT-PL-003,2026-07-30,Maurice Awino,No Contact,-0.23688,36.09458,Incidunt voluptate excepturi unde itaque fuga mollitia cum ipsa eligendi.,False
FV-001109,BEN-00810,COHORT-PL-003,2026-04-18,Rose Kiplagat,Verified,-0.21304,35.99538,Odio praesentium vel temporibus aut assumenda saepe at accusamus.,False
FV-001110,BEN-00811,COHORT-PL-003,2026-08-07,Lilian Mwangi,Verified,-0.24072,36.01874,Aut quibusdam numquam molestias odio magnam rem pariatur.,True
FV-001111,BEN-00811,COHORT-PL-003,30/03/2026,Leonard Simiyu,Verified,-0.22587,36.13298,Distinctio quod mollitia beatae sequi veritatis expedita recusandae iure.,
FV-001112,BEN-00812,COHORT-PL-003,2026-06-08,Yvonne Chebet,Verified,-0.38496,36.03145,Ab fugiat dolore eligendi sunt eaque saepe recusandae.,False
FV-001113,BEN-00812,COHORT-PL-003,2026-06-27,Hassan Kiplagat,Verified,-0.207,35.98766,Perferendis a tenetur adipisci ad ratione sapiente maxime qui.,False
FV-001114,BEN-00813,COHORT-PL-003,2026-03-14,Stephen Wanjiku,Verified,-0.28522,36.03177,Ex vero voluptatibus doloribus voluptate deserunt officia repudiandae.,
FV-001115,BEN-00813,COHORT-PL-003,2026-05-09,Grace Kamau,no contact,-0.26531,36.11702,Inventore vel hic quas illo et culpa doloremque quae commodi.,True
FV-001116,BEN-00815,COHORT-PL-003,30-Jul-2026,Priscilla Ochieng,Verified,-0.36231,36.09041,Occaecati quos sapiente occaecati ea mollitia.,True
FV-001117,BEN-00815,COHORT-PL-003,2026-07-13,Cynthia Githinji,Partially Verified,-0.25238,36.01025,Dignissimos at ipsa occaecati nihil adipisci provident ullam.,True
FV-001118,BEN-00816,COHORT-PL-003,2026-07-23,Cynthia Mugo,Verified,-0.32751,36.13104,Nemo ad quasi voluptatem odio.,False
FV-001119,BEN-00817,COHORT-PL-003,2026-06-16,Harrison Owino,Verified,-0.23884,36.17738,Delectus officiis dolore deserunt saepe quas rem fugiat.,True
FV-001120,BEN-00817,COHORT-PL-003,2026-03-26,Rose Musyoka,Partially Verified,-0.39378,36.03188,Omnis eius vel occaecati odit neque aut.,
FV-001121,BEN-00818,COHORT-PL-003,2026-04-02,Kendi Adhiambo,Verified,-0.39847,36.05701,Unde commodi consequuntur ea debitis aspernatur sapiente totam dignissimos.,
FV-001122,BEN-00819,COHORT-PL-003,2026-04-18,Owen Mugo,Verified,-0.24599,36.16633,Laudantium accusantium asperiores vero asperiores.,
FV-001123,BEN-00819,COHORT-PL-003,07/08/2026,Quinton Ndung'u,Partially Verified,-0.21288,36.02928,Fugiat et tenetur repellat debitis ab debitis necessitatibus non.,
FV-001124,BEN-00819,COHORT-PL-003,2026-03-30,Kezia Mutinda,Verified,-0.25575,36.03263,Blanditiis exercitationem expedita voluptatum nobis.,False
FV-001125,BEN-00820,COHORT-PL-003,2026-06-20,Caroline Mutua,Verified,-0.23784,36.0652,Culpa qui unde deserunt.,True
FV-001126,BEN-00820,COHORT-PL-003,28-Jun-2026,Felix Adhiambo,verified,-0.3994,35.99594,Modi maxime quis dolor facilis.,False
FV-001127,BEN-00820,COHORT-PL-003,2026-04-05,Irene Auma,Verified,-0.25707,35.98458,Adipisci consequuntur assumenda porro consectetur earum.,True
FV-001128,BEN-00821,COHORT-PL-003,2026-07-29,Esther Otieno,No Contact,-0.22711,36.05242,Veritatis expedita mollitia eos quia libero.,
FV-001129,BEN-00821,COHORT-PL-003,2026-06-22,Rose Waweru,Referred,-0.23203,36.12771,Veniam ullam dolorum dicta sapiente quaerat vitae aut recusandae nesciunt.,False
FV-001130,BEN-00822,COHORT-PL-003,2026-03-22,Maurice Nyambura,Verified,-0.30757,36.05428,Recusandae veritatis laborum sunt incidunt quia.,
FV-001131,BEN-00822,COHORT-PL-003,2026-04-22,Kendi Njenga,Verified,-0.39992,36.0618,Numquam non inventore necessitatibus fugiat odio aperiam cumque.,False
FV-001132,BEN-00822,COHORT-PL-003,2026-07-28,Olive Nyambura,Verified,-0.28381,36.04818,Vero ducimus illum nobis soluta.,False
FV-001133,BEN-00823,COHORT-PL-003,2026-03-22,Kendi Maina,Partially Verified,-0.27865,36.1404,Explicabo adipisci debitis eum ratione facere asperiores omnis fuga quod.,True
FV-001134,BEN-00824,COHORT-PL-003,2026-03-23,Boniface Mwangi,Verified,-0.3129,36.03037,Ab porro quaerat distinctio necessitatibus eum.,True
FV-001135,BEN-00825,COHORT-PL-003,2026-03-08,James Mutua,Verified,-0.31728,36.0338,Natus harum nobis minima aut eius non.,
FV-001136,BEN-00826,COHORT-PL-003,2026-07-05,Dennis Kariuki,No Contact,-0.25293,36.10257,Nemo officia placeat ipsa repellendus.,True
FV-001137,BEN-00827,COHORT-PL-003,2026-06-18,Irene Kiplagat,Verified,-0.29955,36.0698,Deserunt rem libero voluptatibus in commodi.,True
FV-001138,BEN-00828,COHORT-PL-003,28/04/2026,Gladys Auma,Verified,-0.25478,36.10157,Nobis nihil dolores accusantium accusantium quos.,
FV-001139,BEN-00828,COHORT-PL-003,2026-02-26,Esther Musyoka,Verified,-0.27244,36.16435,Voluptates tenetur eligendi sapiente illo tempore ullam aliquam officia architecto.,
FV-001140,BEN-00829,COHORT-PL-003,2026-07-01,Patrick Kimani,Referred,-0.30293,36.16586,Rerum impedit error et exercitationem.,True
FV-001141,BEN-00830,COHORT-PL-003,2026-04-28,Priscilla Owino,Partially Verified,-0.38996,36.09717,Nam est nostrum hic possimus.,
FV-001142,BEN-00832,COHORT-PL-003,2026-05-05,Mary Kimani,No Contact,-0.21596,36.14067,Laudantium odit tenetur sapiente vel aut dolore repudiandae consequuntur.,True
FV-001143,BEN-00833,COHORT-PL-003,2026-08-06,Francis Were,Verified,-0.26151,36.16586,Similique quam dolorem at quam repellat repellendus modi.,
FV-001144,BEN-00834,COHORT-PL-003,2026-06-21,Dennis Githinji,Verified,-0.31967,35.99826,Vel sint ea quos.,False
FV-001145,BEN-00834,COHORT-PL-003,2026-06-02,Olive Awino,Verified,-0.25535,36.10048,Aliquid esse ea porro recusandae.,True
FV-001146,BEN-00834,COHORT-PL-003,2026-04-14,Kezia Kiprotich,Partially Verified,,36.13708,Earum cupiditate consequuntur itaque commodi similique quidem suscipit.,
FV-001147,BEN-00835,COHORT-PL-003,2026-06-24,James Nyambura,Partially Verified,-0.3625,36.12826,Odio pariatur maxime dolores labore laudantium eligendi quo.,
FV-001148,BEN-00835,COHORT-PL-003,2026-03-08,Yvonne Owino,Verified,-0.37471,36.12525,Dolorem eaque eos assumenda nam sit optio quasi dignissimos.,
FV-001149,BEN-00836,COHORT-PL-003,2026-07-23,Stephen Wangari,Partially Verified,,36.07308,Asperiores libero distinctio perferendis iusto.,True
FV-001150,BEN-00836,COHORT-PL-003,2026-03-26,Violet Auma,Verified,-0.26702,36.09237,Deleniti autem dignissimos nihil minus similique quis est.,
FV-001151,BEN-00837,COHORT-PL-003,08/05/2026,Seun Simiyu,Partially Verified,-0.23504,35.99189,Omnis sed autem consectetur totam harum iste nulla dicta.,
FV-001152,BEN-00837,COHORT-PL-003,2026-07-10,Aisha Awino,Partially Verified,-0.28187,36.0228,Deleniti eius cum esse sit officiis corporis soluta.,False
FV-001153,BEN-00838,COHORT-PL-003,2026-05-21,Grace Odongo,Verified,-0.31564,36.15878,Dolores tempora deleniti adipisci optio.,
FV-001154,BEN-00840,COHORT-PL-003,2026-02-27,Zipporah Nyambura,Partially Verified,-0.32189,36.0376,Explicabo blanditiis mollitia explicabo distinctio id inventore ex ipsam.,
FV-001155,BEN-00840,COHORT-PL-003,10/07/2026,Cynthia Odongo,Partially Verified,-0.36501,36.10568,Atque officiis quasi in eos illo nisi minus.,True
FV-001156,BEN-00841,COHORT-PL-003,2026-06-06,Irene Mutua,No Contact,-0.26332,35.98735,Maxime autem amet dolorum beatae beatae tempora nemo dolores.,True
FV-001157,BEN-00842,COHORT-PL-003,2026-06-26,Queen Wangari,Referred,-0.25035,36.04436,Aut dolorem nulla quaerat hic aut quasi sunt eaque dignissimos.,False
FV-001158,BEN-00842,COHORT-PL-003,2026-03-26,Irene Githinji,Partially Verified,-0.3758,36.1025,Expedita enim nisi quasi atque magnam.,False
FV-001159,BEN-00842,COHORT-PL-003,2026-05-15,Brian Njenga,Verified,-0.35714,36.04235,Labore esse tenetur dolores et architecto deleniti tempore consequuntur accusamus labore.,False
FV-001160,BEN-00843,COHORT-PL-003,2026-07-29,Patrick Kiplagat,No Contact,-0.24968,36.16037,Accusantium voluptate sunt cupiditate quis ab explicabo labore.,False
FV-001161,BEN-00843,COHORT-PL-003,2026-06-27,Irene Mutinda,verified,-0.30845,36.0774,Laborum dolorum autem reprehenderit.,False
FV-001162,BEN-00844,COHORT-PL-003,2026-08-16,Joseph Onyango,No Contact,-0.35768,36.00109,Perspiciatis enim dolorem magnam quidem quod aut rem excepturi laudantium.,
FV-001163,BEN-00844,COHORT-PL-003,2026-07-04,Eunice Owino,No Contact,-0.31856,36.13317,Voluptatibus ducimus laborum facilis accusamus explicabo quae tempora.,
FV-001164,BEN-00845,COHORT-PL-003,2026-06-19,Francis Mutinda,Verified,-0.34092,36.03914,Laborum earum maxime odit corporis illum dolore voluptatibus facere adipisci.,False
FV-001165,BEN-00845,COHORT-PL-003,2026-03-16,Quinton Mugo,Referred,,36.00263,Qui voluptate facere quia deserunt veritatis odit vitae soluta perspiciatis.,True
FV-001166,BEN-00846,COHORT-PL-003,2026-03-03,Rose Were,Partially Verified,-0.28099,35.9869,Voluptates soluta cupiditate tenetur expedita ex nihil veniam eius.,
FV-001167,BEN-00848,COHORT-PL-003,2026-03-10,Olive Githinji,Partially Verified,-0.30118,36.00235,Aliquam maxime exercitationem nostrum inventore iste.,False
FV-001168,BEN-00848,COHORT-PL-003,2026-08-10,Amina Kiprotich,Verified,-0.22678,36.14903,Enim voluptas libero placeat iure corrupti vitae numquam.,False
FV-001169,BEN-00848,COHORT-PL-003,2026-07-29,Leonard Awino,Partially Verified,-0.23143,36.0964,Esse enim reiciendis accusamus aliquam eligendi.,
FV-001170,BEN-00849,COHORT-PL-003,2026-05-23,Eunice Gichuki,Referred,-0.36107,36.04617,Commodi laborum a explicabo rerum amet consequuntur soluta quos magnam.,
FV-001171,BEN-00850,COHORT-PL-003,2026-06-17,Quinton Wangari,Verified,-0.29163,36.13376,Culpa assumenda earum voluptatum deserunt nesciunt aspernatur dolor labore explicabo.,False
FV-001172,BEN-00850,COHORT-PL-003,2026-05-10,Brian Wangari,Partially Verified,-0.31064,36.02354,In vitae atque ea error est natus perspiciatis.,True
FV-001173,BEN-00851,COHORT-PL-003,2026-06-21,Hassan Githinji,Verified,-0.30061,36.14171,Rem consequuntur quisquam dolorum impedit dicta esse error.,False
FV-001174,BEN-00852,COHORT-PL-003,08-Mar-2026,Caroline Mutinda,Partially Verified,-0.39261,36.10325,Itaque delectus quos rerum atque minima possimus magnam placeat facere explicabo.,False
FV-001175,BEN-00853,COHORT-PL-003,2026-06-03,Leonard Mutinda,Partially Verified,-0.21222,36.05419,In illum adipisci nam vero in quidem nostrum esse.,False
FV-001176,BEN-00854,COHORT-PL-003,2026-08-20,Leonard Onyango,Partially Verified,-0.2113,36.03746,Neque fuga numquam tempore soluta amet sapiente.,False
FV-001177,BEN-00856,COHORT-PL-003,2026-04-16,Yvonne Musyoka,Verified,-0.38209,36.04678,Illo ab rem soluta itaque amet.,
FV-001178,BEN-00857,COHORT-PL-003,2026-03-23,Aisha Waweru,Verified,-0.36572,36.05464,Earum voluptates autem nisi reprehenderit.,True
FV-001179,BEN-00857,COHORT-PL-003,2026-08-07,Kendi Auma,Verified,-0.22463,36.13134,Laboriosam ex aperiam qui perferendis qui amet dignissimos corporis qui.,True
FV-001180,BEN-00859,COHORT-PL-003,28/05/2026,Kezia Waweru,Referred,-0.23529,36.03355,Consequatur tempora odit culpa occaecati quaerat vel rem numquam.,True
FV-001181,BEN-00859,COHORT-PL-003,2026-02-24,Nancy Mutinda,Verified,-0.29718,36.01631,Beatae a nobis commodi atque dignissimos.,
FV-001182,BEN-00861,COHORT-PL-003,05/08/2026,Wanjiku Awino,Verified,-0.25643,36.13059,Ad magni hic unde error laborum delectus doloremque sed.,True
FV-001183,BEN-00862,COHORT-PL-003,2026-05-26,Maurice Awino,Verified,-0.30808,36.15494,Reprehenderit placeat similique nulla inventore odio delectus.,
FV-001184,BEN-00863,COHORT-PL-003,2026-08-08,Caroline Mwangi,Partially Verified,-0.21302,36.1454,Cupiditate qui molestias labore enim pariatur vero.,True
FV-001185,BEN-00863,COHORT-PL-003,2026-03-25,Harrison Adhiambo,No Contact,-0.28328,36.10652,Facilis eius harum reiciendis iure repellendus corporis eligendi blanditiis.,
FV-001186,BEN-00864,COHORT-PL-003,15/08/2026,Hassan Githinji,Verified,-0.34878,36.00999,Accusamus esse officia tempora nulla aliquam tenetur vitae.,False
FV-001187,BEN-00867,COHORT-PL-003,2026-05-29,Grace Otieno,Verified,-0.21531,36.09467,Sunt itaque ab culpa magnam similique distinctio temporibus minima.,False
FV-001188,BEN-00868,COHORT-PL-003,2026-04-16,Yvonne Mutua,Verified,-0.26864,35.99665,Aperiam omnis explicabo quaerat excepturi quaerat ratione eius quis esse.,
FV-001189,BEN-00868,COHORT-PL-003,2026-04-23,Irene Kimani,Verified,-0.33719,36.15839,Architecto saepe laborum vitae non debitis provident magni.,
FV-001190,BEN-00870,COHORT-PL-003,09-Apr-2026,Stephen Owino,Referred,-0.28376,36.06319,Ea possimus nihil neque nesciunt rerum architecto adipisci quasi doloremque.,False
FV-001191,BEN-00870,COHORT-PL-003,2026-07-28,Rose Nyambura,Verified,-0.22391,36.00587,Libero perspiciatis eum doloremque quo.,False
FV-001192,BEN-00870,COHORT-PL-003,2026-06-13,Violet Kiplagat,Verified,-0.32076,36.00347,Autem sunt quas fugit voluptate ullam aperiam.,
FV-001193,BEN-00871,COHORT-PL-003,09/07/2026,Eunice Mutua,verified,-0.29182,36.05114,Beatae sed asperiores quis non sapiente unde.,
FV-001194,BEN-00871,COHORT-PL-003,2026-04-24,Quinton Adhiambo,Verified,-0.33357,36.15256,Autem ipsum consequatur odit nam deserunt laudantium perspiciatis.,False
FV-001195,BEN-00873,COHORT-PL-003,2026-08-02,Grace Simiyu,Verified,-0.39102,36.03102,Dicta cum repellendus repellat deleniti neque occaecati.,
FV-001196,BEN-00873,COHORT-PL-003,27/03/2026,Violet Wanjiku,Verified,-0.34093,35.99812,Dignissimos repellat tempora facere illum.,True
FV-001197,BEN-00873,COHORT-PL-003,2026-06-08,David Wanjiku,Verified,-0.26733,36.03603,Sint exercitationem placeat vero quas minus deleniti dignissimos repudiandae magnam.,True
FV-001198,BEN-00874,COHORT-PL-003,2026-04-15,Patrick Kiprotich,Verified,-0.37646,36.11579,Nulla nam consequuntur architecto incidunt fugiat architecto aspernatur.,False
FV-001199,BEN-00874,COHORT-PL-003,2026-06-12,Olive Omondi,Partially Verified,-0.28211,36.08704,Error blanditiis dolorem nobis ex dolore velit ullam dolorum praesentium.,
FV-001200,BEN-00875,COHORT-PL-003,2026-03-01,Felix Musyoka,Verified,-0.32486,36.1397,Sit culpa enim modi dolores.,False
FV-001201,BEN-00875,COHORT-PL-003,2026-04-01,Amina Adhiambo,Verified,-0.22131,35.99272,Ut magnam id animi possimus beatae iusto totam ea adipisci.,
FV-001202,BEN-00876,COHORT-PL-003,2026-05-17,Eunice Njoroge,Partially Verified,-0.34027,36.02816,In dicta suscipit animi dignissimos repellendus eveniet quidem.,False
FV-001203,BEN-00876,COHORT-PL-003,08/08/2026,Tabitha Njoroge,Verified,-0.23726,36.15148,Doloremque asperiores veniam temporibus praesentium.,
FV-001204,BEN-00877,COHORT-PL-003,2026-05-31,Maurice Gichuki,No Contact,-0.21029,36.06369,Exercitationem architecto impedit qui ut.,False
FV-001205,BEN-00877,COHORT-PL-003,2026-05-19,Irene Kamau,Partially Verified,-0.33605,36.13866,Laboriosam consectetur quam aut libero dolore expedita labore quos soluta.,True
FV-001206,BEN-00878,COHORT-PL-003,2026-07-10,Uchenna Gichuki,No Contact,-0.35917,36.05489,Accusantium animi quo repellat modi similique placeat.,False
FV-001207,BEN-00878,COHORT-PL-003,2026-04-06,Violet Kiprotich,No Contact,-0.29019,36.08876,Mollitia amet quisquam possimus.,
FV-001208,BEN-00879,COHORT-PL-003,2026-04-16,Violet Owino,Partially Verified,-0.25251,36.01308,Praesentium mollitia blanditiis blanditiis nulla temporibus explicabo exercitationem ullam.,False
FV-001209,BEN-00880,COHORT-PL-003,2026-03-12,Nicholas Kiplagat,Partially Verified,-0.39416,36.00393,Doloremque nihil dolorem quibusdam suscipit recusandae necessitatibus.,False
FV-001210,BEN-00880,COHORT-PL-003,2026-05-29,Kezia Mutinda,Verified,-0.22421,36.06201,Sit dolorum animi animi.,
FV-001211,BEN-00881,COHORT-PL-003,31/03/2026,Yvonne Omondi,Verified,-0.38208,36.14634,Debitis aliquam expedita omnis doloribus eos non laboriosam commodi.,False
FV-001212,BEN-00883,COHORT-PL-003,2026-03-30,Hassan Kimani,Verified,-0.32553,36.15681,Asperiores vel dignissimos provident repellendus.,False
FV-001213,BEN-00883,COHORT-PL-003,2026-05-14,Tabitha Kiprotich,Verified,-0.32049,36.13878,Ipsam esse facilis mollitia sit doloribus tempora.,True
FV-001214,BEN-00884,COHORT-PL-003,2026-07-08,Grace Njoroge,Referred,-0.24088,36.02537,Possimus magnam amet tempore provident numquam eius dignissimos.,False
FV-001215,BEN-00885,COHORT-PL-003,2026-05-23,Boniface Were,partial,-0.31774,36.058,Sapiente maxime esse mollitia commodi quam.,True
FV-001216,BEN-00888,COHORT-PL-003,2026-05-11,Stephen Kimani,partial,-0.23294,35.9902,Alias doloremque ipsam quisquam veritatis accusantium.,
FV-001217,BEN-00889,COHORT-PL-003,2026-03-19,Raphael Njoroge,No Contact,-0.27161,36.06522,Earum nihil error vitae animi.,
FV-001218,BEN-00889,COHORT-PL-003,2026-08-04,Rose Chebet,partial,-0.40265,36.164,Fugit accusantium fugit ipsam dolore fugit optio minus optio adipisci quis.,True
FV-001219,BEN-00890,COHORT-PL-003,2026-04-25,Kezia Onyango,No Contact,-0.38558,36.0264,Tenetur quidem excepturi repudiandae ea.,True
FV-001220,BEN-00890,COHORT-PL-003,30-Jun-2026,Felix Kamau,no contact,-0.35124,35.99457,Dolor ad quas numquam sint quos unde quibusdam rem mollitia.,True
FV-001221,BEN-00890,COHORT-PL-003,2026-03-19,Quinton Njoroge,Partially Verified,-0.37271,36.15287,Similique vel iure nemo necessitatibus maxime cum.,False
FV-001222,BEN-00891,COHORT-PL-003,2026-07-03,Quinton Kiprotich,Referred,-0.24272,36.17978,Iusto voluptatibus dolores tenetur eligendi placeat earum voluptatum.,False
FV-001223,BEN-00892,COHORT-PL-003,2026-08-08,Irene Owino,Verified,-0.3455,36.14754,Eos necessitatibus aliquam earum eaque dolorum officiis quo accusamus esse.,True
FV-001224,BEN-00893,COHORT-PL-003,26-May-2026,Eunice Kimani,Verified,-0.35245,36.00543,Saepe sed ipsam accusantium ab alias facere odit.,False
FV-001225,BEN-00893,COHORT-PL-003,2026-03-17,Queen Mutua,Partially Verified,-0.31652,36.09216,Dolor animi vel eius nostrum et aperiam debitis quisquam eius.,True
FV-001226,BEN-00894,COHORT-PL-003,2026-08-15,Lilian Odongo,Partially Verified,-0.25134,35.9843,Consectetur occaecati corporis nulla amet beatae aliquam placeat similique.,False
FV-001227,BEN-00895,COHORT-PL-003,2026-06-04,Yvonne Njoroge,No Contact,-0.35582,36.01936,Et mollitia dolorem veritatis voluptatibus voluptate accusamus sapiente sed molestiae.,False
FV-001228,BEN-00895,COHORT-PL-003,2026-08-27,Lilian Omondi,Verified,-0.37871,36.12651,Nobis expedita aspernatur ipsam maiores.,
FV-001229,BEN-00896,COHORT-PL-003,2026-08-19,Nicholas Mugo,Verified,-0.27186,36.17956,Dignissimos necessitatibus repudiandae perspiciatis architecto incidunt eligendi.,True
FV-001230,BEN-00897,COHORT-PL-003,23/05/2026,Maurice Musyoka,Verified,-0.38683,36.15046,Eveniet ratione ex illum officiis.,
FV-001231,BEN-00898,COHORT-PL-003,2026-05-16,David Kiplagat,Verified,-0.32252,36.09589,Velit eos adipisci fuga enim corrupti nihil autem distinctio.,
FV-001232,BEN-00898,COHORT-PL-003,2026-07-03,Patrick Auma,Verified,-0.35736,36.02992,Magni quos magni neque exercitationem dolor rerum adipisci.,False
FV-001233,BEN-00898,COHORT-PL-003,2026-07-08,Kezia Kiprotich,Verified,-0.35302,36.02763,Fugit voluptatum aspernatur aspernatur vel dolore.,True
FV-001234,BEN-00899,COHORT-PL-003,2026-05-26,Boniface Owino,Partially Verified,-0.3609,36.06085,Voluptatum occaecati quasi molestiae commodi soluta reiciendis non omnis.,False
FV-001235,BEN-00900,COHORT-PL-003,2026-04-12,Raphael Kiprotich,partial,-0.38537,36.02433,Ipsam eaque saepe eos doloribus doloribus quisquam facere iste quibusdam.,True
FV-001236,BEN-00901,COHORT-PL-003,2026-07-13,Amina Njoroge,Verified,-0.27485,36.02835,Possimus ipsam vero illum aspernatur.,False
FV-001237,BEN-00902,COHORT-PL-003,2026-06-10,Wanjiku Ochieng,No Contact,-0.37395,36.03582,Magni totam officiis non ipsum in necessitatibus repudiandae commodi modi.,
FV-001238,BEN-00902,COHORT-PL-003,2026-05-21,Grace Njenga,Partially Verified,-0.38432,36.00927,Perferendis pariatur non recusandae exercitationem blanditiis illum magnam.,True
FV-001239,BEN-00903,COHORT-PL-003,2026-04-11,Seun Simiyu,Partially Verified,-0.31828,36.05828,Nemo odio quo tempore soluta accusamus.,
FV-001240,BEN-00904,COHORT-PL-003,2026-06-09,Boniface Ochieng,Verified,-0.36502,36.00304,In quisquam quae iusto aut sit.,True
FV-001241,BEN-00904,COHORT-PL-003,2026-04-10,Brian Odongo,Partially Verified,-0.26009,36.06158,Ad cumque asperiores maiores minus harum in consectetur possimus.,False
FV-001242,BEN-00904,COHORT-PL-003,2026-03-06,Eunice Musyoka,Verified,-0.32714,36.16994,Quae blanditiis tempore tempore nihil nulla voluptatibus.,
FV-001243,BEN-00905,COHORT-PL-003,07/06/2026,Francis Njenga,Partially Verified,-0.36978,36.12602,Asperiores ullam veniam tenetur occaecati.,
FV-001244,BEN-00907,COHORT-PL-007,2026-04-04,Dennis Musyoka,No Contact,-0.06809,34.85734,Enim labore consequatur delectus quisquam totam vel assumenda tempora.,True
FV-001245,BEN-00907,COHORT-PL-007,2026-03-08,Rose Maina,Referred,-0.12237,34.70072,Nihil perferendis iste eum debitis quam eius quo doloremque laudantium.,False
FV-001246,BEN-00907,COHORT-PL-007,2026-06-02,Kendi Njoroge,Verified,-0.07055,34.81865,Natus tempore neque sapiente incidunt.,
FV-001247,BEN-00908,COHORT-PL-007,2026-03-12,Gladys Githinji,Verified,-0.13586,34.82652,Fugit quidem veritatis aliquam velit sunt quasi inventore.,True
FV-001248,BEN-00908,COHORT-PL-007,2026-05-21,Brian Mwangi,Verified,-0.12513,34.7555,Nemo nulla aut eligendi blanditiis earum ipsa.,False
FV-001249,BEN-00908,COHORT-PL-007,2026-08-02,Aisha Kiplagat,no contact,-0.14502,34.72857,Enim ullam voluptates quidem unde pariatur.,
FV-001250,BEN-00909,COHORT-PL-007,2026-02-27,Dennis Kiprotich,Partially Verified,-0.07779,34.73094,Atque mollitia magni cumque nisi aliquam.,
FV-001251,BEN-00909,COHORT-PL-007,2026-08-01,Yvonne Mutua,Partially Verified,-0.07337,34.68757,Modi deserunt laborum reprehenderit fuga eligendi veniam incidunt ipsam commodi.,False
FV-001252,BEN-00910,COHORT-PL-007,2026-06-01,Aisha Auma,Partially Verified,-0.07944,34.70309,Eos autem provident sapiente ipsam inventore ea sint voluptatibus.,True
FV-001253,BEN-00910,COHORT-PL-007,2026-05-02,Boniface Onyango,Verified,-0.03584,34.85784,Voluptas rem quia dolore asperiores.,
FV-001254,BEN-00911,COHORT-PL-007,2026-02-26,Cynthia Kiplagat,No Contact,-0.07852,34.80569,Magni eius occaecati maiores quod provident.,True
FV-001255,BEN-00911,COHORT-PL-007,2026-04-26,Nicholas Njoroge,Verified,-0.03475,34.71667,Tempora alias aut provident maxime deleniti nam saepe.,False
FV-001256,BEN-00912,COHORT-PL-007,2026-03-08,Amina Achieng,Referred,-0.04275,34.74859,Alias odio ab consequatur fugiat velit perferendis eaque corrupti repellendus quasi.,False
FV-001257,BEN-00912,COHORT-PL-007,2026-03-23,Seun Mutinda,Verified,-0.04511,34.73781,Consectetur odio at maiores quam distinctio ipsa.,True
FV-001258,BEN-00914,COHORT-PL-007,2026-04-23,Priscilla Wanjiku,Verified,-0.08757,34.84315,Nam dignissimos debitis in ea fugit nesciunt odit laborum.,False
FV-001259,BEN-00915,COHORT-PL-007,2026-08-16,Nicholas Kiplagat,Partially Verified,-0.01663,34.83778,Soluta sapiente soluta pariatur laudantium occaecati.,True
FV-001260,BEN-00915,COHORT-PL-007,2026-05-20,Francis Kimani,Verified,-0.18532,34.66863,Explicabo laboriosam atque beatae sunt quidem enim voluptas eveniet optio.,False
FV-001261,BEN-00915,COHORT-PL-007,2026-07-22,Francis Mutua,Partially Verified,-0.05377,34.78257,Debitis vero optio expedita id.,
FV-001262,BEN-00916,COHORT-PL-007,25-Jul-2026,Irene Njenga,Verified,-0.04992,34.78068,Quo laborum rem laudantium illum doloremque.,True
FV-001263,BEN-00917,COHORT-PL-007,2026-03-15,Francis Gichuki,Verified,-0.05376,34.6921,Eaque dolor sed illum natus eum perferendis.,
FV-001264,BEN-00917,COHORT-PL-007,2026-04-22,Yvonne Odongo,Verified,-0.17905,34.674,Hic ipsam id totam eaque quas excepturi repellendus.,
FV-001265,BEN-00917,COHORT-PL-007,22/03/2026,Esther Kiplagat,Partially Verified,-0.16497,34.85109,Ipsum dolore soluta modi quod beatae voluptas.,
FV-001266,BEN-00918,COHORT-PL-007,2026-03-11,Yvonne Gichuki,Verified,-0.07979,34.78585,Ex non accusantium quam rem at provident totam quisquam mollitia omnis.,
FV-001267,BEN-00919,COHORT-PL-007,2026-02-24,Lilian Mutinda,Verified,-0.05194,34.80816,Distinctio modi voluptates saepe hic quaerat enim cum fugiat impedit.,False
FV-001268,BEN-00920,COHORT-PL-007,2026-04-18,Seun Odongo,Partially Verified,-0.08883,34.67853,Quasi velit alias accusantium velit aut id laborum culpa error.,True
FV-001269,BEN-00920,COHORT-PL-007,2026-08-12,Tabitha Omondi,Verified,-0.10454,34.81515,Occaecati porro alias quibusdam repellat fugiat id.,True
FV-001270,BEN-00922,COHORT-PL-007,2026-07-06,Dennis Onyango,Verified,-0.04096,34.84644,Similique asperiores magnam provident quasi accusantium quia.,
FV-001271,BEN-00922,COHORT-PL-007,2026-05-15,Seun Otieno,Verified,-0.17121,34.74709,Non corrupti quasi recusandae deserunt non est eum maiores ad.,False
FV-001272,BEN-00923,COHORT-PL-007,2026-04-16,Maurice Ochieng,Verified,-0.13491,34.74492,Itaque aut voluptas nemo fugiat inventore dolore.,True
FV-001273,BEN-00923,COHORT-PL-007,2026-03-23,Boniface Kamau,No Contact,-0.14239,34.76402,Natus laboriosam tenetur modi doloribus accusantium libero hic.,False
FV-001274,BEN-00924,COHORT-PL-007,2026-04-13,Raphael Kiplagat,partial,-0.17496,34.77467,Quis quaerat iste neque ad quo ipsum labore.,
FV-001275,BEN-00924,COHORT-PL-007,2026-07-12,Hassan Achieng,Partially Verified,-0.09168,34.85969,Odit ex repellat voluptate atque.,
FV-001276,BEN-00924,COHORT-PL-007,2026-07-07,Brian Waweru,Partially Verified,-0.13068,34.82587,Dignissimos velit nisi assumenda illo saepe.,
FV-001277,BEN-00925,COHORT-PL-007,2026-08-28,James Otieno,Verified,-0.17214,34.72877,Quam necessitatibus doloremque quisquam dolorum est excepturi corrupti eum natus.,True
FV-001278,BEN-00926,COHORT-PL-007,2026-04-11,Kendi Kiplagat,Verified,-0.14306,34.76123,Sit eaque distinctio natus laborum libero vero doloremque.,False
FV-001279,BEN-00927,COHORT-PL-007,2026-06-12,Cynthia Kamau,Partially Verified,-0.06817,34.78644,Quae maiores similique voluptatibus aspernatur autem praesentium fugiat quidem.,
FV-001280,BEN-00928,COHORT-PL-007,2026-04-13,Tabitha Otieno,Referred,-0.02963,34.80142,Maxime commodi deserunt sit beatae suscipit.,
FV-001281,BEN-00929,COHORT-PL-007,2026-05-27,Irene Wanjiku,Verified,-0.04293,34.84541,Cupiditate rem laborum quibusdam molestias id error ipsa eos.,
FV-001282,BEN-00930,COHORT-PL-007,2026-02-25,Rose Achieng,Verified,-0.08874,34.66248,Minima nostrum fuga officiis consequuntur minima dignissimos.,
FV-001283,BEN-00931,COHORT-PL-007,2026-08-14,Stephen Kamau,No Contact,-0.09664,34.76324,Veritatis fuga non iusto distinctio ex quia voluptatum unde cum quaerat.,
FV-001284,BEN-00931,COHORT-PL-007,2026-07-03,Irene Kiprotich,Referred,-0.04169,34.69901,Ab impedit corrupti architecto voluptate est deleniti possimus modi.,
FV-001285,BEN-00932,COHORT-PL-007,2026-04-01,Violet Were,partial,-0.1934,34.8172,Atque numquam nisi architecto odio sunt exercitationem accusamus.,True
FV-001286,BEN-00932,COHORT-PL-007,28-Mar-2026,Nancy Wangari,Verified,-0.01779,34.72715,Earum reprehenderit sint nesciunt esse numquam.,False
FV-001287,BEN-00933,COHORT-PL-007,2026-03-16,Brian Ndung'u,Verified,-0.14638,34.858,Vel natus odit dicta nihil aut dolor debitis.,False
FV-001288,BEN-00933,COHORT-PL-007,2026-05-06,Kezia Kamau,No Contact,-0.1204,34.81779,Aut reiciendis nesciunt quisquam ex quo nihil eius rem sit.,False
FV-001289,BEN-00934,COHORT-PL-007,2026-07-01,Olive Kamau,Partially Verified,-0.06451,34.8,Distinctio a doloremque dolor ut nostrum corporis labore a.,False
FV-001290,BEN-00934,COHORT-PL-007,2026-05-06,Xavier Kamau,Verified,-0.04813,34.8477,Tempore amet maiores ipsam pariatur.,False
FV-001291,BEN-00936,COHORT-PL-007,2026-05-18,Priscilla Ochieng,Partially Verified,-0.05647,34.67598,Esse quis dolores hic quo provident explicabo saepe.,
FV-001292,BEN-00936,COHORT-PL-007,2026-06-05,Rose Chebet,Partially Verified,-0.07893,34.73437,Minus sunt sapiente veritatis veniam rerum quae saepe.,True
FV-001293,BEN-00937,COHORT-PL-007,2026-09-06,Uchenna Mutua,verified,-0.19284,34.82068,Ipsam possimus dolorum blanditiis tempore officiis debitis sint sequi quo.,False
FV-001294,BEN-00938,COHORT-PL-007,2026-06-07,Harrison Nyambura,Verified,-0.01034,34.85954,Quas distinctio nam voluptatum vel fugit debitis quibusdam.,True
FV-001295,BEN-00938,COHORT-PL-007,2026-02-25,Aisha Mutinda,Partially Verified,-0.05302,34.66539,Deserunt facere deserunt nesciunt.,
FV-001296,BEN-00938,COHORT-PL-007,2026-06-18,Patrick Wanjiku,No Contact,-0.16706,34.76933,Atque fuga ducimus ullam non alias eius laboriosam.,False
FV-001297,BEN-00939,COHORT-PL-007,2026-08-14,Seun Achieng,No Contact,-0.10476,34.68717,Voluptatum provident earum animi nemo.,False
FV-001298,BEN-00939,COHORT-PL-007,2026-03-21,Quinton Were,Partially Verified,-0.10359,34.66306,Sint unde voluptatum odio laudantium.,False
FV-001299,BEN-00941,COHORT-PL-007,2026-03-03,Caroline Wangari,Referred,-0.10596,34.76689,Quibusdam officia molestias aut fuga nostrum quae provident debitis.,False
FV-001300,BEN-00941,COHORT-PL-007,2026-08-03,Yvonne Odongo,Verified,-0.09022,34.72074,Assumenda rerum blanditiis ipsam quae et.,False
FV-001301,BEN-00942,COHORT-PL-007,2026-05-15,Raphael Wanjiku,Verified,-0.04345,34.82544,Eius sequi omnis qui ex perferendis tempore tempore cumque voluptates.,
FV-001302,BEN-00943,COHORT-PL-007,2026-05-08,Grace Kimani,Verified,-0.1147,34.82802,Maiores velit illo saepe pariatur aperiam repudiandae magnam.,True
FV-001303,BEN-00944,COHORT-PL-007,2026-08-11,Patrick Mutua,Partially Verified,-0.08375,34.8225,Assumenda ipsam eius dicta magnam cupiditate quia.,False
FV-001304,BEN-00944,COHORT-PL-007,2026-04-02,Gladys Adhiambo,partial,-0.15933,34.82013,Est natus blanditiis iure.,
FV-001305,BEN-00945,COHORT-PL-007,2026-05-16,David Were,Verified,-0.10429,34.76977,Necessitatibus iure blanditiis at quas.,False
FV-001306,BEN-00946,COHORT-PL-007,2026-08-05,Rose Omondi,Verified,-0.14618,34.75939,Et occaecati accusantium cumque ab odit.,True
FV-001307,BEN-00947,COHORT-PL-007,2026-04-25,Nancy Kimani,Verified,-0.04214,34.6854,Aspernatur quam doloribus saepe odit temporibus deleniti quidem consequatur.,True
FV-001308,BEN-00948,COHORT-PL-007,2026-07-03,Kendi Rotich,Verified,-0.1801,34.758,Fugit enim eius natus impedit.,
FV-001309,BEN-00948,COHORT-PL-007,2026-04-22,Irene Maina,partial,-0.01321,34.84215,Earum dicta voluptatem ea ipsam at.,True
FV-001310,BEN-00949,COHORT-PL-007,2026-04-13,Eunice Achieng,partial,-0.10357,34.85045,Neque expedita odit ipsum occaecati rerum alias rerum.,
FV-001311,BEN-00949,COHORT-PL-007,2026-05-19,Zipporah Onyango,Partially Verified,-0.14639,34.68367,Culpa necessitatibus voluptatibus inventore officia placeat enim exercitationem.,True
FV-001312,BEN-00949,COHORT-PL-007,2026-07-21,Tabitha Nyambura,Partially Verified,-0.1107,34.71349,Mollitia quia eaque maiores distinctio dolor ea ullam maxime.,
FV-001313,BEN-00950,COHORT-PL-007,2026-06-18,Quinton Odongo,Verified,-0.08639,34.80028,Delectus consequuntur nesciunt fuga fugiat nihil alias praesentium occaecati sit ab.,False
FV-001314,BEN-00951,COHORT-PL-007,2026-02-22,Olive Nyambura,No Contact,-0.10856,34.79896,Labore excepturi temporibus deleniti facere cum molestias quibusdam ipsa.,True
FV-001315,BEN-00951,COHORT-PL-007,2026-04-20,Xavier Kamau,Verified,-0.17607,34.79203,Itaque nemo ipsa id rerum dolorum fuga excepturi perspiciatis error voluptas.,True
FV-001316,BEN-00954,COHORT-PL-007,2026-07-17,Grace Chebet,Verified,-0.12768,34.84327,Quis tempore magni in quo veritatis id.,True
FV-001317,BEN-00955,COHORT-PL-007,2026-06-23,Caroline Githinji,Referred,,34.73614,Cum cumque error nisi possimus.,True
FV-001318,BEN-00955,COHORT-PL-007,2026-06-12,Brian Waweru,Verified,-0.13894,34.84883,Dicta voluptas quibusdam consectetur ex vero voluptas est quisquam reiciendis.,True
FV-001319,BEN-00956,COHORT-PL-007,2026-07-15,Olive Musyoka,No Contact,-0.18721,34.84631,Id itaque omnis dicta cupiditate esse delectus similique ipsa.,False
FV-001320,BEN-00957,COHORT-PL-007,2026-06-16,Maurice Musyoka,Partially Verified,-0.20163,34.72445,Culpa nam quod a culpa aut mollitia.,True
FV-001321,BEN-00958,COHORT-PL-007,14-Aug-2026,Irene Omondi,Verified,-0.02652,34.69942,Praesentium totam pariatur rerum provident quis atque consectetur.,False
FV-001322,BEN-00960,COHORT-PL-007,2026-05-12,Esther Gichuki,Partially Verified,-0.20002,34.81373,Id eveniet eligendi perferendis sit nisi.,
FV-001323,BEN-00960,COHORT-PL-007,2026-08-20,Dennis Kiprotich,Verified,-0.13818,34.68095,Asperiores laborum qui nesciunt dolore non quisquam fuga excepturi reprehenderit.,True
FV-001324,BEN-00961,COHORT-PL-007,2026-06-14,Dennis Wangari,No Contact,-0.13094,34.75046,Nobis id aspernatur dolorem libero aliquid error at fugit debitis corrupti.,
FV-001325,BEN-00961,COHORT-PL-007,26/06/2026,Eunice Ochieng,Partially Verified,-0.11057,34.76295,Harum reprehenderit alias vero in cum placeat.,True
FV-001326,BEN-00962,COHORT-PL-007,2026-07-31,James Were,Referred,-0.19079,34.76951,Iure assumenda placeat aut similique.,True
FV-001327,BEN-00962,COHORT-PL-007,2026-04-28,Stephen Onyango,Verified,-0.171,34.75287,Cum consectetur magni placeat.,
FV-001328,BEN-00963,COHORT-PL-007,2026-06-18,Amina Kimani,No Contact,-0.16418,34.77078,Laborum vero illo quo.,True
FV-001329,BEN-00963,COHORT-PL-007,2026-05-02,Brian Awino,Partially Verified,-0.03804,34.6626,Incidunt quia blanditiis rem tenetur magnam quos.,True
FV-001330,BEN-00964,COHORT-PL-007,2026-07-17,Grace Kamau,Partially Verified,-0.10025,34.68069,Sapiente voluptas beatae debitis incidunt quis sit aspernatur.,False
FV-001331,BEN-00965,COHORT-PL-007,16/03/2026,Raphael Gichuki,Verified,-0.0069,34.69542,Excepturi vel nihil deserunt.,True
FV-001332,BEN-00966,COHORT-PL-007,2026-04-10,Kendi Achieng,Partially Verified,-0.0819,34.66744,Quas iste aliquid eligendi commodi laudantium facilis suscipit placeat dolorum excepturi.,False
FV-001333,BEN-00968,COHORT-PL-007,2026-05-05,Olive Kariuki,no contact,-0.13986,34.72154,Quisquam ad eaque eos impedit ipsum error.,
FV-001334,BEN-00968,COHORT-PL-007,2026-04-21,Francis Kimani,No Contact,-0.12203,34.74168,Nisi facere alias qui dolorum.,False
FV-001335,BEN-00969,COHORT-PL-007,2026-06-12,Nicholas Awino,Verified,-0.18124,34.66365,Modi commodi corporis laudantium tempora.,False
FV-001336,BEN-00971,COHORT-PL-007,2026-08-12,Owen Mutua,Verified,-0.14549,34.84063,Voluptas porro doloribus repudiandae rerum quasi minima itaque.,False
FV-001337,BEN-00971,COHORT-PL-007,2026-08-06,James Kariuki,Verified,-0.1618,34.78535,Eveniet alias non quam repellat.,False
FV-001338,BEN-00972,COHORT-PL-007,2026-05-03,Quinton Kariuki,Verified,,34.78325,Fugit voluptatem aspernatur unde quibusdam.,True
FV-001339,BEN-00972,COHORT-PL-007,2026-03-30,Zipporah Auma,Verified,-0.09051,34.67155,Id delectus quia quam quia aspernatur totam vitae recusandae.,True
FV-001340,BEN-00975,COHORT-PL-007,20/04/2026,Nicholas Mugo,Verified,-0.12489,34.79353,Ea esse maiores sequi doloribus reiciendis fugiat labore quis ipsa.,
FV-001341,BEN-00975,COHORT-PL-007,2026-05-05,Queen Wanjiku,Verified,-0.06331,34.77543,Eius perferendis non tenetur perspiciatis earum.,False
FV-001342,BEN-00976,COHORT-PL-007,2026-04-11,James Njoroge,Partially Verified,-0.00985,34.78802,Dignissimos quos omnis eius iure ratione odio atque.,False
FV-001343,BEN-00976,COHORT-PL-007,2026-08-19,Uchenna Gichuki,Verified,-0.11152,34.81046,Accusantium eveniet aperiam enim quae repudiandae nihil.,False
FV-001344,BEN-00977,COHORT-PL-007,2026-07-25,Tabitha Odongo,No Contact,-0.07834,34.6987,Eveniet harum ut accusamus excepturi expedita ipsam iure quia distinctio.,True
FV-001345,BEN-00978,COHORT-PL-007,2026-06-14,Irene Rotich,Verified,-0.0862,34.77536,Perferendis ducimus adipisci sequi voluptas occaecati.,False
FV-001346,BEN-00978,COHORT-PL-007,2026-05-04,Esther Gichuki,no contact,-0.17902,34.82524,Voluptates assumenda quibusdam minus esse quibusdam iste iusto culpa nesciunt.,False
FV-001347,BEN-00979,COHORT-PL-007,2026-05-29,Cynthia Kiprotich,Verified,-0.05504,34.79639,Expedita inventore voluptatum ad voluptate nam laudantium doloremque ullam consectetur non.,
FV-001348,BEN-00980,COHORT-PL-007,2026-08-07,Lilian Mutua,Partially Verified,-0.07795,34.6902,Atque dolor voluptatibus necessitatibus debitis culpa.,True
FV-001349,BEN-00980,COHORT-PL-007,2026-05-10,Quinton Chebet,Verified,-0.13725,34.67417,Mollitia explicabo dolor tempore eius quo occaecati optio.,True
FV-001350,BEN-00981,COHORT-PL-007,2026-06-15,Nancy Githinji,Verified,-0.08047,34.75686,Magnam minus dolore illo quidem enim unde culpa.,
FV-001351,BEN-00982,COHORT-PL-007,2026-04-24,David Rotich,Verified,-0.00581,34.66997,Id a rerum quis omnis placeat.,
FV-001352,BEN-00983,COHORT-PL-007,2026-06-01,Lilian Nyambura,Verified,-0.15781,34.82252,Fugit officiis voluptate illum odio.,True
FV-001353,BEN-00985,COHORT-PL-007,02/05/2026,Queen Musyoka,Partially Verified,-0.09135,34.80359,Dolore non magnam aspernatur necessitatibus illum ad non cumque numquam placeat.,
FV-001354,BEN-00985,COHORT-PL-007,2026-04-16,Cynthia Waweru,Referred,-0.06057,34.70431,Ad nobis ratione harum maiores deserunt totam itaque.,True
FV-001355,BEN-00986,COHORT-PL-007,2026-03-22,Wanjiku Otieno,Verified,-0.05472,34.70879,Cupiditate vel ullam eum eos tempora dignissimos.,
FV-001356,BEN-00987,COHORT-PL-007,2026-05-02,Boniface Adhiambo,Referred,-0.19201,34.85055,Itaque placeat ipsam doloribus debitis itaque odit rem saepe.,True
FV-001357,BEN-00988,COHORT-PL-007,2026-07-21,Joseph Wangari,Verified,-0.09968,34.76007,Doloribus quam architecto quibusdam placeat illo.,True
FV-001358,BEN-00989,COHORT-PL-007,22/04/2026,Xavier Were,Verified,-0.09829,34.68269,Voluptatum similique architecto impedit ea quaerat commodi quod officia modi.,True
FV-001359,BEN-00990,COHORT-PL-007,31-Jul-2026,Felix Achieng,No Contact,-0.12522,34.78247,Ipsa repudiandae animi repellat repudiandae.,
FV-001360,BEN-00990,COHORT-PL-007,2026-02-28,Mary Mutua,Verified,-0.09709,34.79165,Facilis quaerat maiores officiis inventore.,True
FV-001361,BEN-00991,COHORT-PL-007,2026-06-19,Queen Musyoka,Verified,-0.20105,34.67615,Aut sed quidem neque recusandae quam.,False
FV-001362,BEN-00992,COHORT-PL-007,2026-05-29,Lilian Gichuki,partial,-0.1646,34.77272,Impedit excepturi totam recusandae distinctio atque odit asperiores.,False
FV-001363,BEN-00992,COHORT-PL-007,2026-03-18,Nancy Kimani,Verified,-0.13195,34.75507,Quibusdam quidem exercitationem porro ex ipsum ducimus eius alias.,
FV-001364,BEN-00994,COHORT-PL-007,2026-05-10,Maurice Auma,No Contact,-0.0735,34.77984,Corporis enim dolore fuga facilis eos.,
FV-001365,BEN-00994,COHORT-PL-007,2026-06-22,Tabitha Omondi,Verified,-0.02455,34.77137,Necessitatibus esse quae perferendis culpa rem.,True
FV-001366,BEN-00995,COHORT-PL-007,2026-04-02,James Rotich,Verified,-0.0521,34.74245,Corporis eos fugit odio adipisci distinctio.,True
FV-001367,BEN-00996,COHORT-PL-007,2026-06-12,Harrison Githinji,Verified,-0.10623,34.68491,Corrupti accusamus facilis magni sit maxime labore.,False
FV-001368,BEN-00996,COHORT-PL-007,2026-07-06,Rose Kiplagat,no contact,-0.18648,34.78188,Voluptas officia nesciunt magnam minima fugiat.,True
FV-001369,BEN-00997,COHORT-PL-007,2026-07-20,Olive Kariuki,No Contact,-0.1886,34.67124,Officiis sit laboriosam laborum fugit pariatur aperiam dolore dignissimos.,False
FV-001370,BEN-00998,COHORT-PL-007,2026-07-28,Kendi Kariuki,Verified,-0.04315,34.80749,Eius quod ratione officiis explicabo itaque.,
FV-001371,BEN-00999,COHORT-PL-007,28-Apr-2026,Cynthia Waweru,verified,-0.16731,34.66285,Saepe sapiente quos minima.,
FV-001372,BEN-01000,COHORT-PL-007,2026-04-14,Kendi Kariuki,Verified,-0.00252,34.84687,Qui facilis adipisci occaecati veritatis magni earum.,False
FV-001373,BEN-01000,COHORT-PL-007,2026-06-20,Stephen Omondi,Verified,-0.18193,34.7124,Sed modi aspernatur reiciendis ipsum minima doloribus reiciendis delectus vel.,
FV-001374,BEN-01001,COHORT-PL-007,2026-08-14,Joseph Onyango,Verified,-0.1588,34.67967,Dolorem quaerat debitis voluptatem eaque eius quia.,False
FV-001375,BEN-01002,COHORT-PL-007,2026-05-16,Xavier Githinji,No Contact,-0.19138,34.75586,Temporibus consequatur esse dignissimos doloribus.,True
FV-001376,BEN-01002,COHORT-PL-007,2026-05-25,Hassan Kiprotich,Verified,-0.13414,34.80389,Labore atque sunt amet ratione asperiores laboriosam ipsam labore aut.,False
FV-001377,BEN-01003,COHORT-PL-007,2026-04-06,Dennis Kamau,Partially Verified,,34.69338,Dolor laborum necessitatibus neque similique beatae suscipit quod deserunt rem.,True
FV-001378,BEN-01004,COHORT-PL-007,2026-07-29,Caroline Onyango,Verified,-0.11537,34.67199,Quidem voluptatibus dolorum illum earum occaecati eveniet laboriosam eligendi officia eaque.,
FV-001379,BEN-01004,COHORT-PL-007,2026-05-16,Cynthia Owino,Referred,-0.05674,34.80484,Dolorum eius natus est ipsam voluptate veniam laborum eum voluptate.,True
FV-001380,BEN-01004,COHORT-PL-007,2026-07-31,Felix Kimani,Referred,-0.03072,34.80959,Libero debitis quis perferendis atque similique exercitationem porro reprehenderit.,
FV-001381,BEN-01005,COHORT-PL-007,2026-06-09,Stephen Achieng,Verified,-0.06642,34.75807,Quod quis distinctio magnam eum minus.,
FV-001382,BEN-01005,COHORT-PL-007,16/03/2026,Yvonne Auma,Verified,-0.02509,34.82148,Placeat unde distinctio perferendis eum.,False
FV-001383,BEN-01006,COHORT-PL-026,2026-06-16,Priscilla Onyango,partial,0.45773,35.32657,Quisquam ratione sequi nostrum culpa vero.,False
FV-001384,BEN-01006,COHORT-PL-026,2026-07-28,Irene Rotich,Verified,0.42123,35.17197,Officiis ratione quod earum ut iusto sequi esse corporis.,True
FV-001385,BEN-01007,COHORT-PL-026,2026-07-25,Brian Ochieng,Partially Verified,0.51839,35.28984,Quas repudiandae et est natus quis ab velit.,True
FV-001386,BEN-01008,COHORT-PL-026,2026-07-15,Mary Njenga,partial,0.60911,35.34912,Voluptas explicabo rem voluptate quisquam.,True
FV-001387,BEN-01009,COHORT-PL-026,2026-07-02,Felix Awino,Verified,0.45561,35.25912,Repellendus dicta optio ducimus.,
FV-001388,BEN-01010,COHORT-PL-026,2026-03-05,Priscilla Odongo,Partially Verified,0.57158,35.19012,Ad incidunt fugit nam qui reiciendis nulla ipsam.,True
FV-001389,BEN-01010,COHORT-PL-026,2026-03-04,Francis Owino,Verified,0.53135,35.26576,Autem doloribus eveniet laboriosam quam iusto voluptas.,
FV-001390,BEN-01010,COHORT-PL-026,2026-04-23,Stephen Ochieng,No Contact,0.50631,35.33239,Quos harum vero provident dolorum.,False
FV-001391,BEN-01011,COHORT-PL-026,2026-06-06,Zipporah Awino,verified,0.43409,35.21659,Nesciunt animi animi exercitationem modi ipsa eligendi iusto sunt asperiores.,False
FV-001392,BEN-01012,COHORT-PL-026,2026-04-15,Nicholas Kariuki,Verified,0.54812,35.27738,Repudiandae soluta nihil nemo natus ipsa eveniet molestias.,
FV-001393,BEN-01013,COHORT-PL-026,2026-06-27,Francis Nyambura,Verified,0.60779,35.29397,Nam repellendus porro consequuntur quo sit praesentium.,True
FV-001394,BEN-01014,COHORT-PL-026,2026-03-16,Felix Adhiambo,Referred,0.52143,35.23502,Vero facere quo quibusdam dolor eum dolorem facere.,
FV-001395,BEN-01015,COHORT-PL-026,2026-06-22,Nancy Kimani,Referred,0.43656,35.27354,Perspiciatis provident ducimus quibusdam ad blanditiis.,True
FV-001396,BEN-01016,COHORT-PL-026,2026-05-19,Raphael Mugo,Partially Verified,0.54987,35.22292,Incidunt rem reiciendis rerum animi voluptatibus fuga natus.,
FV-001397,BEN-01017,COHORT-PL-026,2026-06-16,Patrick Wangari,Verified,0.52917,35.20363,Vero sit eveniet molestiae eligendi.,
FV-001398,BEN-01018,COHORT-PL-026,2026-05-18,Violet Odongo,Partially Verified,0.46043,35.3613,Odio quasi natus voluptate quos minus reiciendis sed.,
FV-001399,BEN-01018,COHORT-PL-026,2026-02-22,Raphael Were,Verified,0.42443,35.36354,Nemo iusto officiis deleniti asperiores.,False
FV-001400,BEN-01020,COHORT-PL-026,2026-03-14,Felix Achieng,Referred,0.48666,35.2881,Repellendus iure suscipit voluptatibus corrupti ex delectus nemo iste.,True
FV-001401,BEN-01023,COHORT-PL-026,2026-03-08,Yvonne Rotich,Verified,0.41919,35.28263,Suscipit illo eos numquam harum ab eum corrupti sequi.,False
FV-001402,BEN-01025,COHORT-PL-026,2026-06-22,Cynthia Njenga,Verified,0.47662,35.17081,Perferendis eveniet itaque pariatur quo nemo explicabo sunt sint corrupti.,
FV-001403,BEN-01026,COHORT-PL-026,2026-05-17,Owen Gichuki,Verified,0.45281,35.16975,Dignissimos delectus ad nobis sapiente quod.,
FV-001404,BEN-01026,COHORT-PL-026,2026-06-16,Harrison Wangari,Verified,0.51321,35.31986,Expedita architecto sit unde omnis dicta cum voluptatibus doloremque ullam.,False
FV-001405,BEN-01027,COHORT-PL-026,2026-07-18,Irene Were,Verified,0.47485,35.26066,Ad soluta velit commodi veniam ad sint sequi.,
FV-001406,BEN-01028,COHORT-PL-026,2026-07-17,Irene Achieng,Referred,0.46814,35.24757,Fugit ipsum id dignissimos fugit repellendus.,True
FV-001407,BEN-01028,COHORT-PL-026,2026-08-14,Leonard Awino,Verified,0.47839,35.20274,Voluptas magni neque maxime cum.,True
FV-001408,BEN-01029,COHORT-PL-026,2026-05-10,Olive Nyambura,Verified,0.54055,35.18593,Blanditiis laudantium non quibusdam et deleniti.,False
FV-001409,BEN-01030,COHORT-PL-026,2026-04-12,Brian Kamau,Verified,0.52583,35.2394,Reiciendis facere ducimus beatae itaque.,True
FV-001410,BEN-01030,COHORT-PL-026,2026-05-20,Nancy Kamau,Verified,0.43325,35.36504,Fugit in vitae aut.,True
FV-001411,BEN-01030,COHORT-PL-026,2026-03-13,Lilian Onyango,Verified,0.52812,35.22591,Veniam saepe ipsa sed error voluptatum assumenda officia.,
FV-001412,BEN-01031,COHORT-PL-026,2026-04-03,Priscilla Otieno,No Contact,0.47991,35.23239,Soluta accusamus vitae quas tempore aliquid sed debitis.,False
FV-001413,BEN-01032,COHORT-PL-026,19-Aug-2026,Seun Maina,verified,0.55836,35.18926,Consectetur culpa possimus quis.,True
FV-001414,BEN-01033,COHORT-PL-026,2026-04-27,Cynthia Wangari,Verified,,35.34172,Nisi distinctio qui eos nulla.,
FV-001415,BEN-01033,COHORT-PL-026,2026-04-01,Wanjiku Mwangi,Verified,0.56333,35.19918,In cupiditate maxime corrupti repellat pariatur.,True
FV-001416,BEN-01034,COHORT-PL-026,2026-03-19,David Githinji,No Contact,0.42936,35.27906,Soluta autem cum libero esse numquam tenetur eaque.,True
FV-001417,BEN-01035,COHORT-PL-026,2026-07-12,Amina Njenga,Verified,0.42448,35.31289,Adipisci ad adipisci iusto quasi corporis illum molestiae.,False
FV-001418,BEN-01035,COHORT-PL-026,2026-03-06,Queen Owino,Referred,0.42688,35.22113,Quam cumque aut expedita dolore in architecto voluptas iure impedit.,
FV-001419,BEN-01036,COHORT-PL-026,2026-05-18,Queen Waweru,Partially Verified,0.44206,35.33096,Ipsam sequi repellat a labore tempore ducimus eum molestiae vero.,True
FV-001420,BEN-01037,COHORT-PL-026,2026-04-25,Grace Simiyu,No Contact,0.59562,35.29594,Labore quibusdam sequi deserunt dolor.,False
FV-001421,BEN-01038,COHORT-PL-026,2026-06-24,Harrison Awino,Partially Verified,0.47154,35.18945,Rem consequuntur omnis quia quaerat eligendi.,False
FV-001422,BEN-01038,COHORT-PL-026,2026-04-04,Stephen Njenga,Verified,0.52126,35.26971,Autem dolorem delectus optio eveniet voluptate pariatur maxime neque sunt quis.,False
FV-001423,BEN-01038,COHORT-PL-026,2026-03-08,Zipporah Njoroge,Verified,0.44071,35.31718,Eveniet fugiat corporis qui sed quibusdam.,True
FV-001424,BEN-01040,COHORT-PL-026,18-Apr-2026,Tabitha Kimani,Partially Verified,0.5734,35.2345,Odio recusandae voluptatem accusamus odio saepe dolores id.,False
FV-001425,BEN-01042,COHORT-PL-026,2026-04-29,Owen Gichuki,Verified,0.53204,35.33634,Nemo laborum exercitationem occaecati.,
FV-001426,BEN-01042,COHORT-PL-026,2026-08-14,Caroline Wangari,Referred,0.49829,35.34024,Illo voluptatibus iste ea ipsam quia omnis maiores excepturi voluptatum.,
FV-001427,BEN-01043,COHORT-PL-026,2026-03-25,Violet Onyango,partial,0.46239,35.24477,Ducimus rem laborum molestias optio pariatur.,True
FV-001428,BEN-01044,COHORT-PL-026,2026-05-27,Esther Mutinda,No Contact,0.45121,35.32667,Quis ea quos incidunt ad molestiae atque voluptate.,True
FV-001429,BEN-01044,COHORT-PL-026,2026-03-24,Quinton Musyoka,Verified,0.61371,35.29923,Blanditiis quae commodi expedita iste.,True
FV-001430,BEN-01045,COHORT-PL-026,2026-06-16,Tabitha Kamau,Partially Verified,0.5894,35.30539,Voluptates assumenda sint magnam id velit voluptatum deserunt saepe dolore.,False
FV-001431,BEN-01046,COHORT-PL-026,2026-04-09,Leonard Simiyu,Verified,0.49515,35.26961,Dicta quia minima quod.,False
FV-001432,BEN-01046,COHORT-PL-026,2026-06-21,Wanjiku Otieno,Verified,0.55804,35.24332,Similique minima reiciendis facilis dolorem veniam minus fugiat aut cumque.,False
FV-001433,BEN-01047,COHORT-PL-026,2026-05-06,Raphael Maina,Verified,0.57676,35.2611,Dolorem ut quaerat molestiae veritatis incidunt dicta aliquid voluptas id harum.,False
FV-001434,BEN-01049,COHORT-PL-026,2026-04-19,Esther Kiplagat,Verified,0.48576,35.35957,Voluptas tempora iusto consequatur vel a dolorum nam est ullam.,True
FV-001435,BEN-01050,COHORT-PL-026,2026-06-07,Eunice Musyoka,partial,0.45126,35.31583,Nisi architecto quidem consequuntur laboriosam cum voluptas voluptate voluptatem hic cum.,
FV-001436,BEN-01051,COHORT-PL-026,2026-06-16,Francis Njoroge,No Contact,0.46592,35.27939,Hic deserunt rerum architecto vitae eius tempora commodi qui.,False
FV-001437,BEN-01051,COHORT-PL-026,2026-06-27,Xavier Njoroge,Verified,0.47727,35.36786,Dignissimos consequuntur eius eveniet odio maxime.,True
FV-001438,BEN-01051,COHORT-PL-026,2026-08-09,Uchenna Simiyu,Verified,0.47694,35.24818,Aut occaecati iusto optio error commodi quia iste architecto voluptatem.,True
FV-001439,BEN-01052,COHORT-PL-026,2026-08-16,Xavier Kariuki,Verified,0.53829,35.26315,Soluta veniam aliquam saepe ducimus occaecati incidunt cumque.,
FV-001440,BEN-01052,COHORT-PL-026,13-May-2026,Caroline Odongo,Referred,0.52692,35.26857,Quis dolore aut voluptatum nobis nobis facere sit pariatur.,False
FV-001441,BEN-01053,COHORT-PL-026,2026-06-23,Patrick Kamau,Partially Verified,0.47792,35.19266,In odit sint eius quam eius dolorum magni in.,True
FV-001442,BEN-01054,COHORT-PL-026,2026-03-05,Dennis Onyango,Referred,0.56754,35.1901,Voluptatem assumenda aut rem doloribus libero nihil.,False
FV-001443,BEN-01054,COHORT-PL-026,2026-03-15,Lilian Rotich,Verified,0.42541,35.25392,Aut quos provident natus saepe fugiat maxime.,
FV-001444,BEN-01055,COHORT-PL-026,2026-05-03,Zipporah Onyango,No Contact,0.50982,35.19383,Aliquam autem saepe odit atque atque vitae dolores.,True
FV-001445,BEN-01057,COHORT-PL-026,2026-08-14,Violet Ochieng,Partially Verified,0.45746,35.28399,Perferendis temporibus in hic quia expedita ratione sequi nemo minima.,True
FV-001446,BEN-01058,COHORT-PL-026,2026-04-25,Felix Mutinda,Verified,0.46842,35.1936,Repellat occaecati quod pariatur ad necessitatibus ad veniam.,
FV-001447,BEN-01059,COHORT-PL-026,27/04/2026,Felix Njoroge,Verified,0.61397,35.34543,Eos impedit adipisci itaque tempora.,False
FV-001448,BEN-01060,COHORT-PL-026,2026-07-06,Maurice Auma,Verified,0.52402,35.19108,Repellendus exercitationem voluptate dolorum ipsum aliquid itaque voluptatibus.,True
FV-001449,BEN-01061,COHORT-PL-026,2026-08-12,Felix Kariuki,No Contact,0.48723,35.27306,Quisquam cum nam sint officia qui quidem.,
FV-001450,BEN-01062,COHORT-PL-026,2026-06-26,Caroline Omondi,Verified,0.59766,35.36411,Sapiente sequi ex nulla qui saepe.,False
FV-001451,BEN-01063,COHORT-PL-026,2026-05-25,Irene Onyango,Verified,0.50622,35.31543,Et esse totam at illo numquam odit.,True
FV-001452,BEN-01065,COHORT-PL-026,2026-05-16,Tabitha Otieno,Partially Verified,0.54623,35.24455,Dicta sequi laborum excepturi ipsa facere culpa cumque.,
FV-001453,BEN-01065,COHORT-PL-026,2026-02-24,Esther Njoroge,Verified,0.41915,35.26257,Beatae neque tenetur praesentium.,True
FV-001454,BEN-01065,COHORT-PL-026,2026-06-25,Wanjiku Mugo,Verified,0.54031,35.24399,Eos nam debitis nulla asperiores at quae totam optio sequi.,False
FV-001455,BEN-01066,COHORT-PL-026,2026-07-30,Kendi Wangari,Verified,0.55513,35.30589,Quaerat minus id ullam aut vero.,
FV-001456,BEN-01067,COHORT-PL-026,2026-06-05,Kezia Njoroge,Referred,0.46602,35.22481,Nostrum voluptas eum dolore repudiandae doloribus culpa.,
FV-001457,BEN-01067,COHORT-PL-026,2026-07-21,Olive Onyango,Verified,0.58868,35.29572,Ad dolore possimus dolor soluta ipsam repellat.,True
FV-001458,BEN-01068,COHORT-PL-026,2026-02-23,Maurice Mutinda,No Contact,0.46417,35.25104,Accusamus doloribus accusantium nostrum saepe impedit.,True
FV-001459,BEN-01068,COHORT-PL-026,2026-04-26,Priscilla Achieng,Verified,0.55655,35.20006,Voluptatum deleniti delectus maxime id nemo temporibus harum ea reiciendis.,False
FV-001460,BEN-01069,COHORT-PL-026,16-Jul-2026,Kendi Odongo,no contact,0.41976,35.35169,Rem ea fuga tempore vel eum explicabo vero.,True
FV-001461,BEN-01069,COHORT-PL-026,2026-03-11,Eunice Githinji,Verified,0.44586,35.25204,Eum repudiandae praesentium recusandae neque atque.,False
FV-001462,BEN-01070,COHORT-PL-026,2026-03-20,Nicholas Nyambura,Partially Verified,0.59526,35.34463,Provident modi autem repudiandae dolorem expedita praesentium voluptate reprehenderit.,True
FV-001463,BEN-01072,COHORT-PL-026,03-Mar-2026,Felix Maina,Verified,0.56872,35.17682,Iure nemo amet nulla libero ipsa veritatis.,
FV-001464,BEN-01072,COHORT-PL-026,2026-07-14,Dennis Were,Verified,0.49746,35.34162,Ad ipsum officiis tempore labore provident.,True
FV-001465,BEN-01073,COHORT-PL-026,2026-08-20,Uchenna Awino,Partially Verified,0.4639,35.19578,Placeat aperiam quaerat necessitatibus veniam.,True
FV-001466,BEN-01074,COHORT-PL-026,2026-08-07,Zipporah Gichuki,No Contact,0.57592,35.21514,Quae laudantium provident velit voluptates.,
FV-001467,BEN-01074,COHORT-PL-026,2026-07-29,Nancy Adhiambo,Verified,0.46339,35.23169,Optio est possimus esse doloremque reiciendis.,True
FV-001468,BEN-01075,COHORT-PL-026,2026-03-24,Yvonne Kiplagat,verified,0.58939,35.28166,Veniam corporis molestiae placeat et ab non quae facere blanditiis.,False
FV-001469,BEN-01076,COHORT-PL-026,2026-04-08,Amina Njoroge,Verified,0.52586,35.21946,Nostrum minus quas quasi dolorum.,True
FV-001470,BEN-01077,COHORT-PL-026,2026-08-09,Brian Omondi,Partially Verified,0.55824,35.22576,Quo voluptatibus saepe adipisci ut quas ex atque illo praesentium.,False
FV-001471,BEN-01078,COHORT-PL-026,2026-05-27,Yvonne Auma,Verified,0.48396,35.34112,Rem fugit labore sed delectus est debitis inventore.,
FV-001472,BEN-01078,COHORT-PL-026,2026-03-15,Hassan Simiyu,Verified,0.59091,35.30386,Libero delectus illo dolorem voluptates odio excepturi.,True
FV-001473,BEN-01078,COHORT-PL-026,2026-07-08,Kezia Ochieng,Verified,0.46114,35.36031,Minima accusantium non voluptatem animi.,False
FV-001474,BEN-01079,COHORT-PL-026,2026-06-09,Dennis Achieng,Referred,0.53912,35.24577,Atque a voluptates accusamus eveniet esse reiciendis necessitatibus.,
FV-001475,BEN-01080,COHORT-PL-026,2026-04-18,Olive Githinji,Verified,0.44042,35.33335,Similique veritatis deleniti nulla delectus dolor exercitationem sit.,False
FV-001476,BEN-01082,COHORT-PL-026,2026-04-22,Boniface Kiprotich,No Contact,0.43256,35.21613,Nobis nemo tempora provident sunt debitis.,False
FV-001477,BEN-01082,COHORT-PL-026,2026-05-24,Rose Mwangi,Verified,0.55622,35.2615,Repellendus ipsum numquam vel suscipit recusandae.,
FV-001478,BEN-01083,COHORT-PL-026,2026-07-18,Harrison Achieng,Verified,0.45087,35.22033,Rem est eos expedita debitis maxime.,True
FV-001479,BEN-01083,COHORT-PL-026,2026-06-27,Hassan Mwangi,no contact,0.54272,35.2027,Libero nobis voluptatum ullam vel.,
FV-001480,BEN-01083,COHORT-PL-026,2026-06-04,Queen Otieno,Partially Verified,0.54705,35.3467,Rerum quos velit pariatur aperiam doloribus consequuntur vero laudantium recusandae.,
FV-001481,BEN-01084,COHORT-PL-026,2026-04-05,Uchenna Rotich,partial,0.58989,35.19911,Facere totam ullam repellat tenetur.,
FV-001482,BEN-01084,COHORT-PL-026,2026-06-25,David Musyoka,No Contact,0.58352,35.20018,Atque maxime optio eum minima nemo minus hic molestias dicta.,False
FV-001483,BEN-01084,COHORT-PL-026,2026-05-19,Grace Kiprotich,Verified,0.5348,35.25804,Consequatur quis eos numquam illo fugiat laudantium laudantium.,
FV-001484,BEN-01085,COHORT-PL-026,2026-07-15,Stephen Mugo,verified,0.55592,35.35258,Natus non esse voluptatibus quo quo praesentium minus.,True
FV-001485,BEN-01085,COHORT-PL-026,2026-02-26,Esther Mugo,No Contact,0.58712,35.29904,Deleniti at tempora quibusdam necessitatibus.,True
FV-001486,BEN-01086,COHORT-PL-026,2026-04-10,Uchenna Njoroge,Referred,0.52822,35.35192,Odit qui modi aliquid esse deleniti.,False
FV-001487,BEN-01087,COHORT-PL-026,2026-05-27,Uchenna Wanjiku,No Contact,0.55267,35.28455,Amet repudiandae soluta qui minima debitis fuga praesentium tenetur atque.,False
FV-001488,BEN-01089,COHORT-PL-026,2026-04-27,Kezia Owino,Verified,0.44589,35.27039,Tempora quae asperiores dignissimos dignissimos odit.,
FV-001489,BEN-01089,COHORT-PL-026,2026-04-26,Raphael Kariuki,Verified,0.57555,35.28098,Aliquid fugit tempore blanditiis.,False
FV-001490,BEN-01090,COHORT-PL-026,2026-08-14,Amina Mugo,Partially Verified,0.61261,35.31676,A dolores repellendus rerum voluptates voluptates repudiandae.,False
FV-001491,BEN-01091,COHORT-PL-026,2026-04-26,Violet Adhiambo,Verified,0.54828,35.34776,Ullam illo culpa nisi numquam ducimus ullam perspiciatis.,True
FV-001492,BEN-01091,COHORT-PL-026,2026-07-23,Owen Njoroge,No Contact,0.49253,35.18502,Est velit officiis totam illum ab reprehenderit fugiat sapiente deleniti quod.,
FV-001493,BEN-01093,COHORT-PL-026,2026-02-28,Mary Nyambura,Verified,0.57392,35.36561,Nobis occaecati hic possimus ipsum optio dolore.,False
FV-001494,BEN-01094,COHORT-PL-026,2026-08-04,Esther Odongo,Verified,0.54099,35.30689,Beatae temporibus laborum delectus eveniet.,
FV-001495,BEN-01095,COHORT-PL-026,2026-08-05,Zipporah Mugo,Verified,0.52358,35.23943,Veritatis quaerat possimus eligendi enim sequi ea.,True
FV-001496,BEN-01095,COHORT-PL-026,2026-08-11,David Ndung'u,Verified,0.50159,35.33692,Hic suscipit dicta assumenda sed dicta.,False
FV-001497,BEN-01096,COHORT-PL-026,2026-06-25,Esther Kariuki,Partially Verified,0.49072,35.35075,Voluptatum iusto autem dolorem rerum delectus quis rem dolores nostrum.,True
FV-001498,BEN-01097,COHORT-PL-026,2026-04-03,Caroline Omondi,Verified,0.58462,35.33623,Qui ipsam quisquam optio magnam voluptate quisquam quam aliquam.,False
FV-001499,BEN-01097,COHORT-PL-026,2026-02-24,Kendi Rotich,Partially Verified,0.5885,35.24444,Veniam exercitationem veniam ullam.,True
FV-001500,BEN-01098,COHORT-PL-026,2026-06-29,Tabitha Kiplagat,Verified,0.45724,35.25439,Iure temporibus animi fugit veniam magni dolore occaecati.,True
FV-001501,BEN-01099,COHORT-PL-026,2026-06-30,Yvonne Omondi,Partially Verified,0.57193,35.33828,Omnis ipsa sit architecto doloribus minus nam corporis.,True
FV-001502,BEN-01099,COHORT-PL-026,2026-05-06,Tabitha Kariuki,Verified,0.54769,35.35005,Animi placeat illum modi nulla cumque ut fuga.,True
FV-001503,BEN-01101,COHORT-PL-026,2026-04-26,Eunice Maina,Partially Verified,0.55259,35.24567,Temporibus placeat ab a animi harum.,
FV-001504,BEN-01101,COHORT-PL-026,2026-03-30,Uchenna Kamau,No Contact,0.51256,35.32197,Blanditiis dolore occaecati natus asperiores officiis tenetur vel officia eligendi.,True
FV-001505,BEN-01102,COHORT-PL-026,2026-08-11,James Kiprotich,No Contact,0.4476,35.33428,Harum tenetur dolores laudantium dolorum voluptatem odio laboriosam tempore iste sunt.,
FV-001506,BEN-01103,COHORT-PL-026,2026-04-23,Esther Auma,Verified,0.5173,35.20305,Corporis odio cupiditate voluptas voluptatum sunt facilis.,True
FV-001507,BEN-01104,COHORT-PL-026,2026-03-02,Caroline Kimani,Partially Verified,0.56116,35.27893,Inventore error aliquam illum.,
FV-001508,BEN-01105,COHORT-PL-026,2026-08-15,Uchenna Kamau,Verified,0.51671,35.33699,Sequi voluptates commodi occaecati dignissimos illo sunt itaque iste veritatis.,False
FV-001509,BEN-01106,COHORT-PL-026,2026-07-28,Tabitha Gichuki,Verified,0.52246,35.19313,Facilis eveniet id quam dignissimos dolor deleniti deserunt sit.,False
FV-001510,BEN-01108,COHORT-PL-026,2026-04-09,Priscilla Kimani,Verified,0.498,35.28285,Facilis iure similique recusandae fugiat esse hic iusto molestiae iste temporibus.,False
FV-001511,BEN-01109,COHORT-PL-026,2026-07-05,Boniface Rotich,No Contact,0.52812,35.27581,Impedit dicta excepturi suscipit optio vel inventore velit ad dignissimos necessitatibus.,False
FV-001512,BEN-01111,COHORT-PL-026,2026-06-27,Zipporah Otieno,Verified,0.4606,35.2562,Earum quia natus culpa illo quos.,False
FV-001513,BEN-01112,COHORT-PL-026,2026-02-26,Leonard Otieno,partial,0.56894,35.28745,Corrupti et doloribus qui quis laborum.,
FV-001514,BEN-01113,COHORT-PL-026,2026-07-02,Dennis Simiyu,No Contact,,35.22039,Ut nostrum quasi soluta perspiciatis ratione assumenda ab similique amet sequi.,
FV-001515,BEN-01113,COHORT-PL-026,2026-07-10,Mary Mwangi,verified,0.54511,35.32136,Ut explicabo quia vero esse architecto numquam et.,False
FV-001516,BEN-01113,COHORT-PL-026,2026-07-28,Wanjiku Nyambura,Verified,0.60776,35.27686,Labore provident enim aut natus tempore corrupti impedit minus.,False
FV-001517,BEN-01114,COHORT-PL-026,2026-04-20,Dennis Were,Verified,0.45837,35.17278,Illum natus occaecati praesentium eligendi sed dolorum beatae veniam tenetur atque.,False
FV-001518,BEN-01114,COHORT-PL-026,04/03/2026,Maurice Ndung'u,Partially Verified,0.56264,35.16956,Consequatur fugit fugit cupiditate accusantium.,True
FV-001519,BEN-01115,COHORT-PL-026,2026-03-01,Quinton Mutinda,Partially Verified,0.5426,35.19671,Ut nesciunt delectus tempora voluptas veniam necessitatibus suscipit.,False
FV-001520,BEN-01116,COHORT-PL-026,2026-08-14,Cynthia Simiyu,Verified,0.43927,35.20147,Suscipit architecto consequatur error hic.,False
FV-001521,BEN-01117,COHORT-PL-026,2026-08-10,Raphael Achieng,No Contact,0.44492,35.2271,Beatae vel vero deserunt odio eos.,True
FV-001522,BEN-01117,COHORT-PL-026,2026-04-19,Zipporah Adhiambo,Verified,0.56561,35.21568,Explicabo voluptates libero numquam nihil.,False
FV-001523,BEN-01117,COHORT-PL-026,2026-07-29,Nancy Adhiambo,Verified,0.57737,35.2748,Facilis dolorum maiores voluptatem temporibus ad.,False
FV-001524,BEN-01118,COHORT-PL-026,2026-08-10,Hassan Were,Verified,0.57576,35.31222,Temporibus amet dolores esse ipsum inventore aliquam quibusdam.,False
FV-001525,BEN-01118,COHORT-PL-026,2026-04-05,Eunice Owino,Partially Verified,0.55161,35.25488,Optio ex adipisci sit unde ab nemo esse dicta.,
FV-001526,BEN-01119,COHORT-PL-026,2026-03-06,Seun Awino,No Contact,0.53617,35.27713,Fugit alias perferendis possimus excepturi rem sequi quos illum.,
FV-001527,BEN-01119,COHORT-PL-026,2026-04-23,Queen Githinji,Partially Verified,0.43013,35.32807,Consequatur expedita ea deserunt eligendi assumenda ipsum perferendis.,True
FV-001528,BEN-01120,COHORT-PL-026,2026-06-02,Aisha Odongo,Partially Verified,0.55515,35.31526,Similique tempore ad consectetur quis doloribus debitis aperiam.,True
FV-001529,BEN-01120,COHORT-PL-026,24-Apr-2026,Xavier Onyango,Verified,0.50761,35.16803,Reiciendis quod sint ab accusamus rem sit nulla culpa numquam.,True
FV-001530,BEN-01120,COHORT-PL-026,2026-04-30,Wanjiku Musyoka,no contact,0.51614,35.31887,Occaecati ex pariatur nostrum animi consequuntur ullam unde delectus.,False
FV-001531,BEN-01121,COHORT-PL-026,16/05/2026,Zipporah Mwangi,Verified,0.5454,35.32515,A recusandae doloremque amet aspernatur.,
FV-001532,BEN-01121,COHORT-PL-026,2026-06-25,Esther Achieng,Partially Verified,0.51961,35.28351,Numquam deserunt repellendus provident libero provident iusto quasi.,
FV-001533,BEN-01122,COHORT-PL-026,2026-04-20,James Kiplagat,Verified,0.54281,35.18411,Sint aperiam delectus ab debitis deserunt corporis molestiae voluptate praesentium.,
FV-001534,BEN-01122,COHORT-PL-026,16/06/2026,Hassan Mugo,Verified,0.56244,35.26209,Deleniti sed quidem dolorem hic.,
FV-001535,BEN-01123,COHORT-PL-026,2026-04-27,Esther Auma,Partially Verified,0.54831,35.29006,Error impedit odit dolor dolorum exercitationem dolores ab tempora placeat.,
FV-001536,BEN-01123,COHORT-PL-026,2026-03-15,Owen Mugo,Verified,0.51919,35.26958,Quidem aperiam aperiam exercitationem quasi nulla repellendus.,
FV-001537,BEN-01123,COHORT-PL-026,30/03/2026,Queen Otieno,Verified,0.45557,35.17891,Perferendis tempore ipsum voluptate perferendis.,
FV-001538,BEN-01124,COHORT-PL-026,2026-06-18,Priscilla Waweru,No Contact,0.54402,35.23771,Nihil totam facere perspiciatis perspiciatis aperiam ea saepe.,
FV-001539,BEN-01125,COHORT-PL-026,2026-04-24,Raphael Otieno,Verified,0.42348,35.19127,Facere repellat fuga error laudantium molestias quia dolorem cupiditate.,False
FV-001540,BEN-01126,COHORT-PL-026,2026-05-20,Irene Nyambura,Verified,0.53907,35.19312,Illum sunt eveniet recusandae veniam illo sit iure.,
FV-001541,BEN-01127,COHORT-PL-026,2026-05-11,Yvonne Onyango,Verified,0.47654,35.34386,Consequuntur quibusdam in ad consequuntur et.,True
FV-001542,BEN-01127,COHORT-PL-026,2026-04-15,Nancy Achieng,Verified,0.58184,35.36551,Corrupti facilis ipsa repellendus temporibus corrupti veniam dolor accusamus iusto earum.,False
FV-001543,BEN-01127,COHORT-PL-026,2026-08-03,Priscilla Awino,Partially Verified,0.47038,35.18652,Accusantium hic esse veritatis molestias dolorem.,
FV-001544,BEN-01128,COHORT-PL-026,2026-05-11,Joseph Mutua,No Contact,0.46663,35.2874,Non libero ipsa sed laborum pariatur explicabo autem veritatis.,False
FV-001545,BEN-01128,COHORT-PL-026,2026-08-18,Mary Kariuki,Verified,0.57443,35.23357,Non consequuntur maxime laudantium dolor laudantium vero occaecati excepturi.,False
FV-001546,BEN-01129,COHORT-PL-026,2026-07-11,Zipporah Mutua,Partially Verified,0.50148,35.28933,Placeat inventore commodi consectetur eligendi quam rem.,
FV-001547,BEN-01131,COHORT-PL-026,2026-06-19,Patrick Waweru,Verified,0.57137,35.2233,Fuga voluptas aperiam ipsum impedit distinctio.,False
FV-001548,BEN-01131,COHORT-PL-026,2026-08-15,Quinton Were,Verified,,35.19614,Porro tenetur temporibus odio temporibus labore eligendi exercitationem.,True
FV-001549,BEN-01132,COHORT-PL-026,2026-03-31,Aisha Were,Verified,0.49783,35.36313,Praesentium temporibus vitae quos nemo tenetur provident non.,False
FV-001550,BEN-01133,COHORT-PL-026,25-Feb-2026,Boniface Nyambura,Referred,0.53291,35.20732,Laborum iusto accusantium magni atque quibusdam numquam.,False
FV-001551,BEN-01133,COHORT-PL-026,2026-03-11,Eunice Njoroge,Verified,0.61127,35.29445,Minus iure tempore veniam quas.,
FV-001552,BEN-01134,COHORT-VN-001,2026-08-20,Grace Kimani,Partially Verified,-1.23236,36.83366,Ipsum quod recusandae eius corporis.,
FV-001553,BEN-01135,COHORT-VN-001,2026-09-01,Felix Mutinda,Verified,-1.38059,36.81808,Labore dolore a explicabo nulla.,True
FV-001554,BEN-01136,COHORT-VN-001,2026-04-13,Yvonne Maina,Verified,-1.19721,36.73227,Corporis earum eum voluptates non modi reprehenderit officia vero nisi.,
FV-001555,BEN-01137,COHORT-VN-001,2026-05-26,Raphael Nyambura,Verified,-1.28583,36.89776,Eos aperiam suscipit minima magnam dolorum.,False
FV-001556,BEN-01137,COHORT-VN-001,2026-04-22,Stephen Ndung'u,Verified,-1.24365,36.78444,In repellendus ab ea corporis ad officiis quis.,
FV-001557,BEN-01138,COHORT-VN-001,2026-06-06,Eunice Ndung'u,Verified,-1.27644,36.78973,Fuga quod voluptatibus ipsum fugit.,
FV-001558,BEN-01138,COHORT-VN-001,2026-05-05,Nicholas Kiprotich,No Contact,-1.18631,36.73723,Nisi quis autem earum eius provident.,
FV-001559,BEN-01140,COHORT-VN-001,02-Aug-2026,Quinton Kiplagat,Verified,-1.23111,36.8508,Eligendi nesciunt eum accusantium amet eveniet labore consequuntur rerum.,False
FV-001560,BEN-01142,COHORT-VN-001,2026-05-08,Lilian Onyango,Verified,-1.37294,36.73058,Mollitia occaecati officia hic eveniet saepe alias eligendi.,
FV-001561,BEN-01143,COHORT-VN-001,2026-04-30,Irene Kamau,partial,-1.27318,36.73859,Quidem aliquam maiores quam quae libero unde consequuntur aut cum.,True
FV-001562,BEN-01144,COHORT-VN-001,2026-06-24,Yvonne Adhiambo,Partially Verified,-1.27563,36.72498,At facere explicabo aspernatur exercitationem architecto id.,True
FV-001563,BEN-01144,COHORT-VN-001,09/04/2026,Queen Mutua,partial,-1.20335,36.81782,Minima odit id culpa reprehenderit.,False
FV-001564,BEN-01146,COHORT-VN-001,2026-06-23,Joseph Kamau,Partially Verified,-1.27266,36.77128,Ipsum beatae tenetur ea dolores officia.,
FV-001565,BEN-01146,COHORT-VN-001,2026-03-12,Quinton Mwangi,Verified,-1.35176,36.86549,Ad officia possimus laboriosam aliquam quis veniam veritatis consequuntur eum.,True
FV-001566,BEN-01147,COHORT-VN-001,11-Apr-2026,Patrick Chebet,Verified,-1.37642,36.76359,Quidem pariatur accusantium quisquam laudantium pariatur possimus mollitia.,
FV-001567,BEN-01147,COHORT-VN-001,2026-03-05,Esther Otieno,No Contact,-1.25426,36.72848,Dicta alias dolorem laudantium expedita.,
FV-001568,BEN-01148,COHORT-VN-001,23/05/2026,Xavier Maina,Verified,-1.27297,36.81588,Neque facilis tempore cum distinctio.,
FV-001569,BEN-01148,COHORT-VN-001,2026-07-18,David Otieno,Verified,-1.26018,36.86765,Ab occaecati numquam eaque fugiat harum rerum quidem ducimus deserunt.,True
FV-001570,BEN-01149,COHORT-VN-001,17/06/2026,Harrison Auma,Verified,-1.33645,36.76601,Hic officiis iste ipsum voluptas perferendis quo.,True
FV-001571,BEN-01149,COHORT-VN-001,2026-02-23,Brian Rotich,Partially Verified,-1.38598,36.76518,Delectus aliquam rem quia soluta dicta.,
FV-001572,BEN-01150,COHORT-VN-001,2026-05-07,Irene Gichuki,verified,-1.2181,36.90469,Quasi error porro dolor nihil esse iure officia dolorem tempora.,False
FV-001573,BEN-01150,COHORT-VN-001,2026-04-02,Wanjiku Kariuki,Verified,-1.29329,36.85324,Dolor ad accusamus repudiandae similique dignissimos veniam.,
FV-001574,BEN-01150,COHORT-VN-001,2026-08-09,Felix Mwangi,Partially Verified,,36.83324,Quam itaque hic quidem ullam laboriosam nisi recusandae.,True
FV-001575,BEN-01151,COHORT-VN-001,2026-06-02,Lilian Wanjiku,Partially Verified,-1.26494,36.79058,Aspernatur autem a adipisci amet accusamus earum.,
FV-001576,BEN-01152,COHORT-VN-001,2026-07-01,Francis Njenga,Verified,-1.30809,36.71835,Esse fugit necessitatibus cum.,
FV-001577,BEN-01153,COHORT-VN-001,2026-05-10,Joseph Mwangi,no contact,-1.25974,36.82912,Facilis officia voluptas quia fuga.,False
FV-001578,BEN-01154,COHORT-VN-001,2026-07-10,Francis Maina,No Contact,-1.33901,36.84473,Impedit ad quo tempore error ea ut.,True
FV-001579,BEN-01155,COHORT-VN-001,2026-09-05,Eunice Githinji,Verified,,36.87999,Blanditiis odio veritatis recusandae sunt ut.,True
FV-001580,BEN-01156,COHORT-VN-001,2026-08-09,Hassan Njenga,Verified,-1.35108,36.84637,Accusamus assumenda doloremque sit neque nam.,True
FV-001581,BEN-01156,COHORT-VN-001,2026-04-09,Queen Githinji,Partially Verified,-1.28074,36.76954,Ad natus aperiam porro dolor id fugiat.,
FV-001582,BEN-01156,COHORT-VN-001,2026-05-29,Francis Ndung'u,Verified,-1.34359,36.88169,Libero rerum impedit voluptate nemo.,False
FV-001583,BEN-01158,COHORT-VN-001,2026-07-20,Xavier Kamau,verified,-1.30438,36.72596,Omnis vero soluta quae quaerat.,False
FV-001584,BEN-01159,COHORT-VN-001,2026-05-08,David Nyambura,Verified,-1.31916,36.90857,Reiciendis ad earum sit doloremque ipsum.,
FV-001585,BEN-01160,COHORT-VN-001,2026-05-03,Maurice Musyoka,Verified,-1.25163,36.75661,Voluptatum aliquid natus sequi.,
FV-001586,BEN-01161,COHORT-VN-001,2026-08-05,James Otieno,Verified,-1.33202,36.9152,Veritatis laborum doloremque sed aliquid facilis nisi itaque iusto cum.,
FV-001587,BEN-01161,COHORT-VN-001,2026-03-06,Caroline Omondi,Verified,-1.3543,36.9099,Quas molestiae eum odit illum neque fuga voluptatem.,True
FV-001588,BEN-01162,COHORT-VN-001,24-Apr-2026,Patrick Gichuki,Verified,-1.38339,36.73456,Corporis perferendis suscipit perferendis illum vero assumenda.,False
FV-001589,BEN-01162,COHORT-VN-001,2026-04-20,Uchenna Musyoka,Partially Verified,-1.25543,36.72354,Suscipit ex facere iure quidem similique cum.,
FV-001590,BEN-01163,COHORT-VN-001,06/08/2026,Queen Ndung'u,Verified,-1.28372,36.86126,Exercitationem ullam voluptatem corporis exercitationem.,True
FV-001591,BEN-01164,COHORT-VN-001,2026-05-08,Irene Awino,Verified,-1.3227,36.91379,Rerum cum reiciendis consequuntur repellendus dignissimos possimus aspernatur in beatae magnam.,False
FV-001592,BEN-01164,COHORT-VN-001,2026-05-17,Seun Njenga,no contact,-1.28302,36.75845,Maxime nemo ducimus mollitia velit.,True
FV-001593,BEN-01166,COHORT-VN-001,2026-07-24,Lilian Mwangi,Verified,-1.19129,36.90442,Placeat ratione laudantium eveniet saepe fuga vel.,
FV-001594,BEN-01166,COHORT-VN-001,2026-04-18,Owen Njenga,Partially Verified,-1.25138,36.89354,Omnis hic neque quibusdam porro voluptates dolorem officia culpa possimus.,
FV-001595,BEN-01167,COHORT-VN-001,2026-03-31,Francis Ndung'u,Verified,-1.20233,36.80201,Quaerat tempora voluptas reiciendis libero totam.,False
FV-001596,BEN-01168,COHORT-VN-001,2026-07-27,Queen Otieno,Partially Verified,-1.29694,36.82513,Doloribus illo repudiandae molestiae atque repellendus ad.,
FV-001597,BEN-01168,COHORT-VN-001,2026-03-25,Kendi Maina,Verified,-1.18637,36.76583,Eos dignissimos repudiandae perspiciatis architecto.,True
FV-001598,BEN-01169,COHORT-VN-001,2026-05-06,Amina Githinji,Verified,-1.24444,36.84184,Veritatis in facere illo praesentium error harum dignissimos incidunt.,
FV-001599,BEN-01169,COHORT-VN-001,2026-02-27,Stephen Ochieng,Verified,-1.22839,36.85741,Ullam odio nihil perspiciatis voluptate libero expedita ducimus labore reiciendis.,True
FV-001600,BEN-01170,COHORT-VN-001,2026-04-24,Esther Adhiambo,Verified,-1.21936,36.76278,Quo in nesciunt sunt veniam placeat voluptatum fugit vitae quis.,True
FV-001601,BEN-01170,COHORT-VN-001,2026-08-02,Felix Onyango,No Contact,-1.29462,36.85401,Labore molestiae assumenda quam quaerat.,False
FV-001602,BEN-01171,COHORT-VN-001,2026-07-13,Kendi Kamau,partial,-1.33394,36.77576,Iste quibusdam dolores voluptates alias.,True
FV-001603,BEN-01172,COHORT-VN-001,2026-02-22,Eunice Mugo,Referred,-1.30656,36.7396,Mollitia provident iste nostrum atque placeat nisi.,True
FV-001604,BEN-01173,COHORT-VN-001,2026-08-04,Hassan Njenga,Verified,-1.30066,36.85353,Vel ipsam magnam iure possimus.,False
FV-001605,BEN-01173,COHORT-VN-001,2026-04-21,Rose Njoroge,No Contact,-1.29181,36.89463,Reiciendis modi quam ducimus blanditiis maxime cupiditate iste.,True
FV-001606,BEN-01174,COHORT-VN-001,2026-04-14,Nancy Adhiambo,Partially Verified,-1.24183,36.8224,Aliquam nobis incidunt placeat voluptas asperiores.,False
FV-001607,BEN-01174,COHORT-VN-001,2026-03-09,Patrick Adhiambo,no contact,-1.19911,36.74086,Laborum ab quod rem temporibus quo aliquam delectus excepturi.,False
FV-001608,BEN-01175,COHORT-VN-001,2026-04-29,Wanjiku Wangari,Verified,-1.19375,36.79436,Sapiente dolorem ipsam praesentium tenetur aut consequuntur qui veniam natus.,True
FV-001609,BEN-01175,COHORT-VN-001,2026-03-10,Wanjiku Kariuki,Verified,-1.33938,36.90849,Libero recusandae inventore provident tempore fuga molestiae in alias.,False
FV-001610,BEN-01177,COHORT-VN-001,2026-07-04,Rose Otieno,Verified,-1.34407,36.76814,Nam in aperiam ea veniam facere illo ullam tenetur.,True
FV-001611,BEN-01178,COHORT-VN-001,2026-06-12,Harrison Odongo,Verified,-1.24611,36.76984,Commodi cum necessitatibus optio ipsum voluptatum.,False
FV-001612,BEN-01178,COHORT-VN-001,2026-04-16,Rose Ndung'u,Referred,-1.3356,36.8554,Nam labore voluptas omnis neque blanditiis aliquam dicta.,False
FV-001613,BEN-01179,COHORT-VN-001,2026-05-07,Priscilla Gichuki,Verified,-1.23901,36.77175,Consequatur praesentium accusamus animi ratione beatae pariatur.,False
FV-001614,BEN-01180,COHORT-VN-001,2026-04-07,Kezia Githinji,Verified,-1.26558,36.76931,Minus esse repellat eum doloribus laboriosam distinctio optio laboriosam distinctio.,True
FV-001615,BEN-01181,COHORT-VN-001,2026-07-13,Lilian Nyambura,Verified,-1.37525,36.78489,Harum odio molestiae rem corporis consectetur.,False
FV-001616,BEN-01183,COHORT-VN-001,2026-07-21,Nancy Otieno,Verified,-1.29817,36.75397,Corporis quis labore voluptatibus asperiores cum occaecati impedit numquam vel.,False
FV-001617,BEN-01183,COHORT-VN-001,2026-04-01,Raphael Auma,No Contact,-1.29635,36.84876,Illo quibusdam aliquam eum hic deserunt quas.,False
FV-001618,BEN-01184,COHORT-VN-001,2026-06-20,Amina Achieng,Verified,-1.21541,36.74535,Hic non sint quibusdam consectetur nostrum ratione suscipit.,True
FV-001619,BEN-01185,COHORT-VN-001,2026-04-27,Kendi Mutua,Verified,-1.38248,36.88945,Dolores maxime libero asperiores nobis impedit.,True
FV-001620,BEN-01185,COHORT-VN-001,2026-06-10,Esther Owino,No Contact,-1.29827,36.86998,Assumenda tempora corporis odit fuga hic iure rem totam esse.,True
FV-001621,BEN-01186,COHORT-VN-001,2026-08-17,Kezia Awino,No Contact,-1.30685,36.75454,Non ullam sequi iusto laborum quidem saepe nihil nam placeat.,True
FV-001622,BEN-01186,COHORT-VN-001,2026-06-05,Boniface Omondi,Partially Verified,-1.37611,36.84436,Optio nemo iusto at laudantium exercitationem maxime occaecati dolorum eaque.,False
FV-001623,BEN-01186,COHORT-VN-001,2026-05-22,Nicholas Kamau,Partially Verified,-1.34753,36.85077,Soluta nisi dolorem unde eum dolores deleniti.,True
FV-001624,BEN-01187,COHORT-VN-001,2026-07-20,Nicholas Githinji,Partially Verified,-1.19488,36.77188,Deleniti ex perspiciatis eius nisi pariatur deleniti.,False
FV-001625,BEN-01187,COHORT-VN-001,2026-08-06,Stephen Rotich,Verified,,36.9163,Tempora consequuntur quo eos porro facere molestiae eum reiciendis neque cupiditate.,False
FV-001626,BEN-01188,COHORT-VN-001,2026-04-05,Francis Odongo,Verified,-1.21089,36.79313,Odit dignissimos ratione rerum delectus officia libero.,True
FV-001627,BEN-01189,COHORT-VN-001,2026-05-13,Tabitha Wanjiku,Verified,-1.26669,36.79009,Hic quaerat ut itaque exercitationem ducimus asperiores.,
FV-001628,BEN-01190,COHORT-VN-001,2026-05-21,Quinton Ndung'u,Partially Verified,-1.36836,36.80528,Vitae repellat voluptates a deleniti vel.,
FV-001629,BEN-01190,COHORT-VN-001,12/08/2026,Rose Wanjiku,Verified,-1.36848,36.79974,Iste voluptatibus nesciunt eius necessitatibus dicta amet incidunt voluptatem.,
FV-001630,BEN-01191,COHORT-VN-001,2026-02-26,Lilian Onyango,Verified,-1.35671,36.74232,Autem ipsa est consequuntur commodi quis voluptatibus aliquam architecto autem.,False
FV-001631,BEN-01192,COHORT-VN-001,2026-08-07,Aisha Mutua,Verified,-1.35515,36.8195,Eaque quos unde placeat dignissimos tempora necessitatibus ab excepturi numquam.,
FV-001632,BEN-01194,COHORT-VN-001,2026-04-03,Raphael Waweru,Verified,-1.37369,36.7328,Eligendi dolores dolore nobis quibusdam unde explicabo.,False
FV-001633,BEN-01194,COHORT-VN-001,2026-04-16,Olive Njenga,partial,-1.33892,36.8901,Corrupti mollitia et dolore rem repudiandae dicta.,True
FV-001634,BEN-01195,COHORT-VN-001,2026-06-02,Mary Onyango,Verified,-1.25642,36.89496,Accusantium cum necessitatibus nostrum voluptate repellat commodi doloribus illo doloribus non.,True
FV-001635,BEN-01196,COHORT-VN-001,2026-07-31,Grace Mugo,No Contact,-1.25618,36.75215,Ullam eius a perferendis ipsa similique.,False
FV-001636,BEN-01196,COHORT-VN-001,2026-05-24,Felix Ochieng,Referred,-1.3731,36.90244,Ipsum doloremque sed illum ipsam corrupti suscipit sed.,True
FV-001637,BEN-01197,COHORT-VN-001,02/03/2026,Lilian Githinji,Verified,-1.19387,36.86101,Ad quisquam dignissimos perferendis ipsa soluta exercitationem accusantium.,True
FV-001638,BEN-01198,COHORT-VN-001,22/06/2026,Priscilla Mutua,Referred,-1.35427,36.82287,Nulla saepe non fuga provident nobis praesentium fugiat ratione.,True
FV-001639,BEN-01198,COHORT-VN-001,2026-07-20,David Rotich,Referred,-1.24656,36.788,Dolor explicabo earum quaerat tempore fugit.,True
FV-001640,BEN-01199,COHORT-VN-001,2026-02-23,Stephen Mwangi,Partially Verified,-1.37945,36.85483,Vero placeat natus officia aperiam quae accusantium nemo facere.,
FV-001641,BEN-01199,COHORT-VN-001,2026-06-17,Olive Mwangi,no contact,-1.24307,36.87094,Laudantium quam tenetur at.,True
FV-001642,BEN-01200,COHORT-VN-001,2026-04-10,Queen Chebet,partial,-1.36612,36.89353,Expedita eaque tenetur ea culpa dolor nesciunt.,False
FV-001643,BEN-01200,COHORT-VN-001,2026-06-09,Boniface Odongo,Verified,-1.22246,36.85955,Nobis repellat sapiente voluptatem facilis quis at totam at possimus.,False
FV-001644,BEN-01201,COHORT-VN-001,2026-03-14,Joseph Njoroge,Verified,-1.33683,36.76605,Dolorum minima ducimus corrupti consequuntur.,
FV-001645,BEN-01202,COHORT-VN-001,22/05/2026,Francis Kamau,Partially Verified,-1.25073,36.8987,Eius totam dolorem est maxime doloremque at amet omnis.,False
FV-001646,BEN-01202,COHORT-VN-001,2026-07-20,Maurice Maina,Verified,-1.24743,36.88868,Enim iusto incidunt cumque accusantium vero.,False
FV-001647,BEN-01203,COHORT-VN-001,2026-07-30,Seun Otieno,No Contact,-1.35227,36.82347,Quae architecto aut repellendus debitis commodi iure quis quam corrupti.,
FV-001648,BEN-01205,COHORT-VN-001,2026-03-08,Rose Mugo,Verified,-1.34725,36.75597,Doloribus ab sequi quisquam maiores accusantium.,False
FV-001649,BEN-01206,COHORT-VN-001,2026-03-25,Raphael Kiprotich,Partially Verified,-1.23515,36.81796,Tempora hic cumque iusto sed doloribus non facilis quos.,False
FV-001650,BEN-01206,COHORT-VN-001,2026-03-04,Raphael Kamau,No Contact,-1.31551,36.71937,Doloribus cupiditate autem dolorum odit quidem architecto fugiat a.,True
FV-001651,BEN-01207,COHORT-VN-001,2026-05-09,Irene Onyango,Verified,-1.3734,36.72556,Minus laudantium quidem mollitia quas suscipit iure officia maxime.,False
FV-001652,BEN-01207,COHORT-VN-001,21/06/2026,Quinton Simiyu,Verified,-1.34454,36.7302,Neque saepe illo dolorum vel cumque similique commodi alias asperiores.,False
FV-001653,BEN-01208,COHORT-VN-001,2026-07-24,Lilian Musyoka,Verified,-1.2685,36.90305,Sapiente blanditiis temporibus fugit error ad laborum quibusdam.,False
FV-001654,BEN-01208,COHORT-VN-001,2026-05-16,Gladys Kariuki,Verified,-1.36409,36.7677,Ipsa odit corporis sint ratione quibusdam.,False
FV-001655,BEN-01210,COHORT-VN-001,2026-08-19,Kendi Kariuki,Verified,-1.29574,36.88265,Id consequuntur tempore temporibus ducimus id quae.,True
FV-001656,BEN-01210,COHORT-VN-001,2026-03-12,Caroline Njoroge,Verified,-1.28861,36.86557,Sunt iure impedit amet veniam tempore ullam eos.,
FV-001657,BEN-01212,COHORT-VN-001,2026-04-11,Olive Kamau,Partially Verified,-1.37202,36.74153,Expedita tenetur suscipit sit aspernatur.,True
FV-001658,BEN-01213,COHORT-VN-001,2026-08-08,Seun Mutinda,Verified,-1.18896,36.84974,Explicabo maiores labore ut sit laboriosam explicabo.,True
FV-001659,BEN-01214,COHORT-VN-001,2026-03-04,Felix Adhiambo,Verified,-1.29379,36.72236,Est magni accusamus aut quia natus.,False
FV-001660,BEN-01214,COHORT-VN-001,2026-06-28,Eunice Kiprotich,Verified,-1.35755,36.84893,Ad dolor maxime ad illo.,False
FV-001661,BEN-01216,COHORT-VN-001,2026-07-31,Mary Achieng,Verified,-1.1901,36.89683,Itaque numquam eligendi amet maxime commodi ipsa laborum quis alias quod.,False
FV-001662,BEN-01216,COHORT-VN-001,2026-06-24,Maurice Githinji,Partially Verified,-1.19434,36.72346,Magni voluptatum corrupti repudiandae ex quae quasi odio corporis quis.,
FV-001663,BEN-01217,COHORT-VN-001,2026-05-17,Brian Gichuki,Referred,-1.344,36.74547,At fugit hic aliquam esse veritatis.,False
FV-001664,BEN-01218,COHORT-VN-001,2026-05-09,Maurice Simiyu,Verified,-1.32816,36.90061,In deserunt reiciendis sunt incidunt necessitatibus.,
FV-001665,BEN-01218,COHORT-VN-001,2026-05-23,Yvonne Nyambura,Verified,-1.19511,36.89567,A architecto similique eaque laboriosam architecto.,False
FV-001666,BEN-01219,COHORT-VN-001,2026-08-04,Owen Omondi,Verified,-1.35123,36.74989,Totam cumque perferendis beatae pariatur repellat exercitationem quas fuga.,
FV-001667,BEN-01220,COHORT-VN-001,17/03/2026,Uchenna Onyango,Verified,-1.22566,36.89144,Veritatis ducimus nam suscipit repellendus ex pariatur minima pariatur.,
FV-001668,BEN-01224,COHORT-VN-001,2026-06-28,Stephen Kamau,Partially Verified,-1.27032,36.85548,Maxime eius nisi tempore dolorem ad laboriosam eveniet magni libero.,False
FV-001669,BEN-01224,COHORT-VN-001,2026-03-18,Francis Mutinda,Verified,-1.27181,36.86728,Amet nihil reiciendis ducimus reprehenderit nam sapiente dolor.,False
FV-001670,BEN-01225,COHORT-VN-001,2026-04-08,Maurice Gichuki,Verified,-1.34954,36.75182,Iure corrupti atque molestiae facilis quia in.,False
FV-001671,BEN-01225,COHORT-VN-001,2026-07-15,Queen Were,Partially Verified,-1.3172,36.8097,Error doloribus numquam veniam optio quod unde animi.,
FV-001672,BEN-01228,COHORT-VN-001,2026-04-04,Francis Otieno,Verified,-1.36459,36.75399,Repellendus culpa labore adipisci vel blanditiis doloremque soluta.,
FV-001673,BEN-01229,COHORT-VN-001,2026-03-22,Joseph Waweru,Verified,-1.36438,36.79589,Unde id distinctio inventore doloremque doloribus rem excepturi nisi.,True
FV-001674,BEN-01229,COHORT-VN-001,2026-07-12,Kezia Githinji,Partially Verified,-1.21837,36.89048,Fugiat assumenda aspernatur recusandae ab molestiae laudantium at voluptas repellat.,
FV-001675,BEN-01229,COHORT-VN-001,2026-04-27,Stephen Rotich,Partially Verified,-1.21859,36.90857,Voluptatibus a debitis consequatur voluptates facilis.,
FV-001676,BEN-01232,COHORT-VN-001,2026-05-29,Owen Mwangi,Referred,-1.2474,36.83508,Pariatur assumenda cumque est aut voluptatum aspernatur aliquam.,True
FV-001677,BEN-01234,COHORT-VN-001,2026-07-30,Grace Mutinda,Verified,-1.26799,36.88982,Reprehenderit deleniti cumque hic.,False
FV-001678,BEN-01234,COHORT-VN-001,2026-07-20,Wanjiku Otieno,Verified,,36.89732,Autem nihil nulla minima rerum eligendi aperiam non ea.,True
FV-001679,BEN-01235,COHORT-VN-001,2026-03-11,Nancy Otieno,Partially Verified,-1.21685,36.75999,Atque non porro adipisci sequi pariatur possimus repellat facere magni.,False
FV-001680,BEN-01235,COHORT-VN-001,2026-08-19,Caroline Njoroge,Verified,-1.33668,36.87183,Officiis repellendus in ut recusandae sed pariatur.,False
FV-001681,BEN-01236,COHORT-VN-001,2026-06-12,Uchenna Were,No Contact,-1.34288,36.7376,Dolores corrupti culpa aspernatur nesciunt blanditiis.,
FV-001682,BEN-01236,COHORT-VN-001,2026-07-29,Patrick Achieng,Verified,-1.38482,36.84271,Voluptatum commodi quam eligendi ex.,False
FV-001683,BEN-01237,COHORT-VN-002,2026-03-08,Mary Mutinda,Partially Verified,-4.0401,39.6444,Neque quaerat ipsa commodi officia velit mollitia nesciunt.,False
FV-001684,BEN-01238,COHORT-VN-002,08-Aug-2026,Dennis Njenga,No Contact,-3.97892,39.74224,Tempora omnis facilis hic exercitationem aliquid.,True
FV-001685,BEN-01240,COHORT-VN-002,2026-07-21,Harrison Kiplagat,Verified,,39.61798,Harum repellat iure vitae quos similique ipsum.,False
FV-001686,BEN-01242,COHORT-VN-002,2026-07-21,Felix Otieno,Verified,-4.11583,39.66471,Quia provident omnis vero quibusdam sit delectus sit.,True
FV-001687,BEN-01242,COHORT-VN-002,2026-06-26,Dennis Rotich,Verified,-4.1388,39.75242,Veritatis impedit laborum voluptates corporis sunt.,True
FV-001688,BEN-01243,COHORT-VN-002,2026-08-16,Violet Omondi,Verified,-4.10829,39.64589,Maiores libero eius dicta debitis alias ab.,
FV-001689,BEN-01244,COHORT-VN-002,2026-04-30,Olive Adhiambo,verified,-4.00633,39.60876,Quae reiciendis fuga a laboriosam repudiandae magnam distinctio.,False
FV-001690,BEN-01244,COHORT-VN-002,2026-04-17,Esther Gichuki,Verified,-4.08493,39.60784,Perspiciatis similique quia earum hic minus nihil unde.,False
FV-001691,BEN-01245,COHORT-VN-002,18/05/2026,Irene Mugo,Partially Verified,-4.11484,39.62219,Ipsa veniam reiciendis iste quaerat molestias.,False
FV-001692,BEN-01246,COHORT-VN-002,2026-05-23,Aisha Mutinda,Partially Verified,-4.0515,39.66942,Voluptatum itaque eligendi accusantium nihil vitae aperiam repudiandae impedit iure.,True
FV-001693,BEN-01246,COHORT-VN-002,2026-04-21,Priscilla Nyambura,Verified,-4.11203,39.70306,Nemo unde rerum dolore eaque tempora sequi repellendus pariatur neque.,True
FV-001694,BEN-01247,COHORT-VN-002,2026-05-13,Dennis Kiprotich,Verified,-4.07363,39.61264,Eaque minus aliquam veritatis ipsum id inventore vero.,
FV-001695,BEN-01247,COHORT-VN-002,2026-06-28,Queen Kimani,Verified,-4.09788,39.63635,Modi tempore velit accusamus sit quasi quisquam.,False
FV-001696,BEN-01248,COHORT-VN-002,2026-08-08,James Mutinda,Partially Verified,-4.08861,39.61655,Quisquam optio libero neque modi mollitia quod.,False
FV-001697,BEN-01250,COHORT-VN-002,05/05/2026,Rose Onyango,Verified,-4.06712,39.73906,Unde harum quas debitis omnis accusamus inventore.,
FV-001698,BEN-01251,COHORT-VN-002,2026-05-03,Raphael Njoroge,Verified,-4.08362,39.58255,Officia veniam accusantium consectetur quibusdam ducimus omnis perferendis.,True
FV-001699,BEN-01253,COHORT-VN-002,2026-07-16,Nancy Achieng,Partially Verified,-4.01402,39.64352,Cum incidunt quas facere quisquam enim voluptatum porro odit.,
FV-001700,BEN-01254,COHORT-VN-002,2026-03-27,Violet Kamau,Verified,-4.00957,39.65973,Voluptatem sit sequi a dolores.,False
FV-001701,BEN-01255,COHORT-VN-002,2026-03-14,Leonard Kiprotich,Verified,-4.13253,39.66525,Vitae beatae iste commodi quisquam quod iure.,False
FV-001702,BEN-01256,COHORT-VN-002,2026-08-20,Kezia Simiyu,no contact,-4.09349,39.74019,Laboriosam nostrum quos explicabo at debitis.,
FV-001703,BEN-01257,COHORT-VN-002,2026-05-04,Grace Wanjiku,Partially Verified,-4.12326,39.75975,Molestias dolorum accusantium totam rem recusandae.,True
FV-001704,BEN-01257,COHORT-VN-002,2026-03-08,Yvonne Waweru,Verified,-4.04632,39.75224,Voluptatibus cum exercitationem minima porro.,True
FV-001705,BEN-01258,COHORT-VN-002,2026-03-28,Kezia Kamau,Verified,-4.0379,39.70795,Laboriosam unde occaecati adipisci sequi recusandae.,False
FV-001706,BEN-01259,COHORT-VN-002,2026-06-20,Dennis Nyambura,Verified,-4.089,39.58969,Aut maiores repellat distinctio deleniti odit quo quibusdam architecto.,
FV-001707,BEN-01259,COHORT-VN-002,2026-03-15,Eunice Wanjiku,Partially Verified,,39.70597,Rerum ut quos nam itaque eum fuga.,True
FV-001708,BEN-01260,COHORT-VN-002,2026-05-09,Olive Mwangi,no contact,-4.0365,39.5942,Alias deleniti necessitatibus accusantium optio.,False
FV-001709,BEN-01260,COHORT-VN-002,2026-06-22,Caroline Owino,no contact,-4.09972,39.66024,Officiis impedit saepe voluptas similique assumenda sapiente nisi.,False
FV-001710,BEN-01260,COHORT-VN-002,2026-06-18,Rose Kamau,Partially Verified,-4.11892,39.65546,Quisquam nihil labore mollitia mollitia quis blanditiis repellat ratione odit.,True
FV-001711,BEN-01261,COHORT-VN-002,2026-06-06,Cynthia Achieng,Verified,-4.13568,39.58156,Est reprehenderit eos similique amet error vitae.,False
FV-001712,BEN-01261,COHORT-VN-002,2026-05-01,Esther Kiprotich,Verified,-4.1183,39.70762,Possimus repellendus voluptatum eligendi sed voluptatem.,False
FV-001713,BEN-01262,COHORT-VN-002,2026-06-18,Gladys Wangari,Referred,-4.00588,39.75573,Facilis libero qui illum ad eligendi delectus at consequuntur minima.,False
FV-001714,BEN-01263,COHORT-VN-002,2026-06-23,Maurice Mutua,Verified,-4.08673,39.62749,Sed facere atque eaque ex suscipit delectus distinctio reiciendis doloremque.,True
FV-001715,BEN-01263,COHORT-VN-002,2026-05-11,Stephen Ndung'u,Verified,-4.14077,39.61976,Est quis quidem totam aspernatur quae vel.,False
FV-001716,BEN-01264,COHORT-VN-002,2026-07-01,Owen Mutua,Verified,-4.11106,39.75565,Error mollitia error tempora quibusdam aliquam ullam in omnis eaque.,True
FV-001717,BEN-01264,COHORT-VN-002,2026-08-16,Irene Simiyu,No Contact,,39.69428,Consequatur atque velit a tempora.,
FV-001718,BEN-01265,COHORT-VN-002,2026-05-08,James Omondi,Verified,-4.05729,39.64153,Iusto facere molestiae eaque nihil.,True
FV-001719,BEN-01265,COHORT-VN-002,2026-05-07,Rose Onyango,Verified,-3.98285,39.57565,Tempora dolorum ex delectus ullam praesentium aut repellat iusto quas.,True
FV-001720,BEN-01266,COHORT-VN-002,2026-07-10,Rose Ndung'u,No Contact,-4.09066,39.57115,Cumque vero sint magni voluptatibus a.,
FV-001721,BEN-01266,COHORT-VN-002,02-Jun-2026,Hassan Musyoka,No Contact,-4.12099,39.6352,Soluta nemo quas sapiente laudantium dolores inventore nostrum harum repudiandae.,True
FV-001722,BEN-01267,COHORT-VN-002,2026-04-12,Francis Kimani,Verified,-4.05626,39.57313,Exercitationem illo nihil tenetur enim dolorum sequi.,
FV-001723,BEN-01267,COHORT-VN-002,2026-04-18,Brian Mwangi,Verified,-4.05379,39.74385,Provident ducimus non a beatae nihil.,
FV-001724,BEN-01267,COHORT-VN-002,2026-05-06,Uchenna Rotich,Verified,-3.97687,39.59008,Porro nemo repellendus neque voluptas dolorum quae.,True
FV-001725,BEN-01269,COHORT-VN-002,2026-05-17,Patrick Onyango,No Contact,-4.03052,39.57608,Voluptatum quia quasi placeat consequatur dolor vero.,True
FV-001726,BEN-01271,COHORT-VN-002,20/07/2026,Owen Kiprotich,Verified,-3.96412,39.56973,A distinctio beatae possimus impedit exercitationem ipsum corporis officia commodi.,
FV-001727,BEN-01271,COHORT-VN-002,2026-05-06,Priscilla Musyoka,Referred,-4.07067,39.56905,Eveniet illum optio perspiciatis ipsam dicta odio dignissimos.,True
FV-001728,BEN-01272,COHORT-VN-002,2026-06-29,Xavier Gichuki,Verified,-3.99942,39.56968,Deleniti pariatur veniam doloribus laborum earum aliquid a.,
FV-001729,BEN-01272,COHORT-VN-002,2026-04-25,Stephen Kamau,Partially Verified,,39.61843,Culpa quos rerum quibusdam minima dignissimos beatae enim eligendi.,
FV-001730,BEN-01273,COHORT-VN-002,2026-03-05,Irene Auma,Verified,,39.62719,Incidunt accusamus quos minus nesciunt expedita.,True
FV-001731,BEN-01273,COHORT-VN-002,2026-05-20,Brian Mutinda,Partially Verified,-3.95675,39.66968,Ipsum porro eius labore hic cum dolore.,
FV-001732,BEN-01274,COHORT-VN-002,2026-04-15,Violet Njoroge,Partially Verified,-4.01705,39.64468,Accusantium doloremque laborum dolor veniam magni.,False
FV-001733,BEN-01274,COHORT-VN-002,2026-08-20,Dennis Onyango,verified,,39.60555,Autem quam minima porro earum omnis.,True
FV-001734,BEN-01275,COHORT-VN-002,2026-04-10,Patrick Mwangi,Verified,-4.05917,39.76421,Quia accusantium necessitatibus suscipit dolores eligendi repellat.,True
FV-001735,BEN-01276,COHORT-VN-002,2026-07-18,Nicholas Wangari,Verified,-4.10861,39.60086,Sequi nemo unde ullam occaecati voluptate a vero eveniet porro.,
FV-001736,BEN-01276,COHORT-VN-002,2026-02-22,Nancy Rotich,no contact,-4.12547,39.7074,In exercitationem laboriosam deleniti quasi quam incidunt possimus earum dicta.,False
FV-001737,BEN-01277,COHORT-VN-002,2026-07-11,Caroline Chebet,Verified,-4.08386,39.66543,Pariatur vero natus explicabo fugit numquam tempora eveniet.,
FV-001738,BEN-01278,COHORT-VN-002,2026-03-06,Aisha Adhiambo,Verified,-4.08262,39.68698,Explicabo quis minus laudantium inventore natus porro aut.,True
FV-001739,BEN-01279,COHORT-VN-002,2026-05-13,Aisha Adhiambo,Verified,-4.05235,39.61093,Doloremque sint dignissimos impedit voluptatum asperiores.,False
FV-001740,BEN-01280,COHORT-VN-002,2026-07-18,Gladys Njoroge,Partially Verified,-4.00655,39.71528,Ipsam consequatur qui dolor atque ducimus ullam illum voluptatibus officia.,True
FV-001741,BEN-01281,COHORT-VN-002,2026-08-01,Joseph Rotich,Verified,-4.07106,39.68624,Tempora atque unde nostrum atque dolorum nisi quia vel.,True
FV-001742,BEN-01281,COHORT-VN-002,2026-08-04,Dennis Mugo,Verified,-4.12128,39.72887,Aliquid porro molestiae omnis possimus ab sapiente.,False
FV-001743,BEN-01282,COHORT-VN-002,2026-05-02,Olive Kamau,Partially Verified,-4.00642,39.57728,Recusandae suscipit aut magnam dolorem nemo.,
FV-001744,BEN-01283,COHORT-VN-002,2026-06-06,Felix Wangari,Partially Verified,-3.97521,39.6485,Incidunt expedita explicabo iste.,True
FV-001745,BEN-01284,COHORT-VN-002,2026-05-08,Kendi Chebet,Verified,-3.94729,39.72753,Ad atque occaecati accusantium eius cupiditate.,
FV-001746,BEN-01285,COHORT-VN-002,2026-03-12,Kendi Njenga,Verified,-4.0371,39.75002,Doloremque aliquid debitis repudiandae deserunt eos.,True
FV-001747,BEN-01285,COHORT-VN-002,2026-07-16,Joseph Githinji,partial,-4.06684,39.58483,Optio dolorem consequatur blanditiis totam.,True
FV-001748,BEN-01286,COHORT-VN-002,2026-08-08,Irene Ochieng,Verified,-3.99935,39.62723,Facilis quidem quis rerum inventore porro.,True
FV-001749,BEN-01287,COHORT-VN-002,2026-03-24,Amina Awino,Partially Verified,-3.95107,39.72644,Labore ab fugiat modi placeat tempora.,False
FV-001750,BEN-01287,COHORT-VN-002,2026-06-12,Cynthia Achieng,partial,-4.02735,39.70567,Assumenda culpa asperiores impedit ipsa.,False
FV-001751,BEN-01288,COHORT-VN-002,2026-03-06,Brian Wangari,Verified,-3.99006,39.69608,Eaque maxime nam perspiciatis veniam ut.,True
FV-001752,BEN-01289,COHORT-VN-002,2026-05-06,Brian Waweru,Verified,-3.95084,39.71921,Voluptates suscipit culpa voluptatum minus necessitatibus veritatis incidunt nostrum recusandae.,
FV-001753,BEN-01289,COHORT-VN-002,2026-05-17,Irene Odongo,Verified,-4.0691,39.67982,Et non unde reiciendis saepe deserunt eos.,False
FV-001754,BEN-01290,COHORT-VN-002,2026-05-10,Felix Rotich,no contact,-4.07822,39.60538,Iure at neque recusandae consectetur amet qui modi similique nam.,False
FV-001755,BEN-01291,COHORT-VN-002,2026-04-12,Nicholas Otieno,Verified,-3.98298,39.57248,Tenetur neque qui consequatur maxime molestiae doloremque consectetur.,False
FV-001756,BEN-01292,COHORT-VN-002,2026-05-17,Irene Kamau,Verified,-4.0477,39.71497,Magni non sunt dolores mollitia.,
FV-001757,BEN-01293,COHORT-VN-002,2026-05-21,Esther Were,Verified,-3.97092,39.60737,Minima atque ea molestias repudiandae aliquid laudantium saepe.,False
FV-001758,BEN-01293,COHORT-VN-002,2026-03-21,Gladys Njoroge,verified,-4.09519,39.76462,Rem dolore odio maxime numquam asperiores.,
FV-001759,BEN-01293,COHORT-VN-002,2026-05-02,Hassan Waweru,Verified,-3.94481,39.74713,Aspernatur quis itaque placeat voluptatibus excepturi alias accusamus ad pariatur.,False
FV-001760,BEN-01294,COHORT-VN-002,2026-04-18,Raphael Kimani,verified,,39.62661,Sint quam assumenda cumque quia.,True
FV-001761,BEN-01294,COHORT-VN-002,26-Jun-2026,Quinton Kiprotich,Verified,-4.12438,39.66167,Aspernatur porro laboriosam rem ipsa tempora officia animi occaecati voluptas.,True
FV-001762,BEN-01294,COHORT-VN-002,2026-03-02,Joseph Mutua,Verified,-4.09615,39.59493,Quaerat voluptates est perferendis recusandae.,False
FV-001763,BEN-01295,COHORT-VN-002,2026-06-13,Owen Mutinda,Verified,-4.08386,39.6672,Officia quibusdam ea assumenda repellat nobis nemo labore laudantium.,False
FV-001764,BEN-01296,COHORT-VN-002,2026-04-04,Grace Auma,Verified,-4.08726,39.73413,Corrupti repudiandae enim numquam aliquam.,True
FV-001765,BEN-01297,COHORT-VN-002,2026-06-13,Uchenna Kiplagat,Partially Verified,-4.14168,39.58525,Iusto magni iusto aliquid aliquid optio suscipit fugiat.,
FV-001766,BEN-01298,COHORT-VN-002,2026-03-15,Seun Maina,Verified,-4.02154,39.58231,At quam eius corrupti fugiat commodi impedit reiciendis.,False
FV-001767,BEN-01298,COHORT-VN-002,2026-06-28,Brian Kariuki,Verified,-4.12517,39.6291,Dolorem eum optio facilis reprehenderit quos fugiat aliquam quaerat numquam.,
FV-001768,BEN-01298,COHORT-VN-002,2026-04-12,Irene Kiplagat,Partially Verified,-4.08848,39.65387,Illum dolores nobis nostrum itaque.,False
FV-001769,BEN-01299,COHORT-VN-002,2026-06-21,Uchenna Githinji,Partially Verified,-4.0359,39.63331,Ratione accusantium numquam odio vel unde delectus aperiam.,True
FV-001770,BEN-01299,COHORT-VN-002,2026-05-19,David Adhiambo,Referred,-4.05018,39.5949,Reiciendis unde sint ducimus minus tempora totam.,
FV-001771,BEN-01300,COHORT-VN-002,2026-07-18,Harrison Wanjiku,Verified,-4.10984,39.65194,Ea quasi vitae officia.,
FV-001772,BEN-01300,COHORT-VN-002,2026-08-19,Priscilla Kariuki,Verified,-4.01168,39.5724,Veniam libero ut maiores fugiat quisquam minus aperiam eaque culpa.,True
FV-001773,BEN-01301,COHORT-VN-002,2026-06-02,Owen Waweru,Verified,-4.11518,39.70485,Consequuntur id perspiciatis quas maxime.,False
FV-001774,BEN-01301,COHORT-VN-002,2026-03-27,Xavier Owino,Partially Verified,-3.97857,39.73956,Illum culpa doloribus in quaerat fuga quam.,True
FV-001775,BEN-01301,COHORT-VN-002,30/05/2026,Dennis Kariuki,Verified,-3.95774,39.60035,Inventore aut vero dolorum iure aliquam hic veniam occaecati culpa.,True
FV-001776,BEN-01302,COHORT-VN-002,2026-05-22,Rose Onyango,Partially Verified,-4.07386,39.70971,Quidem sint aliquam illo dolorem perferendis excepturi placeat.,False
FV-001777,BEN-01302,COHORT-VN-002,2026-06-29,Kezia Were,Verified,-4.00629,39.62095,Deleniti sint quas pariatur iusto est recusandae.,True
FV-001778,BEN-01303,COHORT-VN-002,2026-08-10,Grace Auma,Verified,-4.1414,39.59661,Maiores vero minus totam ad dolorem autem.,
FV-001779,BEN-01303,COHORT-VN-002,2026-08-11,Kendi Chebet,No Contact,-4.05745,39.61622,Nam magnam debitis voluptatem ex voluptas iure.,
FV-001780,BEN-01304,COHORT-VN-002,2026-08-19,Wanjiku Wangari,Verified,-4.12707,39.65323,Perferendis excepturi enim odit voluptatibus.,
FV-001781,BEN-01304,COHORT-VN-002,2026-04-25,Rose Githinji,Partially Verified,-4.13698,39.61416,Dolores totam distinctio quisquam explicabo repudiandae ducimus.,False
FV-001782,BEN-01305,COHORT-VN-002,2026-03-01,Boniface Mwangi,Verified,-4.06767,39.58361,Sunt commodi quas rem rem at quae iste.,
FV-001783,BEN-01306,COHORT-VN-002,2026-06-16,Amina Mutinda,no contact,-4.13099,39.72156,Quam ratione molestias non dicta nihil occaecati dicta dolor.,False
FV-001784,BEN-01306,COHORT-VN-002,2026-05-05,Uchenna Kimani,Verified,-4.12505,39.57945,Officia voluptatum aliquam illum alias asperiores assumenda quibusdam.,False
FV-001785,BEN-01307,COHORT-VN-002,2026-04-28,Raphael Onyango,Referred,-4.05858,39.63934,Libero vitae voluptatibus atque vero similique quod quam minima.,
FV-001786,BEN-01308,COHORT-VN-002,2026-05-09,Patrick Wangari,Verified,-4.07258,39.57369,Ab delectus reprehenderit voluptatum.,
FV-001787,BEN-01310,COHORT-VN-002,2026-04-29,Esther Njoroge,No Contact,-4.13471,39.73129,Nesciunt ex impedit mollitia saepe.,
FV-001788,BEN-01311,COHORT-VN-002,2026-06-13,Cynthia Otieno,Partially Verified,-4.02328,39.74917,Unde doloribus fugiat iusto praesentium eaque eligendi voluptatem blanditiis quam.,
FV-001789,BEN-01311,COHORT-VN-002,2026-03-15,Zipporah Otieno,Partially Verified,-4.03665,39.61033,Totam sunt perspiciatis hic non exercitationem suscipit asperiores nobis.,False
FV-001790,BEN-01312,COHORT-VN-002,2026-04-20,Stephen Rotich,verified,-4.10629,39.61269,Sit odit nemo autem eos doloremque.,
FV-001791,BEN-01312,COHORT-VN-002,2026-06-15,Aisha Kariuki,No Contact,-4.00687,39.67478,Labore saepe nesciunt quidem illum cupiditate quam velit non magni.,False
FV-001792,BEN-01313,COHORT-VN-002,2026-05-12,Owen Mutua,Verified,-4.13487,39.70922,Dolores eius excepturi asperiores ducimus.,True
FV-001793,BEN-01313,COHORT-VN-002,21/04/2026,Stephen Mugo,Verified,-4.00889,39.58959,Possimus similique eos maxime illum.,
FV-001794,BEN-01314,COHORT-VN-002,2026-08-15,Kendi Mutua,Verified,-3.94359,39.65195,Repudiandae occaecati quod excepturi laudantium.,True
FV-001795,BEN-01315,COHORT-VN-002,26-Jul-2026,Xavier Rotich,Verified,-4.10532,39.73916,Inventore vitae quia maxime atque quia incidunt sed.,
FV-001796,BEN-01315,COHORT-VN-002,2026-04-13,Raphael Gichuki,Verified,-3.99864,39.67063,Velit soluta animi suscipit facere.,True
FV-001797,BEN-01316,COHORT-VN-002,2026-04-28,Quinton Awino,Verified,-3.96051,39.7563,Sunt at sit ad culpa iste eum quia.,True
FV-001798,BEN-01317,COHORT-VN-002,2026-03-22,Eunice Waweru,no contact,-4.09482,39.70576,Veritatis quisquam ducimus excepturi amet.,
FV-001799,BEN-01317,COHORT-VN-002,2026-03-25,Rose Adhiambo,Verified,,39.76046,Magni delectus nemo laborum sed incidunt natus temporibus numquam.,False
FV-001800,BEN-01317,COHORT-VN-002,2026-08-05,Kendi Wanjiku,partial,-3.9764,39.68906,Rerum enim vitae blanditiis esse mollitia recusandae voluptates quos exercitationem.,
FV-001801,BEN-01320,COHORT-VN-002,2026-07-23,David Odongo,Verified,-3.95129,39.66845,Labore pariatur mollitia tempora consequatur aliquid doloremque.,False
FV-001802,BEN-01321,COHORT-VN-002,2026-06-27,Olive Owino,Verified,-3.98855,39.58543,Nostrum commodi aut fuga porro accusantium reprehenderit magni.,False
FV-001803,BEN-01322,COHORT-VN-002,2026-07-16,Stephen Waweru,partial,-4.07041,39.58016,Neque aperiam enim nemo vel quaerat iste ducimus rem illo.,True
FV-001804,BEN-01322,COHORT-VN-002,2026-08-11,Joseph Achieng,Verified,-4.02552,39.74921,Provident numquam numquam quisquam nemo fugiat quos eos mollitia non.,True
FV-001805,BEN-01322,COHORT-VN-002,2026-03-23,Quinton Githinji,Verified,-3.9913,39.71426,Quia perspiciatis quis sequi at minima corporis quos neque odio.,True
FV-001806,BEN-01323,COHORT-VN-002,2026-02-26,Kezia Nyambura,Verified,-4.05424,39.56909,Dolorum ex aut accusantium magnam est nulla voluptate deserunt cupiditate.,False
FV-001807,BEN-01323,COHORT-VN-002,2026-03-05,Francis Mugo,Verified,-3.95181,39.66322,Autem saepe rem dolore quos quod.,False
FV-001808,BEN-01323,COHORT-VN-002,2026-07-24,Mary Njenga,Verified,-3.99718,39.59259,Illo nam vel illum praesentium voluptatibus labore id blanditiis.,
FV-001809,BEN-01324,COHORT-VN-002,14/08/2026,Seun Rotich,Partially Verified,-4.13958,39.56806,Voluptas adipisci ipsam quibusdam est velit quam maxime dolore.,False
FV-001810,BEN-01326,COHORT-VN-002,2026-08-20,Violet Awino,Verified,-3.97628,39.6417,Tenetur officiis tempore maxime omnis natus accusantium reprehenderit eligendi a.,
FV-001811,BEN-01326,COHORT-VN-002,2026-03-04,Felix Auma,Verified,-4.11341,39.69991,Vero suscipit blanditiis consequuntur possimus nostrum exercitationem molestias.,
FV-001812,BEN-01327,COHORT-VN-002,2026-04-02,Hassan Adhiambo,Partially Verified,-4.08288,39.73323,Illo quis molestias corporis optio atque.,False
FV-001813,BEN-01328,COHORT-VN-002,2026-08-13,Violet Ochieng,Verified,-3.98354,39.76218,Fugit fugiat illum asperiores repudiandae accusamus laboriosam incidunt perferendis placeat.,False
FV-001814,BEN-01328,COHORT-VN-002,2026-03-31,Caroline Owino,Verified,-3.99362,39.72954,Quisquam rem et excepturi unde blanditiis.,True
FV-001815,BEN-01330,COHORT-VN-002,2026-07-24,David Awino,Verified,-3.96741,39.57468,Quod id corrupti nesciunt quo sed.,False
FV-001816,BEN-01331,COHORT-VN-002,2026-04-17,Kendi Wangari,Verified,-4.12835,39.7273,Numquam aliquam adipisci vero laboriosam dolore ab.,True
FV-001817,BEN-01332,COHORT-VN-002,2026-03-09,Francis Chebet,Verified,-4.0692,39.7058,Ipsa hic suscipit aperiam animi rerum quis magnam asperiores pariatur.,True
FV-001818,BEN-01332,COHORT-VN-002,04/06/2026,Tabitha Omondi,Partially Verified,-4.04527,39.72317,Ex voluptas sequi aliquid architecto minus nostrum eius eos non similique.,False
FV-001819,BEN-01334,COHORT-VN-002,2026-03-01,Joseph Kiprotich,Verified,,39.57634,Amet illum debitis occaecati deserunt nesciunt ipsam illum.,
FV-001820,BEN-01335,COHORT-VN-002,2026-03-25,James Wangari,Partially Verified,-4.13146,39.73332,Amet fuga odit earum tempore ipsam.,
FV-001821,BEN-01336,COHORT-VN-002,2026-07-07,Irene Otieno,Verified,-3.96546,39.60873,Eligendi cum quaerat ipsum consequuntur illo sint perferendis nisi exercitationem.,True
FV-001822,BEN-01336,COHORT-VN-002,08/06/2026,Uchenna Kamau,Verified,-4.00646,39.63531,Reiciendis quia laudantium numquam labore fugit aliquid cum praesentium nobis.,False
FV-001823,BEN-01336,COHORT-VN-002,2026-03-28,Kezia Mugo,Verified,-3.97214,39.70178,Ad vel perferendis ea voluptas dicta iste.,
FV-001824,BEN-01337,COHORT-VN-002,2026-07-17,Eunice Otieno,Verified,-3.94627,39.71064,Vel veritatis et quaerat cupiditate.,True
FV-001825,BEN-01337,COHORT-VN-002,2026-04-19,Nicholas Waweru,Partially Verified,-3.96772,39.63189,Totam illo iusto unde iure dignissimos voluptatum tenetur.,
FV-001826,BEN-01338,COHORT-VN-002,2026-08-15,Wanjiku Auma,No Contact,-3.98914,39.57717,Aspernatur cum fugit dolor in.,
FV-001827,BEN-01340,COHORT-VN-002,2026-08-17,Brian Nyambura,Partially Verified,-4.13383,39.75523,Voluptatem et iusto molestias voluptate fugiat deleniti ipsum tempora molestias.,False
FV-001828,BEN-01341,COHORT-VN-002,2026-06-18,Brian Otieno,Verified,-4.08487,39.58829,Eaque aliquid vero sint eum consequuntur hic.,True
FV-001829,BEN-01341,COHORT-VN-002,2026-07-04,Raphael Njenga,Verified,-4.10573,39.65434,Aliquam repellendus inventore eligendi amet iste placeat rerum id modi.,False
FV-001830,BEN-01343,COHORT-VN-002,2026-07-04,Boniface Kiprotich,Referred,-4.11248,39.62462,Temporibus qui libero maiores totam asperiores.,False
FV-001831,BEN-01343,COHORT-VN-002,2026-06-06,Irene Kamau,Verified,-4.02082,39.65545,Odit soluta tempora nihil repudiandae aut.,True
FV-001832,BEN-01344,COHORT-VN-002,2026-07-15,Seun Adhiambo,Verified,-4.0671,39.577,Ea ut in nemo excepturi rerum.,True
FV-001833,BEN-01344,COHORT-VN-002,2026-02-28,Lilian Mugo,Verified,-4.04633,39.65287,Ipsa quidem sint doloremque reprehenderit doloribus beatae maiores molestiae voluptatum.,True
FV-001834,BEN-01345,COHORT-VN-002,2026-05-21,Francis Waweru,No Contact,-4.02145,39.57203,Adipisci dolorem quibusdam vero ad quos nihil quaerat.,True
FV-001835,BEN-01345,COHORT-VN-002,2026-03-25,Zipporah Owino,Verified,-4.02023,39.71743,Illo unde blanditiis laboriosam aperiam similique libero tempore maxime.,True
FV-001836,BEN-01346,COHORT-VN-002,2026-06-07,Wanjiku Owino,Verified,-4.05834,39.67183,Similique accusamus quisquam fugiat corporis omnis.,False
FV-001837,BEN-01347,COHORT-VN-002,2026-08-10,Boniface Kiprotich,Partially Verified,-4.14015,39.64677,Debitis occaecati eveniet culpa voluptatibus perspiciatis.,
FV-001838,BEN-01347,COHORT-VN-002,2026-03-29,Leonard Maina,Verified,-3.94452,39.60296,Accusamus ex voluptates vel placeat illo corrupti asperiores.,True
FV-001839,BEN-01347,COHORT-VN-002,2026-08-07,Esther Achieng,Verified,-4.03082,39.65255,Asperiores necessitatibus eveniet id itaque nisi.,False
FV-001840,BEN-01349,COHORT-VN-002,2026-05-22,Esther Simiyu,No Contact,-4.13983,39.73151,Nam modi placeat doloremque numquam.,False
FV-001841,BEN-01349,COHORT-VN-002,2026-05-12,Felix Chebet,Verified,-3.95719,39.63515,Enim molestias accusamus culpa tempora alias ex alias non quas.,True
FV-001842,BEN-01350,COHORT-VN-002,2026-08-10,Brian Ndung'u,Verified,-4.08047,39.61577,Inventore quaerat quaerat dolorum voluptas officiis error non sapiente non.,True
FV-001843,BEN-01350,COHORT-VN-002,2026-08-16,Yvonne Chebet,Verified,-3.95262,39.60971,Occaecati officia eligendi iste molestias itaque repellat totam possimus ipsam.,False
FV-001844,BEN-01351,COHORT-VN-002,2026-02-26,Quinton Kariuki,Referred,-4.07544,39.71924,Unde doloremque molestias ipsum labore molestiae voluptas delectus.,
FV-001845,BEN-01352,COHORT-VN-002,2026-07-07,Queen Wanjiku,Verified,-3.95934,39.76439,Iste fugit aspernatur nostrum quaerat optio itaque nostrum laudantium molestiae sequi.,
FV-001846,BEN-01353,COHORT-VN-002,2026-03-16,Owen Mutinda,no contact,-3.99836,39.7148,Totam magni quaerat culpa rerum eum nemo laudantium quibusdam ratione.,False
FV-001847,BEN-01356,COHORT-VN-003,2026-05-25,Felix Odongo,Partially Verified,-0.32789,36.03725,Et minima id delectus numquam dolores amet earum adipisci tempora.,
FV-001848,BEN-01357,COHORT-VN-003,2026-07-14,Gladys Njoroge,Referred,-0.22851,36.08317,Quidem hic quas ex itaque alias perferendis cumque.,False
FV-001849,BEN-01357,COHORT-VN-003,2026-02-23,Nicholas Achieng,Partially Verified,-0.36668,36.11518,Debitis quia sequi eaque delectus minima itaque hic consequuntur repudiandae.,False
FV-001850,BEN-01359,COHORT-VN-003,2026-08-04,Lilian Mutua,Partially Verified,-0.29878,36.03385,Eos odit odio consequatur minus nemo earum hic sint sint deserunt.,
FV-001851,BEN-01359,COHORT-VN-003,2026-04-20,Queen Nyambura,no contact,-0.34541,36.15983,Vel excepturi cum aspernatur perspiciatis eveniet modi excepturi voluptatibus laboriosam.,
FV-001852,BEN-01359,COHORT-VN-003,20-Aug-2026,Felix Kiprotich,Verified,-0.30971,36.06269,Harum voluptas cupiditate veniam dolore possimus exercitationem non.,False
FV-001853,BEN-01360,COHORT-VN-003,2026-04-17,Eunice Musyoka,Verified,-0.21115,36.07814,Aut similique velit autem quae fuga ad officia.,True
FV-001854,BEN-01360,COHORT-VN-003,2026-07-12,James Onyango,Verified,-0.26467,36.12938,Ea harum sed eveniet non quidem quo enim ea ab.,True
FV-001855,BEN-01361,COHORT-VN-003,2026-05-26,Queen Gichuki,No Contact,-0.23666,36.11016,Occaecati blanditiis perferendis maiores neque unde beatae.,False
FV-001856,BEN-01361,COHORT-VN-003,2026-06-24,Violet Mwangi,Referred,-0.3505,36.01105,Nobis cum dicta rerum ex doloremque recusandae assumenda facilis.,True
FV-001857,BEN-01363,COHORT-VN-003,2026-06-11,Caroline Njenga,Partially Verified,-0.23886,36.06793,Esse eveniet iste eveniet eveniet autem quas facilis.,False
FV-001858,BEN-01364,COHORT-VN-003,2026-06-06,Seun Waweru,No Contact,-0.26885,36.03008,Repellendus labore sapiente minima dolores incidunt.,
FV-001859,BEN-01364,COHORT-VN-003,2026-07-13,Amina Mutua,Partially Verified,-0.3364,36.1573,Aliquid vero eaque sed possimus officia autem veniam.,False
FV-001860,BEN-01364,COHORT-VN-003,2026-04-26,Tabitha Kiprotich,Verified,-0.3752,36.07364,Alias explicabo itaque nulla veniam.,
FV-001861,BEN-01366,COHORT-VN-003,2026-03-25,Nancy Chebet,Verified,-0.39105,35.98552,Possimus minima natus non rerum quidem.,
FV-001862,BEN-01367,COHORT-VN-003,10/04/2026,Cynthia Kamau,Verified,-0.22122,36.10756,Earum consectetur sapiente minima.,False
FV-001863,BEN-01370,COHORT-VN-003,2026-04-27,Wanjiku Achieng,Partially Verified,-0.31411,35.98743,Illo tempora vel nam totam quod impedit veritatis.,
FV-001864,BEN-01371,COHORT-VN-003,2026-03-27,Eunice Kiplagat,No Contact,-0.20386,36.06826,Magni recusandae ipsum ipsam error cumque laudantium excepturi excepturi qui.,
FV-001865,BEN-01371,COHORT-VN-003,2026-04-27,Leonard Musyoka,No Contact,-0.35041,36.14979,Molestiae excepturi nihil vitae recusandae et quae.,False
FV-001866,BEN-01372,COHORT-VN-003,2026-06-02,Irene Mutinda,Verified,-0.38653,35.98878,Enim magnam esse nostrum blanditiis assumenda possimus voluptates ad ut ab.,True
FV-001867,BEN-01374,COHORT-VN-003,2026-07-03,Violet Awino,No Contact,-0.27226,36.04548,Aliquam reiciendis fuga dolorem officia.,False
FV-001868,BEN-01374,COHORT-VN-003,2026-04-26,Queen Wangari,No Contact,-0.33741,36.16826,Asperiores dolores odit repudiandae voluptatibus blanditiis eveniet.,False
FV-001869,BEN-01375,COHORT-VN-003,2026-08-10,David Kimani,Partially Verified,-0.34059,36.05255,Architecto ab excepturi alias dignissimos odio nam delectus.,
FV-001870,BEN-01375,COHORT-VN-003,05-Aug-2026,James Kariuki,Referred,-0.25087,35.9801,Eligendi eligendi maxime nulla harum.,
FV-001871,BEN-01377,COHORT-VN-003,2026-07-07,Raphael Mwangi,No Contact,-0.27003,36.00549,Voluptatum laudantium libero sed voluptatibus dolore ipsum odio ipsam veniam officia.,True
FV-001872,BEN-01378,COHORT-VN-003,2026-03-23,Amina Maina,Partially Verified,-0.31506,35.98693,Quia consectetur sapiente voluptates provident ullam.,
FV-001873,BEN-01378,COHORT-VN-003,2026-02-23,Nicholas Simiyu,No Contact,-0.38504,36.00945,Distinctio vero minima rem cupiditate molestiae repellendus.,
FV-001874,BEN-01378,COHORT-VN-003,2026-05-23,Felix Maina,Partially Verified,,36.14932,Deleniti aperiam dicta corporis sapiente ab.,False
FV-001875,BEN-01383,COHORT-VN-003,2026-05-01,Dennis Wanjiku,Verified,-0.30662,36.02126,Numquam animi qui suscipit maxime impedit laudantium.,
FV-001876,BEN-01384,COHORT-VN-003,2026-07-29,Uchenna Wangari,Partially Verified,-0.34165,36.1522,Quaerat iure ad cumque iusto maxime.,True
FV-001877,BEN-01384,COHORT-VN-003,2026-04-03,Wanjiku Waweru,Partially Verified,,36.01658,Pariatur debitis debitis expedita iure.,True
FV-001878,BEN-01385,COHORT-VN-003,2026-03-08,Leonard Onyango,Verified,-0.37087,36.09472,Quia facilis occaecati laborum fugiat sint velit.,True
FV-001879,BEN-01387,COHORT-VN-003,2026-04-26,Cynthia Nyambura,Partially Verified,-0.38143,36.00331,Consequuntur at repellendus sequi quia fugit omnis dolores.,True
FV-001880,BEN-01389,COHORT-VN-003,2026-07-04,Raphael Chebet,Referred,-0.27685,36.14512,Hic molestias delectus ipsa commodi.,
FV-001881,BEN-01392,COHORT-VN-003,2026-04-06,Priscilla Mugo,Verified,-0.3944,36.064,Cupiditate itaque dolor ipsam quaerat dolor natus nesciunt delectus.,
FV-001882,BEN-01392,COHORT-VN-003,2026-07-29,Xavier Githinji,partial,-0.34359,36.14907,Eveniet cupiditate nemo necessitatibus nostrum.,False
FV-001883,BEN-01394,COHORT-VN-003,2026-08-06,Aisha Auma,partial,-0.34734,35.99143,Sunt veritatis quasi reiciendis omnis nesciunt odit dolores.,True
FV-001884,BEN-01394,COHORT-VN-003,29/04/2026,Grace Njenga,Partially Verified,-0.21393,36.13818,Corporis tempore eveniet facilis vitae ratione sequi molestiae eum velit.,
FV-001885,BEN-01395,COHORT-VN-003,2026-05-17,Owen Ndung'u,verified,-0.36526,36.05178,In laudantium officia qui sunt dolor repellat.,
FV-001886,BEN-01398,COHORT-VN-003,2026-03-04,Seun Mutinda,Partially Verified,-0.30943,36.03823,Doloribus accusantium ex sint neque veritatis libero.,True
FV-001887,BEN-01399,COHORT-VN-003,2026-03-12,James Owino,verified,-0.40277,36.1206,Debitis ipsum repudiandae similique ipsa.,False
FV-001888,BEN-01401,COHORT-VN-003,2026-06-06,James Kimani,No Contact,-0.37256,36.01918,Necessitatibus ipsam cum ex pariatur nisi.,False
FV-001889,BEN-01403,COHORT-VN-003,2026-05-31,Tabitha Maina,Referred,-0.34784,36.16126,Tenetur quaerat distinctio provident repellendus consequuntur veritatis veniam maxime consectetur.,
FV-001890,BEN-01404,COHORT-VN-003,2026-05-27,Wanjiku Musyoka,Verified,-0.3404,36.06736,Repellat quidem atque recusandae id.,False
FV-001891,BEN-01404,COHORT-VN-003,2026-03-21,Seun Mutinda,verified,-0.30586,36.02276,Molestias cupiditate sunt eaque mollitia.,False
FV-001892,BEN-01404,COHORT-VN-003,2026-08-13,Joseph Wanjiku,Partially Verified,-0.31925,36.16356,Repellat placeat iure magnam sint ipsa placeat possimus quam soluta.,
FV-001893,BEN-01406,COHORT-VN-003,2026-07-05,Leonard Achieng,Referred,-0.25466,36.07763,Facere dolores modi unde reiciendis ullam ratione repellendus aliquam accusantium.,False
FV-001894,BEN-01409,COHORT-VN-003,19/03/2026,Felix Odongo,Verified,-0.27824,36.03292,Dolores harum aspernatur nemo recusandae eum itaque.,True
FV-001895,BEN-01411,COHORT-VN-003,2026-07-16,Mary Nyambura,Partially Verified,-0.37799,36.11655,Saepe cum distinctio quas tempore sint ad corrupti.,True
FV-001896,BEN-01412,COHORT-VN-003,2026-03-27,Leonard Mutinda,no contact,-0.38493,36.06417,Cumque unde velit quibusdam optio at dicta eius sint maiores.,
FV-001897,BEN-01413,COHORT-VN-003,2026-03-26,Seun Omondi,Partially Verified,-0.38192,36.09801,Nostrum deserunt a impedit iusto.,
FV-001898,BEN-01413,COHORT-VN-003,2026-02-22,Esther Njenga,Partially Verified,-0.29962,36.08568,Placeat libero non beatae id odio.,False
FV-001899,BEN-01413,COHORT-VN-003,2026-09-01,David Awino,Verified,-0.39008,36.1073,Blanditiis culpa sint unde vero illum.,
FV-001900,BEN-01414,COHORT-VN-003,18/03/2026,Felix Wanjiku,No Contact,-0.20813,36.14178,Amet non quia at beatae illo.,True
FV-001901,BEN-01417,COHORT-VN-003,2026-03-22,Hassan Chebet,Referred,-0.36623,36.14106,Totam aliquam nulla adipisci consequatur exercitationem.,
FV-001902,BEN-01419,COHORT-VN-003,2026-03-15,Owen Achieng,No Contact,-0.27396,36.09319,Quis ut dicta numquam quas alias nemo inventore excepturi modi.,
FV-001903,BEN-01421,COHORT-VN-003,2026-06-05,Irene Maina,Referred,-0.3327,36.08744,Iste soluta repellat quod aut quisquam.,False
FV-001904,BEN-01421,COHORT-VN-003,2026-04-06,Gladys Otieno,Partially Verified,-0.21,36.10359,Debitis at ad nam hic minima ullam.,False
FV-001905,BEN-01423,COHORT-VN-003,2026-04-08,Nancy Rotich,Referred,-0.39968,36.10854,Nemo eveniet consequatur nisi.,False
FV-001906,BEN-01424,COHORT-VN-003,2026-06-25,Felix Maina,Referred,-0.3199,36.0683,Consectetur saepe nihil praesentium facilis voluptas quam saepe.,
FV-001907,BEN-01425,COHORT-VN-003,2026-08-07,Seun Odongo,Referred,-0.38083,36.01035,Repellat quasi a ut quaerat.,True
FV-001908,BEN-01425,COHORT-VN-003,2026-03-26,Yvonne Ndung'u,No Contact,-0.34332,36.10474,Nisi consectetur possimus libero accusantium atque voluptas blanditiis eius incidunt.,False
FV-001909,BEN-01428,COHORT-VN-003,2026-03-10,Uchenna Omondi,Referred,-0.3393,36.05673,Mollitia molestiae harum quis consectetur sed ea asperiores.,
FV-001910,BEN-01428,COHORT-VN-003,2026-03-16,Joseph Musyoka,No Contact,-0.28699,36.13193,Ad voluptatibus ut in facere cum.,
FV-001911,BEN-01430,COHORT-VN-003,2026-03-18,Violet Were,Partially Verified,-0.39918,36.15665,Nam eius cumque nulla ipsam quam assumenda.,False
FV-001912,BEN-01430,COHORT-VN-003,2026-03-11,Gladys Mutua,Verified,-0.25416,36.09302,Similique ad dolorem consectetur eligendi officiis temporibus exercitationem ea.,True
FV-001913,BEN-01431,COHORT-VN-003,2026-07-07,Kezia Adhiambo,Verified,-0.35157,36.14666,Repudiandae placeat odit dolore quae eligendi.,False
FV-001914,BEN-01432,COHORT-VN-003,2026-07-10,Patrick Maina,no contact,-0.25365,36.13876,Animi accusantium facilis temporibus vero natus quisquam.,True
FV-001915,BEN-01432,COHORT-VN-003,16-Jul-2026,Grace Kimani,No Contact,-0.38687,36.02758,Fuga tempora est aperiam ipsam perspiciatis voluptatum fuga incidunt.,True
FV-001916,BEN-01434,COHORT-VN-003,2026-06-23,Patrick Maina,No Contact,-0.3952,36.17247,Veniam dolorum sapiente consequatur repellat iure.,False
FV-001917,BEN-01435,COHORT-VN-003,2026-04-15,Hassan Kiprotich,Verified,-0.26325,36.17092,Beatae mollitia quisquam reiciendis.,
FV-001918,BEN-01436,COHORT-VN-003,2026-05-29,Violet Musyoka,No Contact,-0.22164,35.99868,Commodi dignissimos rem qui impedit dolorem ipsum eius velit laborum.,
FV-001919,BEN-01437,COHORT-VN-003,2026-05-14,Stephen Were,Partially Verified,-0.32394,36.03846,Maiores molestias maxime repellat pariatur ipsum corporis adipisci quam.,
FV-001920,BEN-01437,COHORT-VN-003,2026-05-31,Esther Njenga,Referred,-0.37585,36.02139,Provident iure deserunt aliquam iste doloribus iure dolorem.,False
FV-001921,BEN-01438,COHORT-VN-003,2026-03-20,James Owino,No Contact,-0.32198,35.9908,Voluptas repellat enim voluptas veritatis.,
FV-001922,BEN-01438,COHORT-VN-003,2026-06-04,Violet Chebet,Verified,-0.21086,35.98915,Error reiciendis cupiditate provident ad natus delectus minus minus.,
FV-001923,BEN-01439,COHORT-VN-003,2026-06-28,Wanjiku Chebet,No Contact,-0.40215,36.10626,Ipsum provident nisi libero dignissimos natus ex voluptatum.,
FV-001924,BEN-01439,COHORT-VN-003,2026-04-28,Raphael Odongo,Verified,-0.37328,36.1722,Non culpa repellat vel ullam saepe.,True
FV-001925,BEN-01439,COHORT-VN-003,2026-04-29,Quinton Waweru,Referred,-0.2648,36.15051,Ipsa corrupti explicabo aperiam dolores consequuntur sequi accusantium.,False
FV-001926,BEN-01440,COHORT-VN-003,2026-04-30,Queen Wangari,No Contact,-0.29271,36.17106,Voluptatem illo incidunt est ex.,False
FV-001927,BEN-01440,COHORT-VN-003,2026-07-13,Nancy Omondi,partial,-0.25925,36.15365,Ad architecto blanditiis ipsum laborum iusto totam alias quibusdam ea.,False
FV-001928,BEN-01440,COHORT-VN-003,2026-04-05,Caroline Rotich,Referred,-0.37137,36.0081,Molestiae velit architecto quaerat quidem similique occaecati.,False
FV-001929,BEN-01441,COHORT-VN-007,2026-04-08,Lilian Auma,Verified,-0.03637,34.82928,Nemo et pariatur provident et cupiditate ducimus.,False
FV-001930,BEN-01442,COHORT-VN-007,2026-06-13,Cynthia Mugo,Verified,-0.11212,34.81683,Magnam repellat error rerum reprehenderit ut hic non voluptatibus odit.,False
FV-001931,BEN-01442,COHORT-VN-007,2026-08-12,Yvonne Ndung'u,Verified,-0.18086,34.69611,Dicta nihil placeat repellendus fugit.,True
FV-001932,BEN-01443,COHORT-VN-007,2026-02-24,Olive Adhiambo,Verified,-0.20094,34.81203,Quibusdam aut tenetur veritatis corrupti laborum veritatis laborum necessitatibus dolorum.,False
FV-001933,BEN-01444,COHORT-VN-007,2026-04-23,Boniface Ndung'u,Verified,-0.05889,34.77312,Quis ipsa distinctio porro maiores nihil.,False
FV-001934,BEN-01444,COHORT-VN-007,2026-03-23,Violet Rotich,No Contact,-0.05547,34.68447,Nesciunt tenetur voluptatum ipsum accusamus quae tenetur.,True
FV-001935,BEN-01444,COHORT-VN-007,2026-03-13,Owen Odongo,Verified,-0.02139,34.77251,Sunt sed veritatis consequuntur dolor amet.,False
FV-001936,BEN-01445,COHORT-VN-007,2026-05-30,Tabitha Rotich,Referred,-0.01684,34.84387,Reprehenderit molestiae cupiditate at amet culpa pariatur ad rem.,True
FV-001937,BEN-01446,COHORT-VN-007,2026-04-08,Zipporah Were,Partially Verified,-0.02835,34.84834,Ea sed temporibus molestias voluptate assumenda fuga praesentium nostrum maiores magnam.,
FV-001938,BEN-01446,COHORT-VN-007,2026-07-11,Wanjiku Kiprotich,No Contact,-0.12645,34.80585,Ipsum corporis beatae voluptate vitae quasi modi numquam vitae unde.,True
FV-001939,BEN-01447,COHORT-VN-007,2026-04-06,Maurice Adhiambo,Partially Verified,-0.1438,34.85955,Adipisci reprehenderit architecto molestias id ea modi cum blanditiis veniam.,
FV-001940,BEN-01447,COHORT-VN-007,2026-04-14,Harrison Owino,Verified,-0.16341,34.70887,Maxime qui doloremque voluptatem voluptas fugiat ut molestiae.,
FV-001941,BEN-01448,COHORT-VN-007,2026-07-31,Amina Njenga,Partially Verified,-0.10869,34.74322,Repellat ea aliquid labore labore.,False
FV-001942,BEN-01448,COHORT-VN-007,2026-03-15,Caroline Odongo,Verified,-0.03085,34.66226,Repudiandae debitis deleniti natus error.,
FV-001943,BEN-01449,COHORT-VN-007,2026-04-27,Patrick Otieno,Verified,-0.01701,34.8278,At officia assumenda culpa tempora perferendis nihil recusandae.,
FV-001944,BEN-01449,COHORT-VN-007,2026-05-25,Queen Owino,verified,-0.01219,34.70745,Perferendis nam magnam iure quibusdam neque voluptatum ut labore odio.,
FV-001945,BEN-01451,COHORT-VN-007,2026-07-29,Nicholas Otieno,Verified,-0.12558,34.79863,Aliquam explicabo quae ea ratione ratione incidunt.,True
FV-001946,BEN-01452,COHORT-VN-007,2026-08-12,Brian Njenga,Verified,-0.14505,34.85398,Incidunt laudantium mollitia dolorum laborum perferendis repellat mollitia.,True
FV-001947,BEN-01452,COHORT-VN-007,2026-07-10,Amina Rotich,verified,-0.02178,34.68252,Ex fugiat autem ut neque similique omnis.,
FV-001948,BEN-01454,COHORT-VN-007,2026-07-29,Hassan Mugo,Partially Verified,-0.15682,34.68618,Delectus odit suscipit unde praesentium eligendi non fugit.,False
FV-001949,BEN-01455,COHORT-VN-007,2026-06-19,David Otieno,Verified,-0.00681,34.80312,Quam vel inventore eaque maiores corrupti ipsam.,False
FV-001950,BEN-01455,COHORT-VN-007,2026-03-09,Dennis Onyango,Verified,-0.13309,34.80459,Natus aut consequuntur voluptatem explicabo quis.,
FV-001951,BEN-01455,COHORT-VN-007,2026-07-23,Quinton Auma,Verified,-0.1055,34.75026,Illum molestiae commodi magnam nemo ratione dolore modi minus magnam nostrum.,
FV-001952,BEN-01457,COHORT-VN-007,2026-03-08,Aisha Kimani,No Contact,-0.04585,34.68843,Consequuntur ea laboriosam voluptatibus quidem ipsum nemo incidunt numquam.,
FV-001953,BEN-01458,COHORT-VN-007,2026-07-09,Raphael Chebet,Verified,-0.19602,34.86114,At asperiores voluptatum beatae tempore.,False
FV-001954,BEN-01458,COHORT-VN-007,2026-08-16,Aisha Wanjiku,Verified,-0.15745,34.663,Facere quidem nobis repellendus voluptatum sit quaerat.,
FV-001955,BEN-01459,COHORT-VN-007,27-Mar-2026,Caroline Musyoka,Referred,-0.01867,34.7866,Doloremque labore illum a delectus.,True
FV-001956,BEN-01460,COHORT-VN-007,2026-02-22,Wanjiku Githinji,Verified,-0.19238,34.81691,Aliquam ducimus nam atque ex rerum accusantium.,
FV-001957,BEN-01460,COHORT-VN-007,2026-05-14,Wanjiku Githinji,no contact,-0.11398,34.71587,Facere vero quibusdam libero ea nulla.,True
FV-001958,BEN-01461,COHORT-VN-007,2026-07-24,Francis Owino,partial,-0.15416,34.76872,Et adipisci deserunt enim adipisci necessitatibus illo aperiam quidem.,
FV-001959,BEN-01462,COHORT-VN-007,2026-05-02,David Njoroge,Verified,-0.11621,34.79467,Tempore ut aperiam maiores praesentium nisi nemo molestias aliquam.,
FV-001960,BEN-01462,COHORT-VN-007,2026-06-04,Wanjiku Musyoka,Partially Verified,-0.10272,34.71748,Vero quas sint iure mollitia atque aspernatur earum maxime voluptatum.,False
FV-001961,BEN-01463,COHORT-VN-007,2026-07-30,Dennis Nyambura,Verified,-0.01854,34.84255,Saepe numquam ullam occaecati veniam molestias nulla.,False
FV-001962,BEN-01464,COHORT-VN-007,2026-04-28,Yvonne Njoroge,Verified,-0.16206,34.75616,Nulla totam praesentium neque possimus mollitia est magni necessitatibus porro.,
FV-001963,BEN-01465,COHORT-VN-007,30/05/2026,Esther Githinji,Partially Verified,-0.15072,34.83403,Eveniet nihil voluptatem rem aliquid.,False
FV-001964,BEN-01465,COHORT-VN-007,2026-06-12,Queen Waweru,No Contact,-0.15124,34.83024,Nostrum quam perspiciatis animi porro labore.,False
FV-001965,BEN-01465,COHORT-VN-007,2026-06-28,Dennis Mutinda,Verified,-0.09851,34.73225,Doloribus ut suscipit aliquid beatae labore in quas.,False
FV-001966,BEN-01466,COHORT-VN-007,2026-03-28,Wanjiku Awino,Partially Verified,-0.18841,34.70297,Rerum modi quo rem dignissimos et illum.,
FV-001967,BEN-01468,COHORT-VN-007,11/05/2026,Violet Wangari,Verified,-0.01963,34.82673,Aut neque eveniet nobis fugiat ab.,
FV-001968,BEN-01468,COHORT-VN-007,2026-02-27,Wanjiku Maina,Verified,-0.12466,34.6679,Nisi officiis error consequatur minus.,True
FV-001969,BEN-01468,COHORT-VN-007,2026-04-02,Violet Kimani,Partially Verified,-0.03302,34.7842,Dolorum aliquid ullam voluptatum placeat earum temporibus similique nostrum inventore.,
FV-001970,BEN-01469,COHORT-VN-007,2026-07-13,Xavier Kimani,Referred,-0.02511,34.82467,Amet ratione ea accusamus ratione est incidunt facilis.,
FV-001971,BEN-01469,COHORT-VN-007,2026-04-02,James Musyoka,no contact,,34.66981,Excepturi tempora necessitatibus quos est eum dolore quos rem.,True
FV-001972,BEN-01469,COHORT-VN-007,2026-05-18,Kendi Kiprotich,Verified,-0.03039,34.69924,Incidunt doloribus quos ducimus illo.,True
FV-001973,BEN-01470,COHORT-VN-007,2026-03-26,Francis Awino,Verified,-0.09034,34.75151,Quos sequi delectus in praesentium amet id ex.,False
FV-001974,BEN-01471,COHORT-VN-007,2026-07-29,Maurice Rotich,Verified,-0.14694,34.78559,Expedita unde ab ut incidunt sequi blanditiis corrupti debitis quis.,
FV-001975,BEN-01471,COHORT-VN-007,2026-03-15,Aisha Chebet,Verified,-0.00975,34.83321,Incidunt sunt possimus labore illo quisquam nostrum hic aut.,False
FV-001976,BEN-01472,COHORT-VN-007,2026-03-03,Violet Odongo,Partially Verified,-0.05397,34.78822,Eligendi voluptatem at tenetur sequi repellendus.,True
FV-001977,BEN-01474,COHORT-VN-007,2026-07-21,Irene Kariuki,Verified,-0.04309,34.7137,Modi maxime harum animi quis voluptatem accusamus.,True
FV-001978,BEN-01474,COHORT-VN-007,2026-02-28,Grace Kiprotich,verified,-0.04401,34.76347,Nihil voluptatem laboriosam libero nam deserunt aspernatur neque sunt.,False
FV-001979,BEN-01474,COHORT-VN-007,2026-03-29,Hassan Mutinda,Verified,-0.0404,34.72894,Ipsam quos accusamus reiciendis ipsum voluptatibus illum ea.,False
FV-001980,BEN-01475,COHORT-VN-007,2026-08-02,Wanjiku Mutua,Verified,-0.18141,34.66813,Odit incidunt corporis beatae cum dignissimos.,
FV-001981,BEN-01476,COHORT-VN-007,2026-06-04,Owen Owino,Verified,-0.08117,34.68736,Dolorem quis laboriosam dolorem exercitationem nihil harum.,False
FV-001982,BEN-01477,COHORT-VN-007,2026-07-27,Seun Achieng,Verified,-0.09495,34.78145,Aliquid mollitia voluptate odio fuga eaque maiores est commodi nam.,
FV-001983,BEN-01478,COHORT-VN-007,2026-03-29,Quinton Githinji,Verified,-0.12786,34.70364,Magnam soluta facere quibusdam veniam aliquid perferendis.,
FV-001984,BEN-01479,COHORT-VN-007,2026-05-01,Owen Odongo,No Contact,,34.83963,Ducimus officiis eligendi iusto qui sit sapiente asperiores consequuntur.,True
FV-001985,BEN-01479,COHORT-VN-007,2026-05-22,Nancy Wanjiku,Verified,-0.05811,34.72389,Culpa quae ipsum quo nostrum qui.,
FV-001986,BEN-01480,COHORT-VN-007,2026-02-24,Eunice Omondi,Verified,-0.1346,34.82308,Placeat nulla repellendus assumenda ipsa quo quisquam doloribus eos.,False
FV-001987,BEN-01480,COHORT-VN-007,2026-03-10,Harrison Mwangi,Verified,-0.13227,34.79204,Laudantium adipisci sint nam fugit cumque.,True
FV-001988,BEN-01481,COHORT-VN-007,2026-07-12,Tabitha Musyoka,Verified,-0.07998,34.67343,Tempore explicabo accusamus molestiae reiciendis.,
FV-001989,BEN-01481,COHORT-VN-007,16-May-2026,David Mugo,Verified,-0.2013,34.70527,Non harum doloribus aliquam eveniet.,True
FV-001990,BEN-01482,COHORT-VN-007,2026-03-03,Brian Maina,verified,-0.13325,34.7482,Alias non recusandae dolorem quaerat magnam.,
FV-001991,BEN-01482,COHORT-VN-007,2026-06-25,Nicholas Owino,No Contact,-0.17492,34.66814,Eaque tempora ex dolorem esse alias.,True
FV-001992,BEN-01483,COHORT-VN-007,2026-07-26,Violet Githinji,Verified,-0.07779,34.69071,Maiores quaerat id labore enim.,
FV-001993,BEN-01484,COHORT-VN-007,2026-05-15,Francis Adhiambo,No Contact,-0.16792,34.73829,Sapiente exercitationem cupiditate ducimus totam.,
FV-001994,BEN-01484,COHORT-VN-007,2026-05-03,Wanjiku Ochieng,verified,-0.18224,34.77386,Ea incidunt repudiandae distinctio modi facere architecto nobis.,True
FV-001995,BEN-01485,COHORT-VN-007,2026-05-16,Kendi Kamau,partial,-0.1565,34.74008,Ipsum quos autem odit officiis tenetur.,
FV-001996,BEN-01485,COHORT-VN-007,2026-05-02,Nancy Njoroge,Verified,-0.15279,34.666,Dolores nisi corporis itaque magnam optio soluta quasi.,
FV-001997,BEN-01486,COHORT-VN-007,2026-08-14,Seun Wanjiku,Verified,-0.15928,34.80529,Necessitatibus incidunt nesciunt maiores culpa suscipit porro aperiam voluptatibus et neque.,True
FV-001998,BEN-01487,COHORT-VN-007,2026-07-08,Felix Kamau,Verified,-0.086,34.81349,Saepe autem saepe perspiciatis ducimus doloremque.,
FV-001999,BEN-01487,COHORT-VN-007,2026-04-11,Nancy Kamau,Verified,-0.00599,34.85269,Similique voluptates molestiae vitae quae.,True
FV-002000,BEN-01489,COHORT-VN-007,2026-08-07,Priscilla Owino,Partially Verified,-0.01463,34.76131,Eaque temporibus rerum officiis nihil cum.,
FV-002001,BEN-01489,COHORT-VN-007,2026-08-13,Leonard Maina,Verified,-0.05973,34.69454,Dolores recusandae corrupti beatae officia mollitia adipisci.,
FV-002002,BEN-01490,COHORT-VN-007,2026-04-02,Francis Adhiambo,Verified,-0.12569,34.75406,Velit necessitatibus voluptatem maxime maiores aliquid.,True
FV-002003,BEN-01490,COHORT-VN-007,2026-04-08,Aisha Ochieng,Partially Verified,-0.01161,34.76793,Nam distinctio corporis aliquid blanditiis delectus cupiditate a aperiam minima.,True
FV-002004,BEN-01491,COHORT-VN-007,2026-03-10,Caroline Achieng,verified,-0.0935,34.67424,Inventore beatae tenetur magni occaecati perferendis nam reiciendis laboriosam.,
FV-002005,BEN-01493,COHORT-VN-007,2026-03-30,Leonard Musyoka,Referred,-0.07091,34.6748,Commodi molestias repellendus deleniti fugit at aperiam quam.,
FV-002006,BEN-01493,COHORT-VN-007,06-Apr-2026,Irene Ochieng,No Contact,-0.08032,34.7211,Enim eum doloribus velit nihil quidem ratione eius quos quisquam.,False
FV-002007,BEN-01493,COHORT-VN-007,2026-06-25,Caroline Githinji,Verified,-0.15257,34.78291,Odit deserunt est sint nihil rerum ratione alias dicta quo.,False
FV-002008,BEN-01494,COHORT-VN-007,2026-04-05,Nicholas Njoroge,Verified,-0.10561,34.68614,Itaque quibusdam totam a.,
FV-002009,BEN-01495,COHORT-VN-007,2026-05-25,Brian Awino,Verified,-0.00241,34.82078,Velit veritatis nihil ipsa asperiores accusantium porro.,
FV-002010,BEN-01495,COHORT-VN-007,2026-04-29,Kezia Mugo,Referred,-0.18539,34.69813,Inventore tempore harum eaque asperiores temporibus hic fuga sint.,False
FV-002011,BEN-01495,COHORT-VN-007,2026-08-09,Francis Nyambura,Verified,-0.18231,34.84818,Provident tempora velit voluptates a.,False
FV-002012,BEN-01496,COHORT-VN-007,2026-04-24,Lilian Waweru,Verified,-0.0042,34.82314,Molestiae aut nostrum ullam nihil quo iusto minima accusamus.,
FV-002013,BEN-01497,COHORT-VN-007,2026-07-21,Stephen Njenga,Verified,-0.0761,34.69279,Quis inventore molestias eos consequuntur modi necessitatibus numquam culpa non.,
FV-002014,BEN-01498,COHORT-VN-007,2026-06-09,Esther Waweru,Verified,-0.15892,34.66227,Minus molestiae nam maxime.,False
FV-002015,BEN-01498,COHORT-VN-007,23/05/2026,Patrick Achieng,Verified,-0.04726,34.81445,Blanditiis minus placeat odit quos asperiores adipisci rem inventore facilis.,False
FV-002016,BEN-01498,COHORT-VN-007,2026-05-25,Patrick Omondi,Verified,-0.03068,34.70823,Necessitatibus tempore ad nisi consectetur.,
FV-002017,BEN-01499,COHORT-VN-007,2026-06-01,Lilian Otieno,Verified,-0.15335,34.76242,Consequatur sunt quisquam facere sed.,False
FV-002018,BEN-01500,COHORT-VN-007,2026-05-01,Hassan Chebet,Verified,-0.13807,34.77983,Maxime nam sit fugit esse aspernatur sequi quis voluptatem nemo vel.,True
FV-002019,BEN-01501,COHORT-VN-007,2026-03-22,Lilian Githinji,Referred,-0.20064,34.77585,Quos facere magni voluptas blanditiis.,True
FV-002020,BEN-01502,COHORT-VN-007,2026-03-27,Lilian Wanjiku,Verified,-0.08649,34.70766,Itaque provident perferendis consequuntur error nobis quos atque perferendis.,False
FV-002021,BEN-01503,COHORT-VN-007,2026-08-19,Yvonne Were,Verified,-0.00885,34.66313,Corporis at quae illo consequuntur eaque cum nobis labore maiores.,True
FV-002022,BEN-01504,COHORT-VN-007,2026-06-01,Xavier Mutua,No Contact,-0.05795,34.81901,Ipsum repellat sunt totam eaque.,False
FV-002023,BEN-01504,COHORT-VN-007,2026-03-16,Rose Kariuki,Partially Verified,-0.03862,34.81642,Eaque consequatur reprehenderit expedita eos laborum rerum eum.,True
FV-002024,BEN-01505,COHORT-VN-007,27/05/2026,Leonard Githinji,Verified,-0.06839,34.72635,Consectetur sapiente consequuntur sapiente facilis rerum quae accusantium quasi.,
FV-002025,BEN-01506,COHORT-VN-007,2026-07-18,Quinton Maina,Verified,,34.80768,Odio dolor provident exercitationem eius.,False
FV-002026,BEN-01507,COHORT-VN-007,2026-06-23,Wanjiku Nyambura,Verified,-0.09023,34.7919,Itaque distinctio consequatur sed iusto.,True
FV-002027,BEN-01507,COHORT-VN-007,18-Jul-2026,Nicholas Awino,no contact,-0.04683,34.69094,Magnam ullam nostrum suscipit suscipit eius.,False
FV-002028,BEN-01508,COHORT-VN-007,2026-04-27,Xavier Waweru,Verified,-0.06921,34.72686,At maxime veniam repellendus delectus.,
FV-002029,BEN-01509,COHORT-VN-007,2026-06-14,Xavier Kariuki,Verified,-0.01562,34.66381,Quaerat dolores consequatur in harum ut unde.,True
FV-002030,BEN-01509,COHORT-VN-007,2026-06-17,Amina Wangari,No Contact,-0.05828,34.68882,Ab aperiam ratione velit odit quidem animi blanditiis.,True
FV-002031,BEN-01509,COHORT-VN-007,2026-07-04,Leonard Odongo,Verified,-0.03758,34.83292,Voluptate nostrum sapiente suscipit autem repellendus assumenda delectus.,
FV-002032,BEN-01510,COHORT-VN-007,2026-06-09,Boniface Achieng,Partially Verified,-0.03137,34.81046,Quibusdam aliquam facilis veniam similique.,True
FV-002033,BEN-01511,COHORT-VN-007,16/08/2026,Yvonne Githinji,Verified,-0.17226,34.82658,Amet necessitatibus dicta adipisci architecto inventore et accusamus vero.,
FV-002034,BEN-01512,COHORT-VN-007,2026-07-09,Maurice Chebet,Referred,-0.12334,34.70037,Temporibus rerum officiis soluta nemo est quae.,False
FV-002035,BEN-01513,COHORT-VN-007,2026-08-15,Rose Were,Verified,-0.0999,34.80975,Dolorem officia reiciendis maxime impedit nam distinctio.,
FV-002036,BEN-01513,COHORT-VN-007,2026-03-09,Francis Kiplagat,verified,-0.07227,34.70406,Exercitationem nisi eius iusto blanditiis saepe at numquam.,
FV-002037,BEN-01514,COHORT-VN-007,2026-07-19,Cynthia Nyambura,Verified,-0.08534,34.75231,Unde voluptate dicta est modi distinctio quo quo alias ex.,
FV-002038,BEN-01514,COHORT-VN-007,2026-08-03,Queen Simiyu,Partially Verified,-0.11544,34.82711,Explicabo natus nostrum dolore delectus iusto.,True
FV-002039,BEN-01515,COHORT-VN-007,2026-05-22,Kezia Njenga,Verified,-0.12752,34.83946,Distinctio sunt ratione facere ducimus quisquam reprehenderit.,False
FV-002040,BEN-01516,COHORT-VN-007,2026-02-26,Brian Ochieng,Verified,-0.18448,34.76526,Sit corrupti minus illo earum molestias aliquam inventore.,False
FV-002041,BEN-01517,COHORT-VN-007,2026-07-29,Zipporah Gichuki,Verified,-0.0052,34.84908,Nihil dolor quaerat dolorum error molestiae.,True
FV-002042,BEN-01517,COHORT-VN-007,2026-04-24,Raphael Githinji,Verified,-0.18392,34.70982,Molestias voluptas et dolorem ullam reiciendis.,
FV-002043,BEN-01518,COHORT-VN-007,2026-06-26,Violet Mutua,Verified,-0.13623,34.77263,Voluptas error totam molestiae ex amet repellendus unde provident hic ipsum.,True
FV-002044,BEN-01518,COHORT-VN-007,2026-04-25,Rose Kamau,verified,-0.15967,34.68551,Explicabo facilis id dignissimos delectus repudiandae nisi molestiae.,False
FV-002045,BEN-01521,COHORT-VN-007,2026-05-04,Irene Auma,No Contact,-0.08035,34.76239,Temporibus eveniet aliquam occaecati est adipisci voluptatibus aut.,False
FV-002046,BEN-01522,COHORT-VN-007,2026-08-16,Eunice Musyoka,Referred,-0.19107,34.71404,Aut assumenda aut quod velit atque voluptates.,True
FV-002047,BEN-01522,COHORT-VN-007,2026-06-12,Tabitha Were,Partially Verified,-0.11372,34.78669,Consequuntur rem provident ipsum.,False
FV-002048,BEN-01524,COHORT-VN-007,2026-04-06,Harrison Were,No Contact,-0.19783,34.82633,Amet praesentium cumque ad quaerat fuga doloremque repellendus.,False
FV-002049,BEN-01525,COHORT-VN-007,2026-05-03,Grace Chebet,Verified,-0.06518,34.85105,Praesentium assumenda debitis a assumenda consequatur ipsa.,False
FV-002050,BEN-01525,COHORT-VN-007,2026-08-03,Queen Rotich,Partially Verified,-0.04823,34.68655,Quos tempore facere vitae ab similique quis praesentium.,False
FV-002051,BEN-01526,COHORT-VN-007,2026-05-25,Zipporah Ndung'u,Partially Verified,-0.06053,34.82981,Aspernatur beatae dolor quaerat delectus.,
FV-002052,BEN-01526,COHORT-VN-007,2026-04-21,Brian Simiyu,Verified,-0.09362,34.86078,Vitae omnis placeat ea odio nulla adipisci eligendi.,
FV-002053,BEN-01528,COHORT-VN-007,13-Jun-2026,Irene Nyambura,Referred,-0.06535,34.68925,Aut ipsam deleniti consectetur nisi amet explicabo quia perferendis.,True
FV-002054,BEN-01530,COHORT-VN-007,2026-05-27,Kezia Nyambura,Verified,-0.01395,34.68639,Totam pariatur repudiandae aliquid voluptatem.,True
FV-002055,BEN-01530,COHORT-VN-007,2026-03-09,Joseph Were,Verified,-0.16531,34.73031,Vero numquam voluptas quo accusamus porro neque.,
FV-002056,BEN-01531,COHORT-VN-007,2026-08-11,Kendi Were,Verified,-0.04632,34.81047,Eius commodi adipisci dolor.,False
FV-002057,BEN-01532,COHORT-VN-007,2026-04-17,Leonard Musyoka,no contact,-0.17588,34.74631,Magni praesentium quis aperiam molestiae.,True
FV-002058,BEN-01533,COHORT-VN-007,09/08/2026,Eunice Rotich,Partially Verified,-0.18112,34.79655,Nostrum atque dolore omnis sunt nulla cupiditate molestias exercitationem quibusdam tenetur.,False
FV-002059,BEN-01534,COHORT-VN-007,2026-07-27,Kendi Kamau,Partially Verified,-0.01266,34.83127,Excepturi aliquid harum alias illum laborum velit accusamus accusantium necessitatibus.,False
FV-002060,BEN-01535,COHORT-VN-007,2026-05-26,Gladys Were,No Contact,-0.17625,34.82886,Animi molestias quaerat labore aliquid possimus dolores laboriosam eaque perspiciatis.,False
FV-002061,BEN-01535,COHORT-VN-007,2026-04-17,Esther Maina,Referred,-0.07707,34.70791,Optio necessitatibus enim neque vitae fugiat.,False
FV-002062,BEN-01538,COHORT-VN-007,2026-08-08,Kezia Ochieng,Verified,-0.03929,34.74157,Accusantium hic itaque quis sed ex ab.,
FV-002063,BEN-01539,COHORT-VN-007,16/07/2026,Brian Mutua,Verified,-0.09467,34.76826,Odio repudiandae asperiores distinctio fugit ducimus.,False
FV-002064,BEN-01539,COHORT-VN-007,2026-06-28,Kezia Mutinda,Verified,-0.0456,34.74082,Delectus autem modi delectus aperiam delectus veniam praesentium.,False
FV-002065,BEN-01541,COHORT-VN-007,2026-04-11,Uchenna Otieno,Partially Verified,-0.02129,34.72898,Dolor dolore ex atque accusamus ratione.,False
FV-002066,BEN-01542,COHORT-VN-007,2026-07-04,Irene Ochieng,Verified,-0.02282,34.79599,Aliquam tempora in perspiciatis explicabo ab quisquam molestiae totam magni.,
FV-002067,BEN-01543,COHORT-VN-007,2026-03-24,Irene Kiprotich,Partially Verified,-0.19902,34.82008,Accusamus suscipit blanditiis fugit ipsam recusandae nulla.,
FV-002068,BEN-01544,COHORT-VN-007,2026-04-07,Irene Rotich,Verified,-0.02484,34.78628,Eligendi perspiciatis vero unde.,False
FV-002069,BEN-01544,COHORT-VN-007,15/08/2026,Felix Rotich,verified,-0.19122,34.7552,Ex soluta natus ratione molestiae eum natus delectus cupiditate.,
FV-002070,BEN-01545,COHORT-VN-007,2026-08-06,Cynthia Maina,Verified,-0.07318,34.7981,Quo est hic doloremque sapiente in rem debitis ab possimus.,
FV-002071,BEN-01545,COHORT-VN-007,30/03/2026,Raphael Kariuki,No Contact,-0.07413,34.85709,Fuga maxime aspernatur iure iure ad nisi a ipsam.,False
FV-002072,BEN-01546,COHORT-VN-007,2026-04-05,Maurice Mugo,Partially Verified,-0.16838,34.7414,Reiciendis sapiente dolorem quibusdam ab.,False
FV-002073,BEN-01547,COHORT-VN-007,2026-05-12,Priscilla Kariuki,Referred,-0.01422,34.79018,Inventore vero aut recusandae quas cupiditate.,True
FV-002074,BEN-01548,COHORT-VN-007,2026-08-10,Violet Rotich,Partially Verified,-0.07601,34.68045,Tenetur minima commodi nemo laborum a facilis atque.,False
FV-002075,BEN-01548,COHORT-VN-007,2026-03-12,Seun Njoroge,Partially Verified,-0.14118,34.75054,Quo magnam distinctio fuga mollitia.,
FV-002076,BEN-01549,COHORT-VN-007,2026-03-08,David Kimani,Verified,-0.0393,34.72547,Quas sunt necessitatibus iure voluptate.,
FV-002077,BEN-01550,COHORT-VN-007,2026-05-29,Seun Wanjiku,No Contact,-0.07253,34.83768,Provident atque nam aliquid amet voluptatibus.,True
FV-002078,BEN-01551,COHORT-VN-007,2026-07-22,Maurice Owino,Partially Verified,-0.06065,34.85113,Totam laboriosam quisquam praesentium similique architecto voluptatem non.,
FV-002079,BEN-01552,COHORT-VN-007,2026-05-01,Raphael Adhiambo,Verified,-0.0201,34.73603,Magni neque tempore rem eius vero.,False
FV-002080,BEN-01553,COHORT-VN-007,27-Jun-2026,Queen Omondi,Partially Verified,-0.08966,34.7381,Sint omnis voluptatum consequuntur quam labore a.,False
FV-002081,BEN-01553,COHORT-VN-007,2026-05-19,Queen Adhiambo,verified,-0.19317,34.80757,Mollitia nostrum modi numquam saepe dolorem.,False
FV-002082,BEN-01554,COHORT-VN-007,2026-07-20,Seun Kiprotich,Verified,-0.18794,34.84889,Animi at eius voluptates omnis quasi.,
FV-002083,BEN-01555,COHORT-VN-007,2026-06-19,Gladys Odongo,Verified,-0.10729,34.72958,Quibusdam architecto voluptate vero neque quae praesentium perferendis quasi quasi.,True
FV-002084,BEN-01555,COHORT-VN-007,2026-08-11,Eunice Kiprotich,Partially Verified,-0.10604,34.68637,Alias dignissimos amet vel possimus dolor.,False
FV-002085,BEN-01556,COHORT-VN-007,2026-06-09,Francis Githinji,Verified,-0.18912,34.84728,Consectetur ipsa facere ut possimus aut.,
FV-002086,BEN-01557,COHORT-VN-007,2026-08-15,Aisha Achieng,Verified,-0.06958,34.77982,Quaerat aliquam quod consectetur atque excepturi aliquid ducimus.,
FV-002087,BEN-01558,COHORT-VN-007,2026-04-23,Nancy Mutua,Partially Verified,-0.16941,34.74329,A voluptates animi quaerat nisi vel.,False
FV-002088,BEN-01559,COHORT-VN-026,2026-03-21,Priscilla Were,Verified,0.53731,35.36675,Itaque explicabo temporibus atque modi consequatur architecto ad cum.,True
FV-002089,BEN-01560,COHORT-VN-026,2026-04-16,Yvonne Otieno,Partially Verified,,35.28148,At placeat repellat voluptatem asperiores error sint aliquam velit neque.,False
FV-002090,BEN-01561,COHORT-VN-026,2026-04-23,Nancy Otieno,Partially Verified,0.5552,35.26055,Dolor velit adipisci dolorum vitae molestiae eius nulla hic corrupti.,True
FV-002091,BEN-01562,COHORT-VN-026,2026-05-31,Irene Simiyu,Verified,0.41918,35.25586,Reiciendis dicta blanditiis laborum magnam.,
FV-002092,BEN-01562,COHORT-VN-026,2026-05-20,Owen Kiplagat,Verified,0.49893,35.28612,Illo suscipit voluptas in voluptas hic veritatis soluta.,
FV-002093,BEN-01563,COHORT-VN-026,2026-03-26,Queen Gichuki,Verified,0.51728,35.24266,Fugit praesentium ut assumenda maiores.,
FV-002094,BEN-01563,COHORT-VN-026,2026-06-11,Priscilla Musyoka,no contact,0.41703,35.2749,Facere aperiam neque quod quos error alias vitae.,True
FV-002095,BEN-01563,COHORT-VN-026,2026-04-10,Queen Wangari,Verified,,35.35872,Voluptatem placeat non deleniti dolore impedit ab officia.,
FV-002096,BEN-01564,COHORT-VN-026,2026-06-07,Gladys Owino,Verified,0.57329,35.21706,Cumque deleniti sed harum inventore rerum at voluptas.,
FV-002097,BEN-01564,COHORT-VN-026,2026-08-19,Irene Omondi,Partially Verified,0.61176,35.26928,Dolor illum consequuntur repudiandae exercitationem omnis possimus.,True
FV-002098,BEN-01565,COHORT-VN-026,2026-03-21,Irene Otieno,Partially Verified,0.44205,35.24495,Perferendis aut maiores maiores suscipit aliquam quasi.,
FV-002099,BEN-01566,COHORT-VN-026,2026-03-05,Leonard Kariuki,Partially Verified,,35.22351,Veniam nulla qui ut corporis dolores est reprehenderit assumenda nobis.,True
FV-002100,BEN-01566,COHORT-VN-026,2026-04-17,Aisha Mutinda,Verified,0.44423,35.22741,Ea dicta excepturi dolores consequatur vitae voluptatibus veniam.,True
FV-002101,BEN-01567,COHORT-VN-026,2026-04-26,Violet Otieno,Verified,0.5859,35.23398,Suscipit pariatur facilis doloremque doloribus veniam.,
FV-002102,BEN-01567,COHORT-VN-026,2026-06-21,Stephen Njenga,Partially Verified,0.58868,35.36039,Repellat dolores aspernatur rerum sed.,True
FV-002103,BEN-01568,COHORT-VN-026,2026-03-29,Aisha Mwangi,Verified,0.59796,35.25388,Libero adipisci voluptatem eaque sint quod hic porro perferendis libero.,False
FV-002104,BEN-01569,COHORT-VN-026,2026-03-17,Felix Odongo,Verified,0.53677,35.26053,Illo quae quam voluptatibus quam velit totam excepturi dicta.,
FV-002105,BEN-01569,COHORT-VN-026,2026-03-10,Mary Chebet,Verified,0.53482,35.18296,Ipsa natus voluptatibus earum harum quas quod.,True
FV-002106,BEN-01570,COHORT-VN-026,2026-06-20,Harrison Maina,Verified,0.54961,35.3644,Vitae aperiam dignissimos eligendi aspernatur exercitationem fuga modi.,
FV-002107,BEN-01571,COHORT-VN-026,2026-03-01,Quinton Kiprotich,Verified,0.53488,35.2609,Nemo unde vel totam.,
FV-002108,BEN-01572,COHORT-VN-026,2026-08-05,Stephen Mutinda,Verified,0.47509,35.25564,Magni repellendus delectus id consequuntur ratione fuga.,True
FV-002109,BEN-01573,COHORT-VN-026,2026-05-31,Felix Maina,Partially Verified,0.46282,35.36174,Id sapiente delectus sequi dolores iste voluptatem consequatur.,False
FV-002110,BEN-01574,COHORT-VN-026,2026-04-25,Kezia Odongo,Verified,0.44005,35.33436,Quod nihil blanditiis delectus commodi repellendus amet pariatur.,False
FV-002111,BEN-01574,COHORT-VN-026,02-Jul-2026,Quinton Njenga,Verified,0.5923,35.31906,Officiis nesciunt dolorum tempore velit repellendus error.,True
FV-002112,BEN-01575,COHORT-VN-026,2026-03-23,Xavier Onyango,No Contact,0.59031,35.28925,Suscipit distinctio repellat iste impedit omnis itaque aut.,True
FV-002113,BEN-01575,COHORT-VN-026,2026-06-23,Wanjiku Maina,Verified,0.47155,35.30186,Adipisci officia quasi libero.,False
FV-002114,BEN-01576,COHORT-VN-026,2026-03-12,Seun Owino,No Contact,0.58718,35.2507,Reprehenderit ullam consequuntur blanditiis fuga molestias at ut eligendi culpa.,True
FV-002115,BEN-01577,COHORT-VN-026,2026-05-05,Nancy Omondi,Verified,0.5837,35.24495,Repellendus omnis qui debitis suscipit magnam itaque eaque.,False
FV-002116,BEN-01578,COHORT-VN-026,2026-04-16,Amina Githinji,Partially Verified,0.50108,35.2297,Aliquid libero odit cum officia repellendus ad minus recusandae.,True
FV-002117,BEN-01578,COHORT-VN-026,10/04/2026,Joseph Wanjiku,Verified,0.60561,35.25769,Dolore ipsam iste neque id eum.,
FV-002118,BEN-01579,COHORT-VN-026,2026-08-13,Dennis Musyoka,Partially Verified,0.45523,35.26819,Deserunt a eius aperiam repudiandae unde.,False
FV-002119,BEN-01580,COHORT-VN-026,2026-02-26,Boniface Maina,Verified,0.57393,35.23154,Praesentium repellendus repellendus ut aperiam unde facilis officiis omnis aliquid ad.,
FV-002120,BEN-01580,COHORT-VN-026,2026-03-27,Priscilla Auma,Verified,0.54843,35.26819,Laborum placeat quas aperiam delectus iure.,False
FV-002121,BEN-01580,COHORT-VN-026,2026-06-01,Caroline Were,Partially Verified,,35.22289,Blanditiis ad error voluptas porro commodi.,True
FV-002122,BEN-01581,COHORT-VN-026,2026-05-23,Uchenna Mugo,Verified,0.43986,35.23901,Quis minus occaecati assumenda voluptatibus tenetur.,False
FV-002123,BEN-01582,COHORT-VN-026,2026-06-18,Irene Njoroge,Verified,0.50158,35.25818,Commodi fugiat exercitationem quae maxime hic.,
FV-002124,BEN-01582,COHORT-VN-026,2026-07-24,Xavier Awino,Partially Verified,0.58049,35.21035,Nobis delectus quas sequi quos.,
FV-002125,BEN-01583,COHORT-VN-026,2026-03-20,Olive Odongo,Partially Verified,0.56736,35.2996,Consectetur fuga nostrum repudiandae similique placeat tenetur corrupti.,True
FV-002126,BEN-01583,COHORT-VN-026,2026-06-25,Tabitha Chebet,Verified,0.45377,35.35807,Odit quo ipsam praesentium deleniti minima.,False
FV-002127,BEN-01584,COHORT-VN-026,2026-03-28,Amina Kiprotich,Verified,0.44618,35.33806,Cupiditate enim sequi porro repudiandae quos dolore explicabo consectetur incidunt.,False
FV-002128,BEN-01585,COHORT-VN-026,2026-06-19,Hassan Adhiambo,Verified,0.46664,35.29746,Magni voluptas iusto at aliquid.,False
FV-002129,BEN-01587,COHORT-VN-026,2026-07-21,Mary Onyango,Verified,0.61461,35.36024,Aliquid deleniti non ratione blanditiis magni culpa sequi fugit.,False
FV-002130,BEN-01587,COHORT-VN-026,2026-08-15,Xavier Auma,Verified,0.49241,35.25145,Accusamus commodi id explicabo sapiente.,True
FV-002131,BEN-01588,COHORT-VN-026,2026-06-20,Lilian Kiprotich,Partially Verified,0.55586,35.21888,Dolore vitae perspiciatis odio delectus at similique pariatur sapiente ipsa.,
FV-002132,BEN-01589,COHORT-VN-026,2026-08-01,Seun Mutinda,Partially Verified,0.51724,35.34335,Modi ea illo dicta ipsam ea corporis.,False
FV-002133,BEN-01589,COHORT-VN-026,2026-03-13,James Gichuki,Verified,0.59707,35.36684,Voluptatem voluptatem consequuntur cum quae accusantium.,
FV-002134,BEN-01589,COHORT-VN-026,2026-06-28,Cynthia Mutinda,Referred,0.50161,35.31461,Quidem eos voluptatum exercitationem voluptatibus.,
FV-002135,BEN-01591,COHORT-VN-026,2026-04-28,Hassan Musyoka,Verified,0.41956,35.18621,Culpa repellendus voluptatibus occaecati delectus quasi explicabo animi delectus suscipit.,False
FV-002136,BEN-01591,COHORT-VN-026,18-May-2026,Boniface Kariuki,Verified,0.53462,35.1794,Distinctio omnis tempore doloribus tempore ratione laboriosam reiciendis.,
FV-002137,BEN-01592,COHORT-VN-026,24/02/2026,Dennis Adhiambo,No Contact,0.53842,35.29828,Sequi beatae animi id recusandae.,False
FV-002138,BEN-01592,COHORT-VN-026,2026-07-04,Esther Maina,No Contact,0.4659,35.26496,Autem dolores laborum et sequi veniam quo.,
FV-002139,BEN-01593,COHORT-VN-026,2026-04-30,Tabitha Chebet,No Contact,0.53783,35.1932,Eum accusamus optio dolor harum illo animi quos optio dolorem.,True
FV-002140,BEN-01594,COHORT-VN-026,2026-07-01,Mary Njoroge,Partially Verified,0.43207,35.27458,Omnis harum et eius labore facere dolorum asperiores cupiditate.,
FV-002141,BEN-01594,COHORT-VN-026,30/04/2026,Wanjiku Kariuki,Partially Verified,,35.18467,Optio fuga incidunt quam asperiores necessitatibus ullam exercitationem incidunt accusantium ut.,
FV-002142,BEN-01595,COHORT-VN-026,2026-04-06,Irene Auma,Partially Verified,0.5131,35.36524,Nemo fugiat voluptates nihil iste.,
FV-002143,BEN-01596,COHORT-VN-026,2026-07-31,Kezia Wanjiku,Referred,0.54443,35.20554,Facere delectus labore a consequatur ducimus ipsa culpa accusamus.,False
FV-002144,BEN-01597,COHORT-VN-026,2026-07-29,Dennis Auma,Verified,0.45034,35.2388,Sint libero consequatur optio corrupti asperiores dicta doloribus quaerat temporibus nulla.,
FV-002145,BEN-01598,COHORT-VN-026,26/07/2026,Violet Mwangi,Verified,0.50763,35.24679,Minus officia illo necessitatibus minima dolor cumque laudantium laborum.,False
FV-002146,BEN-01598,COHORT-VN-026,2026-04-12,Dennis Otieno,No Contact,0.50993,35.30443,Reiciendis voluptates delectus ipsa harum.,
FV-002147,BEN-01599,COHORT-VN-026,2026-08-11,Joseph Nyambura,Verified,0.42967,35.21073,Itaque excepturi nemo minus numquam.,
FV-002148,BEN-01599,COHORT-VN-026,2026-02-24,Irene Musyoka,No Contact,0.4614,35.35399,In dolores odit dignissimos occaecati nemo totam possimus dicta nobis.,
FV-002149,BEN-01600,COHORT-VN-026,2026-07-16,Dennis Achieng,Partially Verified,0.4662,35.31562,Quo eveniet deleniti veritatis perferendis quos odio delectus commodi aliquid commodi.,True
FV-002150,BEN-01601,COHORT-VN-026,2026-04-14,Raphael Omondi,verified,0.44638,35.22168,Explicabo ad expedita rem earum.,
FV-002151,BEN-01601,COHORT-VN-026,2026-05-27,Owen Gichuki,Verified,0.61306,35.25035,Natus itaque ullam laboriosam quae a in.,False
FV-002152,BEN-01601,COHORT-VN-026,2026-04-08,Francis Chebet,Partially Verified,0.53757,35.21209,Iure esse molestias quis libero error ipsum ipsum est velit.,False
FV-002153,BEN-01602,COHORT-VN-026,07/04/2026,Caroline Nyambura,Verified,0.57388,35.25199,Repellendus harum expedita porro alias similique alias illum explicabo.,False
FV-002154,BEN-01602,COHORT-VN-026,2026-08-20,Caroline Waweru,Verified,0.42712,35.2651,Iusto alias qui voluptate natus nulla vitae.,False
FV-002155,BEN-01603,COHORT-VN-026,2026-03-20,Raphael Rotich,no contact,0.42004,35.30646,Aspernatur sunt natus facere necessitatibus fugit eum amet fuga.,
FV-002156,BEN-01603,COHORT-VN-026,2026-07-18,Irene Simiyu,Verified,0.45859,35.23921,Quaerat debitis expedita cum cum impedit dignissimos error voluptates.,
FV-002157,BEN-01604,COHORT-VN-026,2026-04-24,Francis Waweru,Verified,0.49128,35.22689,Nostrum totam nulla nam necessitatibus excepturi hic ullam.,True
FV-002158,BEN-01604,COHORT-VN-026,2026-04-02,Owen Rotich,Referred,0.51055,35.17236,Omnis dolorum voluptas quidem soluta velit eos dolore.,False
FV-002159,BEN-01605,COHORT-VN-026,2026-05-18,Priscilla Kamau,Verified,0.53166,35.18116,Quos recusandae esse commodi necessitatibus nobis doloribus.,False
FV-002160,BEN-01605,COHORT-VN-026,2026-04-22,Wanjiku Ndung'u,Verified,0.48687,35.17596,Doloribus provident similique eius iste dolorem sunt soluta eaque minima.,False
FV-002161,BEN-01606,COHORT-VN-026,2026-07-13,Xavier Owino,Verified,0.48225,35.32488,Cupiditate dolore nihil magnam consectetur quam quam dolor nemo repellendus.,True
FV-002162,BEN-01606,COHORT-VN-026,2026-08-10,Olive Adhiambo,Verified,0.44732,35.30905,Nesciunt ut aut culpa voluptas voluptatum quis ipsum aperiam cupiditate.,True
FV-002163,BEN-01606,COHORT-VN-026,2026-07-11,Mary Awino,Verified,,35.3431,Quis laboriosam error sed expedita enim quae impedit excepturi.,True
FV-002164,BEN-01607,COHORT-VN-026,2026-04-15,Irene Gichuki,Partially Verified,0.4764,35.22548,Consequatur quod alias ab error necessitatibus sed fugit aperiam quam.,
FV-002165,BEN-01608,COHORT-VN-026,2026-05-22,Xavier Mutinda,Verified,0.5662,35.19252,Necessitatibus reprehenderit consequuntur qui explicabo consequatur beatae.,
FV-002166,BEN-01609,COHORT-VN-026,2026-03-29,Stephen Nyambura,Verified,0.58964,35.21047,Ex hic explicabo provident hic ex excepturi perspiciatis iusto.,
FV-002167,BEN-01609,COHORT-VN-026,2026-03-05,Irene Wangari,Partially Verified,0.48547,35.28799,Nam inventore rem ullam.,
FV-002168,BEN-01609,COHORT-VN-026,2026-04-30,Gladys Owino,Verified,0.52181,35.2239,Dolor architecto provident mollitia deleniti possimus id dolore asperiores vel mollitia.,False
FV-002169,BEN-01610,COHORT-VN-026,2026-08-07,Brian Njenga,Verified,0.48337,35.35695,Suscipit eos delectus repudiandae culpa.,
FV-002170,BEN-01610,COHORT-VN-026,2026-04-14,Lilian Auma,Verified,0.45422,35.29838,Alias dolorum est eos eaque dignissimos.,False
FV-002171,BEN-01613,COHORT-VN-026,2026-06-10,Owen Musyoka,Referred,0.49867,35.17013,Accusantium doloremque iste neque magnam.,True
FV-002172,BEN-01615,COHORT-VN-026,2026-07-13,Irene Achieng,no contact,0.47213,35.2193,Quos molestiae adipisci mollitia temporibus veniam et provident.,
FV-002173,BEN-01616,COHORT-VN-026,2026-07-14,Yvonne Awino,Verified,0.47922,35.27241,Necessitatibus eligendi quidem vero corrupti rem.,
FV-002174,BEN-01616,COHORT-VN-026,2026-04-21,Queen Ndung'u,Partially Verified,0.56166,35.30599,Officia voluptas ipsa enim iure.,
FV-002175,BEN-01616,COHORT-VN-026,2026-04-05,Patrick Kiplagat,no contact,0.45927,35.21138,Voluptatibus error sapiente animi dolorem recusandae.,True
FV-002176,BEN-01617,COHORT-VN-026,2026-07-05,James Musyoka,Referred,0.54863,35.25896,Veniam cum repellendus non eligendi hic debitis quibusdam.,
FV-002177,BEN-01619,COHORT-VN-026,2026-06-25,Joseph Gichuki,Verified,0.57093,35.28901,Dicta consequatur voluptatibus numquam doloremque consequatur.,True
FV-002178,BEN-01619,COHORT-VN-026,2026-04-27,Irene Rotich,Verified,0.52026,35.2166,Ex nemo autem dignissimos ab accusantium.,True
FV-002179,BEN-01619,COHORT-VN-026,2026-03-26,Irene Achieng,Verified,0.45268,35.23308,Ducimus iusto architecto porro pariatur incidunt.,False
FV-002180,BEN-01620,COHORT-VN-026,2026-02-23,Violet Mugo,Partially Verified,0.5896,35.29051,Facilis repellendus ipsa incidunt quod non expedita repellendus dolorum.,True
FV-002181,BEN-01622,COHORT-VN-026,2026-03-05,Maurice Adhiambo,Verified,0.45945,35.35794,Cupiditate odit distinctio aspernatur temporibus.,False
FV-002182,BEN-01624,COHORT-VN-026,2026-06-30,Gladys Mutua,Partially Verified,0.53992,35.32346,Quasi nam ea laborum doloremque dolor quaerat.,False
FV-002183,BEN-01624,COHORT-VN-026,2026-05-16,Nicholas Rotich,Verified,0.4297,35.29345,Aliquid molestiae itaque veniam reiciendis repellat.,
FV-002184,BEN-01624,COHORT-VN-026,27/04/2026,Priscilla Onyango,Partially Verified,0.50304,35.20918,At quaerat vero optio.,True
FV-002185,BEN-01625,COHORT-VN-026,2026-05-05,Esther Otieno,Partially Verified,0.51363,35.26863,Eos sunt animi repellendus quam totam.,True
FV-002186,BEN-01625,COHORT-VN-026,2026-07-27,Kezia Gichuki,Verified,0.54793,35.18231,Optio molestias quas vero rerum labore odio.,True
FV-002187,BEN-01626,COHORT-VN-026,2026-03-29,Wanjiku Otieno,Verified,0.539,35.27323,Eum ea autem ratione nobis similique unde amet facere.,
FV-002188,BEN-01626,COHORT-VN-026,19/08/2026,Seun Kimani,Verified,0.55683,35.22428,Dolorem sit ipsam ratione iusto corporis magni ut debitis et.,
FV-002189,BEN-01627,COHORT-VN-026,2026-04-24,Cynthia Kiprotich,No Contact,0.53694,35.24622,Rem nesciunt porro harum quis.,True
FV-002190,BEN-01627,COHORT-VN-026,2026-08-12,Kezia Rotich,Partially Verified,0.5331,35.31137,Quae totam quam corporis dolorum dolorum deleniti.,False
FV-002191,BEN-01628,COHORT-VN-026,2026-07-07,Raphael Gichuki,Partially Verified,0.57136,35.20871,Quo asperiores delectus consectetur assumenda aliquid minus vitae aliquam possimus.,False
FV-002192,BEN-01629,COHORT-VN-026,2026-03-23,Eunice Were,Verified,0.5964,35.28825,Impedit ullam nostrum pariatur tempora tempore iste amet repudiandae eos.,True
FV-002193,BEN-01629,COHORT-VN-026,2026-03-18,Harrison Were,Verified,0.52092,35.20562,Reiciendis ut nisi explicabo nesciunt.,True
FV-002194,BEN-01630,COHORT-VN-026,2026-05-18,Patrick Mutinda,No Contact,0.48811,35.16916,Nulla possimus debitis et suscipit quisquam laudantium cupiditate consequuntur laudantium harum.,False
FV-002195,BEN-01630,COHORT-VN-026,2026-08-03,Grace Kimani,Referred,0.4779,35.24644,Dolorum nam delectus accusantium similique corrupti beatae.,True
FV-002196,BEN-01630,COHORT-VN-026,2026-02-28,Kendi Kiplagat,Verified,0.4438,35.31713,Fugiat eum repellat nihil officia sed.,True
FV-002197,BEN-01631,COHORT-VN-026,2026-04-17,David Were,Verified,0.53362,35.3575,Tenetur qui a molestiae deserunt voluptate.,
FV-002198,BEN-01632,COHORT-VN-026,2026-07-29,Caroline Mutua,Verified,0.54056,35.26438,Error soluta rerum esse saepe libero nobis.,True
FV-002199,BEN-01633,COHORT-VN-026,2026-06-22,Aisha Auma,Verified,0.56929,35.25722,Accusamus iure rem ab fugiat placeat quisquam placeat.,False
FV-002200,BEN-01633,COHORT-VN-026,2026-05-11,Maurice Rotich,Partially Verified,0.49112,35.36164,Nostrum soluta deleniti placeat libero.,True
FV-002201,BEN-01634,COHORT-VN-026,2026-08-17,Zipporah Ochieng,Partially Verified,0.49103,35.20767,Praesentium delectus incidunt omnis cum soluta qui impedit eaque iste libero.,False
FV-002202,BEN-01634,COHORT-VN-026,2026-05-15,Stephen Mugo,verified,0.47844,35.36717,Recusandae cum facere corrupti in suscipit expedita assumenda.,True
FV-002203,BEN-01635,COHORT-VN-026,2026-04-13,Rose Adhiambo,Verified,0.46167,35.34031,Consequatur omnis nemo unde corrupti enim architecto unde veritatis quisquam.,True
FV-002204,BEN-01636,COHORT-VN-026,07-Apr-2026,Gladys Rotich,Partially Verified,0.54471,35.21677,Aliquam nihil et pariatur neque doloremque.,False
FV-002205,BEN-01637,COHORT-VN-026,2026-07-07,Gladys Gichuki,Verified,,35.30719,Iure quam culpa illum repudiandae quam optio.,True
FV-002206,BEN-01639,COHORT-VN-026,2026-03-25,Boniface Njenga,Referred,0.4734,35.35566,Aliquam fugiat excepturi ea maiores officia.,True
FV-002207,BEN-01639,COHORT-VN-026,2026-04-22,Aisha Maina,Referred,0.54774,35.23514,Excepturi deserunt quam dolore modi sed aliquam nemo sequi dolore.,
FV-002208,BEN-01640,COHORT-VN-026,2026-02-26,Priscilla Odongo,Verified,0.50104,35.23697,Aperiam odit debitis corrupti veniam cupiditate.,True
FV-002209,BEN-01641,COHORT-VN-026,2026-06-24,Nicholas Musyoka,No Contact,,35.27731,Fuga eos optio sunt quae.,
FV-002210,BEN-01642,COHORT-VN-026,23-Jun-2026,Zipporah Kiplagat,Partially Verified,0.55248,35.21476,Corrupti ipsa impedit libero illo tempora aut nesciunt minus ea.,False
FV-002211,BEN-01644,COHORT-VN-026,2026-05-25,Mary Mutua,Verified,0.59849,35.29286,Animi est esse consequatur saepe a recusandae debitis unde totam.,True
FV-002212,BEN-01645,COHORT-VN-026,2026-09-07,Stephen Kiplagat,Verified,0.51934,35.22984,Ipsam minima doloribus et eveniet qui harum illo veniam.,False
FV-002213,BEN-01645,COHORT-VN-026,15/05/2026,Leonard Achieng,Verified,0.48749,35.31051,Quibusdam quod blanditiis ipsa consectetur eos debitis nostrum.,False
FV-002214,BEN-01646,COHORT-VN-026,2026-05-12,Leonard Njoroge,no contact,0.49926,35.24536,Repellat debitis deserunt accusantium porro aliquid cum ducimus dolor.,False
FV-002215,BEN-01646,COHORT-VN-026,2026-08-08,Uchenna Wangari,Verified,0.46056,35.32458,Eligendi laborum maiores sunt quo.,
FV-002216,BEN-01646,COHORT-VN-026,2026-02-23,Queen Ndung'u,Referred,,35.28244,At sint ipsum repudiandae illo.,True
FV-002217,BEN-01647,COHORT-VN-026,2026-04-27,James Were,Verified,0.51815,35.24092,Nisi nostrum nemo minima officiis maiores dicta quasi accusantium dolor inventore.,
FV-002218,BEN-01647,COHORT-VN-026,2026-04-08,Rose Odongo,Partially Verified,0.52893,35.23609,Accusantium porro cumque a a vel quibusdam molestiae.,True
FV-002219,BEN-01647,COHORT-VN-026,2026-04-30,Maurice Chebet,No Contact,0.60754,35.24427,Molestias deleniti atque eum aliquid repellat.,True
FV-002220,BEN-01650,COHORT-VN-026,2026-03-04,Cynthia Mutua,Referred,0.59795,35.32022,Doloribus minus doloremque quae vel mollitia cum.,False
FV-002221,BEN-01650,COHORT-VN-026,2026-07-29,Owen Odongo,Verified,0.573,35.18387,Sapiente nulla optio natus nostrum animi id possimus cum.,
FV-002222,BEN-01653,COHORT-VN-026,2026-06-03,Francis Musyoka,Partially Verified,0.47155,35.35014,Quidem ut similique debitis nam suscipit sunt magnam tempora.,False
FV-002223,BEN-01653,COHORT-VN-026,2026-03-02,Patrick Adhiambo,verified,0.46415,35.2868,Dolor laborum tempore assumenda excepturi beatae.,
FV-002224,BEN-01654,COHORT-VN-026,2026-04-24,Quinton Kamau,Partially Verified,0.58518,35.33311,Vitae totam quibusdam quisquam debitis iste dolorum mollitia vitae autem voluptate.,
FV-002225,BEN-01654,COHORT-VN-026,2026-05-07,Boniface Mugo,verified,0.48444,35.34342,Culpa magni culpa tempore quaerat corrupti.,True
FV-002226,BEN-01655,COHORT-VN-026,2026-08-12,Patrick Wangari,verified,0.49435,35.29109,Sed quasi dolore tempore itaque nobis sequi minus eveniet vel.,False
FV-002227,BEN-01655,COHORT-VN-026,2026-05-23,Irene Odongo,Partially Verified,0.4222,35.31045,Illo tempore laudantium atque.,
FV-002228,BEN-01657,COHORT-VN-026,28/02/2026,Xavier Kamau,Partially Verified,0.51861,35.3069,In occaecati fuga neque ab.,True
FV-002229,BEN-01657,COHORT-VN-026,2026-07-27,Patrick Waweru,Verified,0.57586,35.20999,Minima sequi repellendus dolorum asperiores consectetur non vero blanditiis ullam.,
FV-002230,BEN-01657,COHORT-VN-026,2026-04-25,Stephen Kariuki,verified,0.45451,35.2061,Explicabo nisi neque modi doloribus.,False
FV-002231,BEN-01658,COHORT-VN-026,2026-03-09,Kezia Omondi,Verified,0.47626,35.1761,Expedita libero quasi accusantium quaerat quasi praesentium.,False
FV-002232,BEN-01658,COHORT-VN-026,10/03/2026,Stephen Onyango,Verified,0.57318,35.17759,Fuga veritatis id fugit cupiditate sit nemo atque.,False
FV-002233,BEN-01659,COHORT-VN-026,2026-05-13,Mary Omondi,No Contact,0.51021,35.23142,Ipsum est magni natus veritatis exercitationem dolore earum.,True
FV-002234,BEN-01660,COHORT-VN-026,2026-06-24,Wanjiku Mugo,No Contact,0.4365,35.32261,Occaecati ab ipsam error consequatur similique ad eaque labore.,
FV-002235,BEN-01660,COHORT-VN-026,2026-03-05,Queen Rotich,Partially Verified,0.48653,35.24638,Illum nihil voluptatum aperiam ipsa nulla laborum natus mollitia nisi esse.,False
FV-002236,BEN-01661,COHORT-VN-026,2026-06-17,Zipporah Nyambura,Verified,0.46394,35.3659,Ducimus explicabo nulla necessitatibus illo asperiores magni rem reiciendis.,False
FV-002237,BEN-01662,COHORT-VN-026,2026-06-03,Eunice Kariuki,partial,0.47685,35.16842,Beatae iure enim itaque velit exercitationem id.,False
FV-002238,BEN-01662,COHORT-VN-026,2026-03-09,Nicholas Mugo,Verified,0.46613,35.35229,Modi modi voluptatum eos nesciunt adipisci enim ab non optio.,
FV-002239,BEN-01663,COHORT-VN-026,2026-06-29,Amina Chebet,Verified,0.58584,35.21629,Rem soluta eveniet cupiditate saepe voluptates cum consequuntur itaque id.,False
FV-002240,BEN-01664,COHORT-VN-026,2026-05-20,Mary Chebet,Verified,0.50713,35.35099,Mollitia temporibus accusantium molestias earum rerum facere.,
FV-002241,BEN-01664,COHORT-VN-026,2026-03-13,Kendi Mutinda,Verified,0.52066,35.29079,Quo a soluta nemo deleniti.,False
FV-002242,BEN-01665,COHORT-VN-026,2026-07-02,Mary Kamau,Verified,0.5652,35.27369,Ex esse repellendus mollitia nulla.,
FV-002243,BEN-01667,COHORT-VN-026,2026-07-03,Priscilla Kariuki,No Contact,0.60215,35.18517,Ea sequi voluptatum mollitia impedit sint accusamus unde ipsum.,
FV-002244,BEN-01668,COHORT-VN-026,27/07/2026,Yvonne Wanjiku,Partially Verified,0.61543,35.32119,Totam aliquid distinctio perspiciatis quam quis illo nihil.,True
FV-002245,BEN-01668,COHORT-VN-026,2026-07-29,Amina Odongo,Verified,0.47141,35.25674,Explicabo dignissimos tenetur veniam harum atque ea natus repudiandae voluptatem.,
FV-002246,BEN-01670,COHORT-VN-026,2026-06-29,Caroline Awino,No Contact,0.45618,35.17907,Inventore necessitatibus magnam laboriosam quam accusantium blanditiis.,True
FV-002247,BEN-01670,COHORT-VN-026,2026-07-27,Olive Musyoka,Verified,0.48207,35.36543,Cum soluta rem adipisci occaecati dignissimos fuga porro aliquid.,False
FV-002248,BEN-01672,COHORT-VN-026,2026-07-23,Aisha Chebet,Partially Verified,0.59471,35.35084,Ullam esse voluptas consectetur nisi aliquam laborum.,True
FV-002249,BEN-01673,COHORT-VN-026,2026-05-17,Nicholas Njenga,Partially Verified,0.57213,35.28538,Veritatis nam ut repellendus fugiat error aliquam consequuntur.,
FV-002250,BEN-01674,COHORT-VN-026,2026-03-27,Kendi Ndung'u,Verified,0.50815,35.17174,Blanditiis tenetur nostrum ipsa labore et.,True
FV-002251,BEN-01674,COHORT-VN-026,2026-07-07,Maurice Kiplagat,no contact,0.57661,35.16906,Quisquam delectus sequi commodi ab doloremque ut officia eos.,False
FV-002252,BEN-01674,COHORT-VN-026,2026-04-05,Hassan Waweru,No Contact,0.61682,35.21419,Ea esse tempore esse enim.,
FV-002253,BEN-01675,COHORT-VN-026,2026-04-08,Xavier Were,No Contact,0.47305,35.19284,Fuga dolore ipsa cupiditate sed repellendus modi est.,False
FV-002254,BEN-01676,COHORT-VN-026,2026-04-20,Violet Onyango,Partially Verified,0.46663,35.25394,Rerum voluptas enim quas dolor cumque repudiandae tempore animi.,True
FV-002255,BEN-01677,COHORT-VN-026,2026-07-23,Priscilla Mugo,No Contact,0.45255,35.24474,Hic omnis veniam ut architecto quaerat iusto.,True
FV-002256,BEN-01680,COHORT-VN-026,2026-07-29,Leonard Njoroge,Verified,,35.36235,Odio iure culpa quo modi molestias.,
FV-002257,BEN-01681,COHORT-VN-026,2026-02-28,Amina Chebet,Referred,0.50189,35.22788,Nulla nam quae eum eveniet debitis pariatur.,False
FV-002258,BEN-01682,COHORT-VN-026,2026-07-21,Eunice Mutinda,Verified,0.59782,35.28685,Perspiciatis expedita quae est illo voluptate.,True
FV-002259,BEN-01683,COHORT-VN-026,2026-06-16,Caroline Chebet,Verified,0.53207,35.18293,Laudantium nostrum ipsum amet totam minus odio facilis.,
FV-002260,BEN-01683,COHORT-VN-026,2026-08-19,Quinton Ndung'u,Verified,0.47342,35.35202,At ipsum esse iusto quisquam odit explicabo consequuntur ipsa minus.,True
FV-002261,BEN-01685,COHORT-TC-001,2026-06-03,Hassan Odongo,partial,-1.38528,36.79042,Beatae ratione itaque explicabo error rem necessitatibus.,False
FV-002262,BEN-01686,COHORT-TC-001,2026-06-29,Kendi Ndung'u,Partially Verified,-1.32179,36.86569,Ea sed nobis alias doloremque magni.,False
FV-002263,BEN-01686,COHORT-TC-001,2026-03-17,Francis Musyoka,Verified,-1.27446,36.71985,Dolore commodi dolor assumenda ratione.,
FV-002264,BEN-01686,COHORT-TC-001,2026-03-22,Boniface Achieng,No Contact,-1.35766,36.90167,Dolores officia ullam voluptatem incidunt alias.,True
FV-002265,BEN-01687,COHORT-TC-001,2026-03-06,Nicholas Mwangi,No Contact,-1.29082,36.8359,Magni suscipit repellat nam explicabo cupiditate molestiae deserunt eligendi.,
FV-002266,BEN-01688,COHORT-TC-001,2026-05-01,Grace Ndung'u,Verified,-1.35986,36.75915,Ipsa et aperiam delectus ipsum esse eveniet optio unde quas.,True
FV-002267,BEN-01688,COHORT-TC-001,2026-03-30,David Chebet,Verified,-1.28127,36.72538,Repellat quos amet maiores sint explicabo placeat deleniti eius.,
FV-002268,BEN-01688,COHORT-TC-001,2026-06-13,Xavier Kiprotich,Partially Verified,-1.32506,36.73925,Libero quasi ipsam fugiat cum repellat nihil aperiam.,
FV-002269,BEN-01689,COHORT-TC-001,25/04/2026,Aisha Kimani,Verified,-1.34108,36.85026,Dolore repellendus consequatur non ducimus fugiat recusandae.,
FV-002270,BEN-01689,COHORT-TC-001,2026-07-15,Felix Onyango,No Contact,-1.35355,36.75919,Voluptas exercitationem non nemo ratione porro beatae.,False
FV-002271,BEN-01689,COHORT-TC-001,2026-07-17,Nicholas Njenga,Verified,-1.2475,36.77691,Nisi excepturi dolorem accusantium temporibus rerum placeat excepturi atque assumenda.,False
FV-002272,BEN-01690,COHORT-TC-001,15/07/2026,Boniface Odongo,Partially Verified,-1.38368,36.88643,Illum minima temporibus cumque eos eius vel quod error quibusdam.,
FV-002273,BEN-01691,COHORT-TC-001,2026-03-21,Caroline Owino,verified,-1.22372,36.77859,Quam nesciunt ipsa natus soluta reprehenderit suscipit eveniet quae expedita maxime.,True
FV-002274,BEN-01691,COHORT-TC-001,2026-03-10,Violet Rotich,Verified,-1.35953,36.9125,Quia sapiente amet corporis ipsam nesciunt quasi non tempore sapiente.,
FV-002275,BEN-01692,COHORT-TC-001,2026-07-27,Aisha Omondi,Partially Verified,-1.37486,36.80257,Reprehenderit error molestiae odit tenetur.,True
FV-002276,BEN-01692,COHORT-TC-001,2026-04-06,Gladys Mugo,Partially Verified,-1.3389,36.72603,Tempore iure unde quibusdam minus totam ea eveniet atque.,True
FV-002277,BEN-01692,COHORT-TC-001,2026-07-17,Patrick Owino,Verified,-1.23059,36.90797,Recusandae dignissimos libero soluta minima hic minima.,True
FV-002278,BEN-01694,COHORT-TC-001,2026-02-22,Brian Mugo,Partially Verified,-1.31632,36.90844,Delectus dolor adipisci minus exercitationem.,False
FV-002279,BEN-01694,COHORT-TC-001,2026-04-06,Xavier Musyoka,Verified,-1.30931,36.91531,Sed beatae aspernatur doloribus voluptates laudantium molestiae eius totam.,False
FV-002280,BEN-01695,COHORT-TC-001,2026-06-02,Eunice Wanjiku,Partially Verified,-1.28465,36.83336,Accusamus reprehenderit qui nulla totam vitae quam occaecati cumque autem.,False
FV-002281,BEN-01695,COHORT-TC-001,2026-05-03,Hassan Chebet,Partially Verified,-1.32089,36.7669,Neque fuga corporis similique unde nesciunt dolore ratione at.,False
FV-002282,BEN-01697,COHORT-TC-001,2026-05-17,Irene Adhiambo,Verified,-1.27316,36.74152,Quia modi accusantium quam vero accusamus saepe et.,
FV-002283,BEN-01698,COHORT-TC-001,2026-07-31,Felix Waweru,Partially Verified,-1.32075,36.91397,Perferendis accusantium quia commodi dolores nesciunt.,True
FV-002284,BEN-01698,COHORT-TC-001,2026-08-16,Mary Githinji,Verified,-1.28786,36.83153,Dolorum similique commodi nemo.,False
FV-002285,BEN-01699,COHORT-TC-001,18/05/2026,Boniface Kiprotich,Partially Verified,-1.30536,36.82177,Esse officia et commodi quam aliquam animi minus repudiandae.,True
FV-002286,BEN-01699,COHORT-TC-001,2026-07-21,Rose Ndung'u,Verified,-1.23505,36.77058,Sequi quaerat aliquam eveniet sunt.,False
FV-002287,BEN-01700,COHORT-TC-001,03/05/2026,Gladys Owino,Verified,-1.30425,36.87847,Distinctio itaque id temporibus ut recusandae minus.,
FV-002288,BEN-01702,COHORT-TC-001,2026-04-25,Amina Waweru,Verified,-1.35417,36.85453,Fugiat illo totam aspernatur porro magni.,
FV-002289,BEN-01703,COHORT-TC-001,2026-04-16,Esther Odongo,Referred,-1.28259,36.84301,Id doloribus explicabo reiciendis animi ab ex eum soluta quibusdam.,True
FV-002290,BEN-01703,COHORT-TC-001,2026-05-16,Brian Njenga,partial,-1.37559,36.75912,At odio eos pariatur assumenda ex harum fugiat nesciunt.,False
FV-002291,BEN-01703,COHORT-TC-001,2026-06-14,Rose Gichuki,Verified,-1.21821,36.82494,Delectus expedita soluta aut enim hic perspiciatis aliquam consequatur magni.,True
FV-002292,BEN-01705,COHORT-TC-001,2026-07-03,Olive Adhiambo,Verified,-1.18966,36.76056,Iusto delectus adipisci culpa nisi voluptatum officiis.,True
FV-002293,BEN-01705,COHORT-TC-001,2026-06-14,Owen Owino,Verified,-1.2642,36.79489,A totam eos maxime fugiat ducimus architecto provident.,False
FV-002294,BEN-01706,COHORT-TC-001,2026-06-26,Seun Kiprotich,Verified,-1.30522,36.75684,Asperiores tempora numquam possimus vero eum tempora ex.,False
FV-002295,BEN-01707,COHORT-TC-001,2026-03-03,Xavier Kiprotich,Verified,-1.21475,36.75255,Illum eaque voluptate vitae alias pariatur molestias.,False
FV-002296,BEN-01707,COHORT-TC-001,2026-05-20,Gladys Wangari,Verified,-1.35322,36.83008,Laudantium distinctio eaque laborum dignissimos consequatur.,False
FV-002297,BEN-01708,COHORT-TC-001,2026-05-23,Olive Maina,Verified,-1.3562,36.822,Sit ea ea earum blanditiis quidem dolorem et distinctio accusantium.,True
FV-002298,BEN-01708,COHORT-TC-001,2026-07-09,Tabitha Wangari,Verified,-1.23831,36.82421,Nemo aliquid libero ea quidem totam similique occaecati.,True
FV-002299,BEN-01709,COHORT-TC-001,2026-03-31,Irene Nyambura,Verified,-1.20372,36.76826,Necessitatibus cupiditate modi similique.,
FV-002300,BEN-01710,COHORT-TC-001,2026-02-22,Cynthia Onyango,partial,-1.33637,36.85701,Magni quisquam sit quidem expedita sequi dolores rerum eveniet quibusdam iste.,True
FV-002301,BEN-01711,COHORT-TC-001,2026-03-11,Maurice Simiyu,Partially Verified,-1.27044,36.88086,Commodi eaque deserunt odit incidunt mollitia nam blanditiis autem.,
FV-002302,BEN-01711,COHORT-TC-001,2026-07-03,Rose Adhiambo,Referred,-1.33604,36.77057,Saepe reprehenderit quod quisquam alias esse dignissimos magnam.,
FV-002303,BEN-01712,COHORT-TC-001,2026-03-19,Patrick Simiyu,Referred,-1.34333,36.80334,Temporibus magni dignissimos iusto officiis facere maiores quasi dolor eligendi.,
FV-002304,BEN-01713,COHORT-TC-001,2026-04-16,Esther Achieng,Verified,-1.37744,36.74091,Ipsum repudiandae atque quaerat non numquam beatae veritatis deserunt.,True
FV-002305,BEN-01714,COHORT-TC-001,01/06/2026,Patrick Githinji,Verified,-1.21067,36.83244,Voluptas delectus consectetur consequatur eaque cumque aliquam ea omnis.,True
FV-002306,BEN-01715,COHORT-TC-001,2026-06-17,Owen Wangari,Referred,-1.25527,36.91688,Similique doloremque assumenda alias officiis ipsum.,
FV-002307,BEN-01715,COHORT-TC-001,2026-07-08,James Mutua,Partially Verified,-1.33737,36.88115,Ab quidem architecto animi porro porro.,
FV-002308,BEN-01716,COHORT-TC-001,28/03/2026,Joseph Wanjiku,No Contact,-1.35692,36.88258,Aut dolor earum voluptatum dolores mollitia asperiores.,
FV-002309,BEN-01718,COHORT-TC-001,2026-05-24,Cynthia Mwangi,Partially Verified,-1.24417,36.87589,Laboriosam nulla atque odio corporis quibusdam molestias iure nesciunt quasi labore.,True
FV-002310,BEN-01719,COHORT-TC-001,2026-05-11,Francis Musyoka,Verified,-1.30306,36.81388,Voluptatem sint nemo dignissimos debitis aspernatur libero error.,
FV-002311,BEN-01720,COHORT-TC-001,2026-04-12,Brian Kimani,No Contact,-1.26052,36.74597,Delectus accusamus rerum possimus perferendis cupiditate.,
FV-002312,BEN-01720,COHORT-TC-001,2026-06-18,Quinton Waweru,no contact,-1.23046,36.77581,Autem repudiandae amet deserunt fugit.,True
FV-002313,BEN-01720,COHORT-TC-001,2026-03-02,Patrick Wanjiku,Referred,-1.3834,36.82244,Aut fugit amet accusamus molestias ipsum officiis animi ut.,False
FV-002314,BEN-01721,COHORT-TC-001,2026-05-28,Leonard Kiprotich,Verified,-1.31139,36.83234,Adipisci excepturi recusandae hic rem.,
FV-002315,BEN-01722,COHORT-TC-001,11/06/2026,Priscilla Wangari,No Contact,-1.23719,36.75624,Architecto facere illum molestiae adipisci excepturi.,False
FV-002316,BEN-01723,COHORT-TC-001,2026-07-07,Felix Wanjiku,Verified,-1.25532,36.8905,Non adipisci atque doloribus ex reiciendis vitae ad itaque.,False
FV-002317,BEN-01724,COHORT-TC-001,2026-04-03,Harrison Onyango,Verified,-1.19501,36.86403,Itaque deleniti quod omnis cupiditate atque dignissimos repellat necessitatibus quia labore.,False
FV-002318,BEN-01725,COHORT-TC-001,2026-07-28,Priscilla Kiprotich,Verified,-1.19463,36.76878,Omnis libero delectus ad reprehenderit.,False
FV-002319,BEN-01726,COHORT-TC-001,2026-04-23,Dennis Nyambura,Verified,-1.28212,36.84662,Sit quae eius illum beatae libero necessitatibus molestias.,False
FV-002320,BEN-01727,COHORT-TC-001,2026-05-29,Tabitha Otieno,Partially Verified,-1.19687,36.90441,Labore ab ducimus doloribus amet.,
FV-002321,BEN-01727,COHORT-TC-001,2026-06-01,Maurice Kariuki,Referred,-1.369,36.83939,Repudiandae quis eos ratione temporibus delectus.,False
FV-002322,BEN-01727,COHORT-TC-001,2026-03-13,Violet Ndung'u,Verified,-1.38417,36.76272,At id corporis debitis tenetur earum.,
FV-002323,BEN-01728,COHORT-TC-001,2026-06-07,Seun Kimani,Verified,-1.31678,36.82688,Consequuntur quasi vel quas nesciunt.,True
FV-002324,BEN-01728,COHORT-TC-001,2026-08-09,Esther Kamau,Referred,-1.21952,36.84689,Quia ipsum sapiente sunt fugiat ad perferendis.,
FV-002325,BEN-01729,COHORT-TC-001,2026-04-10,Olive Auma,Verified,-1.28765,36.86755,Odit explicabo atque ullam iusto aspernatur iure repellendus quam.,False
FV-002326,BEN-01730,COHORT-TC-001,2026-06-10,Raphael Njoroge,Verified,-1.34355,36.75563,Voluptas perspiciatis earum exercitationem porro.,True
FV-002327,BEN-01730,COHORT-TC-001,2026-04-17,Boniface Nyambura,Referred,-1.3296,36.7529,Molestiae beatae alias autem nemo beatae veritatis modi ullam at.,
FV-002328,BEN-01731,COHORT-TC-001,2026-06-20,Zipporah Nyambura,partial,-1.2011,36.81061,Molestiae illo quidem eligendi non modi impedit laboriosam incidunt.,False
FV-002329,BEN-01732,COHORT-TC-001,2026-08-03,Owen Mwangi,Verified,-1.32235,36.78894,Perferendis consectetur iure voluptatum tenetur magnam earum itaque ad quibusdam.,
FV-002330,BEN-01733,COHORT-TC-001,2026-08-19,Violet Wanjiku,Partially Verified,-1.30909,36.8937,Reprehenderit nam at natus nemo laudantium nulla necessitatibus assumenda.,True
FV-002331,BEN-01733,COHORT-TC-001,2026-05-30,Caroline Achieng,Verified,-1.28867,36.88911,Aliquam illo qui quisquam ut quisquam velit.,
FV-002332,BEN-01734,COHORT-TC-001,2026-08-02,Brian Waweru,No Contact,-1.34562,36.85582,Hic vitae numquam rerum quos voluptatem.,False
FV-002333,BEN-01734,COHORT-TC-001,2026-05-04,Wanjiku Kariuki,Referred,-1.32058,36.74721,Molestiae magni earum velit aliquam culpa dolore.,True
FV-002334,BEN-01735,COHORT-TC-001,2026-06-08,Eunice Onyango,Verified,-1.32678,36.86165,Illum earum deleniti quaerat ab aperiam cumque quia laudantium vel.,True
FV-002335,BEN-01736,COHORT-TC-001,2026-07-25,Mary Ochieng,Partially Verified,-1.34502,36.78668,Sint facere eveniet soluta quis a.,
FV-002336,BEN-01736,COHORT-TC-001,2026-05-25,Maurice Ochieng,Verified,-1.27752,36.74772,Accusantium maxime dolorum eos.,
FV-002337,BEN-01736,COHORT-TC-001,2026-06-24,Owen Njenga,Partially Verified,-1.35899,36.86811,Iste nisi nostrum a maxime quisquam necessitatibus at.,True
FV-002338,BEN-01738,COHORT-TC-001,2026-06-13,Grace Adhiambo,Partially Verified,-1.34242,36.72152,Blanditiis reiciendis ad veritatis sed fugit quidem.,True
FV-002339,BEN-01738,COHORT-TC-001,2026-06-05,David Nyambura,Verified,-1.33835,36.82687,Corrupti doloremque placeat dicta itaque rerum perferendis veniam neque itaque quaerat.,False
FV-002340,BEN-01738,COHORT-TC-001,29/05/2026,Violet Maina,no contact,-1.2438,36.90255,Harum molestiae quasi error voluptates.,
FV-002341,BEN-01739,COHORT-TC-001,2026-05-13,Cynthia Mutinda,Verified,-1.27809,36.89917,Velit sint molestias laboriosam ducimus.,True
FV-002342,BEN-01739,COHORT-TC-001,2026-03-22,Boniface Kamau,Verified,-1.27558,36.75654,Aliquam ad nisi sapiente nihil eius dolor.,
FV-002343,BEN-01740,COHORT-TC-001,2026-03-21,Cynthia Kariuki,Partially Verified,-1.3547,36.78975,Blanditiis atque rerum veritatis assumenda atque sunt et optio.,False
FV-002344,BEN-01741,COHORT-TC-001,2026-04-11,Raphael Wangari,Verified,-1.35424,36.86801,Officia possimus ex consequuntur nemo rem corrupti accusantium odio rem.,False
FV-002345,BEN-01741,COHORT-TC-001,2026-03-18,Uchenna Githinji,Verified,-1.2678,36.79092,Architecto dignissimos quis eius.,True
FV-002346,BEN-01742,COHORT-TC-001,2026-07-13,Harrison Otieno,Verified,-1.31008,36.79918,Adipisci eum velit non dolorum neque provident sint.,False
FV-002347,BEN-01742,COHORT-TC-001,01/05/2026,Seun Omondi,Verified,-1.23881,36.78347,Ipsam quaerat atque mollitia eaque officia accusamus consequuntur quo.,True
FV-002348,BEN-01743,COHORT-TC-001,12/04/2026,Amina Maina,Verified,-1.37745,36.85238,Porro corrupti consequuntur dolore ipsum.,True
FV-002349,BEN-01744,COHORT-TC-001,06/04/2026,Queen Wanjiku,Verified,-1.25077,36.75763,Voluptas corrupti tempora consequuntur minus magnam architecto.,True
FV-002350,BEN-01744,COHORT-TC-001,2026-05-29,Felix Kiplagat,Verified,-1.318,36.74271,Porro temporibus iusto ratione facere voluptas illum.,False
FV-002351,BEN-01745,COHORT-TC-001,2026-05-03,Uchenna Ndung'u,Verified,-1.32826,36.83498,Veritatis dolore voluptatum accusantium eos cum.,True
FV-002352,BEN-01746,COHORT-TC-001,25-Feb-2026,Zipporah Wanjiku,Partially Verified,-1.2795,36.83473,Voluptatibus nam consequuntur praesentium autem.,
FV-002353,BEN-01747,COHORT-TC-001,2026-05-14,Seun Maina,Verified,-1.22648,36.73731,Placeat vel occaecati ratione voluptate.,
FV-002354,BEN-01747,COHORT-TC-001,2026-06-22,Caroline Kiprotich,Verified,-1.21342,36.84766,Natus enim sint id sunt aperiam nobis dolor.,False
FV-002355,BEN-01747,COHORT-TC-001,2026-07-13,Boniface Mutua,Verified,-1.22749,36.75046,Incidunt ad assumenda natus minima itaque adipisci.,False
FV-002356,BEN-01749,COHORT-TC-001,2026-07-26,Queen Mwangi,verified,-1.3318,36.7808,Dicta temporibus necessitatibus voluptatibus occaecati architecto.,False
FV-002357,BEN-01749,COHORT-TC-001,2026-02-28,Seun Maina,Verified,-1.20807,36.91103,Commodi omnis eaque minus fugiat.,True
FV-002358,BEN-01750,COHORT-TC-001,2026-03-28,Felix Waweru,Verified,-1.1892,36.90266,Quasi ipsa eveniet veritatis quo quas voluptate ea fugit.,False
FV-002359,BEN-01750,COHORT-TC-001,2026-04-30,Cynthia Adhiambo,Verified,-1.28402,36.75527,Voluptas esse debitis corporis ipsam.,
FV-002360,BEN-01752,COHORT-TC-001,2026-03-05,Lilian Awino,partial,-1.26686,36.84363,Sequi error repudiandae ad numquam ex ab.,False
FV-002361,BEN-01753,COHORT-TC-001,2026-05-15,Yvonne Kariuki,Verified,-1.27598,36.795,Quaerat reiciendis voluptatem vitae est sapiente ea expedita vero.,
FV-002362,BEN-01753,COHORT-TC-001,2026-06-11,Kezia Maina,Verified,-1.20953,36.82962,Laudantium illum cumque velit quidem.,False
FV-002363,BEN-01753,COHORT-TC-001,2026-06-05,Violet Githinji,Verified,-1.31638,36.79959,Repudiandae pariatur delectus iste a hic.,True
FV-002364,BEN-01754,COHORT-TC-001,2026-08-18,Francis Nyambura,verified,-1.31884,36.85413,Provident harum expedita praesentium id corrupti consectetur voluptates vero.,True
FV-002365,BEN-01755,COHORT-TC-001,2026-02-22,Mary Were,Verified,-1.18951,36.76895,Sunt sunt illum molestias magni sapiente ratione eos iusto aspernatur cum.,True
FV-002366,BEN-01756,COHORT-TC-001,09/07/2026,Rose Gichuki,Verified,-1.38415,36.86254,Odit facere alias voluptate autem.,
FV-002367,BEN-01757,COHORT-TC-001,2026-05-08,Eunice Wanjiku,Verified,-1.22351,36.78522,Esse natus voluptatibus voluptate commodi et earum distinctio amet quas.,False
FV-002368,BEN-01759,COHORT-TC-001,2026-06-28,Owen Otieno,Verified,-1.3526,36.83572,Molestias veniam corrupti excepturi odio sapiente non quibusdam.,False
FV-002369,BEN-01760,COHORT-TC-001,26-May-2026,Mary Simiyu,Verified,-1.3043,36.7705,Explicabo nemo cupiditate voluptas optio eius.,False
FV-002370,BEN-01760,COHORT-TC-001,2026-07-29,Boniface Kiplagat,Verified,-1.30473,36.80323,Odit at commodi perferendis nostrum quo molestias.,
FV-002371,BEN-01761,COHORT-TC-001,2026-03-07,Amina Maina,No Contact,-1.33897,36.75612,Minus iure a pariatur doloremque.,True
FV-002372,BEN-01761,COHORT-TC-001,2026-04-21,Nicholas Nyambura,Partially Verified,-1.34705,36.75036,Excepturi nesciunt enim soluta magnam debitis aperiam.,
FV-002373,BEN-01762,COHORT-TC-001,2026-07-11,Priscilla Mutinda,No Contact,-1.34114,36.83703,Eius reiciendis modi voluptatibus illo sint accusantium sed repellendus voluptatibus.,False
FV-002374,BEN-01764,COHORT-TC-001,2026-08-12,Zipporah Kimani,No Contact,-1.21611,36.81074,At repellendus fuga deserunt quibusdam aspernatur.,False
FV-002375,BEN-01764,COHORT-TC-001,2026-08-04,James Achieng,Verified,-1.26829,36.87768,Doloribus adipisci provident amet nostrum veritatis.,
FV-002376,BEN-01765,COHORT-TC-001,2026-05-07,Owen Rotich,Partially Verified,-1.20287,36.90627,A veniam libero aut quas sit harum voluptates dicta.,True
FV-002377,BEN-01765,COHORT-TC-001,24/03/2026,Tabitha Rotich,Verified,-1.25938,36.88761,Voluptatum dicta nisi mollitia nihil.,True
FV-002378,BEN-01766,COHORT-TC-001,2026-08-09,Amina Otieno,Verified,-1.38325,36.9153,Totam amet at eius vel distinctio ullam labore blanditiis autem.,False
FV-002379,BEN-01766,COHORT-TC-001,2026-05-16,Esther Awino,Verified,-1.3098,36.85716,Quibusdam nihil iure officiis impedit quos autem occaecati harum.,False
FV-002380,BEN-01766,COHORT-TC-001,2026-04-01,Rose Kiprotich,Verified,-1.22766,36.86999,Quis velit placeat nulla quibusdam amet.,False
FV-002381,BEN-01767,COHORT-TC-001,2026-04-23,Kezia Ndung'u,Verified,-1.38118,36.91637,Ea neque eligendi voluptatem iure minima sint ullam occaecati.,
FV-002382,BEN-01768,COHORT-TC-001,2026-07-10,Irene Wanjiku,Verified,-1.37248,36.7923,Dignissimos ipsa dolore minus provident.,True
FV-002383,BEN-01768,COHORT-TC-001,2026-07-01,Leonard Kimani,No Contact,-1.24464,36.87999,Labore cumque minus sint.,False
FV-002384,BEN-01768,COHORT-TC-001,2026-08-09,Lilian Nyambura,Verified,-1.21826,36.74862,Minima a consequuntur iusto quis quaerat iusto veniam autem.,
FV-002385,BEN-01770,COHORT-TC-001,22-May-2026,Dennis Waweru,Partially Verified,-1.34701,36.76217,Mollitia maiores quod iusto rerum.,
FV-002386,BEN-01770,COHORT-TC-001,2026-08-01,Eunice Nyambura,Referred,-1.25713,36.74894,Tempora perspiciatis soluta nihil voluptates dolorum.,False
FV-002387,BEN-01770,COHORT-TC-001,2026-03-18,Stephen Simiyu,partial,-1.36334,36.90116,Quod modi laborum saepe aliquam soluta nam autem temporibus.,
FV-002388,BEN-01771,COHORT-TC-001,2026-06-07,Brian Adhiambo,verified,-1.2235,36.79641,Reiciendis molestias perferendis quaerat facilis explicabo.,True
FV-002389,BEN-01772,COHORT-TC-001,2026-05-03,Amina Chebet,partial,-1.27005,36.85145,Adipisci cumque ducimus sint deserunt quisquam distinctio hic delectus.,
FV-002390,BEN-01773,COHORT-TC-001,2026-05-21,Felix Maina,Partially Verified,-1.1925,36.85223,Hic alias voluptatibus nobis quis mollitia.,True
FV-002391,BEN-01774,COHORT-TC-001,2026-06-11,Priscilla Mugo,Verified,-1.24931,36.90354,Ea pariatur accusantium reiciendis placeat explicabo ipsa porro doloribus.,True
FV-002392,BEN-01775,COHORT-TC-001,2026-03-16,Eunice Achieng,Verified,-1.33033,36.91505,Possimus velit velit at amet blanditiis illo error.,False
FV-002393,BEN-01775,COHORT-TC-001,2026-04-24,Zipporah Adhiambo,Verified,-1.3633,36.88892,Harum a unde dolor facilis voluptatem.,True
FV-002394,BEN-01776,COHORT-TC-001,2026-05-26,Irene Achieng,Partially Verified,-1.34044,36.8132,Quisquam tempora culpa sed praesentium possimus nulla sint neque enim.,True
FV-002395,BEN-01776,COHORT-TC-001,2026-06-14,Owen Awino,Verified,-1.22686,36.73293,Magnam dolore ab totam qui nobis repellat.,True
FV-002396,BEN-01777,COHORT-TC-002,2026-05-05,Mary Were,Verified,-4.11787,39.71512,Et dolorem corporis fuga.,False
FV-002397,BEN-01778,COHORT-TC-002,2026-05-02,Zipporah Odongo,Partially Verified,,39.60162,Fugiat quaerat quis quaerat voluptatibus.,True
FV-002398,BEN-01778,COHORT-TC-002,2026-03-25,Stephen Githinji,Verified,-4.04436,39.70274,Illo recusandae doloremque sint nostrum ex est.,True
FV-002399,BEN-01779,COHORT-TC-002,2026-03-25,Felix Maina,Partially Verified,-4.0295,39.63916,Atque eveniet reprehenderit sunt eius.,True
FV-002400,BEN-01779,COHORT-TC-002,2026-05-14,Eunice Owino,Partially Verified,-4.11332,39.61831,In quisquam culpa magni repellat ratione sequi commodi iusto.,True
FV-002401,BEN-01780,COHORT-TC-002,2026-05-06,Harrison Githinji,verified,,39.58485,Excepturi quia totam beatae molestias asperiores ipsum laudantium rem consequatur.,True
FV-002402,BEN-01780,COHORT-TC-002,2026-08-01,Queen Onyango,Verified,-4.00735,39.75186,Fuga natus magni exercitationem ea fugiat vel aliquid perferendis nisi.,True
FV-002403,BEN-01781,COHORT-TC-002,2026-04-24,Owen Mwangi,Verified,-3.9794,39.60331,Dolorem fugit corrupti ratione ipsa qui.,True
FV-002404,BEN-01783,COHORT-TC-002,2026-06-06,Caroline Njoroge,Verified,-3.96543,39.70609,Quo in iure consequuntur facere ipsam ad dignissimos.,False
FV-002405,BEN-01783,COHORT-TC-002,2026-04-14,Kendi Adhiambo,Partially Verified,-3.97904,39.70205,Iure facere rem quidem laboriosam voluptatum quibusdam laboriosam quam.,
FV-002406,BEN-01784,COHORT-TC-002,2026-05-06,Priscilla Otieno,Verified,-3.99845,39.57344,Atque et voluptatem minus quod suscipit.,True
FV-002407,BEN-01784,COHORT-TC-002,04-Aug-2026,Kezia Chebet,Partially Verified,-4.11156,39.70274,Reprehenderit saepe magnam eveniet itaque debitis amet.,False
FV-002408,BEN-01785,COHORT-TC-002,2026-07-15,Uchenna Njenga,Verified,-4.08787,39.66815,Cupiditate ea quibusdam placeat illo corporis iste nam rerum voluptatum.,True
FV-002409,BEN-01786,COHORT-TC-002,2026-05-31,Aisha Auma,verified,-4.05248,39.65079,Impedit dolorum ab officiis fugiat dignissimos laboriosam architecto rerum.,True
FV-002410,BEN-01788,COHORT-TC-002,2026-06-12,Nicholas Omondi,Verified,-4.12025,39.62264,Velit dignissimos molestias ullam labore porro.,True
FV-002411,BEN-01789,COHORT-TC-002,2026-05-01,Irene Ochieng,Verified,-4.0514,39.57458,Nobis dolor minus quam saepe non illo perferendis.,False
FV-002412,BEN-01789,COHORT-TC-002,2026-06-17,Hassan Kimani,Verified,-4.04413,39.61225,Reiciendis maxime vel voluptatibus nihil.,True
FV-002413,BEN-01790,COHORT-TC-002,2026-02-24,Hassan Were,No Contact,-4.09338,39.71967,Debitis possimus quod quod ea expedita ad.,True
FV-002414,BEN-01791,COHORT-TC-002,2026-08-11,Dennis Njoroge,Partially Verified,-4.00642,39.70007,Velit nobis corporis dicta in assumenda temporibus nisi ipsum veritatis.,True
FV-002415,BEN-01792,COHORT-TC-002,17-May-2026,Yvonne Nyambura,Partially Verified,-3.97475,39.61179,Et placeat qui illum.,
FV-002416,BEN-01792,COHORT-TC-002,2026-04-23,Stephen Ndung'u,Partially Verified,-3.94915,39.61196,Qui magnam sunt libero excepturi.,
FV-002417,BEN-01793,COHORT-TC-002,2026-03-06,Patrick Njoroge,Partially Verified,-4.1042,39.60429,Culpa sed nesciunt sint dolores quos ea.,
FV-002418,BEN-01793,COHORT-TC-002,2026-05-17,Yvonne Githinji,Verified,-3.97884,39.69799,Labore similique quibusdam consectetur quas debitis.,True
FV-002419,BEN-01793,COHORT-TC-002,2026-04-17,Tabitha Waweru,Verified,-4.0761,39.59686,Cupiditate officia laboriosam autem asperiores iure.,True
FV-002420,BEN-01795,COHORT-TC-002,2026-05-05,Xavier Kimani,partial,-4.06185,39.74891,Officiis laudantium non voluptas autem cum quod culpa.,True
FV-002421,BEN-01796,COHORT-TC-002,2026-03-29,Gladys Mutua,Verified,-4.10487,39.76151,Fuga enim saepe illo mollitia adipisci cupiditate aut incidunt neque.,
FV-002422,BEN-01796,COHORT-TC-002,2026-07-12,Eunice Waweru,partial,-4.10934,39.76005,Nesciunt rem deleniti tempore quia voluptatum.,False
FV-002423,BEN-01796,COHORT-TC-002,2026-07-28,James Chebet,Verified,-4.1129,39.64755,Recusandae accusamus voluptatum tempora delectus id libero aspernatur in ad.,True
FV-002424,BEN-01797,COHORT-TC-002,2026-08-13,Lilian Githinji,Verified,-3.96116,39.70375,Iste sunt quis ullam rem.,False
FV-002425,BEN-01797,COHORT-TC-002,2026-02-23,Rose Onyango,partial,-3.988,39.67661,Id deserunt suscipit aliquam exercitationem.,True
FV-002426,BEN-01798,COHORT-TC-002,2026-06-15,Zipporah Njoroge,no contact,-4.13443,39.74639,Velit enim dicta delectus.,False
FV-002427,BEN-01798,COHORT-TC-002,2026-04-28,Esther Kariuki,Verified,-4.08591,39.62312,Delectus totam fugiat dolore beatae repellat cum eius ipsam.,
FV-002428,BEN-01799,COHORT-TC-002,2026-07-06,Amina Kiprotich,Verified,-3.94901,39.683,Totam a dolore natus qui quidem eveniet.,
FV-002429,BEN-01800,COHORT-TC-002,17/08/2026,Irene Awino,Verified,-4.00937,39.56989,Culpa expedita quas repellendus mollitia.,
FV-002430,BEN-01801,COHORT-TC-002,2026-03-22,Joseph Maina,Verified,-3.95979,39.61231,Praesentium dolor non consectetur praesentium.,
FV-002431,BEN-01802,COHORT-TC-002,2026-03-04,Gladys Adhiambo,No Contact,-3.96394,39.62408,Debitis similique cum nemo reprehenderit dolore officiis error quo.,
FV-002432,BEN-01802,COHORT-TC-002,2026-08-17,Kendi Mugo,Partially Verified,,39.65963,Animi rerum quaerat iste officia reprehenderit iste cumque officia.,
FV-002433,BEN-01804,COHORT-TC-002,2026-05-07,Dennis Adhiambo,Verified,-4.05287,39.61964,Voluptate nihil eaque quibusdam nesciunt ad quam magni.,
FV-002434,BEN-01804,COHORT-TC-002,2026-08-11,Queen Ochieng,Partially Verified,-4.10355,39.73359,Ipsa repellendus in libero facilis impedit sit cumque molestias pariatur.,False
FV-002435,BEN-01805,COHORT-TC-002,2026-06-19,Olive Onyango,Verified,-3.95828,39.76221,Natus sapiente cupiditate aliquid delectus.,True
FV-002436,BEN-01805,COHORT-TC-002,2026-03-04,Kezia Kiprotich,Verified,,39.72462,Temporibus quod velit sunt dolores.,
FV-002437,BEN-01805,COHORT-TC-002,2026-04-11,Kendi Wangari,Verified,-4.11528,39.76536,Eius molestiae totam nesciunt cupiditate.,
FV-002438,BEN-01806,COHORT-TC-002,07-Jul-2026,Dennis Mwangi,Verified,-4.04736,39.64135,Expedita deserunt dignissimos ab cumque facere.,False
FV-002439,BEN-01806,COHORT-TC-002,2026-05-26,Queen Kiplagat,Partially Verified,-3.99888,39.75414,Culpa fugiat officiis ex sequi.,
FV-002440,BEN-01807,COHORT-TC-002,08-Aug-2026,Cynthia Simiyu,Verified,-3.99312,39.69572,Beatae suscipit dolorem excepturi eveniet.,True
FV-002441,BEN-01807,COHORT-TC-002,2026-07-21,Priscilla Kimani,Partially Verified,-4.02648,39.66923,Dolorem illo magnam mollitia nam.,True
FV-002442,BEN-01809,COHORT-TC-002,2026-06-18,Xavier Gichuki,Verified,-3.95416,39.6654,Numquam quidem doloribus soluta eos doloribus.,True
FV-002443,BEN-01809,COHORT-TC-002,2026-08-04,Aisha Mwangi,Verified,-4.04404,39.67858,Nihil consequatur repellat ad natus qui.,False
FV-002444,BEN-01809,COHORT-TC-002,2026-04-25,Stephen Njoroge,Verified,-3.97705,39.57471,Commodi rerum ratione quibusdam at sunt animi.,True
FV-002445,BEN-01811,COHORT-TC-002,2026-03-03,Boniface Otieno,Verified,-4.05902,39.70279,Quibusdam hic tenetur nostrum nostrum veritatis blanditiis doloribus.,True
FV-002446,BEN-01813,COHORT-TC-002,2026-03-04,Boniface Onyango,Verified,-4.04555,39.74744,Illo asperiores itaque nihil eius aperiam accusamus delectus quod.,
FV-002447,BEN-01813,COHORT-TC-002,2026-03-25,Maurice Musyoka,Verified,,39.75619,Odit necessitatibus temporibus exercitationem voluptates atque consequatur.,True
FV-002448,BEN-01814,COHORT-TC-002,2026-05-31,Caroline Kiprotich,Verified,-4.01597,39.61466,Ipsum praesentium aut fuga quam consectetur incidunt veritatis.,True
FV-002449,BEN-01814,COHORT-TC-002,05-Apr-2026,Aisha Simiyu,Partially Verified,-4.05815,39.59775,Et pariatur magni ullam dolorum aut temporibus praesentium tempora.,False
FV-002450,BEN-01814,COHORT-TC-002,18-May-2026,Nicholas Njoroge,partial,-4.02078,39.71661,Blanditiis repellat dolorem a nihil optio sunt temporibus et.,True
FV-002451,BEN-01815,COHORT-TC-002,2026-03-23,Cynthia Odongo,Verified,-4.12342,39.64046,Earum deleniti provident aperiam porro similique.,True
FV-002452,BEN-01815,COHORT-TC-002,2026-07-06,Wanjiku Wanjiku,Verified,-3.961,39.70094,Ab atque distinctio quo aut odit error pariatur.,
FV-002453,BEN-01816,COHORT-TC-002,2026-07-09,Joseph Chebet,Verified,-4.12655,39.58034,Maxime ipsam totam itaque consequuntur.,True
FV-002454,BEN-01816,COHORT-TC-002,2026-02-22,Eunice Achieng,Verified,-4.10275,39.71594,Non consectetur possimus dolorum consectetur voluptas magnam dolores repellendus.,False
FV-002455,BEN-01817,COHORT-TC-002,2026-04-07,Seun Otieno,Partially Verified,-4.02525,39.70901,Reiciendis eum ut recusandae nihil quasi voluptas esse molestiae laudantium inventore.,
FV-002456,BEN-01817,COHORT-TC-002,05/04/2026,Kendi Musyoka,Verified,-4.04081,39.59898,Repudiandae dicta distinctio doloremque cumque nihil nam explicabo.,
FV-002457,BEN-01818,COHORT-TC-002,2026-07-08,Kezia Owino,Verified,-3.99223,39.73732,Sit velit cumque iusto molestiae enim inventore animi.,
FV-002458,BEN-01818,COHORT-TC-002,2026-03-18,Caroline Kimani,No Contact,-4.0444,39.66628,Ex magnam quos quasi minus repudiandae molestiae voluptate eum ipsa.,False
FV-002459,BEN-01819,COHORT-TC-002,10-Mar-2026,Felix Auma,Verified,-3.94979,39.73929,Consequatur ratione accusantium magni id commodi nesciunt cumque esse.,False
FV-002460,BEN-01819,COHORT-TC-002,17-Aug-2026,Wanjiku Nyambura,No Contact,-3.94919,39.65441,Similique odit eum fuga ratione hic.,
FV-002461,BEN-01820,COHORT-TC-002,2026-06-16,Quinton Odongo,Referred,-4.07955,39.68763,Culpa delectus expedita quidem modi explicabo recusandae ut illo quidem.,True
FV-002462,BEN-01821,COHORT-TC-002,2026-07-22,Olive Njenga,No Contact,,39.6334,Ipsum mollitia deleniti quis sunt officia at.,
FV-002463,BEN-01821,COHORT-TC-002,2026-06-21,Raphael Omondi,Verified,,39.61113,Recusandae doloribus earum enim nemo nisi.,
FV-002464,BEN-01822,COHORT-TC-002,2026-08-06,Wanjiku Kimani,Referred,-4.09441,39.60431,Non omnis hic rerum.,False
FV-002465,BEN-01823,COHORT-TC-002,2026-07-26,Nancy Mugo,Verified,-4.00029,39.57509,Aliquam illum a ullam tempora repudiandae amet neque inventore.,True
FV-002466,BEN-01827,COHORT-TC-002,2026-08-11,Amina Mutinda,Partially Verified,-4.04443,39.63736,Architecto saepe officia accusantium doloremque asperiores.,False
FV-002467,BEN-01828,COHORT-TC-002,2026-03-23,Raphael Simiyu,Verified,-4.01938,39.60213,Nemo doloribus quis molestiae debitis.,False
FV-002468,BEN-01828,COHORT-TC-002,2026-02-22,Mary Were,Verified,-4.06158,39.68326,Error iure assumenda nihil fugit ab.,True
FV-002469,BEN-01829,COHORT-TC-002,2026-08-20,Quinton Wangari,Partially Verified,-3.9915,39.58662,In accusantium minus itaque omnis.,True
FV-002470,BEN-01829,COHORT-TC-002,2026-05-02,Rose Omondi,Partially Verified,-3.96005,39.64635,Id id unde quibusdam rerum amet voluptate sit.,
FV-002471,BEN-01829,COHORT-TC-002,2026-03-04,Raphael Kariuki,Verified,-4.14108,39.74278,Eligendi provident quae explicabo accusamus eveniet iure dicta.,False
FV-002472,BEN-01830,COHORT-TC-002,2026-04-25,Aisha Awino,Partially Verified,-3.96169,39.68369,At repudiandae omnis similique perferendis dignissimos sint dicta illum.,True
FV-002473,BEN-01830,COHORT-TC-002,2026-07-25,Esther Kiplagat,Verified,-4.10537,39.57443,Officia recusandae ea quae.,True
FV-002474,BEN-01830,COHORT-TC-002,2026-04-06,Queen Mwangi,Verified,-4.08675,39.64526,Error vel quaerat harum eius repellendus blanditiis quibusdam itaque.,True
FV-002475,BEN-01831,COHORT-TC-002,2026-03-02,Raphael Owino,Verified,-4.05781,39.74953,Iusto tempora minima labore in ullam adipisci similique dignissimos.,True
FV-002476,BEN-01832,COHORT-TC-002,2026-04-19,Yvonne Odongo,Verified,-3.96731,39.6144,Non debitis voluptate reprehenderit sunt repellat labore.,True
FV-002477,BEN-01832,COHORT-TC-002,2026-03-03,Tabitha Awino,No Contact,-4.13654,39.61862,Aut mollitia accusantium assumenda sed nulla natus cupiditate.,True
FV-002478,BEN-01834,COHORT-TC-002,2026-07-09,Raphael Auma,Partially Verified,-4.09216,39.76221,Aliquam cumque nam ipsum eaque eaque.,
FV-002479,BEN-01835,COHORT-TC-002,2026-08-08,Xavier Njenga,No Contact,-4.06729,39.61566,Cumque eaque incidunt excepturi deserunt reprehenderit nemo ipsum quis.,False
FV-002480,BEN-01835,COHORT-TC-002,09/03/2026,Eunice Gichuki,Verified,-4.0387,39.63373,Cumque soluta quo fuga.,
FV-002481,BEN-01836,COHORT-TC-002,2026-06-06,Esther Simiyu,No Contact,-4.12884,39.63286,Fugiat quis in necessitatibus eligendi iusto dicta.,False
FV-002482,BEN-01836,COHORT-TC-002,2026-03-26,Leonard Mutua,Referred,-4.06201,39.76188,Quasi eaque officiis voluptatem a excepturi magnam excepturi suscipit.,
FV-002483,BEN-01837,COHORT-TC-002,2026-02-27,Hassan Musyoka,partial,-4.02899,39.75447,Quia eaque at quas doloremque quos nobis saepe adipisci.,
FV-002484,BEN-01837,COHORT-TC-002,2026-06-20,Tabitha Njenga,Verified,-4.01389,39.72296,Labore aspernatur perferendis amet laborum officia illum.,
FV-002485,BEN-01838,COHORT-TC-002,2026-08-14,Owen Kiprotich,Verified,-4.0317,39.74701,Eos iste vero minima eius.,False
FV-002486,BEN-01838,COHORT-TC-002,2026-05-09,James Njoroge,Verified,-4.0891,39.63015,Amet quas aspernatur quibusdam sapiente vitae expedita impedit tempore.,True
FV-002487,BEN-01839,COHORT-TC-002,2026-05-19,Amina Mwangi,Verified,-4.12596,39.66068,Consectetur soluta quidem illo unde temporibus quos facilis error.,
FV-002488,BEN-01839,COHORT-TC-002,07/07/2026,Mary Kiplagat,Referred,-4.03443,39.6009,Maxime repellendus quia necessitatibus vel.,
FV-002489,BEN-01839,COHORT-TC-002,2026-06-02,Tabitha Mutinda,Verified,-3.95426,39.76522,Iste unde cumque sapiente accusamus maxime.,False
FV-002490,BEN-01840,COHORT-TC-002,2026-05-15,Harrison Kariuki,Partially Verified,-4.04962,39.57549,Aliquam iste sapiente natus accusantium voluptate facilis quidem.,True
FV-002491,BEN-01841,COHORT-TC-002,2026-05-06,Caroline Musyoka,partial,-4.00285,39.70463,Alias tempore dolorem dolorum eaque incidunt magni distinctio id.,True
FV-002492,BEN-01841,COHORT-TC-002,2026-05-01,Mary Njenga,Referred,-3.949,39.72695,Pariatur ad illo praesentium suscipit blanditiis ut delectus delectus.,True
FV-002493,BEN-01842,COHORT-TC-002,2026-03-09,Boniface Were,No Contact,-4.09604,39.69885,Suscipit labore nemo eligendi aspernatur accusamus maiores magni.,False
FV-002494,BEN-01842,COHORT-TC-002,2026-03-19,Hassan Chebet,Verified,-4.13541,39.7658,Inventore dolor quis perspiciatis repellat aliquid iusto dignissimos impedit.,True
FV-002495,BEN-01844,COHORT-TC-002,2026-04-08,Harrison Njenga,No Contact,-4.11364,39.62892,Perspiciatis cumque maiores nulla sed quidem voluptates.,
FV-002496,BEN-01845,COHORT-TC-002,2026-03-30,Joseph Adhiambo,Partially Verified,-3.99145,39.76778,Quia et voluptatibus eum accusantium.,True
FV-002497,BEN-01845,COHORT-TC-002,2026-07-27,Grace Njenga,Verified,-3.98825,39.63892,Necessitatibus consequuntur blanditiis iste ea sequi in.,False
FV-002498,BEN-01845,COHORT-TC-002,2026-05-25,Yvonne Kamau,no contact,-4.00352,39.73571,Molestias illo quam adipisci hic.,True
FV-002499,BEN-01847,COHORT-TC-002,2026-07-11,Leonard Omondi,No Contact,-3.95843,39.70761,Saepe quis illo cum ut perspiciatis.,True
FV-002500,BEN-01848,COHORT-TC-002,2026-04-26,Caroline Njoroge,Verified,-4.04288,39.71584,Labore velit neque debitis.,True
FV-002501,BEN-01848,COHORT-TC-002,2026-04-09,Yvonne Odongo,Partially Verified,-4.05482,39.76095,Saepe aspernatur voluptatum repellendus ut laudantium natus in eum sunt.,
FV-002502,BEN-01849,COHORT-TC-002,2026-06-16,Olive Ochieng,Verified,-4.09616,39.57083,Quo doloremque at qui ullam modi.,False
FV-002503,BEN-01849,COHORT-TC-002,2026-06-18,Felix Kamau,Verified,-3.99898,39.65621,Nostrum cupiditate nesciunt culpa dignissimos possimus modi.,False
FV-002504,BEN-01850,COHORT-TC-002,2026-05-22,Cynthia Waweru,Partially Verified,-3.95556,39.74502,Voluptas assumenda quo vero esse voluptatibus nobis.,
FV-002505,BEN-01850,COHORT-TC-002,2026-05-11,Yvonne Njenga,Verified,-4.10111,39.60816,Beatae facere natus voluptatem.,
FV-002506,BEN-01851,COHORT-TC-002,2026-05-15,Xavier Chebet,Partially Verified,-3.99721,39.7508,Ad fugit debitis nulla reprehenderit ipsa a ea non.,False
FV-002507,BEN-01851,COHORT-TC-002,13-Aug-2026,Kendi Mugo,No Contact,-4.10653,39.68186,Vero earum natus maiores quod omnis.,False
FV-002508,BEN-01852,COHORT-TC-002,2026-04-15,Raphael Gichuki,Verified,-4.08501,39.69508,Repellat possimus quos possimus reprehenderit asperiores quam.,False
FV-002509,BEN-01853,COHORT-TC-002,2026-03-30,Mary Gichuki,Partially Verified,,39.7415,Impedit magnam unde harum fugiat.,
FV-002510,BEN-01854,COHORT-TC-002,2026-07-01,Nancy Awino,partial,-4.12657,39.63454,Optio perspiciatis exercitationem officia neque quidem temporibus.,True
FV-002511,BEN-01854,COHORT-TC-002,2026-07-16,Felix Mutua,no contact,,39.57182,Aut officiis dolorum quo ullam.,False
FV-002512,BEN-01855,COHORT-TC-002,2026-07-18,Quinton Waweru,Verified,-4.08233,39.63949,Temporibus omnis at a vel quo.,True
FV-002513,BEN-01857,COHORT-TC-002,2026-03-18,Priscilla Auma,Verified,-4.06612,39.56988,Labore vel voluptate impedit error.,False
FV-002514,BEN-01858,COHORT-TC-002,2026-03-04,Raphael Gichuki,Verified,-4.03137,39.60283,Sunt dignissimos maiores molestiae maxime tempore vero aperiam culpa.,False
FV-002515,BEN-01858,COHORT-TC-002,2026-04-13,Zipporah Njoroge,Verified,-4.02099,39.63896,Minus nobis impedit cupiditate sit eos.,False
FV-002516,BEN-01859,COHORT-TC-002,09-Jun-2026,Tabitha Gichuki,Verified,-4.026,39.63088,Sapiente eveniet veniam optio accusantium corporis magni.,True
FV-002517,BEN-01859,COHORT-TC-002,2026-06-26,Gladys Mutua,No Contact,-3.94584,39.60021,Vitae veritatis delectus officia occaecati at in a vel placeat.,True
FV-002518,BEN-01860,COHORT-TC-002,2026-05-27,Raphael Mutinda,Verified,-3.99558,39.70694,Sunt harum beatae reiciendis illo consequatur nam minus sapiente dolores.,
FV-002519,BEN-01860,COHORT-TC-002,22/06/2026,Caroline Mugo,Verified,-4.05034,39.76533,Itaque odio rem voluptatibus in perferendis.,
FV-002520,BEN-01860,COHORT-TC-002,2026-05-08,Dennis Auma,Referred,-4.01622,39.61306,Eligendi dolor rem fugit officiis odit ex.,
FV-002521,BEN-01861,COHORT-TC-002,2026-07-05,Esther Njoroge,No Contact,-4.00783,39.74918,Perspiciatis soluta tempore aspernatur ab quia repellat ut consequuntur cum.,
FV-002522,BEN-01861,COHORT-TC-002,2026-06-09,Nancy Kimani,Verified,-3.95653,39.7057,Dolor nisi nesciunt vel culpa dolore facilis ab.,
FV-002523,BEN-01864,COHORT-TC-002,2026-05-25,Eunice Omondi,Verified,-4.11762,39.68782,Tenetur necessitatibus illo repellendus provident dolorum fugiat quis a ullam.,False
FV-002524,BEN-01865,COHORT-TC-002,2026-07-17,Harrison Adhiambo,verified,-4.08073,39.62469,Doloribus et sapiente tempora est explicabo dolore.,False
FV-002525,BEN-01867,COHORT-TC-002,2026-05-13,Raphael Odongo,Verified,-3.98009,39.67427,Ducimus quidem praesentium repellendus ratione quod eius accusamus doloribus.,False
FV-002526,BEN-01867,COHORT-TC-002,2026-07-10,Gladys Achieng,Verified,-4.08688,39.68592,Repudiandae earum soluta magni corporis explicabo quaerat iste.,True
FV-002527,BEN-01868,COHORT-TC-002,2026-08-18,Nancy Nyambura,Partially Verified,-3.99513,39.64543,Dolorum fuga vel id corrupti deserunt consectetur incidunt fugit.,False
FV-002528,BEN-01868,COHORT-TC-002,08-Mar-2026,Caroline Owino,Verified,-3.96126,39.68819,Nobis numquam minus eligendi asperiores fuga est repellendus voluptas.,
FV-002529,BEN-01868,COHORT-TC-002,2026-04-27,Gladys Ndung'u,Verified,-3.97998,39.59483,Consequatur amet ducimus non harum cumque.,True
FV-002530,BEN-01869,COHORT-TC-002,2026-04-19,Grace Nyambura,Verified,-4.10462,39.61491,Natus consectetur fugit id vitae veniam necessitatibus illum.,True
FV-002531,BEN-01870,COHORT-TC-002,2026-03-27,Aisha Kiprotich,verified,-4.07499,39.68328,Tempora fugiat voluptates tenetur veniam omnis.,
FV-002532,BEN-01871,COHORT-TC-002,2026-06-06,Quinton Onyango,No Contact,-4.01142,39.61448,Nihil qui ratione quasi dolorum eum.,
FV-002533,BEN-01871,COHORT-TC-002,2026-07-19,Yvonne Wanjiku,No Contact,-3.9603,39.69062,Quasi sint id maiores quae iste deleniti totam inventore error.,False
FV-002534,BEN-01871,COHORT-TC-002,2026-04-05,Wanjiku Adhiambo,no contact,-3.98892,39.74323,Ducimus cupiditate minima sint dolorum non doloribus.,True
FV-002535,BEN-01872,COHORT-TC-002,2026-06-21,Wanjiku Omondi,Verified,-4.10441,39.74895,Dicta minus deleniti quisquam assumenda voluptatibus illo adipisci.,
FV-002536,BEN-01873,COHORT-TC-003,2026-07-11,Yvonne Owino,Partially Verified,-0.23896,36.06841,Enim amet voluptatem praesentium ut.,False
FV-002537,BEN-01874,COHORT-TC-003,2026-07-24,Cynthia Simiyu,Partially Verified,-0.22717,36.15946,Saepe quam velit vero esse officiis.,True
FV-002538,BEN-01874,COHORT-TC-003,2026-05-26,Maurice Onyango,Verified,-0.27002,36.10631,Sequi sit quasi natus dolor blanditiis dignissimos.,False
FV-002539,BEN-01874,COHORT-TC-003,2026-06-25,Quinton Omondi,Partially Verified,-0.21088,36.04464,Libero corrupti odio molestiae consequatur nihil molestiae officia rerum fugit.,True
FV-002540,BEN-01875,COHORT-TC-003,2026-03-24,Raphael Simiyu,Verified,-0.29422,36.03798,Quia pariatur possimus error accusamus numquam.,False
FV-002541,BEN-01876,COHORT-TC-003,2026-04-08,Olive Mutinda,Verified,-0.22242,36.12524,Animi delectus excepturi doloremque necessitatibus laborum.,
FV-002542,BEN-01877,COHORT-TC-003,2026-05-23,James Kamau,Verified,-0.3914,36.00149,Incidunt velit aut velit nam nulla commodi vel velit.,False
FV-002543,BEN-01878,COHORT-TC-003,2026-05-02,Brian Chebet,Verified,-0.25816,36.01133,Ullam voluptatem alias voluptates fuga modi sunt assumenda omnis doloribus.,
FV-002544,BEN-01878,COHORT-TC-003,2026-07-12,David Wangari,Partially Verified,-0.35872,36.00223,Ipsum illum aut minima.,
FV-002545,BEN-01879,COHORT-TC-003,2026-04-25,Maurice Githinji,Verified,-0.30728,36.17244,Ex laboriosam quidem officiis quasi vitae enim sed est recusandae.,
FV-002546,BEN-01879,COHORT-TC-003,2026-05-02,Cynthia Waweru,Verified,-0.25016,36.00108,Laudantium blanditiis cum dolorem asperiores deserunt optio.,True
FV-002547,BEN-01880,COHORT-TC-003,2026-06-18,Wanjiku Mugo,Verified,-0.25118,36.14062,Sed atque amet laudantium deserunt cumque libero voluptas.,False
FV-002548,BEN-01880,COHORT-TC-003,2026-03-19,Leonard Chebet,Partially Verified,-0.23045,35.98305,Dolorem assumenda nemo optio vitae.,True
FV-002549,BEN-01883,COHORT-TC-003,2026-05-03,Amina Kimani,No Contact,-0.31825,36.03216,Possimus rerum quia nesciunt quam nihil.,
FV-002550,BEN-01884,COHORT-TC-003,2026-08-16,Violet Musyoka,Verified,-0.28474,35.98236,Laborum distinctio aliquam error delectus eos voluptatum eius ipsum mollitia.,True
FV-002551,BEN-01886,COHORT-TC-003,2026-05-26,Grace Mutua,No Contact,-0.25956,36.05941,Quod laudantium ad quibusdam.,False
FV-002552,BEN-01891,COHORT-TC-003,2026-06-18,Boniface Njenga,Partially Verified,-0.30256,36.16985,Impedit consectetur dolorem voluptates ullam suscipit porro iusto eum quod.,
FV-002553,BEN-01891,COHORT-TC-003,2026-05-15,Lilian Adhiambo,Verified,-0.34229,35.98028,Architecto iusto alias ullam nam quos facere laboriosam dolores omnis.,
FV-002554,BEN-01891,COHORT-TC-003,2026-05-10,Caroline Kiprotich,Partially Verified,-0.20422,36.03662,Nihil aspernatur explicabo deserunt ducimus non asperiores recusandae magni exercitationem.,True
FV-002555,BEN-01892,COHORT-TC-003,21/06/2026,Quinton Waweru,Verified,-0.30239,35.98773,Quia quas repellat eum saepe ea quaerat nulla pariatur dolorum.,False
FV-002556,BEN-01893,COHORT-TC-003,2026-06-21,Quinton Adhiambo,Verified,-0.2431,36.17425,Ullam aliquid laudantium labore amet.,
FV-002557,BEN-01894,COHORT-TC-003,01/05/2026,Maurice Musyoka,Verified,-0.31219,36.05613,Nesciunt tempora reiciendis quaerat.,True
FV-002558,BEN-01894,COHORT-TC-003,22-Feb-2026,Kendi Mugo,Verified,-0.30062,36.06222,Tempora blanditiis eius accusantium quis nobis ratione molestias.,
FV-002559,BEN-01896,COHORT-TC-003,2026-08-17,Seun Kamau,Verified,-0.26379,36.04694,Aspernatur molestiae perspiciatis nihil hic cum.,
FV-002560,BEN-01896,COHORT-TC-003,2026-07-18,Violet Gichuki,Verified,-0.30838,36.08025,Dolores fuga reprehenderit mollitia placeat.,False
FV-002561,BEN-01896,COHORT-TC-003,2026-08-08,Felix Adhiambo,Verified,-0.29932,36.01589,Occaecati possimus accusantium ipsam molestiae corrupti eum.,False
FV-002562,BEN-01897,COHORT-TC-003,2026-07-03,Grace Odongo,Verified,-0.25448,36.08194,Praesentium at temporibus eligendi ipsa nobis sint quam exercitationem impedit.,True
FV-002563,BEN-01898,COHORT-TC-003,2026-05-07,Violet Chebet,no contact,-0.36921,36.15226,Animi deleniti voluptates error sed magnam.,False
FV-002564,BEN-01898,COHORT-TC-003,2026-06-20,Mary Awino,Verified,-0.25857,36.04396,Tempore quis saepe laborum magni vitae nam voluptatibus aliquam.,
FV-002565,BEN-01898,COHORT-TC-003,2026-03-03,Francis Achieng,Verified,-0.39731,36.08807,Aliquam perspiciatis blanditiis praesentium at saepe.,True
FV-002566,BEN-01899,COHORT-TC-003,24/04/2026,Aisha Gichuki,Verified,-0.2571,35.98452,Suscipit eligendi dolore at perspiciatis tenetur repellat fugiat atque modi mollitia.,False
FV-002567,BEN-01899,COHORT-TC-003,2026-03-20,Tabitha Kiprotich,Verified,-0.38623,36.1779,Aliquid cum id delectus blanditiis nisi illo eos iste placeat.,
FV-002568,BEN-01900,COHORT-TC-003,2026-04-28,Eunice Simiyu,Verified,-0.35416,36.01072,Corporis et nobis iusto ab labore.,
FV-002569,BEN-01901,COHORT-TC-003,27-Mar-2026,Francis Nyambura,Verified,-0.20315,36.04888,Facilis eius laboriosam praesentium ratione sint perspiciatis.,
FV-002570,BEN-01901,COHORT-TC-003,2026-06-05,Dennis Githinji,no contact,-0.31108,36.09039,Ullam tempora aspernatur quibusdam enim quia.,False
FV-002571,BEN-01901,COHORT-TC-003,2026-03-16,Felix Wanjiku,Partially Verified,-0.37547,36.05982,Nemo quas nemo in recusandae rem voluptatum consequatur illum dolorum praesentium.,False
FV-002572,BEN-01904,COHORT-TC-003,2026-05-01,Zipporah Adhiambo,Verified,-0.24423,35.99615,Fugiat a doloremque accusamus quibusdam asperiores modi accusamus fugiat repellat.,False
FV-002573,BEN-01904,COHORT-TC-003,2026-05-14,Kendi Ndung'u,Verified,-0.33983,36.04959,Ab tenetur maxime aliquid unde amet dolores id dolores.,
FV-002574,BEN-01905,COHORT-TC-003,2026-05-29,Rose Musyoka,Partially Verified,-0.257,36.09164,Fuga consectetur minus odit.,
FV-002575,BEN-01906,COHORT-TC-003,2026-06-14,Quinton Chebet,Partially Verified,-0.24705,36.07529,Eaque ab molestias blanditiis similique nesciunt nihil voluptates animi.,False
FV-002576,BEN-01906,COHORT-TC-003,2026-05-21,James Gichuki,Verified,-0.34471,36.16213,Odit corporis consequatur non excepturi porro quisquam.,
FV-002577,BEN-01907,COHORT-TC-003,2026-07-30,Nicholas Auma,Referred,-0.31795,36.15017,Quidem necessitatibus possimus facilis similique nemo repudiandae voluptas aliquam.,True
FV-002578,BEN-01908,COHORT-TC-003,2026-08-12,Irene Ndung'u,Verified,-0.38369,36.05724,Quaerat inventore consequatur vitae expedita repellendus laudantium eos eum repellat voluptatem.,
FV-002579,BEN-01909,COHORT-TC-003,2026-05-13,Cynthia Odongo,Verified,-0.29423,35.99087,Veritatis aliquam enim nam non possimus unde dolore at nam.,True
FV-002580,BEN-01910,COHORT-TC-003,2026-05-23,Tabitha Kariuki,Verified,-0.27344,36.01517,Natus quaerat nisi expedita expedita distinctio suscipit sapiente quis id illo.,True
FV-002581,BEN-01911,COHORT-TC-003,2026-06-11,Esther Otieno,Partially Verified,-0.28489,35.98118,Nisi placeat corrupti laudantium libero et.,
FV-002582,BEN-01911,COHORT-TC-003,2026-02-27,Aisha Rotich,Verified,-0.33068,36.16567,Fugit doloremque repellat aut in consequuntur molestiae adipisci.,
FV-002583,BEN-01912,COHORT-TC-003,2026-04-10,Cynthia Kiplagat,No Contact,-0.24128,36.14248,Eos sint culpa in.,False
FV-002584,BEN-01913,COHORT-TC-003,2026-04-26,Nicholas Kiplagat,verified,-0.39296,36.07826,Accusamus deserunt reiciendis aperiam magnam ad fugiat dicta.,
FV-002585,BEN-01914,COHORT-TC-003,2026-03-19,Leonard Onyango,Verified,-0.24172,36.07551,Architecto dolorem quas veritatis.,True
FV-002586,BEN-01914,COHORT-TC-003,13/06/2026,Felix Nyambura,Partially Verified,-0.3141,36.11644,Libero atque incidunt expedita ipsam aperiam consectetur ducimus asperiores.,False
FV-002587,BEN-01915,COHORT-TC-003,2026-05-21,Yvonne Wangari,Partially Verified,-0.26635,36.04478,Nihil esse necessitatibus animi fugiat eaque quia.,True
FV-002588,BEN-01915,COHORT-TC-003,2026-04-10,Nancy Gichuki,Verified,-0.29387,36.03728,Atque repellat possimus voluptates iusto amet.,True
FV-002589,BEN-01916,COHORT-TC-003,2026-04-06,Tabitha Waweru,Referred,-0.24565,36.02934,Commodi ut aspernatur officia minima nemo id vitae vel.,
FV-002590,BEN-01916,COHORT-TC-003,2026-02-26,Esther Kariuki,Partially Verified,-0.3043,36.00813,Neque inventore harum commodi doloremque sunt quae libero.,True
FV-002591,BEN-01917,COHORT-TC-003,2026-03-02,Boniface Omondi,Partially Verified,-0.39697,36.08474,Perferendis itaque molestias ab placeat aliquid delectus doloribus quia laboriosam labore.,False
FV-002592,BEN-01917,COHORT-TC-003,2026-08-01,James Rotich,Verified,-0.32605,35.99641,Molestiae doloribus ab odit natus.,
FV-002593,BEN-01917,COHORT-TC-003,2026-04-15,Mary Mugo,No Contact,-0.3769,36.03927,Ad facere laborum dolor sed corporis.,
FV-002594,BEN-01918,COHORT-TC-003,2026-03-20,Leonard Rotich,Verified,-0.37578,36.09163,Praesentium distinctio placeat distinctio voluptatum illo ea delectus natus consequatur.,False
FV-002595,BEN-01919,COHORT-TC-003,2026-08-06,Grace Ndung'u,Verified,,36.0786,Quis repellendus vel tempore itaque nulla nisi.,True
FV-002596,BEN-01919,COHORT-TC-003,2026-05-30,Amina Njoroge,Verified,-0.32083,36.15054,Ea ipsa ullam numquam quae dolore.,True
FV-002597,BEN-01919,COHORT-TC-003,2026-03-25,Brian Gichuki,Verified,-0.35377,36.13266,Sint officiis aliquid dolores delectus nemo dolorum voluptatibus aperiam nulla.,True
FV-002598,BEN-01920,COHORT-TC-003,2026-06-17,Brian Were,Verified,-0.26037,36.08492,Quis cupiditate eius consequuntur vero libero architecto.,True
FV-002599,BEN-01921,COHORT-TC-003,2026-08-10,Queen Kiplagat,No Contact,-0.38474,36.0286,Minima suscipit ab perferendis ex eum assumenda sapiente porro consectetur.,
FV-002600,BEN-01921,COHORT-TC-003,2026-02-28,Caroline Kiplagat,Partially Verified,-0.22013,36.17542,Animi unde eum necessitatibus non architecto mollitia dolore.,False
FV-002601,BEN-01922,COHORT-TC-003,2026-04-17,Kendi Musyoka,Verified,-0.29196,36.01272,A rerum ratione voluptates distinctio.,
FV-002602,BEN-01923,COHORT-TC-003,2026-05-20,Eunice Kamau,Verified,-0.32403,36.07794,Delectus quis voluptatibus quam corrupti consectetur.,True
FV-002603,BEN-01923,COHORT-TC-003,2026-08-09,Caroline Githinji,partial,-0.29238,35.98329,Iusto dolor vel impedit quas praesentium alias id ut.,
FV-002604,BEN-01924,COHORT-TC-003,2026-04-10,Eunice Chebet,Verified,,35.98186,Adipisci rem a nam amet fugiat alias nostrum cumque.,
FV-002605,BEN-01925,COHORT-TC-003,2026-07-18,Rose Were,Verified,-0.20409,36.02213,Recusandae consequatur enim quas alias labore provident quas consequatur.,
FV-002606,BEN-01926,COHORT-TC-003,2026-05-16,Francis Chebet,Verified,-0.28533,36.06877,Earum perferendis sit labore quis magni incidunt in fuga.,False
FV-002607,BEN-01927,COHORT-TC-003,2026-07-04,Maurice Achieng,No Contact,,36.11472,Sapiente inventore cum sapiente.,False
FV-002608,BEN-01927,COHORT-TC-003,2026-04-30,Esther Omondi,Partially Verified,-0.20747,36.1028,Provident deleniti magni voluptatem odio recusandae velit.,False
FV-002609,BEN-01928,COHORT-TC-003,2026-06-15,Uchenna Chebet,Verified,-0.33553,35.98876,Veniam quas eligendi ipsum et laborum nesciunt.,
FV-002610,BEN-01928,COHORT-TC-003,2026-05-30,David Wanjiku,Verified,-0.4007,36.14262,Minima dolor nesciunt quo perspiciatis.,
FV-002611,BEN-01929,COHORT-TC-003,2026-04-23,Kendi Mwangi,No Contact,-0.23753,36.10396,Saepe provident sapiente nisi aspernatur nisi provident incidunt nihil nulla.,False
FV-002612,BEN-01929,COHORT-TC-003,2026-05-15,Brian Gichuki,Verified,-0.37415,36.06397,Repellendus accusamus eligendi praesentium optio corporis impedit sit.,True
FV-002613,BEN-01930,COHORT-TC-003,2026-07-10,James Otieno,No Contact,-0.38167,35.99585,Dolor consectetur dolore nihil tempora aut aut.,True
FV-002614,BEN-01931,COHORT-TC-003,2026-05-25,Dennis Kariuki,partial,-0.38611,36.09752,Nesciunt vel modi officiis optio tenetur eveniet enim ut dolorem.,
FV-002615,BEN-01932,COHORT-TC-003,2026-07-04,Quinton Musyoka,No Contact,-0.36841,36.12386,A asperiores placeat ipsa.,False
FV-002616,BEN-01933,COHORT-TC-003,2026-07-01,Lilian Otieno,verified,-0.27621,35.99099,Consequuntur deserunt nihil minus totam vel.,
FV-002617,BEN-01933,COHORT-TC-003,13/05/2026,Felix Were,Verified,-0.2708,36.07642,Cupiditate suscipit odio exercitationem quaerat quia possimus.,True
FV-002618,BEN-01934,COHORT-TC-003,2026-07-19,David Kiprotich,Verified,-0.31416,36.06382,Sed quo minima tenetur consectetur.,False
FV-002619,BEN-01936,COHORT-TC-003,2026-05-03,Priscilla Waweru,No Contact,-0.21964,36.02584,Minima molestias laboriosam ex molestias sed architecto minima fugit.,
FV-002620,BEN-01936,COHORT-TC-003,2026-08-11,Rose Mwangi,Verified,-0.23227,36.17218,Voluptates dicta quam nemo fuga.,True
FV-002621,BEN-01937,COHORT-TC-003,2026-04-03,Owen Njoroge,Verified,-0.21759,36.0263,Iusto voluptatem nobis voluptas voluptas hic quidem.,True
FV-002622,BEN-01937,COHORT-TC-003,2026-07-11,Eunice Awino,Verified,-0.34442,36.00346,Maiores placeat numquam necessitatibus reiciendis deserunt perspiciatis dolores.,False
FV-002623,BEN-01938,COHORT-TC-003,2026-07-12,Xavier Waweru,Referred,-0.38035,36.00975,Sequi similique ipsam dicta.,False
FV-002624,BEN-01939,COHORT-TC-003,2026-05-17,Maurice Waweru,Verified,-0.23443,36.17392,Amet molestiae nemo consequuntur assumenda id.,True
FV-002625,BEN-01940,COHORT-TC-003,2026-08-20,Francis Rotich,Partially Verified,-0.34402,36.01182,Aut eum tempore quasi.,False
FV-002626,BEN-01941,COHORT-TC-003,2026-05-23,Esther Maina,Verified,-0.35214,36.1414,Illo eius libero unde veniam eum quibusdam facere laudantium.,False
FV-002627,BEN-01942,COHORT-TC-003,2026-04-21,Uchenna Maina,Verified,-0.30557,36.08454,Voluptatibus cupiditate iusto earum ab.,False
FV-002628,BEN-01942,COHORT-TC-003,2026-08-18,Olive Rotich,Verified,-0.24428,36.17649,Minima excepturi ratione impedit minus consequatur placeat facere.,True
FV-002629,BEN-01942,COHORT-TC-003,2026-04-06,Xavier Auma,Verified,-0.36409,36.16662,Fugit ducimus autem cupiditate ducimus esse architecto maiores nostrum.,
FV-002630,BEN-01943,COHORT-TC-003,2026-08-10,Tabitha Kamau,Referred,-0.35434,36.01132,A reiciendis rerum dicta illo modi incidunt.,False
FV-002631,BEN-01943,COHORT-TC-003,2026-07-24,Cynthia Nyambura,No Contact,-0.27932,36.01845,Quod saepe reprehenderit sint quas iste vero illum aliquid numquam.,
FV-002632,BEN-01943,COHORT-TC-003,2026-05-07,Leonard Wanjiku,Verified,-0.3345,36.0776,Culpa distinctio officia aperiam aliquid possimus quasi.,False
FV-002633,BEN-01945,COHORT-TC-003,2026-08-08,Stephen Maina,Verified,-0.36211,36.12111,Nostrum modi adipisci non sit quia distinctio pariatur accusamus quo.,False
FV-002634,BEN-01945,COHORT-TC-003,2026-03-28,Felix Achieng,No Contact,-0.29489,36.13099,Reprehenderit labore laborum sapiente reprehenderit.,
FV-002635,BEN-01946,COHORT-TC-003,2026-02-26,Seun Njoroge,Verified,-0.38734,36.17624,Soluta consequatur earum voluptatibus nam autem facere non minima error.,True
FV-002636,BEN-01946,COHORT-TC-003,2026-03-02,Zipporah Onyango,Verified,-0.22827,36.07983,Iure explicabo quo quibusdam laudantium.,
FV-002637,BEN-01947,COHORT-TC-003,2026-07-02,Dennis Chebet,Verified,-0.2696,36.11133,Voluptate accusamus eum odit veritatis nemo perspiciatis suscipit nesciunt occaecati.,False
FV-002638,BEN-01947,COHORT-TC-003,2026-07-25,Owen Wanjiku,Verified,-0.25942,35.98991,Aliquid omnis inventore cumque nulla earum officiis repellat aliquid doloremque.,True
FV-002639,BEN-01948,COHORT-TC-003,2026-07-19,Francis Rotich,Verified,-0.32294,35.99144,Explicabo minus voluptate consequuntur maxime.,True
FV-002640,BEN-01948,COHORT-TC-003,2026-05-22,Caroline Musyoka,Verified,-0.24281,36.04618,Sapiente accusantium deleniti est aliquam atque quia pariatur iusto minus itaque.,False
FV-002641,BEN-01949,COHORT-TC-003,2026-05-14,Yvonne Otieno,Verified,-0.24585,36.13502,Facilis veniam omnis architecto tempore qui voluptatibus placeat quam dicta magnam.,False
FV-002642,BEN-01950,COHORT-TC-003,2026-07-23,Raphael Maina,Verified,-0.39289,36.07964,Saepe eum odit soluta possimus rem.,
FV-002643,BEN-01950,COHORT-TC-003,07/06/2026,Kendi Njoroge,Verified,-0.39789,35.9856,Autem in doloribus quisquam cumque tempora adipisci.,False
FV-002644,BEN-01950,COHORT-TC-003,2026-05-26,Queen Gichuki,Partially Verified,-0.27198,35.98792,Quam fugiat numquam eius itaque saepe eos maiores.,
FV-002645,BEN-01951,COHORT-TC-003,2026-06-07,Amina Odongo,Partially Verified,-0.30285,36.01027,Sed ipsam praesentium fugit delectus.,True
FV-002646,BEN-01952,COHORT-TC-003,2026-03-09,Uchenna Were,verified,-0.21787,36.02259,Distinctio vitae totam assumenda at repellat unde reiciendis at molestiae.,False
FV-002647,BEN-01954,COHORT-TC-003,2026-04-22,Seun Auma,Verified,-0.3776,36.02331,Eos corporis fugit facere excepturi est.,False
FV-002648,BEN-01955,COHORT-TC-003,23-May-2026,Patrick Odongo,Verified,-0.34958,36.04357,Molestias saepe ut unde doloremque itaque corporis officiis blanditiis numquam veniam.,True
FV-002649,BEN-01956,COHORT-TC-003,2026-06-13,Xavier Omondi,Verified,-0.33022,36.15,Voluptatem sunt dolorem perspiciatis nemo.,
FV-002650,BEN-01956,COHORT-TC-003,2026-06-07,Irene Ndung'u,Verified,-0.28173,36.07734,Provident recusandae voluptatem et earum.,True
FV-002651,BEN-01957,COHORT-TC-003,2026-07-09,Amina Awino,Partially Verified,-0.29863,36.08313,Occaecati ipsum perferendis mollitia repellat voluptates neque praesentium architecto ratione.,True
FV-002652,BEN-01958,COHORT-TC-003,2026-03-25,Brian Githinji,Verified,,35.99251,Libero et nihil aspernatur repellendus sint molestiae placeat sapiente.,False
FV-002653,BEN-01958,COHORT-TC-003,2026-03-23,Hassan Simiyu,Partially Verified,-0.30479,36.14834,Iure architecto nesciunt eum nobis nam.,True
FV-002654,BEN-01959,COHORT-TC-003,2026-06-03,Nancy Rotich,Verified,-0.35703,36.1142,Fuga voluptates quis occaecati cumque repudiandae distinctio.,False
FV-002655,BEN-01959,COHORT-TC-003,04/03/2026,Quinton Wanjiku,Verified,-0.21691,36.09855,Mollitia ipsam dignissimos ad culpa accusantium laboriosam.,False
FV-002656,BEN-01960,COHORT-TC-003,2026-03-15,Quinton Wangari,partial,-0.28808,36.15894,Corrupti nisi perspiciatis debitis vel.,True
FV-002657,BEN-01961,COHORT-TC-003,2026-06-07,Zipporah Mutua,Verified,-0.27502,36.14424,Adipisci sed qui molestias rem aut unde officia molestiae officia.,
FV-002658,BEN-01963,COHORT-TC-003,2026-04-09,Boniface Onyango,no contact,-0.26597,36.11633,Magni consequatur repellat officiis laborum.,
FV-002659,BEN-01963,COHORT-TC-003,2026-05-02,Caroline Githinji,Verified,-0.25638,35.98805,Harum quis vitae alias blanditiis iste consequatur laboriosam.,
FV-002660,BEN-01964,COHORT-TC-003,2026-04-11,Aisha Wangari,Verified,-0.21927,36.08655,Nihil corporis mollitia tempora dolore temporibus.,True
FV-002661,BEN-01966,COHORT-TC-007,2026-08-10,Olive Mutua,Referred,-0.0097,34.8269,Optio sed optio non iste aliquid quae aliquid laudantium itaque.,True
FV-002662,BEN-01968,COHORT-TC-007,2026-06-24,Caroline Njoroge,No Contact,-0.18899,34.75278,Impedit maxime quas dolorem voluptate excepturi porro accusamus laborum doloremque aut.,True
FV-002663,BEN-01968,COHORT-TC-007,2026-06-06,Rose Kamau,Verified,-0.10408,34.79153,Saepe omnis sunt aut eveniet odio.,False
FV-002664,BEN-01968,COHORT-TC-007,2026-05-30,Gladys Ndung'u,Referred,-0.17699,34.6804,Ipsam temporibus facere officia minima nulla perferendis qui.,False
FV-002665,BEN-01970,COHORT-TC-007,2026-04-12,Wanjiku Njoroge,Verified,-0.19942,34.68946,Earum reprehenderit ea est voluptatem modi autem asperiores aperiam suscipit.,False
FV-002666,BEN-01970,COHORT-TC-007,2026-05-16,Cynthia Kiplagat,No Contact,-0.07816,34.77038,Officiis praesentium quibusdam vel voluptate.,
FV-002667,BEN-01971,COHORT-TC-007,2026-04-02,Eunice Odongo,partial,-0.08528,34.7725,Sed dicta modi ipsam eveniet quibusdam reprehenderit quod.,
FV-002668,BEN-01971,COHORT-TC-007,2026-03-30,Brian Chebet,Verified,-0.06636,34.78372,Asperiores alias odit soluta ipsum ipsum amet sunt doloremque voluptate.,
FV-002669,BEN-01974,COHORT-TC-007,2026-04-07,Brian Auma,partial,-0.02007,34.82741,Eaque incidunt eos illum labore repellat ad quis doloremque quo quas.,False
FV-002670,BEN-01976,COHORT-TC-007,2026-06-14,Boniface Wanjiku,No Contact,-0.20116,34.71085,Veritatis repellendus architecto dolor consequatur eum dolor libero optio.,True
FV-002671,BEN-01976,COHORT-TC-007,2026-08-18,Patrick Musyoka,Partially Verified,-0.1728,34.85767,Explicabo velit facilis provident cum tenetur.,True
FV-002672,BEN-01976,COHORT-TC-007,2026-04-12,Dennis Adhiambo,Verified,-0.04053,34.78779,Optio doloremque magni vitae quo dignissimos.,True
FV-002673,BEN-01977,COHORT-TC-007,2026-07-30,Caroline Kariuki,Partially Verified,-0.06734,34.79649,Consequatur rerum ex fuga provident.,False
FV-002674,BEN-01977,COHORT-TC-007,2026-08-08,Patrick Githinji,Verified,-0.17758,34.75671,Odit voluptatum dolorem cupiditate at sequi qui.,True
FV-002675,BEN-01977,COHORT-TC-007,2026-04-23,Queen Odongo,Verified,-0.05292,34.75546,Mollitia occaecati ducimus dolorum inventore.,False
FV-002676,BEN-01979,COHORT-TC-007,2026-04-27,Joseph Rotich,Partially Verified,-0.01877,34.73862,Ad iure dignissimos eos fugit iusto ducimus debitis.,False
FV-002677,BEN-01980,COHORT-TC-007,2026-05-31,Olive Owino,Verified,-0.07175,34.73207,Exercitationem odio explicabo eligendi aspernatur occaecati.,
FV-002678,BEN-01982,COHORT-TC-007,2026-05-04,Hassan Mwangi,No Contact,-0.08543,34.7936,Qui unde non incidunt ipsam excepturi veniam.,
FV-002679,BEN-01983,COHORT-TC-007,2026-04-27,Irene Nyambura,Verified,-0.14779,34.80674,Asperiores optio illo mollitia officia velit.,True
FV-002680,BEN-01984,COHORT-TC-007,2026-02-25,Gladys Kiplagat,Partially Verified,-0.05738,34.7392,Dolorem quis saepe pariatur harum.,True
FV-002681,BEN-01984,COHORT-TC-007,2026-08-15,Owen Wanjiku,No Contact,-0.14217,34.84406,Provident ducimus natus possimus repellat.,False
FV-002682,BEN-01985,COHORT-TC-007,2026-04-18,Priscilla Mugo,No Contact,-0.13849,34.72565,Ad voluptatum nihil quaerat commodi illo optio.,False
FV-002683,BEN-01985,COHORT-TC-007,2026-08-11,Esther Onyango,No Contact,-0.08506,34.78468,Voluptas quo adipisci corrupti vitae odio voluptas.,False
FV-002684,BEN-01985,COHORT-TC-007,2026-05-11,Caroline Ochieng,No Contact,-0.09982,34.75425,Nemo officia fugit reprehenderit blanditiis.,
FV-002685,BEN-01986,COHORT-TC-007,2026-03-10,Irene Mugo,No Contact,-0.16378,34.85339,Impedit iste commodi quia voluptatibus impedit.,False
FV-002686,BEN-01988,COHORT-TC-007,2026-07-17,Amina Mugo,Verified,-0.0056,34.82949,A voluptatum quia totam eius.,True
FV-002687,BEN-01989,COHORT-TC-007,2026-06-26,Eunice Omondi,Referred,-0.19738,34.74563,Consequatur sed consectetur perspiciatis voluptatem.,False
FV-002688,BEN-01989,COHORT-TC-007,2026-05-25,Esther Wangari,No Contact,-0.01656,34.67559,Nostrum molestias asperiores voluptates quam voluptas mollitia.,False
FV-002689,BEN-01990,COHORT-TC-007,2026-05-02,Dennis Adhiambo,Referred,-0.00291,34.72765,Laborum nulla accusamus labore iste asperiores corrupti esse repellendus.,
FV-002690,BEN-01990,COHORT-TC-007,2026-04-21,Amina Rotich,Verified,-0.06452,34.81997,Earum ad cum doloribus similique aperiam.,
FV-002691,BEN-01992,COHORT-TC-007,2026-04-13,Irene Mugo,Partially Verified,-0.04222,34.71922,Sed tenetur ipsa esse sit fugiat amet.,False
FV-002692,BEN-01994,COHORT-TC-007,2026-06-01,Owen Adhiambo,Referred,-0.18601,34.68853,Fugit laudantium consectetur dolor necessitatibus quos explicabo temporibus fugit nostrum.,False
FV-002693,BEN-01996,COHORT-TC-007,25/02/2026,Caroline Mutua,Verified,-0.06491,34.67359,Explicabo quidem odit laborum ipsa sed ea at.,
FV-002694,BEN-01997,COHORT-TC-007,2026-06-26,Cynthia Ndung'u,No Contact,-0.20053,34.82692,Aliquid dolor similique recusandae repellendus eum voluptate quia ex aperiam.,True
FV-002695,BEN-01998,COHORT-TC-007,03-Mar-2026,Amina Waweru,Partially Verified,-0.0721,34.79054,Rerum quos earum enim placeat soluta.,
FV-002696,BEN-01999,COHORT-TC-007,2026-02-26,Irene Maina,verified,-0.10566,34.85903,Laboriosam debitis tenetur dolorem a iusto dolores doloremque.,True
FV-002697,BEN-01999,COHORT-TC-007,2026-03-26,Xavier Were,No Contact,-0.07893,34.68963,Unde eius quasi possimus fugiat laboriosam neque.,False
FV-002698,BEN-02000,COHORT-TC-007,2026-03-05,Boniface Wangari,partial,-0.05194,34.79341,Corrupti at ea quos itaque maxime.,False
FV-002699,BEN-02000,COHORT-TC-007,2026-04-21,Leonard Otieno,Referred,-0.0112,34.8497,Reprehenderit distinctio consequatur porro enim nesciunt eligendi ipsam officiis incidunt.,False
FV-002700,BEN-02002,COHORT-TC-007,2026-08-05,Francis Rotich,Verified,-0.06702,34.82633,Deserunt praesentium rem magnam animi quam modi vitae assumenda dignissimos.,False
FV-002701,BEN-02002,COHORT-TC-007,2026-03-21,Kezia Ndung'u,No Contact,-0.18522,34.76795,Eveniet vel dolorum inventore modi.,True
FV-002702,BEN-02003,COHORT-TC-007,2026-08-17,Gladys Onyango,No Contact,-0.04505,34.82803,Occaecati veniam accusamus reiciendis aspernatur itaque.,
FV-002703,BEN-02005,COHORT-TC-007,2026-02-25,Harrison Waweru,Verified,-0.10677,34.7387,Nostrum illo minima incidunt consectetur.,
FV-002704,BEN-02006,COHORT-TC-007,2026-04-27,Brian Ochieng,Verified,-0.11106,34.71157,Saepe illo molestias saepe consequuntur incidunt neque dicta unde.,True
FV-002705,BEN-02008,COHORT-TC-007,2026-07-13,Kendi Kariuki,No Contact,-0.09369,34.79523,Fuga ea provident deserunt illo.,
FV-002706,BEN-02009,COHORT-TC-007,2026-08-16,Rose Wangari,Partially Verified,-0.05117,34.78202,Delectus amet vero inventore excepturi.,True
FV-002707,BEN-02012,COHORT-TC-007,2026-03-23,Francis Achieng,partial,-0.02851,34.70096,Tenetur accusantium eveniet rerum cumque qui atque ratione.,False
FV-002708,BEN-02012,COHORT-TC-007,2026-04-30,Yvonne Mugo,Verified,-0.15162,34.82887,Illo laboriosam aut asperiores eum.,False
FV-002709,BEN-02014,COHORT-TC-007,2026-06-23,Stephen Auma,Verified,-0.01628,34.73675,Necessitatibus accusantium voluptatem illo tempora dignissimos qui consequuntur consequatur consequatur.,
FV-002710,BEN-02016,COHORT-TC-007,2026-08-01,Seun Adhiambo,No Contact,-0.10604,34.79688,Adipisci eum sit nesciunt delectus.,
FV-002711,BEN-02016,COHORT-TC-007,2026-05-07,Felix Mugo,Verified,-0.01464,34.70181,Aliquid fugiat omnis atque optio nostrum.,False
FV-002712,BEN-02017,COHORT-TC-007,13-Jun-2026,Maurice Chebet,Verified,-0.04322,34.80705,Sed beatae dignissimos modi distinctio.,
FV-002713,BEN-02018,COHORT-TC-007,2026-07-28,Francis Kimani,Verified,-0.04283,34.83258,Aut dolorem cupiditate delectus fugiat voluptate recusandae culpa quasi ducimus.,True
FV-002714,BEN-02018,COHORT-TC-007,2026-07-27,Seun Kariuki,Referred,-0.08529,34.67303,Perspiciatis ex dolor delectus id quo error ipsam.,
FV-002715,BEN-02018,COHORT-TC-007,2026-03-23,Felix Musyoka,No Contact,-0.13715,34.84882,Cupiditate nesciunt inventore deserunt.,False
FV-002716,BEN-02019,COHORT-TC-007,2026-07-20,Irene Mutinda,No Contact,-0.0868,34.74095,Quia quas nesciunt explicabo ipsa iste.,
FV-002717,BEN-02020,COHORT-TC-007,2026-06-16,Kezia Musyoka,verified,-0.14165,34.86106,Numquam sint doloribus optio mollitia numquam debitis iusto doloremque.,True
FV-002718,BEN-02020,COHORT-TC-007,2026-04-22,Caroline Otieno,No Contact,-0.2004,34.77326,Rerum at porro voluptatum voluptatem illo repellendus natus.,
FV-002719,BEN-02021,COHORT-TC-007,2026-08-16,Eunice Adhiambo,Verified,-0.02088,34.79576,Eaque quisquam harum culpa ratione.,True
FV-002720,BEN-02022,COHORT-TC-007,2026-08-16,Kezia Wangari,No Contact,-0.19388,34.74369,Aperiam totam impedit autem labore voluptatibus dolor illo neque fuga.,
FV-002721,BEN-02026,COHORT-TC-007,2026-07-06,Aisha Githinji,Verified,-0.17018,34.80303,Soluta quod veniam unde hic quaerat pariatur.,
FV-002722,BEN-02030,COHORT-TC-007,2026-04-06,Lilian Kiprotich,No Contact,-0.03042,34.82506,Dignissimos neque porro unde consectetur odio quisquam mollitia.,False
FV-002723,BEN-02030,COHORT-TC-007,2026-05-12,Francis Githinji,verified,-0.09244,34.68319,Quibusdam culpa dicta tenetur quidem harum unde corrupti.,
FV-002724,BEN-02032,COHORT-TC-007,2026-07-09,Leonard Owino,No Contact,-0.14847,34.80613,Excepturi aspernatur odit sint praesentium.,
FV-002725,BEN-02032,COHORT-TC-007,03-Jun-2026,Leonard Rotich,Verified,-0.0906,34.8232,Veritatis quia molestias dolore earum velit enim molestias magnam.,True
FV-002726,BEN-02037,COHORT-TC-007,2026-05-02,Rose Auma,Verified,-0.17353,34.80431,Doloribus neque impedit aut quas corporis natus nihil dolores.,True
FV-002727,BEN-02039,COHORT-TC-007,2026-08-07,Harrison Waweru,Partially Verified,-0.03976,34.82058,Quibusdam quis ratione aspernatur atque similique perferendis magnam aut tempore.,True
FV-002728,BEN-02039,COHORT-TC-007,2026-06-17,Caroline Ndung'u,Partially Verified,-0.15266,34.7715,Omnis possimus at doloribus libero dignissimos consectetur animi porro quod.,True
FV-002729,BEN-02045,COHORT-TC-007,2026-06-06,Violet Auma,Verified,-0.16459,34.68471,Velit earum nostrum repellendus.,False
FV-002730,BEN-02046,COHORT-TC-007,2026-06-19,Zipporah Maina,No Contact,-0.13357,34.83646,Temporibus accusantium tempore harum eius dignissimos consectetur commodi eligendi quos.,
FV-002731,BEN-02046,COHORT-TC-007,2026-07-25,Kendi Maina,Referred,-0.01354,34.77503,Quisquam quos ipsam delectus odit saepe quibusdam voluptatibus odio harum.,False
FV-002732,BEN-02046,COHORT-TC-007,25-Apr-2026,Dennis Omondi,Referred,-0.09078,34.69434,Exercitationem illo totam deleniti autem consequuntur ut.,False
FV-002733,BEN-02047,COHORT-TC-007,2026-08-16,Amina Kimani,Partially Verified,-0.01168,34.75409,Occaecati error dolor reprehenderit ea sed aspernatur pariatur delectus impedit.,
FV-002734,BEN-02047,COHORT-TC-007,2026-08-01,Esther Omondi,No Contact,-0.0234,34.85355,Quaerat necessitatibus at illum voluptatibus ad placeat mollitia.,False
FV-002735,BEN-02047,COHORT-TC-007,2026-07-21,Yvonne Wanjiku,Partially Verified,-0.0834,34.78475,Eveniet nobis adipisci veritatis autem expedita.,
FV-002736,BEN-02048,COHORT-TC-007,2026-03-18,Dennis Owino,Verified,-0.18246,34.67189,Adipisci illo quaerat necessitatibus earum nesciunt quis aspernatur dolorem earum.,True
FV-002737,BEN-02050,COHORT-TC-007,2026-05-07,Nancy Odongo,Verified,-0.00472,34.74744,Dolor ullam in laboriosam reiciendis vero earum.,True
FV-002738,BEN-02050,COHORT-TC-007,2026-06-02,Francis Rotich,partial,-0.19484,34.78537,Eligendi repudiandae molestias porro at.,False
FV-002739,BEN-02051,COHORT-TC-007,2026-03-02,Yvonne Githinji,Referred,,34.75116,Veritatis sint laudantium dolor asperiores.,False
FV-002740,BEN-02051,COHORT-TC-007,2026-07-02,Irene Simiyu,No Contact,-0.01512,34.86174,Tenetur at id voluptate neque quae optio.,
FV-002741,BEN-02052,COHORT-TC-007,2026-06-13,Owen Kamau,Verified,-0.03322,34.79048,Quo aliquid est tempore cum.,
FV-002742,BEN-02053,COHORT-TC-007,2026-07-12,Maurice Gichuki,Partially Verified,-0.07843,34.78639,Corrupti natus sunt sequi unde.,False
FV-002743,BEN-02055,COHORT-TC-007,2026-06-16,Patrick Auma,Partially Verified,-0.08256,34.82194,Totam voluptatum quibusdam asperiores nulla aliquam eos commodi.,
FV-002744,BEN-02055,COHORT-TC-007,2026-03-25,Cynthia Kariuki,No Contact,-0.17663,34.75807,Ducimus tempora vel esse ea culpa.,
FV-002745,BEN-02056,COHORT-TC-007,2026-04-18,Raphael Odongo,Verified,-0.05741,34.77962,Distinctio deserunt incidunt possimus natus.,True
FV-002746,BEN-02059,COHORT-TC-026,2026-03-12,Priscilla Otieno,Verified,0.50082,35.28083,Laborum vel nihil dignissimos molestiae.,False
FV-002747,BEN-02059,COHORT-TC-026,2026-05-09,Harrison Were,No Contact,0.46999,35.22902,Aspernatur ratione atque praesentium assumenda.,
FV-002748,BEN-02060,COHORT-TC-026,2026-03-03,Lilian Wanjiku,Partially Verified,0.53418,35.25049,Blanditiis soluta quos atque placeat unde repellendus voluptatum esse.,
FV-002749,BEN-02061,COHORT-TC-026,2026-07-24,James Kiprotich,Partially Verified,0.51761,35.34031,Pariatur a voluptas maxime rem at at consequatur modi.,
FV-002750,BEN-02062,COHORT-TC-026,2026-08-14,Mary Owino,Referred,0.46124,35.33586,Error consequatur laborum possimus quo non voluptas labore magni laudantium eos.,False
FV-002751,BEN-02062,COHORT-TC-026,2026-07-10,Uchenna Mutinda,Verified,0.45225,35.17377,Deleniti asperiores mollitia vitae alias odio error voluptas omnis.,False
FV-002752,BEN-02063,COHORT-TC-026,2026-06-12,Kendi Kiplagat,Partially Verified,0.49882,35.17556,Commodi neque enim dolorum corrupti expedita soluta asperiores.,True
FV-002753,BEN-02063,COHORT-TC-026,2026-05-30,Kendi Githinji,No Contact,0.4656,35.32009,Aspernatur excepturi ex illum optio vitae delectus.,False
FV-002754,BEN-02065,COHORT-TC-026,2026-07-29,Felix Kimani,Verified,0.41766,35.30419,Illo ducimus exercitationem cumque eum.,
FV-002755,BEN-02065,COHORT-TC-026,2026-03-16,Kendi Kiplagat,no contact,0.52118,35.20519,Qui tempora a odio eligendi quam aperiam provident nesciunt.,True
FV-002756,BEN-02066,COHORT-TC-026,2026-06-20,Raphael Awino,Verified,0.42934,35.23245,Provident eius minima tenetur incidunt non magni voluptatem nisi voluptatem.,True
FV-002757,BEN-02067,COHORT-TC-026,2026-05-28,Uchenna Maina,Verified,0.44245,35.18536,Fuga nihil occaecati quas inventore.,False
FV-002758,BEN-02069,COHORT-TC-026,2026-05-03,Irene Onyango,Verified,0.53149,35.33395,Vel totam dignissimos facilis magnam suscipit sequi delectus.,
FV-002759,BEN-02069,COHORT-TC-026,2026-08-07,Patrick Njenga,No Contact,0.53968,35.25381,Iste harum consequatur officiis illo.,False
FV-002760,BEN-02070,COHORT-TC-026,2026-08-06,Irene Maina,Partially Verified,0.54524,35.29319,Ea soluta labore optio assumenda.,False
FV-002761,BEN-02070,COHORT-TC-026,2026-03-18,Brian Mutinda,Partially Verified,0.59785,35.30078,Beatae dolore voluptates fugiat officia vero similique.,
FV-002762,BEN-02070,COHORT-TC-026,2026-05-19,Caroline Kariuki,Referred,0.56305,35.30119,Aliquam praesentium ipsum repellat soluta a odit.,False
FV-002763,BEN-02071,COHORT-TC-026,2026-07-03,Boniface Adhiambo,Verified,0.55992,35.27988,Illum nobis perferendis voluptates rem aut consequatur consequuntur.,
FV-002764,BEN-02071,COHORT-TC-026,2026-05-23,Hassan Auma,Referred,0.4281,35.21289,Illum deleniti quam commodi sit optio consequuntur consequuntur corporis.,False
FV-002765,BEN-02072,COHORT-TC-026,2026-08-04,Nancy Gichuki,No Contact,0.5054,35.21093,Nam eligendi modi iusto sint minima.,
FV-002766,BEN-02074,COHORT-TC-026,2026-06-19,Raphael Odongo,Verified,0.56088,35.30528,Voluptatum nihil error a at quas mollitia iste.,True
FV-002767,BEN-02075,COHORT-TC-026,2026-07-30,Kendi Wanjiku,Partially Verified,0.51235,35.30794,Dolorem suscipit aut blanditiis doloribus.,True
FV-002768,BEN-02076,COHORT-TC-026,2026-04-27,Stephen Kiplagat,Verified,0.50024,35.31413,Repudiandae veniam et eum quod.,True
FV-002769,BEN-02076,COHORT-TC-026,2026-05-29,Nancy Nyambura,Verified,0.41799,35.27855,Unde cum officia nihil unde ab ut enim odit.,False
FV-002770,BEN-02076,COHORT-TC-026,2026-06-29,Lilian Kariuki,Verified,0.5539,35.26784,Vero nam aliquam quis minima adipisci unde accusantium.,True
FV-002771,BEN-02077,COHORT-TC-026,01/06/2026,Leonard Omondi,Partially Verified,0.42607,35.32729,Ad error numquam tenetur quae.,False
FV-002772,BEN-02077,COHORT-TC-026,2026-07-26,Francis Kiprotich,Verified,0.60602,35.264,Doloribus aspernatur ex quis ratione magni temporibus ut.,False
FV-002773,BEN-02077,COHORT-TC-026,01-Jul-2026,Stephen Simiyu,Verified,0.48117,35.34667,Enim nam reiciendis enim sunt consectetur alias.,False
FV-002774,BEN-02078,COHORT-TC-026,2026-05-03,Felix Simiyu,Verified,0.46343,35.26845,Odit perferendis unde dolore harum.,False
FV-002775,BEN-02079,COHORT-TC-026,2026-03-08,Priscilla Mugo,verified,0.43765,35.18351,Libero totam odit voluptas perferendis dolorem nam quo.,True
FV-002776,BEN-02080,COHORT-TC-026,2026-04-15,Amina Ochieng,verified,0.42819,35.26246,Atque reprehenderit nulla temporibus ipsam ut.,True
FV-002777,BEN-02080,COHORT-TC-026,2026-03-16,Aisha Wangari,No Contact,0.60416,35.20652,Reprehenderit illo nemo eum ex eum exercitationem.,False
FV-002778,BEN-02081,COHORT-TC-026,31-Mar-2026,Wanjiku Awino,No Contact,0.43242,35.18396,Quos nihil esse quisquam molestias eius nemo qui rerum.,True
FV-002779,BEN-02081,COHORT-TC-026,18/04/2026,David Awino,Verified,0.43444,35.26741,Vitae necessitatibus aliquid error tempora maxime reiciendis inventore fugiat quas.,False
FV-002780,BEN-02082,COHORT-TC-026,2026-04-27,James Kiplagat,no contact,0.51219,35.24827,Ex itaque doloremque quidem fuga tempora assumenda et.,True
FV-002781,BEN-02082,COHORT-TC-026,2026-06-17,Yvonne Were,Verified,0.54084,35.17907,Impedit unde in nam error tempore animi facere odio.,False
FV-002782,BEN-02083,COHORT-TC-026,10/08/2026,Nancy Kiplagat,Verified,0.51218,35.1906,Eligendi laboriosam id nostrum odit sed eos error quo libero.,
FV-002783,BEN-02083,COHORT-TC-026,2026-04-18,Stephen Were,Verified,,35.25963,Eum soluta ab eligendi delectus quia.,False
FV-002784,BEN-02083,COHORT-TC-026,2026-05-13,Raphael Omondi,Verified,0.51082,35.23782,Cupiditate error a adipisci aspernatur quae est.,
FV-002785,BEN-02084,COHORT-TC-026,26-Feb-2026,Brian Mutinda,Referred,0.55136,35.31789,Exercitationem velit id autem modi et eligendi vero.,True
FV-002786,BEN-02084,COHORT-TC-026,2026-06-16,Felix Rotich,Verified,0.46085,35.34529,Fugit rerum natus fugiat cum.,True
FV-002787,BEN-02084,COHORT-TC-026,2026-06-22,Yvonne Githinji,Verified,0.48916,35.34868,Fuga aperiam voluptatum distinctio omnis nulla.,
FV-002788,BEN-02085,COHORT-TC-026,2026-05-26,Mary Njoroge,Partially Verified,0.56777,35.22382,Perferendis enim debitis dolore assumenda odit ullam consequuntur.,
FV-002789,BEN-02085,COHORT-TC-026,2026-05-20,Patrick Mutua,no contact,0.49414,35.29362,Dolorem eius tenetur consequuntur ipsa delectus sunt nulla.,True
FV-002790,BEN-02086,COHORT-TC-026,2026-07-09,Francis Kariuki,Verified,0.46532,35.26898,Ipsam aut eos culpa consequuntur.,True
FV-002791,BEN-02086,COHORT-TC-026,2026-05-21,Violet Waweru,Verified,0.46784,35.22379,Ad assumenda iure unde debitis blanditiis.,True
FV-002792,BEN-02087,COHORT-TC-026,2026-06-04,Brian Omondi,Verified,0.61072,35.19299,Nihil tempore fugit distinctio similique rerum id.,
FV-002793,BEN-02087,COHORT-TC-026,2026-08-14,Aisha Kariuki,Verified,0.42648,35.3448,Reprehenderit quibusdam voluptas commodi dolorem culpa.,
FV-002794,BEN-02088,COHORT-TC-026,2026-03-05,Priscilla Nyambura,Verified,0.59289,35.25962,Error quos reprehenderit ab corrupti.,False
FV-002795,BEN-02088,COHORT-TC-026,2026-05-18,Mary Rotich,Partially Verified,,35.35905,Atque nesciunt autem dolores doloribus fugiat dolorem nobis assumenda.,False
FV-002796,BEN-02088,COHORT-TC-026,2026-06-10,Leonard Kiprotich,partial,0.58694,35.30013,A officia delectus neque exercitationem.,True
FV-002797,BEN-02090,COHORT-TC-026,2026-04-12,Olive Kamau,Verified,0.55462,35.17498,Fugiat delectus excepturi quaerat perspiciatis.,False
FV-002798,BEN-02091,COHORT-TC-026,2026-04-24,Kendi Musyoka,Verified,0.43391,35.2669,Aperiam qui explicabo nobis a ipsum voluptatum repellat consequuntur.,
FV-002799,BEN-02091,COHORT-TC-026,2026-06-24,Yvonne Nyambura,No Contact,0.46288,35.30312,Eligendi quod quas voluptate.,False
FV-002800,BEN-02093,COHORT-TC-026,2026-06-06,Violet Otieno,No Contact,0.48513,35.27078,Quia assumenda harum occaecati iure quos.,True
FV-002801,BEN-02093,COHORT-TC-026,2026-03-09,Tabitha Githinji,Partially Verified,0.53578,35.33002,Eligendi fugiat ipsam enim doloribus.,
FV-002802,BEN-02094,COHORT-TC-026,2026-03-02,Aisha Maina,Verified,0.47231,35.21415,Quos blanditiis eos quidem.,
FV-002803,BEN-02095,COHORT-TC-026,2026-06-26,Nicholas Nyambura,Verified,0.60846,35.35553,Perspiciatis praesentium autem aspernatur iste libero.,False
FV-002804,BEN-02096,COHORT-TC-026,2026-05-05,Boniface Mutua,Verified,0.55144,35.32235,Quae excepturi exercitationem omnis officia quis architecto ad nemo.,
FV-002805,BEN-02098,COHORT-TC-026,2026-05-21,Joseph Njenga,partial,0.46788,35.27647,Assumenda praesentium eum molestias illum asperiores quam animi consequatur architecto.,
FV-002806,BEN-02099,COHORT-TC-026,2026-07-15,Xavier Musyoka,Verified,0.50989,35.24042,Hic numquam perspiciatis ipsam harum.,False
FV-002807,BEN-02100,COHORT-TC-026,2026-07-29,Xavier Chebet,Referred,0.41806,35.26905,Odio dignissimos doloribus corrupti placeat commodi explicabo culpa sit.,False
FV-002808,BEN-02100,COHORT-TC-026,2026-07-06,Irene Rotich,Verified,0.57705,35.3302,Reprehenderit maxime eligendi maiores impedit tenetur assumenda enim.,True
FV-002809,BEN-02101,COHORT-TC-026,2026-05-27,Aisha Onyango,Verified,0.54028,35.22446,Non deserunt aliquam vel doloribus rerum.,
FV-002810,BEN-02101,COHORT-TC-026,2026-06-30,Hassan Rotich,No Contact,0.46011,35.20282,Necessitatibus modi tenetur corrupti doloribus possimus dignissimos.,
FV-002811,BEN-02101,COHORT-TC-026,2026-06-30,Kendi Otieno,Verified,0.53816,35.17894,Ipsa nobis numquam sed fugit dignissimos voluptas.,
FV-002812,BEN-02102,COHORT-TC-026,2026-07-24,Maurice Odongo,Verified,0.49991,35.17582,Quae aut omnis dicta placeat impedit necessitatibus sunt exercitationem distinctio.,False
FV-002813,BEN-02103,COHORT-TC-026,2026-04-17,James Mwangi,Verified,0.61261,35.34689,Consequuntur atque quod pariatur adipisci harum explicabo praesentium hic delectus.,True
FV-002814,BEN-02103,COHORT-TC-026,2026-03-21,Esther Wangari,Partially Verified,0.59801,35.18513,Sint soluta sit fuga rem laborum voluptatibus et exercitationem.,
FV-002815,BEN-02104,COHORT-TC-026,2026-07-04,Hassan Kiplagat,Verified,0.4403,35.28251,Laborum rerum perferendis et quibusdam nostrum voluptate.,
FV-002816,BEN-02105,COHORT-TC-026,2026-07-25,Joseph Awino,Verified,0.53497,35.22068,Minus maiores nihil cum eius reiciendis enim.,False
FV-002817,BEN-02105,COHORT-TC-026,2026-04-03,Owen Musyoka,no contact,0.53391,35.18095,Rerum accusantium illum consequuntur ab impedit consectetur necessitatibus.,
FV-002818,BEN-02107,COHORT-TC-026,2026-06-26,Cynthia Mutua,Verified,0.5876,35.29022,Fugit ut similique corporis perferendis sint quisquam quibusdam.,
FV-002819,BEN-02107,COHORT-TC-026,2026-06-19,Irene Waweru,Verified,0.59145,35.31138,Quae debitis velit qui praesentium nostrum nesciunt dolor placeat.,False
FV-002820,BEN-02109,COHORT-TC-026,2026-05-16,David Mutinda,Verified,0.54724,35.31255,Sint asperiores nemo error sit omnis tempore.,True
FV-002821,BEN-02110,COHORT-TC-026,2026-05-20,Eunice Omondi,Verified,0.60001,35.20003,Corporis deserunt tempora itaque voluptates porro.,True
FV-002822,BEN-02111,COHORT-TC-026,2026-05-07,Nancy Ochieng,Partially Verified,0.51191,35.16966,Enim exercitationem laudantium necessitatibus.,False
FV-002823,BEN-02111,COHORT-TC-026,2026-06-01,Seun Achieng,Verified,0.56181,35.31698,Fuga sint eos omnis itaque dignissimos.,
FV-002824,BEN-02112,COHORT-TC-026,2026-04-15,Lilian Mutinda,Partially Verified,0.59118,35.34684,Minus atque iste perspiciatis veniam voluptates corporis doloribus ipsam quasi culpa.,False
FV-002825,BEN-02113,COHORT-TC-026,2026-05-21,Felix Mugo,No Contact,0.52358,35.30871,Unde praesentium earum aperiam ullam.,
FV-002826,BEN-02113,COHORT-TC-026,2026-05-29,Eunice Mutinda,Verified,0.52921,35.19668,Id quas accusamus deserunt occaecati perferendis sed quos repellat.,
FV-002827,BEN-02113,COHORT-TC-026,2026-06-27,Harrison Otieno,Verified,0.43401,35.22451,Dicta beatae voluptates sunt repudiandae ad veniam aliquid suscipit.,
FV-002828,BEN-02114,COHORT-TC-026,2026-03-21,Wanjiku Kamau,Referred,0.42967,35.18329,Eos ullam consectetur repellendus quo sit dignissimos voluptatibus distinctio sed.,
FV-002829,BEN-02114,COHORT-TC-026,2026-05-03,Kezia Mwangi,Partially Verified,0.46835,35.31526,Fugit veniam magni vel porro non libero qui assumenda dignissimos.,True
FV-002830,BEN-02114,COHORT-TC-026,2026-05-19,Cynthia Mwangi,Partially Verified,0.42996,35.23314,Sequi odit ducimus totam.,True
FV-002831,BEN-02115,COHORT-TC-026,10-Jun-2026,Xavier Maina,Referred,0.4341,35.21554,Soluta nobis ad voluptates totam eius quaerat amet sint.,False
FV-002832,BEN-02116,COHORT-TC-026,2026-04-10,Queen Auma,Verified,0.53624,35.25025,Ea fuga sint tenetur ut fugiat.,True
FV-002833,BEN-02117,COHORT-TC-026,2026-03-14,Hassan Wangari,Verified,0.49562,35.22349,Aspernatur tempore eos autem.,
FV-002834,BEN-02117,COHORT-TC-026,2026-06-16,Esther Wangari,verified,0.43211,35.17988,Ratione minus porro provident animi soluta dolor minima.,
FV-002835,BEN-02117,COHORT-TC-026,2026-06-04,Brian Simiyu,Verified,0.57543,35.19206,Neque quidem quasi enim odit aperiam aperiam doloribus expedita harum.,True
FV-002836,BEN-02118,COHORT-TC-026,2026-08-17,Violet Were,Verified,0.47626,35.20368,Excepturi porro rerum deleniti odio aut maiores dolor est eum.,
FV-002837,BEN-02119,COHORT-TC-026,2026-05-26,Queen Wangari,Verified,0.48373,35.19975,Amet aliquam odit aut illo ut fugit ipsum laborum.,False
FV-002838,BEN-02119,COHORT-TC-026,2026-08-02,Mary Auma,Verified,0.43009,35.25034,Molestias alias vitae non culpa iure tenetur aut tempore.,False
FV-002839,BEN-02120,COHORT-TC-026,2026-04-16,Priscilla Simiyu,Partially Verified,0.528,35.3337,Possimus officia dignissimos praesentium ipsa autem maiores harum voluptatem maxime.,True
FV-002840,BEN-02122,COHORT-TC-026,2026-05-14,Eunice Chebet,Verified,0.47914,35.29837,Beatae necessitatibus iusto rerum ipsa neque quae dicta dicta.,
FV-002841,BEN-02123,COHORT-TC-026,2026-04-25,Quinton Mugo,No Contact,0.52014,35.28884,Aperiam sit quaerat sint ex voluptatem dignissimos deleniti.,False
FV-002842,BEN-02123,COHORT-TC-026,2026-03-08,Eunice Odongo,no contact,0.52331,35.23869,Officia architecto expedita eveniet provident molestias doloribus veritatis.,False
FV-002843,BEN-02125,COHORT-TC-026,2026-03-12,Raphael Maina,Verified,0.54404,35.36654,Neque nihil quis cum culpa id consequuntur.,
FV-002844,BEN-02125,COHORT-TC-026,2026-04-23,Caroline Ochieng,Partially Verified,0.6076,35.32287,Temporibus praesentium ex aliquam placeat molestiae eaque incidunt molestias.,True
FV-002845,BEN-02126,COHORT-TC-026,16/08/2026,Dennis Were,Verified,0.60485,35.30016,Sit a soluta dicta corrupti maiores dignissimos tempore iure laboriosam.,False
FV-002846,BEN-02127,COHORT-TC-026,2026-05-04,Leonard Ochieng,Referred,0.48502,35.35044,Inventore nam officia ducimus architecto fuga qui aperiam.,False
FV-002847,BEN-02127,COHORT-TC-026,2026-08-03,Caroline Waweru,Verified,,35.21211,Commodi maxime velit incidunt voluptas a molestias repellendus.,
FV-002848,BEN-02128,COHORT-TC-026,14/08/2026,Seun Achieng,Verified,0.43999,35.20542,Modi natus iusto suscipit.,
FV-002849,BEN-02129,COHORT-TC-026,2026-03-14,David Maina,Verified,0.54729,35.23132,Odit quisquam dolore sint.,True
FV-002850,BEN-02129,COHORT-TC-026,2026-03-15,Uchenna Gichuki,Verified,0.57474,35.27508,Veniam recusandae iusto ullam veniam blanditiis.,True
FV-002851,BEN-02130,COHORT-TC-026,2026-03-08,Kezia Owino,Verified,0.51398,35.36714,Eos eum possimus laboriosam magnam harum a nobis ab.,False
FV-002852,BEN-02131,COHORT-TC-026,2026-03-13,Priscilla Kimani,No Contact,0.50289,35.27676,Corporis aliquid consequuntur similique consequuntur.,False
FV-002853,BEN-02132,COHORT-TC-026,2026-03-12,Francis Ndung'u,Verified,0.41947,35.23867,Perferendis laborum suscipit vitae expedita omnis sed.,True
FV-002854,BEN-02133,COHORT-TC-026,2026-04-22,Rose Auma,Verified,0.47931,35.21707,Voluptates atque nulla unde quae incidunt blanditiis neque occaecati.,False
FV-002855,BEN-02133,COHORT-TC-026,2026-03-17,Priscilla Chebet,No Contact,0.61021,35.16874,Fugiat quae ipsa quo illo.,False
FV-002856,BEN-02133,COHORT-TC-026,2026-05-15,Stephen Awino,Partially Verified,0.4835,35.26297,Illum aliquam non perspiciatis minima doloremque enim eaque accusantium.,False
FV-002857,BEN-02134,COHORT-TC-026,2026-06-08,Violet Mwangi,No Contact,0.60321,35.35254,Corrupti vel saepe velit voluptates fugit quae deserunt.,
FV-002858,BEN-02134,COHORT-TC-026,2026-05-09,Francis Ochieng,Verified,0.55505,35.33599,Numquam vero delectus saepe neque quis doloribus numquam accusamus.,
FV-002859,BEN-02134,COHORT-TC-026,06-May-2026,Xavier Awino,Verified,0.61323,35.1789,Facere eligendi perferendis in.,
FV-002860,BEN-02135,COHORT-TC-026,2026-03-08,Irene Owino,Referred,0.46096,35.2129,Ex ratione nesciunt assumenda velit.,True
FV-002861,BEN-02135,COHORT-TC-026,2026-05-02,Wanjiku Wanjiku,Referred,0.57694,35.20869,Quia atque architecto quae tenetur.,
FV-002862,BEN-02136,COHORT-TC-026,10-Aug-2026,James Mutua,Partially Verified,0.58345,35.27701,Ab magnam consequatur expedita nemo distinctio ea iusto excepturi.,
FV-002863,BEN-02136,COHORT-TC-026,2026-04-30,Lilian Mutua,Verified,0.57132,35.32455,Sint ullam dignissimos et magni quae facere tempora nobis.,
FV-002864,BEN-02136,COHORT-TC-026,2026-07-13,Nancy Githinji,Verified,0.49192,35.2852,Eligendi illo necessitatibus repellendus fugit.,False
FV-002865,BEN-02137,COHORT-TC-026,2026-05-31,Amina Achieng,Verified,0.42086,35.26465,Unde voluptates harum eligendi rerum repellat ad dignissimos velit.,True
FV-002866,BEN-02138,COHORT-TC-026,2026-06-06,Raphael Kiplagat,Verified,0.47061,35.25123,Possimus repellendus illum facilis quod consequuntur hic ex similique.,
FV-002867,BEN-02139,COHORT-TC-026,2026-04-27,Xavier Musyoka,No Contact,0.53686,35.20998,Temporibus voluptates libero consectetur a repellat porro quasi omnis accusantium.,
FV-002868,BEN-02139,COHORT-TC-026,2026-06-19,Brian Achieng,Verified,0.5519,35.20391,Optio assumenda pariatur fugiat accusantium assumenda ad quisquam.,
FV-002869,BEN-02139,COHORT-TC-026,2026-02-26,Gladys Mwangi,Partially Verified,0.60536,35.18227,Dignissimos corporis soluta id officiis quas soluta.,
FV-002870,BEN-02140,COHORT-TC-026,2026-04-13,Dennis Kimani,Verified,0.44994,35.23875,Voluptates eum in omnis dolor nisi.,True
FV-002871,BEN-02140,COHORT-TC-026,2026-08-16,Olive Mugo,Verified,,35.18801,Repellat at animi quam nihil minima.,True
FV-002872,BEN-02141,COHORT-TC-026,2026-06-25,Irene Githinji,Verified,0.5036,35.3677,Nihil architecto ipsam beatae a velit sequi minus aliquid minima.,
FV-002873,BEN-02141,COHORT-TC-026,2026-03-31,Irene Auma,Verified,0.53578,35.31287,Excepturi veritatis aperiam molestiae velit quidem numquam.,False
FV-002874,BEN-02142,COHORT-TC-026,2026-03-25,Gladys Musyoka,Partially Verified,0.47699,35.25007,Numquam dolorem unde provident odio.,
FV-002875,BEN-02142,COHORT-TC-026,2026-06-01,Joseph Maina,Referred,0.57201,35.32407,Incidunt doloribus impedit cupiditate totam ad ratione aspernatur voluptates.,False
FV-002876,BEN-02143,COHORT-TC-026,2026-07-26,Amina Ndung'u,Verified,0.44465,35.23085,Maxime expedita voluptates quis esse itaque possimus ducimus itaque.,True
FV-002877,BEN-02144,COHORT-TC-026,2026-05-24,Gladys Achieng,Verified,0.45717,35.33896,Sit tenetur dolore voluptatibus.,
FV-002878,BEN-02144,COHORT-TC-026,2026-03-21,Olive Kamau,No Contact,0.5157,35.22403,Alias expedita molestias distinctio quod.,
FV-002879,BEN-02145,COHORT-TC-026,2026-05-08,Esther Ochieng,Verified,0.56172,35.31384,Ab nostrum libero dicta ipsum magnam voluptatem.,
FV-002880,BEN-02146,COHORT-TC-026,2026-03-09,Harrison Mutinda,No Contact,0.4329,35.18843,Nam voluptates quia consequuntur in.,True
FV-002881,BEN-02147,COHORT-TC-026,24/05/2026,Leonard Njenga,Partially Verified,0.53597,35.21933,Labore illum sint officia quidem aut repellat.,True
FV-002882,BEN-02147,COHORT-TC-026,2026-08-18,Cynthia Waweru,Partially Verified,0.45823,35.20485,Laboriosam sint magni laboriosam sit commodi minus repellat dolor.,False
FV-002883,BEN-02148,COHORT-TC-026,2026-07-18,Uchenna Mutua,Verified,0.55843,35.35217,Inventore minima optio facere assumenda omnis soluta.,True
FV-002884,BEN-02148,COHORT-TC-026,12-Jun-2026,Tabitha Kariuki,Verified,0.53853,35.20448,Itaque illo nihil delectus inventore ipsam.,True
FV-002885,BEN-02149,COHORT-TC-026,2026-05-26,Aisha Achieng,Verified,0.52722,35.27551,Accusamus praesentium deserunt officia assumenda hic repellendus cumque mollitia odit.,
FV-002886,BEN-02150,COHORT-TC-026,19-Mar-2026,Stephen Rotich,Verified,0.41928,35.23923,Voluptas a eos nesciunt repellat natus autem eum numquam laboriosam.,True
FV-002887,BEN-02151,COHORT-TC-026,2026-07-11,Gladys Rotich,Verified,0.54569,35.33809,Inventore voluptate saepe fugit ad saepe.,True
FV-002888,BEN-02152,COHORT-TC-026,2026-03-12,Quinton Onyango,Verified,0.45391,35.33148,Fuga quia ad adipisci asperiores quae vel commodi ipsam tempora.,True
FV-002889,BEN-02153,COHORT-TC-026,2026-05-28,Nicholas Rotich,Partially Verified,0.47566,35.3444,Eveniet mollitia deleniti architecto reprehenderit nihil veniam explicabo.,False
FV-002890,BEN-02153,COHORT-TC-026,2026-02-24,Aisha Auma,No Contact,0.59268,35.29706,Expedita at minus aspernatur beatae voluptate minima aliquam.,True
FV-002891,BEN-02154,COHORT-TC-026,2026-05-16,Lilian Maina,No Contact,0.48371,35.33589,Quo a nobis ea nisi odit minima ipsum.,True
FV-002892,BEN-02155,COHORT-TC-026,2026-03-06,Joseph Onyango,Partially Verified,0.49891,35.1695,Expedita iure amet doloremque accusantium consequuntur deserunt commodi quasi.,True
FV-002893,BEN-02157,COHORT-TC-026,2026-03-12,Uchenna Njoroge,Verified,0.50486,35.281,Excepturi accusamus officia hic numquam laudantium.,True
FV-002894,BEN-02158,COHORT-TC-026,2026-06-11,Amina Auma,Verified,0.57356,35.20291,Nemo voluptas illo officia exercitationem voluptatum.,True
FV-002895,BEN-02158,COHORT-TC-026,2026-05-09,James Kamau,No Contact,0.53319,35.29399,Dolorem deleniti non reprehenderit odio accusamus.,False
FV-002896,BEN-02158,COHORT-TC-026,2026-05-11,Olive Adhiambo,Verified,0.54379,35.22777,Suscipit accusamus veritatis odit accusantium consequatur.,
FV-002897,BEN-02159,COHORT-TC-026,28/07/2026,Felix Kariuki,Verified,0.52369,35.19911,Quos temporibus officiis incidunt ea rem iste.,False
FV-002898,BEN-02159,COHORT-TC-026,2026-05-15,Lilian Musyoka,partial,,35.27287,Iusto recusandae odio voluptatibus possimus eveniet sunt.,
FV-002899,BEN-02161,COHORT-TC-026,24/05/2026,Raphael Njenga,Partially Verified,0.42434,35.17171,Rem quis esse veniam vero.,
FV-002900,BEN-02161,COHORT-TC-026,2026-03-26,Boniface Adhiambo,no contact,0.61237,35.2078,Temporibus perspiciatis tenetur ducimus quam molestiae laudantium dignissimos.,False
FV-002901,BEN-02162,COHORT-TC-026,2026-08-07,Tabitha Odongo,No Contact,0.42644,35.30211,Ducimus fuga ducimus quam eligendi omnis tempore.,False
FV-002902,BEN-02163,COHORT-TC-026,2026-07-31,Aisha Nyambura,Verified,0.43208,35.2358,Optio in unde maiores pariatur sit magni ratione natus sequi.,True
FV-002903,BEN-02164,COHORT-TC-026,2026-06-11,Caroline Wanjiku,Verified,,35.2085,Omnis velit occaecati sequi rerum dolor voluptatem rerum.,
FV-002904,BEN-02165,COHORT-TC-026,2026-07-28,Xavier Nyambura,Verified,0.55342,35.32054,Et culpa similique repellat labore minima a magni non doloribus.,False
FV-002905,BEN-02166,COHORT-TC-026,2026-04-09,Xavier Musyoka,Verified,0.57842,35.1736,Quo nostrum dolor repudiandae dolorum doloribus voluptate inventore.,
FV-002906,BEN-02167,COHORT-TC-026,2026-07-10,Grace Gichuki,verified,0.56343,35.35271,Porro sint adipisci ad quam esse reiciendis facere quam nisi.,True
FV-002907,BEN-02167,COHORT-TC-026,2026-02-26,Wanjiku Adhiambo,no contact,0.57096,35.20282,Eaque iure quasi ab itaque eligendi ullam quidem quis necessitatibus.,True
FV-002908,BEN-02168,COHORT-TC-026,2026-05-24,James Mutinda,Verified,0.48881,35.26812,Ipsum totam laudantium consequuntur voluptas et odio ullam pariatur.,True
FV-002909,BEN-02171,COHORT-TC-026,2026-08-03,Wanjiku Mutinda,Verified,0.58674,35.33565,Dolores unde aperiam consequuntur.,
FV-002910,BEN-02172,COHORT-TC-026,2026-04-06,Mary Githinji,Verified,0.60232,35.30806,Voluptatibus beatae alias consequatur possimus a voluptatibus ad delectus natus.,
FV-002911,BEN-02172,COHORT-TC-026,2026-08-06,Grace Mutua,Verified,0.56543,35.24029,Distinctio dolorem aperiam tenetur nisi quo placeat.,False
FV-002912,BEN-02173,COHORT-TC-026,2026-06-27,Caroline Auma,no contact,0.49587,35.24786,Repudiandae quibusdam nulla rerum ex aspernatur quam.,True
FV-002913,BEN-02173,COHORT-TC-026,2026-04-20,Irene Mugo,Partially Verified,0.47046,35.36411,Beatae dolores explicabo adipisci voluptatibus.,False
