id,indicator_id,program_id,cohort_id,county,pillar,period_start,period_end,value
MEAS-0cce439a,IND-2d7898a7,,,Nairobi,,2025-09-01,2025-10-01,315.0
MEAS-d018900c,IND-2d7898a7,,,Nairobi,,2025-11-01,2025-12-01,302.0
MEAS-48023834,IND-2d7898a7,,,Nairobi,,2026-01-01,2026-01-31,135.0
MEAS-cd47d10e,IND-2d7898a7,,,Nairobi,,2026-03-01,2026-03-31,152.0
MEAS-bb3ecd5a,IND-2d7898a7,,,Nairobi,,2026-04-01,2026-05-01,368.0
MEAS-6f0b386a,IND-2d7898a7,,,Nairobi,,2026-05-01,2026-05-31,400.0
MEAS-38963c08,IND-2d7898a7,,,Nairobi,,2026-06-01,2026-07-01,320.0
MEAS-d59fba2b,IND-2d7898a7,,,Nairobi,,2026-07-01,2026-07-31,348.0
MEAS-ae3d25e1,IND-2d7898a7,,,Mombasa,,2025-11-01,2025-12-01,292.0
MEAS-b73efb80,IND-2d7898a7,,,Mombasa,,2026-01-01,2026-01-31,142.0
MEAS-78ecd50a,IND-2d7898a7,,,Mombasa,,2026-02-01,2026-03-03,402.0
MEAS-6eedfea7,IND-2d7898a7,,,Mombasa,,2026-08-01,2026-08-31,308.0
MEAS-0daf38a1,IND-2d7898a7,,,Nakuru,,2025-11-01,2025-12-01,490.0
MEAS-98b86400,IND-2d7898a7,,,Nakuru,,2026-02-01,2026-03-03,368.0
MEAS-a07f003e,IND-2d7898a7,,,Nakuru,,2026-03-01,2026-03-31,275.0
MEAS-a4379fe4,IND-2d7898a7,,,Nakuru,,2026-04-01,2026-05-01,132.0
MEAS-84a64db7,IND-2d7898a7,,,Nakuru,,2026-05-01,2026-05-31,300.0
MEAS-45d1bc02,IND-2d7898a7,,,Nakuru,,2026-06-01,2026-07-01,282.0
MEAS-311dbcc4,IND-2d7898a7,,,Nakuru,,2026-08-01,2026-08-31,490.0
MEAS-2adf68aa,IND-2d7898a7,,,Kisumu,,2025-09-01,2025-10-01,300.0
MEAS-87869ca0,IND-2d7898a7,,,Kisumu,,2025-10-01,2025-10-31,285.0
MEAS-01f47405,IND-2d7898a7,,,Kisumu,,2026-02-01,2026-03-03,488.0
MEAS-2f27c2e5,IND-2d7898a7,,,Kisumu,,2026-06-01,2026-07-01,135.0
MEAS-f6a5c6f2,IND-2d7898a7,,,Kisumu,,2026-07-01,2026-07-31,422.0
MEAS-53902413,IND-2d7898a7,,,Kisumu,,2026-08-01,2026-08-31,352.0
MEAS-ec48b427,IND-2d7898a7,,,Eldoret,,2025-09-01,2025-10-01,480.0
MEAS-28956ff9,IND-2d7898a7,,,Eldoret,,2025-10-01,2025-10-31,160.0
MEAS-9e00eecd,IND-2d7898a7,,,Eldoret,,2025-11-01,2025-12-01,175.0
MEAS-40e102ec,IND-2d7898a7,,,Eldoret,,2025-12-01,2025-12-31,478.0
MEAS-ebeaa564,IND-2d7898a7,,,Eldoret,,2026-01-01,2026-01-31,165.0
MEAS-d1e71d02,IND-2d7898a7,,,Eldoret,,2026-02-01,2026-03-03,290.0
MEAS-510294ed,IND-2d7898a7,,,Eldoret,,2026-04-01,2026-05-01,440.0
MEAS-34883a9b,IND-2d7898a7,,,Eldoret,,2026-05-01,2026-05-31,235.0
MEAS-4570b337,IND-2d7898a7,,,Eldoret,,2026-06-01,2026-07-01,155.0
MEAS-a6af926c,IND-2d7898a7,,,Eldoret,,2026-07-01,2026-07-31,148.0
MEAS-ff30c14c,IND-2d7898a7,,,Eldoret,,2026-08-01,2026-08-31,448.0
MEAS-8af19c8e,IND-2d7898a7,,,Kiambu,,2025-10-01,2025-10-31,150.0
MEAS-e1e34b9a,IND-2d7898a7,,,Kiambu,,2025-11-01,2025-12-01,270.0
MEAS-da472592,IND-2d7898a7,,,Kiambu,,2025-12-01,2025-12-31,290.0
MEAS-d452c822,IND-2d7898a7,,,Kiambu,,2026-02-01,2026-03-03,350.0
MEAS-17d4e74c,IND-2d7898a7,,,Kiambu,,2026-03-01,2026-03-31,152.0
MEAS-5ee61138,IND-2d7898a7,,,Kiambu,,2026-05-01,2026-05-31,172.0
MEAS-28e92a7b,IND-2d7898a7,,,Kiambu,,2026-06-01,2026-07-01,195.0
MEAS-8e78bb57,IND-2d7898a7,,,Kiambu,,2026-07-01,2026-07-31,275.0
MEAS-81bd91ae,IND-2d7898a7,,,Kiambu,,2026-08-01,2026-08-31,490.0
MEAS-3ed8010d,IND-2d7898a7,,,Machakos,,2025-09-01,2025-10-01,390.0
MEAS-9bcb44f2,IND-2d7898a7,,,Machakos,,2025-10-01,2025-10-31,398.0
MEAS-7ab33f6e,IND-2d7898a7,,,Machakos,,2025-12-01,2025-12-31,332.0
MEAS-9c3c390f,IND-2d7898a7,,,Machakos,,2026-02-01,2026-03-03,385.0
MEAS-9e11a865,IND-2d7898a7,,,Machakos,,2026-04-01,2026-05-01,312.0
MEAS-f77ce5e9,IND-2d7898a7,,,Machakos,,2026-06-01,2026-07-01,152.0
MEAS-7f23e60a,IND-2d7898a7,,,Machakos,,2026-07-01,2026-07-31,220.0
MEAS-ad1c15b1,IND-2d7898a7,,,Kajiado,,2025-09-01,2025-10-01,260.0
MEAS-52eca647,IND-2d7898a7,,,Kajiado,,2025-11-01,2025-12-01,450.0
MEAS-0e6c198f,IND-2d7898a7,,,Kajiado,,2026-03-01,2026-03-31,498.0
MEAS-cb6ad03b,IND-2d7898a7,,,Kajiado,,2026-04-01,2026-05-01,220.0
MEAS-7ac660a8,IND-2d7898a7,,,Kajiado,,2026-05-01,2026-05-31,175.0
MEAS-51a73fb3,IND-2d7898a7,,,Meru,,2025-09-01,2025-10-01,492.0
MEAS-4f349d8b,IND-2d7898a7,,,Meru,,2025-12-01,2025-12-31,202.0
MEAS-859e55f1,IND-2d7898a7,,,Meru,,2026-02-01,2026-03-03,158.0
MEAS-cb92c4d7,IND-2d7898a7,,,Meru,,2026-05-01,2026-05-31,328.0
MEAS-d8058b24,IND-2d7898a7,,,Meru,,2026-06-01,2026-07-01,492.0
MEAS-8da60ffa,IND-2d7898a7,,,Meru,,2026-07-01,2026-07-31,280.0
MEAS-dc5df005,IND-2d7898a7,,,Meru,,2026-08-01,2026-08-31,355.0
MEAS-fae7dbec,IND-2d7898a7,,,Nyeri,,2025-09-01,2025-10-01,325.0
MEAS-c9a5f6af,IND-2d7898a7,,,Nyeri,,2025-11-01,2025-12-01,278.0
MEAS-e9edadb4,IND-2d7898a7,,,Nyeri,,2025-12-01,2025-12-31,385.0
MEAS-1c2c0698,IND-2d7898a7,,,Nyeri,,2026-01-01,2026-01-31,350.0
MEAS-3e2d1e43,IND-2d7898a7,,,Nyeri,,2026-02-01,2026-03-03,172.0
MEAS-ed944dc6,IND-2d7898a7,,,Nyeri,,2026-06-01,2026-07-01,392.0
MEAS-01c7678b,IND-2d7898a7,,,Nyeri,,2026-07-01,2026-07-31,205.0
MEAS-ade84922,IND-2d7898a7,,,Kilifi,,2025-09-01,2025-10-01,385.0
MEAS-4d81b16a,IND-2d7898a7,,,Kilifi,,2026-02-01,2026-03-03,200.0
MEAS-be6d826e,IND-2d7898a7,,,Kilifi,,2026-03-01,2026-03-31,392.0
MEAS-98ba8ec6,IND-2d7898a7,,,Kilifi,,2026-04-01,2026-05-01,218.0
MEAS-c0c1d514,IND-2d7898a7,,,Kilifi,,2026-05-01,2026-05-31,250.0
MEAS-06b9ad57,IND-2d7898a7,,,Kilifi,,2026-08-01,2026-08-31,200.0
MEAS-4a2803dd,IND-2d7898a7,,,Kakamega,,2025-09-01,2025-10-01,478.0
MEAS-1aaf0aba,IND-2d7898a7,,,Kakamega,,2025-11-01,2025-12-01,188.0
MEAS-4b5dedd6,IND-2d7898a7,,,Kakamega,,2025-12-01,2025-12-31,145.0
MEAS-b5e15cd1,IND-2d7898a7,,,Kakamega,,2026-02-01,2026-03-03,230.0
MEAS-b5baa57f,IND-2d7898a7,,,Kakamega,,2026-04-01,2026-05-01,462.0
MEAS-11de2a30,IND-2d7898a7,,,Kakamega,,2026-07-01,2026-07-31,380.0
MEAS-8a343886,IND-a34e000c,PROG-6c9c5478,,Eldoret,Plus,2025-09-01,2025-10-01,180.0
MEAS-93f0acb4,IND-a34e000c,PROG-6c9c5478,,Eldoret,Plus,2025-10-01,2025-10-31,51.0
MEAS-8207ab89,IND-a34e000c,PROG-6c9c5478,,Eldoret,Plus,2025-11-01,2025-12-01,144.0
MEAS-597a51c6,IND-a34e000c,PROG-6c9c5478,,Eldoret,Plus,2025-12-01,2025-12-31,166.0
MEAS-c6d0e1c4,IND-a34e000c,PROG-6c9c5478,,Eldoret,Plus,2026-01-01,2026-01-31,162.0
MEAS-512b5ce7,IND-a34e000c,PROG-6c9c5478,,Eldoret,Plus,2026-02-01,2026-03-03,200.0
MEAS-43158bd9,IND-a34e000c,PROG-6c9c5478,,Eldoret,Plus,2026-03-01,2026-03-31,74.0
MEAS-98fc69bc,IND-a34e000c,PROG-6c9c5478,,Eldoret,Plus,2026-04-01,2026-05-01,176.0
MEAS-2bf60ec3,IND-a34e000c,PROG-6c9c5478,,Eldoret,Plus,2026-05-01,2026-05-31,194.0
MEAS-469c1bff,IND-a34e000c,PROG-6c9c5478,,Eldoret,Plus,2026-06-01,2026-07-01,184.0
MEAS-9ba1f44c,IND-a34e000c,PROG-6c9c5478,,Eldoret,Plus,2026-07-01,2026-07-31,159.0
MEAS-e49fa837,IND-a34e000c,PROG-6c9c5478,,Eldoret,Plus,2026-08-01,2026-08-31,148.0
MEAS-69242bf0,IND-a34e000c,PROG-5b5b04ab,,Nyeri,Tech,2025-09-01,2025-10-01,95.0
MEAS-2fd98406,IND-a34e000c,PROG-5b5b04ab,,Nyeri,Tech,2025-11-01,2025-12-01,103.0
MEAS-9ac8cfd0,IND-a34e000c,PROG-5b5b04ab,,Nyeri,Tech,2025-12-01,2025-12-31,121.0
MEAS-bdb22def,IND-a34e000c,PROG-5b5b04ab,,Nyeri,Tech,2026-01-01,2026-01-31,130.0
MEAS-3a9eaa04,IND-a34e000c,PROG-5b5b04ab,,Nyeri,Tech,2026-02-01,2026-03-03,122.0
MEAS-3d7f869a,IND-a34e000c,PROG-5b5b04ab,,Nyeri,Tech,2026-03-01,2026-03-31,123.0
MEAS-409a2cec,IND-a34e000c,PROG-5b5b04ab,,Nyeri,Tech,2026-04-01,2026-05-01,162.0
MEAS-37bb54b3,IND-a34e000c,PROG-5b5b04ab,,Nyeri,Tech,2026-05-01,2026-05-31,93.0
MEAS-51fb8e17,IND-a34e000c,PROG-5b5b04ab,,Nyeri,Tech,2026-06-01,2026-07-01,116.0
MEAS-babdb188,IND-a34e000c,PROG-3efe6266,,Kiambu,Tech,2025-10-01,2025-10-31,86.0
MEAS-54a16a69,IND-a34e000c,PROG-3efe6266,,Kiambu,Tech,2025-11-01,2025-12-01,191.0
MEAS-eca5608e,IND-a34e000c,PROG-3efe6266,,Kiambu,Tech,2026-02-01,2026-03-03,60.0
MEAS-36c842da,IND-a34e000c,PROG-3efe6266,,Kiambu,Tech,2026-04-01,2026-05-01,99.0
MEAS-c05b0150,IND-a34e000c,PROG-3efe6266,,Kiambu,Tech,2026-05-01,2026-05-31,56.0
MEAS-f0e69b42,IND-a34e000c,PROG-3efe6266,,Kiambu,Tech,2026-06-01,2026-07-01,122.0
MEAS-5d46a36e,IND-a34e000c,PROG-3efe6266,,Kiambu,Tech,2026-08-01,2026-08-31,163.0
MEAS-a8f1d224,IND-a34e000c,PROG-21c51332,,Kakamega,Tech,2025-09-01,2025-10-01,166.0
MEAS-16fb705d,IND-a34e000c,PROG-21c51332,,Kakamega,Tech,2025-10-01,2025-10-31,78.0
MEAS-424416fd,IND-a34e000c,PROG-21c51332,,Kakamega,Tech,2026-01-01,2026-01-31,160.0
MEAS-c72c0d52,IND-a34e000c,PROG-21c51332,,Kakamega,Tech,2026-02-01,2026-03-03,72.0
MEAS-ff1cfae4,IND-a34e000c,PROG-21c51332,,Kakamega,Tech,2026-06-01,2026-07-01,140.0
MEAS-641cb2af,IND-a34e000c,PROG-f2a7fde1,,Kakamega,Tech,2025-09-01,2025-10-01,69.0
MEAS-44eb8106,IND-a34e000c,PROG-f2a7fde1,,Kakamega,Tech,2025-10-01,2025-10-31,179.0
MEAS-19ad821c,IND-a34e000c,PROG-f2a7fde1,,Kakamega,Tech,2025-11-01,2025-12-01,166.0
MEAS-30d3bfc8,IND-a34e000c,PROG-f2a7fde1,,Kakamega,Tech,2025-12-01,2025-12-31,181.0
MEAS-feaefe41,IND-a34e000c,PROG-f2a7fde1,,Kakamega,Tech,2026-01-01,2026-01-31,68.0
MEAS-faf1db37,IND-a34e000c,PROG-f2a7fde1,,Kakamega,Tech,2026-03-01,2026-03-31,59.0
MEAS-bc723dd7,IND-a34e000c,PROG-f2a7fde1,,Kakamega,Tech,2026-04-01,2026-05-01,183.0
MEAS-aba19b30,IND-a34e000c,PROG-f2a7fde1,,Kakamega,Tech,2026-05-01,2026-05-31,192.0
MEAS-5cf37287,IND-a34e000c,PROG-f2a7fde1,,Kakamega,Tech,2026-06-01,2026-07-01,59.0
MEAS-04cebb5f,IND-a34e000c,PROG-f2a7fde1,,Kakamega,Tech,2026-08-01,2026-08-31,112.0
MEAS-5c87628c,IND-a34e000c,PROG-f6167614,,Kiambu,Vocational,2025-09-01,2025-10-01,146.0
MEAS-31ac1acc,IND-a34e000c,PROG-f6167614,,Kiambu,Vocational,2025-11-01,2025-12-01,100.0
MEAS-3566d4f4,IND-a34e000c,PROG-f6167614,,Kiambu,Vocational,2025-12-01,2025-12-31,88.0
MEAS-01e73fdf,IND-a34e000c,PROG-f6167614,,Kiambu,Vocational,2026-01-01,2026-01-31,97.0
MEAS-3aa7f95d,IND-a34e000c,PROG-f6167614,,Kiambu,Vocational,2026-03-01,2026-03-31,100.0
MEAS-657dd168,IND-a34e000c,PROG-f6167614,,Kiambu,Vocational,2026-04-01,2026-05-01,72.0
MEAS-de1178be,IND-a34e000c,PROG-f6167614,,Kiambu,Vocational,2026-08-01,2026-08-31,67.0
MEAS-881f22ea,IND-a34e000c,PROG-c14cbf07,,Machakos,Vocational,2025-09-01,2025-10-01,103.0
MEAS-56e55e3f,IND-a34e000c,PROG-c14cbf07,,Machakos,Vocational,2025-11-01,2025-12-01,117.0
MEAS-90cb6e28,IND-a34e000c,PROG-c14cbf07,,Machakos,Vocational,2025-12-01,2025-12-31,199.0
MEAS-9c808ffe,IND-a34e000c,PROG-c14cbf07,,Machakos,Vocational,2026-01-01,2026-01-31,139.0
MEAS-116c2741,IND-a34e000c,PROG-c14cbf07,,Machakos,Vocational,2026-02-01,2026-03-03,96.0
MEAS-7f4b5e0c,IND-a34e000c,PROG-c14cbf07,,Machakos,Vocational,2026-06-01,2026-07-01,175.0
MEAS-62f02c2e,IND-a34e000c,PROG-c14cbf07,,Machakos,Vocational,2026-08-01,2026-08-31,141.0
MEAS-90668b0b,IND-a34e000c,PROG-828a29a3,,Machakos,Vocational,2025-09-01,2025-10-01,125.0
MEAS-a6f56f1e,IND-a34e000c,PROG-828a29a3,,Machakos,Vocational,2025-10-01,2025-10-31,78.0
MEAS-fa3a36bb,IND-a34e000c,PROG-828a29a3,,Machakos,Vocational,2026-02-01,2026-03-03,164.0
MEAS-8fc2c62e,IND-a34e000c,PROG-828a29a3,,Machakos,Vocational,2026-03-01,2026-03-31,158.0
MEAS-4160c522,IND-a34e000c,PROG-828a29a3,,Machakos,Vocational,2026-04-01,2026-05-01,168.0
MEAS-da81a124,IND-a34e000c,PROG-828a29a3,,Machakos,Vocational,2026-06-01,2026-07-01,138.0
MEAS-78938fb6,IND-a34e000c,PROG-828a29a3,,Machakos,Vocational,2026-07-01,2026-07-31,82.0
MEAS-6a4adbc0,IND-a34e000c,PROG-29aab137,,Kiambu,Scholarship,2025-09-01,2025-10-01,175.0
MEAS-5a954553,IND-a34e000c,PROG-29aab137,,Kiambu,Scholarship,2025-10-01,2025-10-31,110.0
MEAS-f2ffb1eb,IND-a34e000c,PROG-29aab137,,Kiambu,Scholarship,2025-11-01,2025-12-01,118.0
MEAS-fc2d600a,IND-a34e000c,PROG-29aab137,,Kiambu,Scholarship,2025-12-01,2025-12-31,154.0
MEAS-62e335eb,IND-a34e000c,PROG-29aab137,,Kiambu,Scholarship,2026-01-01,2026-01-31,132.0
MEAS-7063b4b4,IND-a34e000c,PROG-29aab137,,Kiambu,Scholarship,2026-02-01,2026-03-03,131.0
MEAS-7a685d57,IND-a34e000c,PROG-29aab137,,Kiambu,Scholarship,2026-03-01,2026-03-31,163.0
MEAS-b3009f2c,IND-a34e000c,PROG-29aab137,,Kiambu,Scholarship,2026-04-01,2026-05-01,116.0
MEAS-cf43d656,IND-a34e000c,PROG-29aab137,,Kiambu,Scholarship,2026-06-01,2026-07-01,106.0
MEAS-50659960,IND-a34e000c,PROG-29aab137,,Kiambu,Scholarship,2026-07-01,2026-07-31,61.0
MEAS-28f2f164,IND-a34e000c,PROG-29aab137,,Kiambu,Scholarship,2026-08-01,2026-08-31,154.0
MEAS-a5ded367,IND-a34e000c,PROG-0a0324fa,,Kakamega,Vocational,2025-09-01,2025-10-01,92.0
MEAS-197f1fab,IND-a34e000c,PROG-0a0324fa,,Kakamega,Vocational,2025-10-01,2025-10-31,78.0
MEAS-93d9f365,IND-a34e000c,PROG-0a0324fa,,Kakamega,Vocational,2025-12-01,2025-12-31,134.0
MEAS-1b9d4a41,IND-a34e000c,PROG-0a0324fa,,Kakamega,Vocational,2026-01-01,2026-01-31,188.0
MEAS-9aa10a9f,IND-a34e000c,PROG-0a0324fa,,Kakamega,Vocational,2026-02-01,2026-03-03,55.0
MEAS-3491dab2,IND-a34e000c,PROG-0a0324fa,,Kakamega,Vocational,2026-04-01,2026-05-01,135.0
MEAS-b94183a2,IND-a34e000c,PROG-0a0324fa,,Kakamega,Vocational,2026-07-01,2026-07-31,62.0
MEAS-7a1ca625,IND-a34e000c,PROG-0a0324fa,,Kakamega,Vocational,2026-08-01,2026-08-31,142.0
MEAS-0adf057e,IND-a34e000c,PROG-a17817bc,,Nakuru,Scholarship,2025-09-01,2025-10-01,90.0
MEAS-42ddc00e,IND-a34e000c,PROG-a17817bc,,Nakuru,Scholarship,2025-11-01,2025-12-01,108.0
MEAS-7a9fed30,IND-a34e000c,PROG-a17817bc,,Nakuru,Scholarship,2025-12-01,2025-12-31,91.0
MEAS-3d559c27,IND-a34e000c,PROG-a17817bc,,Nakuru,Scholarship,2026-02-01,2026-03-03,105.0
MEAS-a9e69db1,IND-a34e000c,PROG-a17817bc,,Nakuru,Scholarship,2026-03-01,2026-03-31,113.0
MEAS-fc6e7da4,IND-a34e000c,PROG-a17817bc,,Nakuru,Scholarship,2026-05-01,2026-05-31,55.0
MEAS-29f7b06f,IND-a34e000c,PROG-a17817bc,,Nakuru,Scholarship,2026-07-01,2026-07-31,178.0
MEAS-0e662a94,IND-a34e000c,PROG-a17817bc,,Nakuru,Scholarship,2026-08-01,2026-08-31,174.0
MEAS-e6da51ff,IND-a34e000c,PROG-1f06b575,,Kisumu,Scholarship,2025-09-01,2025-10-01,122.0
MEAS-6b55f69a,IND-a34e000c,PROG-1f06b575,,Kisumu,Scholarship,2025-10-01,2025-10-31,108.0
MEAS-8a43657d,IND-a34e000c,PROG-1f06b575,,Kisumu,Scholarship,2025-11-01,2025-12-01,113.0
MEAS-7ee212cd,IND-a34e000c,PROG-1f06b575,,Kisumu,Scholarship,2025-12-01,2025-12-31,81.0
MEAS-c8faff65,IND-a34e000c,PROG-1f06b575,,Kisumu,Scholarship,2026-02-01,2026-03-03,152.0
MEAS-540739e6,IND-a34e000c,PROG-1f06b575,,Kisumu,Scholarship,2026-03-01,2026-03-31,119.0
MEAS-9d0418fa,IND-a34e000c,PROG-1f06b575,,Kisumu,Scholarship,2026-05-01,2026-05-31,179.0
MEAS-1198afc6,IND-a34e000c,PROG-1f06b575,,Kisumu,Scholarship,2026-08-01,2026-08-31,53.0
MEAS-88df88a8,IND-a34e000c,PROG-10beab49,,Nairobi,Tech,2025-10-01,2025-10-31,88.0
MEAS-6d98bd79,IND-a34e000c,PROG-10beab49,,Nairobi,Tech,2025-11-01,2025-12-01,200.0
MEAS-7895b321,IND-a34e000c,PROG-10beab49,,Nairobi,Tech,2026-01-01,2026-01-31,129.0
MEAS-c0d2ad8b,IND-a34e000c,PROG-10beab49,,Nairobi,Tech,2026-03-01,2026-03-31,55.0
MEAS-a890f201,IND-a34e000c,PROG-10beab49,,Nairobi,Tech,2026-04-01,2026-05-01,167.0
MEAS-149f9566,IND-a34e000c,PROG-10beab49,,Nairobi,Tech,2026-05-01,2026-05-31,117.0
MEAS-c9ebeb1e,IND-a34e000c,PROG-10beab49,,Nairobi,Tech,2026-07-01,2026-07-31,146.0
MEAS-f8be3e3e,IND-a34e000c,PROG-10beab49,,Nairobi,Tech,2026-08-01,2026-08-31,73.0
MEAS-00ed047d,IND-a34e000c,PROG-66ed5471,,Eldoret,Plus,2025-09-01,2025-10-01,154.0
MEAS-ada01103,IND-a34e000c,PROG-66ed5471,,Eldoret,Plus,2025-10-01,2025-10-31,173.0
MEAS-437f7db1,IND-a34e000c,PROG-66ed5471,,Eldoret,Plus,2025-11-01,2025-12-01,186.0
MEAS-c088c32a,IND-a34e000c,PROG-66ed5471,,Eldoret,Plus,2025-12-01,2025-12-31,147.0
MEAS-c051d0b7,IND-a34e000c,PROG-66ed5471,,Eldoret,Plus,2026-01-01,2026-01-31,177.0
MEAS-2bd64aea,IND-a34e000c,PROG-66ed5471,,Eldoret,Plus,2026-06-01,2026-07-01,197.0
MEAS-934d55e8,IND-a34e000c,PROG-66ed5471,,Eldoret,Plus,2026-08-01,2026-08-31,109.0
MEAS-e20eafba,IND-a34e000c,PROG-12e377cd,,Kilifi,Plus,2025-09-01,2025-10-01,172.0
MEAS-8a30ae03,IND-a34e000c,PROG-12e377cd,,Kilifi,Plus,2025-10-01,2025-10-31,129.0
MEAS-d9185481,IND-a34e000c,PROG-12e377cd,,Kilifi,Plus,2025-11-01,2025-12-01,71.0
MEAS-dea6ad93,IND-a34e000c,PROG-12e377cd,,Kilifi,Plus,2025-12-01,2025-12-31,93.0
MEAS-fa691e51,IND-a34e000c,PROG-12e377cd,,Kilifi,Plus,2026-01-01,2026-01-31,175.0
MEAS-d5423044,IND-a34e000c,PROG-12e377cd,,Kilifi,Plus,2026-02-01,2026-03-03,71.0
MEAS-8d841af1,IND-a34e000c,PROG-12e377cd,,Kilifi,Plus,2026-03-01,2026-03-31,171.0
MEAS-ca4bcf03,IND-a34e000c,PROG-12e377cd,,Kilifi,Plus,2026-04-01,2026-05-01,195.0
MEAS-26e3672c,IND-a34e000c,PROG-12e377cd,,Kilifi,Plus,2026-06-01,2026-07-01,176.0
MEAS-2becd1d9,IND-a34e000c,PROG-12e377cd,,Kilifi,Plus,2026-07-01,2026-07-31,129.0
MEAS-1c000af0,IND-a34e000c,PROG-de40b141,,Kajiado,Plus,2025-10-01,2025-10-31,194.0
MEAS-cb55e0bb,IND-a34e000c,PROG-de40b141,,Kajiado,Plus,2025-11-01,2025-12-01,51.0
MEAS-d41572de,IND-a34e000c,PROG-de40b141,,Kajiado,Plus,2025-12-01,2025-12-31,103.0
MEAS-cb4221e6,IND-a34e000c,PROG-de40b141,,Kajiado,Plus,2026-03-01,2026-03-31,130.0
MEAS-2fc91b2a,IND-a34e000c,PROG-de40b141,,Kajiado,Plus,2026-05-01,2026-05-31,168.0
MEAS-33acc877,IND-a34e000c,PROG-de40b141,,Kajiado,Plus,2026-07-01,2026-07-31,70.0
MEAS-c603aadd,IND-a34e000c,PROG-1b7c4853,,Kajiado,Vocational,2025-09-01,2025-10-01,69.0
MEAS-741561b0,IND-a34e000c,PROG-1b7c4853,,Kajiado,Vocational,2025-10-01,2025-10-31,53.0
MEAS-66da1e92,IND-a34e000c,PROG-1b7c4853,,Kajiado,Vocational,2025-11-01,2025-12-01,81.0
MEAS-3c2ba09a,IND-a34e000c,PROG-1b7c4853,,Kajiado,Vocational,2025-12-01,2025-12-31,162.0
MEAS-ad51e9c3,IND-a34e000c,PROG-1b7c4853,,Kajiado,Vocational,2026-02-01,2026-03-03,158.0
MEAS-73f115d5,IND-a34e000c,PROG-1b7c4853,,Kajiado,Vocational,2026-03-01,2026-03-31,184.0
MEAS-fe7e4c53,IND-a34e000c,PROG-1b7c4853,,Kajiado,Vocational,2026-04-01,2026-05-01,190.0
MEAS-4ec3a0e3,IND-a34e000c,PROG-1b7c4853,,Kajiado,Vocational,2026-05-01,2026-05-31,52.0
MEAS-517955ef,IND-a34e000c,PROG-1b7c4853,,Kajiado,Vocational,2026-06-01,2026-07-01,161.0
MEAS-97f42ab1,IND-a34e000c,PROG-5859e5a5,,Kilifi,Plus,2025-10-01,2025-10-31,132.0
MEAS-98dcbb31,IND-a34e000c,PROG-5859e5a5,,Kilifi,Plus,2025-11-01,2025-12-01,145.0
MEAS-be83cbf2,IND-a34e000c,PROG-5859e5a5,,Kilifi,Plus,2025-12-01,2025-12-31,92.0
MEAS-7ebf0580,IND-a34e000c,PROG-5859e5a5,,Kilifi,Plus,2026-01-01,2026-01-31,183.0
MEAS-daa8ae88,IND-a34e000c,PROG-5859e5a5,,Kilifi,Plus,2026-02-01,2026-03-03,145.0
MEAS-4a3b9131,IND-a34e000c,PROG-5859e5a5,,Kilifi,Plus,2026-03-01,2026-03-31,114.0
MEAS-772eacbe,IND-a34e000c,PROG-5859e5a5,,Kilifi,Plus,2026-04-01,2026-05-01,103.0
MEAS-802f6bd9,IND-a34e000c,PROG-f6c7609c,,Nyeri,Tech,2025-09-01,2025-10-01,184.0
MEAS-374d5396,IND-a34e000c,PROG-f6c7609c,,Nyeri,Tech,2025-11-01,2025-12-01,131.0
MEAS-27998ab3,IND-a34e000c,PROG-f6c7609c,,Nyeri,Tech,2025-12-01,2025-12-31,88.0
MEAS-e0ebf2fd,IND-a34e000c,PROG-f6c7609c,,Nyeri,Tech,2026-01-01,2026-01-31,51.0
MEAS-54a7baec,IND-a34e000c,PROG-f6c7609c,,Nyeri,Tech,2026-02-01,2026-03-03,98.0
MEAS-a3e6354e,IND-a34e000c,PROG-f6c7609c,,Nyeri,Tech,2026-03-01,2026-03-31,74.0
MEAS-628287d7,IND-a34e000c,PROG-f6c7609c,,Nyeri,Tech,2026-04-01,2026-05-01,134.0
MEAS-02e8839a,IND-a34e000c,PROG-f6c7609c,,Nyeri,Tech,2026-05-01,2026-05-31,169.0
MEAS-a256b784,IND-a34e000c,PROG-f6c7609c,,Nyeri,Tech,2026-06-01,2026-07-01,67.0
MEAS-14491bbc,IND-a34e000c,PROG-f6c7609c,,Nyeri,Tech,2026-07-01,2026-07-31,193.0
MEAS-16389fdc,IND-a34e000c,PROG-cd1d2009,,Kiambu,Tech,2025-09-01,2025-10-01,53.0
MEAS-40d8715a,IND-a34e000c,PROG-cd1d2009,,Kiambu,Tech,2025-11-01,2025-12-01,159.0
MEAS-82cb1c96,IND-a34e000c,PROG-cd1d2009,,Kiambu,Tech,2025-12-01,2025-12-31,128.0
MEAS-d82b0fad,IND-a34e000c,PROG-cd1d2009,,Kiambu,Tech,2026-01-01,2026-01-31,153.0
MEAS-061b8722,IND-a34e000c,PROG-cd1d2009,,Kiambu,Tech,2026-03-01,2026-03-31,101.0
MEAS-e46897e3,IND-a34e000c,PROG-cd1d2009,,Kiambu,Tech,2026-04-01,2026-05-01,89.0
MEAS-fdbd0210,IND-a34e000c,PROG-cd1d2009,,Kiambu,Tech,2026-05-01,2026-05-31,105.0
MEAS-bbc0c4f3,IND-a34e000c,PROG-cd1d2009,,Kiambu,Tech,2026-06-01,2026-07-01,117.0
MEAS-f28251b6,IND-a34e000c,PROG-cd1d2009,,Kiambu,Tech,2026-07-01,2026-07-31,82.0
MEAS-c7f7605d,IND-a34e000c,PROG-286937a7,,Nyeri,Plus,2025-09-01,2025-10-01,148.0
MEAS-8d878dcf,IND-a34e000c,PROG-286937a7,,Nyeri,Plus,2025-10-01,2025-10-31,120.0
MEAS-aa23753b,IND-a34e000c,PROG-286937a7,,Nyeri,Plus,2026-01-01,2026-01-31,171.0
MEAS-a00d8b2c,IND-a34e000c,PROG-286937a7,,Nyeri,Plus,2026-02-01,2026-03-03,50.0
MEAS-e9126bf0,IND-a34e000c,PROG-286937a7,,Nyeri,Plus,2026-05-01,2026-05-31,87.0
MEAS-9809123d,IND-a34e000c,PROG-286937a7,,Nyeri,Plus,2026-06-01,2026-07-01,171.0
MEAS-7d1dca07,IND-a34e000c,PROG-286937a7,,Nyeri,Plus,2026-08-01,2026-08-31,63.0
MEAS-8d35e857,IND-a34e000c,PROG-ac2df7f6,,Mombasa,Plus,2025-09-01,2025-10-01,162.0
MEAS-99ccb5f9,IND-a34e000c,PROG-ac2df7f6,,Mombasa,Plus,2025-10-01,2025-10-31,170.0
MEAS-66e2de7e,IND-a34e000c,PROG-ac2df7f6,,Mombasa,Plus,2025-11-01,2025-12-01,178.0
MEAS-650949bd,IND-a34e000c,PROG-ac2df7f6,,Mombasa,Plus,2026-01-01,2026-01-31,150.0
MEAS-4eb467f5,IND-a34e000c,PROG-ac2df7f6,,Mombasa,Plus,2026-02-01,2026-03-03,148.0
MEAS-a4f2b590,IND-a34e000c,PROG-ac2df7f6,,Mombasa,Plus,2026-04-01,2026-05-01,183.0
MEAS-f6588fb0,IND-a34e000c,PROG-ac2df7f6,,Mombasa,Plus,2026-05-01,2026-05-31,70.0
MEAS-58c78e73,IND-a34e000c,PROG-5acee121,,Mombasa,Tech,2026-01-01,2026-01-31,175.0
MEAS-d662c141,IND-a34e000c,PROG-5acee121,,Mombasa,Tech,2026-02-01,2026-03-03,114.0
MEAS-a835e132,IND-a34e000c,PROG-5acee121,,Mombasa,Tech,2026-03-01,2026-03-31,192.0
MEAS-63c0c47b,IND-a34e000c,PROG-5acee121,,Mombasa,Tech,2026-05-01,2026-05-31,95.0
MEAS-ada7188a,IND-a34e000c,PROG-5acee121,,Mombasa,Tech,2026-06-01,2026-07-01,143.0
MEAS-874057bc,IND-a34e000c,PROG-6787b12e,,Kakamega,Plus,2025-09-01,2025-10-01,158.0
MEAS-23e1063d,IND-a34e000c,PROG-6787b12e,,Kakamega,Plus,2025-10-01,2025-10-31,193.0
MEAS-a2eded6d,IND-a34e000c,PROG-6787b12e,,Kakamega,Plus,2026-01-01,2026-01-31,145.0
MEAS-493b637e,IND-a34e000c,PROG-6787b12e,,Kakamega,Plus,2026-02-01,2026-03-03,52.0
MEAS-75d9a03b,IND-a34e000c,PROG-6787b12e,,Kakamega,Plus,2026-03-01,2026-03-31,142.0
MEAS-bc07281e,IND-a34e000c,PROG-6787b12e,,Kakamega,Plus,2026-04-01,2026-05-01,51.0
MEAS-dd15346a,IND-a34e000c,PROG-6787b12e,,Kakamega,Plus,2026-05-01,2026-05-31,134.0
MEAS-be7e8585,IND-a34e000c,PROG-6787b12e,,Kakamega,Plus,2026-06-01,2026-07-01,144.0
MEAS-70a213e0,IND-a34e000c,PROG-6787b12e,,Kakamega,Plus,2026-08-01,2026-08-31,53.0
MEAS-6c71e8ba,IND-a34e000c,PROG-9e35f4b7,,Kakamega,Vocational,2025-09-01,2025-10-01,58.0
MEAS-10a0a44b,IND-a34e000c,PROG-9e35f4b7,,Kakamega,Vocational,2025-10-01,2025-10-31,172.0
MEAS-6c83b254,IND-a34e000c,PROG-9e35f4b7,,Kakamega,Vocational,2025-11-01,2025-12-01,114.0
MEAS-4ef94291,IND-a34e000c,PROG-9e35f4b7,,Kakamega,Vocational,2025-12-01,2025-12-31,64.0
MEAS-5d122e11,IND-a34e000c,PROG-9e35f4b7,,Kakamega,Vocational,2026-06-01,2026-07-01,175.0
MEAS-910df76a,IND-a34e000c,PROG-9e35f4b7,,Kakamega,Vocational,2026-07-01,2026-07-31,189.0
MEAS-4d9e0482,IND-a34e000c,PROG-4931b340,,Machakos,Scholarship,2025-09-01,2025-10-01,57.0
MEAS-edcfb70f,IND-a34e000c,PROG-4931b340,,Machakos,Scholarship,2025-10-01,2025-10-31,89.0
MEAS-b8c5acea,IND-a34e000c,PROG-4931b340,,Machakos,Scholarship,2025-12-01,2025-12-31,83.0
MEAS-021f3569,IND-a34e000c,PROG-4931b340,,Machakos,Scholarship,2026-01-01,2026-01-31,80.0
MEAS-958aaa3a,IND-a34e000c,PROG-4931b340,,Machakos,Scholarship,2026-02-01,2026-03-03,65.0
MEAS-ebad9398,IND-a34e000c,PROG-4931b340,,Machakos,Scholarship,2026-03-01,2026-03-31,189.0
MEAS-f33945e5,IND-a34e000c,PROG-4931b340,,Machakos,Scholarship,2026-04-01,2026-05-01,99.0
MEAS-4ccd616f,IND-a34e000c,PROG-4931b340,,Machakos,Scholarship,2026-05-01,2026-05-31,54.0
MEAS-5a91d994,IND-a34e000c,PROG-4931b340,,Machakos,Scholarship,2026-06-01,2026-07-01,131.0
MEAS-bf283abf,IND-a34e000c,PROG-4931b340,,Machakos,Scholarship,2026-08-01,2026-08-31,200.0
MEAS-59d0b477,IND-a34e000c,PROG-5dd1e686,,Nairobi,Tech,2025-10-01,2025-10-31,53.0
MEAS-68ca01ba,IND-a34e000c,PROG-5dd1e686,,Nairobi,Tech,2025-12-01,2025-12-31,65.0
MEAS-0bdf97ed,IND-a34e000c,PROG-5dd1e686,,Nairobi,Tech,2026-01-01,2026-01-31,178.0
MEAS-6f2a745b,IND-a34e000c,PROG-5dd1e686,,Nairobi,Tech,2026-02-01,2026-03-03,118.0
MEAS-55b609e4,IND-a34e000c,PROG-5dd1e686,,Nairobi,Tech,2026-03-01,2026-03-31,163.0
MEAS-844fdfeb,IND-a34e000c,PROG-5dd1e686,,Nairobi,Tech,2026-04-01,2026-05-01,100.0
MEAS-c87ee21d,IND-a34e000c,PROG-5dd1e686,,Nairobi,Tech,2026-05-01,2026-05-31,154.0
MEAS-ca9212e8,IND-a34e000c,PROG-5dd1e686,,Nairobi,Tech,2026-06-01,2026-07-01,50.0
MEAS-da2e70ad,IND-a34e000c,PROG-5dd1e686,,Nairobi,Tech,2026-07-01,2026-07-31,193.0
MEAS-6df123fa,IND-a34e000c,PROG-5dd1e686,,Nairobi,Tech,2026-08-01,2026-08-31,137.0
MEAS-708f29bb,IND-a34e000c,PROG-eb03aa49,,Meru,Scholarship,2025-09-01,2025-10-01,72.0
MEAS-fd6734b8,IND-a34e000c,PROG-eb03aa49,,Meru,Scholarship,2025-10-01,2025-10-31,168.0
MEAS-c613ae70,IND-a34e000c,PROG-eb03aa49,,Meru,Scholarship,2025-11-01,2025-12-01,73.0
MEAS-1af80c4e,IND-a34e000c,PROG-eb03aa49,,Meru,Scholarship,2025-12-01,2025-12-31,72.0
MEAS-17914fb0,IND-a34e000c,PROG-eb03aa49,,Meru,Scholarship,2026-01-01,2026-01-31,55.0
MEAS-154167ac,IND-a34e000c,PROG-eb03aa49,,Meru,Scholarship,2026-04-01,2026-05-01,145.0
MEAS-8dbbae2d,IND-a34e000c,PROG-eb03aa49,,Meru,Scholarship,2026-05-01,2026-05-31,113.0
MEAS-ecaf1700,IND-a34e000c,PROG-eb03aa49,,Meru,Scholarship,2026-06-01,2026-07-01,98.0
MEAS-0426dd76,IND-a34e000c,PROG-a56e19fd,,Nairobi,Tech,2025-09-01,2025-10-01,147.0
MEAS-dc412c4d,IND-a34e000c,PROG-a56e19fd,,Nairobi,Tech,2025-11-01,2025-12-01,85.0
MEAS-b75c490b,IND-a34e000c,PROG-a56e19fd,,Nairobi,Tech,2025-12-01,2025-12-31,155.0
MEAS-4ff0582a,IND-a34e000c,PROG-a56e19fd,,Nairobi,Tech,2026-01-01,2026-01-31,98.0
MEAS-ab99ede6,IND-a34e000c,PROG-a56e19fd,,Nairobi,Tech,2026-02-01,2026-03-03,101.0
MEAS-4f70192a,IND-a34e000c,PROG-a56e19fd,,Nairobi,Tech,2026-03-01,2026-03-31,125.0
MEAS-78b83f4d,IND-a34e000c,PROG-a56e19fd,,Nairobi,Tech,2026-04-01,2026-05-01,162.0
MEAS-54f544c8,IND-a34e000c,PROG-a56e19fd,,Nairobi,Tech,2026-05-01,2026-05-31,175.0
MEAS-37117ac8,IND-a34e000c,PROG-a56e19fd,,Nairobi,Tech,2026-06-01,2026-07-01,143.0
MEAS-4ada75b7,IND-a34e000c,PROG-a56e19fd,,Nairobi,Tech,2026-07-01,2026-07-31,183.0
MEAS-65711ddd,IND-a34e000c,PROG-a56e19fd,,Nairobi,Tech,2026-08-01,2026-08-31,93.0
MEAS-d4cdda9e,IND-a34e000c,PROG-ab8ae865,,Nakuru,Tech,2025-09-01,2025-10-01,199.0
MEAS-15ae5720,IND-a34e000c,PROG-ab8ae865,,Nakuru,Tech,2025-10-01,2025-10-31,187.0
MEAS-40fbc7fc,IND-a34e000c,PROG-ab8ae865,,Nakuru,Tech,2025-11-01,2025-12-01,161.0
MEAS-ba7353f5,IND-a34e000c,PROG-ab8ae865,,Nakuru,Tech,2025-12-01,2025-12-31,123.0
MEAS-99c587ba,IND-a34e000c,PROG-ab8ae865,,Nakuru,Tech,2026-01-01,2026-01-31,178.0
MEAS-8741ee48,IND-a34e000c,PROG-ab8ae865,,Nakuru,Tech,2026-02-01,2026-03-03,118.0
MEAS-cf9376ab,IND-a34e000c,PROG-ab8ae865,,Nakuru,Tech,2026-03-01,2026-03-31,103.0
MEAS-47aa899c,IND-a34e000c,PROG-ab8ae865,,Nakuru,Tech,2026-04-01,2026-05-01,169.0
MEAS-1fca07fe,IND-a34e000c,PROG-ab8ae865,,Nakuru,Tech,2026-05-01,2026-05-31,79.0
MEAS-662f8bd5,IND-a34e000c,PROG-ab8ae865,,Nakuru,Tech,2026-06-01,2026-07-01,97.0
MEAS-f5eec26c,IND-a34e000c,PROG-ab8ae865,,Nakuru,Tech,2026-07-01,2026-07-31,169.0
MEAS-803b3c12,IND-a34e000c,PROG-ab8ae865,,Nakuru,Tech,2026-08-01,2026-08-31,145.0
MEAS-b906d329,IND-7836a6b4,PROG-f6c7609c,,Nyeri,Tech,2025-10-01,2025-10-31,64.38
MEAS-7d67b33b,IND-7836a6b4,PROG-f6c7609c,,Nyeri,Tech,2025-11-01,2025-12-01,79.79
MEAS-1d2839df,IND-7836a6b4,PROG-f6c7609c,,Nyeri,Tech,2025-12-01,2025-12-31,96.17
MEAS-f47f6d2c,IND-7836a6b4,PROG-f6c7609c,,Nyeri,Tech,2026-03-01,2026-03-31,67.51
MEAS-d509f8b4,IND-7836a6b4,PROG-f6c7609c,,Nyeri,Tech,2026-04-01,2026-05-01,76.49
MEAS-dfe6d396,IND-7836a6b4,PROG-f6c7609c,,Nyeri,Tech,2026-05-01,2026-05-31,42.56
MEAS-b9e642df,IND-7836a6b4,PROG-f6c7609c,,Nyeri,Tech,2026-06-01,2026-07-01,44.95
MEAS-219b3e59,IND-7836a6b4,PROG-3f035d32,,Nairobi,Scholarship,2025-10-01,2025-10-31,69.92
MEAS-2304a3df,IND-7836a6b4,PROG-3f035d32,,Nairobi,Scholarship,2026-01-01,2026-01-31,56.81
MEAS-39347084,IND-7836a6b4,PROG-3f035d32,,Nairobi,Scholarship,2026-03-01,2026-03-31,98.38
MEAS-8b57c194,IND-7836a6b4,PROG-3f035d32,,Nairobi,Scholarship,2026-06-01,2026-07-01,72.25
MEAS-f97f49cf,IND-7836a6b4,PROG-3f035d32,,Nairobi,Scholarship,2026-07-01,2026-07-31,72.42
MEAS-22805941,IND-7836a6b4,PROG-ced265e0,,Kajiado,Scholarship,2025-09-01,2025-10-01,79.71
MEAS-50158747,IND-7836a6b4,PROG-ced265e0,,Kajiado,Scholarship,2025-10-01,2025-10-31,76.26
MEAS-9cf62a2e,IND-7836a6b4,PROG-ced265e0,,Kajiado,Scholarship,2025-11-01,2025-12-01,72.6
MEAS-f82eb281,IND-7836a6b4,PROG-ced265e0,,Kajiado,Scholarship,2026-01-01,2026-01-31,90.22
MEAS-1beb7938,IND-7836a6b4,PROG-ced265e0,,Kajiado,Scholarship,2026-02-01,2026-03-03,64.41
MEAS-5e8bbe4d,IND-7836a6b4,PROG-ced265e0,,Kajiado,Scholarship,2026-03-01,2026-03-31,83.21
MEAS-601b1281,IND-7836a6b4,PROG-ced265e0,,Kajiado,Scholarship,2026-04-01,2026-05-01,87.22
MEAS-e26c8e4e,IND-7836a6b4,PROG-ced265e0,,Kajiado,Scholarship,2026-08-01,2026-08-31,62.72
MEAS-b57e59de,IND-7836a6b4,PROG-4cb533cf,,Meru,Plus,2025-09-01,2025-10-01,72.53
MEAS-6e10aea1,IND-7836a6b4,PROG-4cb533cf,,Meru,Plus,2026-02-01,2026-03-03,65.6
MEAS-f7adb358,IND-7836a6b4,PROG-4cb533cf,,Meru,Plus,2026-03-01,2026-03-31,84.51
MEAS-80d0cb84,IND-7836a6b4,PROG-4cb533cf,,Meru,Plus,2026-05-01,2026-05-31,78.05
MEAS-144b22e9,IND-7836a6b4,PROG-4cb533cf,,Meru,Plus,2026-06-01,2026-07-01,56.08
MEAS-16bd845d,IND-7836a6b4,PROG-4cb533cf,,Meru,Plus,2026-07-01,2026-07-31,59.07
MEAS-17e09c50,IND-7836a6b4,PROG-4cb533cf,,Meru,Plus,2026-08-01,2026-08-31,79.32
MEAS-344d4576,IND-7836a6b4,PROG-42104c80,,Kakamega,Plus,2025-11-01,2025-12-01,57.23
MEAS-1a42745a,IND-7836a6b4,PROG-42104c80,,Kakamega,Plus,2025-12-01,2025-12-31,75.14
MEAS-2718812a,IND-7836a6b4,PROG-42104c80,,Kakamega,Plus,2026-01-01,2026-01-31,79.65
MEAS-1f347c38,IND-7836a6b4,PROG-42104c80,,Kakamega,Plus,2026-02-01,2026-03-03,64.83
MEAS-871ff5dd,IND-7836a6b4,PROG-42104c80,,Kakamega,Plus,2026-03-01,2026-03-31,61.59
MEAS-6089b7dc,IND-7836a6b4,PROG-42104c80,,Kakamega,Plus,2026-04-01,2026-05-01,73.38
MEAS-0210c2a5,IND-7836a6b4,PROG-42104c80,,Kakamega,Plus,2026-06-01,2026-07-01,69.12
MEAS-aa829e3c,IND-7836a6b4,PROG-42104c80,,Kakamega,Plus,2026-07-01,2026-07-31,62.62
MEAS-99612bf9,IND-7836a6b4,PROG-42104c80,,Kakamega,Plus,2026-08-01,2026-08-31,51.27
MEAS-c8b2b15b,IND-7836a6b4,PROG-d08e679f,,Kisumu,Plus,2025-09-01,2025-10-01,69.83
MEAS-a1cde538,IND-7836a6b4,PROG-d08e679f,,Kisumu,Plus,2025-12-01,2025-12-31,66.89
MEAS-fcda4a46,IND-7836a6b4,PROG-d08e679f,,Kisumu,Plus,2026-01-01,2026-01-31,61.46
MEAS-85bcb01f,IND-7836a6b4,PROG-d08e679f,,Kisumu,Plus,2026-02-01,2026-03-03,66.66
MEAS-f1e5bef5,IND-7836a6b4,PROG-d08e679f,,Kisumu,Plus,2026-03-01,2026-03-31,83.78
MEAS-65d14e90,IND-7836a6b4,PROG-d08e679f,,Kisumu,Plus,2026-05-01,2026-05-31,68.97
MEAS-24a56fb2,IND-7836a6b4,PROG-d08e679f,,Kisumu,Plus,2026-06-01,2026-07-01,61.14
MEAS-367567cc,IND-7836a6b4,PROG-d08e679f,,Kisumu,Plus,2026-08-01,2026-08-31,59.81
MEAS-3058aba2,IND-7836a6b4,PROG-6c9c5478,,Eldoret,Plus,2025-09-01,2025-10-01,61.31
MEAS-cd3c178b,IND-7836a6b4,PROG-6c9c5478,,Eldoret,Plus,2025-10-01,2025-10-31,73.79
MEAS-0534d05a,IND-7836a6b4,PROG-6c9c5478,,Eldoret,Plus,2025-11-01,2025-12-01,79.46
MEAS-fb47fa50,IND-7836a6b4,PROG-6c9c5478,,Eldoret,Plus,2025-12-01,2025-12-31,39.11
MEAS-73c63d09,IND-7836a6b4,PROG-6c9c5478,,Eldoret,Plus,2026-01-01,2026-01-31,68.88
MEAS-6943a278,IND-7836a6b4,PROG-6c9c5478,,Eldoret,Plus,2026-02-01,2026-03-03,65.9
MEAS-9357c79a,IND-7836a6b4,PROG-6c9c5478,,Eldoret,Plus,2026-04-01,2026-05-01,79.1
MEAS-95c78d2d,IND-7836a6b4,PROG-6c9c5478,,Eldoret,Plus,2026-06-01,2026-07-01,92.79
MEAS-5d7a12c3,IND-7836a6b4,PROG-6c9c5478,,Eldoret,Plus,2026-07-01,2026-07-31,70.79
MEAS-ba9b3f53,IND-7836a6b4,PROG-6c9c5478,,Eldoret,Plus,2026-08-01,2026-08-31,77.99
MEAS-6a702b1d,IND-7836a6b4,PROG-f5f0c50b,,Meru,Vocational,2025-09-01,2025-10-01,86.02
MEAS-2592325d,IND-7836a6b4,PROG-f5f0c50b,,Meru,Vocational,2025-10-01,2025-10-31,60.28
MEAS-16a5b3f4,IND-7836a6b4,PROG-f5f0c50b,,Meru,Vocational,2025-11-01,2025-12-01,65.66
MEAS-358e30dd,IND-7836a6b4,PROG-f5f0c50b,,Meru,Vocational,2025-12-01,2025-12-31,93.27
MEAS-083a3408,IND-7836a6b4,PROG-f5f0c50b,,Meru,Vocational,2026-01-01,2026-01-31,70.6
MEAS-f56ea11a,IND-7836a6b4,PROG-f5f0c50b,,Meru,Vocational,2026-02-01,2026-03-03,73.77
MEAS-de88a5c9,IND-7836a6b4,PROG-f5f0c50b,,Meru,Vocational,2026-03-01,2026-03-31,62.7
MEAS-58f8268a,IND-7836a6b4,PROG-f5f0c50b,,Meru,Vocational,2026-04-01,2026-05-01,65.61
MEAS-1d189d04,IND-7836a6b4,PROG-f5f0c50b,,Meru,Vocational,2026-06-01,2026-07-01,76.62
MEAS-07d3d14c,IND-7836a6b4,PROG-f5f0c50b,,Meru,Vocational,2026-08-01,2026-08-31,74.7
MEAS-0075b8b9,IND-7836a6b4,PROG-43b7f932,,Nyeri,Tech,2025-09-01,2025-10-01,67.04
MEAS-fc2ed717,IND-7836a6b4,PROG-43b7f932,,Nyeri,Tech,2025-10-01,2025-10-31,100.0
MEAS-87e8504e,IND-7836a6b4,PROG-43b7f932,,Nyeri,Tech,2025-11-01,2025-12-01,82.41
MEAS-eebed7f0,IND-7836a6b4,PROG-43b7f932,,Nyeri,Tech,2026-01-01,2026-01-31,51.74
MEAS-78ccd471,IND-7836a6b4,PROG-43b7f932,,Nyeri,Tech,2026-02-01,2026-03-03,82.28
MEAS-ca1d7e9f,IND-7836a6b4,PROG-43b7f932,,Nyeri,Tech,2026-03-01,2026-03-31,77.36
MEAS-e8793b9c,IND-7836a6b4,PROG-43b7f932,,Nyeri,Tech,2026-05-01,2026-05-31,80.68
MEAS-09aea02a,IND-7836a6b4,PROG-43b7f932,,Nyeri,Tech,2026-07-01,2026-07-31,64.05
MEAS-b9855790,IND-7836a6b4,PROG-da199d8b,,Kiambu,Scholarship,2025-10-01,2025-10-31,100.0
MEAS-47fb6b4b,IND-7836a6b4,PROG-da199d8b,,Kiambu,Scholarship,2025-11-01,2025-12-01,76.12
MEAS-25d2a568,IND-7836a6b4,PROG-da199d8b,,Kiambu,Scholarship,2025-12-01,2025-12-31,88.94
MEAS-0de9b740,IND-7836a6b4,PROG-da199d8b,,Kiambu,Scholarship,2026-01-01,2026-01-31,56.67
MEAS-2c4bd4fc,IND-7836a6b4,PROG-da199d8b,,Kiambu,Scholarship,2026-02-01,2026-03-03,75.35
MEAS-7c6dea6e,IND-7836a6b4,PROG-da199d8b,,Kiambu,Scholarship,2026-03-01,2026-03-31,80.71
MEAS-7d9bb2a0,IND-7836a6b4,PROG-da199d8b,,Kiambu,Scholarship,2026-04-01,2026-05-01,77.46
MEAS-228c1b4f,IND-7836a6b4,PROG-da199d8b,,Kiambu,Scholarship,2026-06-01,2026-07-01,64.89
MEAS-877af40a,IND-7836a6b4,PROG-da199d8b,,Kiambu,Scholarship,2026-07-01,2026-07-31,72.87
MEAS-ec063827,IND-7836a6b4,PROG-0634a90b,,Meru,Scholarship,2025-10-01,2025-10-31,59.17
MEAS-77f47715,IND-7836a6b4,PROG-0634a90b,,Meru,Scholarship,2025-11-01,2025-12-01,51.17
MEAS-1a2df5d8,IND-7836a6b4,PROG-0634a90b,,Meru,Scholarship,2025-12-01,2025-12-31,55.92
MEAS-cf0dfcd3,IND-7836a6b4,PROG-0634a90b,,Meru,Scholarship,2026-01-01,2026-01-31,70.05
MEAS-dc67befe,IND-7836a6b4,PROG-0634a90b,,Meru,Scholarship,2026-02-01,2026-03-03,73.28
MEAS-d5a015bb,IND-7836a6b4,PROG-0634a90b,,Meru,Scholarship,2026-03-01,2026-03-31,70.26
MEAS-765d8c0d,IND-7836a6b4,PROG-0634a90b,,Meru,Scholarship,2026-05-01,2026-05-31,88.13
MEAS-8de86839,IND-7836a6b4,PROG-0634a90b,,Meru,Scholarship,2026-06-01,2026-07-01,82.56
MEAS-bc2af85d,IND-7836a6b4,PROG-0634a90b,,Meru,Scholarship,2026-07-01,2026-07-31,73.2
MEAS-6dc321f9,IND-7836a6b4,PROG-0634a90b,,Meru,Scholarship,2026-08-01,2026-08-31,66.69
MEAS-ab6dba21,IND-7836a6b4,PROG-4f9acb42,,Eldoret,Plus,2025-09-01,2025-10-01,50.16
MEAS-dd03829b,IND-7836a6b4,PROG-4f9acb42,,Eldoret,Plus,2025-10-01,2025-10-31,66.34
MEAS-0dd323f9,IND-7836a6b4,PROG-4f9acb42,,Eldoret,Plus,2025-12-01,2025-12-31,82.48
MEAS-f401e30a,IND-7836a6b4,PROG-4f9acb42,,Eldoret,Plus,2026-01-01,2026-01-31,64.6
MEAS-74808d40,IND-7836a6b4,PROG-4f9acb42,,Eldoret,Plus,2026-02-01,2026-03-03,82.7
MEAS-cce03f22,IND-7836a6b4,PROG-4f9acb42,,Eldoret,Plus,2026-04-01,2026-05-01,66.21
MEAS-997d052c,IND-7836a6b4,PROG-4f9acb42,,Eldoret,Plus,2026-05-01,2026-05-31,55.02
MEAS-c1c95807,IND-7836a6b4,PROG-4f9acb42,,Eldoret,Plus,2026-06-01,2026-07-01,90.85
MEAS-b6068f95,IND-7836a6b4,PROG-4f9acb42,,Eldoret,Plus,2026-07-01,2026-07-31,46.83
MEAS-1964115e,IND-7836a6b4,PROG-4f9acb42,,Eldoret,Plus,2026-08-01,2026-08-31,67.39
MEAS-71d6163d,IND-7836a6b4,PROG-7ccb0bcb,,Nakuru,Plus,2025-10-01,2025-10-31,78.76
MEAS-0b3ceb9c,IND-7836a6b4,PROG-7ccb0bcb,,Nakuru,Plus,2025-11-01,2025-12-01,64.82
MEAS-12435d8c,IND-7836a6b4,PROG-7ccb0bcb,,Nakuru,Plus,2025-12-01,2025-12-31,88.49
MEAS-4a389d01,IND-7836a6b4,PROG-7ccb0bcb,,Nakuru,Plus,2026-01-01,2026-01-31,77.58
MEAS-71ae7a23,IND-7836a6b4,PROG-7ccb0bcb,,Nakuru,Plus,2026-02-01,2026-03-03,81.68
MEAS-34e15dc9,IND-7836a6b4,PROG-7ccb0bcb,,Nakuru,Plus,2026-04-01,2026-05-01,87.09
MEAS-da0e6529,IND-7836a6b4,PROG-7ccb0bcb,,Nakuru,Plus,2026-05-01,2026-05-31,69.45
MEAS-77d1a991,IND-7836a6b4,PROG-7ccb0bcb,,Nakuru,Plus,2026-06-01,2026-07-01,77.61
MEAS-c824213e,IND-7836a6b4,PROG-7ccb0bcb,,Nakuru,Plus,2026-07-01,2026-07-31,68.97
MEAS-a8c41d4c,IND-7836a6b4,PROG-42717d6d,,Kajiado,Scholarship,2025-09-01,2025-10-01,79.39
MEAS-40155953,IND-7836a6b4,PROG-42717d6d,,Kajiado,Scholarship,2025-10-01,2025-10-31,100.0
MEAS-6f749a49,IND-7836a6b4,PROG-42717d6d,,Kajiado,Scholarship,2025-11-01,2025-12-01,83.25
MEAS-42131ad8,IND-7836a6b4,PROG-42717d6d,,Kajiado,Scholarship,2026-01-01,2026-01-31,89.5
MEAS-0a4f50c2,IND-7836a6b4,PROG-42717d6d,,Kajiado,Scholarship,2026-02-01,2026-03-03,72.1
MEAS-a947d8e4,IND-7836a6b4,PROG-42717d6d,,Kajiado,Scholarship,2026-03-01,2026-03-31,59.51
MEAS-bda234cd,IND-7836a6b4,PROG-42717d6d,,Kajiado,Scholarship,2026-04-01,2026-05-01,68.3
MEAS-a989520f,IND-7836a6b4,PROG-42717d6d,,Kajiado,Scholarship,2026-08-01,2026-08-31,76.3
MEAS-8701e7b0,IND-7836a6b4,PROG-36f507bd,,Kilifi,Plus,2025-09-01,2025-10-01,53.49
MEAS-09642954,IND-7836a6b4,PROG-36f507bd,,Kilifi,Plus,2025-10-01,2025-10-31,86.89
MEAS-669b627d,IND-7836a6b4,PROG-36f507bd,,Kilifi,Plus,2025-11-01,2025-12-01,78.04
MEAS-db0be3c5,IND-7836a6b4,PROG-36f507bd,,Kilifi,Plus,2026-01-01,2026-01-31,60.36
MEAS-21ac7d89,IND-7836a6b4,PROG-36f507bd,,Kilifi,Plus,2026-02-01,2026-03-03,61.41
MEAS-b3cbc9c2,IND-7836a6b4,PROG-36f507bd,,Kilifi,Plus,2026-03-01,2026-03-31,69.79
MEAS-f9ad6e5b,IND-7836a6b4,PROG-36f507bd,,Kilifi,Plus,2026-04-01,2026-05-01,81.85
MEAS-8c9f2787,IND-7836a6b4,PROG-36f507bd,,Kilifi,Plus,2026-05-01,2026-05-31,65.51
MEAS-ded12b64,IND-7836a6b4,PROG-36f507bd,,Kilifi,Plus,2026-07-01,2026-07-31,61.09
MEAS-0faa1c92,IND-7836a6b4,PROG-36f507bd,,Kilifi,Plus,2026-08-01,2026-08-31,59.4
MEAS-2ea9c6e7,IND-7836a6b4,PROG-4b1a75a8,,Kisumu,Vocational,2025-09-01,2025-10-01,88.23
MEAS-a107f2ad,IND-7836a6b4,PROG-4b1a75a8,,Kisumu,Vocational,2025-12-01,2025-12-31,71.89
MEAS-c284a182,IND-7836a6b4,PROG-4b1a75a8,,Kisumu,Vocational,2026-01-01,2026-01-31,59.71
MEAS-6fbc9beb,IND-7836a6b4,PROG-4b1a75a8,,Kisumu,Vocational,2026-02-01,2026-03-03,66.28
MEAS-6765ad97,IND-7836a6b4,PROG-4b1a75a8,,Kisumu,Vocational,2026-03-01,2026-03-31,70.9
MEAS-b44f3bb6,IND-7836a6b4,PROG-4b1a75a8,,Kisumu,Vocational,2026-04-01,2026-05-01,47.14
MEAS-369bca50,IND-7836a6b4,PROG-4b1a75a8,,Kisumu,Vocational,2026-05-01,2026-05-31,87.29
MEAS-ec0889e0,IND-7836a6b4,PROG-4b1a75a8,,Kisumu,Vocational,2026-06-01,2026-07-01,54.31
MEAS-3c88f4a6,IND-7836a6b4,PROG-4b1a75a8,,Kisumu,Vocational,2026-07-01,2026-07-31,77.26
MEAS-5ee839cf,IND-7836a6b4,PROG-3a17d4bd,,Nyeri,Tech,2025-10-01,2025-10-31,66.72
MEAS-2ee8293e,IND-7836a6b4,PROG-3a17d4bd,,Nyeri,Tech,2025-11-01,2025-12-01,78.44
MEAS-9f9390c0,IND-7836a6b4,PROG-3a17d4bd,,Nyeri,Tech,2025-12-01,2025-12-31,66.97
MEAS-943240b1,IND-7836a6b4,PROG-3a17d4bd,,Nyeri,Tech,2026-01-01,2026-01-31,43.07
MEAS-a1233451,IND-7836a6b4,PROG-3a17d4bd,,Nyeri,Tech,2026-04-01,2026-05-01,50.06
MEAS-be5af641,IND-7836a6b4,PROG-3a17d4bd,,Nyeri,Tech,2026-05-01,2026-05-31,63.45
MEAS-a3ca02de,IND-7836a6b4,PROG-3a17d4bd,,Nyeri,Tech,2026-07-01,2026-07-31,65.46
MEAS-a052c793,IND-7836a6b4,PROG-3a17d4bd,,Nyeri,Tech,2026-08-01,2026-08-31,73.37
MEAS-36d04790,IND-7836a6b4,PROG-a32525f7,,Mombasa,Tech,2025-09-01,2025-10-01,71.67
MEAS-9f6595ef,IND-7836a6b4,PROG-a32525f7,,Mombasa,Tech,2025-10-01,2025-10-31,98.49
MEAS-639a11e9,IND-7836a6b4,PROG-a32525f7,,Mombasa,Tech,2025-12-01,2025-12-31,42.73
MEAS-6e15ab3f,IND-7836a6b4,PROG-a32525f7,,Mombasa,Tech,2026-01-01,2026-01-31,70.8
MEAS-6ffd2e37,IND-7836a6b4,PROG-a32525f7,,Mombasa,Tech,2026-02-01,2026-03-03,91.0
MEAS-1cac50da,IND-7836a6b4,PROG-a32525f7,,Mombasa,Tech,2026-04-01,2026-05-01,69.43
MEAS-b561c76c,IND-7836a6b4,PROG-a32525f7,,Mombasa,Tech,2026-05-01,2026-05-31,71.44
MEAS-da02cf1b,IND-7836a6b4,PROG-a32525f7,,Mombasa,Tech,2026-07-01,2026-07-31,54.09
MEAS-30679833,IND-7836a6b4,PROG-7bc39a8c,,Nairobi,Scholarship,2025-09-01,2025-10-01,85.29
MEAS-4acf07ff,IND-7836a6b4,PROG-7bc39a8c,,Nairobi,Scholarship,2025-11-01,2025-12-01,64.51
MEAS-2a7d6330,IND-7836a6b4,PROG-7bc39a8c,,Nairobi,Scholarship,2025-12-01,2025-12-31,61.75
MEAS-ba8a1a01,IND-7836a6b4,PROG-7bc39a8c,,Nairobi,Scholarship,2026-01-01,2026-01-31,70.24
MEAS-ec4ffe4b,IND-7836a6b4,PROG-7bc39a8c,,Nairobi,Scholarship,2026-03-01,2026-03-31,94.34
MEAS-f4ce32b8,IND-7836a6b4,PROG-7bc39a8c,,Nairobi,Scholarship,2026-04-01,2026-05-01,62.66
MEAS-6a8e454d,IND-7836a6b4,PROG-7bc39a8c,,Nairobi,Scholarship,2026-07-01,2026-07-31,77.69
MEAS-35a6a0c4,IND-7836a6b4,PROG-7bc39a8c,,Nairobi,Scholarship,2026-08-01,2026-08-31,69.05
MEAS-cb015c8f,IND-7836a6b4,PROG-a0e0d78d,,Nyeri,Plus,2025-10-01,2025-10-31,68.33
MEAS-2fe60f48,IND-7836a6b4,PROG-a0e0d78d,,Nyeri,Plus,2025-11-01,2025-12-01,71.37
MEAS-5229e91f,IND-7836a6b4,PROG-a0e0d78d,,Nyeri,Plus,2025-12-01,2025-12-31,82.02
MEAS-969290a7,IND-7836a6b4,PROG-a0e0d78d,,Nyeri,Plus,2026-02-01,2026-03-03,57.34
MEAS-0c98c389,IND-7836a6b4,PROG-a0e0d78d,,Nyeri,Plus,2026-04-01,2026-05-01,65.3
MEAS-3f99c106,IND-7836a6b4,PROG-a0e0d78d,,Nyeri,Plus,2026-05-01,2026-05-31,74.09
MEAS-3ee9fe3b,IND-7836a6b4,PROG-a0e0d78d,,Nyeri,Plus,2026-06-01,2026-07-01,83.36
MEAS-e51fe765,IND-7836a6b4,PROG-a0e0d78d,,Nyeri,Plus,2026-07-01,2026-07-31,78.63
MEAS-5d9dae9f,IND-7836a6b4,PROG-a0e0d78d,,Nyeri,Plus,2026-08-01,2026-08-31,69.6
MEAS-859c0b1a,IND-7836a6b4,PROG-faff3389,,Eldoret,Tech,2025-09-01,2025-10-01,62.68
MEAS-140840bf,IND-7836a6b4,PROG-faff3389,,Eldoret,Tech,2025-11-01,2025-12-01,75.7
MEAS-c2cd50b3,IND-7836a6b4,PROG-faff3389,,Eldoret,Tech,2025-12-01,2025-12-31,68.89
MEAS-a245b118,IND-7836a6b4,PROG-faff3389,,Eldoret,Tech,2026-01-01,2026-01-31,83.4
MEAS-fe1a8ebd,IND-7836a6b4,PROG-faff3389,,Eldoret,Tech,2026-02-01,2026-03-03,74.43
MEAS-001528ce,IND-7836a6b4,PROG-faff3389,,Eldoret,Tech,2026-03-01,2026-03-31,81.9
MEAS-cb784807,IND-7836a6b4,PROG-faff3389,,Eldoret,Tech,2026-04-01,2026-05-01,68.42
MEAS-af10ccd0,IND-7836a6b4,PROG-faff3389,,Eldoret,Tech,2026-06-01,2026-07-01,52.47
MEAS-461e0f2d,IND-7836a6b4,PROG-faff3389,,Eldoret,Tech,2026-07-01,2026-07-31,77.29
MEAS-e1755375,IND-7836a6b4,PROG-faff3389,,Eldoret,Tech,2026-08-01,2026-08-31,81.67
MEAS-0054b8ae,IND-7836a6b4,PROG-828a29a3,,Machakos,Vocational,2025-10-01,2025-10-31,55.07
MEAS-c260695b,IND-7836a6b4,PROG-828a29a3,,Machakos,Vocational,2025-11-01,2025-12-01,89.06
MEAS-1eb51cb7,IND-7836a6b4,PROG-828a29a3,,Machakos,Vocational,2025-12-01,2025-12-31,64.64
MEAS-237603e9,IND-7836a6b4,PROG-828a29a3,,Machakos,Vocational,2026-02-01,2026-03-03,70.82
MEAS-812c4247,IND-7836a6b4,PROG-828a29a3,,Machakos,Vocational,2026-04-01,2026-05-01,68.89
MEAS-5a659202,IND-7836a6b4,PROG-828a29a3,,Machakos,Vocational,2026-05-01,2026-05-31,79.97
MEAS-c81e6773,IND-7836a6b4,PROG-828a29a3,,Machakos,Vocational,2026-08-01,2026-08-31,63.74
MEAS-7c47c64b,IND-7836a6b4,PROG-ae147777,,Kilifi,Plus,2026-02-01,2026-03-03,82.44
MEAS-990dcfa0,IND-7836a6b4,PROG-ae147777,,Kilifi,Plus,2026-03-01,2026-03-31,77.21
MEAS-5c233def,IND-7836a6b4,PROG-ae147777,,Kilifi,Plus,2026-04-01,2026-05-01,88.95
MEAS-0c944a10,IND-7836a6b4,PROG-ae147777,,Kilifi,Plus,2026-05-01,2026-05-31,69.86
MEAS-378074de,IND-7836a6b4,PROG-ae147777,,Kilifi,Plus,2026-06-01,2026-07-01,75.93
MEAS-5fbcf364,IND-7836a6b4,PROG-ae147777,,Kilifi,Plus,2026-07-01,2026-07-31,70.66
MEAS-b4269d4c,IND-7836a6b4,PROG-f6167614,,Kiambu,Vocational,2025-09-01,2025-10-01,47.68
MEAS-07421419,IND-7836a6b4,PROG-f6167614,,Kiambu,Vocational,2025-10-01,2025-10-31,72.12
MEAS-c10a1daf,IND-7836a6b4,PROG-f6167614,,Kiambu,Vocational,2025-12-01,2025-12-31,81.23
MEAS-a3371ae0,IND-7836a6b4,PROG-f6167614,,Kiambu,Vocational,2026-01-01,2026-01-31,72.57
MEAS-6a56dc1f,IND-7836a6b4,PROG-f6167614,,Kiambu,Vocational,2026-02-01,2026-03-03,90.35
MEAS-85553e3c,IND-7836a6b4,PROG-f6167614,,Kiambu,Vocational,2026-03-01,2026-03-31,60.23
MEAS-792257c5,IND-7836a6b4,PROG-f6167614,,Kiambu,Vocational,2026-04-01,2026-05-01,62.37
MEAS-83349908,IND-7836a6b4,PROG-f6167614,,Kiambu,Vocational,2026-05-01,2026-05-31,74.11
MEAS-f0ab8675,IND-7836a6b4,PROG-f6167614,,Kiambu,Vocational,2026-07-01,2026-07-31,68.19
MEAS-15caaf4f,IND-7836a6b4,PROG-f6167614,,Kiambu,Vocational,2026-08-01,2026-08-31,74.24
MEAS-72caa0a9,IND-7836a6b4,PROG-adb8dd55,,Eldoret,Vocational,2025-09-01,2025-10-01,87.77
MEAS-63fef209,IND-7836a6b4,PROG-adb8dd55,,Eldoret,Vocational,2025-10-01,2025-10-31,51.63
MEAS-3a1139ad,IND-7836a6b4,PROG-adb8dd55,,Eldoret,Vocational,2025-11-01,2025-12-01,67.19
MEAS-e2f23c11,IND-7836a6b4,PROG-adb8dd55,,Eldoret,Vocational,2025-12-01,2025-12-31,73.97
MEAS-b16c6249,IND-7836a6b4,PROG-adb8dd55,,Eldoret,Vocational,2026-01-01,2026-01-31,77.64
MEAS-cc911663,IND-7836a6b4,PROG-adb8dd55,,Eldoret,Vocational,2026-02-01,2026-03-03,63.94
MEAS-6dbbad12,IND-7836a6b4,PROG-adb8dd55,,Eldoret,Vocational,2026-03-01,2026-03-31,69.8
MEAS-6f3e4672,IND-7836a6b4,PROG-adb8dd55,,Eldoret,Vocational,2026-04-01,2026-05-01,51.23
MEAS-279729bb,IND-7836a6b4,PROG-adb8dd55,,Eldoret,Vocational,2026-05-01,2026-05-31,60.29
MEAS-0183725e,IND-7836a6b4,PROG-adb8dd55,,Eldoret,Vocational,2026-08-01,2026-08-31,77.69
MEAS-9e49c0ee,IND-7836a6b4,PROG-0cf61d24,,Kilifi,Vocational,2025-09-01,2025-10-01,56.44
MEAS-6046e4bb,IND-7836a6b4,PROG-0cf61d24,,Kilifi,Vocational,2025-10-01,2025-10-31,72.47
MEAS-6e2c644c,IND-7836a6b4,PROG-0cf61d24,,Kilifi,Vocational,2025-11-01,2025-12-01,55.73
MEAS-d71e9437,IND-7836a6b4,PROG-0cf61d24,,Kilifi,Vocational,2025-12-01,2025-12-31,57.6
MEAS-28ec405d,IND-7836a6b4,PROG-0cf61d24,,Kilifi,Vocational,2026-02-01,2026-03-03,71.34
MEAS-366ba8ae,IND-7836a6b4,PROG-0cf61d24,,Kilifi,Vocational,2026-04-01,2026-05-01,69.56
MEAS-81210862,IND-7836a6b4,PROG-0cf61d24,,Kilifi,Vocational,2026-05-01,2026-05-31,87.21
MEAS-8bb2e1d9,IND-7836a6b4,PROG-0cf61d24,,Kilifi,Vocational,2026-06-01,2026-07-01,100.0
MEAS-15e39832,IND-7836a6b4,PROG-0cf61d24,,Kilifi,Vocational,2026-07-01,2026-07-31,67.87
MEAS-f5116a0c,IND-7836a6b4,PROG-0cf61d24,,Kilifi,Vocational,2026-08-01,2026-08-31,85.36
MEAS-0d032fa1,IND-7836a6b4,PROG-286937a7,,Nyeri,Plus,2025-09-01,2025-10-01,69.83
MEAS-7cb39817,IND-7836a6b4,PROG-286937a7,,Nyeri,Plus,2025-10-01,2025-10-31,62.69
MEAS-1dc7b6bc,IND-7836a6b4,PROG-286937a7,,Nyeri,Plus,2025-12-01,2025-12-31,76.24
MEAS-d7f3e739,IND-7836a6b4,PROG-286937a7,,Nyeri,Plus,2026-01-01,2026-01-31,64.6
MEAS-e7d65636,IND-7836a6b4,PROG-286937a7,,Nyeri,Plus,2026-04-01,2026-05-01,70.17
MEAS-4a7a4660,IND-7836a6b4,PROG-286937a7,,Nyeri,Plus,2026-05-01,2026-05-31,65.72
MEAS-67b6d919,IND-7836a6b4,PROG-286937a7,,Nyeri,Plus,2026-06-01,2026-07-01,85.35
MEAS-aa8e5428,IND-7836a6b4,PROG-286937a7,,Nyeri,Plus,2026-07-01,2026-07-31,59.94
MEAS-b0ea29c6,IND-7836a6b4,PROG-286937a7,,Nyeri,Plus,2026-08-01,2026-08-31,62.08
MEAS-99856f63,IND-7836a6b4,PROG-5dd1e686,,Nairobi,Tech,2025-09-01,2025-10-01,74.17
MEAS-af8f754a,IND-7836a6b4,PROG-5dd1e686,,Nairobi,Tech,2025-11-01,2025-12-01,51.05
MEAS-6c2f1c3c,IND-7836a6b4,PROG-5dd1e686,,Nairobi,Tech,2025-12-01,2025-12-31,100.0
MEAS-f87e892d,IND-7836a6b4,PROG-5dd1e686,,Nairobi,Tech,2026-01-01,2026-01-31,62.91
MEAS-fae0adf1,IND-7836a6b4,PROG-5dd1e686,,Nairobi,Tech,2026-04-01,2026-05-01,84.37
MEAS-3d712325,IND-7836a6b4,PROG-5dd1e686,,Nairobi,Tech,2026-06-01,2026-07-01,66.45
MEAS-3e78302d,IND-7836a6b4,PROG-5dd1e686,,Nairobi,Tech,2026-07-01,2026-07-31,66.37
MEAS-d3bdf85f,IND-7836a6b4,PROG-ddf8fbd0,,Kajiado,Plus,2025-09-01,2025-10-01,81.7
MEAS-5bc77e8f,IND-7836a6b4,PROG-ddf8fbd0,,Kajiado,Plus,2025-10-01,2025-10-31,62.22
MEAS-786366ff,IND-7836a6b4,PROG-ddf8fbd0,,Kajiado,Plus,2025-12-01,2025-12-31,79.73
MEAS-a706a34e,IND-7836a6b4,PROG-ddf8fbd0,,Kajiado,Plus,2026-02-01,2026-03-03,83.11
MEAS-d0bba830,IND-7836a6b4,PROG-ddf8fbd0,,Kajiado,Plus,2026-04-01,2026-05-01,41.36
MEAS-14c63a4e,IND-7836a6b4,PROG-ddf8fbd0,,Kajiado,Plus,2026-06-01,2026-07-01,69.92
MEAS-9d0059d4,IND-7836a6b4,PROG-ddf8fbd0,,Kajiado,Plus,2026-07-01,2026-07-31,62.19
MEAS-8827bab8,IND-7836a6b4,PROG-ddf8fbd0,,Kajiado,Plus,2026-08-01,2026-08-31,74.71
MEAS-f14f9f75,IND-7836a6b4,PROG-ced96c40,,Kakamega,Tech,2025-09-01,2025-10-01,61.7
MEAS-ef954f8b,IND-7836a6b4,PROG-ced96c40,,Kakamega,Tech,2025-10-01,2025-10-31,75.1
MEAS-9be94ed1,IND-7836a6b4,PROG-ced96c40,,Kakamega,Tech,2025-12-01,2025-12-31,85.85
MEAS-ad04866c,IND-7836a6b4,PROG-ced96c40,,Kakamega,Tech,2026-01-01,2026-01-31,65.74
MEAS-2b1c7046,IND-7836a6b4,PROG-ced96c40,,Kakamega,Tech,2026-03-01,2026-03-31,84.2
MEAS-920df15c,IND-7836a6b4,PROG-ced96c40,,Kakamega,Tech,2026-05-01,2026-05-31,62.13
MEAS-3762e781,IND-7836a6b4,PROG-ced96c40,,Kakamega,Tech,2026-07-01,2026-07-31,56.58
MEAS-789c4039,IND-7836a6b4,PROG-ced96c40,,Kakamega,Tech,2026-08-01,2026-08-31,62.88
MEAS-175fd602,IND-7836a6b4,,,Nairobi,,2025-10-01,2025-10-31,64.77
MEAS-dde14941,IND-7836a6b4,,,Nairobi,,2025-11-01,2025-12-01,77.16
MEAS-b396eb03,IND-7836a6b4,,,Nairobi,,2025-12-01,2025-12-31,69.31
MEAS-3eb707df,IND-7836a6b4,,,Nairobi,,2026-02-01,2026-03-03,73.96
MEAS-71f825ee,IND-7836a6b4,,,Nairobi,,2026-03-01,2026-03-31,59.75
MEAS-51ac9c2d,IND-7836a6b4,,,Nairobi,,2026-04-01,2026-05-01,69.58
MEAS-b1dbe62c,IND-7836a6b4,,,Nairobi,,2026-05-01,2026-05-31,79.64
MEAS-5ac1d6b5,IND-7836a6b4,,,Nairobi,,2026-06-01,2026-07-01,53.73
MEAS-4fd1b2ce,IND-7836a6b4,,,Nairobi,,2026-07-01,2026-07-31,63.02
MEAS-a5c36af0,IND-7836a6b4,,,Nairobi,,2026-08-01,2026-08-31,71.35
MEAS-fb83c2d4,IND-7836a6b4,,,Mombasa,,2025-10-01,2025-10-31,74.44
MEAS-0fb4f539,IND-7836a6b4,,,Mombasa,,2026-01-01,2026-01-31,87.76
MEAS-c2fd8e0f,IND-7836a6b4,,,Mombasa,,2026-02-01,2026-03-03,51.27
MEAS-53641a94,IND-7836a6b4,,,Mombasa,,2026-04-01,2026-05-01,58.93
MEAS-320197e3,IND-7836a6b4,,,Mombasa,,2026-05-01,2026-05-31,74.64
MEAS-08b6b2de,IND-7836a6b4,,,Mombasa,,2026-08-01,2026-08-31,71.96
MEAS-93ef8f22,IND-7836a6b4,,,Nakuru,,2025-09-01,2025-10-01,69.4
MEAS-2135e8d3,IND-7836a6b4,,,Nakuru,,2025-10-01,2025-10-31,60.99
MEAS-232af0bb,IND-7836a6b4,,,Nakuru,,2025-11-01,2025-12-01,80.4
MEAS-d92df6ec,IND-7836a6b4,,,Nakuru,,2025-12-01,2025-12-31,84.28
MEAS-34c5119f,IND-7836a6b4,,,Nakuru,,2026-01-01,2026-01-31,64.52
MEAS-8408d72d,IND-7836a6b4,,,Nakuru,,2026-02-01,2026-03-03,85.93
MEAS-f7f1f202,IND-7836a6b4,,,Nakuru,,2026-05-01,2026-05-31,74.85
MEAS-37ff9115,IND-7836a6b4,,,Nakuru,,2026-06-01,2026-07-01,59.02
MEAS-78649550,IND-7836a6b4,,,Nakuru,,2026-07-01,2026-07-31,57.39
MEAS-0e50d59e,IND-7836a6b4,,,Kisumu,,2025-10-01,2025-10-31,78.98
MEAS-7ee6c9d7,IND-7836a6b4,,,Kisumu,,2025-11-01,2025-12-01,49.85
MEAS-8eafdffd,IND-7836a6b4,,,Kisumu,,2026-05-01,2026-05-31,69.79
MEAS-6da6c89d,IND-7836a6b4,,,Eldoret,,2025-09-01,2025-10-01,84.96
MEAS-cf710782,IND-7836a6b4,,,Eldoret,,2025-11-01,2025-12-01,53.85
MEAS-48ca2781,IND-7836a6b4,,,Eldoret,,2026-01-01,2026-01-31,68.81
MEAS-2051b255,IND-7836a6b4,,,Eldoret,,2026-02-01,2026-03-03,70.79
MEAS-536895bb,IND-7836a6b4,,,Eldoret,,2026-04-01,2026-05-01,71.39
MEAS-7905aa97,IND-7836a6b4,,,Eldoret,,2026-05-01,2026-05-31,63.67
MEAS-54721fdc,IND-7836a6b4,,,Eldoret,,2026-06-01,2026-07-01,76.1
MEAS-0d1b418c,IND-7836a6b4,,,Eldoret,,2026-08-01,2026-08-31,54.86
MEAS-744410f2,IND-7836a6b4,,,Kiambu,,2025-10-01,2025-10-31,76.66
MEAS-b75ed0b1,IND-7836a6b4,,,Kiambu,,2025-11-01,2025-12-01,89.61
MEAS-1e532133,IND-7836a6b4,,,Kiambu,,2025-12-01,2025-12-31,55.53
MEAS-975d9dd4,IND-7836a6b4,,,Kiambu,,2026-02-01,2026-03-03,73.15
MEAS-55f42b0d,IND-7836a6b4,,,Kiambu,,2026-06-01,2026-07-01,74.51
MEAS-1ff4aa2f,IND-7836a6b4,,,Kiambu,,2026-08-01,2026-08-31,68.54
MEAS-08b0cfb1,IND-7836a6b4,,,Machakos,,2025-09-01,2025-10-01,79.96
MEAS-5893829b,IND-7836a6b4,,,Machakos,,2025-10-01,2025-10-31,63.52
MEAS-6c8eca78,IND-7836a6b4,,,Machakos,,2025-12-01,2025-12-31,76.37
MEAS-611dc9c4,IND-7836a6b4,,,Machakos,,2026-01-01,2026-01-31,88.71
MEAS-2d7751e9,IND-7836a6b4,,,Machakos,,2026-02-01,2026-03-03,91.51
MEAS-d97ea2ef,IND-7836a6b4,,,Machakos,,2026-04-01,2026-05-01,53.41
MEAS-8db3c1c2,IND-7836a6b4,,,Machakos,,2026-06-01,2026-07-01,78.83
MEAS-852084fc,IND-7836a6b4,,,Machakos,,2026-07-01,2026-07-31,65.44
MEAS-0c1b3e54,IND-7836a6b4,,,Machakos,,2026-08-01,2026-08-31,76.82
MEAS-57e46860,IND-7836a6b4,,,Kajiado,,2025-10-01,2025-10-31,84.03
MEAS-6b147eb7,IND-7836a6b4,,,Kajiado,,2025-12-01,2025-12-31,95.65
MEAS-a0d33bb9,IND-7836a6b4,,,Kajiado,,2026-02-01,2026-03-03,55.69
MEAS-92349fd3,IND-7836a6b4,,,Kajiado,,2026-04-01,2026-05-01,73.12
MEAS-65a2cc13,IND-7836a6b4,,,Kajiado,,2026-05-01,2026-05-31,93.43
MEAS-23c840a5,IND-7836a6b4,,,Kajiado,,2026-06-01,2026-07-01,70.0
MEAS-a3b4b117,IND-7836a6b4,,,Kajiado,,2026-07-01,2026-07-31,82.11
MEAS-55273255,IND-7836a6b4,,,Kajiado,,2026-08-01,2026-08-31,80.58
MEAS-e0ef13f9,IND-7836a6b4,,,Meru,,2025-10-01,2025-10-31,79.02
MEAS-0e60b1a9,IND-7836a6b4,,,Meru,,2026-01-01,2026-01-31,63.23
MEAS-838535fc,IND-7836a6b4,,,Meru,,2026-03-01,2026-03-31,77.04
MEAS-ffc34c91,IND-7836a6b4,,,Meru,,2026-05-01,2026-05-31,71.99
MEAS-1d7e311c,IND-7836a6b4,,,Meru,,2026-06-01,2026-07-01,81.17
MEAS-30dc580a,IND-7836a6b4,,,Meru,,2026-08-01,2026-08-31,69.1
MEAS-743e0bda,IND-7836a6b4,,,Nyeri,,2025-09-01,2025-10-01,72.1
MEAS-9a7488ea,IND-7836a6b4,,,Nyeri,,2025-10-01,2025-10-31,87.47
MEAS-8ea391c1,IND-7836a6b4,,,Nyeri,,2025-11-01,2025-12-01,65.12
MEAS-eb33560e,IND-7836a6b4,,,Nyeri,,2025-12-01,2025-12-31,52.86
MEAS-a482f875,IND-7836a6b4,,,Nyeri,,2026-04-01,2026-05-01,65.96
MEAS-4a433fc1,IND-7836a6b4,,,Nyeri,,2026-05-01,2026-05-31,75.58
MEAS-b57de852,IND-7836a6b4,,,Kilifi,,2025-10-01,2025-10-31,76.19
MEAS-91f7bc8b,IND-7836a6b4,,,Kilifi,,2025-11-01,2025-12-01,68.02
MEAS-5a2e0bcd,IND-7836a6b4,,,Kilifi,,2025-12-01,2025-12-31,66.2
MEAS-11dedf82,IND-7836a6b4,,,Kilifi,,2026-02-01,2026-03-03,87.78
MEAS-29883838,IND-7836a6b4,,,Kilifi,,2026-03-01,2026-03-31,74.24
MEAS-6b8351ab,IND-7836a6b4,,,Kilifi,,2026-05-01,2026-05-31,61.46
MEAS-fbdc6aaa,IND-7836a6b4,,,Kilifi,,2026-08-01,2026-08-31,60.39
MEAS-f00337a5,IND-7836a6b4,,,Kakamega,,2025-09-01,2025-10-01,83.32
MEAS-37ecf0e8,IND-7836a6b4,,,Kakamega,,2025-10-01,2025-10-31,97.48
MEAS-f8e4b084,IND-7836a6b4,,,Kakamega,,2025-11-01,2025-12-01,74.4
MEAS-dcceb278,IND-7836a6b4,,,Kakamega,,2026-01-01,2026-01-31,38.05
MEAS-19aed838,IND-7836a6b4,,,Kakamega,,2026-03-01,2026-03-31,77.23
MEAS-8b5e8718,IND-7836a6b4,,,Kakamega,,2026-04-01,2026-05-01,58.39
MEAS-47662359,IND-7836a6b4,,,Kakamega,,2026-05-01,2026-05-31,61.68
MEAS-122d53df,IND-7836a6b4,,,Kakamega,,2026-06-01,2026-07-01,77.15
MEAS-0f77bd65,IND-7836a6b4,,,Kakamega,,2026-08-01,2026-08-31,68.4
MEAS-f9b99bf1,IND-3e9edc99,,,Nairobi,,2025-09-01,2025-10-01,115.0
MEAS-7bcb51db,IND-3e9edc99,,,Nairobi,,2025-11-01,2025-12-01,285.0
MEAS-5dc09eec,IND-3e9edc99,,,Nairobi,,2025-12-01,2025-12-31,105.0
MEAS-38492b32,IND-3e9edc99,,,Nairobi,,2026-02-01,2026-03-03,270.0
MEAS-dcbbab56,IND-3e9edc99,,,Nairobi,,2026-03-01,2026-03-31,145.0
MEAS-d2ece98c,IND-3e9edc99,,,Nairobi,,2026-04-01,2026-05-01,308.0
MEAS-8aac2a4e,IND-3e9edc99,,,Nairobi,,2026-06-01,2026-07-01,222.0
MEAS-259f55aa,IND-3e9edc99,,,Nairobi,,2026-08-01,2026-08-31,258.0
MEAS-23e6ca92,IND-3e9edc99,,,Mombasa,,2025-10-01,2025-10-31,362.0
MEAS-165359e5,IND-3e9edc99,,,Mombasa,,2025-11-01,2025-12-01,210.0
MEAS-8837fb55,IND-3e9edc99,,,Mombasa,,2025-12-01,2025-12-31,120.0
MEAS-b263a8be,IND-3e9edc99,,,Mombasa,,2026-01-01,2026-01-31,372.0
MEAS-0ea10a2c,IND-3e9edc99,,,Mombasa,,2026-08-01,2026-08-31,278.0
MEAS-199273c6,IND-3e9edc99,,,Nakuru,,2025-09-01,2025-10-01,328.0
MEAS-7515f739,IND-3e9edc99,,,Nakuru,,2025-10-01,2025-10-31,200.0
MEAS-f8e2916f,IND-3e9edc99,,,Nakuru,,2025-11-01,2025-12-01,258.0
MEAS-b3a8e003,IND-3e9edc99,,,Nakuru,,2025-12-01,2025-12-31,348.0
MEAS-49516d38,IND-3e9edc99,,,Nakuru,,2026-01-01,2026-01-31,275.0
MEAS-b57763ef,IND-3e9edc99,,,Nakuru,,2026-04-01,2026-05-01,142.0
MEAS-00417d78,IND-3e9edc99,,,Nakuru,,2026-05-01,2026-05-31,158.0
MEAS-26fd95e2,IND-3e9edc99,,,Nakuru,,2026-06-01,2026-07-01,112.0
MEAS-883d3728,IND-3e9edc99,,,Kisumu,,2025-09-01,2025-10-01,182.0
MEAS-bac973fc,IND-3e9edc99,,,Kisumu,,2025-10-01,2025-10-31,360.0
MEAS-2f58454e,IND-3e9edc99,,,Kisumu,,2025-11-01,2025-12-01,182.0
MEAS-19daea49,IND-3e9edc99,,,Kisumu,,2026-01-01,2026-01-31,250.0
MEAS-2c53a050,IND-3e9edc99,,,Kisumu,,2026-02-01,2026-03-03,105.0
MEAS-3e41ec7f,IND-3e9edc99,,,Kisumu,,2026-04-01,2026-05-01,240.0
MEAS-2dd5668e,IND-3e9edc99,,,Kisumu,,2026-05-01,2026-05-31,325.0
MEAS-2f468535,IND-3e9edc99,,,Kisumu,,2026-06-01,2026-07-01,280.0
MEAS-cbd0e50f,IND-3e9edc99,,,Kisumu,,2026-07-01,2026-07-31,248.0
MEAS-141a4c06,IND-3e9edc99,,,Kisumu,,2026-08-01,2026-08-31,148.0
MEAS-0f994be8,IND-3e9edc99,,,Eldoret,,2025-11-01,2025-12-01,302.0
MEAS-21962709,IND-3e9edc99,,,Eldoret,,2025-12-01,2025-12-31,352.0
MEAS-b619f078,IND-3e9edc99,,,Eldoret,,2026-01-01,2026-01-31,218.0
MEAS-c70fda37,IND-3e9edc99,,,Eldoret,,2026-02-01,2026-03-03,375.0
MEAS-b8b6de6d,IND-3e9edc99,,,Eldoret,,2026-03-01,2026-03-31,350.0
MEAS-816bf384,IND-3e9edc99,,,Eldoret,,2026-05-01,2026-05-31,335.0
MEAS-31e6207c,IND-3e9edc99,,,Eldoret,,2026-08-01,2026-08-31,342.0
MEAS-72cbecf2,IND-3e9edc99,,,Kiambu,,2025-11-01,2025-12-01,312.0
MEAS-287e0d0d,IND-3e9edc99,,,Kiambu,,2025-12-01,2025-12-31,265.0
MEAS-0efba79d,IND-3e9edc99,,,Kiambu,,2026-02-01,2026-03-03,242.0
MEAS-b39be240,IND-3e9edc99,,,Kiambu,,2026-03-01,2026-03-31,330.0
MEAS-39c36cc7,IND-3e9edc99,,,Kiambu,,2026-04-01,2026-05-01,248.0
MEAS-cbf1a791,IND-3e9edc99,,,Kiambu,,2026-05-01,2026-05-31,242.0
MEAS-d3deb0a9,IND-3e9edc99,,,Kiambu,,2026-06-01,2026-07-01,125.0
MEAS-056a98df,IND-3e9edc99,,,Kiambu,,2026-07-01,2026-07-31,128.0
MEAS-c77579fe,IND-3e9edc99,,,Machakos,,2025-10-01,2025-10-31,372.0
MEAS-62f3bf12,IND-3e9edc99,,,Machakos,,2025-12-01,2025-12-31,375.0
MEAS-1a62754b,IND-3e9edc99,,,Machakos,,2026-02-01,2026-03-03,138.0
MEAS-adc6b601,IND-3e9edc99,,,Machakos,,2026-03-01,2026-03-31,202.0
MEAS-9aa930a1,IND-3e9edc99,,,Machakos,,2026-04-01,2026-05-01,362.0
MEAS-a61774a4,IND-3e9edc99,,,Machakos,,2026-05-01,2026-05-31,208.0
MEAS-15ead2ac,IND-3e9edc99,,,Machakos,,2026-07-01,2026-07-31,118.0
MEAS-50989edd,IND-3e9edc99,,,Kajiado,,2025-09-01,2025-10-01,98.0
MEAS-06f62fad,IND-3e9edc99,,,Kajiado,,2025-10-01,2025-10-31,252.0
MEAS-8bdbc7f4,IND-3e9edc99,,,Kajiado,,2025-12-01,2025-12-31,308.0
MEAS-f3619073,IND-3e9edc99,,,Kajiado,,2026-03-01,2026-03-31,205.0
MEAS-55d702e6,IND-3e9edc99,,,Kajiado,,2026-04-01,2026-05-01,228.0
MEAS-66d6802a,IND-3e9edc99,,,Meru,,2025-09-01,2025-10-01,325.0
MEAS-da7fd6a3,IND-3e9edc99,,,Meru,,2025-10-01,2025-10-31,208.0
MEAS-63e8c0c6,IND-3e9edc99,,,Meru,,2025-11-01,2025-12-01,135.0
MEAS-b2f370f3,IND-3e9edc99,,,Meru,,2025-12-01,2025-12-31,185.0
MEAS-87bf2e17,IND-3e9edc99,,,Meru,,2026-01-01,2026-01-31,162.0
MEAS-215b88d1,IND-3e9edc99,,,Meru,,2026-02-01,2026-03-03,202.0
MEAS-ea0d1d50,IND-3e9edc99,,,Meru,,2026-03-01,2026-03-31,310.0
MEAS-ccc8ff8e,IND-3e9edc99,,,Meru,,2026-04-01,2026-05-01,290.0
MEAS-93bdfedc,IND-3e9edc99,,,Meru,,2026-05-01,2026-05-31,215.0
MEAS-7bb1e296,IND-3e9edc99,,,Meru,,2026-06-01,2026-07-01,162.0
MEAS-8ae007cf,IND-3e9edc99,,,Meru,,2026-08-01,2026-08-31,112.0
MEAS-c7ac46c0,IND-3e9edc99,,,Nyeri,,2025-09-01,2025-10-01,242.0
MEAS-b2f1b9d5,IND-3e9edc99,,,Nyeri,,2025-10-01,2025-10-31,275.0
MEAS-0f30d00b,IND-3e9edc99,,,Nyeri,,2025-11-01,2025-12-01,148.0
MEAS-18045c70,IND-3e9edc99,,,Nyeri,,2026-01-01,2026-01-31,112.0
MEAS-01684b2a,IND-3e9edc99,,,Nyeri,,2026-02-01,2026-03-03,270.0
MEAS-6ce456bb,IND-3e9edc99,,,Nyeri,,2026-03-01,2026-03-31,98.0
MEAS-4b8427cd,IND-3e9edc99,,,Kilifi,,2025-09-01,2025-10-01,342.0
MEAS-c3d29f29,IND-3e9edc99,,,Kilifi,,2025-11-01,2025-12-01,222.0
MEAS-f1c85fd7,IND-3e9edc99,,,Kilifi,,2025-12-01,2025-12-31,128.0
MEAS-527ca648,IND-3e9edc99,,,Kilifi,,2026-05-01,2026-05-31,108.0
MEAS-9fa6cbd7,IND-3e9edc99,,,Kilifi,,2026-06-01,2026-07-01,308.0
MEAS-a19ed5bf,IND-3e9edc99,,,Kilifi,,2026-08-01,2026-08-31,190.0
MEAS-f2edd94e,IND-3e9edc99,,,Kakamega,,2025-09-01,2025-10-01,345.0
MEAS-56cc0b34,IND-3e9edc99,,,Kakamega,,2026-01-01,2026-01-31,278.0
MEAS-10c3c047,IND-3e9edc99,,,Kakamega,,2026-02-01,2026-03-03,320.0
MEAS-1e9df4e7,IND-3e9edc99,,,Kakamega,,2026-03-01,2026-03-31,305.0
MEAS-311773b0,IND-3e9edc99,,,Kakamega,,2026-07-01,2026-07-31,288.0
MEAS-8f31758e,IND-0a7bf2e3,PROG-da199d8b,,Kiambu,Scholarship,2025-10-01,2025-10-31,583026.0
MEAS-330b6d06,IND-0a7bf2e3,PROG-da199d8b,,Kiambu,Scholarship,2025-11-01,2025-12-01,4836975.0
MEAS-4370e214,IND-0a7bf2e3,PROG-da199d8b,,Kiambu,Scholarship,2025-12-01,2025-12-31,2942598.0
MEAS-1eba528d,IND-0a7bf2e3,PROG-da199d8b,,Kiambu,Scholarship,2026-02-01,2026-03-03,4094889.0
MEAS-8d8776f9,IND-0a7bf2e3,PROG-da199d8b,,Kiambu,Scholarship,2026-04-01,2026-05-01,3270734.0
MEAS-0df80d2b,IND-0a7bf2e3,PROG-da199d8b,,Kiambu,Scholarship,2026-05-01,2026-05-31,2357641.0
MEAS-be9c1b31,IND-0a7bf2e3,PROG-da199d8b,,Kiambu,Scholarship,2026-07-01,2026-07-31,2053594.0
MEAS-0d1fdcb0,IND-0a7bf2e3,PROG-71e8d7cd,,Kakamega,Vocational,2025-10-01,2025-10-31,4549598.0
MEAS-bb8d8d66,IND-0a7bf2e3,PROG-71e8d7cd,,Kakamega,Vocational,2025-11-01,2025-12-01,985615.0
MEAS-0a260829,IND-0a7bf2e3,PROG-71e8d7cd,,Kakamega,Vocational,2025-12-01,2025-12-31,1711915.0
MEAS-7406ca30,IND-0a7bf2e3,PROG-71e8d7cd,,Kakamega,Vocational,2026-01-01,2026-01-31,2119505.0
MEAS-d3824001,IND-0a7bf2e3,PROG-71e8d7cd,,Kakamega,Vocational,2026-02-01,2026-03-03,2337454.0
MEAS-af29bfef,IND-0a7bf2e3,PROG-71e8d7cd,,Kakamega,Vocational,2026-04-01,2026-05-01,3446757.0
MEAS-5e1ed344,IND-0a7bf2e3,PROG-71e8d7cd,,Kakamega,Vocational,2026-05-01,2026-05-31,4831384.0
MEAS-8ca4e34c,IND-0a7bf2e3,PROG-71e8d7cd,,Kakamega,Vocational,2026-06-01,2026-07-01,3940178.0
MEAS-ea3c2439,IND-0a7bf2e3,PROG-71e8d7cd,,Kakamega,Vocational,2026-07-01,2026-07-31,3525612.0
MEAS-736d4f46,IND-0a7bf2e3,PROG-71e8d7cd,,Kakamega,Vocational,2026-08-01,2026-08-31,3866195.0
MEAS-49ac4f32,IND-0a7bf2e3,PROG-0d758df2,,Eldoret,Tech,2025-09-01,2025-10-01,2836541.0
MEAS-754e925c,IND-0a7bf2e3,PROG-0d758df2,,Eldoret,Tech,2025-11-01,2025-12-01,3729453.0
MEAS-5237d0c7,IND-0a7bf2e3,PROG-0d758df2,,Eldoret,Tech,2026-02-01,2026-03-03,2549198.0
MEAS-8d54d1bc,IND-0a7bf2e3,PROG-0d758df2,,Eldoret,Tech,2026-03-01,2026-03-31,1823843.0
MEAS-dfaac063,IND-0a7bf2e3,PROG-0d758df2,,Eldoret,Tech,2026-04-01,2026-05-01,4045263.0
MEAS-5bd2eae5,IND-0a7bf2e3,PROG-0d758df2,,Eldoret,Tech,2026-06-01,2026-07-01,1598592.0
MEAS-435de304,IND-0a7bf2e3,PROG-0d758df2,,Eldoret,Tech,2026-08-01,2026-08-31,2089720.0
MEAS-713a4ad1,IND-0a7bf2e3,PROG-e4144baa,,Kakamega,Plus,2025-09-01,2025-10-01,3233428.0
MEAS-06c60268,IND-0a7bf2e3,PROG-e4144baa,,Kakamega,Plus,2025-11-01,2025-12-01,4294282.0
MEAS-cd8cf60c,IND-0a7bf2e3,PROG-e4144baa,,Kakamega,Plus,2025-12-01,2025-12-31,1751306.0
MEAS-4a7011a5,IND-0a7bf2e3,PROG-e4144baa,,Kakamega,Plus,2026-01-01,2026-01-31,1871170.0
MEAS-55d1323b,IND-0a7bf2e3,PROG-e4144baa,,Kakamega,Plus,2026-02-01,2026-03-03,925862.0
MEAS-2be3ece3,IND-0a7bf2e3,PROG-e4144baa,,Kakamega,Plus,2026-03-01,2026-03-31,1029970.0
MEAS-9567a559,IND-0a7bf2e3,PROG-e4144baa,,Kakamega,Plus,2026-04-01,2026-05-01,2579984.0
MEAS-4a05b327,IND-0a7bf2e3,PROG-e4144baa,,Kakamega,Plus,2026-05-01,2026-05-31,1551398.0
MEAS-8e09f365,IND-0a7bf2e3,PROG-e4144baa,,Kakamega,Plus,2026-06-01,2026-07-01,971750.0
MEAS-b69338b4,IND-0a7bf2e3,PROG-e4144baa,,Kakamega,Plus,2026-07-01,2026-07-31,472083.0
MEAS-a5690571,IND-0a7bf2e3,PROG-e4144baa,,Kakamega,Plus,2026-08-01,2026-08-31,3587161.0
MEAS-480bd33d,IND-0a7bf2e3,PROG-397ae435,,Kakamega,Scholarship,2025-10-01,2025-10-31,4275823.0
MEAS-f85c321b,IND-0a7bf2e3,PROG-397ae435,,Kakamega,Scholarship,2025-11-01,2025-12-01,1766803.0
MEAS-a94cd9ca,IND-0a7bf2e3,PROG-397ae435,,Kakamega,Scholarship,2025-12-01,2025-12-31,751858.0
MEAS-2fda1cea,IND-0a7bf2e3,PROG-397ae435,,Kakamega,Scholarship,2026-01-01,2026-01-31,4240547.0
MEAS-b1eac292,IND-0a7bf2e3,PROG-397ae435,,Kakamega,Scholarship,2026-05-01,2026-05-31,4856652.0
MEAS-e08c7711,IND-0a7bf2e3,PROG-397ae435,,Kakamega,Scholarship,2026-06-01,2026-07-01,1201642.0
MEAS-615e59cb,IND-0a7bf2e3,PROG-397ae435,,Kakamega,Scholarship,2026-08-01,2026-08-31,859558.0
MEAS-06d21bee,IND-0a7bf2e3,PROG-13c8fa5d,,Kiambu,Vocational,2025-10-01,2025-10-31,1199896.0
MEAS-f2fcb172,IND-0a7bf2e3,PROG-13c8fa5d,,Kiambu,Vocational,2025-11-01,2025-12-01,1172978.0
MEAS-0b7ae702,IND-0a7bf2e3,PROG-13c8fa5d,,Kiambu,Vocational,2026-01-01,2026-01-31,4076474.0
MEAS-74452e71,IND-0a7bf2e3,PROG-13c8fa5d,,Kiambu,Vocational,2026-02-01,2026-03-03,1554286.0
MEAS-2c33ca3f,IND-0a7bf2e3,PROG-13c8fa5d,,Kiambu,Vocational,2026-05-01,2026-05-31,2250854.0
MEAS-4195bf7e,IND-0a7bf2e3,PROG-13c8fa5d,,Kiambu,Vocational,2026-06-01,2026-07-01,4992026.0
MEAS-6d721297,IND-0a7bf2e3,PROG-13c8fa5d,,Kiambu,Vocational,2026-07-01,2026-07-31,1011684.0
MEAS-c2d7903e,IND-0a7bf2e3,PROG-13c8fa5d,,Kiambu,Vocational,2026-08-01,2026-08-31,2058122.0
MEAS-97f02a47,IND-0a7bf2e3,PROG-40a38dca,,Nairobi,Vocational,2025-09-01,2025-10-01,4521479.0
MEAS-6238037b,IND-0a7bf2e3,PROG-40a38dca,,Nairobi,Vocational,2025-10-01,2025-10-31,1381312.0
MEAS-95cc0a00,IND-0a7bf2e3,PROG-40a38dca,,Nairobi,Vocational,2025-12-01,2025-12-31,4028454.0
MEAS-d459f1ca,IND-0a7bf2e3,PROG-40a38dca,,Nairobi,Vocational,2026-01-01,2026-01-31,1886121.0
MEAS-ba58fafe,IND-0a7bf2e3,PROG-40a38dca,,Nairobi,Vocational,2026-03-01,2026-03-31,2747809.0
MEAS-d748e352,IND-0a7bf2e3,PROG-40a38dca,,Nairobi,Vocational,2026-04-01,2026-05-01,3496675.0
MEAS-aabf47f3,IND-0a7bf2e3,PROG-40a38dca,,Nairobi,Vocational,2026-05-01,2026-05-31,4154495.0
MEAS-4a284c44,IND-0a7bf2e3,PROG-40a38dca,,Nairobi,Vocational,2026-08-01,2026-08-31,573445.0
MEAS-3e2f14e3,IND-0a7bf2e3,PROG-c0c76118,,Kilifi,Scholarship,2025-12-01,2025-12-31,613557.0
MEAS-ae47f7c4,IND-0a7bf2e3,PROG-c0c76118,,Kilifi,Scholarship,2026-02-01,2026-03-03,1806880.0
MEAS-f98bcea1,IND-0a7bf2e3,PROG-c0c76118,,Kilifi,Scholarship,2026-06-01,2026-07-01,1418754.0
MEAS-8306d3a3,IND-0a7bf2e3,PROG-c0c76118,,Kilifi,Scholarship,2026-08-01,2026-08-31,2245568.0
MEAS-3e6af77e,IND-0a7bf2e3,PROG-f6167614,,Kiambu,Vocational,2025-09-01,2025-10-01,416823.0
MEAS-c8b59eff,IND-0a7bf2e3,PROG-f6167614,,Kiambu,Vocational,2025-11-01,2025-12-01,2297495.0
MEAS-b263c7f2,IND-0a7bf2e3,PROG-f6167614,,Kiambu,Vocational,2025-12-01,2025-12-31,4489624.0
MEAS-8a20c056,IND-0a7bf2e3,PROG-f6167614,,Kiambu,Vocational,2026-01-01,2026-01-31,3560914.0
MEAS-ce4a6091,IND-0a7bf2e3,PROG-f6167614,,Kiambu,Vocational,2026-02-01,2026-03-03,1836620.0
MEAS-7dfc5071,IND-0a7bf2e3,PROG-f6167614,,Kiambu,Vocational,2026-04-01,2026-05-01,1334859.0
MEAS-eb6a8b1e,IND-0a7bf2e3,PROG-f6167614,,Kiambu,Vocational,2026-06-01,2026-07-01,3028919.0
MEAS-2dd0c71b,IND-0a7bf2e3,PROG-f6167614,,Kiambu,Vocational,2026-07-01,2026-07-31,3845389.0
MEAS-220d12ff,IND-0a7bf2e3,PROG-f6167614,,Kiambu,Vocational,2026-08-01,2026-08-31,2041605.0
MEAS-20e2eaec,IND-0a7bf2e3,PROG-286937a7,,Nyeri,Plus,2025-09-01,2025-10-01,1618144.0
MEAS-af3f4777,IND-0a7bf2e3,PROG-286937a7,,Nyeri,Plus,2025-10-01,2025-10-31,1592839.0
MEAS-15d6dfcf,IND-0a7bf2e3,PROG-286937a7,,Nyeri,Plus,2025-11-01,2025-12-01,4012240.0
MEAS-1cd3333f,IND-0a7bf2e3,PROG-286937a7,,Nyeri,Plus,2025-12-01,2025-12-31,2094996.0
MEAS-6b66ff7a,IND-0a7bf2e3,PROG-286937a7,,Nyeri,Plus,2026-03-01,2026-03-31,4327397.0
MEAS-1fe793fa,IND-0a7bf2e3,PROG-286937a7,,Nyeri,Plus,2026-05-01,2026-05-31,3796885.0
MEAS-59bfe711,IND-0a7bf2e3,PROG-286937a7,,Nyeri,Plus,2026-06-01,2026-07-01,3895643.0
MEAS-7a4877aa,IND-0a7bf2e3,PROG-286937a7,,Nyeri,Plus,2026-07-01,2026-07-31,411781.0
MEAS-fc879f9a,IND-0a7bf2e3,PROG-286937a7,,Nyeri,Plus,2026-08-01,2026-08-31,889915.0
MEAS-bf71cd5f,IND-0a7bf2e3,PROG-28089117,,Nyeri,Vocational,2025-09-01,2025-10-01,4900932.0
MEAS-6b87ad92,IND-0a7bf2e3,PROG-28089117,,Nyeri,Vocational,2026-01-01,2026-01-31,4651248.0
MEAS-3043cd94,IND-0a7bf2e3,PROG-28089117,,Nyeri,Vocational,2026-03-01,2026-03-31,561391.0
MEAS-f4781a2c,IND-0a7bf2e3,PROG-28089117,,Nyeri,Vocational,2026-04-01,2026-05-01,3534550.0
MEAS-508776be,IND-0a7bf2e3,PROG-28089117,,Nyeri,Vocational,2026-05-01,2026-05-31,4044078.0
MEAS-383c2aaa,IND-0a7bf2e3,PROG-28089117,,Nyeri,Vocational,2026-06-01,2026-07-01,2424597.0
MEAS-4cee345a,IND-0a7bf2e3,PROG-28089117,,Nyeri,Vocational,2026-08-01,2026-08-31,1624857.0
MEAS-113e80ff,IND-0a7bf2e3,PROG-9ce19e72,,Nairobi,Plus,2025-09-01,2025-10-01,2208768.0
MEAS-3053b090,IND-0a7bf2e3,PROG-9ce19e72,,Nairobi,Plus,2025-10-01,2025-10-31,544599.0
MEAS-df3f706d,IND-0a7bf2e3,PROG-9ce19e72,,Nairobi,Plus,2025-11-01,2025-12-01,1082976.0
MEAS-d708efe2,IND-0a7bf2e3,PROG-9ce19e72,,Nairobi,Plus,2025-12-01,2025-12-31,3271404.0
MEAS-ca281867,IND-0a7bf2e3,PROG-9ce19e72,,Nairobi,Plus,2026-01-01,2026-01-31,2313465.0
MEAS-e998c48e,IND-0a7bf2e3,PROG-9ce19e72,,Nairobi,Plus,2026-02-01,2026-03-03,1363062.0
MEAS-885dac15,IND-0a7bf2e3,PROG-9ce19e72,,Nairobi,Plus,2026-04-01,2026-05-01,2829929.0
MEAS-ad5c79f6,IND-0a7bf2e3,PROG-9ce19e72,,Nairobi,Plus,2026-05-01,2026-05-31,567903.0
MEAS-f1a1c5f1,IND-0a7bf2e3,PROG-9ce19e72,,Nairobi,Plus,2026-06-01,2026-07-01,4927131.0
MEAS-c1f37131,IND-0a7bf2e3,PROG-9ce19e72,,Nairobi,Plus,2026-07-01,2026-07-31,1701612.0
MEAS-e8da8d12,IND-0a7bf2e3,PROG-9ce19e72,,Nairobi,Plus,2026-08-01,2026-08-31,4020187.0
MEAS-0a954a6e,IND-0a7bf2e3,PROG-e2877dc7,,Kiambu,Scholarship,2025-09-01,2025-10-01,1936696.0
MEAS-2bdc6820,IND-0a7bf2e3,PROG-e2877dc7,,Kiambu,Scholarship,2025-10-01,2025-10-31,944725.0
MEAS-70dc9f45,IND-0a7bf2e3,PROG-e2877dc7,,Kiambu,Scholarship,2025-11-01,2025-12-01,2541187.0
MEAS-774af793,IND-0a7bf2e3,PROG-e2877dc7,,Kiambu,Scholarship,2025-12-01,2025-12-31,4881294.0
MEAS-1543820a,IND-0a7bf2e3,PROG-e2877dc7,,Kiambu,Scholarship,2026-01-01,2026-01-31,3447587.0
MEAS-e77f1803,IND-0a7bf2e3,PROG-e2877dc7,,Kiambu,Scholarship,2026-02-01,2026-03-03,1933425.0
MEAS-4f144032,IND-0a7bf2e3,PROG-e2877dc7,,Kiambu,Scholarship,2026-03-01,2026-03-31,2259418.0
MEAS-579384d9,IND-0a7bf2e3,PROG-e2877dc7,,Kiambu,Scholarship,2026-06-01,2026-07-01,4090371.0
MEAS-e4b2104c,IND-0a7bf2e3,PROG-e2877dc7,,Kiambu,Scholarship,2026-07-01,2026-07-31,3148205.0
MEAS-a9110a4b,IND-0a7bf2e3,PROG-d0d45b7a,,Nakuru,Tech,2025-11-01,2025-12-01,4677815.0
MEAS-8eebb7cc,IND-0a7bf2e3,PROG-d0d45b7a,,Nakuru,Tech,2026-01-01,2026-01-31,3446857.0
MEAS-e75f20c8,IND-0a7bf2e3,PROG-d0d45b7a,,Nakuru,Tech,2026-02-01,2026-03-03,920188.0
MEAS-196b8f42,IND-0a7bf2e3,PROG-d0d45b7a,,Nakuru,Tech,2026-03-01,2026-03-31,1046483.0
MEAS-fe000bdf,IND-0a7bf2e3,PROG-d0d45b7a,,Nakuru,Tech,2026-04-01,2026-05-01,3104639.0
MEAS-f520ec49,IND-0a7bf2e3,PROG-d0d45b7a,,Nakuru,Tech,2026-05-01,2026-05-31,2327869.0
MEAS-dcbeadc4,IND-0a7bf2e3,PROG-d0d45b7a,,Nakuru,Tech,2026-06-01,2026-07-01,4175674.0
MEAS-f45da8c7,IND-0a7bf2e3,PROG-3efe6266,,Kiambu,Tech,2025-09-01,2025-10-01,420772.0
MEAS-00de8e96,IND-0a7bf2e3,PROG-3efe6266,,Kiambu,Tech,2025-10-01,2025-10-31,792769.0
MEAS-80455e0b,IND-0a7bf2e3,PROG-3efe6266,,Kiambu,Tech,2025-12-01,2025-12-31,3990864.0
MEAS-00847737,IND-0a7bf2e3,PROG-3efe6266,,Kiambu,Tech,2026-01-01,2026-01-31,387259.0
MEAS-3c375c6d,IND-0a7bf2e3,PROG-3efe6266,,Kiambu,Tech,2026-03-01,2026-03-31,4233647.0
MEAS-95f2d361,IND-0a7bf2e3,PROG-3efe6266,,Kiambu,Tech,2026-04-01,2026-05-01,3797596.0
MEAS-d3637d2a,IND-0a7bf2e3,PROG-3efe6266,,Kiambu,Tech,2026-05-01,2026-05-31,4254093.0
MEAS-94d565b9,IND-0a7bf2e3,PROG-3efe6266,,Kiambu,Tech,2026-06-01,2026-07-01,3308540.0
MEAS-a0ba913c,IND-0a7bf2e3,PROG-3efe6266,,Kiambu,Tech,2026-08-01,2026-08-31,3540809.0
MEAS-e3107005,IND-0a7bf2e3,PROG-7bd3b262,,Kakamega,Vocational,2025-09-01,2025-10-01,3808925.0
MEAS-f6777b42,IND-0a7bf2e3,PROG-7bd3b262,,Kakamega,Vocational,2025-10-01,2025-10-31,1484552.0
MEAS-631ba9ed,IND-0a7bf2e3,PROG-7bd3b262,,Kakamega,Vocational,2025-11-01,2025-12-01,3841261.0
MEAS-ab148215,IND-0a7bf2e3,PROG-7bd3b262,,Kakamega,Vocational,2025-12-01,2025-12-31,3169062.0
MEAS-01ab67b3,IND-0a7bf2e3,PROG-7bd3b262,,Kakamega,Vocational,2026-01-01,2026-01-31,1947628.0
MEAS-b746b3bf,IND-0a7bf2e3,PROG-7bd3b262,,Kakamega,Vocational,2026-02-01,2026-03-03,2507073.0
MEAS-f710d8a2,IND-0a7bf2e3,PROG-7bd3b262,,Kakamega,Vocational,2026-03-01,2026-03-31,2472112.0
MEAS-b7a80194,IND-0a7bf2e3,PROG-7bd3b262,,Kakamega,Vocational,2026-04-01,2026-05-01,2538312.0
MEAS-2c5496bd,IND-0a7bf2e3,PROG-7bd3b262,,Kakamega,Vocational,2026-06-01,2026-07-01,3451857.0
MEAS-b5c4d708,IND-0a7bf2e3,PROG-7bd3b262,,Kakamega,Vocational,2026-07-01,2026-07-31,4173160.0
MEAS-c0a10c16,IND-0a7bf2e3,PROG-7bd3b262,,Kakamega,Vocational,2026-08-01,2026-08-31,537019.0
MEAS-72feb7d5,IND-0a7bf2e3,PROG-edd8baa9,,Kakamega,Tech,2025-11-01,2025-12-01,949458.0
MEAS-b5e6d828,IND-0a7bf2e3,PROG-edd8baa9,,Kakamega,Tech,2025-12-01,2025-12-31,334985.0
MEAS-5c36570e,IND-0a7bf2e3,PROG-edd8baa9,,Kakamega,Tech,2026-01-01,2026-01-31,4837164.0
MEAS-9b62b0f1,IND-0a7bf2e3,PROG-edd8baa9,,Kakamega,Tech,2026-02-01,2026-03-03,1823651.0
MEAS-feb54fce,IND-0a7bf2e3,PROG-edd8baa9,,Kakamega,Tech,2026-03-01,2026-03-31,4136356.0
MEAS-b8214e06,IND-0a7bf2e3,PROG-edd8baa9,,Kakamega,Tech,2026-04-01,2026-05-01,2225640.0
MEAS-3e3901e5,IND-0a7bf2e3,PROG-edd8baa9,,Kakamega,Tech,2026-05-01,2026-05-31,4261182.0
MEAS-a4202e7c,IND-0a7bf2e3,PROG-edd8baa9,,Kakamega,Tech,2026-06-01,2026-07-01,3437554.0
MEAS-6560ee70,IND-0a7bf2e3,PROG-edd8baa9,,Kakamega,Tech,2026-07-01,2026-07-31,1151017.0
MEAS-a1fa96d3,IND-0a7bf2e3,PROG-edd8baa9,,Kakamega,Tech,2026-08-01,2026-08-31,1009956.0
MEAS-d0a12f26,IND-0a7bf2e3,PROG-62cc2bca,,Kisumu,Vocational,2025-09-01,2025-10-01,1669522.0
MEAS-5d6f3aad,IND-0a7bf2e3,PROG-62cc2bca,,Kisumu,Vocational,2025-11-01,2025-12-01,2898612.0
MEAS-e7dc4eb1,IND-0a7bf2e3,PROG-62cc2bca,,Kisumu,Vocational,2025-12-01,2025-12-31,321646.0
MEAS-0f468c11,IND-0a7bf2e3,PROG-62cc2bca,,Kisumu,Vocational,2026-01-01,2026-01-31,4511571.0
MEAS-9d02ea52,IND-0a7bf2e3,PROG-62cc2bca,,Kisumu,Vocational,2026-02-01,2026-03-03,1523164.0
MEAS-8cde97a2,IND-0a7bf2e3,PROG-62cc2bca,,Kisumu,Vocational,2026-04-01,2026-05-01,4584700.0
MEAS-beca20c8,IND-0a7bf2e3,PROG-62cc2bca,,Kisumu,Vocational,2026-05-01,2026-05-31,967583.0
MEAS-ca344ed4,IND-0a7bf2e3,PROG-62cc2bca,,Kisumu,Vocational,2026-06-01,2026-07-01,1219022.0
MEAS-3c52dbae,IND-0a7bf2e3,PROG-62cc2bca,,Kisumu,Vocational,2026-08-01,2026-08-31,864052.0
MEAS-27faa9e6,IND-0a7bf2e3,PROG-c14cbf07,,Machakos,Vocational,2025-09-01,2025-10-01,3146642.0
MEAS-1dc070de,IND-0a7bf2e3,PROG-c14cbf07,,Machakos,Vocational,2025-10-01,2025-10-31,4618671.0
MEAS-ea39b6df,IND-0a7bf2e3,PROG-c14cbf07,,Machakos,Vocational,2025-11-01,2025-12-01,3579845.0
MEAS-7b46e692,IND-0a7bf2e3,PROG-c14cbf07,,Machakos,Vocational,2026-01-01,2026-01-31,4707337.0
MEAS-07479bd0,IND-0a7bf2e3,PROG-c14cbf07,,Machakos,Vocational,2026-02-01,2026-03-03,4577307.0
MEAS-2c6b9f70,IND-0a7bf2e3,PROG-c14cbf07,,Machakos,Vocational,2026-03-01,2026-03-31,150114.0
MEAS-7c768d91,IND-0a7bf2e3,PROG-c14cbf07,,Machakos,Vocational,2026-05-01,2026-05-31,4228908.0
MEAS-d1b800d6,IND-0a7bf2e3,PROG-c14cbf07,,Machakos,Vocational,2026-06-01,2026-07-01,3918204.0
MEAS-4ab77c63,IND-0a7bf2e3,PROG-c14cbf07,,Machakos,Vocational,2026-07-01,2026-07-31,151106.0
MEAS-d922bc77,IND-0a7bf2e3,PROG-c14cbf07,,Machakos,Vocational,2026-08-01,2026-08-31,304817.0
MEAS-db7d51ce,IND-0a7bf2e3,PROG-5b970cc8,,Kiambu,Tech,2025-10-01,2025-10-31,3478547.0
MEAS-d8e4a7c1,IND-0a7bf2e3,PROG-5b970cc8,,Kiambu,Tech,2025-11-01,2025-12-01,660464.0
MEAS-dca1e00b,IND-0a7bf2e3,PROG-5b970cc8,,Kiambu,Tech,2025-12-01,2025-12-31,3976831.0
MEAS-a8989bc9,IND-0a7bf2e3,PROG-5b970cc8,,Kiambu,Tech,2026-01-01,2026-01-31,2731005.0
MEAS-2d9ec692,IND-0a7bf2e3,PROG-5b970cc8,,Kiambu,Tech,2026-02-01,2026-03-03,3726455.0
MEAS-27dbb96b,IND-0a7bf2e3,PROG-5b970cc8,,Kiambu,Tech,2026-05-01,2026-05-31,1495553.0
MEAS-8cea6b7c,IND-0a7bf2e3,PROG-5b970cc8,,Kiambu,Tech,2026-06-01,2026-07-01,4291990.0
MEAS-ce4c2332,IND-0a7bf2e3,PROG-5b970cc8,,Kiambu,Tech,2026-07-01,2026-07-31,3828848.0
MEAS-f0e5b2ee,IND-0a7bf2e3,PROG-5b970cc8,,Kiambu,Tech,2026-08-01,2026-08-31,4439438.0
MEAS-b0c9aa98,IND-0a7bf2e3,PROG-bca78c91,,Eldoret,Vocational,2025-09-01,2025-10-01,523865.0
MEAS-ba6a8ede,IND-0a7bf2e3,PROG-bca78c91,,Eldoret,Vocational,2025-11-01,2025-12-01,2639305.0
MEAS-8a9f2793,IND-0a7bf2e3,PROG-bca78c91,,Eldoret,Vocational,2025-12-01,2025-12-31,2446217.0
MEAS-28fc637e,IND-0a7bf2e3,PROG-bca78c91,,Eldoret,Vocational,2026-01-01,2026-01-31,286353.0
MEAS-a12129da,IND-0a7bf2e3,PROG-bca78c91,,Eldoret,Vocational,2026-02-01,2026-03-03,509679.0
MEAS-f16fcf7f,IND-0a7bf2e3,PROG-bca78c91,,Eldoret,Vocational,2026-03-01,2026-03-31,430262.0
MEAS-cfdbc9ff,IND-0a7bf2e3,PROG-bca78c91,,Eldoret,Vocational,2026-04-01,2026-05-01,1917419.0
MEAS-814a7469,IND-0a7bf2e3,PROG-bca78c91,,Eldoret,Vocational,2026-06-01,2026-07-01,3868720.0
MEAS-b5c0b667,IND-0a7bf2e3,PROG-bca78c91,,Eldoret,Vocational,2026-07-01,2026-07-31,2567735.0
MEAS-15ffc59f,IND-0a7bf2e3,PROG-ff2c588f,,Machakos,Plus,2025-11-01,2025-12-01,169635.0
MEAS-c7898e2a,IND-0a7bf2e3,PROG-ff2c588f,,Machakos,Plus,2025-12-01,2025-12-31,4311489.0
MEAS-72096ff0,IND-0a7bf2e3,PROG-ff2c588f,,Machakos,Plus,2026-01-01,2026-01-31,960092.0
MEAS-185b0e5c,IND-0a7bf2e3,PROG-ff2c588f,,Machakos,Plus,2026-02-01,2026-03-03,4517658.0
MEAS-109120e5,IND-0a7bf2e3,PROG-ff2c588f,,Machakos,Plus,2026-03-01,2026-03-31,1962168.0
MEAS-427ce9db,IND-0a7bf2e3,PROG-ff2c588f,,Machakos,Plus,2026-05-01,2026-05-31,1203654.0
MEAS-49db8665,IND-0a7bf2e3,PROG-ff2c588f,,Machakos,Plus,2026-06-01,2026-07-01,1745854.0
MEAS-57a45d76,IND-0a7bf2e3,PROG-ff2c588f,,Machakos,Plus,2026-08-01,2026-08-31,2258599.0
MEAS-f51f1925,IND-0a7bf2e3,PROG-520100dc,,Kajiado,Tech,2025-10-01,2025-10-31,1510252.0
MEAS-acce881e,IND-0a7bf2e3,PROG-520100dc,,Kajiado,Tech,2025-11-01,2025-12-01,2780904.0
MEAS-d9ea3e6c,IND-0a7bf2e3,PROG-520100dc,,Kajiado,Tech,2025-12-01,2025-12-31,645692.0
MEAS-eb530718,IND-0a7bf2e3,PROG-520100dc,,Kajiado,Tech,2026-01-01,2026-01-31,2638432.0
MEAS-f04c5847,IND-0a7bf2e3,PROG-520100dc,,Kajiado,Tech,2026-02-01,2026-03-03,3630364.0
MEAS-48eea89f,IND-0a7bf2e3,PROG-520100dc,,Kajiado,Tech,2026-04-01,2026-05-01,288307.0
MEAS-bab48af8,IND-0a7bf2e3,PROG-520100dc,,Kajiado,Tech,2026-06-01,2026-07-01,128918.0
MEAS-30d3392d,IND-0a7bf2e3,PROG-520100dc,,Kajiado,Tech,2026-07-01,2026-07-31,386246.0
MEAS-c999a71b,IND-0a7bf2e3,PROG-520100dc,,Kajiado,Tech,2026-08-01,2026-08-31,2878078.0
MEAS-fcaddba2,IND-0a7bf2e3,PROG-2baf66ee,,Mombasa,Vocational,2025-11-01,2025-12-01,2773354.0
MEAS-733d4112,IND-0a7bf2e3,PROG-2baf66ee,,Mombasa,Vocational,2025-12-01,2025-12-31,4137592.0
MEAS-f14b5ca7,IND-0a7bf2e3,PROG-2baf66ee,,Mombasa,Vocational,2026-01-01,2026-01-31,2900310.0
MEAS-e4108149,IND-0a7bf2e3,PROG-2baf66ee,,Mombasa,Vocational,2026-02-01,2026-03-03,3459489.0
MEAS-ad6bb9ee,IND-0a7bf2e3,PROG-2baf66ee,,Mombasa,Vocational,2026-03-01,2026-03-31,4560181.0
MEAS-08dbd54f,IND-0a7bf2e3,PROG-2baf66ee,,Mombasa,Vocational,2026-04-01,2026-05-01,2503755.0
MEAS-b38a963a,IND-0a7bf2e3,PROG-2baf66ee,,Mombasa,Vocational,2026-05-01,2026-05-31,4902642.0
MEAS-d35caf8a,IND-0a7bf2e3,PROG-2baf66ee,,Mombasa,Vocational,2026-06-01,2026-07-01,2447733.0
MEAS-acd64742,IND-0a7bf2e3,PROG-2baf66ee,,Mombasa,Vocational,2026-08-01,2026-08-31,4409277.0
MEAS-1ad30704,IND-0a7bf2e3,PROG-3a17d4bd,,Nyeri,Tech,2025-09-01,2025-10-01,1505631.0
MEAS-4d33e86f,IND-0a7bf2e3,PROG-3a17d4bd,,Nyeri,Tech,2025-12-01,2025-12-31,1360334.0
MEAS-48804f22,IND-0a7bf2e3,PROG-3a17d4bd,,Nyeri,Tech,2026-01-01,2026-01-31,3726027.0
MEAS-ba19df8b,IND-0a7bf2e3,PROG-3a17d4bd,,Nyeri,Tech,2026-02-01,2026-03-03,1569303.0
MEAS-44f7a48f,IND-0a7bf2e3,PROG-3a17d4bd,,Nyeri,Tech,2026-03-01,2026-03-31,2110820.0
MEAS-d7cb1c5f,IND-0a7bf2e3,PROG-3a17d4bd,,Nyeri,Tech,2026-07-01,2026-07-31,3169850.0
MEAS-99474222,IND-0a7bf2e3,PROG-3a17d4bd,,Nyeri,Tech,2026-08-01,2026-08-31,2088383.0
MEAS-4a0ef5f8,IND-0a7bf2e3,PROG-1f8ed400,,Machakos,Plus,2025-10-01,2025-10-31,2316328.0
MEAS-8fa2eb91,IND-0a7bf2e3,PROG-1f8ed400,,Machakos,Plus,2025-12-01,2025-12-31,1755227.0
MEAS-7a3f9c83,IND-0a7bf2e3,PROG-1f8ed400,,Machakos,Plus,2026-01-01,2026-01-31,752262.0
MEAS-b9cee140,IND-0a7bf2e3,PROG-1f8ed400,,Machakos,Plus,2026-02-01,2026-03-03,1305435.0
MEAS-f56e326e,IND-0a7bf2e3,PROG-1f8ed400,,Machakos,Plus,2026-04-01,2026-05-01,4745225.0
MEAS-657c2ede,IND-0a7bf2e3,PROG-1f8ed400,,Machakos,Plus,2026-07-01,2026-07-31,2370542.0
MEAS-c420ff50,IND-0a7bf2e3,PROG-05bef3b8,,Nakuru,Scholarship,2025-10-01,2025-10-31,1603805.0
MEAS-d143d20c,IND-0a7bf2e3,PROG-05bef3b8,,Nakuru,Scholarship,2025-11-01,2025-12-01,2404139.0
MEAS-dd51bfbf,IND-0a7bf2e3,PROG-05bef3b8,,Nakuru,Scholarship,2025-12-01,2025-12-31,2316367.0
MEAS-27cb697a,IND-0a7bf2e3,PROG-05bef3b8,,Nakuru,Scholarship,2026-04-01,2026-05-01,1077108.0
MEAS-44c91677,IND-0a7bf2e3,PROG-05bef3b8,,Nakuru,Scholarship,2026-05-01,2026-05-31,4460631.0
MEAS-7f651ea0,IND-0a7bf2e3,PROG-05bef3b8,,Nakuru,Scholarship,2026-06-01,2026-07-01,4691898.0
MEAS-f8c39317,IND-0a7bf2e3,PROG-05bef3b8,,Nakuru,Scholarship,2026-07-01,2026-07-31,4721676.0
MEAS-34671566,IND-0a7bf2e3,PROG-05bef3b8,,Nakuru,Scholarship,2026-08-01,2026-08-31,1111621.0
MEAS-6ebd53fc,IND-0a7bf2e3,PROG-be2f87c2,,Machakos,Vocational,2025-09-01,2025-10-01,944470.0
MEAS-5366bd5b,IND-0a7bf2e3,PROG-be2f87c2,,Machakos,Vocational,2025-11-01,2025-12-01,3869276.0
MEAS-fabf89cf,IND-0a7bf2e3,PROG-be2f87c2,,Machakos,Vocational,2025-12-01,2025-12-31,2917839.0
MEAS-cfcb1827,IND-0a7bf2e3,PROG-be2f87c2,,Machakos,Vocational,2026-02-01,2026-03-03,1650804.0
MEAS-16a028c5,IND-0a7bf2e3,PROG-be2f87c2,,Machakos,Vocational,2026-03-01,2026-03-31,3718482.0
MEAS-a3cf9f8f,IND-0a7bf2e3,PROG-be2f87c2,,Machakos,Vocational,2026-05-01,2026-05-31,3090754.0
MEAS-03c7bb7c,IND-0a7bf2e3,PROG-be2f87c2,,Machakos,Vocational,2026-07-01,2026-07-31,3177620.0
MEAS-0759d542,IND-0a7bf2e3,PROG-be2f87c2,,Machakos,Vocational,2026-08-01,2026-08-31,575617.0
MEAS-74aa6076,IND-0a7bf2e3,PROG-29aab137,,Kiambu,Scholarship,2025-09-01,2025-10-01,205184.0
MEAS-62a17649,IND-0a7bf2e3,PROG-29aab137,,Kiambu,Scholarship,2025-12-01,2025-12-31,540740.0
MEAS-affa2733,IND-0a7bf2e3,PROG-29aab137,,Kiambu,Scholarship,2026-02-01,2026-03-03,3743563.0
MEAS-4d189ef7,IND-0a7bf2e3,PROG-29aab137,,Kiambu,Scholarship,2026-04-01,2026-05-01,423513.0
MEAS-fe966921,IND-0a7bf2e3,PROG-29aab137,,Kiambu,Scholarship,2026-05-01,2026-05-31,1645950.0
MEAS-c3373f80,IND-0a7bf2e3,PROG-29aab137,,Kiambu,Scholarship,2026-07-01,2026-07-31,1759242.0
MEAS-1e1900e6,IND-0a7bf2e3,PROG-29aab137,,Kiambu,Scholarship,2026-08-01,2026-08-31,1585878.0
MEAS-ea611aec,IND-0a7bf2e3,PROG-7694a7c4,,Kilifi,Tech,2025-10-01,2025-10-31,4414751.0
MEAS-e146d29f,IND-0a7bf2e3,PROG-7694a7c4,,Kilifi,Tech,2025-11-01,2025-12-01,680358.0
MEAS-54289c0d,IND-0a7bf2e3,PROG-7694a7c4,,Kilifi,Tech,2026-01-01,2026-01-31,2852154.0
MEAS-ae8267c0,IND-0a7bf2e3,PROG-7694a7c4,,Kilifi,Tech,2026-02-01,2026-03-03,3529327.0
MEAS-64e71a20,IND-0a7bf2e3,PROG-7694a7c4,,Kilifi,Tech,2026-03-01,2026-03-31,4255174.0
MEAS-a305d471,IND-0a7bf2e3,PROG-7694a7c4,,Kilifi,Tech,2026-04-01,2026-05-01,655466.0
MEAS-ac6b636e,IND-0a7bf2e3,PROG-7694a7c4,,Kilifi,Tech,2026-07-01,2026-07-31,292954.0
MEAS-44cdca88,IND-e281a46a,PROG-a0e0d78d,,Nyeri,Plus,2025-09-01,2025-10-01,407.0
MEAS-9e9a49d7,IND-e281a46a,PROG-a0e0d78d,,Nyeri,Plus,2025-11-01,2025-12-01,493.0
MEAS-fbd8c1db,IND-e281a46a,PROG-a0e0d78d,,Nyeri,Plus,2025-12-01,2025-12-31,330.0
MEAS-1d716759,IND-e281a46a,PROG-a0e0d78d,,Nyeri,Plus,2026-01-01,2026-01-31,496.0
MEAS-079cd832,IND-e281a46a,PROG-a0e0d78d,,Nyeri,Plus,2026-02-01,2026-03-03,164.0
MEAS-705bf090,IND-e281a46a,PROG-a0e0d78d,,Nyeri,Plus,2026-03-01,2026-03-31,492.0
MEAS-423af973,IND-e281a46a,PROG-a0e0d78d,,Nyeri,Plus,2026-05-01,2026-05-31,193.0
MEAS-40558b3f,IND-e281a46a,PROG-a0e0d78d,,Nyeri,Plus,2026-06-01,2026-07-01,342.0
MEAS-de1c6dda,IND-e281a46a,PROG-a0e0d78d,,Nyeri,Plus,2026-08-01,2026-08-31,498.0
MEAS-cae353ac,IND-e281a46a,PROG-13c8fa5d,,Kiambu,Vocational,2025-09-01,2025-10-01,173.0
MEAS-7f5ee724,IND-e281a46a,PROG-13c8fa5d,,Kiambu,Vocational,2025-11-01,2025-12-01,347.0
MEAS-18c1edca,IND-e281a46a,PROG-13c8fa5d,,Kiambu,Vocational,2025-12-01,2025-12-31,64.0
MEAS-10a73855,IND-e281a46a,PROG-13c8fa5d,,Kiambu,Vocational,2026-03-01,2026-03-31,308.0
MEAS-15eeb801,IND-e281a46a,PROG-13c8fa5d,,Kiambu,Vocational,2026-04-01,2026-05-01,140.0
MEAS-cd286187,IND-e281a46a,PROG-13c8fa5d,,Kiambu,Vocational,2026-05-01,2026-05-31,225.0
MEAS-23bd868d,IND-e281a46a,PROG-13c8fa5d,,Kiambu,Vocational,2026-06-01,2026-07-01,172.0
MEAS-42392b89,IND-e281a46a,PROG-13c8fa5d,,Kiambu,Vocational,2026-07-01,2026-07-31,215.0
MEAS-f94a85b2,IND-e281a46a,PROG-13c8fa5d,,Kiambu,Vocational,2026-08-01,2026-08-31,497.0
MEAS-53109e23,IND-e281a46a,PROG-a2191006,,Eldoret,Vocational,2025-09-01,2025-10-01,368.0
MEAS-41d1f779,IND-e281a46a,PROG-a2191006,,Eldoret,Vocational,2025-10-01,2025-10-31,206.0
MEAS-6c9be29f,IND-e281a46a,PROG-a2191006,,Eldoret,Vocational,2025-11-01,2025-12-01,137.0
MEAS-1a74598c,IND-e281a46a,PROG-a2191006,,Eldoret,Vocational,2025-12-01,2025-12-31,87.0
MEAS-d506a254,IND-e281a46a,PROG-a2191006,,Eldoret,Vocational,2026-01-01,2026-01-31,352.0
MEAS-e1a95cf3,IND-e281a46a,PROG-a2191006,,Eldoret,Vocational,2026-06-01,2026-07-01,108.0
MEAS-da5e8452,IND-e281a46a,PROG-a2191006,,Eldoret,Vocational,2026-08-01,2026-08-31,130.0
MEAS-77bc9bed,IND-e281a46a,PROG-eb03aa49,,Meru,Scholarship,2025-09-01,2025-10-01,307.0
MEAS-039623da,IND-e281a46a,PROG-eb03aa49,,Meru,Scholarship,2025-10-01,2025-10-31,89.0
MEAS-e4c14239,IND-e281a46a,PROG-eb03aa49,,Meru,Scholarship,2025-11-01,2025-12-01,375.0
MEAS-1ea3045f,IND-e281a46a,PROG-eb03aa49,,Meru,Scholarship,2026-01-01,2026-01-31,459.0
MEAS-e6acb065,IND-e281a46a,PROG-eb03aa49,,Meru,Scholarship,2026-02-01,2026-03-03,312.0
MEAS-be585651,IND-e281a46a,PROG-eb03aa49,,Meru,Scholarship,2026-05-01,2026-05-31,199.0
MEAS-bddca33a,IND-e281a46a,PROG-eb03aa49,,Meru,Scholarship,2026-06-01,2026-07-01,326.0
MEAS-b9f5ae3b,IND-e281a46a,PROG-eb03aa49,,Meru,Scholarship,2026-07-01,2026-07-31,112.0
MEAS-04410ad5,IND-e281a46a,PROG-12e377cd,,Kilifi,Plus,2025-10-01,2025-10-31,373.0
MEAS-20dd7cfc,IND-e281a46a,PROG-12e377cd,,Kilifi,Plus,2025-11-01,2025-12-01,245.0
MEAS-ef9ea4bf,IND-e281a46a,PROG-12e377cd,,Kilifi,Plus,2025-12-01,2025-12-31,145.0
MEAS-51062a8a,IND-e281a46a,PROG-12e377cd,,Kilifi,Plus,2026-02-01,2026-03-03,331.0
MEAS-f5e5f94e,IND-e281a46a,PROG-12e377cd,,Kilifi,Plus,2026-03-01,2026-03-31,418.0
MEAS-c285c155,IND-e281a46a,PROG-12e377cd,,Kilifi,Plus,2026-05-01,2026-05-31,368.0
MEAS-df90ad18,IND-e281a46a,PROG-12e377cd,,Kilifi,Plus,2026-06-01,2026-07-01,379.0
MEAS-bf19a107,IND-e281a46a,PROG-12e377cd,,Kilifi,Plus,2026-07-01,2026-07-31,437.0
MEAS-dd47fa51,IND-e281a46a,PROG-12e377cd,,Kilifi,Plus,2026-08-01,2026-08-31,278.0
MEAS-e28215c0,IND-e281a46a,PROG-d64ed648,,Meru,Tech,2025-09-01,2025-10-01,488.0
MEAS-6e34e872,IND-e281a46a,PROG-d64ed648,,Meru,Tech,2025-10-01,2025-10-31,445.0
MEAS-81ee515e,IND-e281a46a,PROG-d64ed648,,Meru,Tech,2025-11-01,2025-12-01,135.0
MEAS-31be1ce7,IND-e281a46a,PROG-d64ed648,,Meru,Tech,2025-12-01,2025-12-31,393.0
MEAS-b106616f,IND-e281a46a,PROG-d64ed648,,Meru,Tech,2026-01-01,2026-01-31,432.0
MEAS-2b9b0918,IND-e281a46a,PROG-d64ed648,,Meru,Tech,2026-03-01,2026-03-31,228.0
MEAS-81c1e233,IND-e281a46a,PROG-d64ed648,,Meru,Tech,2026-05-01,2026-05-31,236.0
MEAS-6c1e67c1,IND-e281a46a,PROG-d64ed648,,Meru,Tech,2026-06-01,2026-07-01,148.0
MEAS-a43c83ea,IND-e281a46a,PROG-d64ed648,,Meru,Tech,2026-07-01,2026-07-31,205.0
MEAS-7d2c8989,IND-e281a46a,PROG-d64ed648,,Meru,Tech,2026-08-01,2026-08-31,53.0
MEAS-0036d4a5,IND-e281a46a,PROG-7bc39a8c,,Nairobi,Scholarship,2025-10-01,2025-10-31,177.0
MEAS-788b8ca9,IND-e281a46a,PROG-7bc39a8c,,Nairobi,Scholarship,2025-11-01,2025-12-01,78.0
MEAS-eef92bd5,IND-e281a46a,PROG-7bc39a8c,,Nairobi,Scholarship,2025-12-01,2025-12-31,456.0
MEAS-24b99ada,IND-e281a46a,PROG-7bc39a8c,,Nairobi,Scholarship,2026-01-01,2026-01-31,390.0
MEAS-fab5807b,IND-e281a46a,PROG-7bc39a8c,,Nairobi,Scholarship,2026-02-01,2026-03-03,353.0
MEAS-d349fc5b,IND-e281a46a,PROG-7bc39a8c,,Nairobi,Scholarship,2026-04-01,2026-05-01,490.0
MEAS-8c0b1616,IND-e281a46a,PROG-7bc39a8c,,Nairobi,Scholarship,2026-05-01,2026-05-31,193.0
MEAS-00db5807,IND-e281a46a,PROG-7bc39a8c,,Nairobi,Scholarship,2026-08-01,2026-08-31,322.0
MEAS-9be8b066,IND-e281a46a,PROG-0cb596de,,Kakamega,Plus,2025-10-01,2025-10-31,377.0
MEAS-4e52f3f3,IND-e281a46a,PROG-0cb596de,,Kakamega,Plus,2025-11-01,2025-12-01,211.0
MEAS-ce13427d,IND-e281a46a,PROG-0cb596de,,Kakamega,Plus,2026-01-01,2026-01-31,185.0
MEAS-824f4a20,IND-e281a46a,PROG-0cb596de,,Kakamega,Plus,2026-02-01,2026-03-03,296.0
MEAS-03525553,IND-e281a46a,PROG-0cb596de,,Kakamega,Plus,2026-04-01,2026-05-01,127.0
MEAS-87e6da16,IND-e281a46a,PROG-0cb596de,,Kakamega,Plus,2026-05-01,2026-05-31,234.0
MEAS-9302961e,IND-e281a46a,PROG-0cb596de,,Kakamega,Plus,2026-07-01,2026-07-31,408.0
MEAS-234c871a,IND-e281a46a,PROG-11d48786,,Nyeri,Vocational,2025-09-01,2025-10-01,441.0
MEAS-79c986e4,IND-e281a46a,PROG-11d48786,,Nyeri,Vocational,2025-10-01,2025-10-31,119.0
MEAS-3c00c310,IND-e281a46a,PROG-11d48786,,Nyeri,Vocational,2025-12-01,2025-12-31,477.0
MEAS-1743fc97,IND-e281a46a,PROG-11d48786,,Nyeri,Vocational,2026-03-01,2026-03-31,442.0
MEAS-955e0aa4,IND-e281a46a,PROG-11d48786,,Nyeri,Vocational,2026-04-01,2026-05-01,215.0
MEAS-594b3b99,IND-e281a46a,PROG-11d48786,,Nyeri,Vocational,2026-05-01,2026-05-31,418.0
MEAS-8c66c8fb,IND-e281a46a,PROG-11d48786,,Nyeri,Vocational,2026-07-01,2026-07-31,476.0
MEAS-515e03a5,IND-e281a46a,PROG-11d48786,,Nyeri,Vocational,2026-08-01,2026-08-31,57.0
MEAS-1c9c31cf,IND-e281a46a,PROG-676845a5,,Eldoret,Vocational,2025-09-01,2025-10-01,172.0
MEAS-b8fd9a9f,IND-e281a46a,PROG-676845a5,,Eldoret,Vocational,2025-10-01,2025-10-31,274.0
MEAS-1791aa99,IND-e281a46a,PROG-676845a5,,Eldoret,Vocational,2025-11-01,2025-12-01,423.0
MEAS-d139e43c,IND-e281a46a,PROG-676845a5,,Eldoret,Vocational,2026-01-01,2026-01-31,135.0
MEAS-821042c7,IND-e281a46a,PROG-676845a5,,Eldoret,Vocational,2026-02-01,2026-03-03,275.0
MEAS-c8f09b52,IND-e281a46a,PROG-676845a5,,Eldoret,Vocational,2026-03-01,2026-03-31,433.0
MEAS-8927e5a0,IND-e281a46a,PROG-676845a5,,Eldoret,Vocational,2026-04-01,2026-05-01,350.0
MEAS-33b1e7b9,IND-e281a46a,PROG-676845a5,,Eldoret,Vocational,2026-05-01,2026-05-31,98.0
MEAS-e19a00be,IND-e281a46a,PROG-676845a5,,Eldoret,Vocational,2026-08-01,2026-08-31,114.0
MEAS-3882981d,IND-e281a46a,PROG-37d82bff,,Eldoret,Plus,2025-09-01,2025-10-01,272.0
MEAS-f5b954bb,IND-e281a46a,PROG-37d82bff,,Eldoret,Plus,2025-10-01,2025-10-31,271.0
MEAS-9185e786,IND-e281a46a,PROG-37d82bff,,Eldoret,Plus,2025-12-01,2025-12-31,202.0
MEAS-2ce13b99,IND-e281a46a,PROG-37d82bff,,Eldoret,Plus,2026-01-01,2026-01-31,328.0
MEAS-41d496cc,IND-e281a46a,PROG-37d82bff,,Eldoret,Plus,2026-02-01,2026-03-03,320.0
MEAS-2dbb1285,IND-e281a46a,PROG-37d82bff,,Eldoret,Plus,2026-03-01,2026-03-31,203.0
MEAS-2554c75a,IND-e281a46a,PROG-37d82bff,,Eldoret,Plus,2026-04-01,2026-05-01,360.0
MEAS-b0888422,IND-e281a46a,PROG-37d82bff,,Eldoret,Plus,2026-05-01,2026-05-31,304.0
MEAS-3142b688,IND-e281a46a,PROG-37d82bff,,Eldoret,Plus,2026-06-01,2026-07-01,58.0
MEAS-6f938088,IND-e281a46a,PROG-37d82bff,,Eldoret,Plus,2026-07-01,2026-07-31,161.0
MEAS-1bef2e08,IND-e281a46a,PROG-990634d9,,Meru,Tech,2025-09-01,2025-10-01,460.0
MEAS-63f77e80,IND-e281a46a,PROG-990634d9,,Meru,Tech,2025-11-01,2025-12-01,456.0
MEAS-60b4ce1d,IND-e281a46a,PROG-990634d9,,Meru,Tech,2025-12-01,2025-12-31,176.0
MEAS-865b2d34,IND-e281a46a,PROG-990634d9,,Meru,Tech,2026-01-01,2026-01-31,407.0
MEAS-29768156,IND-e281a46a,PROG-990634d9,,Meru,Tech,2026-02-01,2026-03-03,456.0
MEAS-f94f8c24,IND-e281a46a,PROG-990634d9,,Meru,Tech,2026-05-01,2026-05-31,460.0
MEAS-f547ea8b,IND-e281a46a,PROG-990634d9,,Meru,Tech,2026-07-01,2026-07-31,416.0
MEAS-1efd7052,IND-e281a46a,PROG-990634d9,,Meru,Tech,2026-08-01,2026-08-31,303.0
MEAS-a33db073,IND-e281a46a,PROG-6c9c5478,,Eldoret,Plus,2025-10-01,2025-10-31,446.0
MEAS-89aca0be,IND-e281a46a,PROG-6c9c5478,,Eldoret,Plus,2025-11-01,2025-12-01,117.0
MEAS-ab2ea0f0,IND-e281a46a,PROG-6c9c5478,,Eldoret,Plus,2025-12-01,2025-12-31,288.0
MEAS-850a9c80,IND-e281a46a,PROG-6c9c5478,,Eldoret,Plus,2026-01-01,2026-01-31,455.0
MEAS-4f452592,IND-e281a46a,PROG-6c9c5478,,Eldoret,Plus,2026-04-01,2026-05-01,225.0
MEAS-a8f1036f,IND-e281a46a,PROG-6c9c5478,,Eldoret,Plus,2026-05-01,2026-05-31,396.0
MEAS-b96d5b16,IND-e281a46a,PROG-6c9c5478,,Eldoret,Plus,2026-07-01,2026-07-31,400.0
MEAS-bb8f142e,IND-e281a46a,PROG-6c9c5478,,Eldoret,Plus,2026-08-01,2026-08-31,150.0
MEAS-e90eba05,IND-e281a46a,PROG-9e60e575,,Eldoret,Scholarship,2025-09-01,2025-10-01,210.0
MEAS-e3de4f59,IND-e281a46a,PROG-9e60e575,,Eldoret,Scholarship,2025-10-01,2025-10-31,303.0
MEAS-24335ffe,IND-e281a46a,PROG-9e60e575,,Eldoret,Scholarship,2026-01-01,2026-01-31,191.0
MEAS-8babba21,IND-e281a46a,PROG-9e60e575,,Eldoret,Scholarship,2026-03-01,2026-03-31,415.0
MEAS-e9768794,IND-e281a46a,PROG-9e60e575,,Eldoret,Scholarship,2026-04-01,2026-05-01,466.0
MEAS-1b8fcbb1,IND-e281a46a,PROG-9e60e575,,Eldoret,Scholarship,2026-05-01,2026-05-31,183.0
MEAS-6df31e42,IND-e281a46a,PROG-9e60e575,,Eldoret,Scholarship,2026-06-01,2026-07-01,448.0
MEAS-19b905e4,IND-e281a46a,PROG-9e60e575,,Eldoret,Scholarship,2026-07-01,2026-07-31,277.0
MEAS-ad85ec75,IND-e281a46a,PROG-9e60e575,,Eldoret,Scholarship,2026-08-01,2026-08-31,219.0
MEAS-bd89f4a4,IND-e281a46a,PROG-43b7f932,,Nyeri,Tech,2025-11-01,2025-12-01,142.0
MEAS-bd760059,IND-e281a46a,PROG-43b7f932,,Nyeri,Tech,2025-12-01,2025-12-31,63.0
MEAS-50e1e4f9,IND-e281a46a,PROG-43b7f932,,Nyeri,Tech,2026-01-01,2026-01-31,240.0
MEAS-98216602,IND-e281a46a,PROG-43b7f932,,Nyeri,Tech,2026-02-01,2026-03-03,399.0
MEAS-51ddbb17,IND-e281a46a,PROG-43b7f932,,Nyeri,Tech,2026-04-01,2026-05-01,222.0
MEAS-b6e90697,IND-e281a46a,PROG-43b7f932,,Nyeri,Tech,2026-05-01,2026-05-31,250.0
MEAS-dc99fb0a,IND-e281a46a,PROG-43b7f932,,Nyeri,Tech,2026-06-01,2026-07-01,472.0
MEAS-b8b23bbf,IND-e281a46a,PROG-43b7f932,,Nyeri,Tech,2026-07-01,2026-07-31,139.0
MEAS-d0d3ca64,IND-e281a46a,PROG-43b7f932,,Nyeri,Tech,2026-08-01,2026-08-31,178.0
MEAS-6e2ad719,IND-e281a46a,PROG-5eed137e,,Kiambu,Plus,2025-09-01,2025-10-01,195.0
MEAS-f02655ad,IND-e281a46a,PROG-5eed137e,,Kiambu,Plus,2025-10-01,2025-10-31,74.0
MEAS-023fe70b,IND-e281a46a,PROG-5eed137e,,Kiambu,Plus,2025-11-01,2025-12-01,265.0
MEAS-43fdcae3,IND-e281a46a,PROG-5eed137e,,Kiambu,Plus,2025-12-01,2025-12-31,424.0
MEAS-002ad5cd,IND-e281a46a,PROG-5eed137e,,Kiambu,Plus,2026-01-01,2026-01-31,61.0
MEAS-6607e4b2,IND-e281a46a,PROG-5eed137e,,Kiambu,Plus,2026-02-01,2026-03-03,196.0
MEAS-66f33446,IND-e281a46a,PROG-5eed137e,,Kiambu,Plus,2026-03-01,2026-03-31,326.0
MEAS-fe9949fb,IND-e281a46a,PROG-5eed137e,,Kiambu,Plus,2026-05-01,2026-05-31,196.0
MEAS-433bc3a9,IND-e281a46a,PROG-5eed137e,,Kiambu,Plus,2026-07-01,2026-07-31,280.0
MEAS-ea590d08,IND-e281a46a,PROG-c34cc69a,,Kisumu,Scholarship,2025-10-01,2025-10-31,467.0
MEAS-272ba20e,IND-e281a46a,PROG-c34cc69a,,Kisumu,Scholarship,2025-11-01,2025-12-01,96.0
MEAS-171b31cf,IND-e281a46a,PROG-c34cc69a,,Kisumu,Scholarship,2025-12-01,2025-12-31,371.0
MEAS-18f79339,IND-e281a46a,PROG-c34cc69a,,Kisumu,Scholarship,2026-01-01,2026-01-31,212.0
MEAS-7a9e8cbf,IND-e281a46a,PROG-c34cc69a,,Kisumu,Scholarship,2026-02-01,2026-03-03,87.0
MEAS-3f66364b,IND-e281a46a,PROG-c34cc69a,,Kisumu,Scholarship,2026-03-01,2026-03-31,81.0
MEAS-bb058cea,IND-e281a46a,PROG-c34cc69a,,Kisumu,Scholarship,2026-04-01,2026-05-01,78.0
MEAS-82d4080b,IND-e281a46a,PROG-c34cc69a,,Kisumu,Scholarship,2026-05-01,2026-05-31,405.0
MEAS-e1742888,IND-e281a46a,PROG-c34cc69a,,Kisumu,Scholarship,2026-06-01,2026-07-01,297.0
MEAS-7e5d071a,IND-e281a46a,PROG-c34cc69a,,Kisumu,Scholarship,2026-07-01,2026-07-31,143.0
MEAS-0f5c388d,IND-e281a46a,PROG-c34cc69a,,Kisumu,Scholarship,2026-08-01,2026-08-31,393.0
MEAS-99e6f132,IND-e281a46a,PROG-1253c3ea,,Meru,Scholarship,2025-10-01,2025-10-31,75.0
MEAS-9dd46fd2,IND-e281a46a,PROG-1253c3ea,,Meru,Scholarship,2025-11-01,2025-12-01,61.0
MEAS-cbda7480,IND-e281a46a,PROG-1253c3ea,,Meru,Scholarship,2025-12-01,2025-12-31,364.0
MEAS-3bc995ef,IND-e281a46a,PROG-1253c3ea,,Meru,Scholarship,2026-01-01,2026-01-31,69.0
MEAS-8c1ea1ef,IND-e281a46a,PROG-1253c3ea,,Meru,Scholarship,2026-05-01,2026-05-31,194.0
MEAS-2f8301e7,IND-e281a46a,PROG-1253c3ea,,Meru,Scholarship,2026-06-01,2026-07-01,335.0
MEAS-abb71f94,IND-e281a46a,PROG-1253c3ea,,Meru,Scholarship,2026-07-01,2026-07-31,280.0
MEAS-04dd25c4,IND-e281a46a,PROG-1253c3ea,,Meru,Scholarship,2026-08-01,2026-08-31,61.0
MEAS-88a26db9,IND-e281a46a,PROG-4931b340,,Machakos,Scholarship,2025-10-01,2025-10-31,81.0
MEAS-14385117,IND-e281a46a,PROG-4931b340,,Machakos,Scholarship,2025-11-01,2025-12-01,66.0
MEAS-592ba523,IND-e281a46a,PROG-4931b340,,Machakos,Scholarship,2025-12-01,2025-12-31,271.0
MEAS-d9dabfc7,IND-e281a46a,PROG-4931b340,,Machakos,Scholarship,2026-01-01,2026-01-31,86.0
MEAS-308ad63d,IND-e281a46a,PROG-4931b340,,Machakos,Scholarship,2026-03-01,2026-03-31,423.0
MEAS-eeea8bef,IND-e281a46a,PROG-4931b340,,Machakos,Scholarship,2026-04-01,2026-05-01,119.0
MEAS-607d2c73,IND-e281a46a,PROG-4931b340,,Machakos,Scholarship,2026-05-01,2026-05-31,332.0
MEAS-1258532b,IND-e281a46a,PROG-4931b340,,Machakos,Scholarship,2026-06-01,2026-07-01,170.0
MEAS-02d09397,IND-e281a46a,PROG-4931b340,,Machakos,Scholarship,2026-07-01,2026-07-31,225.0
MEAS-fd835306,IND-e281a46a,PROG-e7819a11,,Kajiado,Vocational,2025-10-01,2025-10-31,138.0
MEAS-afdff614,IND-e281a46a,PROG-e7819a11,,Kajiado,Vocational,2025-12-01,2025-12-31,343.0
MEAS-8752cc8c,IND-e281a46a,PROG-e7819a11,,Kajiado,Vocational,2026-01-01,2026-01-31,250.0
MEAS-a093f1fb,IND-e281a46a,PROG-e7819a11,,Kajiado,Vocational,2026-03-01,2026-03-31,397.0
MEAS-ce58219d,IND-e281a46a,PROG-e7819a11,,Kajiado,Vocational,2026-04-01,2026-05-01,101.0
MEAS-875b495b,IND-e281a46a,PROG-e7819a11,,Kajiado,Vocational,2026-05-01,2026-05-31,98.0
MEAS-19a388f5,IND-e281a46a,PROG-e7819a11,,Kajiado,Vocational,2026-07-01,2026-07-31,392.0
MEAS-485840bd,IND-e281a46a,PROG-4b4a2b9f,,Nakuru,Plus,2025-09-01,2025-10-01,360.0
MEAS-2755bbcf,IND-e281a46a,PROG-4b4a2b9f,,Nakuru,Plus,2025-10-01,2025-10-31,317.0
MEAS-fc9bdf71,IND-e281a46a,PROG-4b4a2b9f,,Nakuru,Plus,2025-11-01,2025-12-01,259.0
MEAS-50ffb90d,IND-e281a46a,PROG-4b4a2b9f,,Nakuru,Plus,2025-12-01,2025-12-31,153.0
MEAS-654a8ca2,IND-e281a46a,PROG-4b4a2b9f,,Nakuru,Plus,2026-03-01,2026-03-31,61.0
MEAS-5e3163b6,IND-e281a46a,PROG-4b4a2b9f,,Nakuru,Plus,2026-04-01,2026-05-01,423.0
MEAS-473e6516,IND-e281a46a,PROG-4b4a2b9f,,Nakuru,Plus,2026-06-01,2026-07-01,476.0
MEAS-b419f5f8,IND-e281a46a,PROG-4b4a2b9f,,Nakuru,Plus,2026-07-01,2026-07-31,197.0
MEAS-e7c965b8,IND-e281a46a,PROG-b8b2bf06,,Kilifi,Vocational,2025-09-01,2025-10-01,124.0
MEAS-7886c61a,IND-e281a46a,PROG-b8b2bf06,,Kilifi,Vocational,2025-10-01,2025-10-31,302.0
MEAS-15adbdf1,IND-e281a46a,PROG-b8b2bf06,,Kilifi,Vocational,2025-11-01,2025-12-01,494.0
MEAS-211c5024,IND-e281a46a,PROG-b8b2bf06,,Kilifi,Vocational,2026-01-01,2026-01-31,327.0
MEAS-bc11792a,IND-e281a46a,PROG-b8b2bf06,,Kilifi,Vocational,2026-04-01,2026-05-01,436.0
MEAS-f56c51d2,IND-e281a46a,PROG-b8b2bf06,,Kilifi,Vocational,2026-07-01,2026-07-31,222.0
MEAS-decd1b27,IND-e281a46a,PROG-b8b2bf06,,Kilifi,Vocational,2026-08-01,2026-08-31,122.0
MEAS-e9322721,IND-e281a46a,PROG-4986a661,,Machakos,Plus,2025-09-01,2025-10-01,147.0
MEAS-5e4fe719,IND-e281a46a,PROG-4986a661,,Machakos,Plus,2025-10-01,2025-10-31,240.0
MEAS-35f1501b,IND-e281a46a,PROG-4986a661,,Machakos,Plus,2025-12-01,2025-12-31,238.0
MEAS-475ce15b,IND-e281a46a,PROG-4986a661,,Machakos,Plus,2026-01-01,2026-01-31,397.0
MEAS-2e81990d,IND-e281a46a,PROG-4986a661,,Machakos,Plus,2026-03-01,2026-03-31,168.0
MEAS-cd9cecd8,IND-e281a46a,PROG-4986a661,,Machakos,Plus,2026-07-01,2026-07-31,464.0
MEAS-c680955c,IND-e281a46a,PROG-5fb95eae,,Kajiado,Scholarship,2025-09-01,2025-10-01,64.0
MEAS-c7bd9a82,IND-e281a46a,PROG-5fb95eae,,Kajiado,Scholarship,2025-11-01,2025-12-01,56.0
MEAS-05a7f0ff,IND-e281a46a,PROG-5fb95eae,,Kajiado,Scholarship,2025-12-01,2025-12-31,156.0
MEAS-09cee4a7,IND-e281a46a,PROG-5fb95eae,,Kajiado,Scholarship,2026-02-01,2026-03-03,301.0
MEAS-84671a97,IND-e281a46a,PROG-5fb95eae,,Kajiado,Scholarship,2026-03-01,2026-03-31,366.0
MEAS-79b2a64c,IND-e281a46a,PROG-5fb95eae,,Kajiado,Scholarship,2026-04-01,2026-05-01,379.0
MEAS-52a2e934,IND-e281a46a,PROG-5fb95eae,,Kajiado,Scholarship,2026-05-01,2026-05-31,79.0
MEAS-ec9172a0,IND-e281a46a,PROG-5fb95eae,,Kajiado,Scholarship,2026-06-01,2026-07-01,63.0
MEAS-44310660,IND-e281a46a,PROG-5fb95eae,,Kajiado,Scholarship,2026-07-01,2026-07-31,424.0
MEAS-b8d8da98,IND-e281a46a,PROG-5fb95eae,,Kajiado,Scholarship,2026-08-01,2026-08-31,488.0
MEAS-a61379e1,IND-e281a46a,PROG-5c00be57,,Kiambu,Scholarship,2025-09-01,2025-10-01,70.0
MEAS-49436317,IND-e281a46a,PROG-5c00be57,,Kiambu,Scholarship,2025-10-01,2025-10-31,396.0
MEAS-ab637f13,IND-e281a46a,PROG-5c00be57,,Kiambu,Scholarship,2025-11-01,2025-12-01,177.0
MEAS-df8d5306,IND-e281a46a,PROG-5c00be57,,Kiambu,Scholarship,2025-12-01,2025-12-31,411.0
MEAS-3adb7dda,IND-e281a46a,PROG-5c00be57,,Kiambu,Scholarship,2026-01-01,2026-01-31,172.0
MEAS-7f07e6ed,IND-e281a46a,PROG-5c00be57,,Kiambu,Scholarship,2026-03-01,2026-03-31,252.0
MEAS-437c3a95,IND-e281a46a,PROG-5c00be57,,Kiambu,Scholarship,2026-04-01,2026-05-01,343.0
MEAS-e6adf938,IND-e281a46a,PROG-5c00be57,,Kiambu,Scholarship,2026-07-01,2026-07-31,478.0
MEAS-449b588a,IND-e281a46a,PROG-5c00be57,,Kiambu,Scholarship,2026-08-01,2026-08-31,154.0
MEAS-8a2fce82,IND-e281a46a,PROG-dbcb96bd,,Kisumu,Tech,2025-10-01,2025-10-31,214.0
MEAS-a3560c62,IND-e281a46a,PROG-dbcb96bd,,Kisumu,Tech,2025-11-01,2025-12-01,255.0
MEAS-2bb9f378,IND-e281a46a,PROG-dbcb96bd,,Kisumu,Tech,2025-12-01,2025-12-31,124.0
MEAS-e696dea4,IND-e281a46a,PROG-dbcb96bd,,Kisumu,Tech,2026-01-01,2026-01-31,217.0
MEAS-aed9ebde,IND-e281a46a,PROG-dbcb96bd,,Kisumu,Tech,2026-02-01,2026-03-03,116.0
MEAS-6653da16,IND-e281a46a,PROG-dbcb96bd,,Kisumu,Tech,2026-04-01,2026-05-01,128.0
MEAS-d174e8d4,IND-e281a46a,PROG-dbcb96bd,,Kisumu,Tech,2026-05-01,2026-05-31,260.0
MEAS-9948cbfd,IND-e281a46a,PROG-dbcb96bd,,Kisumu,Tech,2026-06-01,2026-07-01,182.0
MEAS-b447499d,IND-e281a46a,PROG-7694a7c4,,Kilifi,Tech,2025-09-01,2025-10-01,294.0
MEAS-414bebfd,IND-e281a46a,PROG-7694a7c4,,Kilifi,Tech,2025-10-01,2025-10-31,244.0
MEAS-840bd2cb,IND-e281a46a,PROG-7694a7c4,,Kilifi,Tech,2025-11-01,2025-12-01,448.0
MEAS-a90abefb,IND-e281a46a,PROG-7694a7c4,,Kilifi,Tech,2025-12-01,2025-12-31,211.0
MEAS-16b62aca,IND-e281a46a,PROG-7694a7c4,,Kilifi,Tech,2026-01-01,2026-01-31,389.0
MEAS-d6b70a84,IND-e281a46a,PROG-7694a7c4,,Kilifi,Tech,2026-03-01,2026-03-31,69.0
MEAS-ec59b152,IND-e281a46a,PROG-7694a7c4,,Kilifi,Tech,2026-04-01,2026-05-01,437.0
MEAS-ef34fd6a,IND-e281a46a,PROG-7694a7c4,,Kilifi,Tech,2026-05-01,2026-05-31,319.0
MEAS-11cfe9e9,IND-e281a46a,PROG-7694a7c4,,Kilifi,Tech,2026-06-01,2026-07-01,424.0
MEAS-d5a8c6a9,IND-e281a46a,PROG-7694a7c4,,Kilifi,Tech,2026-07-01,2026-07-31,409.0
MEAS-bebf5f2c,IND-e281a46a,PROG-7694a7c4,,Kilifi,Tech,2026-08-01,2026-08-31,417.0
MEAS-2c0bb1f7,IND-e281a46a,PROG-8b682305,,Nyeri,Scholarship,2025-09-01,2025-10-01,362.0
MEAS-9bc5482b,IND-e281a46a,PROG-8b682305,,Nyeri,Scholarship,2025-10-01,2025-10-31,239.0
MEAS-80fb3208,IND-e281a46a,PROG-8b682305,,Nyeri,Scholarship,2025-11-01,2025-12-01,276.0
MEAS-b48984a2,IND-e281a46a,PROG-8b682305,,Nyeri,Scholarship,2025-12-01,2025-12-31,97.0
MEAS-c97d2c4c,IND-e281a46a,PROG-8b682305,,Nyeri,Scholarship,2026-01-01,2026-01-31,471.0
MEAS-8683b1ce,IND-e281a46a,PROG-8b682305,,Nyeri,Scholarship,2026-02-01,2026-03-03,124.0
MEAS-e431111b,IND-e281a46a,PROG-8b682305,,Nyeri,Scholarship,2026-03-01,2026-03-31,369.0
MEAS-6be18938,IND-e281a46a,PROG-8b682305,,Nyeri,Scholarship,2026-04-01,2026-05-01,103.0
MEAS-7ac212d7,IND-e281a46a,PROG-8b682305,,Nyeri,Scholarship,2026-07-01,2026-07-31,228.0
MEAS-1bf32f16,IND-e281a46a,PROG-8b682305,,Nyeri,Scholarship,2026-08-01,2026-08-31,227.0
MEAS-14da629e,IND-e281a46a,PROG-89d68327,,Kajiado,Vocational,2025-09-01,2025-10-01,387.0
MEAS-98ebebfe,IND-e281a46a,PROG-89d68327,,Kajiado,Vocational,2025-10-01,2025-10-31,495.0
MEAS-f97e4202,IND-e281a46a,PROG-89d68327,,Kajiado,Vocational,2025-11-01,2025-12-01,340.0
MEAS-c8ce4897,IND-e281a46a,PROG-89d68327,,Kajiado,Vocational,2025-12-01,2025-12-31,362.0
MEAS-1eeed033,IND-e281a46a,PROG-89d68327,,Kajiado,Vocational,2026-06-01,2026-07-01,462.0
MEAS-9ad438a3,IND-e281a46a,PROG-89d68327,,Kajiado,Vocational,2026-07-01,2026-07-31,188.0
MEAS-48fe9a6f,IND-e281a46a,PROG-7a6e5559,,Kisumu,Plus,2025-09-01,2025-10-01,144.0
MEAS-83f7b846,IND-e281a46a,PROG-7a6e5559,,Kisumu,Plus,2025-10-01,2025-10-31,478.0
MEAS-ccea93af,IND-e281a46a,PROG-7a6e5559,,Kisumu,Plus,2025-11-01,2025-12-01,57.0
MEAS-115a9912,IND-e281a46a,PROG-7a6e5559,,Kisumu,Plus,2025-12-01,2025-12-31,143.0
MEAS-8ff3f0f1,IND-e281a46a,PROG-7a6e5559,,Kisumu,Plus,2026-02-01,2026-03-03,80.0
MEAS-e582d324,IND-e281a46a,PROG-7a6e5559,,Kisumu,Plus,2026-03-01,2026-03-31,104.0
MEAS-19f6a6ba,IND-e281a46a,PROG-7a6e5559,,Kisumu,Plus,2026-05-01,2026-05-31,55.0
MEAS-6f2257f7,IND-e281a46a,PROG-7a6e5559,,Kisumu,Plus,2026-06-01,2026-07-01,204.0
MEAS-211a7a99,IND-e281a46a,PROG-7a6e5559,,Kisumu,Plus,2026-07-01,2026-07-31,187.0
MEAS-6fcbb2d4,IND-e281a46a,PROG-7a6e5559,,Kisumu,Plus,2026-08-01,2026-08-31,464.0
MEAS-3ea5359a,IND-3c218f3e,PROG-860280ab,,Kakamega,Scholarship,2025-12-01,2025-12-31,71.95
MEAS-2afdd0b0,IND-3c218f3e,PROG-860280ab,,Kakamega,Scholarship,2026-02-01,2026-03-03,63.08
MEAS-c231c02d,IND-3c218f3e,PROG-860280ab,,Kakamega,Scholarship,2026-03-01,2026-03-31,76.0
MEAS-c07b3e1c,IND-3c218f3e,PROG-860280ab,,Kakamega,Scholarship,2026-04-01,2026-05-01,48.77
MEAS-6ea8f7e1,IND-3c218f3e,PROG-860280ab,,Kakamega,Scholarship,2026-05-01,2026-05-31,78.28
MEAS-2accfd21,IND-3c218f3e,PROG-9e35f4b7,,Kakamega,Vocational,2025-09-01,2025-10-01,72.41
MEAS-3029cf5e,IND-3c218f3e,PROG-9e35f4b7,,Kakamega,Vocational,2025-10-01,2025-10-31,53.95
MEAS-acd61321,IND-3c218f3e,PROG-9e35f4b7,,Kakamega,Vocational,2025-11-01,2025-12-01,76.25
MEAS-c6393866,IND-3c218f3e,PROG-9e35f4b7,,Kakamega,Vocational,2026-01-01,2026-01-31,87.19
MEAS-89252d6d,IND-3c218f3e,PROG-9e35f4b7,,Kakamega,Vocational,2026-02-01,2026-03-03,76.8
MEAS-cd19f765,IND-3c218f3e,PROG-9e35f4b7,,Kakamega,Vocational,2026-03-01,2026-03-31,80.17
MEAS-39af41a5,IND-3c218f3e,PROG-9e35f4b7,,Kakamega,Vocational,2026-04-01,2026-05-01,66.24
MEAS-7c884c07,IND-3c218f3e,PROG-9e35f4b7,,Kakamega,Vocational,2026-05-01,2026-05-31,69.17
MEAS-6affb419,IND-3c218f3e,PROG-9e35f4b7,,Kakamega,Vocational,2026-06-01,2026-07-01,77.04
MEAS-6c7f5f32,IND-3c218f3e,PROG-9e35f4b7,,Kakamega,Vocational,2026-08-01,2026-08-31,70.72
MEAS-ba9bdcf6,IND-3c218f3e,PROG-42104c80,,Kakamega,Plus,2026-01-01,2026-01-31,72.11
MEAS-6b38d81e,IND-3c218f3e,PROG-42104c80,,Kakamega,Plus,2026-02-01,2026-03-03,62.25
MEAS-0ee47a86,IND-3c218f3e,PROG-42104c80,,Kakamega,Plus,2026-04-01,2026-05-01,87.35
MEAS-88b843c2,IND-3c218f3e,PROG-42104c80,,Kakamega,Plus,2026-05-01,2026-05-31,63.95
MEAS-ff121011,IND-3c218f3e,PROG-42104c80,,Kakamega,Plus,2026-06-01,2026-07-01,46.82
MEAS-ba023696,IND-3c218f3e,PROG-42104c80,,Kakamega,Plus,2026-07-01,2026-07-31,70.24
MEAS-3928965a,IND-3c218f3e,PROG-42104c80,,Kakamega,Plus,2026-08-01,2026-08-31,43.0
MEAS-cdee3aea,IND-3c218f3e,PROG-8e0a016e,,Kajiado,Tech,2025-09-01,2025-10-01,59.56
MEAS-e4adaf64,IND-3c218f3e,PROG-8e0a016e,,Kajiado,Tech,2025-10-01,2025-10-31,85.82
MEAS-eab6b4c3,IND-3c218f3e,PROG-8e0a016e,,Kajiado,Tech,2025-11-01,2025-12-01,66.11
MEAS-da81fbdf,IND-3c218f3e,PROG-8e0a016e,,Kajiado,Tech,2025-12-01,2025-12-31,56.02
MEAS-42fd98b9,IND-3c218f3e,PROG-8e0a016e,,Kajiado,Tech,2026-01-01,2026-01-31,69.23
MEAS-600ef6dc,IND-3c218f3e,PROG-8e0a016e,,Kajiado,Tech,2026-02-01,2026-03-03,87.07
MEAS-faa80157,IND-3c218f3e,PROG-8e0a016e,,Kajiado,Tech,2026-03-01,2026-03-31,69.66
MEAS-3aa072c1,IND-3c218f3e,PROG-8e0a016e,,Kajiado,Tech,2026-04-01,2026-05-01,100.0
MEAS-66288f22,IND-3c218f3e,PROG-8e0a016e,,Kajiado,Tech,2026-05-01,2026-05-31,94.84
MEAS-14c21434,IND-3c218f3e,PROG-8e0a016e,,Kajiado,Tech,2026-07-01,2026-07-31,59.31
MEAS-8e403321,IND-3c218f3e,PROG-8e0a016e,,Kajiado,Tech,2026-08-01,2026-08-31,55.97
MEAS-42f65a99,IND-3c218f3e,PROG-4432776f,,Kisumu,Tech,2025-09-01,2025-10-01,64.4
MEAS-e9a6e989,IND-3c218f3e,PROG-4432776f,,Kisumu,Tech,2025-11-01,2025-12-01,71.64
MEAS-8400811d,IND-3c218f3e,PROG-4432776f,,Kisumu,Tech,2026-01-01,2026-01-31,76.45
MEAS-c9f446bb,IND-3c218f3e,PROG-4432776f,,Kisumu,Tech,2026-02-01,2026-03-03,63.88
MEAS-85e36c4c,IND-3c218f3e,PROG-4432776f,,Kisumu,Tech,2026-03-01,2026-03-31,68.81
MEAS-384b8619,IND-3c218f3e,PROG-4432776f,,Kisumu,Tech,2026-04-01,2026-05-01,71.46
MEAS-d4e560c4,IND-3c218f3e,PROG-4432776f,,Kisumu,Tech,2026-05-01,2026-05-31,70.28
MEAS-76c340f1,IND-3c218f3e,PROG-4432776f,,Kisumu,Tech,2026-07-01,2026-07-31,63.97
MEAS-ad32d589,IND-3c218f3e,PROG-4432776f,,Kisumu,Tech,2026-08-01,2026-08-31,58.24
MEAS-d30a17f9,IND-3c218f3e,PROG-483dea91,,Machakos,Plus,2025-10-01,2025-10-31,92.93
MEAS-9500c0ac,IND-3c218f3e,PROG-483dea91,,Machakos,Plus,2025-12-01,2025-12-31,60.62
MEAS-fe6912c4,IND-3c218f3e,PROG-483dea91,,Machakos,Plus,2026-01-01,2026-01-31,66.57
MEAS-d2d29681,IND-3c218f3e,PROG-483dea91,,Machakos,Plus,2026-02-01,2026-03-03,72.73
MEAS-c61f2c57,IND-3c218f3e,PROG-483dea91,,Machakos,Plus,2026-03-01,2026-03-31,51.07
MEAS-59724bcd,IND-3c218f3e,PROG-483dea91,,Machakos,Plus,2026-04-01,2026-05-01,66.43
MEAS-597d564c,IND-3c218f3e,PROG-483dea91,,Machakos,Plus,2026-05-01,2026-05-31,48.2
MEAS-6f7b2132,IND-3c218f3e,PROG-483dea91,,Machakos,Plus,2026-06-01,2026-07-01,70.52
MEAS-f8647f22,IND-3c218f3e,PROG-483dea91,,Machakos,Plus,2026-07-01,2026-07-31,87.46
MEAS-953d4ffe,IND-3c218f3e,PROG-483dea91,,Machakos,Plus,2026-08-01,2026-08-31,70.77
MEAS-2029f545,IND-3c218f3e,PROG-a32525f7,,Mombasa,Tech,2025-11-01,2025-12-01,73.44
MEAS-9ff87e4d,IND-3c218f3e,PROG-a32525f7,,Mombasa,Tech,2025-12-01,2025-12-31,81.25
MEAS-98612499,IND-3c218f3e,PROG-a32525f7,,Mombasa,Tech,2026-01-01,2026-01-31,86.37
MEAS-db5c155e,IND-3c218f3e,PROG-a32525f7,,Mombasa,Tech,2026-02-01,2026-03-03,56.82
MEAS-bb869c98,IND-3c218f3e,PROG-a32525f7,,Mombasa,Tech,2026-03-01,2026-03-31,82.83
MEAS-32d086ff,IND-3c218f3e,PROG-a32525f7,,Mombasa,Tech,2026-04-01,2026-05-01,66.97
MEAS-f52b0167,IND-3c218f3e,PROG-a32525f7,,Mombasa,Tech,2026-07-01,2026-07-31,56.08
MEAS-ed642457,IND-3c218f3e,PROG-3ff19543,,Nakuru,Vocational,2025-09-01,2025-10-01,57.98
MEAS-68452381,IND-3c218f3e,PROG-3ff19543,,Nakuru,Vocational,2025-11-01,2025-12-01,63.97
MEAS-6a7acd5b,IND-3c218f3e,PROG-3ff19543,,Nakuru,Vocational,2026-01-01,2026-01-31,66.24
MEAS-6fb51494,IND-3c218f3e,PROG-3ff19543,,Nakuru,Vocational,2026-02-01,2026-03-03,76.62
MEAS-8b71d930,IND-3c218f3e,PROG-3ff19543,,Nakuru,Vocational,2026-04-01,2026-05-01,74.05
MEAS-f50f7b4e,IND-3c218f3e,PROG-3ff19543,,Nakuru,Vocational,2026-05-01,2026-05-31,63.81
MEAS-78528f8b,IND-3c218f3e,PROG-3ff19543,,Nakuru,Vocational,2026-06-01,2026-07-01,80.77
MEAS-e3dd4914,IND-3c218f3e,PROG-abe72372,,Nakuru,Tech,2025-09-01,2025-10-01,61.58
MEAS-3c186691,IND-3c218f3e,PROG-abe72372,,Nakuru,Tech,2025-10-01,2025-10-31,69.65
MEAS-a016007c,IND-3c218f3e,PROG-abe72372,,Nakuru,Tech,2025-12-01,2025-12-31,53.67
MEAS-a748a838,IND-3c218f3e,PROG-abe72372,,Nakuru,Tech,2026-01-01,2026-01-31,87.94
MEAS-c3048661,IND-3c218f3e,PROG-abe72372,,Nakuru,Tech,2026-02-01,2026-03-03,86.5
MEAS-419f5093,IND-3c218f3e,PROG-abe72372,,Nakuru,Tech,2026-03-01,2026-03-31,64.43
MEAS-ffcf3a19,IND-3c218f3e,PROG-abe72372,,Nakuru,Tech,2026-04-01,2026-05-01,66.86
MEAS-af50d344,IND-3c218f3e,PROG-abe72372,,Nakuru,Tech,2026-05-01,2026-05-31,73.0
MEAS-e9b5ccea,IND-3c218f3e,PROG-abe72372,,Nakuru,Tech,2026-06-01,2026-07-01,55.14
MEAS-c2b8e07f,IND-3c218f3e,PROG-abe72372,,Nakuru,Tech,2026-07-01,2026-07-31,70.19
MEAS-c83b9660,IND-3c218f3e,PROG-abe72372,,Nakuru,Tech,2026-08-01,2026-08-31,70.68
MEAS-61317274,IND-3c218f3e,PROG-da199d8b,,Kiambu,Scholarship,2025-09-01,2025-10-01,81.82
MEAS-ce0a2d73,IND-3c218f3e,PROG-da199d8b,,Kiambu,Scholarship,2025-10-01,2025-10-31,93.72
MEAS-6f16fcfd,IND-3c218f3e,PROG-da199d8b,,Kiambu,Scholarship,2025-11-01,2025-12-01,57.4
MEAS-fb7b1e12,IND-3c218f3e,PROG-da199d8b,,Kiambu,Scholarship,2025-12-01,2025-12-31,64.22
MEAS-c33ed6aa,IND-3c218f3e,PROG-da199d8b,,Kiambu,Scholarship,2026-01-01,2026-01-31,93.04
MEAS-3e4dcecb,IND-3c218f3e,PROG-da199d8b,,Kiambu,Scholarship,2026-02-01,2026-03-03,70.9
MEAS-aaf0b134,IND-3c218f3e,PROG-da199d8b,,Kiambu,Scholarship,2026-03-01,2026-03-31,84.55
MEAS-5cb682b8,IND-3c218f3e,PROG-da199d8b,,Kiambu,Scholarship,2026-06-01,2026-07-01,73.25
MEAS-4d0d232c,IND-3c218f3e,PROG-da199d8b,,Kiambu,Scholarship,2026-07-01,2026-07-31,62.04
MEAS-6be26c2d,IND-3c218f3e,PROG-da199d8b,,Kiambu,Scholarship,2026-08-01,2026-08-31,61.82
MEAS-d424ce9e,IND-3c218f3e,PROG-c61e9529,,Meru,Plus,2025-10-01,2025-10-31,69.2
MEAS-f68394ce,IND-3c218f3e,PROG-c61e9529,,Meru,Plus,2025-11-01,2025-12-01,68.1
MEAS-b9b109e3,IND-3c218f3e,PROG-c61e9529,,Meru,Plus,2025-12-01,2025-12-31,47.79
MEAS-da2e7a57,IND-3c218f3e,PROG-c61e9529,,Meru,Plus,2026-01-01,2026-01-31,77.61
MEAS-f9d061fd,IND-3c218f3e,PROG-c61e9529,,Meru,Plus,2026-02-01,2026-03-03,50.1
MEAS-c2afe41c,IND-3c218f3e,PROG-c61e9529,,Meru,Plus,2026-03-01,2026-03-31,62.99
MEAS-16167df4,IND-3c218f3e,PROG-c61e9529,,Meru,Plus,2026-04-01,2026-05-01,72.17
MEAS-f6aadb22,IND-3c218f3e,PROG-c61e9529,,Meru,Plus,2026-05-01,2026-05-31,58.45
MEAS-3243fd83,IND-3c218f3e,PROG-c61e9529,,Meru,Plus,2026-06-01,2026-07-01,65.81
MEAS-7d53d25e,IND-3c218f3e,PROG-c61e9529,,Meru,Plus,2026-07-01,2026-07-31,71.5
MEAS-10b0a416,IND-3c218f3e,PROG-7703bce9,,Kilifi,Vocational,2025-10-01,2025-10-31,100.0
MEAS-798ea3ae,IND-3c218f3e,PROG-7703bce9,,Kilifi,Vocational,2025-11-01,2025-12-01,97.19
MEAS-8d8a1014,IND-3c218f3e,PROG-7703bce9,,Kilifi,Vocational,2025-12-01,2025-12-31,60.93
MEAS-38645197,IND-3c218f3e,PROG-7703bce9,,Kilifi,Vocational,2026-02-01,2026-03-03,69.37
MEAS-e68a7129,IND-3c218f3e,PROG-7703bce9,,Kilifi,Vocational,2026-03-01,2026-03-31,87.31
MEAS-ea3ef300,IND-3c218f3e,PROG-7703bce9,,Kilifi,Vocational,2026-04-01,2026-05-01,41.5
MEAS-5ffc7dc1,IND-3c218f3e,PROG-7703bce9,,Kilifi,Vocational,2026-05-01,2026-05-31,86.89
MEAS-ceeeb2d8,IND-3c218f3e,PROG-7703bce9,,Kilifi,Vocational,2026-06-01,2026-07-01,67.41
MEAS-82d12a4d,IND-3c218f3e,PROG-7703bce9,,Kilifi,Vocational,2026-07-01,2026-07-31,75.95
MEAS-773a51ae,IND-3c218f3e,PROG-7703bce9,,Kilifi,Vocational,2026-08-01,2026-08-31,73.27
MEAS-845e2a96,IND-3c218f3e,PROG-c0a36c24,,Kiambu,Vocational,2025-10-01,2025-10-31,68.19
MEAS-f7f5bb28,IND-3c218f3e,PROG-c0a36c24,,Kiambu,Vocational,2025-11-01,2025-12-01,69.58
MEAS-8a583e6e,IND-3c218f3e,PROG-c0a36c24,,Kiambu,Vocational,2026-01-01,2026-01-31,92.86
MEAS-3f54b4de,IND-3c218f3e,PROG-c0a36c24,,Kiambu,Vocational,2026-02-01,2026-03-03,84.04
MEAS-91d29092,IND-3c218f3e,PROG-c0a36c24,,Kiambu,Vocational,2026-03-01,2026-03-31,62.21
MEAS-c3cf9652,IND-3c218f3e,PROG-c0a36c24,,Kiambu,Vocational,2026-04-01,2026-05-01,65.14
MEAS-8fd10319,IND-3c218f3e,PROG-c0a36c24,,Kiambu,Vocational,2026-05-01,2026-05-31,65.19
MEAS-69a4abce,IND-3c218f3e,PROG-c0a36c24,,Kiambu,Vocational,2026-06-01,2026-07-01,60.51
MEAS-ce2b4fc4,IND-3c218f3e,PROG-c0a36c24,,Kiambu,Vocational,2026-07-01,2026-07-31,61.44
MEAS-d3c96c00,IND-3c218f3e,PROG-c0a36c24,,Kiambu,Vocational,2026-08-01,2026-08-31,75.72
MEAS-d4dec998,IND-3c218f3e,PROG-3d5ab23d,,Machakos,Vocational,2025-09-01,2025-10-01,66.21
MEAS-47632c5e,IND-3c218f3e,PROG-3d5ab23d,,Machakos,Vocational,2025-10-01,2025-10-31,76.09
MEAS-e8124a38,IND-3c218f3e,PROG-3d5ab23d,,Machakos,Vocational,2025-12-01,2025-12-31,93.33
MEAS-34a0dc39,IND-3c218f3e,PROG-3d5ab23d,,Machakos,Vocational,2026-01-01,2026-01-31,77.03
MEAS-84b51073,IND-3c218f3e,PROG-3d5ab23d,,Machakos,Vocational,2026-04-01,2026-05-01,70.52
MEAS-07650190,IND-3c218f3e,PROG-3d5ab23d,,Machakos,Vocational,2026-05-01,2026-05-31,91.12
MEAS-688addf2,IND-3c218f3e,PROG-3d5ab23d,,Machakos,Vocational,2026-06-01,2026-07-01,85.12
MEAS-bb1860bf,IND-3c218f3e,PROG-3d5ab23d,,Machakos,Vocational,2026-07-01,2026-07-31,75.75
MEAS-a16ba708,IND-3c218f3e,PROG-3d5ab23d,,Machakos,Vocational,2026-08-01,2026-08-31,78.39
MEAS-77d17d22,IND-3c218f3e,PROG-dfe287ef,,Meru,Tech,2025-09-01,2025-10-01,72.73
MEAS-c4fb7463,IND-3c218f3e,PROG-dfe287ef,,Meru,Tech,2025-10-01,2025-10-31,82.28
MEAS-0de3ed6c,IND-3c218f3e,PROG-dfe287ef,,Meru,Tech,2025-11-01,2025-12-01,65.7
MEAS-8ffab2cf,IND-3c218f3e,PROG-dfe287ef,,Meru,Tech,2025-12-01,2025-12-31,77.43
MEAS-4618e9a5,IND-3c218f3e,PROG-dfe287ef,,Meru,Tech,2026-01-01,2026-01-31,68.97
MEAS-af6596a4,IND-3c218f3e,PROG-dfe287ef,,Meru,Tech,2026-03-01,2026-03-31,59.39
MEAS-45d0fced,IND-3c218f3e,PROG-dfe287ef,,Meru,Tech,2026-04-01,2026-05-01,61.07
MEAS-66533d1a,IND-3c218f3e,PROG-dfe287ef,,Meru,Tech,2026-05-01,2026-05-31,82.24
MEAS-e785d445,IND-3c218f3e,PROG-dfe287ef,,Meru,Tech,2026-07-01,2026-07-31,75.6
MEAS-8833e29e,IND-3c218f3e,PROG-dfe287ef,,Meru,Tech,2026-08-01,2026-08-31,57.83
MEAS-9c667b99,IND-3c218f3e,PROG-c737ca62,,Eldoret,Plus,2025-09-01,2025-10-01,54.88
MEAS-ca54d468,IND-3c218f3e,PROG-c737ca62,,Eldoret,Plus,2025-10-01,2025-10-31,56.78
MEAS-da6836f8,IND-3c218f3e,PROG-c737ca62,,Eldoret,Plus,2025-11-01,2025-12-01,67.31
MEAS-7fe1f9f6,IND-3c218f3e,PROG-c737ca62,,Eldoret,Plus,2025-12-01,2025-12-31,56.42
MEAS-0eab0b0c,IND-3c218f3e,PROG-c737ca62,,Eldoret,Plus,2026-01-01,2026-01-31,73.94
MEAS-7f6a966d,IND-3c218f3e,PROG-c737ca62,,Eldoret,Plus,2026-02-01,2026-03-03,64.06
MEAS-6e139e42,IND-3c218f3e,PROG-c737ca62,,Eldoret,Plus,2026-03-01,2026-03-31,72.08
MEAS-c978793b,IND-3c218f3e,PROG-c737ca62,,Eldoret,Plus,2026-04-01,2026-05-01,81.95
MEAS-9586272d,IND-3c218f3e,PROG-c737ca62,,Eldoret,Plus,2026-05-01,2026-05-31,69.39
MEAS-82577927,IND-3c218f3e,PROG-c737ca62,,Eldoret,Plus,2026-07-01,2026-07-31,72.5
MEAS-16cc9e13,IND-3c218f3e,PROG-c737ca62,,Eldoret,Plus,2026-08-01,2026-08-31,51.43
MEAS-5939c313,IND-3c218f3e,PROG-12660354,,Kilifi,Vocational,2025-09-01,2025-10-01,78.36
MEAS-67a4865e,IND-3c218f3e,PROG-12660354,,Kilifi,Vocational,2025-10-01,2025-10-31,61.78
MEAS-2f932ab2,IND-3c218f3e,PROG-12660354,,Kilifi,Vocational,2026-01-01,2026-01-31,81.48
MEAS-0d7d66e7,IND-3c218f3e,PROG-12660354,,Kilifi,Vocational,2026-02-01,2026-03-03,73.54
MEAS-056d41bb,IND-3c218f3e,PROG-12660354,,Kilifi,Vocational,2026-04-01,2026-05-01,83.36
MEAS-efc32d82,IND-3c218f3e,PROG-12660354,,Kilifi,Vocational,2026-05-01,2026-05-31,82.47
MEAS-3574b1ef,IND-3c218f3e,PROG-12660354,,Kilifi,Vocational,2026-06-01,2026-07-01,58.26
MEAS-22163ac6,IND-3c218f3e,PROG-0cb596de,,Kakamega,Plus,2025-10-01,2025-10-31,72.35
MEAS-3d8a3ece,IND-3c218f3e,PROG-0cb596de,,Kakamega,Plus,2025-12-01,2025-12-31,66.8
MEAS-304b1964,IND-3c218f3e,PROG-0cb596de,,Kakamega,Plus,2026-01-01,2026-01-31,76.64
MEAS-ae82be7c,IND-3c218f3e,PROG-0cb596de,,Kakamega,Plus,2026-03-01,2026-03-31,73.51
MEAS-17ff5d76,IND-3c218f3e,PROG-0cb596de,,Kakamega,Plus,2026-04-01,2026-05-01,78.11
MEAS-11de9a0a,IND-3c218f3e,PROG-0cb596de,,Kakamega,Plus,2026-06-01,2026-07-01,64.47
MEAS-9a6f6e69,IND-3c218f3e,PROG-0cb596de,,Kakamega,Plus,2026-07-01,2026-07-31,63.36
MEAS-1ff2a579,IND-3c218f3e,PROG-0cb596de,,Kakamega,Plus,2026-08-01,2026-08-31,70.88
MEAS-4e607f1e,IND-3c218f3e,PROG-1619daa0,,Mombasa,Scholarship,2025-09-01,2025-10-01,60.15
MEAS-ef953cdb,IND-3c218f3e,PROG-1619daa0,,Mombasa,Scholarship,2025-12-01,2025-12-31,54.65
MEAS-de694068,IND-3c218f3e,PROG-1619daa0,,Mombasa,Scholarship,2026-01-01,2026-01-31,95.8
MEAS-fb815065,IND-3c218f3e,PROG-1619daa0,,Mombasa,Scholarship,2026-02-01,2026-03-03,62.92
MEAS-1d04cb74,IND-3c218f3e,PROG-1619daa0,,Mombasa,Scholarship,2026-04-01,2026-05-01,70.95
MEAS-d45e7b78,IND-3c218f3e,PROG-1619daa0,,Mombasa,Scholarship,2026-05-01,2026-05-31,67.64
MEAS-5996ee8e,IND-3c218f3e,PROG-1619daa0,,Mombasa,Scholarship,2026-07-01,2026-07-31,81.51
MEAS-2b2f9ea8,IND-3c218f3e,PROG-1f8ed400,,Machakos,Plus,2025-10-01,2025-10-31,81.4
MEAS-03ddf0ee,IND-3c218f3e,PROG-1f8ed400,,Machakos,Plus,2025-12-01,2025-12-31,95.56
MEAS-7b32d6c5,IND-3c218f3e,PROG-1f8ed400,,Machakos,Plus,2026-02-01,2026-03-03,73.3
MEAS-e4814e19,IND-3c218f3e,PROG-1f8ed400,,Machakos,Plus,2026-03-01,2026-03-31,67.9
MEAS-d8147f64,IND-3c218f3e,PROG-1f8ed400,,Machakos,Plus,2026-04-01,2026-05-01,71.88
MEAS-d3b18b49,IND-3c218f3e,PROG-1f8ed400,,Machakos,Plus,2026-05-01,2026-05-31,75.56
MEAS-2f772290,IND-3c218f3e,PROG-1f8ed400,,Machakos,Plus,2026-08-01,2026-08-31,77.31
MEAS-836175d8,IND-3c218f3e,PROG-324887b3,,Mombasa,Scholarship,2025-09-01,2025-10-01,72.2
MEAS-87044737,IND-3c218f3e,PROG-324887b3,,Mombasa,Scholarship,2025-10-01,2025-10-31,79.44
MEAS-fd4c88c4,IND-3c218f3e,PROG-324887b3,,Mombasa,Scholarship,2025-11-01,2025-12-01,59.19
MEAS-e1b5cca7,IND-3c218f3e,PROG-324887b3,,Mombasa,Scholarship,2025-12-01,2025-12-31,56.49
MEAS-4ef1a8a6,IND-3c218f3e,PROG-324887b3,,Mombasa,Scholarship,2026-01-01,2026-01-31,85.34
MEAS-9b5c5607,IND-3c218f3e,PROG-324887b3,,Mombasa,Scholarship,2026-03-01,2026-03-31,72.05
MEAS-420087a3,IND-3c218f3e,PROG-324887b3,,Mombasa,Scholarship,2026-04-01,2026-05-01,60.21
MEAS-c1eae563,IND-3c218f3e,PROG-324887b3,,Mombasa,Scholarship,2026-05-01,2026-05-31,68.86
MEAS-b2aedca8,IND-3c218f3e,PROG-324887b3,,Mombasa,Scholarship,2026-08-01,2026-08-31,56.94
MEAS-1cb53fa0,IND-3c218f3e,PROG-e4144baa,,Kakamega,Plus,2025-11-01,2025-12-01,60.24
MEAS-da47898f,IND-3c218f3e,PROG-e4144baa,,Kakamega,Plus,2025-12-01,2025-12-31,57.88
MEAS-00bcfb13,IND-3c218f3e,PROG-e4144baa,,Kakamega,Plus,2026-02-01,2026-03-03,71.72
MEAS-5b5ba869,IND-3c218f3e,PROG-e4144baa,,Kakamega,Plus,2026-03-01,2026-03-31,65.2
MEAS-7d21951b,IND-3c218f3e,PROG-e4144baa,,Kakamega,Plus,2026-04-01,2026-05-01,79.47
MEAS-f183354f,IND-3c218f3e,PROG-e4144baa,,Kakamega,Plus,2026-05-01,2026-05-31,63.74
MEAS-44d37d30,IND-3c218f3e,PROG-e4144baa,,Kakamega,Plus,2026-06-01,2026-07-01,80.16
MEAS-d446ed49,IND-3c218f3e,PROG-e4144baa,,Kakamega,Plus,2026-07-01,2026-07-31,84.77
MEAS-641fa225,IND-3c218f3e,PROG-e4144baa,,Kakamega,Plus,2026-08-01,2026-08-31,73.29
MEAS-2232c581,IND-3c218f3e,PROG-e72db8da,,Mombasa,Tech,2025-09-01,2025-10-01,86.05
MEAS-acfc0019,IND-3c218f3e,PROG-e72db8da,,Mombasa,Tech,2025-11-01,2025-12-01,56.1
MEAS-4651bb67,IND-3c218f3e,PROG-e72db8da,,Mombasa,Tech,2025-12-01,2025-12-31,72.08
MEAS-c23b4b95,IND-3c218f3e,PROG-e72db8da,,Mombasa,Tech,2026-01-01,2026-01-31,74.18
MEAS-f5a89f7a,IND-3c218f3e,PROG-e72db8da,,Mombasa,Tech,2026-02-01,2026-03-03,58.6
MEAS-1127550b,IND-3c218f3e,PROG-e72db8da,,Mombasa,Tech,2026-03-01,2026-03-31,73.12
MEAS-5425ea3b,IND-3c218f3e,PROG-e72db8da,,Mombasa,Tech,2026-05-01,2026-05-31,68.64
MEAS-d4c3a50c,IND-3c218f3e,PROG-3704be03,,Eldoret,Scholarship,2025-09-01,2025-10-01,73.97
MEAS-5484bd65,IND-3c218f3e,PROG-3704be03,,Eldoret,Scholarship,2025-10-01,2025-10-31,60.42
MEAS-525e0fea,IND-3c218f3e,PROG-3704be03,,Eldoret,Scholarship,2025-11-01,2025-12-01,74.58
MEAS-a4e9ef27,IND-3c218f3e,PROG-3704be03,,Eldoret,Scholarship,2025-12-01,2025-12-31,62.84
MEAS-dde19abc,IND-3c218f3e,PROG-3704be03,,Eldoret,Scholarship,2026-01-01,2026-01-31,65.5
MEAS-f9840707,IND-3c218f3e,PROG-3704be03,,Eldoret,Scholarship,2026-02-01,2026-03-03,94.13
MEAS-2033b499,IND-3c218f3e,PROG-3704be03,,Eldoret,Scholarship,2026-03-01,2026-03-31,62.26
MEAS-f2f6d8d0,IND-3c218f3e,PROG-3704be03,,Eldoret,Scholarship,2026-04-01,2026-05-01,81.42
MEAS-9651c7e6,IND-3c218f3e,PROG-3704be03,,Eldoret,Scholarship,2026-05-01,2026-05-31,97.41
MEAS-a4f52371,IND-3c218f3e,PROG-3704be03,,Eldoret,Scholarship,2026-07-01,2026-07-31,69.7
MEAS-e7bc3a3d,IND-3c218f3e,PROG-3704be03,,Eldoret,Scholarship,2026-08-01,2026-08-31,62.77
MEAS-f1fcddb8,IND-3c218f3e,PROG-2c35e0c6,,Kakamega,Tech,2025-09-01,2025-10-01,69.37
MEAS-5d2f3937,IND-3c218f3e,PROG-2c35e0c6,,Kakamega,Tech,2025-10-01,2025-10-31,71.65
MEAS-560aebb9,IND-3c218f3e,PROG-2c35e0c6,,Kakamega,Tech,2025-12-01,2025-12-31,64.91
MEAS-ee3db27b,IND-3c218f3e,PROG-2c35e0c6,,Kakamega,Tech,2026-01-01,2026-01-31,65.19
MEAS-022062d5,IND-3c218f3e,PROG-2c35e0c6,,Kakamega,Tech,2026-02-01,2026-03-03,81.21
MEAS-9282b6fe,IND-3c218f3e,PROG-2c35e0c6,,Kakamega,Tech,2026-03-01,2026-03-31,81.02
MEAS-c2fb060c,IND-3c218f3e,PROG-2c35e0c6,,Kakamega,Tech,2026-05-01,2026-05-31,75.55
MEAS-55fc55a2,IND-3c218f3e,PROG-2c35e0c6,,Kakamega,Tech,2026-06-01,2026-07-01,52.95
MEAS-1027cb7c,IND-3c218f3e,PROG-2c35e0c6,,Kakamega,Tech,2026-07-01,2026-07-31,99.34
MEAS-92cab5b5,IND-3c218f3e,PROG-2c35e0c6,,Kakamega,Tech,2026-08-01,2026-08-31,66.45
MEAS-f06b1250,IND-3c218f3e,PROG-77574714,,Kakamega,Scholarship,2025-09-01,2025-10-01,54.14
MEAS-3adff730,IND-3c218f3e,PROG-77574714,,Kakamega,Scholarship,2025-10-01,2025-10-31,79.09
MEAS-1ae98c82,IND-3c218f3e,PROG-77574714,,Kakamega,Scholarship,2025-11-01,2025-12-01,76.57
MEAS-e0b6b4c4,IND-3c218f3e,PROG-77574714,,Kakamega,Scholarship,2025-12-01,2025-12-31,69.3
MEAS-97f607f2,IND-3c218f3e,PROG-77574714,,Kakamega,Scholarship,2026-01-01,2026-01-31,81.84
MEAS-5aa16c3a,IND-3c218f3e,PROG-77574714,,Kakamega,Scholarship,2026-03-01,2026-03-31,74.65
MEAS-d7fdabec,IND-3c218f3e,PROG-77574714,,Kakamega,Scholarship,2026-04-01,2026-05-01,52.5
MEAS-e53dc170,IND-3c218f3e,PROG-77574714,,Kakamega,Scholarship,2026-05-01,2026-05-31,83.11
MEAS-16e4cc23,IND-3c218f3e,PROG-77574714,,Kakamega,Scholarship,2026-06-01,2026-07-01,71.14
MEAS-79e3b8d8,IND-3c218f3e,PROG-77574714,,Kakamega,Scholarship,2026-07-01,2026-07-31,98.7
MEAS-fae1aec4,IND-3c218f3e,PROG-77574714,,Kakamega,Scholarship,2026-08-01,2026-08-31,77.96
MEAS-2c3364a0,IND-3c218f3e,PROG-4b1a75a8,,Kisumu,Vocational,2025-09-01,2025-10-01,64.69
MEAS-b030c4ff,IND-3c218f3e,PROG-4b1a75a8,,Kisumu,Vocational,2025-10-01,2025-10-31,38.84
MEAS-5f2822be,IND-3c218f3e,PROG-4b1a75a8,,Kisumu,Vocational,2025-12-01,2025-12-31,78.69
MEAS-2dedec3b,IND-3c218f3e,PROG-4b1a75a8,,Kisumu,Vocational,2026-01-01,2026-01-31,47.11
MEAS-0229c86d,IND-3c218f3e,PROG-4b1a75a8,,Kisumu,Vocational,2026-02-01,2026-03-03,78.46
MEAS-472d6889,IND-3c218f3e,PROG-4b1a75a8,,Kisumu,Vocational,2026-06-01,2026-07-01,48.52
MEAS-d154aa68,IND-3c218f3e,PROG-4b1a75a8,,Kisumu,Vocational,2026-08-01,2026-08-31,62.95
MEAS-aea98038,IND-3c218f3e,PROG-c63f7e98,,Eldoret,Scholarship,2025-09-01,2025-10-01,54.44
MEAS-584e68e0,IND-3c218f3e,PROG-c63f7e98,,Eldoret,Scholarship,2025-11-01,2025-12-01,69.02
MEAS-381891b9,IND-3c218f3e,PROG-c63f7e98,,Eldoret,Scholarship,2025-12-01,2025-12-31,79.2
MEAS-59ec75ff,IND-3c218f3e,PROG-c63f7e98,,Eldoret,Scholarship,2026-01-01,2026-01-31,52.46
MEAS-9e2ae339,IND-3c218f3e,PROG-c63f7e98,,Eldoret,Scholarship,2026-03-01,2026-03-31,68.05
MEAS-426c8b98,IND-3c218f3e,PROG-c63f7e98,,Eldoret,Scholarship,2026-04-01,2026-05-01,100.0
MEAS-01bbe2f8,IND-3c218f3e,PROG-c63f7e98,,Eldoret,Scholarship,2026-07-01,2026-07-31,53.9
MEAS-931941ff,IND-3c218f3e,PROG-c63f7e98,,Eldoret,Scholarship,2026-08-01,2026-08-31,60.24
MEAS-5830e4cf,IND-3c218f3e,PROG-9e60e575,,Eldoret,Scholarship,2025-10-01,2025-10-31,76.72
MEAS-59f64ac7,IND-3c218f3e,PROG-9e60e575,,Eldoret,Scholarship,2025-12-01,2025-12-31,65.01
MEAS-da6bdfb2,IND-3c218f3e,PROG-9e60e575,,Eldoret,Scholarship,2026-01-01,2026-01-31,84.21
MEAS-eb1ef3a0,IND-3c218f3e,PROG-9e60e575,,Eldoret,Scholarship,2026-02-01,2026-03-03,80.71
MEAS-f79bb4b7,IND-3c218f3e,PROG-9e60e575,,Eldoret,Scholarship,2026-04-01,2026-05-01,69.59
MEAS-de058b57,IND-3c218f3e,PROG-9e60e575,,Eldoret,Scholarship,2026-05-01,2026-05-31,76.31
MEAS-4d10a7b2,IND-3c218f3e,PROG-9e60e575,,Eldoret,Scholarship,2026-06-01,2026-07-01,76.0
MEAS-7c0498ae,IND-3c218f3e,PROG-9e60e575,,Eldoret,Scholarship,2026-07-01,2026-07-31,70.07
MEAS-24a74180,IND-3c218f3e,PROG-397ae435,,Kakamega,Scholarship,2025-09-01,2025-10-01,74.76
MEAS-d16beb28,IND-3c218f3e,PROG-397ae435,,Kakamega,Scholarship,2025-10-01,2025-10-31,65.63
MEAS-61bb8106,IND-3c218f3e,PROG-397ae435,,Kakamega,Scholarship,2025-11-01,2025-12-01,77.56
MEAS-8e9bccf7,IND-3c218f3e,PROG-397ae435,,Kakamega,Scholarship,2025-12-01,2025-12-31,69.7
MEAS-1be5cfce,IND-3c218f3e,PROG-397ae435,,Kakamega,Scholarship,2026-02-01,2026-03-03,87.44
MEAS-e55311dd,IND-3c218f3e,PROG-397ae435,,Kakamega,Scholarship,2026-03-01,2026-03-31,67.86
MEAS-02ff1a1a,IND-3c218f3e,PROG-397ae435,,Kakamega,Scholarship,2026-05-01,2026-05-31,66.47
MEAS-d14d34cb,IND-3c218f3e,PROG-397ae435,,Kakamega,Scholarship,2026-06-01,2026-07-01,67.39
MEAS-51dee0c1,IND-3c218f3e,PROG-397ae435,,Kakamega,Scholarship,2026-07-01,2026-07-31,68.43
MEAS-a45b8fea,IND-3c218f3e,PROG-397ae435,,Kakamega,Scholarship,2026-08-01,2026-08-31,75.49
MEAS-ece5daf8,IND-3c218f3e,,,,Scholarship,2025-10-01,2025-10-31,98.59
MEAS-c24d7524,IND-3c218f3e,,,,Scholarship,2026-02-01,2026-03-03,89.42
MEAS-2b2e4e72,IND-3c218f3e,,,,Scholarship,2026-03-01,2026-03-31,95.02
MEAS-e8df95db,IND-3c218f3e,,,,Scholarship,2026-04-01,2026-05-01,97.61
MEAS-dfbeef9e,IND-3c218f3e,,,,Scholarship,2026-07-01,2026-07-31,68.9
MEAS-0716241f,IND-3c218f3e,,,,Plus,2025-09-01,2025-10-01,70.49
MEAS-0d0dc5f4,IND-3c218f3e,,,,Plus,2025-10-01,2025-10-31,40.98
MEAS-06b97a82,IND-3c218f3e,,,,Plus,2026-01-01,2026-01-31,54.22
MEAS-79ebba1b,IND-3c218f3e,,,,Plus,2026-02-01,2026-03-03,42.53
MEAS-26db0d7e,IND-3c218f3e,,,,Plus,2026-03-01,2026-03-31,96.11
MEAS-1a8d785f,IND-3c218f3e,,,,Plus,2026-08-01,2026-08-31,87.04
MEAS-2848e9fb,IND-3c218f3e,,,,Vocational,2025-09-01,2025-10-01,78.5
MEAS-ba6a15a6,IND-3c218f3e,,,,Vocational,2025-12-01,2025-12-31,57.61
MEAS-65c8ef92,IND-3c218f3e,,,,Vocational,2026-01-01,2026-01-31,60.62
MEAS-ae169cca,IND-3c218f3e,,,,Vocational,2026-06-01,2026-07-01,62.01
MEAS-43faa740,IND-3c218f3e,,,,Vocational,2026-08-01,2026-08-31,71.44
MEAS-37b73228,IND-3c218f3e,,,,Tech,2025-10-01,2025-10-31,82.28
MEAS-efcb818f,IND-3c218f3e,,,,Tech,2025-11-01,2025-12-01,71.0
MEAS-64188a9c,IND-3c218f3e,,,,Tech,2025-12-01,2025-12-31,76.14
MEAS-1d52352f,IND-3c218f3e,,,,Tech,2026-01-01,2026-01-31,77.61
MEAS-793c0e6e,IND-3c218f3e,,,,Tech,2026-03-01,2026-03-31,82.21
MEAS-1ab196fc,IND-3c218f3e,,,,Tech,2026-04-01,2026-05-01,80.2
MEAS-d8e58530,IND-3c218f3e,,,,Tech,2026-05-01,2026-05-31,74.34
MEAS-f34deb41,IND-3c218f3e,,,,Tech,2026-08-01,2026-08-31,53.84
MEAS-50c5e587,IND-1461376c,PROG-f3678757,,Meru,Vocational,2025-09-01,2025-10-01,56.92
MEAS-f5d0c8d0,IND-1461376c,PROG-f3678757,,Meru,Vocational,2025-10-01,2025-10-31,83.32
MEAS-5acb0667,IND-1461376c,PROG-f3678757,,Meru,Vocational,2025-11-01,2025-12-01,57.46
MEAS-ec3b827e,IND-1461376c,PROG-f3678757,,Meru,Vocational,2025-12-01,2025-12-31,99.72
MEAS-8763f5d6,IND-1461376c,PROG-f3678757,,Meru,Vocational,2026-01-01,2026-01-31,85.38
MEAS-76153102,IND-1461376c,PROG-f3678757,,Meru,Vocational,2026-02-01,2026-03-03,64.14
MEAS-4b2d108b,IND-1461376c,PROG-f3678757,,Meru,Vocational,2026-03-01,2026-03-31,78.17
MEAS-0fe7a930,IND-1461376c,PROG-f3678757,,Meru,Vocational,2026-04-01,2026-05-01,42.84
MEAS-f039e98b,IND-1461376c,PROG-f3678757,,Meru,Vocational,2026-05-01,2026-05-31,78.78
MEAS-bb8f9cd0,IND-1461376c,PROG-f3678757,,Meru,Vocational,2026-07-01,2026-07-31,71.5
MEAS-00fcbed2,IND-1461376c,PROG-f3678757,,Meru,Vocational,2026-08-01,2026-08-31,97.23
MEAS-f901f85c,IND-1461376c,PROG-11d48786,,Nyeri,Vocational,2025-10-01,2025-10-31,65.02
MEAS-2cf69973,IND-1461376c,PROG-11d48786,,Nyeri,Vocational,2025-12-01,2025-12-31,66.82
MEAS-dd8d4444,IND-1461376c,PROG-11d48786,,Nyeri,Vocational,2026-01-01,2026-01-31,51.09
MEAS-10cb317d,IND-1461376c,PROG-11d48786,,Nyeri,Vocational,2026-02-01,2026-03-03,49.75
MEAS-f9fecf31,IND-1461376c,PROG-11d48786,,Nyeri,Vocational,2026-03-01,2026-03-31,74.41
MEAS-061f3d31,IND-1461376c,PROG-11d48786,,Nyeri,Vocational,2026-04-01,2026-05-01,63.28
MEAS-da2fa896,IND-1461376c,PROG-11d48786,,Nyeri,Vocational,2026-06-01,2026-07-01,87.28
MEAS-6ccb4f34,IND-1461376c,PROG-11d48786,,Nyeri,Vocational,2026-07-01,2026-07-31,100.0
MEAS-759973cf,IND-1461376c,PROG-11d48786,,Nyeri,Vocational,2026-08-01,2026-08-31,47.6
MEAS-9e062a55,IND-1461376c,PROG-21c51332,,Kakamega,Tech,2025-09-01,2025-10-01,45.06
MEAS-9dd63caf,IND-1461376c,PROG-21c51332,,Kakamega,Tech,2025-11-01,2025-12-01,83.67
MEAS-1c475783,IND-1461376c,PROG-21c51332,,Kakamega,Tech,2026-01-01,2026-01-31,52.45
MEAS-f82c8b29,IND-1461376c,PROG-21c51332,,Kakamega,Tech,2026-02-01,2026-03-03,67.14
MEAS-fbba7976,IND-1461376c,PROG-21c51332,,Kakamega,Tech,2026-03-01,2026-03-31,57.92
MEAS-12f05637,IND-1461376c,PROG-21c51332,,Kakamega,Tech,2026-05-01,2026-05-31,81.27
MEAS-1f44320a,IND-1461376c,PROG-9e2ec2fe,,Kisumu,Vocational,2025-09-01,2025-10-01,73.25
MEAS-ac34e7d8,IND-1461376c,PROG-9e2ec2fe,,Kisumu,Vocational,2025-10-01,2025-10-31,82.37
MEAS-9abcb74c,IND-1461376c,PROG-9e2ec2fe,,Kisumu,Vocational,2025-11-01,2025-12-01,66.58
MEAS-2c9b54ec,IND-1461376c,PROG-9e2ec2fe,,Kisumu,Vocational,2025-12-01,2025-12-31,88.57
MEAS-dbc194a9,IND-1461376c,PROG-9e2ec2fe,,Kisumu,Vocational,2026-01-01,2026-01-31,79.58
MEAS-c8f0c52b,IND-1461376c,PROG-9e2ec2fe,,Kisumu,Vocational,2026-02-01,2026-03-03,66.81
MEAS-19668858,IND-1461376c,PROG-9e2ec2fe,,Kisumu,Vocational,2026-03-01,2026-03-31,100.0
MEAS-556670c0,IND-1461376c,PROG-9e2ec2fe,,Kisumu,Vocational,2026-04-01,2026-05-01,79.45
MEAS-b6f06964,IND-1461376c,PROG-9e2ec2fe,,Kisumu,Vocational,2026-05-01,2026-05-31,44.59
MEAS-1c7cb5cd,IND-1461376c,PROG-9e2ec2fe,,Kisumu,Vocational,2026-07-01,2026-07-31,84.89
MEAS-c8b8e7db,IND-1461376c,PROG-0dfc281b,,Nairobi,Tech,2025-09-01,2025-10-01,59.73
MEAS-999994cb,IND-1461376c,PROG-0dfc281b,,Nairobi,Tech,2025-12-01,2025-12-31,79.08
MEAS-6388f21c,IND-1461376c,PROG-0dfc281b,,Nairobi,Tech,2026-01-01,2026-01-31,68.86
MEAS-a83bfe6c,IND-1461376c,PROG-0dfc281b,,Nairobi,Tech,2026-03-01,2026-03-31,69.71
MEAS-4fbbd4b3,IND-1461376c,PROG-0dfc281b,,Nairobi,Tech,2026-04-01,2026-05-01,70.61
MEAS-e1486c14,IND-1461376c,PROG-0dfc281b,,Nairobi,Tech,2026-05-01,2026-05-31,77.79
MEAS-d3dda31b,IND-1461376c,PROG-0dfc281b,,Nairobi,Tech,2026-07-01,2026-07-31,64.86
MEAS-ec25db72,IND-1461376c,PROG-0dfc281b,,Nairobi,Tech,2026-08-01,2026-08-31,85.26
MEAS-f587599a,IND-1461376c,PROG-c0a36c24,,Kiambu,Vocational,2025-09-01,2025-10-01,87.19
MEAS-217fd107,IND-1461376c,PROG-c0a36c24,,Kiambu,Vocational,2025-11-01,2025-12-01,80.31
MEAS-4d33ee31,IND-1461376c,PROG-c0a36c24,,Kiambu,Vocational,2025-12-01,2025-12-31,71.97
MEAS-880f6a3d,IND-1461376c,PROG-c0a36c24,,Kiambu,Vocational,2026-01-01,2026-01-31,62.73
MEAS-56afac1a,IND-1461376c,PROG-c0a36c24,,Kiambu,Vocational,2026-02-01,2026-03-03,49.49
MEAS-d10f4e6a,IND-1461376c,PROG-c0a36c24,,Kiambu,Vocational,2026-03-01,2026-03-31,85.2
MEAS-108d0bc6,IND-1461376c,PROG-c0a36c24,,Kiambu,Vocational,2026-04-01,2026-05-01,94.74
MEAS-974acc78,IND-1461376c,PROG-c0a36c24,,Kiambu,Vocational,2026-05-01,2026-05-31,88.0
MEAS-42dd1615,IND-1461376c,PROG-c0a36c24,,Kiambu,Vocational,2026-06-01,2026-07-01,67.69
MEAS-100f83d6,IND-1461376c,PROG-b4b1c2de,,Nakuru,Plus,2025-10-01,2025-10-31,70.64
MEAS-2ff5e140,IND-1461376c,PROG-b4b1c2de,,Nakuru,Plus,2025-11-01,2025-12-01,75.82
MEAS-b7bc3b1f,IND-1461376c,PROG-b4b1c2de,,Nakuru,Plus,2026-02-01,2026-03-03,51.0
MEAS-f4d44192,IND-1461376c,PROG-b4b1c2de,,Nakuru,Plus,2026-03-01,2026-03-31,86.78
MEAS-c9e3f130,IND-1461376c,PROG-b4b1c2de,,Nakuru,Plus,2026-05-01,2026-05-31,86.13
MEAS-7fea61c6,IND-1461376c,PROG-b4b1c2de,,Nakuru,Plus,2026-06-01,2026-07-01,67.22
MEAS-72557cf9,IND-1461376c,PROG-b4b1c2de,,Nakuru,Plus,2026-07-01,2026-07-31,63.57
MEAS-27109c96,IND-1461376c,PROG-7bd3b262,,Kakamega,Vocational,2025-09-01,2025-10-01,66.08
MEAS-7f734ae7,IND-1461376c,PROG-7bd3b262,,Kakamega,Vocational,2026-01-01,2026-01-31,77.03
MEAS-d7a305ba,IND-1461376c,PROG-7bd3b262,,Kakamega,Vocational,2026-05-01,2026-05-31,64.02
MEAS-95d5de94,IND-1461376c,PROG-7bd3b262,,Kakamega,Vocational,2026-06-01,2026-07-01,84.21
MEAS-34b389a5,IND-1461376c,PROG-7bd3b262,,Kakamega,Vocational,2026-07-01,2026-07-31,92.16
MEAS-c3d7dbb0,IND-1461376c,PROG-7bd3b262,,Kakamega,Vocational,2026-08-01,2026-08-31,70.87
MEAS-ef579d30,IND-1461376c,PROG-c79012a6,,Nyeri,Scholarship,2025-09-01,2025-10-01,56.51
MEAS-e62428f7,IND-1461376c,PROG-c79012a6,,Nyeri,Scholarship,2025-10-01,2025-10-31,84.93
MEAS-f74aa23c,IND-1461376c,PROG-c79012a6,,Nyeri,Scholarship,2025-11-01,2025-12-01,75.14
MEAS-0c03384c,IND-1461376c,PROG-c79012a6,,Nyeri,Scholarship,2025-12-01,2025-12-31,64.33
MEAS-7b880898,IND-1461376c,PROG-c79012a6,,Nyeri,Scholarship,2026-01-01,2026-01-31,74.93
MEAS-8a5d6164,IND-1461376c,PROG-c79012a6,,Nyeri,Scholarship,2026-02-01,2026-03-03,52.3
MEAS-eeabefa0,IND-1461376c,PROG-c79012a6,,Nyeri,Scholarship,2026-04-01,2026-05-01,57.38
MEAS-c02b5db1,IND-1461376c,PROG-c79012a6,,Nyeri,Scholarship,2026-05-01,2026-05-31,49.88
MEAS-31ee479d,IND-1461376c,PROG-c79012a6,,Nyeri,Scholarship,2026-07-01,2026-07-31,67.0
MEAS-660c6298,IND-1461376c,PROG-c79012a6,,Nyeri,Scholarship,2026-08-01,2026-08-31,65.76
MEAS-5d6c2271,IND-1461376c,PROG-5b5b04ab,,Nyeri,Tech,2025-09-01,2025-10-01,83.24
MEAS-fa271aa8,IND-1461376c,PROG-5b5b04ab,,Nyeri,Tech,2025-12-01,2025-12-31,72.26
MEAS-eb69b4d0,IND-1461376c,PROG-5b5b04ab,,Nyeri,Tech,2026-01-01,2026-01-31,88.57
MEAS-4e3ae56f,IND-1461376c,PROG-5b5b04ab,,Nyeri,Tech,2026-03-01,2026-03-31,44.96
MEAS-08a79060,IND-1461376c,PROG-5b5b04ab,,Nyeri,Tech,2026-05-01,2026-05-31,66.47
MEAS-14861211,IND-1461376c,PROG-5b5b04ab,,Nyeri,Tech,2026-06-01,2026-07-01,69.75
MEAS-a851b359,IND-1461376c,PROG-5b5b04ab,,Nyeri,Tech,2026-07-01,2026-07-31,91.3
MEAS-5e30a536,IND-1461376c,PROG-5b5b04ab,,Nyeri,Tech,2026-08-01,2026-08-31,71.53
MEAS-3243b687,IND-1461376c,PROG-42104c80,,Kakamega,Plus,2025-09-01,2025-10-01,94.32
MEAS-26d0a8be,IND-1461376c,PROG-42104c80,,Kakamega,Plus,2025-10-01,2025-10-31,76.62
MEAS-f1a69dd6,IND-1461376c,PROG-42104c80,,Kakamega,Plus,2025-11-01,2025-12-01,76.38
MEAS-d8a94be6,IND-1461376c,PROG-42104c80,,Kakamega,Plus,2026-01-01,2026-01-31,63.01
MEAS-777501bf,IND-1461376c,PROG-42104c80,,Kakamega,Plus,2026-02-01,2026-03-03,78.35
MEAS-ffba90eb,IND-1461376c,PROG-42104c80,,Kakamega,Plus,2026-03-01,2026-03-31,70.54
MEAS-e73a5e66,IND-1461376c,PROG-42104c80,,Kakamega,Plus,2026-04-01,2026-05-01,78.26
MEAS-b52ef717,IND-1461376c,PROG-42104c80,,Kakamega,Plus,2026-05-01,2026-05-31,80.97
MEAS-6be59fef,IND-1461376c,PROG-42104c80,,Kakamega,Plus,2026-06-01,2026-07-01,67.35
MEAS-0681cdad,IND-1461376c,PROG-42104c80,,Kakamega,Plus,2026-07-01,2026-07-31,71.08
MEAS-b65eb8e8,IND-1461376c,PROG-42104c80,,Kakamega,Plus,2026-08-01,2026-08-31,100.0
MEAS-cdb68f15,IND-1461376c,PROG-ace82afc,,Meru,Vocational,2025-09-01,2025-10-01,76.82
MEAS-1fd21d8f,IND-1461376c,PROG-ace82afc,,Meru,Vocational,2026-01-01,2026-01-31,78.78
MEAS-25a5167d,IND-1461376c,PROG-ace82afc,,Meru,Vocational,2026-02-01,2026-03-03,62.85
MEAS-26d1702c,IND-1461376c,PROG-ace82afc,,Meru,Vocational,2026-03-01,2026-03-31,59.37
MEAS-1a727ce3,IND-1461376c,PROG-ace82afc,,Meru,Vocational,2026-04-01,2026-05-01,93.73
MEAS-6c155cfe,IND-1461376c,PROG-ace82afc,,Meru,Vocational,2026-05-01,2026-05-31,74.71
MEAS-5d1fd3b0,IND-1461376c,PROG-ace82afc,,Meru,Vocational,2026-06-01,2026-07-01,63.72
MEAS-33f68fbb,IND-1461376c,PROG-ace82afc,,Meru,Vocational,2026-08-01,2026-08-31,49.03
MEAS-690f95c0,IND-1461376c,PROG-54f8ce8a,,Mombasa,Scholarship,2025-10-01,2025-10-31,65.9
MEAS-522b0136,IND-1461376c,PROG-54f8ce8a,,Mombasa,Scholarship,2025-11-01,2025-12-01,68.32
MEAS-bd704b3f,IND-1461376c,PROG-54f8ce8a,,Mombasa,Scholarship,2025-12-01,2025-12-31,62.62
MEAS-1d201bd7,IND-1461376c,PROG-54f8ce8a,,Mombasa,Scholarship,2026-01-01,2026-01-31,87.87
MEAS-20c6a521,IND-1461376c,PROG-54f8ce8a,,Mombasa,Scholarship,2026-02-01,2026-03-03,59.74
MEAS-0c8b78ac,IND-1461376c,PROG-54f8ce8a,,Mombasa,Scholarship,2026-04-01,2026-05-01,66.8
MEAS-9c74b727,IND-1461376c,PROG-54f8ce8a,,Mombasa,Scholarship,2026-05-01,2026-05-31,64.05
MEAS-e95be3cf,IND-1461376c,PROG-54f8ce8a,,Mombasa,Scholarship,2026-06-01,2026-07-01,87.17
MEAS-35090f84,IND-1461376c,PROG-54f8ce8a,,Mombasa,Scholarship,2026-07-01,2026-07-31,66.96
MEAS-f2ad695e,IND-1461376c,PROG-54f8ce8a,,Mombasa,Scholarship,2026-08-01,2026-08-31,60.85
MEAS-d92f25bb,IND-1461376c,PROG-37fd8080,,Kiambu,Plus,2025-09-01,2025-10-01,74.18
MEAS-d1e18f76,IND-1461376c,PROG-37fd8080,,Kiambu,Plus,2025-10-01,2025-10-31,59.04
MEAS-e9697006,IND-1461376c,PROG-37fd8080,,Kiambu,Plus,2025-12-01,2025-12-31,63.68
MEAS-d5c0c75c,IND-1461376c,PROG-37fd8080,,Kiambu,Plus,2026-01-01,2026-01-31,62.73
MEAS-53caf9a3,IND-1461376c,PROG-37fd8080,,Kiambu,Plus,2026-03-01,2026-03-31,59.49
MEAS-8156cb8f,IND-1461376c,PROG-37fd8080,,Kiambu,Plus,2026-04-01,2026-05-01,75.71
MEAS-9d6b3577,IND-1461376c,PROG-37fd8080,,Kiambu,Plus,2026-05-01,2026-05-31,90.46
MEAS-6301f34b,IND-1461376c,PROG-37fd8080,,Kiambu,Plus,2026-08-01,2026-08-31,73.23
MEAS-eb3633e2,IND-1461376c,PROG-ced265e0,,Kajiado,Scholarship,2025-09-01,2025-10-01,71.92
MEAS-599b3390,IND-1461376c,PROG-ced265e0,,Kajiado,Scholarship,2025-10-01,2025-10-31,77.75
MEAS-b97fd4de,IND-1461376c,PROG-ced265e0,,Kajiado,Scholarship,2025-11-01,2025-12-01,52.05
MEAS-e17dd708,IND-1461376c,PROG-ced265e0,,Kajiado,Scholarship,2025-12-01,2025-12-31,79.69
MEAS-ae457785,IND-1461376c,PROG-ced265e0,,Kajiado,Scholarship,2026-01-01,2026-01-31,75.01
MEAS-22e4fa50,IND-1461376c,PROG-ced265e0,,Kajiado,Scholarship,2026-02-01,2026-03-03,61.14
MEAS-e5ca6f65,IND-1461376c,PROG-ced265e0,,Kajiado,Scholarship,2026-03-01,2026-03-31,70.09
MEAS-e00bb3db,IND-1461376c,PROG-ced265e0,,Kajiado,Scholarship,2026-04-01,2026-05-01,80.37
MEAS-ca2a3ad9,IND-1461376c,PROG-ced265e0,,Kajiado,Scholarship,2026-05-01,2026-05-31,66.74
MEAS-22921301,IND-1461376c,PROG-ced265e0,,Kajiado,Scholarship,2026-07-01,2026-07-31,56.79
MEAS-2c4107c2,IND-1461376c,PROG-ced265e0,,Kajiado,Scholarship,2026-08-01,2026-08-31,80.34
MEAS-a4e2ed04,IND-1461376c,PROG-4986a661,,Machakos,Plus,2025-10-01,2025-10-31,75.31
MEAS-60f4cb40,IND-1461376c,PROG-4986a661,,Machakos,Plus,2025-11-01,2025-12-01,80.55
MEAS-6b167981,IND-1461376c,PROG-4986a661,,Machakos,Plus,2025-12-01,2025-12-31,68.16
MEAS-793e73c1,IND-1461376c,PROG-4986a661,,Machakos,Plus,2026-01-01,2026-01-31,67.31
MEAS-b9da826d,IND-1461376c,PROG-4986a661,,Machakos,Plus,2026-02-01,2026-03-03,100.0
MEAS-c2adecac,IND-1461376c,PROG-4986a661,,Machakos,Plus,2026-05-01,2026-05-31,82.64
MEAS-ea3bfbbc,IND-1461376c,PROG-4986a661,,Machakos,Plus,2026-06-01,2026-07-01,78.04
MEAS-e5f7989f,IND-1461376c,PROG-4986a661,,Machakos,Plus,2026-07-01,2026-07-31,100.0
MEAS-f7ac397a,IND-1461376c,PROG-4986a661,,Machakos,Plus,2026-08-01,2026-08-31,67.38
MEAS-b6227f40,IND-1461376c,PROG-ca19d900,,Nyeri,Scholarship,2025-09-01,2025-10-01,49.89
MEAS-0d436879,IND-1461376c,PROG-ca19d900,,Nyeri,Scholarship,2025-10-01,2025-10-31,73.82
MEAS-7c3d376d,IND-1461376c,PROG-ca19d900,,Nyeri,Scholarship,2026-02-01,2026-03-03,78.45
MEAS-cc3a7d68,IND-1461376c,PROG-ca19d900,,Nyeri,Scholarship,2026-03-01,2026-03-31,62.24
MEAS-dd2577a8,IND-1461376c,PROG-ca19d900,,Nyeri,Scholarship,2026-04-01,2026-05-01,56.73
MEAS-ebe77869,IND-1461376c,PROG-ca19d900,,Nyeri,Scholarship,2026-05-01,2026-05-31,66.6
MEAS-58a7a324,IND-1461376c,PROG-ca19d900,,Nyeri,Scholarship,2026-06-01,2026-07-01,65.87
MEAS-3bd7f28b,IND-1461376c,PROG-37d82bff,,Eldoret,Plus,2025-09-01,2025-10-01,42.77
MEAS-ab9fbfb4,IND-1461376c,PROG-37d82bff,,Eldoret,Plus,2025-10-01,2025-10-31,73.86
MEAS-6448fead,IND-1461376c,PROG-37d82bff,,Eldoret,Plus,2025-11-01,2025-12-01,65.56
MEAS-920b15df,IND-1461376c,PROG-37d82bff,,Eldoret,Plus,2026-03-01,2026-03-31,74.87
MEAS-3f98d691,IND-1461376c,PROG-37d82bff,,Eldoret,Plus,2026-04-01,2026-05-01,79.59
MEAS-6d8c784d,IND-1461376c,PROG-37d82bff,,Eldoret,Plus,2026-05-01,2026-05-31,78.31
MEAS-e85c4c01,IND-1461376c,PROG-37d82bff,,Eldoret,Plus,2026-06-01,2026-07-01,73.62
MEAS-04e1db9b,IND-1461376c,PROG-37d82bff,,Eldoret,Plus,2026-08-01,2026-08-31,58.51
MEAS-1a7fb2ac,IND-1461376c,PROG-3cc79871,,Kisumu,Scholarship,2025-09-01,2025-10-01,69.19
MEAS-850380e8,IND-1461376c,PROG-3cc79871,,Kisumu,Scholarship,2025-10-01,2025-10-31,80.08
MEAS-3e38a180,IND-1461376c,PROG-3cc79871,,Kisumu,Scholarship,2026-02-01,2026-03-03,59.21
MEAS-3893e927,IND-1461376c,PROG-3cc79871,,Kisumu,Scholarship,2026-03-01,2026-03-31,73.59
MEAS-50734163,IND-1461376c,PROG-3cc79871,,Kisumu,Scholarship,2026-05-01,2026-05-31,45.65
MEAS-25b8275a,IND-1461376c,PROG-3cc79871,,Kisumu,Scholarship,2026-06-01,2026-07-01,95.35
MEAS-e4d3dfe3,IND-1461376c,PROG-3cc79871,,Kisumu,Scholarship,2026-07-01,2026-07-31,77.82
MEAS-24ae4208,IND-1461376c,PROG-3cc79871,,Kisumu,Scholarship,2026-08-01,2026-08-31,79.47
MEAS-6d15dedc,IND-1461376c,PROG-bf6f2447,,Nakuru,Scholarship,2025-09-01,2025-10-01,91.42
MEAS-fc188eeb,IND-1461376c,PROG-bf6f2447,,Nakuru,Scholarship,2025-10-01,2025-10-31,85.9
MEAS-952d41f1,IND-1461376c,PROG-bf6f2447,,Nakuru,Scholarship,2025-11-01,2025-12-01,68.44
MEAS-c59d4fbe,IND-1461376c,PROG-bf6f2447,,Nakuru,Scholarship,2026-01-01,2026-01-31,74.46
MEAS-0899489e,IND-1461376c,PROG-bf6f2447,,Nakuru,Scholarship,2026-03-01,2026-03-31,73.08
MEAS-f0063777,IND-1461376c,PROG-bf6f2447,,Nakuru,Scholarship,2026-06-01,2026-07-01,100.0
MEAS-c81a6e79,IND-1461376c,PROG-f6c7609c,,Nyeri,Tech,2025-09-01,2025-10-01,72.98
MEAS-64f11322,IND-1461376c,PROG-f6c7609c,,Nyeri,Tech,2025-11-01,2025-12-01,71.86
MEAS-2f3e75eb,IND-1461376c,PROG-f6c7609c,,Nyeri,Tech,2025-12-01,2025-12-31,57.34
MEAS-9d2c37fb,IND-1461376c,PROG-f6c7609c,,Nyeri,Tech,2026-01-01,2026-01-31,66.84
MEAS-7deeef09,IND-1461376c,PROG-f6c7609c,,Nyeri,Tech,2026-02-01,2026-03-03,79.97
MEAS-0cf05edd,IND-1461376c,PROG-f6c7609c,,Nyeri,Tech,2026-04-01,2026-05-01,78.47
MEAS-f36e4f3c,IND-1461376c,PROG-f6c7609c,,Nyeri,Tech,2026-06-01,2026-07-01,59.68
MEAS-ffa182cf,IND-1461376c,PROG-f6c7609c,,Nyeri,Tech,2026-08-01,2026-08-31,59.07
MEAS-f52a0416,IND-1461376c,PROG-ce4fe570,,Machakos,Tech,2025-09-01,2025-10-01,59.76
MEAS-2dc0d26f,IND-1461376c,PROG-ce4fe570,,Machakos,Tech,2025-11-01,2025-12-01,83.51
MEAS-beeebe51,IND-1461376c,PROG-ce4fe570,,Machakos,Tech,2026-01-01,2026-01-31,72.83
MEAS-9b7da849,IND-1461376c,PROG-ce4fe570,,Machakos,Tech,2026-02-01,2026-03-03,57.23
MEAS-67db516b,IND-1461376c,PROG-ce4fe570,,Machakos,Tech,2026-03-01,2026-03-31,55.04
MEAS-4e8295d7,IND-1461376c,PROG-ce4fe570,,Machakos,Tech,2026-04-01,2026-05-01,64.98
MEAS-99ade2a0,IND-1461376c,PROG-ce4fe570,,Machakos,Tech,2026-06-01,2026-07-01,77.43
MEAS-a049696f,IND-1461376c,PROG-ce4fe570,,Machakos,Tech,2026-07-01,2026-07-31,65.96
MEAS-0e92f762,IND-1461376c,PROG-7509d57a,,Machakos,Tech,2025-09-01,2025-10-01,58.23
MEAS-1e039cec,IND-1461376c,PROG-7509d57a,,Machakos,Tech,2025-10-01,2025-10-31,42.27
MEAS-b4de892d,IND-1461376c,PROG-7509d57a,,Machakos,Tech,2025-11-01,2025-12-01,71.37
MEAS-ab1e5db7,IND-1461376c,PROG-7509d57a,,Machakos,Tech,2025-12-01,2025-12-31,63.6
MEAS-64a238b5,IND-1461376c,PROG-7509d57a,,Machakos,Tech,2026-01-01,2026-01-31,82.72
MEAS-e67e41eb,IND-1461376c,PROG-7509d57a,,Machakos,Tech,2026-03-01,2026-03-31,65.95
MEAS-e33d769c,IND-1461376c,PROG-7509d57a,,Machakos,Tech,2026-06-01,2026-07-01,86.64
MEAS-1805ea3c,IND-1461376c,PROG-7509d57a,,Machakos,Tech,2026-07-01,2026-07-31,64.37
MEAS-34118a8e,IND-1461376c,PROG-7509d57a,,Machakos,Tech,2026-08-01,2026-08-31,55.8
MEAS-e17cdd0e,IND-1461376c,PROG-56db292e,,Eldoret,Tech,2025-10-01,2025-10-31,60.49
MEAS-fc2b9655,IND-1461376c,PROG-56db292e,,Eldoret,Tech,2025-11-01,2025-12-01,70.77
MEAS-ec766604,IND-1461376c,PROG-56db292e,,Eldoret,Tech,2026-03-01,2026-03-31,79.15
MEAS-1fccd99c,IND-1461376c,PROG-56db292e,,Eldoret,Tech,2026-07-01,2026-07-31,63.34
MEAS-f1116115,IND-1461376c,PROG-56db292e,,Eldoret,Tech,2026-08-01,2026-08-31,71.8
MEAS-2d691799,IND-1461376c,PROG-77574714,,Kakamega,Scholarship,2025-09-01,2025-10-01,62.73
MEAS-8aadc43b,IND-1461376c,PROG-77574714,,Kakamega,Scholarship,2025-11-01,2025-12-01,45.55
MEAS-7e5a867c,IND-1461376c,PROG-77574714,,Kakamega,Scholarship,2025-12-01,2025-12-31,69.65
MEAS-0d7beb5d,IND-1461376c,PROG-77574714,,Kakamega,Scholarship,2026-01-01,2026-01-31,38.36
MEAS-48818a57,IND-1461376c,PROG-77574714,,Kakamega,Scholarship,2026-02-01,2026-03-03,79.88
MEAS-5b4d79bc,IND-1461376c,PROG-77574714,,Kakamega,Scholarship,2026-03-01,2026-03-31,92.87
MEAS-aaf21b10,IND-1461376c,PROG-77574714,,Kakamega,Scholarship,2026-04-01,2026-05-01,81.65
MEAS-22fdf9a9,IND-1461376c,PROG-77574714,,Kakamega,Scholarship,2026-05-01,2026-05-31,92.31
MEAS-ca6a1840,IND-1461376c,PROG-77574714,,Kakamega,Scholarship,2026-06-01,2026-07-01,84.15
MEAS-83ea82c2,IND-1461376c,PROG-77574714,,Kakamega,Scholarship,2026-07-01,2026-07-31,76.92
MEAS-39dfc923,IND-1461376c,PROG-77574714,,Kakamega,Scholarship,2026-08-01,2026-08-31,69.08
MEAS-b2384a19,IND-1461376c,PROG-c518bee3,,Machakos,Plus,2025-09-01,2025-10-01,52.97
MEAS-cf5a2856,IND-1461376c,PROG-c518bee3,,Machakos,Plus,2026-01-01,2026-01-31,63.36
MEAS-4490fc20,IND-1461376c,PROG-c518bee3,,Machakos,Plus,2026-02-01,2026-03-03,50.98
MEAS-4b7da3c9,IND-1461376c,PROG-c518bee3,,Machakos,Plus,2026-03-01,2026-03-31,73.52
MEAS-0a3ec29b,IND-1461376c,PROG-c518bee3,,Machakos,Plus,2026-04-01,2026-05-01,74.83
MEAS-74184ad7,IND-1461376c,PROG-c518bee3,,Machakos,Plus,2026-06-01,2026-07-01,78.05
MEAS-8c27c99c,IND-1461376c,PROG-c518bee3,,Machakos,Plus,2026-07-01,2026-07-31,75.57
MEAS-29e87cb4,IND-1461376c,PROG-c518bee3,,Machakos,Plus,2026-08-01,2026-08-31,54.94
MEAS-ac8efa4d,IND-1461376c,PROG-0634a90b,,Meru,Scholarship,2025-09-01,2025-10-01,79.43
MEAS-5e67fba5,IND-1461376c,PROG-0634a90b,,Meru,Scholarship,2026-01-01,2026-01-31,85.05
MEAS-7412d90d,IND-1461376c,PROG-0634a90b,,Meru,Scholarship,2026-03-01,2026-03-31,62.63
MEAS-d2f711e0,IND-1461376c,PROG-0634a90b,,Meru,Scholarship,2026-04-01,2026-05-01,50.43
MEAS-87c76823,IND-1461376c,PROG-0634a90b,,Meru,Scholarship,2026-05-01,2026-05-31,78.55
MEAS-81d187bd,IND-1461376c,PROG-0634a90b,,Meru,Scholarship,2026-06-01,2026-07-01,74.81
MEAS-b02e51ec,IND-1461376c,PROG-0634a90b,,Meru,Scholarship,2026-07-01,2026-07-31,84.8
MEAS-38d32dc6,IND-1461376c,PROG-9c31bb5a,,Eldoret,Tech,2025-09-01,2025-10-01,65.42
MEAS-46272afa,IND-1461376c,PROG-9c31bb5a,,Eldoret,Tech,2026-01-01,2026-01-31,87.01
MEAS-38d9aabe,IND-1461376c,PROG-9c31bb5a,,Eldoret,Tech,2026-02-01,2026-03-03,73.9
MEAS-ee93a684,IND-1461376c,PROG-9c31bb5a,,Eldoret,Tech,2026-03-01,2026-03-31,58.72
MEAS-ea6e2083,IND-1461376c,PROG-9c31bb5a,,Eldoret,Tech,2026-04-01,2026-05-01,73.8
MEAS-0a9b8f3a,IND-1461376c,PROG-9c31bb5a,,Eldoret,Tech,2026-05-01,2026-05-31,66.02
MEAS-6831a9fb,IND-1461376c,PROG-9c31bb5a,,Eldoret,Tech,2026-07-01,2026-07-31,81.59
MEAS-23a1b5f3,IND-1461376c,PROG-9c31bb5a,,Eldoret,Tech,2026-08-01,2026-08-31,59.98
MEAS-f7152981,IND-1461376c,PROG-feed88eb,,Nairobi,Vocational,2025-09-01,2025-10-01,66.83
MEAS-35069b17,IND-1461376c,PROG-feed88eb,,Nairobi,Vocational,2025-10-01,2025-10-31,50.51
MEAS-4d4849cb,IND-1461376c,PROG-feed88eb,,Nairobi,Vocational,2025-11-01,2025-12-01,87.27
MEAS-88b47cff,IND-1461376c,PROG-feed88eb,,Nairobi,Vocational,2025-12-01,2025-12-31,56.88
MEAS-7797559e,IND-1461376c,PROG-feed88eb,,Nairobi,Vocational,2026-01-01,2026-01-31,81.46
MEAS-134d4a4b,IND-1461376c,PROG-feed88eb,,Nairobi,Vocational,2026-02-01,2026-03-03,60.32
MEAS-d97ead59,IND-1461376c,PROG-feed88eb,,Nairobi,Vocational,2026-03-01,2026-03-31,84.67
MEAS-b62899be,IND-1461376c,PROG-feed88eb,,Nairobi,Vocational,2026-04-01,2026-05-01,79.34
MEAS-c7f4d69f,IND-1461376c,PROG-feed88eb,,Nairobi,Vocational,2026-05-01,2026-05-31,50.54
MEAS-0dc53d9f,IND-1461376c,PROG-feed88eb,,Nairobi,Vocational,2026-06-01,2026-07-01,65.19
MEAS-f043166c,IND-1461376c,PROG-feed88eb,,Nairobi,Vocational,2026-07-01,2026-07-31,75.45
MEAS-fb436b8b,IND-1461376c,PROG-c4a7a0a8,,Kilifi,Plus,2025-09-01,2025-10-01,66.4
MEAS-da2e18de,IND-1461376c,PROG-c4a7a0a8,,Kilifi,Plus,2025-10-01,2025-10-31,79.77
MEAS-ca80d7cc,IND-1461376c,PROG-c4a7a0a8,,Kilifi,Plus,2025-11-01,2025-12-01,82.39
MEAS-fb4682d9,IND-1461376c,PROG-c4a7a0a8,,Kilifi,Plus,2025-12-01,2025-12-31,89.76
MEAS-3db54110,IND-1461376c,PROG-c4a7a0a8,,Kilifi,Plus,2026-01-01,2026-01-31,81.79
MEAS-8881af15,IND-1461376c,PROG-c4a7a0a8,,Kilifi,Plus,2026-02-01,2026-03-03,82.88
MEAS-3cda57b5,IND-1461376c,PROG-c4a7a0a8,,Kilifi,Plus,2026-03-01,2026-03-31,71.5
MEAS-b3be0620,IND-1461376c,PROG-c4a7a0a8,,Kilifi,Plus,2026-04-01,2026-05-01,89.48
MEAS-60eb69d8,IND-1461376c,PROG-c4a7a0a8,,Kilifi,Plus,2026-05-01,2026-05-31,75.03
MEAS-d9743f42,IND-1461376c,PROG-c4a7a0a8,,Kilifi,Plus,2026-07-01,2026-07-31,63.11
MEAS-650bf6be,IND-1461376c,,,,Scholarship,2025-09-01,2025-10-01,90.14
MEAS-8e4e661f,IND-1461376c,,,,Scholarship,2025-11-01,2025-12-01,75.13
MEAS-2cb5f107,IND-1461376c,,,,Scholarship,2025-12-01,2025-12-31,57.4
MEAS-eb958a68,IND-1461376c,,,,Scholarship,2026-06-01,2026-07-01,61.97
MEAS-a08016f0,IND-1461376c,,,,Scholarship,2026-08-01,2026-08-31,53.15
MEAS-78be87ac,IND-1461376c,,,,Plus,2025-09-01,2025-10-01,80.14
MEAS-9f340c59,IND-1461376c,,,,Plus,2025-10-01,2025-10-31,84.69
MEAS-99288ab2,IND-1461376c,,,,Plus,2026-01-01,2026-01-31,51.69
MEAS-3e1482d9,IND-1461376c,,,,Plus,2026-02-01,2026-03-03,69.15
MEAS-f02ee4a8,IND-1461376c,,,,Plus,2026-04-01,2026-05-01,69.45
MEAS-6deb1633,IND-1461376c,,,,Plus,2026-05-01,2026-05-31,69.55
MEAS-53fbf106,IND-1461376c,,,,Plus,2026-06-01,2026-07-01,69.46
MEAS-c1bb64d5,IND-1461376c,,,,Plus,2026-08-01,2026-08-31,73.1
MEAS-23f52b04,IND-1461376c,,,,Vocational,2025-09-01,2025-10-01,72.3
MEAS-33cbd64c,IND-1461376c,,,,Vocational,2025-10-01,2025-10-31,83.04
MEAS-44824910,IND-1461376c,,,,Vocational,2025-11-01,2025-12-01,57.33
MEAS-8d29cd55,IND-1461376c,,,,Vocational,2025-12-01,2025-12-31,70.53
MEAS-694bc57a,IND-1461376c,,,,Vocational,2026-02-01,2026-03-03,77.62
MEAS-f232ca91,IND-1461376c,,,,Vocational,2026-03-01,2026-03-31,79.67
MEAS-9b7482b4,IND-1461376c,,,,Vocational,2026-04-01,2026-05-01,65.94
MEAS-3f3ade30,IND-1461376c,,,,Vocational,2026-07-01,2026-07-31,62.27
MEAS-94f06277,IND-1461376c,,,,Vocational,2026-08-01,2026-08-31,68.26
MEAS-43bc3ead,IND-1461376c,,,,Tech,2025-09-01,2025-10-01,55.61
MEAS-677de82c,IND-1461376c,,,,Tech,2025-10-01,2025-10-31,52.04
MEAS-1ae56604,IND-1461376c,,,,Tech,2026-02-01,2026-03-03,84.64
MEAS-5244fd80,IND-1461376c,,,,Tech,2026-07-01,2026-07-31,80.71
MEAS-f9bc936a,IND-1461376c,,,,Tech,2026-08-01,2026-08-31,75.74
MEAS-b1de3a75,IND-a04bb220,PROG-4986a661,,Machakos,Plus,2025-09-01,2025-10-01,71.22
MEAS-828a5e58,IND-a04bb220,PROG-4986a661,,Machakos,Plus,2025-10-01,2025-10-31,78.92
MEAS-5db2ad9b,IND-a04bb220,PROG-4986a661,,Machakos,Plus,2025-11-01,2025-12-01,64.64
MEAS-d7001212,IND-a04bb220,PROG-4986a661,,Machakos,Plus,2025-12-01,2025-12-31,65.17
MEAS-82522dee,IND-a04bb220,PROG-4986a661,,Machakos,Plus,2026-01-01,2026-01-31,62.58
MEAS-38a68582,IND-a04bb220,PROG-4986a661,,Machakos,Plus,2026-02-01,2026-03-03,55.0
MEAS-9ecd2d2c,IND-a04bb220,PROG-4986a661,,Machakos,Plus,2026-03-01,2026-03-31,72.57
MEAS-fde285b9,IND-a04bb220,PROG-4986a661,,Machakos,Plus,2026-05-01,2026-05-31,84.51
MEAS-31e04e5a,IND-a04bb220,PROG-4986a661,,Machakos,Plus,2026-07-01,2026-07-31,74.32
MEAS-d8c9b2a2,IND-a04bb220,PROG-77574714,,Kakamega,Scholarship,2025-09-01,2025-10-01,82.06
MEAS-676503e3,IND-a04bb220,PROG-77574714,,Kakamega,Scholarship,2025-12-01,2025-12-31,83.85
MEAS-7b994d09,IND-a04bb220,PROG-77574714,,Kakamega,Scholarship,2026-01-01,2026-01-31,70.67
MEAS-9332b9bb,IND-a04bb220,PROG-77574714,,Kakamega,Scholarship,2026-05-01,2026-05-31,64.89
MEAS-6226a79f,IND-a04bb220,PROG-77574714,,Kakamega,Scholarship,2026-06-01,2026-07-01,76.94
MEAS-01b9bd5b,IND-a04bb220,PROG-77574714,,Kakamega,Scholarship,2026-07-01,2026-07-31,67.92
MEAS-1510da8d,IND-a04bb220,PROG-cd1d2009,,Kiambu,Tech,2025-10-01,2025-10-31,62.86
MEAS-19a32c97,IND-a04bb220,PROG-cd1d2009,,Kiambu,Tech,2025-11-01,2025-12-01,63.14
MEAS-94243bd8,IND-a04bb220,PROG-cd1d2009,,Kiambu,Tech,2025-12-01,2025-12-31,80.61
MEAS-fd6b6b2b,IND-a04bb220,PROG-cd1d2009,,Kiambu,Tech,2026-01-01,2026-01-31,52.41
MEAS-4699ef1e,IND-a04bb220,PROG-cd1d2009,,Kiambu,Tech,2026-02-01,2026-03-03,61.91
MEAS-1be8238a,IND-a04bb220,PROG-cd1d2009,,Kiambu,Tech,2026-06-01,2026-07-01,58.72
MEAS-edbd582a,IND-a04bb220,PROG-cd1d2009,,Kiambu,Tech,2026-07-01,2026-07-31,67.12
MEAS-f85cced1,IND-a04bb220,PROG-fc7b354b,,Nakuru,Vocational,2025-09-01,2025-10-01,85.23
MEAS-7e231618,IND-a04bb220,PROG-fc7b354b,,Nakuru,Vocational,2025-11-01,2025-12-01,69.69
MEAS-972944d4,IND-a04bb220,PROG-fc7b354b,,Nakuru,Vocational,2025-12-01,2025-12-31,89.78
MEAS-d0f349cd,IND-a04bb220,PROG-fc7b354b,,Nakuru,Vocational,2026-01-01,2026-01-31,76.27
MEAS-d4ff2f24,IND-a04bb220,PROG-fc7b354b,,Nakuru,Vocational,2026-03-01,2026-03-31,79.11
MEAS-0c35c85e,IND-a04bb220,PROG-fc7b354b,,Nakuru,Vocational,2026-05-01,2026-05-31,67.88
MEAS-54d89317,IND-a04bb220,PROG-fc7b354b,,Nakuru,Vocational,2026-07-01,2026-07-31,64.5
MEAS-a9742f27,IND-a04bb220,PROG-fc7b354b,,Nakuru,Vocational,2026-08-01,2026-08-31,89.3
MEAS-be045e2e,IND-a04bb220,PROG-c46cb3c8,,Machakos,Scholarship,2025-09-01,2025-10-01,75.51
MEAS-fe3019ea,IND-a04bb220,PROG-c46cb3c8,,Machakos,Scholarship,2025-10-01,2025-10-31,76.32
MEAS-569fc173,IND-a04bb220,PROG-c46cb3c8,,Machakos,Scholarship,2025-11-01,2025-12-01,53.08
MEAS-25a19abb,IND-a04bb220,PROG-c46cb3c8,,Machakos,Scholarship,2026-01-01,2026-01-31,68.86
MEAS-05775971,IND-a04bb220,PROG-c46cb3c8,,Machakos,Scholarship,2026-02-01,2026-03-03,77.11
MEAS-2239b75c,IND-a04bb220,PROG-c46cb3c8,,Machakos,Scholarship,2026-03-01,2026-03-31,87.27
MEAS-6d21bf2d,IND-a04bb220,PROG-c46cb3c8,,Machakos,Scholarship,2026-04-01,2026-05-01,74.53
MEAS-4a59c5f2,IND-a04bb220,PROG-c46cb3c8,,Machakos,Scholarship,2026-05-01,2026-05-31,83.96
MEAS-54c63609,IND-a04bb220,PROG-c46cb3c8,,Machakos,Scholarship,2026-06-01,2026-07-01,89.42
MEAS-df5b62a1,IND-a04bb220,PROG-5e55f4d1,,Meru,Tech,2025-10-01,2025-10-31,56.12
MEAS-960a69fe,IND-a04bb220,PROG-5e55f4d1,,Meru,Tech,2025-11-01,2025-12-01,72.56
MEAS-507af09d,IND-a04bb220,PROG-5e55f4d1,,Meru,Tech,2025-12-01,2025-12-31,61.33
MEAS-7fea6073,IND-a04bb220,PROG-5e55f4d1,,Meru,Tech,2026-01-01,2026-01-31,59.73
MEAS-8745e1ff,IND-a04bb220,PROG-5e55f4d1,,Meru,Tech,2026-02-01,2026-03-03,71.95
MEAS-b7fd092d,IND-a04bb220,PROG-5e55f4d1,,Meru,Tech,2026-05-01,2026-05-31,80.85
MEAS-6d77f5df,IND-a04bb220,PROG-5e55f4d1,,Meru,Tech,2026-07-01,2026-07-31,92.4
MEAS-0d61b3ce,IND-a04bb220,PROG-5e55f4d1,,Meru,Tech,2026-08-01,2026-08-31,73.05
MEAS-14e8dc73,IND-a04bb220,PROG-dd95776f,,Kisumu,Vocational,2025-09-01,2025-10-01,66.25
MEAS-2222a3f0,IND-a04bb220,PROG-dd95776f,,Kisumu,Vocational,2025-10-01,2025-10-31,79.99
MEAS-ed99f99a,IND-a04bb220,PROG-dd95776f,,Kisumu,Vocational,2025-11-01,2025-12-01,67.89
MEAS-52015adf,IND-a04bb220,PROG-dd95776f,,Kisumu,Vocational,2025-12-01,2025-12-31,69.26
MEAS-5f4fe7b3,IND-a04bb220,PROG-dd95776f,,Kisumu,Vocational,2026-01-01,2026-01-31,63.02
MEAS-bd9e330f,IND-a04bb220,PROG-dd95776f,,Kisumu,Vocational,2026-03-01,2026-03-31,70.04
MEAS-bbe910a2,IND-a04bb220,PROG-dd95776f,,Kisumu,Vocational,2026-04-01,2026-05-01,59.72
MEAS-5233b36c,IND-a04bb220,PROG-dd95776f,,Kisumu,Vocational,2026-05-01,2026-05-31,74.6
MEAS-1149c2b5,IND-a04bb220,PROG-dd95776f,,Kisumu,Vocational,2026-07-01,2026-07-31,83.2
MEAS-d67565a9,IND-a04bb220,PROG-dd95776f,,Kisumu,Vocational,2026-08-01,2026-08-31,70.27
MEAS-110b09fd,IND-a04bb220,PROG-7694a7c4,,Kilifi,Tech,2025-09-01,2025-10-01,76.27
MEAS-25c19070,IND-a04bb220,PROG-7694a7c4,,Kilifi,Tech,2025-10-01,2025-10-31,73.35
MEAS-fa873d75,IND-a04bb220,PROG-7694a7c4,,Kilifi,Tech,2025-11-01,2025-12-01,62.23
MEAS-d09e06a0,IND-a04bb220,PROG-7694a7c4,,Kilifi,Tech,2025-12-01,2025-12-31,61.09
MEAS-54520846,IND-a04bb220,PROG-7694a7c4,,Kilifi,Tech,2026-02-01,2026-03-03,80.24
MEAS-93165420,IND-a04bb220,PROG-7694a7c4,,Kilifi,Tech,2026-04-01,2026-05-01,81.2
MEAS-ab4ea850,IND-a04bb220,PROG-7694a7c4,,Kilifi,Tech,2026-06-01,2026-07-01,88.88
MEAS-89e634b4,IND-a04bb220,PROG-7694a7c4,,Kilifi,Tech,2026-07-01,2026-07-31,83.77
MEAS-527087a1,IND-a04bb220,PROG-7694a7c4,,Kilifi,Tech,2026-08-01,2026-08-31,77.86
MEAS-fb9c8957,IND-a04bb220,PROG-edd8baa9,,Kakamega,Tech,2025-09-01,2025-10-01,95.4
MEAS-c64d33ec,IND-a04bb220,PROG-edd8baa9,,Kakamega,Tech,2025-10-01,2025-10-31,87.31
MEAS-0d32c1d0,IND-a04bb220,PROG-edd8baa9,,Kakamega,Tech,2025-12-01,2025-12-31,59.82
MEAS-168170dd,IND-a04bb220,PROG-edd8baa9,,Kakamega,Tech,2026-03-01,2026-03-31,70.49
MEAS-45bc9246,IND-a04bb220,PROG-edd8baa9,,Kakamega,Tech,2026-05-01,2026-05-31,59.97
MEAS-3fefbaab,IND-a04bb220,PROG-edd8baa9,,Kakamega,Tech,2026-06-01,2026-07-01,72.58
MEAS-d40ef30f,IND-a04bb220,PROG-edd8baa9,,Kakamega,Tech,2026-08-01,2026-08-31,69.93
MEAS-150b3cda,IND-a04bb220,PROG-10beab49,,Nairobi,Tech,2025-09-01,2025-10-01,66.4
MEAS-ca932462,IND-a04bb220,PROG-10beab49,,Nairobi,Tech,2025-11-01,2025-12-01,79.58
MEAS-926cd5f7,IND-a04bb220,PROG-10beab49,,Nairobi,Tech,2026-01-01,2026-01-31,74.06
MEAS-5d174e20,IND-a04bb220,PROG-10beab49,,Nairobi,Tech,2026-02-01,2026-03-03,52.73
MEAS-709a20b4,IND-a04bb220,PROG-10beab49,,Nairobi,Tech,2026-03-01,2026-03-31,87.82
MEAS-d66e9bde,IND-a04bb220,PROG-10beab49,,Nairobi,Tech,2026-05-01,2026-05-31,79.51
MEAS-307e99c3,IND-a04bb220,PROG-10beab49,,Nairobi,Tech,2026-06-01,2026-07-01,82.9
MEAS-83cb234e,IND-a04bb220,PROG-10beab49,,Nairobi,Tech,2026-08-01,2026-08-31,75.8
MEAS-732eb2b6,IND-a04bb220,PROG-325861d4,,Nairobi,Scholarship,2025-10-01,2025-10-31,79.52
MEAS-4238f342,IND-a04bb220,PROG-325861d4,,Nairobi,Scholarship,2025-12-01,2025-12-31,78.35
MEAS-e05b5dd9,IND-a04bb220,PROG-325861d4,,Nairobi,Scholarship,2026-01-01,2026-01-31,86.29
MEAS-f2de7c85,IND-a04bb220,PROG-325861d4,,Nairobi,Scholarship,2026-03-01,2026-03-31,48.01
MEAS-36be70e0,IND-a04bb220,PROG-325861d4,,Nairobi,Scholarship,2026-04-01,2026-05-01,62.26
MEAS-3b104504,IND-a04bb220,PROG-325861d4,,Nairobi,Scholarship,2026-07-01,2026-07-31,77.8
MEAS-b7dd8409,IND-a04bb220,PROG-325861d4,,Nairobi,Scholarship,2026-08-01,2026-08-31,70.63
MEAS-3e3bb5c3,IND-a04bb220,PROG-e86bb743,,Nairobi,Plus,2025-09-01,2025-10-01,81.46
MEAS-bd2ca15d,IND-a04bb220,PROG-e86bb743,,Nairobi,Plus,2025-11-01,2025-12-01,38.49
MEAS-e41dce99,IND-a04bb220,PROG-e86bb743,,Nairobi,Plus,2025-12-01,2025-12-31,89.25
MEAS-7116f672,IND-a04bb220,PROG-e86bb743,,Nairobi,Plus,2026-02-01,2026-03-03,51.88
MEAS-8c9a611b,IND-a04bb220,PROG-e86bb743,,Nairobi,Plus,2026-03-01,2026-03-31,76.09
MEAS-e93459fc,IND-a04bb220,PROG-e86bb743,,Nairobi,Plus,2026-04-01,2026-05-01,88.78
MEAS-7f7be0c4,IND-a04bb220,PROG-e86bb743,,Nairobi,Plus,2026-05-01,2026-05-31,81.23
MEAS-d7b8af9f,IND-a04bb220,PROG-e86bb743,,Nairobi,Plus,2026-06-01,2026-07-01,78.93
MEAS-6ca2d514,IND-a04bb220,PROG-e86bb743,,Nairobi,Plus,2026-07-01,2026-07-31,78.26
MEAS-760532fa,IND-a04bb220,PROG-95ef02ad,,Kajiado,Vocational,2025-09-01,2025-10-01,59.17
MEAS-610390bf,IND-a04bb220,PROG-95ef02ad,,Kajiado,Vocational,2025-10-01,2025-10-31,68.16
MEAS-fa39d196,IND-a04bb220,PROG-95ef02ad,,Kajiado,Vocational,2026-01-01,2026-01-31,87.2
MEAS-e5ff5e8e,IND-a04bb220,PROG-95ef02ad,,Kajiado,Vocational,2026-02-01,2026-03-03,76.29
MEAS-b69cf030,IND-a04bb220,PROG-95ef02ad,,Kajiado,Vocational,2026-03-01,2026-03-31,60.6
MEAS-064a46ab,IND-a04bb220,PROG-95ef02ad,,Kajiado,Vocational,2026-04-01,2026-05-01,83.73
MEAS-007a7718,IND-a04bb220,PROG-95ef02ad,,Kajiado,Vocational,2026-05-01,2026-05-31,67.57
MEAS-3571795d,IND-a04bb220,PROG-95ef02ad,,Kajiado,Vocational,2026-08-01,2026-08-31,80.31
MEAS-e46b0da4,IND-a04bb220,PROG-5dd1e686,,Nairobi,Tech,2025-11-01,2025-12-01,56.95
MEAS-cdbc5529,IND-a04bb220,PROG-5dd1e686,,Nairobi,Tech,2026-02-01,2026-03-03,65.34
MEAS-fe9c23ca,IND-a04bb220,PROG-5dd1e686,,Nairobi,Tech,2026-04-01,2026-05-01,71.06
MEAS-b655e7c1,IND-a04bb220,PROG-5dd1e686,,Nairobi,Tech,2026-05-01,2026-05-31,65.86
MEAS-66aac3f5,IND-a04bb220,PROG-5dd1e686,,Nairobi,Tech,2026-06-01,2026-07-01,69.17
MEAS-e62fb7ae,IND-a04bb220,PROG-5dd1e686,,Nairobi,Tech,2026-07-01,2026-07-31,75.5
MEAS-55387c01,IND-a04bb220,PROG-5dd1e686,,Nairobi,Tech,2026-08-01,2026-08-31,47.17
MEAS-5b09f3eb,IND-a04bb220,PROG-43b7f932,,Nyeri,Tech,2026-01-01,2026-01-31,83.57
MEAS-59010d9a,IND-a04bb220,PROG-43b7f932,,Nyeri,Tech,2026-02-01,2026-03-03,53.56
MEAS-674f925e,IND-a04bb220,PROG-43b7f932,,Nyeri,Tech,2026-05-01,2026-05-31,43.91
MEAS-033847dd,IND-a04bb220,PROG-43b7f932,,Nyeri,Tech,2026-06-01,2026-07-01,60.07
MEAS-4232e63a,IND-a04bb220,PROG-43b7f932,,Nyeri,Tech,2026-07-01,2026-07-31,87.17
MEAS-648d54ca,IND-a04bb220,PROG-43b7f932,,Nyeri,Tech,2026-08-01,2026-08-31,74.2
MEAS-75cc0978,IND-a04bb220,PROG-5b244900,,Machakos,Tech,2025-09-01,2025-10-01,59.97
MEAS-46a6feed,IND-a04bb220,PROG-5b244900,,Machakos,Tech,2025-11-01,2025-12-01,75.32
MEAS-663b04ec,IND-a04bb220,PROG-5b244900,,Machakos,Tech,2025-12-01,2025-12-31,75.28
MEAS-ca5e9ba1,IND-a04bb220,PROG-5b244900,,Machakos,Tech,2026-02-01,2026-03-03,87.06
MEAS-4388bd2a,IND-a04bb220,PROG-5b244900,,Machakos,Tech,2026-03-01,2026-03-31,63.89
MEAS-5b540cd4,IND-a04bb220,PROG-5b244900,,Machakos,Tech,2026-05-01,2026-05-31,87.72
MEAS-654b7fcc,IND-a04bb220,PROG-5b244900,,Machakos,Tech,2026-07-01,2026-07-31,63.52
MEAS-aa202443,IND-a04bb220,PROG-5b244900,,Machakos,Tech,2026-08-01,2026-08-31,59.14
MEAS-5e568ff8,IND-a04bb220,PROG-f3678757,,Meru,Vocational,2025-10-01,2025-10-31,83.03
MEAS-d1d8b98c,IND-a04bb220,PROG-f3678757,,Meru,Vocational,2025-11-01,2025-12-01,72.21
MEAS-0d20cd49,IND-a04bb220,PROG-f3678757,,Meru,Vocational,2025-12-01,2025-12-31,97.71
MEAS-ad018e81,IND-a04bb220,PROG-f3678757,,Meru,Vocational,2026-01-01,2026-01-31,69.01
MEAS-43de0938,IND-a04bb220,PROG-f3678757,,Meru,Vocational,2026-02-01,2026-03-03,93.3
MEAS-f91e0517,IND-a04bb220,PROG-f3678757,,Meru,Vocational,2026-04-01,2026-05-01,76.06
MEAS-94ebcf95,IND-a04bb220,PROG-f3678757,,Meru,Vocational,2026-06-01,2026-07-01,82.68
MEAS-7a36e510,IND-a04bb220,PROG-f3678757,,Meru,Vocational,2026-07-01,2026-07-31,86.05
MEAS-d27325d3,IND-a04bb220,PROG-f3678757,,Meru,Vocational,2026-08-01,2026-08-31,62.1
MEAS-5470d026,IND-a04bb220,PROG-1253c3ea,,Meru,Scholarship,2025-09-01,2025-10-01,67.12
MEAS-c679775a,IND-a04bb220,PROG-1253c3ea,,Meru,Scholarship,2025-11-01,2025-12-01,51.8
MEAS-4630561d,IND-a04bb220,PROG-1253c3ea,,Meru,Scholarship,2025-12-01,2025-12-31,63.74
MEAS-d9e7ce1b,IND-a04bb220,PROG-1253c3ea,,Meru,Scholarship,2026-05-01,2026-05-31,57.87
MEAS-be4546ed,IND-a04bb220,PROG-1253c3ea,,Meru,Scholarship,2026-06-01,2026-07-01,95.28
MEAS-9fdaec8f,IND-a04bb220,PROG-4984651e,,Kisumu,Vocational,2025-09-01,2025-10-01,81.47
MEAS-856612db,IND-a04bb220,PROG-4984651e,,Kisumu,Vocational,2025-12-01,2025-12-31,84.86
MEAS-af5af986,IND-a04bb220,PROG-4984651e,,Kisumu,Vocational,2026-04-01,2026-05-01,72.01
MEAS-c0d53598,IND-a04bb220,PROG-4984651e,,Kisumu,Vocational,2026-05-01,2026-05-31,71.47
MEAS-1c3a7c2d,IND-a04bb220,PROG-4984651e,,Kisumu,Vocational,2026-06-01,2026-07-01,50.86
MEAS-e1f95f9e,IND-a04bb220,PROG-4984651e,,Kisumu,Vocational,2026-07-01,2026-07-31,56.56
MEAS-e23f6477,IND-a04bb220,PROG-42104c80,,Kakamega,Plus,2025-09-01,2025-10-01,83.78
MEAS-dbd7efa2,IND-a04bb220,PROG-42104c80,,Kakamega,Plus,2025-10-01,2025-10-31,70.49
MEAS-21e1d9eb,IND-a04bb220,PROG-42104c80,,Kakamega,Plus,2025-11-01,2025-12-01,77.75
MEAS-5543b846,IND-a04bb220,PROG-42104c80,,Kakamega,Plus,2026-02-01,2026-03-03,87.47
MEAS-bd7e70f6,IND-a04bb220,PROG-42104c80,,Kakamega,Plus,2026-04-01,2026-05-01,88.29
MEAS-41804d3d,IND-a04bb220,PROG-42104c80,,Kakamega,Plus,2026-05-01,2026-05-31,77.98
MEAS-fb9b01e4,IND-a04bb220,PROG-42104c80,,Kakamega,Plus,2026-06-01,2026-07-01,89.59
MEAS-78a2ebef,IND-a04bb220,PROG-42104c80,,Kakamega,Plus,2026-07-01,2026-07-31,80.71
MEAS-ecdf483e,IND-a04bb220,PROG-42104c80,,Kakamega,Plus,2026-08-01,2026-08-31,79.47
MEAS-de1feb4f,IND-a04bb220,PROG-feed88eb,,Nairobi,Vocational,2025-09-01,2025-10-01,87.17
MEAS-b8765e22,IND-a04bb220,PROG-feed88eb,,Nairobi,Vocational,2025-10-01,2025-10-31,60.43
MEAS-8b2c56eb,IND-a04bb220,PROG-feed88eb,,Nairobi,Vocational,2025-11-01,2025-12-01,76.31
MEAS-24764cb3,IND-a04bb220,PROG-feed88eb,,Nairobi,Vocational,2026-01-01,2026-01-31,71.59
MEAS-68775904,IND-a04bb220,PROG-feed88eb,,Nairobi,Vocational,2026-02-01,2026-03-03,74.17
MEAS-91f25942,IND-a04bb220,PROG-feed88eb,,Nairobi,Vocational,2026-03-01,2026-03-31,70.6
MEAS-e11b25e3,IND-a04bb220,PROG-feed88eb,,Nairobi,Vocational,2026-05-01,2026-05-31,79.0
MEAS-bcb13175,IND-a04bb220,PROG-feed88eb,,Nairobi,Vocational,2026-06-01,2026-07-01,52.36
MEAS-89692cb1,IND-a04bb220,PROG-feed88eb,,Nairobi,Vocational,2026-07-01,2026-07-31,85.67
MEAS-ebe35111,IND-a04bb220,PROG-feed88eb,,Nairobi,Vocational,2026-08-01,2026-08-31,63.45
MEAS-765dc3b3,IND-a04bb220,PROG-83c20fad,,Kakamega,Scholarship,2025-09-01,2025-10-01,84.66
MEAS-12c1dd93,IND-a04bb220,PROG-83c20fad,,Kakamega,Scholarship,2026-04-01,2026-05-01,76.07
MEAS-581009cf,IND-a04bb220,PROG-83c20fad,,Kakamega,Scholarship,2026-06-01,2026-07-01,70.16
MEAS-dc644271,IND-a04bb220,PROG-83c20fad,,Kakamega,Scholarship,2026-08-01,2026-08-31,69.44
MEAS-36ee7242,IND-a04bb220,PROG-2baf66ee,,Mombasa,Vocational,2025-09-01,2025-10-01,100.0
MEAS-73c3fb90,IND-a04bb220,PROG-2baf66ee,,Mombasa,Vocational,2025-10-01,2025-10-31,77.42
MEAS-ec1d6d99,IND-a04bb220,PROG-2baf66ee,,Mombasa,Vocational,2025-12-01,2025-12-31,75.4
MEAS-67042a68,IND-a04bb220,PROG-2baf66ee,,Mombasa,Vocational,2026-02-01,2026-03-03,82.49
MEAS-d507f0ce,IND-a04bb220,PROG-2baf66ee,,Mombasa,Vocational,2026-03-01,2026-03-31,65.87
MEAS-00d78024,IND-a04bb220,PROG-2baf66ee,,Mombasa,Vocational,2026-05-01,2026-05-31,83.17
MEAS-92b90dd9,IND-a04bb220,PROG-2baf66ee,,Mombasa,Vocational,2026-07-01,2026-07-31,100.0
MEAS-45f207c7,IND-a04bb220,PROG-2baf66ee,,Mombasa,Vocational,2026-08-01,2026-08-31,78.07
MEAS-8aa3943b,IND-a04bb220,PROG-ca19d900,,Nyeri,Scholarship,2025-09-01,2025-10-01,82.04
MEAS-adce55a1,IND-a04bb220,PROG-ca19d900,,Nyeri,Scholarship,2025-10-01,2025-10-31,87.23
MEAS-c7cae9bc,IND-a04bb220,PROG-ca19d900,,Nyeri,Scholarship,2025-11-01,2025-12-01,42.19
MEAS-bc1f825c,IND-a04bb220,PROG-ca19d900,,Nyeri,Scholarship,2025-12-01,2025-12-31,40.52
MEAS-31eca1da,IND-a04bb220,PROG-ca19d900,,Nyeri,Scholarship,2026-01-01,2026-01-31,62.61
MEAS-ee35750c,IND-a04bb220,PROG-ca19d900,,Nyeri,Scholarship,2026-02-01,2026-03-03,48.08
MEAS-60207d91,IND-a04bb220,PROG-ca19d900,,Nyeri,Scholarship,2026-03-01,2026-03-31,80.19
MEAS-c2c1a870,IND-a04bb220,PROG-ca19d900,,Nyeri,Scholarship,2026-04-01,2026-05-01,55.87
MEAS-b0d77585,IND-a04bb220,PROG-ca19d900,,Nyeri,Scholarship,2026-05-01,2026-05-31,61.39
MEAS-e1d4d90d,IND-a04bb220,PROG-ca19d900,,Nyeri,Scholarship,2026-06-01,2026-07-01,94.9
MEAS-7dece648,IND-a04bb220,PROG-ca19d900,,Nyeri,Scholarship,2026-07-01,2026-07-31,79.09
MEAS-1fd08ad3,IND-a04bb220,PROG-ca19d900,,Nyeri,Scholarship,2026-08-01,2026-08-31,77.24
MEAS-ec2ce77e,IND-a04bb220,PROG-ff2c588f,,Machakos,Plus,2025-09-01,2025-10-01,60.38
MEAS-e6961128,IND-a04bb220,PROG-ff2c588f,,Machakos,Plus,2025-10-01,2025-10-31,54.66
MEAS-340126af,IND-a04bb220,PROG-ff2c588f,,Machakos,Plus,2025-12-01,2025-12-31,77.42
MEAS-1423a04b,IND-a04bb220,PROG-ff2c588f,,Machakos,Plus,2026-01-01,2026-01-31,95.4
MEAS-607be663,IND-a04bb220,PROG-ff2c588f,,Machakos,Plus,2026-03-01,2026-03-31,60.57
MEAS-d231a35b,IND-a04bb220,PROG-ff2c588f,,Machakos,Plus,2026-04-01,2026-05-01,76.09
MEAS-cc7c1581,IND-a04bb220,PROG-ff2c588f,,Machakos,Plus,2026-06-01,2026-07-01,69.59
MEAS-72660752,IND-a04bb220,PROG-b9945a45,,Kakamega,Vocational,2025-09-01,2025-10-01,74.6
MEAS-9ff01cb2,IND-a04bb220,PROG-b9945a45,,Kakamega,Vocational,2025-10-01,2025-10-31,67.07
MEAS-a99c0128,IND-a04bb220,PROG-b9945a45,,Kakamega,Vocational,2025-11-01,2025-12-01,79.26
MEAS-33c864cd,IND-a04bb220,PROG-b9945a45,,Kakamega,Vocational,2025-12-01,2025-12-31,70.79
MEAS-2403dcb4,IND-a04bb220,PROG-b9945a45,,Kakamega,Vocational,2026-02-01,2026-03-03,70.07
MEAS-ee4f3f99,IND-a04bb220,PROG-b9945a45,,Kakamega,Vocational,2026-03-01,2026-03-31,55.72
MEAS-0b21e541,IND-a04bb220,PROG-b9945a45,,Kakamega,Vocational,2026-04-01,2026-05-01,83.29
MEAS-c5d1dd32,IND-a04bb220,PROG-b9945a45,,Kakamega,Vocational,2026-05-01,2026-05-31,50.3
MEAS-a7fbbdad,IND-a04bb220,PROG-b9945a45,,Kakamega,Vocational,2026-08-01,2026-08-31,67.62
MEAS-805f942d,IND-a04bb220,PROG-fa593e31,,Mombasa,Tech,2025-09-01,2025-10-01,62.45
MEAS-c70cfcda,IND-a04bb220,PROG-fa593e31,,Mombasa,Tech,2025-10-01,2025-10-31,72.05
MEAS-366cf7da,IND-a04bb220,PROG-fa593e31,,Mombasa,Tech,2025-11-01,2025-12-01,41.58
MEAS-0c0b908f,IND-a04bb220,PROG-fa593e31,,Mombasa,Tech,2026-01-01,2026-01-31,69.56
MEAS-7dccc5d4,IND-a04bb220,PROG-fa593e31,,Mombasa,Tech,2026-02-01,2026-03-03,59.54
MEAS-61e8c237,IND-a04bb220,PROG-fa593e31,,Mombasa,Tech,2026-04-01,2026-05-01,68.24
MEAS-63ebb9e0,IND-a04bb220,PROG-fa593e31,,Mombasa,Tech,2026-06-01,2026-07-01,60.41
MEAS-382eeabd,IND-a04bb220,PROG-fa593e31,,Mombasa,Tech,2026-07-01,2026-07-31,73.26
MEAS-65e66eb4,IND-a04bb220,PROG-8659089c,,Meru,Scholarship,2025-09-01,2025-10-01,65.36
MEAS-161117b8,IND-a04bb220,PROG-8659089c,,Meru,Scholarship,2025-10-01,2025-10-31,67.13
MEAS-05bf50ee,IND-a04bb220,PROG-8659089c,,Meru,Scholarship,2025-12-01,2025-12-31,70.73
MEAS-891aa63f,IND-a04bb220,PROG-8659089c,,Meru,Scholarship,2026-01-01,2026-01-31,68.68
MEAS-95afb0d5,IND-a04bb220,PROG-8659089c,,Meru,Scholarship,2026-03-01,2026-03-31,78.24
MEAS-5d230703,IND-a04bb220,PROG-8659089c,,Meru,Scholarship,2026-04-01,2026-05-01,82.79
MEAS-89afccf6,IND-a04bb220,PROG-8659089c,,Meru,Scholarship,2026-07-01,2026-07-31,73.01
MEAS-95d49459,IND-a04bb220,PROG-8659089c,,Meru,Scholarship,2026-08-01,2026-08-31,74.74
MEAS-6b40f012,IND-a04bb220,PROG-4f7dd3ef,,Kilifi,Tech,2025-09-01,2025-10-01,75.78
MEAS-487be918,IND-a04bb220,PROG-4f7dd3ef,,Kilifi,Tech,2025-11-01,2025-12-01,62.35
MEAS-ad34bea4,IND-a04bb220,PROG-4f7dd3ef,,Kilifi,Tech,2025-12-01,2025-12-31,67.41
MEAS-f18e948b,IND-a04bb220,PROG-4f7dd3ef,,Kilifi,Tech,2026-01-01,2026-01-31,69.17
MEAS-e176945b,IND-a04bb220,PROG-4f7dd3ef,,Kilifi,Tech,2026-02-01,2026-03-03,70.1
MEAS-43c79fe8,IND-a04bb220,PROG-4f7dd3ef,,Kilifi,Tech,2026-04-01,2026-05-01,57.12
MEAS-369c326f,IND-a04bb220,PROG-4f7dd3ef,,Kilifi,Tech,2026-05-01,2026-05-31,79.01
MEAS-3946453c,IND-a04bb220,PROG-4f7dd3ef,,Kilifi,Tech,2026-06-01,2026-07-01,79.01
MEAS-a3c18b87,IND-a04bb220,PROG-4f7dd3ef,,Kilifi,Tech,2026-08-01,2026-08-31,72.71
MEAS-2c83c798,IND-a04bb220,PROG-f5f0c50b,,Meru,Vocational,2025-09-01,2025-10-01,87.99
MEAS-846c71df,IND-a04bb220,PROG-f5f0c50b,,Meru,Vocational,2025-11-01,2025-12-01,75.46
MEAS-0f85e9e5,IND-a04bb220,PROG-f5f0c50b,,Meru,Vocational,2025-12-01,2025-12-31,88.01
MEAS-6429480e,IND-a04bb220,PROG-f5f0c50b,,Meru,Vocational,2026-01-01,2026-01-31,69.47
MEAS-7790e926,IND-a04bb220,PROG-f5f0c50b,,Meru,Vocational,2026-02-01,2026-03-03,70.35
MEAS-b4f9f2df,IND-a04bb220,PROG-f5f0c50b,,Meru,Vocational,2026-04-01,2026-05-01,78.11
MEAS-0375192f,IND-a04bb220,PROG-f5f0c50b,,Meru,Vocational,2026-06-01,2026-07-01,60.1
MEAS-50597d16,IND-a04bb220,PROG-f5f0c50b,,Meru,Vocational,2026-07-01,2026-07-31,59.41
MEAS-7dfaa2f2,IND-a04bb220,PROG-f5f0c50b,,Meru,Vocational,2026-08-01,2026-08-31,59.26
MEAS-91abe04b,IND-f988d18a,PROG-5b5b04ab,,Nyeri,Tech,2025-09-01,2025-10-01,68.24
MEAS-ce089583,IND-f988d18a,PROG-5b5b04ab,,Nyeri,Tech,2025-10-01,2025-10-31,84.28
MEAS-93332817,IND-f988d18a,PROG-5b5b04ab,,Nyeri,Tech,2025-12-01,2025-12-31,64.77
MEAS-bdeb40bc,IND-f988d18a,PROG-5b5b04ab,,Nyeri,Tech,2026-02-01,2026-03-03,59.59
MEAS-6f5d0d27,IND-f988d18a,PROG-5b5b04ab,,Nyeri,Tech,2026-05-01,2026-05-31,65.5
MEAS-dd51e697,IND-f988d18a,PROG-5b5b04ab,,Nyeri,Tech,2026-06-01,2026-07-01,89.24
MEAS-2c9593e5,IND-f988d18a,PROG-5b5b04ab,,Nyeri,Tech,2026-07-01,2026-07-31,72.07
MEAS-f5c3195d,IND-f988d18a,PROG-4b1a75a8,,Kisumu,Vocational,2025-09-01,2025-10-01,63.65
MEAS-963f0472,IND-f988d18a,PROG-4b1a75a8,,Kisumu,Vocational,2025-10-01,2025-10-31,48.58
MEAS-cebdcd28,IND-f988d18a,PROG-4b1a75a8,,Kisumu,Vocational,2026-01-01,2026-01-31,70.49
MEAS-2ac71529,IND-f988d18a,PROG-4b1a75a8,,Kisumu,Vocational,2026-02-01,2026-03-03,61.33
MEAS-b3cd7ff9,IND-f988d18a,PROG-4b1a75a8,,Kisumu,Vocational,2026-03-01,2026-03-31,68.62
MEAS-b96b6896,IND-f988d18a,PROG-4b1a75a8,,Kisumu,Vocational,2026-05-01,2026-05-31,65.56
MEAS-66ff0f3a,IND-f988d18a,PROG-4b1a75a8,,Kisumu,Vocational,2026-08-01,2026-08-31,78.01
MEAS-71d0f867,IND-f988d18a,PROG-ddf8fbd0,,Kajiado,Plus,2025-09-01,2025-10-01,85.32
MEAS-91bde6d8,IND-f988d18a,PROG-ddf8fbd0,,Kajiado,Plus,2025-10-01,2025-10-31,86.28
MEAS-9b6342f2,IND-f988d18a,PROG-ddf8fbd0,,Kajiado,Plus,2025-11-01,2025-12-01,89.34
MEAS-e42ba228,IND-f988d18a,PROG-ddf8fbd0,,Kajiado,Plus,2025-12-01,2025-12-31,72.63
MEAS-343c23f2,IND-f988d18a,PROG-ddf8fbd0,,Kajiado,Plus,2026-01-01,2026-01-31,100.0
MEAS-4600e7a1,IND-f988d18a,PROG-ddf8fbd0,,Kajiado,Plus,2026-06-01,2026-07-01,86.05
MEAS-514ba70b,IND-f988d18a,PROG-ddf8fbd0,,Kajiado,Plus,2026-08-01,2026-08-31,66.5
MEAS-c56d44ef,IND-f988d18a,PROG-12e377cd,,Kilifi,Plus,2025-09-01,2025-10-01,64.29
MEAS-27b68833,IND-f988d18a,PROG-12e377cd,,Kilifi,Plus,2025-10-01,2025-10-31,77.25
MEAS-535f0dc9,IND-f988d18a,PROG-12e377cd,,Kilifi,Plus,2025-12-01,2025-12-31,73.39
MEAS-d8c55c17,IND-f988d18a,PROG-12e377cd,,Kilifi,Plus,2026-02-01,2026-03-03,52.84
MEAS-405aac05,IND-f988d18a,PROG-12e377cd,,Kilifi,Plus,2026-04-01,2026-05-01,79.23
MEAS-61f9ba76,IND-f988d18a,PROG-12e377cd,,Kilifi,Plus,2026-06-01,2026-07-01,70.56
MEAS-cc4f55f5,IND-f988d18a,PROG-12e377cd,,Kilifi,Plus,2026-07-01,2026-07-31,62.91
MEAS-c3da4a1d,IND-f988d18a,PROG-12e377cd,,Kilifi,Plus,2026-08-01,2026-08-31,85.68
MEAS-48462fca,IND-f988d18a,PROG-c518bee3,,Machakos,Plus,2025-09-01,2025-10-01,90.18
MEAS-53bbd5e6,IND-f988d18a,PROG-c518bee3,,Machakos,Plus,2025-10-01,2025-10-31,50.15
MEAS-299d7edb,IND-f988d18a,PROG-c518bee3,,Machakos,Plus,2025-12-01,2025-12-31,89.07
MEAS-74974069,IND-f988d18a,PROG-c518bee3,,Machakos,Plus,2026-01-01,2026-01-31,74.78
MEAS-567197b0,IND-f988d18a,PROG-c518bee3,,Machakos,Plus,2026-04-01,2026-05-01,82.5
MEAS-b0eaa097,IND-f988d18a,PROG-c518bee3,,Machakos,Plus,2026-05-01,2026-05-31,73.03
MEAS-25d658c3,IND-f988d18a,PROG-c518bee3,,Machakos,Plus,2026-06-01,2026-07-01,75.88
MEAS-19aa1956,IND-f988d18a,PROG-c518bee3,,Machakos,Plus,2026-07-01,2026-07-31,64.38
MEAS-1bf61c74,IND-f988d18a,PROG-c518bee3,,Machakos,Plus,2026-08-01,2026-08-31,85.12
MEAS-13c2d52d,IND-f988d18a,PROG-6787b12e,,Kakamega,Plus,2025-09-01,2025-10-01,84.32
MEAS-6eccdfe8,IND-f988d18a,PROG-6787b12e,,Kakamega,Plus,2025-10-01,2025-10-31,77.26
MEAS-0005a52c,IND-f988d18a,PROG-6787b12e,,Kakamega,Plus,2025-11-01,2025-12-01,69.37
MEAS-4a2f4be0,IND-f988d18a,PROG-6787b12e,,Kakamega,Plus,2025-12-01,2025-12-31,85.94
MEAS-babbba21,IND-f988d18a,PROG-6787b12e,,Kakamega,Plus,2026-02-01,2026-03-03,76.23
MEAS-dc4e421f,IND-f988d18a,PROG-6787b12e,,Kakamega,Plus,2026-03-01,2026-03-31,94.28
MEAS-143a6346,IND-f988d18a,PROG-6787b12e,,Kakamega,Plus,2026-04-01,2026-05-01,77.38
MEAS-6f8113ca,IND-f988d18a,PROG-6787b12e,,Kakamega,Plus,2026-05-01,2026-05-31,65.99
MEAS-c2110ed6,IND-f988d18a,PROG-6787b12e,,Kakamega,Plus,2026-06-01,2026-07-01,83.75
MEAS-b4460e8b,IND-f988d18a,PROG-6787b12e,,Kakamega,Plus,2026-07-01,2026-07-31,87.15
MEAS-f9524988,IND-f988d18a,PROG-6787b12e,,Kakamega,Plus,2026-08-01,2026-08-31,84.1
MEAS-fede12c9,IND-f988d18a,PROG-8b682305,,Nyeri,Scholarship,2025-11-01,2025-12-01,80.29
MEAS-738d2829,IND-f988d18a,PROG-8b682305,,Nyeri,Scholarship,2025-12-01,2025-12-31,59.94
MEAS-cf18f02a,IND-f988d18a,PROG-8b682305,,Nyeri,Scholarship,2026-01-01,2026-01-31,74.19
MEAS-4e568203,IND-f988d18a,PROG-8b682305,,Nyeri,Scholarship,2026-03-01,2026-03-31,69.05
MEAS-5c93dc81,IND-f988d18a,PROG-8b682305,,Nyeri,Scholarship,2026-05-01,2026-05-31,68.42
MEAS-ef281fc7,IND-f988d18a,PROG-8b682305,,Nyeri,Scholarship,2026-08-01,2026-08-31,67.48
MEAS-404ac1ee,IND-f988d18a,PROG-f5f07ba4,,Kisumu,Vocational,2025-09-01,2025-10-01,56.02
MEAS-0f72434e,IND-f988d18a,PROG-f5f07ba4,,Kisumu,Vocational,2025-11-01,2025-12-01,76.47
MEAS-250edc27,IND-f988d18a,PROG-f5f07ba4,,Kisumu,Vocational,2025-12-01,2025-12-31,67.83
MEAS-bb4d4b59,IND-f988d18a,PROG-f5f07ba4,,Kisumu,Vocational,2026-02-01,2026-03-03,72.72
MEAS-3737abed,IND-f988d18a,PROG-f5f07ba4,,Kisumu,Vocational,2026-03-01,2026-03-31,71.14
MEAS-9cf7af64,IND-f988d18a,PROG-f5f07ba4,,Kisumu,Vocational,2026-05-01,2026-05-31,78.27
MEAS-a7e6040d,IND-f988d18a,PROG-f5f07ba4,,Kisumu,Vocational,2026-07-01,2026-07-31,75.39
MEAS-345f5d1c,IND-f988d18a,PROG-f5f07ba4,,Kisumu,Vocational,2026-08-01,2026-08-31,77.56
MEAS-4f78b379,IND-f988d18a,PROG-ab8ae865,,Nakuru,Tech,2025-11-01,2025-12-01,81.92
MEAS-e01bd9a0,IND-f988d18a,PROG-ab8ae865,,Nakuru,Tech,2026-01-01,2026-01-31,75.81
MEAS-9597cb9e,IND-f988d18a,PROG-ab8ae865,,Nakuru,Tech,2026-03-01,2026-03-31,62.55
MEAS-44a4a89b,IND-f988d18a,PROG-ab8ae865,,Nakuru,Tech,2026-04-01,2026-05-01,75.59
MEAS-54318894,IND-f988d18a,PROG-ab8ae865,,Nakuru,Tech,2026-05-01,2026-05-31,66.29
MEAS-be547bb6,IND-f988d18a,PROG-ab8ae865,,Nakuru,Tech,2026-07-01,2026-07-31,81.27
MEAS-c649a6cf,IND-f988d18a,PROG-ab8ae865,,Nakuru,Tech,2026-08-01,2026-08-31,63.47
MEAS-6579acbc,IND-f988d18a,PROG-85629e1e,,Nyeri,Vocational,2025-11-01,2025-12-01,85.52
MEAS-a703e34c,IND-f988d18a,PROG-85629e1e,,Nyeri,Vocational,2026-01-01,2026-01-31,74.76
MEAS-5f6034c2,IND-f988d18a,PROG-85629e1e,,Nyeri,Vocational,2026-06-01,2026-07-01,77.67
MEAS-b1191ff8,IND-f988d18a,PROG-85629e1e,,Nyeri,Vocational,2026-07-01,2026-07-31,87.36
MEAS-16590f59,IND-f988d18a,PROG-0634a90b,,Meru,Scholarship,2025-09-01,2025-10-01,89.67
MEAS-94c393b5,IND-f988d18a,PROG-0634a90b,,Meru,Scholarship,2025-11-01,2025-12-01,74.22
MEAS-0145b5c4,IND-f988d18a,PROG-0634a90b,,Meru,Scholarship,2025-12-01,2025-12-31,89.18
MEAS-e4034391,IND-f988d18a,PROG-0634a90b,,Meru,Scholarship,2026-02-01,2026-03-03,89.84
MEAS-d7a85506,IND-f988d18a,PROG-0634a90b,,Meru,Scholarship,2026-06-01,2026-07-01,54.68
MEAS-66b1108a,IND-f988d18a,PROG-0634a90b,,Meru,Scholarship,2026-07-01,2026-07-31,70.32
MEAS-1c14c5fe,IND-f988d18a,PROG-0634a90b,,Meru,Scholarship,2026-08-01,2026-08-31,74.66
MEAS-733c6a4c,IND-f988d18a,PROG-1619daa0,,Mombasa,Scholarship,2025-09-01,2025-10-01,64.85
MEAS-459a8b4e,IND-f988d18a,PROG-1619daa0,,Mombasa,Scholarship,2025-10-01,2025-10-31,69.4
MEAS-61f7c872,IND-f988d18a,PROG-1619daa0,,Mombasa,Scholarship,2025-11-01,2025-12-01,80.69
MEAS-bb4fc071,IND-f988d18a,PROG-1619daa0,,Mombasa,Scholarship,2025-12-01,2025-12-31,60.22
MEAS-6efc95ec,IND-f988d18a,PROG-1619daa0,,Mombasa,Scholarship,2026-01-01,2026-01-31,85.93
MEAS-9b58be39,IND-f988d18a,PROG-1619daa0,,Mombasa,Scholarship,2026-02-01,2026-03-03,71.57
MEAS-892d273c,IND-f988d18a,PROG-1619daa0,,Mombasa,Scholarship,2026-05-01,2026-05-31,55.78
MEAS-d3982509,IND-f988d18a,PROG-1619daa0,,Mombasa,Scholarship,2026-06-01,2026-07-01,77.38
MEAS-295fc62c,IND-f988d18a,PROG-1619daa0,,Mombasa,Scholarship,2026-08-01,2026-08-31,72.8
MEAS-8b923451,IND-f988d18a,PROG-828a29a3,,Machakos,Vocational,2025-09-01,2025-10-01,73.1
MEAS-82f349f5,IND-f988d18a,PROG-828a29a3,,Machakos,Vocational,2025-10-01,2025-10-31,71.49
MEAS-434e7bce,IND-f988d18a,PROG-828a29a3,,Machakos,Vocational,2025-11-01,2025-12-01,64.75
MEAS-dfbd9196,IND-f988d18a,PROG-828a29a3,,Machakos,Vocational,2025-12-01,2025-12-31,86.17
MEAS-2356e632,IND-f988d18a,PROG-828a29a3,,Machakos,Vocational,2026-02-01,2026-03-03,68.24
MEAS-edfa30c6,IND-f988d18a,PROG-828a29a3,,Machakos,Vocational,2026-03-01,2026-03-31,79.94
MEAS-60a9bb13,IND-f988d18a,PROG-828a29a3,,Machakos,Vocational,2026-04-01,2026-05-01,54.07
MEAS-76cf8f8a,IND-f988d18a,PROG-828a29a3,,Machakos,Vocational,2026-05-01,2026-05-31,74.05
MEAS-b694c717,IND-f988d18a,PROG-828a29a3,,Machakos,Vocational,2026-07-01,2026-07-31,78.35
MEAS-c19a1b88,IND-f988d18a,PROG-828a29a3,,Machakos,Vocational,2026-08-01,2026-08-31,81.76
MEAS-9bbea417,IND-f988d18a,PROG-5859e5a5,,Kilifi,Plus,2025-09-01,2025-10-01,78.42
MEAS-bef82975,IND-f988d18a,PROG-5859e5a5,,Kilifi,Plus,2025-10-01,2025-10-31,72.31
MEAS-930ebe29,IND-f988d18a,PROG-5859e5a5,,Kilifi,Plus,2025-11-01,2025-12-01,81.36
MEAS-ffb90f5e,IND-f988d18a,PROG-5859e5a5,,Kilifi,Plus,2026-01-01,2026-01-31,79.12
MEAS-885de050,IND-f988d18a,PROG-5859e5a5,,Kilifi,Plus,2026-02-01,2026-03-03,73.09
MEAS-28cabd12,IND-f988d18a,PROG-5859e5a5,,Kilifi,Plus,2026-03-01,2026-03-31,83.31
MEAS-5ee92b28,IND-f988d18a,PROG-5859e5a5,,Kilifi,Plus,2026-06-01,2026-07-01,78.89
MEAS-fd43f1bc,IND-f988d18a,PROG-5859e5a5,,Kilifi,Plus,2026-07-01,2026-07-31,71.77
MEAS-72058687,IND-f988d18a,PROG-5859e5a5,,Kilifi,Plus,2026-08-01,2026-08-31,60.6
MEAS-073df318,IND-f988d18a,PROG-ff57bf40,,Mombasa,Plus,2025-09-01,2025-10-01,54.68
MEAS-de8efecb,IND-f988d18a,PROG-ff57bf40,,Mombasa,Plus,2025-11-01,2025-12-01,88.49
MEAS-6720757f,IND-f988d18a,PROG-ff57bf40,,Mombasa,Plus,2025-12-01,2025-12-31,51.31
MEAS-b4508a3e,IND-f988d18a,PROG-ff57bf40,,Mombasa,Plus,2026-01-01,2026-01-31,70.58
MEAS-0a49688c,IND-f988d18a,PROG-ff57bf40,,Mombasa,Plus,2026-02-01,2026-03-03,84.31
MEAS-c26f03b9,IND-f988d18a,PROG-ff57bf40,,Mombasa,Plus,2026-04-01,2026-05-01,63.01
MEAS-2a61c1a8,IND-f988d18a,PROG-ff57bf40,,Mombasa,Plus,2026-05-01,2026-05-31,77.38
MEAS-7a8bbde9,IND-f988d18a,PROG-ff57bf40,,Mombasa,Plus,2026-06-01,2026-07-01,83.74
MEAS-b334006d,IND-f988d18a,PROG-ff57bf40,,Mombasa,Plus,2026-07-01,2026-07-31,88.87
MEAS-cf95994b,IND-f988d18a,PROG-ff57bf40,,Mombasa,Plus,2026-08-01,2026-08-31,79.09
MEAS-4a4c036f,IND-f988d18a,PROG-1f8ed400,,Machakos,Plus,2025-12-01,2025-12-31,100.0
MEAS-9953e742,IND-f988d18a,PROG-1f8ed400,,Machakos,Plus,2026-02-01,2026-03-03,65.74
MEAS-8d6cd9dc,IND-f988d18a,PROG-1f8ed400,,Machakos,Plus,2026-03-01,2026-03-31,58.24
MEAS-97b546f5,IND-f988d18a,PROG-1f8ed400,,Machakos,Plus,2026-04-01,2026-05-01,64.81
MEAS-dbf06aac,IND-f988d18a,PROG-d0d45b7a,,Nakuru,Tech,2025-10-01,2025-10-31,57.24
MEAS-fde7ba4b,IND-f988d18a,PROG-d0d45b7a,,Nakuru,Tech,2025-11-01,2025-12-01,63.25
MEAS-2fc5bea8,IND-f988d18a,PROG-d0d45b7a,,Nakuru,Tech,2025-12-01,2025-12-31,72.62
MEAS-586f5287,IND-f988d18a,PROG-d0d45b7a,,Nakuru,Tech,2026-01-01,2026-01-31,79.22
MEAS-cfb33fe4,IND-f988d18a,PROG-d0d45b7a,,Nakuru,Tech,2026-03-01,2026-03-31,49.51
MEAS-72643839,IND-f988d18a,PROG-d0d45b7a,,Nakuru,Tech,2026-04-01,2026-05-01,60.08
MEAS-1ba53c0c,IND-f988d18a,PROG-d0d45b7a,,Nakuru,Tech,2026-05-01,2026-05-31,67.55
MEAS-211f73b6,IND-f988d18a,PROG-d0d45b7a,,Nakuru,Tech,2026-06-01,2026-07-01,83.66
MEAS-11fd60be,IND-f988d18a,PROG-d0d45b7a,,Nakuru,Tech,2026-07-01,2026-07-31,69.99
MEAS-aac1b1f5,IND-f988d18a,PROG-d0d45b7a,,Nakuru,Tech,2026-08-01,2026-08-31,47.25
MEAS-09dae519,IND-f988d18a,PROG-c254e45c,,Kisumu,Scholarship,2025-10-01,2025-10-31,86.58
MEAS-f9acd7a1,IND-f988d18a,PROG-c254e45c,,Kisumu,Scholarship,2025-11-01,2025-12-01,66.43
MEAS-6510e296,IND-f988d18a,PROG-c254e45c,,Kisumu,Scholarship,2025-12-01,2025-12-31,79.72
MEAS-7200642c,IND-f988d18a,PROG-c254e45c,,Kisumu,Scholarship,2026-01-01,2026-01-31,52.77
MEAS-762f3f09,IND-f988d18a,PROG-c254e45c,,Kisumu,Scholarship,2026-03-01,2026-03-31,50.84
MEAS-b647ca01,IND-f988d18a,PROG-c254e45c,,Kisumu,Scholarship,2026-05-01,2026-05-31,79.35
MEAS-3708aac1,IND-f988d18a,PROG-c254e45c,,Kisumu,Scholarship,2026-06-01,2026-07-01,74.09
MEAS-16430e61,IND-f988d18a,PROG-c254e45c,,Kisumu,Scholarship,2026-07-01,2026-07-31,76.06
MEAS-2252be3e,IND-f988d18a,PROG-c254e45c,,Kisumu,Scholarship,2026-08-01,2026-08-31,82.97
MEAS-6290725d,IND-f988d18a,PROG-f6c7609c,,Nyeri,Tech,2025-09-01,2025-10-01,64.14
MEAS-4c2ee9c8,IND-f988d18a,PROG-f6c7609c,,Nyeri,Tech,2025-10-01,2025-10-31,82.59
MEAS-83b70c6d,IND-f988d18a,PROG-f6c7609c,,Nyeri,Tech,2025-12-01,2025-12-31,81.05
MEAS-0532054f,IND-f988d18a,PROG-f6c7609c,,Nyeri,Tech,2026-01-01,2026-01-31,47.12
MEAS-98c43f8a,IND-f988d18a,PROG-f6c7609c,,Nyeri,Tech,2026-02-01,2026-03-03,62.46
MEAS-4c3b0e56,IND-f988d18a,PROG-f6c7609c,,Nyeri,Tech,2026-03-01,2026-03-31,79.66
MEAS-2ca7672a,IND-f988d18a,PROG-f6c7609c,,Nyeri,Tech,2026-04-01,2026-05-01,53.46
MEAS-137132bd,IND-f988d18a,PROG-f6c7609c,,Nyeri,Tech,2026-06-01,2026-07-01,78.04
MEAS-cf2e302c,IND-f988d18a,PROG-f6c7609c,,Nyeri,Tech,2026-07-01,2026-07-31,48.85
MEAS-0fd5c948,IND-f988d18a,PROG-f6c7609c,,Nyeri,Tech,2026-08-01,2026-08-31,79.0
MEAS-80c06ed3,IND-f988d18a,PROG-3cc79871,,Kisumu,Scholarship,2025-09-01,2025-10-01,65.7
MEAS-245708ee,IND-f988d18a,PROG-3cc79871,,Kisumu,Scholarship,2025-10-01,2025-10-31,95.18
MEAS-305e4a8c,IND-f988d18a,PROG-3cc79871,,Kisumu,Scholarship,2025-11-01,2025-12-01,62.78
MEAS-6b316ded,IND-f988d18a,PROG-3cc79871,,Kisumu,Scholarship,2025-12-01,2025-12-31,61.9
MEAS-47384853,IND-f988d18a,PROG-3cc79871,,Kisumu,Scholarship,2026-01-01,2026-01-31,67.33
MEAS-96b028de,IND-f988d18a,PROG-3cc79871,,Kisumu,Scholarship,2026-04-01,2026-05-01,64.36
MEAS-104d9920,IND-f988d18a,PROG-3cc79871,,Kisumu,Scholarship,2026-05-01,2026-05-31,71.31
MEAS-92a588bf,IND-f988d18a,PROG-3cc79871,,Kisumu,Scholarship,2026-06-01,2026-07-01,93.24
MEAS-e8933fd4,IND-f988d18a,PROG-0a0324fa,,Kakamega,Vocational,2025-10-01,2025-10-31,80.54
MEAS-009e9305,IND-f988d18a,PROG-0a0324fa,,Kakamega,Vocational,2025-11-01,2025-12-01,63.27
MEAS-fa1ce6f9,IND-f988d18a,PROG-0a0324fa,,Kakamega,Vocational,2025-12-01,2025-12-31,97.7
MEAS-988f58cc,IND-f988d18a,PROG-0a0324fa,,Kakamega,Vocational,2026-03-01,2026-03-31,75.44
MEAS-8d638a63,IND-f988d18a,PROG-0a0324fa,,Kakamega,Vocational,2026-05-01,2026-05-31,74.82
MEAS-13d4b90c,IND-f988d18a,PROG-0a0324fa,,Kakamega,Vocational,2026-06-01,2026-07-01,68.46
MEAS-daff1ef5,IND-f988d18a,PROG-0a0324fa,,Kakamega,Vocational,2026-08-01,2026-08-31,46.58
MEAS-a615d4be,IND-f988d18a,PROG-95ef02ad,,Kajiado,Vocational,2025-09-01,2025-10-01,53.55
MEAS-4d682007,IND-f988d18a,PROG-95ef02ad,,Kajiado,Vocational,2025-11-01,2025-12-01,62.28
MEAS-fda2ff42,IND-f988d18a,PROG-95ef02ad,,Kajiado,Vocational,2025-12-01,2025-12-31,82.08
MEAS-03626cee,IND-f988d18a,PROG-95ef02ad,,Kajiado,Vocational,2026-01-01,2026-01-31,73.53
MEAS-a81e57d3,IND-f988d18a,PROG-95ef02ad,,Kajiado,Vocational,2026-02-01,2026-03-03,71.26
MEAS-12526ad0,IND-f988d18a,PROG-95ef02ad,,Kajiado,Vocational,2026-03-01,2026-03-31,64.18
MEAS-ac83f0a6,IND-f988d18a,PROG-95ef02ad,,Kajiado,Vocational,2026-04-01,2026-05-01,84.43
MEAS-ea817be7,IND-f988d18a,PROG-95ef02ad,,Kajiado,Vocational,2026-05-01,2026-05-31,72.38
MEAS-6239acbb,IND-f988d18a,PROG-95ef02ad,,Kajiado,Vocational,2026-06-01,2026-07-01,67.59
MEAS-1ac4c760,IND-f988d18a,PROG-95ef02ad,,Kajiado,Vocational,2026-08-01,2026-08-31,69.06
MEAS-da25442b,IND-f988d18a,PROG-8b381880,,Nyeri,Vocational,2025-09-01,2025-10-01,76.01
MEAS-0b6daa9b,IND-f988d18a,PROG-8b381880,,Nyeri,Vocational,2025-10-01,2025-10-31,77.59
MEAS-df784867,IND-f988d18a,PROG-8b381880,,Nyeri,Vocational,2025-11-01,2025-12-01,64.79
MEAS-65d9641b,IND-f988d18a,PROG-8b381880,,Nyeri,Vocational,2025-12-01,2025-12-31,54.82
MEAS-8b564819,IND-f988d18a,PROG-8b381880,,Nyeri,Vocational,2026-01-01,2026-01-31,69.87
MEAS-83a8a05e,IND-f988d18a,PROG-8b381880,,Nyeri,Vocational,2026-02-01,2026-03-03,68.64
MEAS-c7871b5e,IND-f988d18a,PROG-8b381880,,Nyeri,Vocational,2026-04-01,2026-05-01,81.25
MEAS-551d5ed8,IND-f988d18a,PROG-8b381880,,Nyeri,Vocational,2026-05-01,2026-05-31,79.92
MEAS-d3e34a87,IND-f988d18a,PROG-8b381880,,Nyeri,Vocational,2026-06-01,2026-07-01,85.91
MEAS-8cc61b22,IND-f988d18a,PROG-8b381880,,Nyeri,Vocational,2026-07-01,2026-07-31,85.22
MEAS-02a23a8d,IND-f988d18a,PROG-c4a7a0a8,,Kilifi,Plus,2025-09-01,2025-10-01,90.09
MEAS-f02b53db,IND-f988d18a,PROG-c4a7a0a8,,Kilifi,Plus,2025-11-01,2025-12-01,62.86
MEAS-c6e63650,IND-f988d18a,PROG-c4a7a0a8,,Kilifi,Plus,2025-12-01,2025-12-31,71.58
MEAS-d8bd7853,IND-f988d18a,PROG-c4a7a0a8,,Kilifi,Plus,2026-01-01,2026-01-31,68.73
MEAS-6c1f2f8c,IND-f988d18a,PROG-c4a7a0a8,,Kilifi,Plus,2026-02-01,2026-03-03,64.24
MEAS-39ad31da,IND-f988d18a,PROG-c4a7a0a8,,Kilifi,Plus,2026-03-01,2026-03-31,84.69
MEAS-7b3d14e9,IND-f988d18a,PROG-c4a7a0a8,,Kilifi,Plus,2026-04-01,2026-05-01,87.68
MEAS-1b2f0ecb,IND-f988d18a,PROG-c4a7a0a8,,Kilifi,Plus,2026-06-01,2026-07-01,56.69
MEAS-1aefb697,IND-f988d18a,PROG-c4a7a0a8,,Kilifi,Plus,2026-08-01,2026-08-31,79.93
MEAS-5fbe96bd,IND-f988d18a,PROG-40a38dca,,Nairobi,Vocational,2025-10-01,2025-10-31,77.79
MEAS-444f4226,IND-f988d18a,PROG-40a38dca,,Nairobi,Vocational,2025-11-01,2025-12-01,78.9
MEAS-1f30c1c5,IND-f988d18a,PROG-40a38dca,,Nairobi,Vocational,2025-12-01,2025-12-31,80.41
MEAS-3ce184f0,IND-f988d18a,PROG-40a38dca,,Nairobi,Vocational,2026-01-01,2026-01-31,78.8
MEAS-68c64e88,IND-f988d18a,PROG-40a38dca,,Nairobi,Vocational,2026-02-01,2026-03-03,71.23
MEAS-64dd16a1,IND-f988d18a,PROG-40a38dca,,Nairobi,Vocational,2026-03-01,2026-03-31,80.6
MEAS-5535e2ac,IND-f988d18a,PROG-40a38dca,,Nairobi,Vocational,2026-05-01,2026-05-31,58.44
MEAS-8021ef44,IND-f988d18a,PROG-9c0f6edb,,Machakos,Vocational,2025-09-01,2025-10-01,71.13
MEAS-b2bf79a4,IND-f988d18a,PROG-9c0f6edb,,Machakos,Vocational,2025-11-01,2025-12-01,54.51
MEAS-4c2809bc,IND-f988d18a,PROG-9c0f6edb,,Machakos,Vocational,2025-12-01,2025-12-31,66.83
MEAS-5d5fb4c5,IND-f988d18a,PROG-9c0f6edb,,Machakos,Vocational,2026-01-01,2026-01-31,68.43
MEAS-6abb3cb8,IND-f988d18a,PROG-9c0f6edb,,Machakos,Vocational,2026-02-01,2026-03-03,77.39
MEAS-8730e9e8,IND-f988d18a,PROG-9c0f6edb,,Machakos,Vocational,2026-04-01,2026-05-01,72.58
MEAS-e805288c,IND-f988d18a,PROG-9c0f6edb,,Machakos,Vocational,2026-05-01,2026-05-31,61.95
MEAS-5c611ee9,IND-f988d18a,PROG-9c0f6edb,,Machakos,Vocational,2026-06-01,2026-07-01,77.21
MEAS-26481481,IND-f988d18a,PROG-9c0f6edb,,Machakos,Vocational,2026-07-01,2026-07-31,62.46
MEAS-4fe3b301,IND-f988d18a,PROG-9c0f6edb,,Machakos,Vocational,2026-08-01,2026-08-31,97.52
MEAS-cf071e52,IND-f988d18a,PROG-154089d9,,Nakuru,Vocational,2025-09-01,2025-10-01,95.44
MEAS-75a614df,IND-f988d18a,PROG-154089d9,,Nakuru,Vocational,2025-11-01,2025-12-01,62.98
MEAS-3691e87f,IND-f988d18a,PROG-154089d9,,Nakuru,Vocational,2026-02-01,2026-03-03,67.39
MEAS-0c544352,IND-f988d18a,PROG-154089d9,,Nakuru,Vocational,2026-03-01,2026-03-31,77.44
MEAS-f0a59ebf,IND-f988d18a,PROG-154089d9,,Nakuru,Vocational,2026-04-01,2026-05-01,87.07
MEAS-b2515ce7,IND-f988d18a,PROG-154089d9,,Nakuru,Vocational,2026-05-01,2026-05-31,78.0
MEAS-0f804b05,IND-f988d18a,PROG-154089d9,,Nakuru,Vocational,2026-08-01,2026-08-31,73.65
MEAS-88898a56,IND-f988d18a,PROG-7509d57a,,Machakos,Tech,2025-09-01,2025-10-01,70.05
MEAS-1ac35e42,IND-f988d18a,PROG-7509d57a,,Machakos,Tech,2025-10-01,2025-10-31,68.59
MEAS-73894a7e,IND-f988d18a,PROG-7509d57a,,Machakos,Tech,2025-12-01,2025-12-31,89.05
MEAS-ca804b40,IND-f988d18a,PROG-7509d57a,,Machakos,Tech,2026-01-01,2026-01-31,86.78
MEAS-bf609ee1,IND-f988d18a,PROG-7509d57a,,Machakos,Tech,2026-02-01,2026-03-03,55.03
MEAS-82a66218,IND-f988d18a,PROG-7509d57a,,Machakos,Tech,2026-03-01,2026-03-31,75.33
MEAS-34690b85,IND-f988d18a,PROG-7509d57a,,Machakos,Tech,2026-04-01,2026-05-01,90.6
MEAS-b2a5d083,IND-f988d18a,PROG-7509d57a,,Machakos,Tech,2026-05-01,2026-05-31,83.76
MEAS-7e7de632,IND-f988d18a,PROG-7509d57a,,Machakos,Tech,2026-07-01,2026-07-31,83.72
MEAS-895c31b5,IND-f988d18a,PROG-7509d57a,,Machakos,Tech,2026-08-01,2026-08-31,86.72
MEAS-8ec954a5,IND-f988d18a,PROG-483dea91,,Machakos,Plus,2025-09-01,2025-10-01,63.2
MEAS-2398b311,IND-f988d18a,PROG-483dea91,,Machakos,Plus,2025-11-01,2025-12-01,83.91
MEAS-acf8c945,IND-f988d18a,PROG-483dea91,,Machakos,Plus,2025-12-01,2025-12-31,77.15
MEAS-f79b1247,IND-f988d18a,PROG-483dea91,,Machakos,Plus,2026-02-01,2026-03-03,65.42
MEAS-102fb06e,IND-f988d18a,PROG-483dea91,,Machakos,Plus,2026-03-01,2026-03-31,75.35
MEAS-0390e440,IND-f988d18a,PROG-483dea91,,Machakos,Plus,2026-04-01,2026-05-01,89.93
MEAS-817c0ba1,IND-f988d18a,PROG-483dea91,,Machakos,Plus,2026-05-01,2026-05-31,86.16
MEAS-656b185c,IND-f988d18a,PROG-483dea91,,Machakos,Plus,2026-06-01,2026-07-01,83.73
MEAS-7c2b8ffc,IND-f988d18a,PROG-4f7dd3ef,,Kilifi,Tech,2025-09-01,2025-10-01,81.77
MEAS-c7d7d5dd,IND-f988d18a,PROG-4f7dd3ef,,Kilifi,Tech,2025-10-01,2025-10-31,98.05
MEAS-6b70f26f,IND-f988d18a,PROG-4f7dd3ef,,Kilifi,Tech,2025-12-01,2025-12-31,76.4
MEAS-4a35bda9,IND-f988d18a,PROG-4f7dd3ef,,Kilifi,Tech,2026-01-01,2026-01-31,55.62
MEAS-b059903a,IND-f988d18a,PROG-4f7dd3ef,,Kilifi,Tech,2026-02-01,2026-03-03,84.12
MEAS-ab3f46bf,IND-f988d18a,PROG-4f7dd3ef,,Kilifi,Tech,2026-03-01,2026-03-31,57.03
MEAS-f5f89da7,IND-f988d18a,PROG-4f7dd3ef,,Kilifi,Tech,2026-04-01,2026-05-01,70.46
MEAS-5e019e37,IND-f988d18a,PROG-4f7dd3ef,,Kilifi,Tech,2026-06-01,2026-07-01,65.57
MEAS-e6c10a8a,IND-f988d18a,PROG-4f7dd3ef,,Kilifi,Tech,2026-07-01,2026-07-31,74.19
MEAS-412c07c6,IND-a1e02516,,,Nairobi,,2025-09-01,2025-10-01,63.36
MEAS-426f4388,IND-a1e02516,,,Nairobi,,2025-10-01,2025-10-31,74.63
MEAS-5f484e25,IND-a1e02516,,,Nairobi,,2025-11-01,2025-12-01,75.29
MEAS-7fd5ca73,IND-a1e02516,,,Nairobi,,2026-01-01,2026-01-31,73.8
MEAS-38f85f9a,IND-a1e02516,,,Nairobi,,2026-02-01,2026-03-03,70.38
MEAS-9ad6b2e3,IND-a1e02516,,,Nairobi,,2026-04-01,2026-05-01,82.01
MEAS-9e54ed16,IND-a1e02516,,,Nairobi,,2026-06-01,2026-07-01,65.03
MEAS-f95ecfe0,IND-a1e02516,,,Nairobi,,2026-07-01,2026-07-31,68.98
MEAS-891c85d2,IND-a1e02516,,,Nairobi,,2026-08-01,2026-08-31,64.23
MEAS-6ff3e756,IND-a1e02516,,,Mombasa,,2025-09-01,2025-10-01,81.97
MEAS-6011cab3,IND-a1e02516,,,Mombasa,,2025-10-01,2025-10-31,77.98
MEAS-0ff09290,IND-a1e02516,,,Mombasa,,2025-11-01,2025-12-01,73.13
MEAS-40078c57,IND-a1e02516,,,Mombasa,,2025-12-01,2025-12-31,60.42
MEAS-580f4acf,IND-a1e02516,,,Mombasa,,2026-01-01,2026-01-31,50.59
MEAS-112f5c3a,IND-a1e02516,,,Mombasa,,2026-02-01,2026-03-03,83.86
MEAS-b2f1c55a,IND-a1e02516,,,Mombasa,,2026-03-01,2026-03-31,47.82
MEAS-ae19e7ac,IND-a1e02516,,,Mombasa,,2026-04-01,2026-05-01,60.91
MEAS-b40ba5ed,IND-a1e02516,,,Mombasa,,2026-06-01,2026-07-01,76.6
MEAS-bf0b9c18,IND-a1e02516,,,Mombasa,,2026-07-01,2026-07-31,49.65
MEAS-260e2f78,IND-a1e02516,,,Nakuru,,2025-09-01,2025-10-01,68.52
MEAS-56a6747a,IND-a1e02516,,,Nakuru,,2025-10-01,2025-10-31,84.09
MEAS-9bec833e,IND-a1e02516,,,Nakuru,,2025-11-01,2025-12-01,70.46
MEAS-690ecf7d,IND-a1e02516,,,Nakuru,,2025-12-01,2025-12-31,64.26
MEAS-f5e98020,IND-a1e02516,,,Nakuru,,2026-03-01,2026-03-31,86.01
MEAS-fbeb94ac,IND-a1e02516,,,Nakuru,,2026-04-01,2026-05-01,68.9
MEAS-9f78b1b5,IND-a1e02516,,,Nakuru,,2026-05-01,2026-05-31,66.65
MEAS-79bdb9aa,IND-a1e02516,,,Nakuru,,2026-06-01,2026-07-01,63.06
MEAS-95bb50d9,IND-a1e02516,,,Nakuru,,2026-07-01,2026-07-31,58.82
MEAS-2c7ec09d,IND-a1e02516,,,Kisumu,,2025-09-01,2025-10-01,67.58
MEAS-fdbb64d0,IND-a1e02516,,,Kisumu,,2025-12-01,2025-12-31,52.3
MEAS-d21aed02,IND-a1e02516,,,Kisumu,,2026-01-01,2026-01-31,72.19
MEAS-b6b06ad4,IND-a1e02516,,,Kisumu,,2026-02-01,2026-03-03,100.0
MEAS-51064247,IND-a1e02516,,,Kisumu,,2026-04-01,2026-05-01,61.12
MEAS-07170dfd,IND-a1e02516,,,Kisumu,,2026-06-01,2026-07-01,62.93
MEAS-d831ee28,IND-a1e02516,,,Eldoret,,2025-10-01,2025-10-31,43.47
MEAS-376236ac,IND-a1e02516,,,Eldoret,,2026-01-01,2026-01-31,49.55
MEAS-25e6a17e,IND-a1e02516,,,Eldoret,,2026-02-01,2026-03-03,63.28
MEAS-755fcdcb,IND-a1e02516,,,Eldoret,,2026-03-01,2026-03-31,51.8
MEAS-c376ef88,IND-a1e02516,,,Eldoret,,2026-04-01,2026-05-01,68.73
MEAS-cb01beaf,IND-a1e02516,,,Eldoret,,2026-05-01,2026-05-31,83.9
MEAS-8108a5a9,IND-a1e02516,,,Eldoret,,2026-06-01,2026-07-01,74.07
MEAS-887bae82,IND-a1e02516,,,Eldoret,,2026-07-01,2026-07-31,81.64
MEAS-6b29d2d7,IND-a1e02516,,,Eldoret,,2026-08-01,2026-08-31,71.11
MEAS-641cd1a9,IND-a1e02516,,,Kiambu,,2025-09-01,2025-10-01,80.7
MEAS-37367ed2,IND-a1e02516,,,Kiambu,,2025-10-01,2025-10-31,80.01
MEAS-e088b072,IND-a1e02516,,,Kiambu,,2026-01-01,2026-01-31,89.9
MEAS-27b1a31a,IND-a1e02516,,,Kiambu,,2026-02-01,2026-03-03,100.0
MEAS-8ade590c,IND-a1e02516,,,Kiambu,,2026-03-01,2026-03-31,51.2
MEAS-94337e10,IND-a1e02516,,,Kiambu,,2026-04-01,2026-05-01,65.67
MEAS-56a9bd47,IND-a1e02516,,,Kiambu,,2026-05-01,2026-05-31,46.37
MEAS-a0a13e66,IND-a1e02516,,,Kiambu,,2026-06-01,2026-07-01,89.58
MEAS-c69a36a9,IND-a1e02516,,,Kiambu,,2026-07-01,2026-07-31,70.68
MEAS-514d3115,IND-a1e02516,,,Kiambu,,2026-08-01,2026-08-31,49.89
MEAS-a33aa707,IND-a1e02516,,,Machakos,,2025-09-01,2025-10-01,69.83
MEAS-3e2aabde,IND-a1e02516,,,Machakos,,2025-10-01,2025-10-31,75.42
MEAS-68a6521f,IND-a1e02516,,,Machakos,,2025-11-01,2025-12-01,74.14
MEAS-9f7fbe37,IND-a1e02516,,,Machakos,,2026-01-01,2026-01-31,77.54
MEAS-f63689ff,IND-a1e02516,,,Machakos,,2026-02-01,2026-03-03,56.06
MEAS-09c49bf1,IND-a1e02516,,,Machakos,,2026-07-01,2026-07-31,63.98
MEAS-5d501391,IND-a1e02516,,,Machakos,,2026-08-01,2026-08-31,53.67
MEAS-403ca403,IND-a1e02516,,,Kajiado,,2025-09-01,2025-10-01,87.66
MEAS-1a452801,IND-a1e02516,,,Kajiado,,2025-10-01,2025-10-31,58.18
MEAS-295455c3,IND-a1e02516,,,Kajiado,,2025-11-01,2025-12-01,97.0
MEAS-c0c54066,IND-a1e02516,,,Kajiado,,2026-02-01,2026-03-03,93.2
MEAS-d61f463c,IND-a1e02516,,,Kajiado,,2026-06-01,2026-07-01,81.35
MEAS-d094c521,IND-a1e02516,,,Meru,,2025-10-01,2025-10-31,50.51
MEAS-163a2139,IND-a1e02516,,,Meru,,2025-11-01,2025-12-01,72.65
MEAS-6b75d53c,IND-a1e02516,,,Meru,,2026-01-01,2026-01-31,58.87
MEAS-885e2c08,IND-a1e02516,,,Meru,,2026-02-01,2026-03-03,86.0
MEAS-cbe7252b,IND-a1e02516,,,Meru,,2026-03-01,2026-03-31,65.1
MEAS-1951a428,IND-a1e02516,,,Meru,,2026-04-01,2026-05-01,70.31
MEAS-456cc373,IND-a1e02516,,,Meru,,2026-05-01,2026-05-31,72.7
MEAS-c9bc9e27,IND-a1e02516,,,Meru,,2026-07-01,2026-07-31,85.02
MEAS-aa174062,IND-a1e02516,,,Meru,,2026-08-01,2026-08-31,75.95
MEAS-8e3a2d96,IND-a1e02516,,,Nyeri,,2025-09-01,2025-10-01,84.67
MEAS-7113c3f1,IND-a1e02516,,,Nyeri,,2025-10-01,2025-10-31,52.74
MEAS-242c82c2,IND-a1e02516,,,Nyeri,,2025-11-01,2025-12-01,67.66
MEAS-16fade84,IND-a1e02516,,,Nyeri,,2026-01-01,2026-01-31,69.03
MEAS-e7d4f46e,IND-a1e02516,,,Nyeri,,2026-02-01,2026-03-03,85.92
MEAS-3906c75a,IND-a1e02516,,,Nyeri,,2026-03-01,2026-03-31,60.63
MEAS-6ef82aac,IND-a1e02516,,,Nyeri,,2026-05-01,2026-05-31,48.98
MEAS-3b13dbb1,IND-a1e02516,,,Nyeri,,2026-06-01,2026-07-01,84.01
MEAS-3a239105,IND-a1e02516,,,Nyeri,,2026-08-01,2026-08-31,88.75
MEAS-72bcdcce,IND-a1e02516,,,Kilifi,,2025-11-01,2025-12-01,65.76
MEAS-ef7a3bf3,IND-a1e02516,,,Kilifi,,2025-12-01,2025-12-31,60.41
MEAS-ddf4e613,IND-a1e02516,,,Kilifi,,2026-01-01,2026-01-31,87.02
MEAS-931dfaa7,IND-a1e02516,,,Kilifi,,2026-04-01,2026-05-01,69.8
MEAS-700aef66,IND-a1e02516,,,Kilifi,,2026-07-01,2026-07-31,74.85
MEAS-add96b8f,IND-a1e02516,,,Kilifi,,2026-08-01,2026-08-31,86.44
MEAS-63030f1e,IND-a1e02516,,,Kakamega,,2025-09-01,2025-10-01,60.62
MEAS-125788db,IND-a1e02516,,,Kakamega,,2025-10-01,2025-10-31,67.9
MEAS-67492c3f,IND-a1e02516,,,Kakamega,,2025-12-01,2025-12-31,75.98
MEAS-ee046911,IND-a1e02516,,,Kakamega,,2026-04-01,2026-05-01,56.1
MEAS-5e14db3b,IND-a1e02516,,,Kakamega,,2026-07-01,2026-07-31,52.78
MEAS-12fdffd3,IND-d12b29c3,PROG-7530c51c,,Nairobi,Plus,2025-09-01,2025-10-01,1.47
MEAS-b2e4626f,IND-d12b29c3,PROG-7530c51c,,Nairobi,Plus,2025-11-01,2025-12-01,7.9
MEAS-e2d89ef6,IND-d12b29c3,PROG-7530c51c,,Nairobi,Plus,2025-12-01,2025-12-31,2.22
MEAS-5752c2ef,IND-d12b29c3,PROG-7530c51c,,Nairobi,Plus,2026-01-01,2026-01-31,6.8
MEAS-00ed7bc1,IND-d12b29c3,PROG-7530c51c,,Nairobi,Plus,2026-03-01,2026-03-31,7.69
MEAS-9345569a,IND-d12b29c3,PROG-7530c51c,,Nairobi,Plus,2026-06-01,2026-07-01,13.71
MEAS-54705c41,IND-d12b29c3,PROG-7530c51c,,Nairobi,Plus,2026-07-01,2026-07-31,1.78
MEAS-209175cb,IND-d12b29c3,PROG-7530c51c,,Nairobi,Plus,2026-08-01,2026-08-31,11.18
MEAS-563ff209,IND-d12b29c3,PROG-edd8baa9,,Kakamega,Tech,2025-09-01,2025-10-01,10.08
MEAS-8ec66c42,IND-d12b29c3,PROG-edd8baa9,,Kakamega,Tech,2025-10-01,2025-10-31,17.17
MEAS-a34dce27,IND-d12b29c3,PROG-edd8baa9,,Kakamega,Tech,2026-01-01,2026-01-31,8.23
MEAS-7fe91e4b,IND-d12b29c3,PROG-edd8baa9,,Kakamega,Tech,2026-06-01,2026-07-01,1.24
MEAS-16ac5c1f,IND-d12b29c3,PROG-edd8baa9,,Kakamega,Tech,2026-07-01,2026-07-31,5.99
MEAS-c5171655,IND-d12b29c3,PROG-edd8baa9,,Kakamega,Tech,2026-08-01,2026-08-31,-2.41
MEAS-8f804c2d,IND-d12b29c3,PROG-9c0f6edb,,Machakos,Vocational,2025-10-01,2025-10-31,7.82
MEAS-205ff586,IND-d12b29c3,PROG-9c0f6edb,,Machakos,Vocational,2025-11-01,2025-12-01,14.37
MEAS-fbf6f23b,IND-d12b29c3,PROG-9c0f6edb,,Machakos,Vocational,2025-12-01,2025-12-31,8.51
MEAS-3fb95f59,IND-d12b29c3,PROG-9c0f6edb,,Machakos,Vocational,2026-01-01,2026-01-31,7.08
MEAS-4327c878,IND-d12b29c3,PROG-9c0f6edb,,Machakos,Vocational,2026-03-01,2026-03-31,7.1
MEAS-77dd1431,IND-d12b29c3,PROG-9c0f6edb,,Machakos,Vocational,2026-04-01,2026-05-01,10.65
MEAS-7c1dd3f0,IND-d12b29c3,PROG-9c0f6edb,,Machakos,Vocational,2026-05-01,2026-05-31,7.48
MEAS-3e0a849e,IND-d12b29c3,PROG-9c0f6edb,,Machakos,Vocational,2026-06-01,2026-07-01,9.15
MEAS-e4c4742a,IND-d12b29c3,PROG-9c0f6edb,,Machakos,Vocational,2026-07-01,2026-07-31,14.37
MEAS-13d800d6,IND-d12b29c3,PROG-9c0f6edb,,Machakos,Vocational,2026-08-01,2026-08-31,9.14
MEAS-5a0d5b28,IND-d12b29c3,PROG-74e9906c,,Meru,Plus,2025-09-01,2025-10-01,8.2
MEAS-32f9468b,IND-d12b29c3,PROG-74e9906c,,Meru,Plus,2026-01-01,2026-01-31,2.25
MEAS-fde672df,IND-d12b29c3,PROG-74e9906c,,Meru,Plus,2026-02-01,2026-03-03,-0.12
MEAS-eac1bfcd,IND-d12b29c3,PROG-74e9906c,,Meru,Plus,2026-03-01,2026-03-31,6.01
MEAS-781b6f67,IND-d12b29c3,PROG-74e9906c,,Meru,Plus,2026-04-01,2026-05-01,15.78
MEAS-f1c63911,IND-d12b29c3,PROG-74e9906c,,Meru,Plus,2026-06-01,2026-07-01,5.81
MEAS-7d4eaf64,IND-d12b29c3,PROG-74e9906c,,Meru,Plus,2026-07-01,2026-07-31,9.67
MEAS-edbefd44,IND-d12b29c3,PROG-74e9906c,,Meru,Plus,2026-08-01,2026-08-31,9.16
MEAS-a0122966,IND-d12b29c3,PROG-1619daa0,,Mombasa,Scholarship,2025-09-01,2025-10-01,16.79
MEAS-29fda13d,IND-d12b29c3,PROG-1619daa0,,Mombasa,Scholarship,2025-11-01,2025-12-01,7.74
MEAS-e61aafae,IND-d12b29c3,PROG-1619daa0,,Mombasa,Scholarship,2026-01-01,2026-01-31,13.94
MEAS-c564d64a,IND-d12b29c3,PROG-1619daa0,,Mombasa,Scholarship,2026-02-01,2026-03-03,5.95
MEAS-02f4a739,IND-d12b29c3,PROG-1619daa0,,Mombasa,Scholarship,2026-03-01,2026-03-31,9.28
MEAS-5768663c,IND-d12b29c3,PROG-1619daa0,,Mombasa,Scholarship,2026-05-01,2026-05-31,4.44
MEAS-3cafddc1,IND-d12b29c3,PROG-1619daa0,,Mombasa,Scholarship,2026-06-01,2026-07-01,-2.74
MEAS-ff62888b,IND-d12b29c3,PROG-1619daa0,,Mombasa,Scholarship,2026-07-01,2026-07-31,12.22
MEAS-330be6fe,IND-d12b29c3,PROG-1619daa0,,Mombasa,Scholarship,2026-08-01,2026-08-31,9.7
MEAS-fc75e238,IND-d12b29c3,PROG-9ce19e72,,Nairobi,Plus,2025-09-01,2025-10-01,6.64
MEAS-f27b4ff8,IND-d12b29c3,PROG-9ce19e72,,Nairobi,Plus,2025-10-01,2025-10-31,5.14
MEAS-0a95c13a,IND-d12b29c3,PROG-9ce19e72,,Nairobi,Plus,2025-11-01,2025-12-01,14.77
MEAS-6f9f1fbc,IND-d12b29c3,PROG-9ce19e72,,Nairobi,Plus,2025-12-01,2025-12-31,6.7
MEAS-078432eb,IND-d12b29c3,PROG-9ce19e72,,Nairobi,Plus,2026-01-01,2026-01-31,0.57
MEAS-bde1dba9,IND-d12b29c3,PROG-9ce19e72,,Nairobi,Plus,2026-02-01,2026-03-03,3.31
MEAS-fa58b9e8,IND-d12b29c3,PROG-9ce19e72,,Nairobi,Plus,2026-03-01,2026-03-31,8.66
MEAS-60eecc8a,IND-d12b29c3,PROG-9ce19e72,,Nairobi,Plus,2026-04-01,2026-05-01,6.42
MEAS-dde34acb,IND-d12b29c3,PROG-9ce19e72,,Nairobi,Plus,2026-05-01,2026-05-31,3.63
MEAS-16b15c85,IND-d12b29c3,PROG-9ce19e72,,Nairobi,Plus,2026-06-01,2026-07-01,7.27
MEAS-63c3c031,IND-d12b29c3,PROG-9ce19e72,,Nairobi,Plus,2026-08-01,2026-08-31,6.37
MEAS-c58d2ebe,IND-d12b29c3,PROG-5859e5a5,,Kilifi,Plus,2025-11-01,2025-12-01,5.98
MEAS-c4833095,IND-d12b29c3,PROG-5859e5a5,,Kilifi,Plus,2026-01-01,2026-01-31,12.73
MEAS-08fbcf76,IND-d12b29c3,PROG-5859e5a5,,Kilifi,Plus,2026-02-01,2026-03-03,7.7
MEAS-d41a9729,IND-d12b29c3,PROG-5859e5a5,,Kilifi,Plus,2026-03-01,2026-03-31,12.82
MEAS-58ac1bd1,IND-d12b29c3,PROG-5859e5a5,,Kilifi,Plus,2026-04-01,2026-05-01,14.4
MEAS-8a01c6d1,IND-d12b29c3,PROG-5859e5a5,,Kilifi,Plus,2026-05-01,2026-05-31,10.04
MEAS-a250f485,IND-d12b29c3,PROG-5859e5a5,,Kilifi,Plus,2026-06-01,2026-07-01,12.04
MEAS-3a163ad1,IND-d12b29c3,PROG-5859e5a5,,Kilifi,Plus,2026-07-01,2026-07-31,12.63
MEAS-0a152e51,IND-d12b29c3,PROG-5859e5a5,,Kilifi,Plus,2026-08-01,2026-08-31,6.69
MEAS-648bbd75,IND-d12b29c3,PROG-7463bbcd,,Mombasa,Vocational,2025-09-01,2025-10-01,12.68
MEAS-0ce7b497,IND-d12b29c3,PROG-7463bbcd,,Mombasa,Vocational,2026-01-01,2026-01-31,2.62
MEAS-233091d1,IND-d12b29c3,PROG-7463bbcd,,Mombasa,Vocational,2026-02-01,2026-03-03,10.33
MEAS-2923003a,IND-d12b29c3,PROG-7463bbcd,,Mombasa,Vocational,2026-04-01,2026-05-01,16.8
MEAS-a4df946f,IND-d12b29c3,PROG-7463bbcd,,Mombasa,Vocational,2026-05-01,2026-05-31,8.8
MEAS-df8ad309,IND-d12b29c3,PROG-7463bbcd,,Mombasa,Vocational,2026-06-01,2026-07-01,2.48
MEAS-896087fa,IND-d12b29c3,PROG-7463bbcd,,Mombasa,Vocational,2026-07-01,2026-07-31,14.33
MEAS-1e1a72c6,IND-d12b29c3,PROG-b38983ba,,Nakuru,Plus,2025-09-01,2025-10-01,8.87
MEAS-7110ee2c,IND-d12b29c3,PROG-b38983ba,,Nakuru,Plus,2025-10-01,2025-10-31,3.79
MEAS-1937df94,IND-d12b29c3,PROG-b38983ba,,Nakuru,Plus,2025-11-01,2025-12-01,9.77
MEAS-40d57614,IND-d12b29c3,PROG-b38983ba,,Nakuru,Plus,2025-12-01,2025-12-31,-0.87
MEAS-38667962,IND-d12b29c3,PROG-b38983ba,,Nakuru,Plus,2026-01-01,2026-01-31,10.99
MEAS-47e6b146,IND-d12b29c3,PROG-b38983ba,,Nakuru,Plus,2026-06-01,2026-07-01,4.24
MEAS-c698a6e8,IND-d12b29c3,PROG-b38983ba,,Nakuru,Plus,2026-07-01,2026-07-31,7.49
MEAS-e1187393,IND-d12b29c3,PROG-b38983ba,,Nakuru,Plus,2026-08-01,2026-08-31,6.41
MEAS-ed61ed23,IND-d12b29c3,PROG-5fb95eae,,Kajiado,Scholarship,2025-09-01,2025-10-01,5.2
MEAS-d2f0d704,IND-d12b29c3,PROG-5fb95eae,,Kajiado,Scholarship,2025-10-01,2025-10-31,5.73
MEAS-ad9c1c3a,IND-d12b29c3,PROG-5fb95eae,,Kajiado,Scholarship,2025-11-01,2025-12-01,6.66
MEAS-58f3e17d,IND-d12b29c3,PROG-5fb95eae,,Kajiado,Scholarship,2025-12-01,2025-12-31,5.36
MEAS-e5940116,IND-d12b29c3,PROG-5fb95eae,,Kajiado,Scholarship,2026-01-01,2026-01-31,4.48
MEAS-0b67c11b,IND-d12b29c3,PROG-5fb95eae,,Kajiado,Scholarship,2026-03-01,2026-03-31,20.36
MEAS-002a7634,IND-d12b29c3,PROG-5fb95eae,,Kajiado,Scholarship,2026-05-01,2026-05-31,3.0
MEAS-8231c6a2,IND-d12b29c3,PROG-5fb95eae,,Kajiado,Scholarship,2026-07-01,2026-07-31,8.83
MEAS-09c65275,IND-d12b29c3,PROG-5fb95eae,,Kajiado,Scholarship,2026-08-01,2026-08-31,10.48
MEAS-30e04006,IND-d12b29c3,PROG-3cc79871,,Kisumu,Scholarship,2025-10-01,2025-10-31,9.89
MEAS-4122e2c4,IND-d12b29c3,PROG-3cc79871,,Kisumu,Scholarship,2025-11-01,2025-12-01,13.83
MEAS-f662546e,IND-d12b29c3,PROG-3cc79871,,Kisumu,Scholarship,2026-01-01,2026-01-31,6.98
MEAS-414cc22d,IND-d12b29c3,PROG-3cc79871,,Kisumu,Scholarship,2026-02-01,2026-03-03,6.66
MEAS-71651bc5,IND-d12b29c3,PROG-3cc79871,,Kisumu,Scholarship,2026-05-01,2026-05-31,9.14
MEAS-dbc443e8,IND-d12b29c3,PROG-3cc79871,,Kisumu,Scholarship,2026-06-01,2026-07-01,3.0
MEAS-f133c32d,IND-d12b29c3,PROG-1998575f,,Nyeri,Plus,2025-09-01,2025-10-01,7.49
MEAS-0d609630,IND-d12b29c3,PROG-1998575f,,Nyeri,Plus,2025-11-01,2025-12-01,-1.84
MEAS-2ed16c5c,IND-d12b29c3,PROG-1998575f,,Nyeri,Plus,2025-12-01,2025-12-31,1.27
MEAS-512ab835,IND-d12b29c3,PROG-1998575f,,Nyeri,Plus,2026-02-01,2026-03-03,9.74
MEAS-452ed535,IND-d12b29c3,PROG-1998575f,,Nyeri,Plus,2026-04-01,2026-05-01,2.85
MEAS-2164b13a,IND-d12b29c3,PROG-1998575f,,Nyeri,Plus,2026-05-01,2026-05-31,12.7
MEAS-0fe50137,IND-d12b29c3,PROG-1998575f,,Nyeri,Plus,2026-06-01,2026-07-01,15.84
MEAS-592562c8,IND-d12b29c3,PROG-3f035d32,,Nairobi,Scholarship,2025-09-01,2025-10-01,4.45
MEAS-3c19d0c7,IND-d12b29c3,PROG-3f035d32,,Nairobi,Scholarship,2025-11-01,2025-12-01,7.35
MEAS-6fa7d9fb,IND-d12b29c3,PROG-3f035d32,,Nairobi,Scholarship,2025-12-01,2025-12-31,4.23
MEAS-331f6c43,IND-d12b29c3,PROG-3f035d32,,Nairobi,Scholarship,2026-01-01,2026-01-31,13.5
MEAS-ac9c396e,IND-d12b29c3,PROG-3f035d32,,Nairobi,Scholarship,2026-03-01,2026-03-31,-4.72
MEAS-de66b0ad,IND-d12b29c3,PROG-3f035d32,,Nairobi,Scholarship,2026-04-01,2026-05-01,3.5
MEAS-99f60644,IND-d12b29c3,PROG-3f035d32,,Nairobi,Scholarship,2026-05-01,2026-05-31,7.44
MEAS-9134b661,IND-d12b29c3,PROG-3f035d32,,Nairobi,Scholarship,2026-06-01,2026-07-01,13.98
MEAS-6789a5db,IND-d12b29c3,PROG-3f035d32,,Nairobi,Scholarship,2026-07-01,2026-07-31,0.2
MEAS-608d5f08,IND-d12b29c3,PROG-3f035d32,,Nairobi,Scholarship,2026-08-01,2026-08-31,5.05
MEAS-6f5a2def,IND-d12b29c3,PROG-988b5125,,Kajiado,Scholarship,2025-10-01,2025-10-31,8.19
MEAS-21b98503,IND-d12b29c3,PROG-988b5125,,Kajiado,Scholarship,2025-11-01,2025-12-01,-4.24
MEAS-96191239,IND-d12b29c3,PROG-988b5125,,Kajiado,Scholarship,2025-12-01,2025-12-31,4.15
MEAS-2cd9c681,IND-d12b29c3,PROG-988b5125,,Kajiado,Scholarship,2026-01-01,2026-01-31,9.84
MEAS-36dfa74b,IND-d12b29c3,PROG-988b5125,,Kajiado,Scholarship,2026-02-01,2026-03-03,6.52
MEAS-65881ddc,IND-d12b29c3,PROG-988b5125,,Kajiado,Scholarship,2026-03-01,2026-03-31,10.38
MEAS-a8b752bf,IND-d12b29c3,PROG-988b5125,,Kajiado,Scholarship,2026-05-01,2026-05-31,10.72
MEAS-2533e849,IND-d12b29c3,PROG-988b5125,,Kajiado,Scholarship,2026-07-01,2026-07-31,7.01
MEAS-26f4263f,IND-d12b29c3,PROG-62cc2bca,,Kisumu,Vocational,2025-09-01,2025-10-01,6.83
MEAS-b5a4e6be,IND-d12b29c3,PROG-62cc2bca,,Kisumu,Vocational,2025-10-01,2025-10-31,-5.7
MEAS-faa14aa2,IND-d12b29c3,PROG-62cc2bca,,Kisumu,Vocational,2025-11-01,2025-12-01,8.84
MEAS-006e6da2,IND-d12b29c3,PROG-62cc2bca,,Kisumu,Vocational,2025-12-01,2025-12-31,6.07
MEAS-b7188962,IND-d12b29c3,PROG-62cc2bca,,Kisumu,Vocational,2026-03-01,2026-03-31,6.07
MEAS-19dfe7e5,IND-d12b29c3,PROG-62cc2bca,,Kisumu,Vocational,2026-05-01,2026-05-31,14.9
MEAS-a950d493,IND-d12b29c3,PROG-62cc2bca,,Kisumu,Vocational,2026-06-01,2026-07-01,12.29
MEAS-a4127027,IND-d12b29c3,PROG-62cc2bca,,Kisumu,Vocational,2026-07-01,2026-07-31,3.3
MEAS-6000c284,IND-d12b29c3,PROG-62cc2bca,,Kisumu,Vocational,2026-08-01,2026-08-31,13.09
MEAS-3263ea9d,IND-d12b29c3,PROG-6c9c5478,,Eldoret,Plus,2025-10-01,2025-10-31,10.5
MEAS-7ec2c6f9,IND-d12b29c3,PROG-6c9c5478,,Eldoret,Plus,2025-11-01,2025-12-01,11.9
MEAS-51e6f998,IND-d12b29c3,PROG-6c9c5478,,Eldoret,Plus,2025-12-01,2025-12-31,2.39
MEAS-d356277a,IND-d12b29c3,PROG-6c9c5478,,Eldoret,Plus,2026-01-01,2026-01-31,12.31
MEAS-1e6e371f,IND-d12b29c3,PROG-6c9c5478,,Eldoret,Plus,2026-02-01,2026-03-03,9.16
MEAS-78599ef8,IND-d12b29c3,PROG-6c9c5478,,Eldoret,Plus,2026-03-01,2026-03-31,1.12
MEAS-50d40aa3,IND-d12b29c3,PROG-6c9c5478,,Eldoret,Plus,2026-04-01,2026-05-01,2.39
MEAS-8d2696a1,IND-d12b29c3,PROG-6c9c5478,,Eldoret,Plus,2026-06-01,2026-07-01,12.29
MEAS-bcba0377,IND-d12b29c3,PROG-6c9c5478,,Eldoret,Plus,2026-07-01,2026-07-31,13.52
MEAS-3c3cc891,IND-d12b29c3,PROG-e2877dc7,,Kiambu,Scholarship,2025-10-01,2025-10-31,14.25
MEAS-99132160,IND-d12b29c3,PROG-e2877dc7,,Kiambu,Scholarship,2026-01-01,2026-01-31,0.23
MEAS-e609b169,IND-d12b29c3,PROG-e2877dc7,,Kiambu,Scholarship,2026-03-01,2026-03-31,3.94
MEAS-d96f93ed,IND-d12b29c3,PROG-e2877dc7,,Kiambu,Scholarship,2026-06-01,2026-07-01,8.66
MEAS-d9a5b7c0,IND-d12b29c3,PROG-e2877dc7,,Kiambu,Scholarship,2026-07-01,2026-07-31,7.71
MEAS-10ea7c2e,IND-d12b29c3,PROG-483dea91,,Machakos,Plus,2025-09-01,2025-10-01,19.15
MEAS-53bb034e,IND-d12b29c3,PROG-483dea91,,Machakos,Plus,2025-10-01,2025-10-31,9.58
MEAS-bce1d774,IND-d12b29c3,PROG-483dea91,,Machakos,Plus,2025-11-01,2025-12-01,4.95
MEAS-13f96a52,IND-d12b29c3,PROG-483dea91,,Machakos,Plus,2025-12-01,2025-12-31,14.22
MEAS-96a9c502,IND-d12b29c3,PROG-483dea91,,Machakos,Plus,2026-01-01,2026-01-31,10.74
MEAS-0a13f173,IND-d12b29c3,PROG-483dea91,,Machakos,Plus,2026-03-01,2026-03-31,15.58
MEAS-83adf1f4,IND-d12b29c3,PROG-483dea91,,Machakos,Plus,2026-06-01,2026-07-01,8.74
MEAS-55dd649f,IND-d12b29c3,PROG-483dea91,,Machakos,Plus,2026-07-01,2026-07-31,5.67
MEAS-4720e178,IND-d12b29c3,PROG-483dea91,,Machakos,Plus,2026-08-01,2026-08-31,6.4
MEAS-6be7680a,IND-d12b29c3,PROG-e80397c9,,Machakos,Scholarship,2025-09-01,2025-10-01,2.6
MEAS-5d3d58b0,IND-d12b29c3,PROG-e80397c9,,Machakos,Scholarship,2025-12-01,2025-12-31,-0.63
MEAS-974a961e,IND-d12b29c3,PROG-e80397c9,,Machakos,Scholarship,2026-01-01,2026-01-31,2.85
MEAS-87192ac2,IND-d12b29c3,PROG-e80397c9,,Machakos,Scholarship,2026-02-01,2026-03-03,4.9
MEAS-da2134fb,IND-d12b29c3,PROG-e80397c9,,Machakos,Scholarship,2026-04-01,2026-05-01,22.66
MEAS-20531433,IND-d12b29c3,PROG-e80397c9,,Machakos,Scholarship,2026-05-01,2026-05-31,13.9
MEAS-ab96b6d6,IND-d12b29c3,PROG-e80397c9,,Machakos,Scholarship,2026-06-01,2026-07-01,11.84
MEAS-b039bc5f,IND-d12b29c3,PROG-e80397c9,,Machakos,Scholarship,2026-07-01,2026-07-31,12.23
MEAS-f13e73b9,IND-d12b29c3,PROG-e80397c9,,Machakos,Scholarship,2026-08-01,2026-08-31,11.16
MEAS-26771b28,IND-d12b29c3,PROG-ced265e0,,Kajiado,Scholarship,2025-09-01,2025-10-01,11.7
MEAS-3387813d,IND-d12b29c3,PROG-ced265e0,,Kajiado,Scholarship,2025-10-01,2025-10-31,7.11
MEAS-45a4522d,IND-d12b29c3,PROG-ced265e0,,Kajiado,Scholarship,2025-12-01,2025-12-31,1.31
MEAS-cff8e657,IND-d12b29c3,PROG-ced265e0,,Kajiado,Scholarship,2026-01-01,2026-01-31,6.79
MEAS-bbfe8dd9,IND-d12b29c3,PROG-ced265e0,,Kajiado,Scholarship,2026-03-01,2026-03-31,18.77
MEAS-7a090a97,IND-d12b29c3,PROG-ced265e0,,Kajiado,Scholarship,2026-04-01,2026-05-01,9.91
MEAS-3bcc7538,IND-d12b29c3,PROG-ced265e0,,Kajiado,Scholarship,2026-05-01,2026-05-31,11.13
MEAS-be881ea9,IND-d12b29c3,PROG-ced265e0,,Kajiado,Scholarship,2026-06-01,2026-07-01,22.36
MEAS-dc056825,IND-d12b29c3,PROG-ced265e0,,Kajiado,Scholarship,2026-07-01,2026-07-31,5.8
MEAS-125176e7,IND-d12b29c3,PROG-ced265e0,,Kajiado,Scholarship,2026-08-01,2026-08-31,0.83
MEAS-3f7fcb26,IND-d12b29c3,PROG-4f9acb42,,Eldoret,Plus,2025-10-01,2025-10-31,13.79
MEAS-ba31550b,IND-d12b29c3,PROG-4f9acb42,,Eldoret,Plus,2025-12-01,2025-12-31,6.42
MEAS-af653aa7,IND-d12b29c3,PROG-4f9acb42,,Eldoret,Plus,2026-01-01,2026-01-31,7.85
MEAS-fd082035,IND-d12b29c3,PROG-4f9acb42,,Eldoret,Plus,2026-03-01,2026-03-31,14.66
MEAS-edb59164,IND-d12b29c3,PROG-4f9acb42,,Eldoret,Plus,2026-04-01,2026-05-01,14.35
MEAS-22a407b2,IND-d12b29c3,PROG-4f9acb42,,Eldoret,Plus,2026-05-01,2026-05-31,8.69
MEAS-48784117,IND-d12b29c3,PROG-4f9acb42,,Eldoret,Plus,2026-06-01,2026-07-01,7.42
MEAS-dca92772,IND-d12b29c3,PROG-4f9acb42,,Eldoret,Plus,2026-07-01,2026-07-31,5.74
MEAS-5bd518db,IND-d12b29c3,PROG-cc1e0da1,,Kiambu,Vocational,2025-09-01,2025-10-01,8.99
MEAS-fba2d8d6,IND-d12b29c3,PROG-cc1e0da1,,Kiambu,Vocational,2025-10-01,2025-10-31,4.97
MEAS-b3e0430c,IND-d12b29c3,PROG-cc1e0da1,,Kiambu,Vocational,2025-12-01,2025-12-31,2.37
MEAS-14a81b8d,IND-d12b29c3,PROG-cc1e0da1,,Kiambu,Vocational,2026-01-01,2026-01-31,10.08
MEAS-53269aa9,IND-d12b29c3,PROG-cc1e0da1,,Kiambu,Vocational,2026-02-01,2026-03-03,8.15
MEAS-c52d04ad,IND-d12b29c3,PROG-cc1e0da1,,Kiambu,Vocational,2026-03-01,2026-03-31,9.2
MEAS-80cee6fa,IND-d12b29c3,PROG-cc1e0da1,,Kiambu,Vocational,2026-05-01,2026-05-31,4.05
MEAS-64d59628,IND-d12b29c3,PROG-cc1e0da1,,Kiambu,Vocational,2026-06-01,2026-07-01,14.53
MEAS-dac49d17,IND-d12b29c3,PROG-cc1e0da1,,Kiambu,Vocational,2026-07-01,2026-07-31,4.86
MEAS-4f9709a1,IND-d12b29c3,PROG-cc1e0da1,,Kiambu,Vocational,2026-08-01,2026-08-31,6.45
MEAS-278e2890,IND-d12b29c3,PROG-e72db8da,,Mombasa,Tech,2025-09-01,2025-10-01,7.9
MEAS-2825bf8a,IND-d12b29c3,PROG-e72db8da,,Mombasa,Tech,2025-10-01,2025-10-31,8.07
MEAS-1dd0423f,IND-d12b29c3,PROG-e72db8da,,Mombasa,Tech,2025-11-01,2025-12-01,-1.85
MEAS-c938980d,IND-d12b29c3,PROG-e72db8da,,Mombasa,Tech,2025-12-01,2025-12-31,4.35
MEAS-dac291dc,IND-d12b29c3,PROG-e72db8da,,Mombasa,Tech,2026-01-01,2026-01-31,17.34
MEAS-1b2001ff,IND-d12b29c3,PROG-e72db8da,,Mombasa,Tech,2026-04-01,2026-05-01,10.74
MEAS-2352325c,IND-d12b29c3,PROG-e72db8da,,Mombasa,Tech,2026-05-01,2026-05-31,16.17
MEAS-9ac59efe,IND-d12b29c3,PROG-e72db8da,,Mombasa,Tech,2026-07-01,2026-07-31,9.98
MEAS-89bd87d7,IND-d12b29c3,PROG-397ae435,,Kakamega,Scholarship,2025-11-01,2025-12-01,12.38
MEAS-8ee0d333,IND-d12b29c3,PROG-397ae435,,Kakamega,Scholarship,2025-12-01,2025-12-31,8.89
MEAS-25413af2,IND-d12b29c3,PROG-397ae435,,Kakamega,Scholarship,2026-01-01,2026-01-31,8.45
MEAS-7fb5e897,IND-d12b29c3,PROG-397ae435,,Kakamega,Scholarship,2026-02-01,2026-03-03,15.32
MEAS-3d2fddd9,IND-d12b29c3,PROG-397ae435,,Kakamega,Scholarship,2026-03-01,2026-03-31,6.72
MEAS-84a649e4,IND-d12b29c3,PROG-397ae435,,Kakamega,Scholarship,2026-04-01,2026-05-01,15.19
MEAS-ed907efd,IND-d12b29c3,PROG-397ae435,,Kakamega,Scholarship,2026-06-01,2026-07-01,8.59
MEAS-f6e761c7,IND-d12b29c3,PROG-397ae435,,Kakamega,Scholarship,2026-07-01,2026-07-31,16.08
MEAS-d8f21a9e,IND-d12b29c3,PROG-3efe6266,,Kiambu,Tech,2025-09-01,2025-10-01,13.15
MEAS-28c01d06,IND-d12b29c3,PROG-3efe6266,,Kiambu,Tech,2025-10-01,2025-10-31,10.22
MEAS-f2d495ce,IND-d12b29c3,PROG-3efe6266,,Kiambu,Tech,2025-11-01,2025-12-01,2.16
MEAS-d6fb094e,IND-d12b29c3,PROG-3efe6266,,Kiambu,Tech,2025-12-01,2025-12-31,13.91
MEAS-c3fb027e,IND-d12b29c3,PROG-3efe6266,,Kiambu,Tech,2026-02-01,2026-03-03,4.87
MEAS-d3b03820,IND-d12b29c3,PROG-3efe6266,,Kiambu,Tech,2026-03-01,2026-03-31,16.57
MEAS-e7824c32,IND-d12b29c3,PROG-3efe6266,,Kiambu,Tech,2026-05-01,2026-05-31,8.81
MEAS-25c3736f,IND-d12b29c3,PROG-3efe6266,,Kiambu,Tech,2026-06-01,2026-07-01,7.24
MEAS-076870a0,IND-d12b29c3,PROG-3efe6266,,Kiambu,Tech,2026-07-01,2026-07-31,10.65
MEAS-e8c96d39,IND-d12b29c3,PROG-3efe6266,,Kiambu,Tech,2026-08-01,2026-08-31,5.88
MEAS-b7fa3c65,IND-d12b29c3,PROG-1b7c4853,,Kajiado,Vocational,2025-09-01,2025-10-01,5.96
MEAS-6d810f91,IND-d12b29c3,PROG-1b7c4853,,Kajiado,Vocational,2025-11-01,2025-12-01,1.81
MEAS-40189b70,IND-d12b29c3,PROG-1b7c4853,,Kajiado,Vocational,2025-12-01,2025-12-31,6.41
MEAS-35f85bd1,IND-d12b29c3,PROG-1b7c4853,,Kajiado,Vocational,2026-01-01,2026-01-31,12.52
MEAS-39d387d9,IND-d12b29c3,PROG-1b7c4853,,Kajiado,Vocational,2026-02-01,2026-03-03,12.15
MEAS-3e8d5430,IND-d12b29c3,PROG-1b7c4853,,Kajiado,Vocational,2026-03-01,2026-03-31,8.38
MEAS-e4fce93a,IND-d12b29c3,PROG-1b7c4853,,Kajiado,Vocational,2026-04-01,2026-05-01,6.1
MEAS-3c349c45,IND-d12b29c3,PROG-1b7c4853,,Kajiado,Vocational,2026-06-01,2026-07-01,1.72
MEAS-0aefd613,IND-d12b29c3,PROG-1b7c4853,,Kajiado,Vocational,2026-07-01,2026-07-31,15.31
MEAS-cdd49f35,IND-d12b29c3,PROG-de40b141,,Kajiado,Plus,2025-09-01,2025-10-01,5.85
MEAS-abcd1361,IND-d12b29c3,PROG-de40b141,,Kajiado,Plus,2025-11-01,2025-12-01,6.54
MEAS-90fad721,IND-d12b29c3,PROG-de40b141,,Kajiado,Plus,2026-02-01,2026-03-03,12.12
MEAS-cf3e5d54,IND-d12b29c3,PROG-de40b141,,Kajiado,Plus,2026-03-01,2026-03-31,2.27
MEAS-726ba003,IND-d12b29c3,PROG-de40b141,,Kajiado,Plus,2026-05-01,2026-05-31,21.74
MEAS-d06e9f97,IND-d12b29c3,PROG-de40b141,,Kajiado,Plus,2026-06-01,2026-07-01,9.27
MEAS-f36d86ee,IND-d12b29c3,PROG-de40b141,,Kajiado,Plus,2026-07-01,2026-07-31,18.01
MEAS-6cd0803d,IND-d12b29c3,PROG-de40b141,,Kajiado,Plus,2026-08-01,2026-08-31,4.3
MEAS-d0e441d0,IND-d12b29c3,PROG-ff57bf40,,Mombasa,Plus,2025-09-01,2025-10-01,12.99
MEAS-6912630f,IND-d12b29c3,PROG-ff57bf40,,Mombasa,Plus,2025-10-01,2025-10-31,10.46
MEAS-363805d9,IND-d12b29c3,PROG-ff57bf40,,Mombasa,Plus,2025-11-01,2025-12-01,13.36
MEAS-0811d93e,IND-d12b29c3,PROG-ff57bf40,,Mombasa,Plus,2025-12-01,2025-12-31,6.53
MEAS-f0cc35d3,IND-d12b29c3,PROG-ff57bf40,,Mombasa,Plus,2026-02-01,2026-03-03,10.72
MEAS-dc233fff,IND-d12b29c3,PROG-ff57bf40,,Mombasa,Plus,2026-03-01,2026-03-31,11.2
MEAS-e07db6c6,IND-d12b29c3,PROG-ff57bf40,,Mombasa,Plus,2026-05-01,2026-05-31,3.59
MEAS-cba53d47,IND-d12b29c3,PROG-ff57bf40,,Mombasa,Plus,2026-06-01,2026-07-01,-0.4
MEAS-4c083fdc,IND-d12b29c3,PROG-ff57bf40,,Mombasa,Plus,2026-07-01,2026-07-31,2.8
MEAS-e8b01a2e,IND-d12b29c3,PROG-f5f07ba4,,Kisumu,Vocational,2025-09-01,2025-10-01,3.78
MEAS-58a863b0,IND-d12b29c3,PROG-f5f07ba4,,Kisumu,Vocational,2025-10-01,2025-10-31,15.58
MEAS-8d3ce8b0,IND-d12b29c3,PROG-f5f07ba4,,Kisumu,Vocational,2025-11-01,2025-12-01,17.27
MEAS-66470b87,IND-d12b29c3,PROG-f5f07ba4,,Kisumu,Vocational,2025-12-01,2025-12-31,-0.67
MEAS-1365bac3,IND-d12b29c3,PROG-f5f07ba4,,Kisumu,Vocational,2026-03-01,2026-03-31,10.86
MEAS-af35ad15,IND-d12b29c3,PROG-f5f07ba4,,Kisumu,Vocational,2026-05-01,2026-05-31,14.29
MEAS-73bb9bf8,IND-d12b29c3,PROG-f5f07ba4,,Kisumu,Vocational,2026-06-01,2026-07-01,14.86
MEAS-13b5972c,IND-d12b29c3,PROG-f5f07ba4,,Kisumu,Vocational,2026-07-01,2026-07-31,-1.46
MEAS-b10c3553,IND-d12b29c3,PROG-f5f07ba4,,Kisumu,Vocational,2026-08-01,2026-08-31,8.83
MEAS-52ba444b,IND-d12b29c3,PROG-4b1a75a8,,Kisumu,Vocational,2025-10-01,2025-10-31,9.55
MEAS-4dd801f2,IND-d12b29c3,PROG-4b1a75a8,,Kisumu,Vocational,2025-12-01,2025-12-31,5.71
MEAS-ff1f0bf1,IND-d12b29c3,PROG-4b1a75a8,,Kisumu,Vocational,2026-03-01,2026-03-31,7.82
MEAS-c9bb531c,IND-d12b29c3,PROG-4b1a75a8,,Kisumu,Vocational,2026-04-01,2026-05-01,6.2
MEAS-c03290b8,IND-d12b29c3,PROG-4b1a75a8,,Kisumu,Vocational,2026-07-01,2026-07-31,13.28
MEAS-47dfc9ac,IND-d12b29c3,PROG-4b1a75a8,,Kisumu,Vocational,2026-08-01,2026-08-31,6.31
MEAS-9eeb304f,IND-d12b29c3,,,Nairobi,,2025-10-01,2025-10-31,9.31
MEAS-c0b2b9af,IND-d12b29c3,,,Nairobi,,2025-11-01,2025-12-01,10.68
MEAS-8422e180,IND-d12b29c3,,,Nairobi,,2025-12-01,2025-12-31,6.41
MEAS-72321da4,IND-d12b29c3,,,Nairobi,,2026-01-01,2026-01-31,-0.66
MEAS-8e455201,IND-d12b29c3,,,Nairobi,,2026-02-01,2026-03-03,-3.96
MEAS-24f2fea3,IND-d12b29c3,,,Nairobi,,2026-04-01,2026-05-01,6.48
MEAS-24b6b37f,IND-d12b29c3,,,Nairobi,,2026-07-01,2026-07-31,11.42
MEAS-9cf49e11,IND-d12b29c3,,,Nairobi,,2026-08-01,2026-08-31,11.94
MEAS-46053cfc,IND-d12b29c3,,,Mombasa,,2025-12-01,2025-12-31,6.27
MEAS-405a64a9,IND-d12b29c3,,,Mombasa,,2026-01-01,2026-01-31,8.2
MEAS-c3cad6cf,IND-d12b29c3,,,Mombasa,,2026-02-01,2026-03-03,4.09
MEAS-4be77207,IND-d12b29c3,,,Mombasa,,2026-03-01,2026-03-31,-3.55
MEAS-f0cdd8e4,IND-d12b29c3,,,Mombasa,,2026-04-01,2026-05-01,14.78
MEAS-38724fac,IND-d12b29c3,,,Mombasa,,2026-07-01,2026-07-31,6.91
MEAS-d3f84c94,IND-d12b29c3,,,Nakuru,,2025-09-01,2025-10-01,8.8
MEAS-ef0ea5d7,IND-d12b29c3,,,Nakuru,,2025-12-01,2025-12-31,9.89
MEAS-ea649a42,IND-d12b29c3,,,Nakuru,,2026-03-01,2026-03-31,4.98
MEAS-6fba69bd,IND-d12b29c3,,,Nakuru,,2026-04-01,2026-05-01,6.59
MEAS-13923c5d,IND-d12b29c3,,,Nakuru,,2026-05-01,2026-05-31,4.07
MEAS-c3494904,IND-d12b29c3,,,Nakuru,,2026-06-01,2026-07-01,9.84
MEAS-a9aed414,IND-d12b29c3,,,Nakuru,,2026-08-01,2026-08-31,3.46
MEAS-3025ef8c,IND-d12b29c3,,,Kisumu,,2025-09-01,2025-10-01,-6.16
MEAS-1d681287,IND-d12b29c3,,,Kisumu,,2025-10-01,2025-10-31,9.41
MEAS-c641e174,IND-d12b29c3,,,Kisumu,,2025-11-01,2025-12-01,1.73
MEAS-b93b120e,IND-d12b29c3,,,Kisumu,,2025-12-01,2025-12-31,9.03
MEAS-4918575e,IND-d12b29c3,,,Kisumu,,2026-01-01,2026-01-31,5.44
MEAS-59f00a3b,IND-d12b29c3,,,Kisumu,,2026-02-01,2026-03-03,2.56
MEAS-c69cd199,IND-d12b29c3,,,Kisumu,,2026-04-01,2026-05-01,4.4
MEAS-03a03439,IND-d12b29c3,,,Kisumu,,2026-05-01,2026-05-31,7.44
MEAS-ccfc6f5b,IND-d12b29c3,,,Kisumu,,2026-07-01,2026-07-31,20.51
MEAS-786b3c72,IND-d12b29c3,,,Eldoret,,2025-11-01,2025-12-01,11.58
MEAS-19deed95,IND-d12b29c3,,,Eldoret,,2026-02-01,2026-03-03,12.4
MEAS-32ddc382,IND-d12b29c3,,,Eldoret,,2026-05-01,2026-05-31,7.93
MEAS-95288ead,IND-d12b29c3,,,Eldoret,,2026-06-01,2026-07-01,9.52
MEAS-45b37d01,IND-d12b29c3,,,Eldoret,,2026-07-01,2026-07-31,5.28
MEAS-5943fd20,IND-d12b29c3,,,Eldoret,,2026-08-01,2026-08-31,5.73
MEAS-cfbaedd1,IND-d12b29c3,,,Kiambu,,2025-09-01,2025-10-01,4.15
MEAS-d9b0787d,IND-d12b29c3,,,Kiambu,,2025-12-01,2025-12-31,20.72
MEAS-a0edcd06,IND-d12b29c3,,,Kiambu,,2026-01-01,2026-01-31,10.73
MEAS-a02445f1,IND-d12b29c3,,,Kiambu,,2026-03-01,2026-03-31,5.47
MEAS-8a3053d6,IND-d12b29c3,,,Kiambu,,2026-04-01,2026-05-01,4.69
MEAS-04e2d002,IND-d12b29c3,,,Kiambu,,2026-05-01,2026-05-31,10.23
MEAS-86c230d4,IND-d12b29c3,,,Kiambu,,2026-06-01,2026-07-01,5.04
MEAS-283aaa88,IND-d12b29c3,,,Kiambu,,2026-07-01,2026-07-31,9.41
MEAS-b98fd0f8,IND-d12b29c3,,,Machakos,,2025-12-01,2025-12-31,-4.53
MEAS-2a1a4410,IND-d12b29c3,,,Machakos,,2026-01-01,2026-01-31,4.17
MEAS-067fef93,IND-d12b29c3,,,Machakos,,2026-02-01,2026-03-03,15.86
MEAS-91998a3a,IND-d12b29c3,,,Machakos,,2026-05-01,2026-05-31,3.75
MEAS-1c759159,IND-d12b29c3,,,Machakos,,2026-06-01,2026-07-01,12.31
MEAS-6b28eb98,IND-d12b29c3,,,Machakos,,2026-07-01,2026-07-31,9.32
MEAS-26cea1df,IND-d12b29c3,,,Machakos,,2026-08-01,2026-08-31,7.73
MEAS-1ac9cdf5,IND-d12b29c3,,,Kajiado,,2025-09-01,2025-10-01,9.58
MEAS-32ab89b4,IND-d12b29c3,,,Kajiado,,2025-11-01,2025-12-01,4.69
MEAS-c7449f05,IND-d12b29c3,,,Kajiado,,2025-12-01,2025-12-31,11.79
MEAS-363c1607,IND-d12b29c3,,,Kajiado,,2026-01-01,2026-01-31,11.04
MEAS-804d0f29,IND-d12b29c3,,,Kajiado,,2026-02-01,2026-03-03,2.01
MEAS-240d580d,IND-d12b29c3,,,Kajiado,,2026-03-01,2026-03-31,8.23
MEAS-16ea01bd,IND-d12b29c3,,,Kajiado,,2026-04-01,2026-05-01,5.63
MEAS-2ae52c50,IND-d12b29c3,,,Meru,,2025-10-01,2025-10-31,9.99
MEAS-2bbb583a,IND-d12b29c3,,,Meru,,2026-01-01,2026-01-31,9.15
MEAS-e2c0a5a0,IND-d12b29c3,,,Meru,,2026-03-01,2026-03-31,6.02
MEAS-7f49dcb4,IND-d12b29c3,,,Meru,,2026-06-01,2026-07-01,11.68
MEAS-ba82f150,IND-d12b29c3,,,Meru,,2026-08-01,2026-08-31,15.86
MEAS-8760636f,IND-d12b29c3,,,Nyeri,,2025-09-01,2025-10-01,9.18
MEAS-4df36206,IND-d12b29c3,,,Nyeri,,2025-10-01,2025-10-31,12.78
MEAS-773e9fcd,IND-d12b29c3,,,Nyeri,,2025-12-01,2025-12-31,-2.57
MEAS-06afbd04,IND-d12b29c3,,,Nyeri,,2026-01-01,2026-01-31,10.08
MEAS-a912f942,IND-d12b29c3,,,Nyeri,,2026-02-01,2026-03-03,8.01
MEAS-66442b68,IND-d12b29c3,,,Nyeri,,2026-03-01,2026-03-31,4.54
MEAS-00a8b6e5,IND-d12b29c3,,,Nyeri,,2026-04-01,2026-05-01,16.18
MEAS-afd23a54,IND-d12b29c3,,,Nyeri,,2026-06-01,2026-07-01,10.84
MEAS-837cd415,IND-d12b29c3,,,Kilifi,,2025-09-01,2025-10-01,12.35
MEAS-b1bbfa29,IND-d12b29c3,,,Kilifi,,2025-10-01,2025-10-31,9.76
MEAS-7d96d4e9,IND-d12b29c3,,,Kilifi,,2025-11-01,2025-12-01,15.78
MEAS-ed6f5426,IND-d12b29c3,,,Kilifi,,2026-04-01,2026-05-01,3.37
MEAS-758e9cf2,IND-d12b29c3,,,Kilifi,,2026-05-01,2026-05-31,2.84
MEAS-92796619,IND-d12b29c3,,,Kilifi,,2026-06-01,2026-07-01,13.6
MEAS-955822a2,IND-d12b29c3,,,Kakamega,,2025-10-01,2025-10-31,6.41
MEAS-adbe8f2d,IND-d12b29c3,,,Kakamega,,2025-11-01,2025-12-01,15.12
MEAS-ba53e209,IND-d12b29c3,,,Kakamega,,2025-12-01,2025-12-31,4.69
MEAS-ecf2e7a2,IND-d12b29c3,,,Kakamega,,2026-01-01,2026-01-31,11.56
MEAS-2e625da2,IND-d12b29c3,,,Kakamega,,2026-03-01,2026-03-31,8.63
MEAS-42073be5,IND-d12b29c3,,,Kakamega,,2026-04-01,2026-05-01,-1.81
MEAS-ae139c18,IND-d12b29c3,,,Kakamega,,2026-08-01,2026-08-31,15.84
MEAS-f86e6cba,IND-a69c48c2,,,Nairobi,,2025-09-01,2025-10-01,94.76
MEAS-677f0c87,IND-a69c48c2,,,Nairobi,,2025-10-01,2025-10-31,62.6
MEAS-7d08d558,IND-a69c48c2,,,Nairobi,,2025-11-01,2025-12-01,65.58
MEAS-e0e12e0b,IND-a69c48c2,,,Nairobi,,2025-12-01,2025-12-31,52.76
MEAS-2672d735,IND-a69c48c2,,,Nairobi,,2026-01-01,2026-01-31,53.6
MEAS-a9ba61a7,IND-a69c48c2,,,Nairobi,,2026-04-01,2026-05-01,53.17
MEAS-c7e6eef6,IND-a69c48c2,,,Nairobi,,2026-08-01,2026-08-31,72.56
MEAS-43d9f3ef,IND-a69c48c2,,,Mombasa,,2025-09-01,2025-10-01,63.05
MEAS-85461578,IND-a69c48c2,,,Mombasa,,2025-10-01,2025-10-31,78.88
MEAS-00ff98d9,IND-a69c48c2,,,Mombasa,,2025-11-01,2025-12-01,81.04
MEAS-62dccf9f,IND-a69c48c2,,,Mombasa,,2025-12-01,2025-12-31,87.18
MEAS-4a02ba4a,IND-a69c48c2,,,Mombasa,,2026-01-01,2026-01-31,68.48
MEAS-74ceaf7e,IND-a69c48c2,,,Mombasa,,2026-03-01,2026-03-31,48.06
MEAS-162c3570,IND-a69c48c2,,,Mombasa,,2026-05-01,2026-05-31,83.55
MEAS-f4202a40,IND-a69c48c2,,,Mombasa,,2026-06-01,2026-07-01,69.2
MEAS-7ca10808,IND-a69c48c2,,,Mombasa,,2026-07-01,2026-07-31,58.62
MEAS-60d595c6,IND-a69c48c2,,,Nakuru,,2025-09-01,2025-10-01,62.62
MEAS-07f7eefb,IND-a69c48c2,,,Nakuru,,2026-02-01,2026-03-03,73.25
MEAS-a3a24c73,IND-a69c48c2,,,Nakuru,,2026-03-01,2026-03-31,45.08
MEAS-e20a8a47,IND-a69c48c2,,,Nakuru,,2026-04-01,2026-05-01,56.97
MEAS-8d334ec5,IND-a69c48c2,,,Nakuru,,2026-05-01,2026-05-31,85.94
MEAS-83ebff59,IND-a69c48c2,,,Nakuru,,2026-06-01,2026-07-01,72.24
MEAS-46814d29,IND-a69c48c2,,,Nakuru,,2026-08-01,2026-08-31,68.03
MEAS-a55fc9bc,IND-a69c48c2,,,Kisumu,,2025-11-01,2025-12-01,79.42
MEAS-ed420b74,IND-a69c48c2,,,Kisumu,,2025-12-01,2025-12-31,65.31
MEAS-21604617,IND-a69c48c2,,,Kisumu,,2026-02-01,2026-03-03,78.33
MEAS-43d49e65,IND-a69c48c2,,,Kisumu,,2026-03-01,2026-03-31,64.56
MEAS-b632e3eb,IND-a69c48c2,,,Kisumu,,2026-04-01,2026-05-01,70.23
MEAS-a33363f9,IND-a69c48c2,,,Kisumu,,2026-05-01,2026-05-31,89.66
MEAS-3cc4c2f8,IND-a69c48c2,,,Kisumu,,2026-06-01,2026-07-01,65.9
MEAS-e5e2751e,IND-a69c48c2,,,Kisumu,,2026-08-01,2026-08-31,74.82
MEAS-26537a4a,IND-a69c48c2,,,Eldoret,,2025-10-01,2025-10-31,68.41
MEAS-8ffd5fd3,IND-a69c48c2,,,Eldoret,,2025-11-01,2025-12-01,81.93
MEAS-3ffab9d4,IND-a69c48c2,,,Eldoret,,2026-01-01,2026-01-31,64.3
MEAS-19cdceee,IND-a69c48c2,,,Eldoret,,2026-02-01,2026-03-03,73.34
MEAS-1143b18a,IND-a69c48c2,,,Eldoret,,2026-04-01,2026-05-01,57.08
MEAS-971d1672,IND-a69c48c2,,,Eldoret,,2026-05-01,2026-05-31,87.04
MEAS-65806e9f,IND-a69c48c2,,,Eldoret,,2026-06-01,2026-07-01,93.1
MEAS-295cb6b4,IND-a69c48c2,,,Eldoret,,2026-07-01,2026-07-31,73.22
MEAS-823fa968,IND-a69c48c2,,,Kiambu,,2025-09-01,2025-10-01,78.38
MEAS-01184a4b,IND-a69c48c2,,,Kiambu,,2026-01-01,2026-01-31,73.06
MEAS-5b9411be,IND-a69c48c2,,,Kiambu,,2026-02-01,2026-03-03,32.12
MEAS-05d30874,IND-a69c48c2,,,Kiambu,,2026-04-01,2026-05-01,86.86
MEAS-529cd88e,IND-a69c48c2,,,Kiambu,,2026-05-01,2026-05-31,53.38
MEAS-65876d5f,IND-a69c48c2,,,Kiambu,,2026-06-01,2026-07-01,61.52
MEAS-80e835a2,IND-a69c48c2,,,Kiambu,,2026-07-01,2026-07-31,65.01
MEAS-794a2fc2,IND-a69c48c2,,,Kiambu,,2026-08-01,2026-08-31,80.52
MEAS-7a4e0675,IND-a69c48c2,,,Machakos,,2026-01-01,2026-01-31,69.42
MEAS-015911e1,IND-a69c48c2,,,Machakos,,2026-02-01,2026-03-03,67.21
MEAS-eba11117,IND-a69c48c2,,,Machakos,,2026-03-01,2026-03-31,71.38
MEAS-bd0bb9ae,IND-a69c48c2,,,Machakos,,2026-04-01,2026-05-01,87.96
MEAS-cc44e93b,IND-a69c48c2,,,Machakos,,2026-05-01,2026-05-31,74.49
MEAS-53b4cab3,IND-a69c48c2,,,Machakos,,2026-06-01,2026-07-01,81.28
MEAS-cfc919b2,IND-a69c48c2,,,Machakos,,2026-07-01,2026-07-31,77.96
MEAS-d1113b26,IND-a69c48c2,,,Kajiado,,2025-09-01,2025-10-01,77.36
MEAS-e4b409a1,IND-a69c48c2,,,Kajiado,,2025-11-01,2025-12-01,83.57
MEAS-ba0cca58,IND-a69c48c2,,,Kajiado,,2026-02-01,2026-03-03,56.16
MEAS-013000f6,IND-a69c48c2,,,Kajiado,,2026-04-01,2026-05-01,93.07
MEAS-bac206d6,IND-a69c48c2,,,Kajiado,,2026-08-01,2026-08-31,53.11
MEAS-39da85a5,IND-a69c48c2,,,Meru,,2025-09-01,2025-10-01,80.36
MEAS-94f87c4b,IND-a69c48c2,,,Meru,,2025-10-01,2025-10-31,61.52
MEAS-05176c87,IND-a69c48c2,,,Meru,,2025-11-01,2025-12-01,82.96
MEAS-afa82f14,IND-a69c48c2,,,Meru,,2025-12-01,2025-12-31,64.31
MEAS-f7dd8ee0,IND-a69c48c2,,,Meru,,2026-02-01,2026-03-03,90.43
MEAS-962f490d,IND-a69c48c2,,,Meru,,2026-04-01,2026-05-01,68.6
MEAS-10c05940,IND-a69c48c2,,,Meru,,2026-05-01,2026-05-31,70.75
MEAS-7c473b5a,IND-a69c48c2,,,Meru,,2026-07-01,2026-07-31,73.27
MEAS-ff7c0be9,IND-a69c48c2,,,Nyeri,,2025-10-01,2025-10-31,86.79
MEAS-8980862e,IND-a69c48c2,,,Nyeri,,2025-11-01,2025-12-01,51.66
MEAS-f06dad55,IND-a69c48c2,,,Nyeri,,2025-12-01,2025-12-31,92.23
MEAS-dfece0d4,IND-a69c48c2,,,Nyeri,,2026-01-01,2026-01-31,89.46
MEAS-936a72a9,IND-a69c48c2,,,Nyeri,,2026-02-01,2026-03-03,59.19
MEAS-aeecba23,IND-a69c48c2,,,Nyeri,,2026-04-01,2026-05-01,77.09
MEAS-5794f9c7,IND-a69c48c2,,,Nyeri,,2026-05-01,2026-05-31,73.78
MEAS-6d40090d,IND-a69c48c2,,,Nyeri,,2026-06-01,2026-07-01,72.18
MEAS-81d70de6,IND-a69c48c2,,,Nyeri,,2026-07-01,2026-07-31,64.86
MEAS-8bdc1ad5,IND-a69c48c2,,,Nyeri,,2026-08-01,2026-08-31,60.84
MEAS-4208c135,IND-a69c48c2,,,Kilifi,,2025-11-01,2025-12-01,62.15
MEAS-b9e1242f,IND-a69c48c2,,,Kilifi,,2026-01-01,2026-01-31,71.88
MEAS-381cd275,IND-a69c48c2,,,Kilifi,,2026-02-01,2026-03-03,81.67
MEAS-f0946c34,IND-a69c48c2,,,Kilifi,,2026-03-01,2026-03-31,73.53
MEAS-ba98ee46,IND-a69c48c2,,,Kilifi,,2026-05-01,2026-05-31,78.19
MEAS-a076495e,IND-a69c48c2,,,Kilifi,,2026-06-01,2026-07-01,45.82
MEAS-e02cb9fc,IND-a69c48c2,,,Kilifi,,2026-07-01,2026-07-31,86.08
MEAS-0b4780ce,IND-a69c48c2,,,Kakamega,,2025-09-01,2025-10-01,78.23
MEAS-b4fdf373,IND-a69c48c2,,,Kakamega,,2025-11-01,2025-12-01,72.4
MEAS-a1ac444a,IND-a69c48c2,,,Kakamega,,2025-12-01,2025-12-31,73.01
MEAS-e644d219,IND-a69c48c2,,,Kakamega,,2026-03-01,2026-03-31,75.74
MEAS-9333f6ce,IND-a69c48c2,,,Kakamega,,2026-04-01,2026-05-01,69.09
MEAS-a3c9fc25,IND-a69c48c2,,,Kakamega,,2026-06-01,2026-07-01,58.21
MEAS-7772888b,IND-a69c48c2,,,Kakamega,,2026-08-01,2026-08-31,71.3
MEAS-91fec13d,IND-53cb4197,PROG-c63f7e98,,Eldoret,Scholarship,2025-10-01,2025-10-31,68.58
MEAS-3a39bfd6,IND-53cb4197,PROG-c63f7e98,,Eldoret,Scholarship,2025-11-01,2025-12-01,77.19
MEAS-c195b9d0,IND-53cb4197,PROG-c63f7e98,,Eldoret,Scholarship,2025-12-01,2025-12-31,71.7
MEAS-eba90bae,IND-53cb4197,PROG-c63f7e98,,Eldoret,Scholarship,2026-03-01,2026-03-31,64.79
MEAS-f08b735e,IND-53cb4197,PROG-c63f7e98,,Eldoret,Scholarship,2026-04-01,2026-05-01,94.91
MEAS-12122d4a,IND-53cb4197,PROG-c63f7e98,,Eldoret,Scholarship,2026-06-01,2026-07-01,80.1
MEAS-85fb85e0,IND-53cb4197,PROG-c63f7e98,,Eldoret,Scholarship,2026-08-01,2026-08-31,69.69
MEAS-b5275738,IND-53cb4197,PROG-54050097,,Meru,Plus,2025-09-01,2025-10-01,86.63
MEAS-3f372925,IND-53cb4197,PROG-54050097,,Meru,Plus,2025-10-01,2025-10-31,68.77
MEAS-5bfc8039,IND-53cb4197,PROG-54050097,,Meru,Plus,2025-11-01,2025-12-01,66.66
MEAS-d567b6af,IND-53cb4197,PROG-54050097,,Meru,Plus,2025-12-01,2025-12-31,76.31
MEAS-d1ece5e4,IND-53cb4197,PROG-54050097,,Meru,Plus,2026-03-01,2026-03-31,76.05
MEAS-b2b4f2eb,IND-53cb4197,PROG-54050097,,Meru,Plus,2026-04-01,2026-05-01,72.36
MEAS-6e353ddd,IND-53cb4197,PROG-54050097,,Meru,Plus,2026-07-01,2026-07-31,83.78
MEAS-639a84e7,IND-53cb4197,PROG-d08e679f,,Kisumu,Plus,2025-10-01,2025-10-31,69.73
MEAS-bca3cb5f,IND-53cb4197,PROG-d08e679f,,Kisumu,Plus,2025-11-01,2025-12-01,66.56
MEAS-e67d41cf,IND-53cb4197,PROG-d08e679f,,Kisumu,Plus,2025-12-01,2025-12-31,76.27
MEAS-41d92f62,IND-53cb4197,PROG-d08e679f,,Kisumu,Plus,2026-02-01,2026-03-03,86.7
MEAS-354a34a7,IND-53cb4197,PROG-d08e679f,,Kisumu,Plus,2026-05-01,2026-05-31,77.87
MEAS-eb44dff1,IND-53cb4197,PROG-d08e679f,,Kisumu,Plus,2026-06-01,2026-07-01,83.68
MEAS-a54016f4,IND-53cb4197,PROG-d08e679f,,Kisumu,Plus,2026-07-01,2026-07-31,69.41
MEAS-cbbab051,IND-53cb4197,PROG-d08e679f,,Kisumu,Plus,2026-08-01,2026-08-31,74.42
MEAS-85b98786,IND-53cb4197,PROG-990634d9,,Meru,Tech,2025-09-01,2025-10-01,53.08
MEAS-9c169619,IND-53cb4197,PROG-990634d9,,Meru,Tech,2025-10-01,2025-10-31,66.72
MEAS-bdf485d1,IND-53cb4197,PROG-990634d9,,Meru,Tech,2025-11-01,2025-12-01,87.47
MEAS-696bdcc4,IND-53cb4197,PROG-990634d9,,Meru,Tech,2025-12-01,2025-12-31,78.75
MEAS-4667b314,IND-53cb4197,PROG-990634d9,,Meru,Tech,2026-01-01,2026-01-31,62.27
MEAS-483411dc,IND-53cb4197,PROG-990634d9,,Meru,Tech,2026-03-01,2026-03-31,81.04
MEAS-48014110,IND-53cb4197,PROG-990634d9,,Meru,Tech,2026-05-01,2026-05-31,70.2
MEAS-94d017d3,IND-53cb4197,PROG-bf6f2447,,Nakuru,Scholarship,2025-09-01,2025-10-01,64.3
MEAS-19c17122,IND-53cb4197,PROG-bf6f2447,,Nakuru,Scholarship,2025-10-01,2025-10-31,88.22
MEAS-eb8b9f70,IND-53cb4197,PROG-bf6f2447,,Nakuru,Scholarship,2025-11-01,2025-12-01,47.06
MEAS-cf3a28d7,IND-53cb4197,PROG-bf6f2447,,Nakuru,Scholarship,2025-12-01,2025-12-31,69.92
MEAS-66e07d8a,IND-53cb4197,PROG-bf6f2447,,Nakuru,Scholarship,2026-03-01,2026-03-31,69.91
MEAS-fa4c682f,IND-53cb4197,PROG-bf6f2447,,Nakuru,Scholarship,2026-04-01,2026-05-01,66.97
MEAS-77edcc6b,IND-53cb4197,PROG-bf6f2447,,Nakuru,Scholarship,2026-05-01,2026-05-31,59.67
MEAS-16170033,IND-53cb4197,PROG-bf6f2447,,Nakuru,Scholarship,2026-08-01,2026-08-31,57.2
MEAS-3f0f7148,IND-53cb4197,PROG-de40b141,,Kajiado,Plus,2025-09-01,2025-10-01,65.81
MEAS-5414f604,IND-53cb4197,PROG-de40b141,,Kajiado,Plus,2025-10-01,2025-10-31,77.79
MEAS-45ea086f,IND-53cb4197,PROG-de40b141,,Kajiado,Plus,2026-03-01,2026-03-31,42.69
MEAS-be93362f,IND-53cb4197,PROG-de40b141,,Kajiado,Plus,2026-05-01,2026-05-31,79.34
MEAS-c4574172,IND-53cb4197,PROG-de40b141,,Kajiado,Plus,2026-06-01,2026-07-01,72.8
MEAS-0d07efbc,IND-53cb4197,PROG-77574714,,Kakamega,Scholarship,2025-09-01,2025-10-01,80.97
MEAS-3d3fb087,IND-53cb4197,PROG-77574714,,Kakamega,Scholarship,2025-10-01,2025-10-31,88.6
MEAS-f206e697,IND-53cb4197,PROG-77574714,,Kakamega,Scholarship,2025-11-01,2025-12-01,80.8
MEAS-43bdf13d,IND-53cb4197,PROG-77574714,,Kakamega,Scholarship,2025-12-01,2025-12-31,69.14
MEAS-4c75e3b8,IND-53cb4197,PROG-77574714,,Kakamega,Scholarship,2026-02-01,2026-03-03,72.01
MEAS-483a21f2,IND-53cb4197,PROG-77574714,,Kakamega,Scholarship,2026-05-01,2026-05-31,65.36
MEAS-492bf2b1,IND-53cb4197,PROG-77574714,,Kakamega,Scholarship,2026-06-01,2026-07-01,55.28
MEAS-4b8a43cd,IND-53cb4197,PROG-77574714,,Kakamega,Scholarship,2026-08-01,2026-08-31,67.48
MEAS-5edd111e,IND-53cb4197,PROG-4132bd2d,,Kajiado,Plus,2026-01-01,2026-01-31,53.38
MEAS-5028ceda,IND-53cb4197,PROG-4132bd2d,,Kajiado,Plus,2026-02-01,2026-03-03,84.58
MEAS-ed747015,IND-53cb4197,PROG-4132bd2d,,Kajiado,Plus,2026-03-01,2026-03-31,69.36
MEAS-67d4fa90,IND-53cb4197,PROG-4132bd2d,,Kajiado,Plus,2026-05-01,2026-05-31,57.34
MEAS-f83d5512,IND-53cb4197,PROG-4132bd2d,,Kajiado,Plus,2026-07-01,2026-07-31,84.66
MEAS-fbc27554,IND-53cb4197,PROG-8b682305,,Nyeri,Scholarship,2025-09-01,2025-10-01,77.18
MEAS-f76da315,IND-53cb4197,PROG-8b682305,,Nyeri,Scholarship,2025-10-01,2025-10-31,68.52
MEAS-b87e48f1,IND-53cb4197,PROG-8b682305,,Nyeri,Scholarship,2025-11-01,2025-12-01,90.38
MEAS-6ec66d03,IND-53cb4197,PROG-8b682305,,Nyeri,Scholarship,2025-12-01,2025-12-31,74.57
MEAS-bd6aed35,IND-53cb4197,PROG-8b682305,,Nyeri,Scholarship,2026-01-01,2026-01-31,80.82
MEAS-2536a1dc,IND-53cb4197,PROG-8b682305,,Nyeri,Scholarship,2026-03-01,2026-03-31,57.87
MEAS-3f967f15,IND-53cb4197,PROG-8b682305,,Nyeri,Scholarship,2026-05-01,2026-05-31,66.64
MEAS-c1f2cfd6,IND-53cb4197,PROG-8b682305,,Nyeri,Scholarship,2026-07-01,2026-07-31,75.94
MEAS-db14da7f,IND-53cb4197,PROG-8b682305,,Nyeri,Scholarship,2026-08-01,2026-08-31,67.8
MEAS-50c7194f,IND-53cb4197,PROG-0c478853,,Nairobi,Scholarship,2025-09-01,2025-10-01,84.36
MEAS-c7649821,IND-53cb4197,PROG-0c478853,,Nairobi,Scholarship,2025-11-01,2025-12-01,78.61
MEAS-1aa69064,IND-53cb4197,PROG-0c478853,,Nairobi,Scholarship,2025-12-01,2025-12-31,64.97
MEAS-13248264,IND-53cb4197,PROG-0c478853,,Nairobi,Scholarship,2026-02-01,2026-03-03,77.58
MEAS-ea410578,IND-53cb4197,PROG-0c478853,,Nairobi,Scholarship,2026-03-01,2026-03-31,77.15
MEAS-19c9d83c,IND-53cb4197,PROG-0c478853,,Nairobi,Scholarship,2026-05-01,2026-05-31,67.35
MEAS-1bba686a,IND-53cb4197,PROG-0c478853,,Nairobi,Scholarship,2026-06-01,2026-07-01,63.82
MEAS-f49a5c07,IND-53cb4197,PROG-0c478853,,Nairobi,Scholarship,2026-07-01,2026-07-31,73.86
MEAS-ba9c4594,IND-53cb4197,PROG-0c478853,,Nairobi,Scholarship,2026-08-01,2026-08-31,65.23
MEAS-162831b6,IND-53cb4197,PROG-68d428ee,,Kilifi,Vocational,2025-09-01,2025-10-01,76.18
MEAS-f33df3ec,IND-53cb4197,PROG-68d428ee,,Kilifi,Vocational,2025-10-01,2025-10-31,47.34
MEAS-049ae7c3,IND-53cb4197,PROG-68d428ee,,Kilifi,Vocational,2025-12-01,2025-12-31,57.01
MEAS-c6c172e9,IND-53cb4197,PROG-68d428ee,,Kilifi,Vocational,2026-01-01,2026-01-31,81.17
MEAS-3a3fbea3,IND-53cb4197,PROG-68d428ee,,Kilifi,Vocational,2026-02-01,2026-03-03,93.69
MEAS-abb2d805,IND-53cb4197,PROG-68d428ee,,Kilifi,Vocational,2026-03-01,2026-03-31,57.74
MEAS-c3447346,IND-53cb4197,PROG-68d428ee,,Kilifi,Vocational,2026-04-01,2026-05-01,70.32
MEAS-1e1a782c,IND-53cb4197,PROG-68d428ee,,Kilifi,Vocational,2026-05-01,2026-05-31,58.06
MEAS-7b2127f0,IND-53cb4197,PROG-68d428ee,,Kilifi,Vocational,2026-06-01,2026-07-01,85.86
MEAS-46f717a5,IND-53cb4197,PROG-68d428ee,,Kilifi,Vocational,2026-07-01,2026-07-31,96.12
MEAS-46cf2b91,IND-53cb4197,PROG-3efe6266,,Kiambu,Tech,2025-09-01,2025-10-01,85.24
MEAS-bc2cfa77,IND-53cb4197,PROG-3efe6266,,Kiambu,Tech,2025-10-01,2025-10-31,64.3
MEAS-e0861dbb,IND-53cb4197,PROG-3efe6266,,Kiambu,Tech,2025-11-01,2025-12-01,79.05
MEAS-102c5812,IND-53cb4197,PROG-3efe6266,,Kiambu,Tech,2026-01-01,2026-01-31,55.9
MEAS-60a34c83,IND-53cb4197,PROG-3efe6266,,Kiambu,Tech,2026-03-01,2026-03-31,62.83
MEAS-15ad89db,IND-53cb4197,PROG-3efe6266,,Kiambu,Tech,2026-04-01,2026-05-01,74.31
MEAS-6cef63b9,IND-53cb4197,PROG-3efe6266,,Kiambu,Tech,2026-06-01,2026-07-01,78.0
MEAS-77c6f9a1,IND-53cb4197,PROG-2f07ec2b,,Nakuru,Scholarship,2025-10-01,2025-10-31,77.12
MEAS-31234bfc,IND-53cb4197,PROG-2f07ec2b,,Nakuru,Scholarship,2025-11-01,2025-12-01,62.71
MEAS-2cf78540,IND-53cb4197,PROG-2f07ec2b,,Nakuru,Scholarship,2026-01-01,2026-01-31,77.82
MEAS-6ba29818,IND-53cb4197,PROG-2f07ec2b,,Nakuru,Scholarship,2026-03-01,2026-03-31,80.59
MEAS-3e79c80c,IND-53cb4197,PROG-2f07ec2b,,Nakuru,Scholarship,2026-04-01,2026-05-01,81.39
MEAS-1b011baa,IND-53cb4197,PROG-2f07ec2b,,Nakuru,Scholarship,2026-05-01,2026-05-31,72.34
MEAS-a198e3c1,IND-53cb4197,PROG-2f07ec2b,,Nakuru,Scholarship,2026-06-01,2026-07-01,72.93
MEAS-7aa07ad7,IND-53cb4197,PROG-2f07ec2b,,Nakuru,Scholarship,2026-07-01,2026-07-31,84.77
MEAS-0ccf1c0e,IND-53cb4197,PROG-2f07ec2b,,Nakuru,Scholarship,2026-08-01,2026-08-31,47.85
MEAS-7661003d,IND-53cb4197,PROG-37d82bff,,Eldoret,Plus,2025-09-01,2025-10-01,79.42
MEAS-e1ca917f,IND-53cb4197,PROG-37d82bff,,Eldoret,Plus,2025-10-01,2025-10-31,82.56
MEAS-588b67e6,IND-53cb4197,PROG-37d82bff,,Eldoret,Plus,2025-11-01,2025-12-01,81.8
MEAS-7979dd12,IND-53cb4197,PROG-37d82bff,,Eldoret,Plus,2025-12-01,2025-12-31,67.84
MEAS-cfb99893,IND-53cb4197,PROG-37d82bff,,Eldoret,Plus,2026-02-01,2026-03-03,84.13
MEAS-a27345b1,IND-53cb4197,PROG-37d82bff,,Eldoret,Plus,2026-03-01,2026-03-31,65.41
MEAS-5e2544c6,IND-53cb4197,PROG-37d82bff,,Eldoret,Plus,2026-05-01,2026-05-31,77.21
MEAS-7a54012b,IND-53cb4197,PROG-37d82bff,,Eldoret,Plus,2026-07-01,2026-07-31,84.33
MEAS-96347d95,IND-53cb4197,PROG-37d82bff,,Eldoret,Plus,2026-08-01,2026-08-31,65.17
MEAS-92c4b75f,IND-53cb4197,PROG-b9945a45,,Kakamega,Vocational,2025-09-01,2025-10-01,66.76
MEAS-1b5d990f,IND-53cb4197,PROG-b9945a45,,Kakamega,Vocational,2025-12-01,2025-12-31,54.58
MEAS-c1e5443c,IND-53cb4197,PROG-b9945a45,,Kakamega,Vocational,2026-01-01,2026-01-31,85.0
MEAS-96d1dbe5,IND-53cb4197,PROG-b9945a45,,Kakamega,Vocational,2026-02-01,2026-03-03,73.64
MEAS-5f284085,IND-53cb4197,PROG-b9945a45,,Kakamega,Vocational,2026-03-01,2026-03-31,74.76
MEAS-61f4c7df,IND-53cb4197,PROG-b9945a45,,Kakamega,Vocational,2026-04-01,2026-05-01,61.31
MEAS-1570891c,IND-53cb4197,PROG-b9945a45,,Kakamega,Vocational,2026-05-01,2026-05-31,87.54
MEAS-19e1c339,IND-53cb4197,PROG-b9945a45,,Kakamega,Vocational,2026-06-01,2026-07-01,74.33
MEAS-3ec971fe,IND-53cb4197,PROG-b9945a45,,Kakamega,Vocational,2026-07-01,2026-07-31,70.45
MEAS-77ecbaaf,IND-53cb4197,PROG-b9945a45,,Kakamega,Vocational,2026-08-01,2026-08-31,62.62
MEAS-f19a619c,IND-53cb4197,PROG-915b15d8,,Kisumu,Tech,2025-09-01,2025-10-01,61.86
MEAS-56298cda,IND-53cb4197,PROG-915b15d8,,Kisumu,Tech,2025-10-01,2025-10-31,60.38
MEAS-1c7adf38,IND-53cb4197,PROG-915b15d8,,Kisumu,Tech,2026-01-01,2026-01-31,83.84
MEAS-ba203867,IND-53cb4197,PROG-915b15d8,,Kisumu,Tech,2026-03-01,2026-03-31,82.77
MEAS-893865ec,IND-53cb4197,PROG-915b15d8,,Kisumu,Tech,2026-05-01,2026-05-31,86.98
MEAS-31e8c5c6,IND-53cb4197,PROG-915b15d8,,Kisumu,Tech,2026-06-01,2026-07-01,84.81
MEAS-a29000ed,IND-53cb4197,PROG-915b15d8,,Kisumu,Tech,2026-07-01,2026-07-31,61.89
MEAS-d9d0aaba,IND-53cb4197,PROG-915b15d8,,Kisumu,Tech,2026-08-01,2026-08-31,83.08
MEAS-fa297563,IND-53cb4197,PROG-9fe90568,,Kiambu,Vocational,2025-11-01,2025-12-01,57.31
MEAS-fcc65b3d,IND-53cb4197,PROG-9fe90568,,Kiambu,Vocational,2025-12-01,2025-12-31,80.66
MEAS-c46de686,IND-53cb4197,PROG-9fe90568,,Kiambu,Vocational,2026-01-01,2026-01-31,81.13
MEAS-f6cad582,IND-53cb4197,PROG-9fe90568,,Kiambu,Vocational,2026-02-01,2026-03-03,83.79
MEAS-1c37a83a,IND-53cb4197,PROG-9fe90568,,Kiambu,Vocational,2026-04-01,2026-05-01,74.62
MEAS-c39e895e,IND-53cb4197,PROG-9fe90568,,Kiambu,Vocational,2026-05-01,2026-05-31,60.12
MEAS-b1abe206,IND-53cb4197,PROG-9fe90568,,Kiambu,Vocational,2026-06-01,2026-07-01,71.14
MEAS-4420479b,IND-53cb4197,PROG-b8035b07,,Kilifi,Scholarship,2025-11-01,2025-12-01,73.97
MEAS-4e27d978,IND-53cb4197,PROG-b8035b07,,Kilifi,Scholarship,2025-12-01,2025-12-31,72.49
MEAS-062cd780,IND-53cb4197,PROG-b8035b07,,Kilifi,Scholarship,2026-01-01,2026-01-31,57.88
MEAS-0f4f4078,IND-53cb4197,PROG-b8035b07,,Kilifi,Scholarship,2026-03-01,2026-03-31,90.39
MEAS-c3bb2e44,IND-53cb4197,PROG-b8035b07,,Kilifi,Scholarship,2026-05-01,2026-05-31,43.49
MEAS-7570cf7f,IND-53cb4197,PROG-b8035b07,,Kilifi,Scholarship,2026-08-01,2026-08-31,60.67
MEAS-dd03405b,IND-53cb4197,PROG-0e8639f5,,Kiambu,Tech,2025-10-01,2025-10-31,90.0
MEAS-79e06a38,IND-53cb4197,PROG-0e8639f5,,Kiambu,Tech,2025-11-01,2025-12-01,62.55
MEAS-53789263,IND-53cb4197,PROG-0e8639f5,,Kiambu,Tech,2025-12-01,2025-12-31,65.43
MEAS-542dfc28,IND-53cb4197,PROG-0e8639f5,,Kiambu,Tech,2026-01-01,2026-01-31,76.61
MEAS-eb29f02e,IND-53cb4197,PROG-0e8639f5,,Kiambu,Tech,2026-02-01,2026-03-03,92.51
MEAS-188e7fbc,IND-53cb4197,PROG-0e8639f5,,Kiambu,Tech,2026-06-01,2026-07-01,98.49
MEAS-e615e09a,IND-53cb4197,PROG-0e8639f5,,Kiambu,Tech,2026-07-01,2026-07-31,71.48
MEAS-e1887c62,IND-53cb4197,PROG-0e8639f5,,Kiambu,Tech,2026-08-01,2026-08-31,69.85
MEAS-875b0bc3,IND-53cb4197,PROG-a0e0d78d,,Nyeri,Plus,2025-09-01,2025-10-01,71.84
MEAS-26799b6f,IND-53cb4197,PROG-a0e0d78d,,Nyeri,Plus,2025-10-01,2025-10-31,78.94
MEAS-d3086ea0,IND-53cb4197,PROG-a0e0d78d,,Nyeri,Plus,2025-11-01,2025-12-01,71.59
MEAS-9542b936,IND-53cb4197,PROG-a0e0d78d,,Nyeri,Plus,2026-02-01,2026-03-03,65.07
MEAS-d1c83b17,IND-53cb4197,PROG-a0e0d78d,,Nyeri,Plus,2026-03-01,2026-03-31,70.89
MEAS-72cd4c02,IND-53cb4197,PROG-a0e0d78d,,Nyeri,Plus,2026-04-01,2026-05-01,60.84
MEAS-d5b51b51,IND-53cb4197,PROG-a0e0d78d,,Nyeri,Plus,2026-05-01,2026-05-31,100.0
MEAS-9968fc26,IND-53cb4197,PROG-a0e0d78d,,Nyeri,Plus,2026-06-01,2026-07-01,47.65
MEAS-18a9e13a,IND-53cb4197,PROG-a0e0d78d,,Nyeri,Plus,2026-07-01,2026-07-31,83.36
MEAS-3e2f385c,IND-53cb4197,PROG-ae147777,,Kilifi,Plus,2025-09-01,2025-10-01,75.64
MEAS-7f5123d8,IND-53cb4197,PROG-ae147777,,Kilifi,Plus,2025-12-01,2025-12-31,75.63
MEAS-4979f941,IND-53cb4197,PROG-ae147777,,Kilifi,Plus,2026-01-01,2026-01-31,67.32
MEAS-faae4f36,IND-53cb4197,PROG-ae147777,,Kilifi,Plus,2026-02-01,2026-03-03,74.57
MEAS-4fd3ed34,IND-53cb4197,PROG-ae147777,,Kilifi,Plus,2026-04-01,2026-05-01,62.71
MEAS-fb7622e2,IND-53cb4197,PROG-ae147777,,Kilifi,Plus,2026-05-01,2026-05-31,74.01
MEAS-7c51820b,IND-53cb4197,PROG-ae147777,,Kilifi,Plus,2026-06-01,2026-07-01,87.22
MEAS-0930a64d,IND-53cb4197,PROG-ae147777,,Kilifi,Plus,2026-07-01,2026-07-31,65.7
MEAS-1a2f8e88,IND-53cb4197,PROG-f051b9cf,,Kilifi,Plus,2025-09-01,2025-10-01,69.43
MEAS-1b786ee8,IND-53cb4197,PROG-f051b9cf,,Kilifi,Plus,2025-11-01,2025-12-01,64.42
MEAS-51269d55,IND-53cb4197,PROG-f051b9cf,,Kilifi,Plus,2025-12-01,2025-12-31,59.87
MEAS-16bcc0cb,IND-53cb4197,PROG-f051b9cf,,Kilifi,Plus,2026-01-01,2026-01-31,54.72
MEAS-5ab168c9,IND-53cb4197,PROG-f051b9cf,,Kilifi,Plus,2026-02-01,2026-03-03,63.75
MEAS-e4098ed9,IND-53cb4197,PROG-f051b9cf,,Kilifi,Plus,2026-03-01,2026-03-31,68.23
MEAS-40009241,IND-53cb4197,PROG-f051b9cf,,Kilifi,Plus,2026-04-01,2026-05-01,80.9
MEAS-7bb32656,IND-53cb4197,PROG-f051b9cf,,Kilifi,Plus,2026-05-01,2026-05-31,71.96
MEAS-54d2a9fc,IND-53cb4197,PROG-f051b9cf,,Kilifi,Plus,2026-06-01,2026-07-01,76.66
MEAS-6af07f07,IND-53cb4197,PROG-f051b9cf,,Kilifi,Plus,2026-07-01,2026-07-31,76.65
MEAS-e89159e4,IND-53cb4197,PROG-4f9acb42,,Eldoret,Plus,2025-09-01,2025-10-01,74.09
MEAS-ce5477cc,IND-53cb4197,PROG-4f9acb42,,Eldoret,Plus,2025-10-01,2025-10-31,73.85
MEAS-64ce8b62,IND-53cb4197,PROG-4f9acb42,,Eldoret,Plus,2025-11-01,2025-12-01,54.15
MEAS-bbc0e026,IND-53cb4197,PROG-4f9acb42,,Eldoret,Plus,2025-12-01,2025-12-31,55.8
MEAS-b5a5d669,IND-53cb4197,PROG-4f9acb42,,Eldoret,Plus,2026-01-01,2026-01-31,64.43
MEAS-b65eedec,IND-53cb4197,PROG-4f9acb42,,Eldoret,Plus,2026-02-01,2026-03-03,87.97
MEAS-4161bc47,IND-53cb4197,PROG-4f9acb42,,Eldoret,Plus,2026-03-01,2026-03-31,70.47
MEAS-634b2155,IND-53cb4197,PROG-4f9acb42,,Eldoret,Plus,2026-04-01,2026-05-01,73.43
MEAS-2314f7d1,IND-53cb4197,PROG-4f9acb42,,Eldoret,Plus,2026-07-01,2026-07-31,68.02
MEAS-a54fe087,IND-53cb4197,PROG-4f9acb42,,Eldoret,Plus,2026-08-01,2026-08-31,89.59
MEAS-803104a0,IND-53cb4197,PROG-4f7dd3ef,,Kilifi,Tech,2025-09-01,2025-10-01,69.37
MEAS-0b013d95,IND-53cb4197,PROG-4f7dd3ef,,Kilifi,Tech,2025-11-01,2025-12-01,83.6
MEAS-809f4ef1,IND-53cb4197,PROG-4f7dd3ef,,Kilifi,Tech,2025-12-01,2025-12-31,85.32
MEAS-e9f8f3e5,IND-53cb4197,PROG-4f7dd3ef,,Kilifi,Tech,2026-01-01,2026-01-31,74.68
MEAS-f56a34bb,IND-53cb4197,PROG-4f7dd3ef,,Kilifi,Tech,2026-04-01,2026-05-01,80.56
MEAS-bdeb7987,IND-53cb4197,PROG-4f7dd3ef,,Kilifi,Tech,2026-05-01,2026-05-31,59.94
MEAS-a9bb488a,IND-53cb4197,PROG-4f7dd3ef,,Kilifi,Tech,2026-06-01,2026-07-01,66.64
MEAS-3d79b240,IND-53cb4197,PROG-4f7dd3ef,,Kilifi,Tech,2026-08-01,2026-08-31,83.3
MEAS-79eb22c9,IND-53cb4197,PROG-13c8fa5d,,Kiambu,Vocational,2025-10-01,2025-10-31,77.69
MEAS-862789a9,IND-53cb4197,PROG-13c8fa5d,,Kiambu,Vocational,2026-01-01,2026-01-31,60.98
MEAS-33b4fe8a,IND-53cb4197,PROG-13c8fa5d,,Kiambu,Vocational,2026-03-01,2026-03-31,76.54
MEAS-f9cebb2e,IND-53cb4197,PROG-13c8fa5d,,Kiambu,Vocational,2026-04-01,2026-05-01,58.93
MEAS-99b027b7,IND-53cb4197,PROG-13c8fa5d,,Kiambu,Vocational,2026-05-01,2026-05-31,65.16
MEAS-bf04e60d,IND-53cb4197,PROG-13c8fa5d,,Kiambu,Vocational,2026-06-01,2026-07-01,64.25
MEAS-e5c2cad5,IND-53cb4197,PROG-13c8fa5d,,Kiambu,Vocational,2026-07-01,2026-07-31,76.24
MEAS-ab85ee1a,IND-53cb4197,PROG-13c8fa5d,,Kiambu,Vocational,2026-08-01,2026-08-31,61.37
MEAS-9448d2c7,IND-53cb4197,PROG-fc8539a4,,Eldoret,Scholarship,2025-10-01,2025-10-31,60.54
MEAS-557a60f1,IND-53cb4197,PROG-fc8539a4,,Eldoret,Scholarship,2025-11-01,2025-12-01,58.48
MEAS-5aa1f464,IND-53cb4197,PROG-fc8539a4,,Eldoret,Scholarship,2025-12-01,2025-12-31,61.83
MEAS-69249bf4,IND-53cb4197,PROG-fc8539a4,,Eldoret,Scholarship,2026-01-01,2026-01-31,86.11
MEAS-e60fea3c,IND-53cb4197,PROG-fc8539a4,,Eldoret,Scholarship,2026-03-01,2026-03-31,74.77
MEAS-1ea36fa4,IND-53cb4197,PROG-fc8539a4,,Eldoret,Scholarship,2026-04-01,2026-05-01,72.71
MEAS-1c5eb5f1,IND-53cb4197,PROG-fc8539a4,,Eldoret,Scholarship,2026-05-01,2026-05-31,78.67
MEAS-efd7af4f,IND-53cb4197,PROG-fc8539a4,,Eldoret,Scholarship,2026-06-01,2026-07-01,70.43
MEAS-b0a47420,IND-53cb4197,PROG-fc8539a4,,Eldoret,Scholarship,2026-07-01,2026-07-31,74.1
MEAS-b7077509,IND-53cb4197,PROG-9c0f6edb,,Machakos,Vocational,2025-09-01,2025-10-01,68.49
MEAS-3df46015,IND-53cb4197,PROG-9c0f6edb,,Machakos,Vocational,2025-11-01,2025-12-01,88.79
MEAS-3d27a96c,IND-53cb4197,PROG-9c0f6edb,,Machakos,Vocational,2025-12-01,2025-12-31,78.28
MEAS-2133395d,IND-53cb4197,PROG-9c0f6edb,,Machakos,Vocational,2026-02-01,2026-03-03,74.04
MEAS-e9baa380,IND-53cb4197,PROG-9c0f6edb,,Machakos,Vocational,2026-03-01,2026-03-31,52.45
MEAS-f55f587d,IND-53cb4197,PROG-9c0f6edb,,Machakos,Vocational,2026-04-01,2026-05-01,66.35
MEAS-a38ba731,IND-53cb4197,PROG-9c0f6edb,,Machakos,Vocational,2026-05-01,2026-05-31,59.57
MEAS-6c0e40bf,IND-53cb4197,PROG-9c0f6edb,,Machakos,Vocational,2026-06-01,2026-07-01,76.23
MEAS-a2e1a19f,IND-53cb4197,PROG-9c0f6edb,,Machakos,Vocational,2026-08-01,2026-08-31,79.6
MEAS-ae6dda21,IND-53cb4197,PROG-3ff19543,,Nakuru,Vocational,2025-09-01,2025-10-01,96.07
MEAS-644e496a,IND-53cb4197,PROG-3ff19543,,Nakuru,Vocational,2025-11-01,2025-12-01,70.74
MEAS-fba53a1a,IND-53cb4197,PROG-3ff19543,,Nakuru,Vocational,2025-12-01,2025-12-31,74.27
MEAS-17b0fbbf,IND-53cb4197,PROG-3ff19543,,Nakuru,Vocational,2026-01-01,2026-01-31,73.47
MEAS-9e2ee513,IND-53cb4197,PROG-3ff19543,,Nakuru,Vocational,2026-02-01,2026-03-03,79.86
MEAS-d67c101d,IND-53cb4197,PROG-3ff19543,,Nakuru,Vocational,2026-03-01,2026-03-31,70.22
MEAS-18afdb1c,IND-53cb4197,PROG-3ff19543,,Nakuru,Vocational,2026-04-01,2026-05-01,84.53
MEAS-07ecd4a8,IND-53cb4197,PROG-3ff19543,,Nakuru,Vocational,2026-05-01,2026-05-31,93.84
MEAS-bc4815cb,IND-53cb4197,PROG-3ff19543,,Nakuru,Vocational,2026-06-01,2026-07-01,83.84
MEAS-ad188962,IND-53cb4197,PROG-3ff19543,,Nakuru,Vocational,2026-07-01,2026-07-31,61.36
MEAS-838dde0e,IND-53cb4197,PROG-3ff19543,,Nakuru,Vocational,2026-08-01,2026-08-31,67.05
MEAS-70359557,IND-53cb4197,PROG-e68415d3,,Kilifi,Scholarship,2025-09-01,2025-10-01,62.74
MEAS-e7a54a1b,IND-53cb4197,PROG-e68415d3,,Kilifi,Scholarship,2025-10-01,2025-10-31,81.74
MEAS-cbd2486b,IND-53cb4197,PROG-e68415d3,,Kilifi,Scholarship,2025-11-01,2025-12-01,83.34
MEAS-e223a569,IND-53cb4197,PROG-e68415d3,,Kilifi,Scholarship,2025-12-01,2025-12-31,81.4
MEAS-ed991d53,IND-53cb4197,PROG-e68415d3,,Kilifi,Scholarship,2026-01-01,2026-01-31,64.14
MEAS-b82c51b7,IND-53cb4197,PROG-e68415d3,,Kilifi,Scholarship,2026-02-01,2026-03-03,75.91
MEAS-d637c1c9,IND-53cb4197,PROG-e68415d3,,Kilifi,Scholarship,2026-03-01,2026-03-31,68.36
MEAS-1e6def16,IND-53cb4197,PROG-e68415d3,,Kilifi,Scholarship,2026-07-01,2026-07-31,86.17
MEAS-7dc32a0a,IND-53cb4197,PROG-e68415d3,,Kilifi,Scholarship,2026-08-01,2026-08-31,68.53
MEAS-de7864a2,IND-53cb4197,PROG-6ac30dd4,,Machakos,Scholarship,2025-09-01,2025-10-01,89.22
MEAS-129e32ab,IND-53cb4197,PROG-6ac30dd4,,Machakos,Scholarship,2026-02-01,2026-03-03,75.37
MEAS-729cf4c9,IND-53cb4197,PROG-6ac30dd4,,Machakos,Scholarship,2026-05-01,2026-05-31,90.55
MEAS-a53dede9,IND-53cb4197,PROG-6ac30dd4,,Machakos,Scholarship,2026-06-01,2026-07-01,57.2
MEAS-da2e0eff,IND-53cb4197,PROG-6ac30dd4,,Machakos,Scholarship,2026-07-01,2026-07-31,65.11
MEAS-56d09478,IND-53cb4197,PROG-6ac30dd4,,Machakos,Scholarship,2026-08-01,2026-08-31,86.51
MEAS-84836cf1,IND-53cb4197,,,Nairobi,,2025-09-01,2025-10-01,47.03
MEAS-12b0a4b3,IND-53cb4197,,,Nairobi,,2025-10-01,2025-10-31,63.52
MEAS-061f1c2e,IND-53cb4197,,,Nairobi,,2025-11-01,2025-12-01,67.69
MEAS-83488e6f,IND-53cb4197,,,Nairobi,,2025-12-01,2025-12-31,73.3
MEAS-e39fc664,IND-53cb4197,,,Nairobi,,2026-02-01,2026-03-03,49.19
MEAS-a9c56dcb,IND-53cb4197,,,Nairobi,,2026-03-01,2026-03-31,60.22
MEAS-c1519c62,IND-53cb4197,,,Nairobi,,2026-04-01,2026-05-01,64.18
MEAS-9bdeeeeb,IND-53cb4197,,,Nairobi,,2026-07-01,2026-07-31,52.32
MEAS-691e92b8,IND-53cb4197,,,Mombasa,,2025-10-01,2025-10-31,61.87
MEAS-7b515a1f,IND-53cb4197,,,Mombasa,,2025-12-01,2025-12-31,89.2
MEAS-dd36dcc3,IND-53cb4197,,,Mombasa,,2026-03-01,2026-03-31,98.26
MEAS-9a3a1e86,IND-53cb4197,,,Mombasa,,2026-04-01,2026-05-01,83.03
MEAS-5cc29b5e,IND-53cb4197,,,Mombasa,,2026-06-01,2026-07-01,93.1
MEAS-226ea400,IND-53cb4197,,,Mombasa,,2026-07-01,2026-07-31,78.61
MEAS-d3c26b34,IND-53cb4197,,,Mombasa,,2026-08-01,2026-08-31,63.09
MEAS-93799f31,IND-53cb4197,,,Nakuru,,2025-10-01,2025-10-31,60.84
MEAS-934f2ec8,IND-53cb4197,,,Nakuru,,2025-11-01,2025-12-01,90.42
MEAS-2f6f5664,IND-53cb4197,,,Nakuru,,2026-01-01,2026-01-31,82.15
MEAS-509f4015,IND-53cb4197,,,Nakuru,,2026-02-01,2026-03-03,72.65
MEAS-e48bf4b4,IND-53cb4197,,,Nakuru,,2026-04-01,2026-05-01,89.7
MEAS-6574b301,IND-53cb4197,,,Nakuru,,2026-05-01,2026-05-31,79.54
MEAS-8b795480,IND-53cb4197,,,Nakuru,,2026-06-01,2026-07-01,97.22
MEAS-4ac08be2,IND-53cb4197,,,Nakuru,,2026-08-01,2026-08-31,76.38
MEAS-b2dbac22,IND-53cb4197,,,Kisumu,,2025-10-01,2025-10-31,79.08
MEAS-5e2314af,IND-53cb4197,,,Kisumu,,2025-11-01,2025-12-01,63.84
MEAS-375bd5cd,IND-53cb4197,,,Kisumu,,2025-12-01,2025-12-31,68.81
MEAS-40afc21a,IND-53cb4197,,,Kisumu,,2026-01-01,2026-01-31,60.47
MEAS-529b506c,IND-53cb4197,,,Kisumu,,2026-02-01,2026-03-03,66.04
MEAS-431506b7,IND-53cb4197,,,Kisumu,,2026-03-01,2026-03-31,59.83
MEAS-f064e430,IND-53cb4197,,,Kisumu,,2026-06-01,2026-07-01,64.46
MEAS-0be5475e,IND-53cb4197,,,Kisumu,,2026-07-01,2026-07-31,68.24
MEAS-873db4d3,IND-53cb4197,,,Eldoret,,2025-09-01,2025-10-01,78.91
MEAS-b3c21f23,IND-53cb4197,,,Eldoret,,2025-10-01,2025-10-31,89.18
MEAS-2fc511a9,IND-53cb4197,,,Eldoret,,2025-11-01,2025-12-01,97.17
MEAS-90a5fc25,IND-53cb4197,,,Eldoret,,2025-12-01,2025-12-31,84.32
MEAS-e715586f,IND-53cb4197,,,Eldoret,,2026-01-01,2026-01-31,79.08
MEAS-7ec27e95,IND-53cb4197,,,Eldoret,,2026-02-01,2026-03-03,96.21
MEAS-7d952fdb,IND-53cb4197,,,Eldoret,,2026-03-01,2026-03-31,89.99
MEAS-3821abaa,IND-53cb4197,,,Eldoret,,2026-04-01,2026-05-01,63.92
MEAS-fb352316,IND-53cb4197,,,Eldoret,,2026-05-01,2026-05-31,68.32
MEAS-6e10ec47,IND-53cb4197,,,Eldoret,,2026-06-01,2026-07-01,81.29
MEAS-4a376991,IND-53cb4197,,,Eldoret,,2026-07-01,2026-07-31,79.92
MEAS-abea5e63,IND-53cb4197,,,Kiambu,,2025-10-01,2025-10-31,78.37
MEAS-aaabd3b3,IND-53cb4197,,,Kiambu,,2026-03-01,2026-03-31,86.98
MEAS-a6fe14a1,IND-53cb4197,,,Kiambu,,2026-06-01,2026-07-01,74.66
MEAS-ae446dcd,IND-53cb4197,,,Kiambu,,2026-08-01,2026-08-31,79.52
MEAS-746b0de9,IND-53cb4197,,,Machakos,,2025-09-01,2025-10-01,62.95
MEAS-ca932c53,IND-53cb4197,,,Machakos,,2025-10-01,2025-10-31,85.19
MEAS-d23e1b71,IND-53cb4197,,,Machakos,,2026-01-01,2026-01-31,60.53
MEAS-5b319479,IND-53cb4197,,,Machakos,,2026-02-01,2026-03-03,64.43
MEAS-020cfefe,IND-53cb4197,,,Machakos,,2026-03-01,2026-03-31,73.65
MEAS-a0cc3153,IND-53cb4197,,,Machakos,,2026-04-01,2026-05-01,69.09
MEAS-f9a8c30b,IND-53cb4197,,,Machakos,,2026-05-01,2026-05-31,78.33
MEAS-9ec04102,IND-53cb4197,,,Machakos,,2026-07-01,2026-07-31,78.83
MEAS-ef0aace6,IND-53cb4197,,,Machakos,,2026-08-01,2026-08-31,74.07
MEAS-2c0ad32d,IND-53cb4197,,,Kajiado,,2025-10-01,2025-10-31,65.1
MEAS-24af85fa,IND-53cb4197,,,Kajiado,,2025-11-01,2025-12-01,83.13
MEAS-c683bc93,IND-53cb4197,,,Kajiado,,2026-02-01,2026-03-03,76.4
MEAS-60157fa6,IND-53cb4197,,,Kajiado,,2026-03-01,2026-03-31,85.86
MEAS-39a9b790,IND-53cb4197,,,Kajiado,,2026-05-01,2026-05-31,82.69
MEAS-96aea8e0,IND-53cb4197,,,Kajiado,,2026-06-01,2026-07-01,73.09
MEAS-f484d2bb,IND-53cb4197,,,Kajiado,,2026-07-01,2026-07-31,72.48
MEAS-f87dd04c,IND-53cb4197,,,Kajiado,,2026-08-01,2026-08-31,73.63
MEAS-8b990b3d,IND-53cb4197,,,Meru,,2025-09-01,2025-10-01,61.15
MEAS-d19b676b,IND-53cb4197,,,Meru,,2025-11-01,2025-12-01,79.05
MEAS-ed2a7cea,IND-53cb4197,,,Meru,,2026-02-01,2026-03-03,77.17
MEAS-fc378e5a,IND-53cb4197,,,Meru,,2026-03-01,2026-03-31,60.21
MEAS-e5be0864,IND-53cb4197,,,Meru,,2026-06-01,2026-07-01,75.55
MEAS-7bc7c77e,IND-53cb4197,,,Meru,,2026-08-01,2026-08-31,63.64
MEAS-823f38a2,IND-53cb4197,,,Nyeri,,2025-10-01,2025-10-31,94.88
MEAS-435791bf,IND-53cb4197,,,Nyeri,,2026-01-01,2026-01-31,84.25
MEAS-c85ddc56,IND-53cb4197,,,Nyeri,,2026-02-01,2026-03-03,63.24
MEAS-147a4538,IND-53cb4197,,,Nyeri,,2026-03-01,2026-03-31,72.68
MEAS-b4ec390f,IND-53cb4197,,,Nyeri,,2026-06-01,2026-07-01,79.02
MEAS-c4bd4815,IND-53cb4197,,,Nyeri,,2026-07-01,2026-07-31,79.2
MEAS-e9422cc1,IND-53cb4197,,,Kilifi,,2025-09-01,2025-10-01,69.5
MEAS-902ddb3d,IND-53cb4197,,,Kilifi,,2025-11-01,2025-12-01,25.84
MEAS-7bd3eb2c,IND-53cb4197,,,Kilifi,,2026-03-01,2026-03-31,82.98
MEAS-a0b9759b,IND-53cb4197,,,Kilifi,,2026-04-01,2026-05-01,75.73
MEAS-f036c7f4,IND-53cb4197,,,Kilifi,,2026-06-01,2026-07-01,80.63
MEAS-d452990a,IND-53cb4197,,,Kilifi,,2026-07-01,2026-07-31,56.61
MEAS-650d345d,IND-53cb4197,,,Kakamega,,2025-11-01,2025-12-01,62.79
MEAS-2defa3bd,IND-53cb4197,,,Kakamega,,2026-01-01,2026-01-31,61.41
MEAS-f92569b5,IND-53cb4197,,,Kakamega,,2026-05-01,2026-05-31,70.98
MEAS-4b5a077e,IND-53cb4197,,,Kakamega,,2026-07-01,2026-07-31,83.81
MEAS-b9374cca,IND-68c657c7,,,,Scholarship,2025-11-01,2025-12-01,70.6
MEAS-87cccd12,IND-68c657c7,,,,Scholarship,2026-02-01,2026-03-03,75.14
MEAS-2ce73bf3,IND-68c657c7,,,,Scholarship,2026-03-01,2026-03-31,53.47
MEAS-90e6f964,IND-68c657c7,,,,Scholarship,2026-06-01,2026-07-01,68.01
MEAS-6cad7886,IND-68c657c7,,,,Scholarship,2026-07-01,2026-07-31,72.04
MEAS-9eac3042,IND-68c657c7,,,,Plus,2025-11-01,2025-12-01,79.74
MEAS-3be01ad2,IND-68c657c7,,,,Plus,2025-12-01,2025-12-31,78.0
MEAS-2e5665f3,IND-68c657c7,,,,Plus,2026-01-01,2026-01-31,71.22
MEAS-3cf6988f,IND-68c657c7,,,,Plus,2026-03-01,2026-03-31,61.54
MEAS-69b4a88f,IND-68c657c7,,,,Plus,2026-04-01,2026-05-01,87.05
MEAS-d25e180d,IND-68c657c7,,,,Vocational,2025-10-01,2025-10-31,93.31
MEAS-fe56bf7f,IND-68c657c7,,,,Vocational,2025-11-01,2025-12-01,78.85
MEAS-200beafa,IND-68c657c7,,,,Vocational,2025-12-01,2025-12-31,66.1
MEAS-f286b372,IND-68c657c7,,,,Vocational,2026-01-01,2026-01-31,65.77
MEAS-ff721f23,IND-68c657c7,,,,Vocational,2026-02-01,2026-03-03,88.37
MEAS-60b0d386,IND-68c657c7,,,,Vocational,2026-04-01,2026-05-01,69.05
MEAS-abb7729f,IND-68c657c7,,,,Vocational,2026-05-01,2026-05-31,87.37
MEAS-fbca042c,IND-68c657c7,,,,Vocational,2026-06-01,2026-07-01,58.58
MEAS-d2e90fec,IND-68c657c7,,,,Vocational,2026-07-01,2026-07-31,80.76
MEAS-f673f05d,IND-68c657c7,,,,Vocational,2026-08-01,2026-08-31,82.88
MEAS-e5cf36f1,IND-68c657c7,,,,Tech,2025-09-01,2025-10-01,74.45
MEAS-83aea3ec,IND-68c657c7,,,,Tech,2025-10-01,2025-10-31,84.98
MEAS-630c1ea9,IND-68c657c7,,,,Tech,2025-11-01,2025-12-01,70.36
MEAS-2093d418,IND-68c657c7,,,,Tech,2025-12-01,2025-12-31,78.5
MEAS-64fe6c85,IND-68c657c7,,,,Tech,2026-01-01,2026-01-31,62.61
MEAS-4f97e70a,IND-68c657c7,,,,Tech,2026-05-01,2026-05-31,91.79
MEAS-8afa6ce3,IND-68c657c7,,,,Tech,2026-06-01,2026-07-01,70.37
MEAS-ca1f64b1,IND-68c657c7,,,,Tech,2026-08-01,2026-08-31,53.65
MEAS-2716f5a3,IND-bac47fbd,PROG-b4b1c2de,,Nakuru,Plus,2025-09-01,2025-10-01,53362.0
MEAS-53845f12,IND-bac47fbd,PROG-b4b1c2de,,Nakuru,Plus,2025-11-01,2025-12-01,55456.0
MEAS-d0499927,IND-bac47fbd,PROG-b4b1c2de,,Nakuru,Plus,2025-12-01,2025-12-31,53717.0
MEAS-092eb280,IND-bac47fbd,PROG-b4b1c2de,,Nakuru,Plus,2026-02-01,2026-03-03,54040.0
MEAS-919b8a60,IND-bac47fbd,PROG-b4b1c2de,,Nakuru,Plus,2026-03-01,2026-03-31,63429.0
MEAS-d96eeb20,IND-bac47fbd,PROG-b4b1c2de,,Nakuru,Plus,2026-04-01,2026-05-01,44496.0
MEAS-0493da08,IND-bac47fbd,PROG-b4b1c2de,,Nakuru,Plus,2026-05-01,2026-05-31,40550.0
MEAS-fc7cae13,IND-bac47fbd,PROG-b4b1c2de,,Nakuru,Plus,2026-07-01,2026-07-31,58844.0
MEAS-1c491845,IND-bac47fbd,PROG-b4b1c2de,,Nakuru,Plus,2026-08-01,2026-08-31,45761.0
MEAS-8885ae61,IND-bac47fbd,PROG-1998575f,,Nyeri,Plus,2025-09-01,2025-10-01,47551.0
MEAS-c992ba7a,IND-bac47fbd,PROG-1998575f,,Nyeri,Plus,2025-11-01,2025-12-01,37511.0
MEAS-d1a6b9ef,IND-bac47fbd,PROG-1998575f,,Nyeri,Plus,2026-01-01,2026-01-31,54624.0
MEAS-2b180ee2,IND-bac47fbd,PROG-1998575f,,Nyeri,Plus,2026-02-01,2026-03-03,62823.0
MEAS-f386c0dc,IND-bac47fbd,PROG-1998575f,,Nyeri,Plus,2026-03-01,2026-03-31,43575.0
MEAS-44f86419,IND-bac47fbd,PROG-1998575f,,Nyeri,Plus,2026-04-01,2026-05-01,62722.0
MEAS-7824ec6a,IND-bac47fbd,PROG-1998575f,,Nyeri,Plus,2026-07-01,2026-07-31,39549.0
MEAS-b4b9eab0,IND-bac47fbd,PROG-1998575f,,Nyeri,Plus,2026-08-01,2026-08-31,57724.0
MEAS-fe0534f1,IND-bac47fbd,PROG-520100dc,,Kajiado,Tech,2025-10-01,2025-10-31,48077.0
MEAS-a67d74fa,IND-bac47fbd,PROG-520100dc,,Kajiado,Tech,2025-11-01,2025-12-01,56606.0
MEAS-a3f97074,IND-bac47fbd,PROG-520100dc,,Kajiado,Tech,2025-12-01,2025-12-31,47258.0
MEAS-a9d5d5bc,IND-bac47fbd,PROG-520100dc,,Kajiado,Tech,2026-03-01,2026-03-31,63619.0
MEAS-30987851,IND-bac47fbd,PROG-520100dc,,Kajiado,Tech,2026-04-01,2026-05-01,46309.0
MEAS-96116665,IND-bac47fbd,PROG-520100dc,,Kajiado,Tech,2026-05-01,2026-05-31,42776.0
MEAS-84f23c83,IND-bac47fbd,PROG-520100dc,,Kajiado,Tech,2026-06-01,2026-07-01,54389.0
MEAS-a5c50edd,IND-bac47fbd,PROG-520100dc,,Kajiado,Tech,2026-07-01,2026-07-31,37913.0
MEAS-e57ff3c5,IND-bac47fbd,PROG-520100dc,,Kajiado,Tech,2026-08-01,2026-08-31,38209.0
MEAS-e4288771,IND-bac47fbd,PROG-43b7f932,,Nyeri,Tech,2025-09-01,2025-10-01,57808.0
MEAS-ffd9bfe6,IND-bac47fbd,PROG-43b7f932,,Nyeri,Tech,2025-10-01,2025-10-31,43178.0
MEAS-22950010,IND-bac47fbd,PROG-43b7f932,,Nyeri,Tech,2025-11-01,2025-12-01,60530.0
MEAS-1762e9c8,IND-bac47fbd,PROG-43b7f932,,Nyeri,Tech,2026-01-01,2026-01-31,59568.0
MEAS-c5bda28e,IND-bac47fbd,PROG-43b7f932,,Nyeri,Tech,2026-02-01,2026-03-03,60515.0
MEAS-7665c156,IND-bac47fbd,PROG-43b7f932,,Nyeri,Tech,2026-03-01,2026-03-31,59865.0
MEAS-bf04c7ae,IND-bac47fbd,PROG-43b7f932,,Nyeri,Tech,2026-05-01,2026-05-31,43882.0
MEAS-355736c2,IND-bac47fbd,PROG-43b7f932,,Nyeri,Tech,2026-06-01,2026-07-01,61503.0
MEAS-dd4ea311,IND-bac47fbd,PROG-43b7f932,,Nyeri,Tech,2026-08-01,2026-08-31,61092.0
MEAS-16193761,IND-bac47fbd,PROG-cd1d2009,,Kiambu,Tech,2025-09-01,2025-10-01,51074.0
MEAS-539b23f2,IND-bac47fbd,PROG-cd1d2009,,Kiambu,Tech,2025-11-01,2025-12-01,35253.0
MEAS-702bb732,IND-bac47fbd,PROG-cd1d2009,,Kiambu,Tech,2026-01-01,2026-01-31,44801.0
MEAS-88cb7dca,IND-bac47fbd,PROG-cd1d2009,,Kiambu,Tech,2026-02-01,2026-03-03,36755.0
MEAS-6b4dcd5d,IND-bac47fbd,PROG-cd1d2009,,Kiambu,Tech,2026-03-01,2026-03-31,44168.0
MEAS-b872cfd8,IND-bac47fbd,PROG-cd1d2009,,Kiambu,Tech,2026-04-01,2026-05-01,60105.0
MEAS-7e440390,IND-bac47fbd,PROG-cd1d2009,,Kiambu,Tech,2026-05-01,2026-05-31,58838.0
MEAS-7f6ffc84,IND-bac47fbd,PROG-cd1d2009,,Kiambu,Tech,2026-06-01,2026-07-01,62842.0
MEAS-7a0ff63f,IND-bac47fbd,PROG-cd1d2009,,Kiambu,Tech,2026-08-01,2026-08-31,54148.0
MEAS-b12173ff,IND-bac47fbd,PROG-e109788d,,Nairobi,Scholarship,2025-09-01,2025-10-01,59957.0
MEAS-0bb714da,IND-bac47fbd,PROG-e109788d,,Nairobi,Scholarship,2025-10-01,2025-10-31,58278.0
MEAS-31b4aca4,IND-bac47fbd,PROG-e109788d,,Nairobi,Scholarship,2025-12-01,2025-12-31,43453.0
MEAS-9fdbda49,IND-bac47fbd,PROG-e109788d,,Nairobi,Scholarship,2026-04-01,2026-05-01,48060.0
MEAS-8213920f,IND-bac47fbd,PROG-e109788d,,Nairobi,Scholarship,2026-05-01,2026-05-31,43886.0
MEAS-8000dafb,IND-bac47fbd,PROG-e109788d,,Nairobi,Scholarship,2026-06-01,2026-07-01,53315.0
MEAS-8a7c41d8,IND-bac47fbd,PROG-e109788d,,Nairobi,Scholarship,2026-08-01,2026-08-31,39345.0
MEAS-8997bb21,IND-bac47fbd,PROG-7ccb0bcb,,Nakuru,Plus,2025-09-01,2025-10-01,40491.0
MEAS-09b8570b,IND-bac47fbd,PROG-7ccb0bcb,,Nakuru,Plus,2025-10-01,2025-10-31,36919.0
MEAS-c55a063b,IND-bac47fbd,PROG-7ccb0bcb,,Nakuru,Plus,2025-11-01,2025-12-01,53352.0
MEAS-0b91905e,IND-bac47fbd,PROG-7ccb0bcb,,Nakuru,Plus,2025-12-01,2025-12-31,58875.0
MEAS-c6bf9045,IND-bac47fbd,PROG-7ccb0bcb,,Nakuru,Plus,2026-01-01,2026-01-31,56982.0
MEAS-82615135,IND-bac47fbd,PROG-7ccb0bcb,,Nakuru,Plus,2026-04-01,2026-05-01,60856.0
MEAS-623fb209,IND-bac47fbd,PROG-7ccb0bcb,,Nakuru,Plus,2026-06-01,2026-07-01,60881.0
MEAS-0ebe0949,IND-bac47fbd,PROG-7ccb0bcb,,Nakuru,Plus,2026-07-01,2026-07-31,59761.0
MEAS-532c65bc,IND-bac47fbd,PROG-7ccb0bcb,,Nakuru,Plus,2026-08-01,2026-08-31,53282.0
MEAS-3eb3ccf4,IND-bac47fbd,PROG-8cf15bc4,,Nairobi,Vocational,2025-10-01,2025-10-31,55720.0
MEAS-57b04b36,IND-bac47fbd,PROG-8cf15bc4,,Nairobi,Vocational,2025-11-01,2025-12-01,39827.0
MEAS-6814bd2a,IND-bac47fbd,PROG-8cf15bc4,,Nairobi,Vocational,2025-12-01,2025-12-31,38327.0
MEAS-8f5ec7c2,IND-bac47fbd,PROG-8cf15bc4,,Nairobi,Vocational,2026-01-01,2026-01-31,36710.0
MEAS-cfe82300,IND-bac47fbd,PROG-8cf15bc4,,Nairobi,Vocational,2026-03-01,2026-03-31,35628.0
MEAS-1e0b1716,IND-bac47fbd,PROG-8cf15bc4,,Nairobi,Vocational,2026-04-01,2026-05-01,40043.0
MEAS-01cceef0,IND-bac47fbd,PROG-8cf15bc4,,Nairobi,Vocational,2026-05-01,2026-05-31,35161.0
MEAS-0fb32003,IND-bac47fbd,PROG-8cf15bc4,,Nairobi,Vocational,2026-08-01,2026-08-31,40802.0
MEAS-96930458,IND-bac47fbd,PROG-ce4fe570,,Machakos,Tech,2025-09-01,2025-10-01,61189.0
MEAS-d1699827,IND-bac47fbd,PROG-ce4fe570,,Machakos,Tech,2025-10-01,2025-10-31,53954.0
MEAS-d33dbc0f,IND-bac47fbd,PROG-ce4fe570,,Machakos,Tech,2025-11-01,2025-12-01,40384.0
MEAS-1fc05e23,IND-bac47fbd,PROG-ce4fe570,,Machakos,Tech,2025-12-01,2025-12-31,50884.0
MEAS-1a5a4941,IND-bac47fbd,PROG-ce4fe570,,Machakos,Tech,2026-01-01,2026-01-31,56294.0
MEAS-aaa7e708,IND-bac47fbd,PROG-ce4fe570,,Machakos,Tech,2026-03-01,2026-03-31,39855.0
MEAS-8130b23e,IND-bac47fbd,PROG-ce4fe570,,Machakos,Tech,2026-04-01,2026-05-01,59310.0
MEAS-a56b435f,IND-bac47fbd,PROG-ce4fe570,,Machakos,Tech,2026-05-01,2026-05-31,58351.0
MEAS-9a0ca812,IND-bac47fbd,PROG-ce4fe570,,Machakos,Tech,2026-07-01,2026-07-31,48533.0
MEAS-aa495855,IND-bac47fbd,PROG-ce4fe570,,Machakos,Tech,2026-08-01,2026-08-31,47966.0
MEAS-53dc6453,IND-bac47fbd,PROG-2baf66ee,,Mombasa,Vocational,2026-01-01,2026-01-31,51674.0
MEAS-4a2604c8,IND-bac47fbd,PROG-2baf66ee,,Mombasa,Vocational,2026-04-01,2026-05-01,61789.0
MEAS-86c1a32c,IND-bac47fbd,PROG-2baf66ee,,Mombasa,Vocational,2026-05-01,2026-05-31,61483.0
MEAS-a19018be,IND-bac47fbd,PROG-2baf66ee,,Mombasa,Vocational,2026-06-01,2026-07-01,59437.0
MEAS-a00fe494,IND-bac47fbd,PROG-2baf66ee,,Mombasa,Vocational,2026-07-01,2026-07-31,57410.0
MEAS-4d5edcd5,IND-bac47fbd,PROG-2baf66ee,,Mombasa,Vocational,2026-08-01,2026-08-31,54050.0
MEAS-bb642d0b,IND-bac47fbd,PROG-feed88eb,,Nairobi,Vocational,2026-02-01,2026-03-03,48646.0
MEAS-0d5f6914,IND-bac47fbd,PROG-feed88eb,,Nairobi,Vocational,2026-03-01,2026-03-31,51564.0
MEAS-1de8062b,IND-bac47fbd,PROG-feed88eb,,Nairobi,Vocational,2026-05-01,2026-05-31,64194.0
MEAS-34ed2c45,IND-bac47fbd,PROG-feed88eb,,Nairobi,Vocational,2026-06-01,2026-07-01,54915.0
MEAS-f8ad96e0,IND-bac47fbd,PROG-feed88eb,,Nairobi,Vocational,2026-08-01,2026-08-31,41768.0
MEAS-aff4c9a3,IND-bac47fbd,PROG-7463bbcd,,Mombasa,Vocational,2025-09-01,2025-10-01,37974.0
MEAS-5f13734b,IND-bac47fbd,PROG-7463bbcd,,Mombasa,Vocational,2025-10-01,2025-10-31,50243.0
MEAS-39d57eef,IND-bac47fbd,PROG-7463bbcd,,Mombasa,Vocational,2025-12-01,2025-12-31,40605.0
MEAS-e2414065,IND-bac47fbd,PROG-7463bbcd,,Mombasa,Vocational,2026-03-01,2026-03-31,49306.0
MEAS-8fecd6dc,IND-bac47fbd,PROG-7463bbcd,,Mombasa,Vocational,2026-07-01,2026-07-31,63580.0
MEAS-79c90c97,IND-bac47fbd,PROG-7463bbcd,,Mombasa,Vocational,2026-08-01,2026-08-31,46569.0
MEAS-c35d5364,IND-bac47fbd,PROG-5af62ded,,Machakos,Vocational,2025-09-01,2025-10-01,47675.0
MEAS-483f6198,IND-bac47fbd,PROG-5af62ded,,Machakos,Vocational,2025-10-01,2025-10-31,46107.0
MEAS-c74bda8a,IND-bac47fbd,PROG-5af62ded,,Machakos,Vocational,2025-11-01,2025-12-01,35188.0
MEAS-379e1f55,IND-bac47fbd,PROG-5af62ded,,Machakos,Vocational,2026-01-01,2026-01-31,38014.0
MEAS-4c739c9e,IND-bac47fbd,PROG-5af62ded,,Machakos,Vocational,2026-02-01,2026-03-03,42992.0
MEAS-13c48ab4,IND-bac47fbd,PROG-5af62ded,,Machakos,Vocational,2026-04-01,2026-05-01,49013.0
MEAS-f9c03ac4,IND-bac47fbd,PROG-5af62ded,,Machakos,Vocational,2026-05-01,2026-05-31,47293.0
MEAS-f6028fa8,IND-bac47fbd,PROG-5af62ded,,Machakos,Vocational,2026-06-01,2026-07-01,50095.0
MEAS-b08f6d52,IND-bac47fbd,PROG-5af62ded,,Machakos,Vocational,2026-07-01,2026-07-31,64098.0
MEAS-8a25122a,IND-bac47fbd,PROG-5af62ded,,Machakos,Vocational,2026-08-01,2026-08-31,60597.0
MEAS-18531c2b,IND-bac47fbd,PROG-cc1e0da1,,Kiambu,Vocational,2025-09-01,2025-10-01,51231.0
MEAS-d6452526,IND-bac47fbd,PROG-cc1e0da1,,Kiambu,Vocational,2025-10-01,2025-10-31,54822.0
MEAS-f0c5335e,IND-bac47fbd,PROG-cc1e0da1,,Kiambu,Vocational,2025-11-01,2025-12-01,55267.0
MEAS-dbe95ca4,IND-bac47fbd,PROG-cc1e0da1,,Kiambu,Vocational,2026-02-01,2026-03-03,46724.0
MEAS-74bbd56d,IND-bac47fbd,PROG-cc1e0da1,,Kiambu,Vocational,2026-03-01,2026-03-31,63600.0
MEAS-8d334d3a,IND-bac47fbd,PROG-cc1e0da1,,Kiambu,Vocational,2026-04-01,2026-05-01,46534.0
MEAS-6b43e830,IND-bac47fbd,PROG-cc1e0da1,,Kiambu,Vocational,2026-05-01,2026-05-31,61096.0
MEAS-8575140c,IND-bac47fbd,PROG-cc1e0da1,,Kiambu,Vocational,2026-06-01,2026-07-01,37826.0
MEAS-d35ce6b2,IND-bac47fbd,PROG-cc1e0da1,,Kiambu,Vocational,2026-07-01,2026-07-31,41124.0
MEAS-070050aa,IND-bac47fbd,PROG-cc1e0da1,,Kiambu,Vocational,2026-08-01,2026-08-31,52795.0
MEAS-7d8e17ff,IND-bac47fbd,PROG-a502bbfb,,Kisumu,Plus,2025-10-01,2025-10-31,44785.0
MEAS-ab8b10ec,IND-bac47fbd,PROG-a502bbfb,,Kisumu,Plus,2025-11-01,2025-12-01,55135.0
MEAS-5fc440c2,IND-bac47fbd,PROG-a502bbfb,,Kisumu,Plus,2025-12-01,2025-12-31,35271.0
MEAS-43d7e818,IND-bac47fbd,PROG-a502bbfb,,Kisumu,Plus,2026-01-01,2026-01-31,43936.0
MEAS-27092538,IND-bac47fbd,PROG-a502bbfb,,Kisumu,Plus,2026-02-01,2026-03-03,60850.0
MEAS-71a5cb6f,IND-bac47fbd,PROG-a502bbfb,,Kisumu,Plus,2026-03-01,2026-03-31,43044.0
MEAS-416cb72d,IND-bac47fbd,PROG-a502bbfb,,Kisumu,Plus,2026-04-01,2026-05-01,57945.0
MEAS-076e9ad9,IND-bac47fbd,PROG-a502bbfb,,Kisumu,Plus,2026-05-01,2026-05-31,52708.0
MEAS-4a0efd7c,IND-bac47fbd,PROG-a502bbfb,,Kisumu,Plus,2026-07-01,2026-07-31,48136.0
MEAS-75e29adb,IND-bac47fbd,PROG-a502bbfb,,Kisumu,Plus,2026-08-01,2026-08-31,49533.0
MEAS-d1959ce0,IND-bac47fbd,PROG-ae109715,,Nairobi,Scholarship,2025-09-01,2025-10-01,51597.0
MEAS-1a3e1db6,IND-bac47fbd,PROG-ae109715,,Nairobi,Scholarship,2025-10-01,2025-10-31,44210.0
MEAS-c4ff9a27,IND-bac47fbd,PROG-ae109715,,Nairobi,Scholarship,2025-11-01,2025-12-01,42647.0
MEAS-c39198ab,IND-bac47fbd,PROG-ae109715,,Nairobi,Scholarship,2025-12-01,2025-12-31,53534.0
MEAS-980b6ae2,IND-bac47fbd,PROG-ae109715,,Nairobi,Scholarship,2026-01-01,2026-01-31,47169.0
MEAS-19520e95,IND-bac47fbd,PROG-ae109715,,Nairobi,Scholarship,2026-02-01,2026-03-03,50272.0
MEAS-cec38080,IND-bac47fbd,PROG-ae109715,,Nairobi,Scholarship,2026-06-01,2026-07-01,48861.0
MEAS-76c68368,IND-bac47fbd,PROG-ae109715,,Nairobi,Scholarship,2026-07-01,2026-07-31,48750.0
MEAS-626d78a1,IND-bac47fbd,PROG-bd4698ac,,Nairobi,Plus,2025-09-01,2025-10-01,46960.0
MEAS-77666d3c,IND-bac47fbd,PROG-bd4698ac,,Nairobi,Plus,2025-10-01,2025-10-31,59253.0
MEAS-d5664fc2,IND-bac47fbd,PROG-bd4698ac,,Nairobi,Plus,2025-11-01,2025-12-01,46425.0
MEAS-bc9c9b0b,IND-bac47fbd,PROG-bd4698ac,,Nairobi,Plus,2026-01-01,2026-01-31,42957.0
MEAS-bfacc217,IND-bac47fbd,PROG-bd4698ac,,Nairobi,Plus,2026-02-01,2026-03-03,58770.0
MEAS-c431c2a3,IND-bac47fbd,PROG-bd4698ac,,Nairobi,Plus,2026-03-01,2026-03-31,54200.0
MEAS-001f3a05,IND-bac47fbd,PROG-bd4698ac,,Nairobi,Plus,2026-06-01,2026-07-01,40127.0
MEAS-1f831457,IND-bac47fbd,PROG-c4a7a0a8,,Kilifi,Plus,2025-09-01,2025-10-01,39186.0
MEAS-a9966760,IND-bac47fbd,PROG-c4a7a0a8,,Kilifi,Plus,2025-10-01,2025-10-31,46901.0
MEAS-4be38928,IND-bac47fbd,PROG-c4a7a0a8,,Kilifi,Plus,2025-11-01,2025-12-01,53055.0
MEAS-a41ece01,IND-bac47fbd,PROG-c4a7a0a8,,Kilifi,Plus,2025-12-01,2025-12-31,60196.0
MEAS-7fc3f371,IND-bac47fbd,PROG-c4a7a0a8,,Kilifi,Plus,2026-01-01,2026-01-31,51039.0
MEAS-0707d044,IND-bac47fbd,PROG-c4a7a0a8,,Kilifi,Plus,2026-02-01,2026-03-03,50603.0
MEAS-3244803e,IND-bac47fbd,PROG-c4a7a0a8,,Kilifi,Plus,2026-04-01,2026-05-01,61318.0
MEAS-2766acaa,IND-bac47fbd,PROG-c4a7a0a8,,Kilifi,Plus,2026-05-01,2026-05-31,40699.0
MEAS-05490b09,IND-bac47fbd,PROG-c4a7a0a8,,Kilifi,Plus,2026-06-01,2026-07-01,36234.0
MEAS-f7dd37ef,IND-bac47fbd,PROG-c4a7a0a8,,Kilifi,Plus,2026-07-01,2026-07-31,55003.0
MEAS-465fa618,IND-bac47fbd,PROG-c4a7a0a8,,Kilifi,Plus,2026-08-01,2026-08-31,42109.0
MEAS-af493062,IND-bac47fbd,PROG-7bc39a8c,,Nairobi,Scholarship,2025-09-01,2025-10-01,49212.0
MEAS-3f6d70f9,IND-bac47fbd,PROG-7bc39a8c,,Nairobi,Scholarship,2025-12-01,2025-12-31,45429.0
MEAS-f039b17c,IND-bac47fbd,PROG-7bc39a8c,,Nairobi,Scholarship,2026-02-01,2026-03-03,39481.0
MEAS-87ad1a36,IND-bac47fbd,PROG-7bc39a8c,,Nairobi,Scholarship,2026-06-01,2026-07-01,41386.0
MEAS-c582db8f,IND-bac47fbd,PROG-7bc39a8c,,Nairobi,Scholarship,2026-07-01,2026-07-31,56606.0
MEAS-8603679a,IND-bac47fbd,PROG-56db292e,,Eldoret,Tech,2025-09-01,2025-10-01,52765.0
MEAS-15ca82fb,IND-bac47fbd,PROG-56db292e,,Eldoret,Tech,2025-11-01,2025-12-01,54351.0
MEAS-f6674430,IND-bac47fbd,PROG-56db292e,,Eldoret,Tech,2025-12-01,2025-12-31,64047.0
MEAS-e1e8fc50,IND-bac47fbd,PROG-56db292e,,Eldoret,Tech,2026-01-01,2026-01-31,43784.0
MEAS-7b93fb25,IND-bac47fbd,PROG-56db292e,,Eldoret,Tech,2026-02-01,2026-03-03,58018.0
MEAS-d14983e9,IND-bac47fbd,PROG-56db292e,,Eldoret,Tech,2026-03-01,2026-03-31,48148.0
MEAS-f29d6ce3,IND-bac47fbd,PROG-56db292e,,Eldoret,Tech,2026-04-01,2026-05-01,60340.0
MEAS-cfe7193f,IND-bac47fbd,PROG-56db292e,,Eldoret,Tech,2026-06-01,2026-07-01,52084.0
MEAS-b9334e0b,IND-bac47fbd,PROG-56db292e,,Eldoret,Tech,2026-07-01,2026-07-31,49396.0
MEAS-8690b096,IND-bac47fbd,PROG-6a19579e,,Kajiado,Scholarship,2025-09-01,2025-10-01,38549.0
MEAS-ef6e3d72,IND-bac47fbd,PROG-6a19579e,,Kajiado,Scholarship,2025-10-01,2025-10-31,47433.0
MEAS-f64c39ab,IND-bac47fbd,PROG-6a19579e,,Kajiado,Scholarship,2025-11-01,2025-12-01,36048.0
MEAS-8e3349e9,IND-bac47fbd,PROG-6a19579e,,Kajiado,Scholarship,2025-12-01,2025-12-31,57504.0
MEAS-e04e7629,IND-bac47fbd,PROG-6a19579e,,Kajiado,Scholarship,2026-01-01,2026-01-31,61657.0
MEAS-191c0df4,IND-bac47fbd,PROG-6a19579e,,Kajiado,Scholarship,2026-02-01,2026-03-03,41928.0
MEAS-f1e16ed1,IND-bac47fbd,PROG-6a19579e,,Kajiado,Scholarship,2026-04-01,2026-05-01,64068.0
MEAS-da9529be,IND-bac47fbd,PROG-6a19579e,,Kajiado,Scholarship,2026-05-01,2026-05-31,52859.0
MEAS-c13b1035,IND-bac47fbd,PROG-6a19579e,,Kajiado,Scholarship,2026-06-01,2026-07-01,49518.0
MEAS-35480218,IND-bac47fbd,PROG-6a19579e,,Kajiado,Scholarship,2026-07-01,2026-07-31,63641.0
MEAS-e38e0449,IND-bac47fbd,PROG-6a19579e,,Kajiado,Scholarship,2026-08-01,2026-08-31,62874.0
MEAS-1e5f0d0c,IND-bac47fbd,PROG-3f035d32,,Nairobi,Scholarship,2025-10-01,2025-10-31,44027.0
MEAS-a2a0591f,IND-bac47fbd,PROG-3f035d32,,Nairobi,Scholarship,2025-11-01,2025-12-01,39253.0
MEAS-29a2f771,IND-bac47fbd,PROG-3f035d32,,Nairobi,Scholarship,2026-01-01,2026-01-31,62305.0
MEAS-504147af,IND-bac47fbd,PROG-3f035d32,,Nairobi,Scholarship,2026-02-01,2026-03-03,48086.0
MEAS-19326ab3,IND-bac47fbd,PROG-3f035d32,,Nairobi,Scholarship,2026-03-01,2026-03-31,44463.0
MEAS-aba5beb7,IND-bac47fbd,PROG-3f035d32,,Nairobi,Scholarship,2026-04-01,2026-05-01,40348.0
MEAS-bf4fb80a,IND-bac47fbd,PROG-3f035d32,,Nairobi,Scholarship,2026-06-01,2026-07-01,53270.0
MEAS-c294221f,IND-bac47fbd,PROG-3f035d32,,Nairobi,Scholarship,2026-07-01,2026-07-31,41464.0
MEAS-635cdea5,IND-bac47fbd,PROG-3f035d32,,Nairobi,Scholarship,2026-08-01,2026-08-31,54797.0
MEAS-be6f0072,IND-bac47fbd,PROG-8e0a016e,,Kajiado,Tech,2025-09-01,2025-10-01,35882.0
MEAS-3302a4d0,IND-bac47fbd,PROG-8e0a016e,,Kajiado,Tech,2025-10-01,2025-10-31,49412.0
MEAS-518ddd2b,IND-bac47fbd,PROG-8e0a016e,,Kajiado,Tech,2025-11-01,2025-12-01,51236.0
MEAS-46df5a6e,IND-bac47fbd,PROG-8e0a016e,,Kajiado,Tech,2025-12-01,2025-12-31,44770.0
MEAS-699715d7,IND-bac47fbd,PROG-8e0a016e,,Kajiado,Tech,2026-01-01,2026-01-31,53023.0
MEAS-08c5bfad,IND-bac47fbd,PROG-8e0a016e,,Kajiado,Tech,2026-02-01,2026-03-03,37892.0
MEAS-c95ff639,IND-bac47fbd,PROG-8e0a016e,,Kajiado,Tech,2026-04-01,2026-05-01,41757.0
MEAS-40b10650,IND-bac47fbd,PROG-8e0a016e,,Kajiado,Tech,2026-05-01,2026-05-31,59913.0
MEAS-9ccfb136,IND-bac47fbd,PROG-8e0a016e,,Kajiado,Tech,2026-07-01,2026-07-31,56860.0
MEAS-f8df1f8d,IND-bac47fbd,PROG-8e0a016e,,Kajiado,Tech,2026-08-01,2026-08-31,39987.0
MEAS-be33c591,IND-bac47fbd,PROG-e9384c4f,,Kiambu,Plus,2025-11-01,2025-12-01,57231.0
MEAS-8bab2706,IND-bac47fbd,PROG-e9384c4f,,Kiambu,Plus,2025-12-01,2025-12-31,54752.0
MEAS-921d943b,IND-bac47fbd,PROG-e9384c4f,,Kiambu,Plus,2026-03-01,2026-03-31,56514.0
MEAS-ff828715,IND-bac47fbd,PROG-e9384c4f,,Kiambu,Plus,2026-04-01,2026-05-01,62694.0
MEAS-aa9ecdba,IND-bac47fbd,PROG-e9384c4f,,Kiambu,Plus,2026-05-01,2026-05-31,53999.0
MEAS-71ea9317,IND-bac47fbd,PROG-e9384c4f,,Kiambu,Plus,2026-06-01,2026-07-01,39712.0
MEAS-c47fd1cb,IND-bac47fbd,PROG-e9384c4f,,Kiambu,Plus,2026-08-01,2026-08-31,51367.0
MEAS-0afb537b,IND-bac47fbd,PROG-828a29a3,,Machakos,Vocational,2025-09-01,2025-10-01,45395.0
MEAS-d960ad52,IND-bac47fbd,PROG-828a29a3,,Machakos,Vocational,2025-10-01,2025-10-31,55253.0
MEAS-3bfc3932,IND-bac47fbd,PROG-828a29a3,,Machakos,Vocational,2025-11-01,2025-12-01,40129.0
MEAS-c091d8eb,IND-bac47fbd,PROG-828a29a3,,Machakos,Vocational,2025-12-01,2025-12-31,44158.0
MEAS-ec49eb52,IND-bac47fbd,PROG-828a29a3,,Machakos,Vocational,2026-01-01,2026-01-31,45388.0
MEAS-608d79cc,IND-bac47fbd,PROG-828a29a3,,Machakos,Vocational,2026-03-01,2026-03-31,47182.0
MEAS-f0f5219e,IND-bac47fbd,PROG-828a29a3,,Machakos,Vocational,2026-05-01,2026-05-31,46047.0
MEAS-f5ee0017,IND-bac47fbd,PROG-828a29a3,,Machakos,Vocational,2026-06-01,2026-07-01,36997.0
MEAS-31de705b,IND-bac47fbd,PROG-828a29a3,,Machakos,Vocational,2026-07-01,2026-07-31,36567.0
MEAS-04c20faf,IND-bac47fbd,PROG-68d428ee,,Kilifi,Vocational,2025-09-01,2025-10-01,44255.0
MEAS-6a374b77,IND-bac47fbd,PROG-68d428ee,,Kilifi,Vocational,2025-10-01,2025-10-31,48447.0
MEAS-e3cef40c,IND-bac47fbd,PROG-68d428ee,,Kilifi,Vocational,2025-11-01,2025-12-01,49148.0
MEAS-9631b527,IND-bac47fbd,PROG-68d428ee,,Kilifi,Vocational,2026-01-01,2026-01-31,45699.0
MEAS-8404f4a8,IND-bac47fbd,PROG-68d428ee,,Kilifi,Vocational,2026-02-01,2026-03-03,48151.0
MEAS-8053b3e5,IND-bac47fbd,PROG-68d428ee,,Kilifi,Vocational,2026-03-01,2026-03-31,57300.0
MEAS-c5916170,IND-bac47fbd,PROG-68d428ee,,Kilifi,Vocational,2026-05-01,2026-05-31,58684.0
MEAS-88fc5685,IND-bac47fbd,PROG-68d428ee,,Kilifi,Vocational,2026-06-01,2026-07-01,45692.0
MEAS-b313d78f,IND-bac47fbd,PROG-68d428ee,,Kilifi,Vocational,2026-07-01,2026-07-31,59173.0
MEAS-f219624c,IND-bac47fbd,PROG-68d428ee,,Kilifi,Vocational,2026-08-01,2026-08-31,40983.0
MEAS-ab890f3c,IND-bac47fbd,PROG-ff2c588f,,Machakos,Plus,2025-09-01,2025-10-01,62039.0
MEAS-a0d8e822,IND-bac47fbd,PROG-ff2c588f,,Machakos,Plus,2025-10-01,2025-10-31,45001.0
MEAS-6ad1ddb0,IND-bac47fbd,PROG-ff2c588f,,Machakos,Plus,2025-11-01,2025-12-01,51029.0
MEAS-b801528d,IND-bac47fbd,PROG-ff2c588f,,Machakos,Plus,2025-12-01,2025-12-31,38744.0
MEAS-f36c4bc6,IND-bac47fbd,PROG-ff2c588f,,Machakos,Plus,2026-01-01,2026-01-31,37494.0
MEAS-d85e0d2c,IND-bac47fbd,PROG-ff2c588f,,Machakos,Plus,2026-03-01,2026-03-31,42189.0
MEAS-019cdcf1,IND-bac47fbd,PROG-ff2c588f,,Machakos,Plus,2026-04-01,2026-05-01,62553.0
MEAS-d678a5c0,IND-bac47fbd,PROG-ff2c588f,,Machakos,Plus,2026-06-01,2026-07-01,36123.0
MEAS-4489f890,IND-bac47fbd,PROG-ff2c588f,,Machakos,Plus,2026-07-01,2026-07-31,51048.0
MEAS-cccc42bf,IND-bac47fbd,PROG-ff2c588f,,Machakos,Plus,2026-08-01,2026-08-31,62408.0
MEAS-6d734ddd,IND-bac47fbd,PROG-ab8ae865,,Nakuru,Tech,2025-09-01,2025-10-01,58832.0
MEAS-e125f724,IND-bac47fbd,PROG-ab8ae865,,Nakuru,Tech,2025-10-01,2025-10-31,49257.0
MEAS-1fab9761,IND-bac47fbd,PROG-ab8ae865,,Nakuru,Tech,2025-11-01,2025-12-01,59816.0
MEAS-91ddfea0,IND-bac47fbd,PROG-ab8ae865,,Nakuru,Tech,2025-12-01,2025-12-31,44479.0
MEAS-83a6d34b,IND-bac47fbd,PROG-ab8ae865,,Nakuru,Tech,2026-01-01,2026-01-31,40446.0
MEAS-579b5ea2,IND-bac47fbd,PROG-ab8ae865,,Nakuru,Tech,2026-02-01,2026-03-03,44172.0
MEAS-adb9a778,IND-bac47fbd,PROG-ab8ae865,,Nakuru,Tech,2026-03-01,2026-03-31,54827.0
MEAS-b91ec132,IND-bac47fbd,PROG-ab8ae865,,Nakuru,Tech,2026-06-01,2026-07-01,59173.0
MEAS-0382873d,IND-bac47fbd,PROG-ab8ae865,,Nakuru,Tech,2026-07-01,2026-07-31,38046.0
MEAS-6663b8ed,IND-bac47fbd,PROG-ab8ae865,,Nakuru,Tech,2026-08-01,2026-08-31,38221.0
MEAS-5e8ba464,IND-bac47fbd,PROG-4055f3fe,,Nairobi,Vocational,2025-09-01,2025-10-01,49351.0
MEAS-22940eff,IND-bac47fbd,PROG-4055f3fe,,Nairobi,Vocational,2025-10-01,2025-10-31,61081.0
MEAS-ecfbff75,IND-bac47fbd,PROG-4055f3fe,,Nairobi,Vocational,2025-11-01,2025-12-01,57057.0
MEAS-cea4a02c,IND-bac47fbd,PROG-4055f3fe,,Nairobi,Vocational,2025-12-01,2025-12-31,46367.0
MEAS-8ff60403,IND-bac47fbd,PROG-4055f3fe,,Nairobi,Vocational,2026-01-01,2026-01-31,59272.0
MEAS-dd4b7996,IND-bac47fbd,PROG-4055f3fe,,Nairobi,Vocational,2026-02-01,2026-03-03,36959.0
MEAS-8dad41d1,IND-bac47fbd,PROG-4055f3fe,,Nairobi,Vocational,2026-03-01,2026-03-31,41297.0
MEAS-c938349e,IND-bac47fbd,PROG-4055f3fe,,Nairobi,Vocational,2026-04-01,2026-05-01,52630.0
MEAS-f5b8b12e,IND-bac47fbd,PROG-4055f3fe,,Nairobi,Vocational,2026-05-01,2026-05-31,61660.0
MEAS-68ea26a3,IND-bac47fbd,PROG-4055f3fe,,Nairobi,Vocational,2026-06-01,2026-07-01,47900.0
MEAS-ff416668,IND-bac47fbd,PROG-4055f3fe,,Nairobi,Vocational,2026-08-01,2026-08-31,53288.0
MEAS-92435499,IND-bac47fbd,PROG-12660354,,Kilifi,Vocational,2025-09-01,2025-10-01,58709.0
MEAS-0089c765,IND-bac47fbd,PROG-12660354,,Kilifi,Vocational,2025-10-01,2025-10-31,38365.0
MEAS-308683fd,IND-bac47fbd,PROG-12660354,,Kilifi,Vocational,2025-11-01,2025-12-01,51623.0
MEAS-f52393c2,IND-bac47fbd,PROG-12660354,,Kilifi,Vocational,2025-12-01,2025-12-31,52323.0
MEAS-9225d52e,IND-bac47fbd,PROG-12660354,,Kilifi,Vocational,2026-01-01,2026-01-31,42019.0
MEAS-53d3d8a3,IND-bac47fbd,PROG-12660354,,Kilifi,Vocational,2026-04-01,2026-05-01,56128.0
MEAS-5c3ca7f3,IND-bac47fbd,PROG-12660354,,Kilifi,Vocational,2026-05-01,2026-05-31,47288.0
MEAS-8b2edc1b,IND-bac47fbd,PROG-12660354,,Kilifi,Vocational,2026-06-01,2026-07-01,62138.0
MEAS-04a7782f,IND-bac47fbd,PROG-12660354,,Kilifi,Vocational,2026-07-01,2026-07-31,43844.0
MEAS-a9ca2ac6,IND-bac47fbd,PROG-12660354,,Kilifi,Vocational,2026-08-01,2026-08-31,63136.0
MEAS-4edb6f4b,IND-bac47fbd,,,,Scholarship,2026-02-01,2026-03-03,51831.0
MEAS-9b4c1569,IND-bac47fbd,,,,Scholarship,2026-06-01,2026-07-01,56299.0
MEAS-1e27af1b,IND-bac47fbd,,,,Scholarship,2026-07-01,2026-07-31,50597.0
MEAS-b44b6c1f,IND-bac47fbd,,,,Plus,2025-11-01,2025-12-01,39304.0
MEAS-81a7b36c,IND-bac47fbd,,,,Plus,2025-12-01,2025-12-31,52514.0
MEAS-053bdb2d,IND-bac47fbd,,,,Plus,2026-07-01,2026-07-31,51213.0
MEAS-71283720,IND-bac47fbd,,,,Vocational,2025-10-01,2025-10-31,37458.0
MEAS-83392e82,IND-bac47fbd,,,,Vocational,2025-11-01,2025-12-01,44845.0
MEAS-54780eb8,IND-bac47fbd,,,,Vocational,2026-01-01,2026-01-31,63965.0
MEAS-4f57f383,IND-bac47fbd,,,,Vocational,2026-06-01,2026-07-01,49890.0
MEAS-b6fa8a5c,IND-bac47fbd,,,,Tech,2025-09-01,2025-10-01,50701.0
MEAS-d7c2aa1c,IND-bac47fbd,,,,Tech,2025-10-01,2025-10-31,56784.0
MEAS-11dce1c8,IND-bac47fbd,,,,Tech,2025-12-01,2025-12-31,50083.0
MEAS-6bb132e5,IND-bac47fbd,,,,Tech,2026-03-01,2026-03-31,37457.0
MEAS-7a689ad4,IND-bac47fbd,,,,Tech,2026-04-01,2026-05-01,64582.0
MEAS-9fb564fb,IND-bac47fbd,,,,Tech,2026-05-01,2026-05-31,51163.0
MEAS-2e6cf399,IND-bac47fbd,,,,Tech,2026-06-01,2026-07-01,62493.0
MEAS-8b5158ce,IND-4c8339bc,PROG-915b15d8,,Kisumu,Tech,2025-09-01,2025-10-01,79017.0
MEAS-8115cc3f,IND-4c8339bc,PROG-915b15d8,,Kisumu,Tech,2025-10-01,2025-10-31,67661.0
MEAS-bd66ac9d,IND-4c8339bc,PROG-915b15d8,,Kisumu,Tech,2026-01-01,2026-01-31,76215.0
MEAS-f6e96fc0,IND-4c8339bc,PROG-915b15d8,,Kisumu,Tech,2026-03-01,2026-03-31,56831.0
MEAS-68987ac1,IND-4c8339bc,PROG-915b15d8,,Kisumu,Tech,2026-04-01,2026-05-01,50699.0
MEAS-24b5df5f,IND-4c8339bc,PROG-915b15d8,,Kisumu,Tech,2026-06-01,2026-07-01,58440.0
MEAS-365b1a46,IND-4c8339bc,PROG-915b15d8,,Kisumu,Tech,2026-07-01,2026-07-31,50365.0
MEAS-03c590f9,IND-4c8339bc,PROG-3d5ab23d,,Machakos,Vocational,2025-09-01,2025-10-01,79849.0
MEAS-9e77dd02,IND-4c8339bc,PROG-3d5ab23d,,Machakos,Vocational,2025-11-01,2025-12-01,72621.0
MEAS-de77de30,IND-4c8339bc,PROG-3d5ab23d,,Machakos,Vocational,2025-12-01,2025-12-31,54244.0
MEAS-3cc0a395,IND-4c8339bc,PROG-3d5ab23d,,Machakos,Vocational,2026-02-01,2026-03-03,52067.0
MEAS-4a76746e,IND-4c8339bc,PROG-3d5ab23d,,Machakos,Vocational,2026-03-01,2026-03-31,78922.0
MEAS-7b8dfa93,IND-4c8339bc,PROG-3d5ab23d,,Machakos,Vocational,2026-07-01,2026-07-31,61471.0
MEAS-bf1e2503,IND-4c8339bc,PROG-85629e1e,,Nyeri,Vocational,2025-09-01,2025-10-01,75012.0
MEAS-6921ec08,IND-4c8339bc,PROG-85629e1e,,Nyeri,Vocational,2025-10-01,2025-10-31,52439.0
MEAS-f3ea4236,IND-4c8339bc,PROG-85629e1e,,Nyeri,Vocational,2025-11-01,2025-12-01,74401.0
MEAS-ac31b4d3,IND-4c8339bc,PROG-85629e1e,,Nyeri,Vocational,2026-01-01,2026-01-31,63269.0
MEAS-e993067a,IND-4c8339bc,PROG-85629e1e,,Nyeri,Vocational,2026-02-01,2026-03-03,82025.0
MEAS-88bf6311,IND-4c8339bc,PROG-85629e1e,,Nyeri,Vocational,2026-03-01,2026-03-31,74157.0
MEAS-6bf79665,IND-4c8339bc,PROG-85629e1e,,Nyeri,Vocational,2026-04-01,2026-05-01,70985.0
MEAS-e1bd8c2d,IND-4c8339bc,PROG-85629e1e,,Nyeri,Vocational,2026-05-01,2026-05-31,57315.0
MEAS-d1c6dc8b,IND-4c8339bc,PROG-85629e1e,,Nyeri,Vocational,2026-06-01,2026-07-01,71654.0
MEAS-8fd0c715,IND-4c8339bc,PROG-85629e1e,,Nyeri,Vocational,2026-08-01,2026-08-31,69059.0
MEAS-9599b1ad,IND-4c8339bc,PROG-7694a7c4,,Kilifi,Tech,2025-12-01,2025-12-31,62835.0
MEAS-ffaa635b,IND-4c8339bc,PROG-7694a7c4,,Kilifi,Tech,2026-02-01,2026-03-03,58621.0
MEAS-891fe721,IND-4c8339bc,PROG-7694a7c4,,Kilifi,Tech,2026-03-01,2026-03-31,80127.0
MEAS-f471b04e,IND-4c8339bc,PROG-7694a7c4,,Kilifi,Tech,2026-05-01,2026-05-31,67057.0
MEAS-35d35877,IND-4c8339bc,PROG-7694a7c4,,Kilifi,Tech,2026-06-01,2026-07-01,62135.0
MEAS-ea379c05,IND-4c8339bc,PROG-7694a7c4,,Kilifi,Tech,2026-08-01,2026-08-31,60156.0
MEAS-8c5635fb,IND-4c8339bc,PROG-8c0627d6,,Kajiado,Tech,2025-09-01,2025-10-01,73759.0
MEAS-e3150718,IND-4c8339bc,PROG-8c0627d6,,Kajiado,Tech,2025-10-01,2025-10-31,54691.0
MEAS-65abc693,IND-4c8339bc,PROG-8c0627d6,,Kajiado,Tech,2025-11-01,2025-12-01,58399.0
MEAS-067e6f83,IND-4c8339bc,PROG-8c0627d6,,Kajiado,Tech,2025-12-01,2025-12-31,65993.0
MEAS-d4f6b3b6,IND-4c8339bc,PROG-8c0627d6,,Kajiado,Tech,2026-02-01,2026-03-03,64764.0
MEAS-97f474cf,IND-4c8339bc,PROG-8c0627d6,,Kajiado,Tech,2026-04-01,2026-05-01,50164.0
MEAS-43438ab0,IND-4c8339bc,PROG-8c0627d6,,Kajiado,Tech,2026-06-01,2026-07-01,68243.0
MEAS-52ab6fd0,IND-4c8339bc,PROG-8c0627d6,,Kajiado,Tech,2026-07-01,2026-07-31,58921.0
MEAS-37305548,IND-4c8339bc,PROG-8c0627d6,,Kajiado,Tech,2026-08-01,2026-08-31,74668.0
MEAS-033c5dcf,IND-4c8339bc,PROG-ce4fe570,,Machakos,Tech,2025-09-01,2025-10-01,51224.0
MEAS-ba0e2d11,IND-4c8339bc,PROG-ce4fe570,,Machakos,Tech,2025-10-01,2025-10-31,84971.0
MEAS-3a700117,IND-4c8339bc,PROG-ce4fe570,,Machakos,Tech,2025-11-01,2025-12-01,83208.0
MEAS-9a439222,IND-4c8339bc,PROG-ce4fe570,,Machakos,Tech,2025-12-01,2025-12-31,57166.0
MEAS-395f066e,IND-4c8339bc,PROG-ce4fe570,,Machakos,Tech,2026-01-01,2026-01-31,78635.0
MEAS-4ecf8d7a,IND-4c8339bc,PROG-ce4fe570,,Machakos,Tech,2026-03-01,2026-03-31,59296.0
MEAS-911d4331,IND-4c8339bc,PROG-ce4fe570,,Machakos,Tech,2026-06-01,2026-07-01,73425.0
MEAS-b396a4d1,IND-4c8339bc,PROG-ce4fe570,,Machakos,Tech,2026-07-01,2026-07-31,54738.0
MEAS-11eca796,IND-4c8339bc,PROG-0a0324fa,,Kakamega,Vocational,2025-09-01,2025-10-01,54995.0
MEAS-cceda768,IND-4c8339bc,PROG-0a0324fa,,Kakamega,Vocational,2025-10-01,2025-10-31,64778.0
MEAS-6108377d,IND-4c8339bc,PROG-0a0324fa,,Kakamega,Vocational,2025-12-01,2025-12-31,53586.0
MEAS-b6176bee,IND-4c8339bc,PROG-0a0324fa,,Kakamega,Vocational,2026-01-01,2026-01-31,73675.0
MEAS-b0e24915,IND-4c8339bc,PROG-0a0324fa,,Kakamega,Vocational,2026-02-01,2026-03-03,68510.0
MEAS-6342d456,IND-4c8339bc,PROG-0a0324fa,,Kakamega,Vocational,2026-03-01,2026-03-31,70719.0
MEAS-32014f3e,IND-4c8339bc,PROG-0a0324fa,,Kakamega,Vocational,2026-06-01,2026-07-01,70130.0
MEAS-dfddfb29,IND-4c8339bc,PROG-0a0324fa,,Kakamega,Vocational,2026-07-01,2026-07-31,67335.0
MEAS-1021a51c,IND-4c8339bc,PROG-0a0324fa,,Kakamega,Vocational,2026-08-01,2026-08-31,76466.0
MEAS-f250c526,IND-4c8339bc,PROG-a2191006,,Eldoret,Vocational,2025-11-01,2025-12-01,74222.0
MEAS-499e8bcd,IND-4c8339bc,PROG-a2191006,,Eldoret,Vocational,2025-12-01,2025-12-31,56080.0
MEAS-cdcb9b84,IND-4c8339bc,PROG-a2191006,,Eldoret,Vocational,2026-01-01,2026-01-31,76724.0
MEAS-fd268263,IND-4c8339bc,PROG-a2191006,,Eldoret,Vocational,2026-02-01,2026-03-03,71478.0
MEAS-6ddb6e6f,IND-4c8339bc,PROG-a2191006,,Eldoret,Vocational,2026-03-01,2026-03-31,59437.0
MEAS-1d05a75a,IND-4c8339bc,PROG-a2191006,,Eldoret,Vocational,2026-04-01,2026-05-01,83632.0
MEAS-d994d74a,IND-4c8339bc,PROG-a2191006,,Eldoret,Vocational,2026-05-01,2026-05-31,74742.0
MEAS-4ce95f0c,IND-4c8339bc,PROG-a2191006,,Eldoret,Vocational,2026-08-01,2026-08-31,81246.0
MEAS-201b0c33,IND-4c8339bc,PROG-1b7c4853,,Kajiado,Vocational,2025-09-01,2025-10-01,67184.0
MEAS-7c12472a,IND-4c8339bc,PROG-1b7c4853,,Kajiado,Vocational,2025-10-01,2025-10-31,81089.0
MEAS-ba0633ad,IND-4c8339bc,PROG-1b7c4853,,Kajiado,Vocational,2025-11-01,2025-12-01,83874.0
MEAS-e4ccbcc5,IND-4c8339bc,PROG-055f2cd4,,Machakos,Tech,2025-09-01,2025-10-01,60677.0
MEAS-5d66db63,IND-4c8339bc,PROG-055f2cd4,,Machakos,Tech,2025-10-01,2025-10-31,67636.0
MEAS-5c49e0f2,IND-4c8339bc,PROG-055f2cd4,,Machakos,Tech,2025-11-01,2025-12-01,52275.0
MEAS-516a65e5,IND-4c8339bc,PROG-055f2cd4,,Machakos,Tech,2025-12-01,2025-12-31,69193.0
MEAS-5a75e1f5,IND-4c8339bc,PROG-055f2cd4,,Machakos,Tech,2026-01-01,2026-01-31,76159.0
MEAS-7c89abc8,IND-4c8339bc,PROG-055f2cd4,,Machakos,Tech,2026-03-01,2026-03-31,58191.0
MEAS-8cf4e823,IND-4c8339bc,PROG-055f2cd4,,Machakos,Tech,2026-04-01,2026-05-01,76634.0
MEAS-3d2d1409,IND-4c8339bc,PROG-055f2cd4,,Machakos,Tech,2026-05-01,2026-05-31,79029.0
MEAS-57792f6f,IND-4c8339bc,PROG-055f2cd4,,Machakos,Tech,2026-06-01,2026-07-01,75111.0
MEAS-dcffd757,IND-4c8339bc,PROG-055f2cd4,,Machakos,Tech,2026-07-01,2026-07-31,71794.0
MEAS-88304f98,IND-4c8339bc,PROG-055f2cd4,,Machakos,Tech,2026-08-01,2026-08-31,83303.0
MEAS-b476c3df,IND-4c8339bc,PROG-6a19579e,,Kajiado,Scholarship,2025-09-01,2025-10-01,78907.0
MEAS-a7b3eb57,IND-4c8339bc,PROG-6a19579e,,Kajiado,Scholarship,2025-12-01,2025-12-31,54470.0
MEAS-b73fb848,IND-4c8339bc,PROG-6a19579e,,Kajiado,Scholarship,2026-01-01,2026-01-31,59258.0
MEAS-4a9cd38c,IND-4c8339bc,PROG-6a19579e,,Kajiado,Scholarship,2026-02-01,2026-03-03,51383.0
MEAS-5de4332e,IND-4c8339bc,PROG-6a19579e,,Kajiado,Scholarship,2026-03-01,2026-03-31,72932.0
MEAS-a65ad889,IND-4c8339bc,PROG-6a19579e,,Kajiado,Scholarship,2026-04-01,2026-05-01,80446.0
MEAS-d07dae66,IND-4c8339bc,PROG-6a19579e,,Kajiado,Scholarship,2026-06-01,2026-07-01,75346.0
MEAS-17b1fc45,IND-4c8339bc,PROG-6a19579e,,Kajiado,Scholarship,2026-07-01,2026-07-31,66164.0
MEAS-3d9125e0,IND-4c8339bc,PROG-6a19579e,,Kajiado,Scholarship,2026-08-01,2026-08-31,76529.0
MEAS-cd5ba5db,IND-4c8339bc,PROG-cd1d2009,,Kiambu,Tech,2025-09-01,2025-10-01,51981.0
MEAS-aaa96604,IND-4c8339bc,PROG-cd1d2009,,Kiambu,Tech,2025-10-01,2025-10-31,74131.0
MEAS-0af1567a,IND-4c8339bc,PROG-cd1d2009,,Kiambu,Tech,2025-12-01,2025-12-31,69776.0
MEAS-b0e33d5c,IND-4c8339bc,PROG-cd1d2009,,Kiambu,Tech,2026-01-01,2026-01-31,62993.0
MEAS-f3906e13,IND-4c8339bc,PROG-cd1d2009,,Kiambu,Tech,2026-04-01,2026-05-01,52082.0
MEAS-cfe68b0c,IND-4c8339bc,PROG-cd1d2009,,Kiambu,Tech,2026-05-01,2026-05-31,71564.0
MEAS-2e9dc1e2,IND-4c8339bc,PROG-cd1d2009,,Kiambu,Tech,2026-06-01,2026-07-01,72200.0
MEAS-bb2398ed,IND-4c8339bc,PROG-cd1d2009,,Kiambu,Tech,2026-07-01,2026-07-31,76273.0
MEAS-d1440221,IND-4c8339bc,PROG-cd1d2009,,Kiambu,Tech,2026-08-01,2026-08-31,66297.0
MEAS-e82872df,IND-4c8339bc,PROG-e2877dc7,,Kiambu,Scholarship,2025-09-01,2025-10-01,75738.0
MEAS-069f3ede,IND-4c8339bc,PROG-e2877dc7,,Kiambu,Scholarship,2025-10-01,2025-10-31,76054.0
MEAS-61d19507,IND-4c8339bc,PROG-e2877dc7,,Kiambu,Scholarship,2026-01-01,2026-01-31,57164.0
MEAS-14aa14eb,IND-4c8339bc,PROG-e2877dc7,,Kiambu,Scholarship,2026-02-01,2026-03-03,52735.0
MEAS-c03682d6,IND-4c8339bc,PROG-e2877dc7,,Kiambu,Scholarship,2026-03-01,2026-03-31,60449.0
MEAS-2438f6de,IND-4c8339bc,PROG-e2877dc7,,Kiambu,Scholarship,2026-04-01,2026-05-01,60136.0
MEAS-bc9b10ea,IND-4c8339bc,PROG-e2877dc7,,Kiambu,Scholarship,2026-05-01,2026-05-31,81153.0
MEAS-f07709e1,IND-4c8339bc,PROG-e2877dc7,,Kiambu,Scholarship,2026-06-01,2026-07-01,57489.0
MEAS-f479d5d8,IND-4c8339bc,PROG-e2877dc7,,Kiambu,Scholarship,2026-07-01,2026-07-31,53776.0
MEAS-aa989109,IND-4c8339bc,PROG-1998575f,,Nyeri,Plus,2025-09-01,2025-10-01,56735.0
MEAS-22066533,IND-4c8339bc,PROG-1998575f,,Nyeri,Plus,2025-10-01,2025-10-31,65107.0
MEAS-09a28354,IND-4c8339bc,PROG-1998575f,,Nyeri,Plus,2025-11-01,2025-12-01,57529.0
MEAS-89ef9c71,IND-4c8339bc,PROG-1998575f,,Nyeri,Plus,2025-12-01,2025-12-31,55226.0
MEAS-684f147e,IND-4c8339bc,PROG-1998575f,,Nyeri,Plus,2026-01-01,2026-01-31,74306.0
MEAS-892bd750,IND-4c8339bc,PROG-1998575f,,Nyeri,Plus,2026-02-01,2026-03-03,82699.0
MEAS-5f4df9e0,IND-4c8339bc,PROG-1998575f,,Nyeri,Plus,2026-03-01,2026-03-31,51230.0
MEAS-702f2328,IND-4c8339bc,PROG-1998575f,,Nyeri,Plus,2026-04-01,2026-05-01,77280.0
MEAS-e3a881f0,IND-4c8339bc,PROG-1998575f,,Nyeri,Plus,2026-05-01,2026-05-31,81264.0
MEAS-387aa9b9,IND-4c8339bc,PROG-1998575f,,Nyeri,Plus,2026-06-01,2026-07-01,54744.0
MEAS-488d9065,IND-4c8339bc,PROG-1998575f,,Nyeri,Plus,2026-07-01,2026-07-31,56881.0
MEAS-b67ad739,IND-4c8339bc,PROG-36f507bd,,Kilifi,Plus,2025-09-01,2025-10-01,50349.0
MEAS-c3cd12a5,IND-4c8339bc,PROG-36f507bd,,Kilifi,Plus,2025-10-01,2025-10-31,71172.0
MEAS-97972570,IND-4c8339bc,PROG-36f507bd,,Kilifi,Plus,2025-11-01,2025-12-01,53352.0
MEAS-58e907cd,IND-4c8339bc,PROG-36f507bd,,Kilifi,Plus,2025-12-01,2025-12-31,61674.0
MEAS-0260f6dc,IND-4c8339bc,PROG-36f507bd,,Kilifi,Plus,2026-03-01,2026-03-31,66149.0
MEAS-5df9e777,IND-4c8339bc,PROG-36f507bd,,Kilifi,Plus,2026-04-01,2026-05-01,53132.0
MEAS-781b9489,IND-4c8339bc,PROG-36f507bd,,Kilifi,Plus,2026-06-01,2026-07-01,65801.0
MEAS-e67cd5ca,IND-4c8339bc,PROG-36f507bd,,Kilifi,Plus,2026-07-01,2026-07-31,53820.0
MEAS-de0fc629,IND-4c8339bc,PROG-36f507bd,,Kilifi,Plus,2026-08-01,2026-08-31,63324.0
MEAS-2ec069a4,IND-4c8339bc,PROG-adb8dd55,,Eldoret,Vocational,2025-09-01,2025-10-01,67826.0
MEAS-9c7db062,IND-4c8339bc,PROG-adb8dd55,,Eldoret,Vocational,2025-11-01,2025-12-01,67346.0
MEAS-9fd20786,IND-4c8339bc,PROG-adb8dd55,,Eldoret,Vocational,2025-12-01,2025-12-31,50873.0
MEAS-ef8a1430,IND-4c8339bc,PROG-adb8dd55,,Eldoret,Vocational,2026-02-01,2026-03-03,82272.0
MEAS-1ec47eed,IND-4c8339bc,PROG-adb8dd55,,Eldoret,Vocational,2026-07-01,2026-07-31,55851.0
MEAS-a3288930,IND-4c8339bc,PROG-bf6f2447,,Nakuru,Scholarship,2025-10-01,2025-10-31,50220.0
MEAS-813bb788,IND-4c8339bc,PROG-bf6f2447,,Nakuru,Scholarship,2025-11-01,2025-12-01,58571.0
MEAS-6971f62a,IND-4c8339bc,PROG-bf6f2447,,Nakuru,Scholarship,2025-12-01,2025-12-31,84243.0
MEAS-704b9dfb,IND-4c8339bc,PROG-bf6f2447,,Nakuru,Scholarship,2026-03-01,2026-03-31,77528.0
MEAS-7d50f5a9,IND-4c8339bc,PROG-bf6f2447,,Nakuru,Scholarship,2026-05-01,2026-05-31,55048.0
MEAS-5175c341,IND-4c8339bc,PROG-bf6f2447,,Nakuru,Scholarship,2026-06-01,2026-07-01,50539.0
MEAS-17c4cad7,IND-4c8339bc,PROG-bf6f2447,,Nakuru,Scholarship,2026-07-01,2026-07-31,57514.0
MEAS-a7f59298,IND-4c8339bc,PROG-bf6f2447,,Nakuru,Scholarship,2026-08-01,2026-08-31,76437.0
MEAS-ce6b3a47,IND-4c8339bc,PROG-5eed137e,,Kiambu,Plus,2025-09-01,2025-10-01,75640.0
MEAS-54a82486,IND-4c8339bc,PROG-5eed137e,,Kiambu,Plus,2025-12-01,2025-12-31,60678.0
MEAS-96860890,IND-4c8339bc,PROG-5eed137e,,Kiambu,Plus,2026-03-01,2026-03-31,56310.0
MEAS-219fa014,IND-4c8339bc,PROG-5eed137e,,Kiambu,Plus,2026-04-01,2026-05-01,57289.0
MEAS-775f0f94,IND-4c8339bc,PROG-5eed137e,,Kiambu,Plus,2026-05-01,2026-05-31,72454.0
MEAS-8b7c6573,IND-4c8339bc,PROG-5eed137e,,Kiambu,Plus,2026-06-01,2026-07-01,53303.0
MEAS-f118e752,IND-4c8339bc,PROG-5eed137e,,Kiambu,Plus,2026-08-01,2026-08-31,52762.0
MEAS-26d293e8,IND-4c8339bc,PROG-2b1fc634,,Nakuru,Plus,2025-09-01,2025-10-01,78642.0
MEAS-ebfa92a1,IND-4c8339bc,PROG-2b1fc634,,Nakuru,Plus,2025-11-01,2025-12-01,83974.0
MEAS-20f3df27,IND-4c8339bc,PROG-2b1fc634,,Nakuru,Plus,2025-12-01,2025-12-31,83181.0
MEAS-5e70a70f,IND-4c8339bc,PROG-2b1fc634,,Nakuru,Plus,2026-02-01,2026-03-03,68902.0
MEAS-2d0dbd15,IND-4c8339bc,PROG-2b1fc634,,Nakuru,Plus,2026-03-01,2026-03-31,51297.0
MEAS-b50dcb19,IND-4c8339bc,PROG-2b1fc634,,Nakuru,Plus,2026-04-01,2026-05-01,70124.0
MEAS-f3c839a6,IND-4c8339bc,PROG-2b1fc634,,Nakuru,Plus,2026-05-01,2026-05-31,83428.0
MEAS-bcc39813,IND-4c8339bc,PROG-2b1fc634,,Nakuru,Plus,2026-06-01,2026-07-01,82277.0
MEAS-3218f232,IND-4c8339bc,PROG-2b1fc634,,Nakuru,Plus,2026-07-01,2026-07-31,78190.0
MEAS-e0163cb7,IND-4c8339bc,PROG-2b1fc634,,Nakuru,Plus,2026-08-01,2026-08-31,64161.0
MEAS-2e8f39b1,IND-4c8339bc,PROG-7610ad3c,,Kajiado,Scholarship,2025-10-01,2025-10-31,71233.0
MEAS-84816b70,IND-4c8339bc,PROG-7610ad3c,,Kajiado,Scholarship,2025-11-01,2025-12-01,64477.0
MEAS-c9671808,IND-4c8339bc,PROG-7610ad3c,,Kajiado,Scholarship,2025-12-01,2025-12-31,64979.0
MEAS-6fe8ae8e,IND-4c8339bc,PROG-7610ad3c,,Kajiado,Scholarship,2026-03-01,2026-03-31,54442.0
MEAS-12806dd7,IND-4c8339bc,PROG-7610ad3c,,Kajiado,Scholarship,2026-04-01,2026-05-01,84969.0
MEAS-d2aa99f4,IND-4c8339bc,PROG-7610ad3c,,Kajiado,Scholarship,2026-06-01,2026-07-01,59423.0
MEAS-ab7ea59e,IND-4c8339bc,PROG-7610ad3c,,Kajiado,Scholarship,2026-07-01,2026-07-31,50827.0
MEAS-a0ae0995,IND-4c8339bc,PROG-62cc2bca,,Kisumu,Vocational,2025-09-01,2025-10-01,73007.0
MEAS-103a5448,IND-4c8339bc,PROG-62cc2bca,,Kisumu,Vocational,2025-12-01,2025-12-31,51139.0
MEAS-d7da6cda,IND-4c8339bc,PROG-62cc2bca,,Kisumu,Vocational,2026-01-01,2026-01-31,79623.0
MEAS-049a073d,IND-4c8339bc,PROG-62cc2bca,,Kisumu,Vocational,2026-02-01,2026-03-03,65301.0
MEAS-7b181e1a,IND-4c8339bc,PROG-62cc2bca,,Kisumu,Vocational,2026-03-01,2026-03-31,64128.0
MEAS-70ef9a91,IND-4c8339bc,PROG-8e0a016e,,Kajiado,Tech,2025-09-01,2025-10-01,71278.0
MEAS-9877b250,IND-4c8339bc,PROG-8e0a016e,,Kajiado,Tech,2025-11-01,2025-12-01,56908.0
MEAS-ef78ec7d,IND-4c8339bc,PROG-8e0a016e,,Kajiado,Tech,2025-12-01,2025-12-31,58066.0
MEAS-3c3c81ad,IND-4c8339bc,PROG-8e0a016e,,Kajiado,Tech,2026-01-01,2026-01-31,67845.0
MEAS-ff03a6dd,IND-4c8339bc,PROG-8e0a016e,,Kajiado,Tech,2026-02-01,2026-03-03,83059.0
MEAS-18c31a29,IND-4c8339bc,PROG-8e0a016e,,Kajiado,Tech,2026-03-01,2026-03-31,55520.0
MEAS-32667d73,IND-4c8339bc,PROG-8e0a016e,,Kajiado,Tech,2026-04-01,2026-05-01,83791.0
MEAS-d9282206,IND-4c8339bc,PROG-8e0a016e,,Kajiado,Tech,2026-05-01,2026-05-31,59601.0
MEAS-e1f464de,IND-4c8339bc,PROG-8e0a016e,,Kajiado,Tech,2026-06-01,2026-07-01,75005.0
MEAS-ae2ce53e,IND-4c8339bc,PROG-8e0a016e,,Kajiado,Tech,2026-07-01,2026-07-31,52307.0
MEAS-6e3296b7,IND-4c8339bc,PROG-8e0a016e,,Kajiado,Tech,2026-08-01,2026-08-31,76022.0
MEAS-c1fd1de4,IND-4c8339bc,PROG-c61e9529,,Meru,Plus,2025-09-01,2025-10-01,82858.0
MEAS-76c41e48,IND-4c8339bc,PROG-c61e9529,,Meru,Plus,2025-10-01,2025-10-31,50509.0
MEAS-e9a7ad7e,IND-4c8339bc,PROG-c61e9529,,Meru,Plus,2025-12-01,2025-12-31,57285.0
MEAS-184dac62,IND-4c8339bc,PROG-c61e9529,,Meru,Plus,2026-01-01,2026-01-31,52134.0
MEAS-64c99290,IND-4c8339bc,PROG-c61e9529,,Meru,Plus,2026-02-01,2026-03-03,68165.0
MEAS-40d42192,IND-4c8339bc,PROG-c61e9529,,Meru,Plus,2026-03-01,2026-03-31,60209.0
MEAS-cb64e305,IND-4c8339bc,PROG-c61e9529,,Meru,Plus,2026-05-01,2026-05-31,58375.0
MEAS-4d0e1256,IND-4c8339bc,PROG-c61e9529,,Meru,Plus,2026-06-01,2026-07-01,50169.0
MEAS-0f340422,IND-4c8339bc,PROG-c61e9529,,Meru,Plus,2026-07-01,2026-07-31,70011.0
MEAS-d00e9fb5,IND-4c8339bc,PROG-ced96c40,,Kakamega,Tech,2025-10-01,2025-10-31,54169.0
MEAS-4cb72394,IND-4c8339bc,PROG-ced96c40,,Kakamega,Tech,2025-12-01,2025-12-31,83423.0
MEAS-d2be0058,IND-4c8339bc,PROG-ced96c40,,Kakamega,Tech,2026-02-01,2026-03-03,76354.0
MEAS-1b6d3ffe,IND-4c8339bc,PROG-ced96c40,,Kakamega,Tech,2026-03-01,2026-03-31,78714.0
MEAS-510ca0f8,IND-4c8339bc,PROG-ced96c40,,Kakamega,Tech,2026-04-01,2026-05-01,67307.0
MEAS-9a7e3cf4,IND-4c8339bc,PROG-ced96c40,,Kakamega,Tech,2026-07-01,2026-07-31,68618.0
MEAS-4ce746c8,IND-4c8339bc,PROG-13c8fa5d,,Kiambu,Vocational,2025-11-01,2025-12-01,63587.0
MEAS-4166753b,IND-4c8339bc,PROG-13c8fa5d,,Kiambu,Vocational,2025-12-01,2025-12-31,75657.0
MEAS-b4cb9f3e,IND-4c8339bc,PROG-13c8fa5d,,Kiambu,Vocational,2026-01-01,2026-01-31,84615.0
MEAS-f8e6ce7e,IND-4c8339bc,PROG-13c8fa5d,,Kiambu,Vocational,2026-05-01,2026-05-31,66801.0
MEAS-680321dd,IND-4c8339bc,PROG-13c8fa5d,,Kiambu,Vocational,2026-06-01,2026-07-01,58573.0
MEAS-86e7fc81,IND-4c8339bc,PROG-13c8fa5d,,Kiambu,Vocational,2026-07-01,2026-07-31,82248.0
MEAS-f985bd57,IND-4c8339bc,PROG-c79012a6,,Nyeri,Scholarship,2025-10-01,2025-10-31,73950.0
MEAS-f031c911,IND-4c8339bc,PROG-c79012a6,,Nyeri,Scholarship,2025-11-01,2025-12-01,54156.0
MEAS-7384cebb,IND-4c8339bc,PROG-c79012a6,,Nyeri,Scholarship,2025-12-01,2025-12-31,79226.0
MEAS-bbbdf80f,IND-4c8339bc,PROG-c79012a6,,Nyeri,Scholarship,2026-02-01,2026-03-03,53364.0
MEAS-569d9bd4,IND-4c8339bc,PROG-c79012a6,,Nyeri,Scholarship,2026-04-01,2026-05-01,73175.0
MEAS-88fc20cd,IND-4c8339bc,PROG-c79012a6,,Nyeri,Scholarship,2026-05-01,2026-05-31,62928.0
MEAS-aa424088,IND-4c8339bc,PROG-c79012a6,,Nyeri,Scholarship,2026-06-01,2026-07-01,67544.0
MEAS-a5a7f1c4,IND-4c8339bc,PROG-c0c76118,,Kilifi,Scholarship,2025-09-01,2025-10-01,84047.0
MEAS-13eea164,IND-4c8339bc,PROG-c0c76118,,Kilifi,Scholarship,2025-10-01,2025-10-31,59092.0
MEAS-c04a1897,IND-4c8339bc,PROG-c0c76118,,Kilifi,Scholarship,2025-12-01,2025-12-31,62706.0
MEAS-6445ab9b,IND-4c8339bc,PROG-c0c76118,,Kilifi,Scholarship,2026-01-01,2026-01-31,58371.0
MEAS-7b507806,IND-4c8339bc,PROG-c0c76118,,Kilifi,Scholarship,2026-02-01,2026-03-03,51049.0
MEAS-cab484d4,IND-4c8339bc,PROG-c0c76118,,Kilifi,Scholarship,2026-03-01,2026-03-31,83021.0
MEAS-cb92ccb6,IND-4c8339bc,PROG-c0c76118,,Kilifi,Scholarship,2026-04-01,2026-05-01,58763.0
MEAS-2c4582e0,IND-4c8339bc,PROG-c0c76118,,Kilifi,Scholarship,2026-05-01,2026-05-31,74642.0
MEAS-8eb7adc0,IND-4c8339bc,PROG-c0c76118,,Kilifi,Scholarship,2026-07-01,2026-07-31,55189.0
MEAS-00e2c880,IND-4c8339bc,PROG-c0c76118,,Kilifi,Scholarship,2026-08-01,2026-08-31,52050.0
MEAS-a9b62438,IND-4c8339bc,PROG-3f636f97,,Kiambu,Tech,2025-09-01,2025-10-01,80843.0
MEAS-d1a75893,IND-4c8339bc,PROG-3f636f97,,Kiambu,Tech,2026-01-01,2026-01-31,53206.0
MEAS-379a7cf3,IND-4c8339bc,PROG-3f636f97,,Kiambu,Tech,2026-02-01,2026-03-03,82223.0
MEAS-acbb6b71,IND-4c8339bc,PROG-3f636f97,,Kiambu,Tech,2026-03-01,2026-03-31,67967.0
MEAS-5944a2e1,IND-4c8339bc,PROG-3f636f97,,Kiambu,Tech,2026-04-01,2026-05-01,76847.0
MEAS-949d34a8,IND-4c8339bc,PROG-3f636f97,,Kiambu,Tech,2026-06-01,2026-07-01,81174.0
MEAS-129eec81,IND-4c8339bc,PROG-3f636f97,,Kiambu,Tech,2026-07-01,2026-07-31,68581.0
MEAS-bf1f0fef,IND-4c8339bc,PROG-3f636f97,,Kiambu,Tech,2026-08-01,2026-08-31,52451.0
MEAS-4ffcaece,IND-4c8339bc,PROG-dbcb96bd,,Kisumu,Tech,2025-09-01,2025-10-01,61367.0
MEAS-23aa3c6e,IND-4c8339bc,PROG-dbcb96bd,,Kisumu,Tech,2025-10-01,2025-10-31,57959.0
MEAS-8b627a0e,IND-4c8339bc,PROG-dbcb96bd,,Kisumu,Tech,2025-12-01,2025-12-31,56743.0
MEAS-31619581,IND-4c8339bc,PROG-dbcb96bd,,Kisumu,Tech,2026-01-01,2026-01-31,83286.0
MEAS-41f8ded5,IND-4c8339bc,PROG-dbcb96bd,,Kisumu,Tech,2026-02-01,2026-03-03,84851.0
MEAS-0bad8214,IND-4c8339bc,PROG-dbcb96bd,,Kisumu,Tech,2026-03-01,2026-03-31,60313.0
MEAS-923ed1b2,IND-4c8339bc,PROG-dbcb96bd,,Kisumu,Tech,2026-04-01,2026-05-01,53315.0
MEAS-fcdfb829,IND-4c8339bc,PROG-dbcb96bd,,Kisumu,Tech,2026-07-01,2026-07-31,61621.0
MEAS-eba2c26c,IND-4c8339bc,PROG-dbcb96bd,,Kisumu,Tech,2026-08-01,2026-08-31,74032.0
MEAS-cfe7ec7a,IND-4c8339bc,PROG-e9384c4f,,Kiambu,Plus,2025-10-01,2025-10-31,77521.0
MEAS-b5c3d62c,IND-4c8339bc,PROG-e9384c4f,,Kiambu,Plus,2025-12-01,2025-12-31,50626.0
MEAS-08091d2b,IND-4c8339bc,PROG-e9384c4f,,Kiambu,Plus,2026-01-01,2026-01-31,81229.0
MEAS-49d75a7e,IND-4c8339bc,PROG-e9384c4f,,Kiambu,Plus,2026-02-01,2026-03-03,51110.0
MEAS-f82f7c48,IND-4c8339bc,PROG-e9384c4f,,Kiambu,Plus,2026-03-01,2026-03-31,56051.0
MEAS-c3dab7ef,IND-4c8339bc,PROG-e9384c4f,,Kiambu,Plus,2026-04-01,2026-05-01,64926.0
MEAS-8395cc5b,IND-4c8339bc,PROG-e9384c4f,,Kiambu,Plus,2026-05-01,2026-05-31,52984.0
MEAS-65dc6fe2,IND-4c8339bc,PROG-e9384c4f,,Kiambu,Plus,2026-06-01,2026-07-01,68283.0
MEAS-3be19dba,IND-4c8339bc,PROG-e9384c4f,,Kiambu,Plus,2026-07-01,2026-07-31,51037.0
MEAS-463d2293,IND-4c8339bc,,,,Scholarship,2025-10-01,2025-10-31,75725.0
MEAS-9f43d3eb,IND-4c8339bc,,,,Scholarship,2025-12-01,2025-12-31,62280.0
MEAS-27ba1e44,IND-4c8339bc,,,,Scholarship,2026-01-01,2026-01-31,72920.0
MEAS-d56a9864,IND-4c8339bc,,,,Scholarship,2026-02-01,2026-03-03,68632.0
MEAS-12c50f59,IND-4c8339bc,,,,Scholarship,2026-03-01,2026-03-31,67422.0
MEAS-e67922ed,IND-4c8339bc,,,,Scholarship,2026-04-01,2026-05-01,76300.0
MEAS-3ebdfc27,IND-4c8339bc,,,,Scholarship,2026-05-01,2026-05-31,78521.0
MEAS-d74862f8,IND-4c8339bc,,,,Plus,2025-09-01,2025-10-01,75389.0
MEAS-9a464ad5,IND-4c8339bc,,,,Plus,2025-11-01,2025-12-01,56220.0
MEAS-4edf4e28,IND-4c8339bc,,,,Plus,2025-12-01,2025-12-31,65393.0
MEAS-210968cc,IND-4c8339bc,,,,Plus,2026-03-01,2026-03-31,78883.0
MEAS-b6a2c549,IND-4c8339bc,,,,Plus,2026-04-01,2026-05-01,71771.0
MEAS-75361504,IND-4c8339bc,,,,Plus,2026-05-01,2026-05-31,50240.0
MEAS-140a5ea7,IND-4c8339bc,,,,Plus,2026-06-01,2026-07-01,76023.0
MEAS-0b7dcad3,IND-4c8339bc,,,,Plus,2026-08-01,2026-08-31,75616.0
MEAS-506e1808,IND-4c8339bc,,,,Vocational,2025-09-01,2025-10-01,55212.0
MEAS-f74967fb,IND-4c8339bc,,,,Vocational,2025-10-01,2025-10-31,69542.0
MEAS-4eb6cc37,IND-4c8339bc,,,,Vocational,2025-11-01,2025-12-01,67191.0
MEAS-d91aee01,IND-4c8339bc,,,,Vocational,2025-12-01,2025-12-31,55918.0
MEAS-94575ba5,IND-4c8339bc,,,,Vocational,2026-04-01,2026-05-01,66060.0
MEAS-6bf88e3a,IND-4c8339bc,,,,Vocational,2026-06-01,2026-07-01,84540.0
MEAS-5facb745,IND-4c8339bc,,,,Tech,2025-10-01,2025-10-31,62288.0
MEAS-2496497c,IND-4c8339bc,,,,Tech,2025-12-01,2025-12-31,55342.0
MEAS-9bcb86f1,IND-4c8339bc,,,,Tech,2026-01-01,2026-01-31,84425.0
MEAS-c384266a,IND-4c8339bc,,,,Tech,2026-04-01,2026-05-01,84923.0
MEAS-88307de1,IND-4c8339bc,,,,Tech,2026-06-01,2026-07-01,79969.0
MEAS-190faba7,IND-4c8339bc,,,,Tech,2026-07-01,2026-07-31,71824.0
MEAS-0a0cfd28,IND-4c8339bc,,,,Tech,2026-08-01,2026-08-31,79045.0
MEAS-e3e7c73b,IND-96777408,,,Nairobi,,2025-10-01,2025-10-31,57.89
MEAS-e57501af,IND-96777408,,,Nairobi,,2025-11-01,2025-12-01,71.09
MEAS-ee023f38,IND-96777408,,,Nairobi,,2025-12-01,2025-12-31,77.36
MEAS-4b6f215b,IND-96777408,,,Nairobi,,2026-03-01,2026-03-31,78.96
MEAS-47f0046b,IND-96777408,,,Nairobi,,2026-04-01,2026-05-01,54.81
MEAS-6aa8b7fa,IND-96777408,,,Nairobi,,2026-05-01,2026-05-31,81.55
MEAS-8512cc7c,IND-96777408,,,Nairobi,,2026-06-01,2026-07-01,75.93
MEAS-97ba3958,IND-96777408,,,Nairobi,,2026-08-01,2026-08-31,75.27
MEAS-43a4ac48,IND-96777408,,,Mombasa,,2025-09-01,2025-10-01,71.17
MEAS-9e1de711,IND-96777408,,,Mombasa,,2025-10-01,2025-10-31,60.77
MEAS-a09b33c5,IND-96777408,,,Mombasa,,2025-11-01,2025-12-01,86.94
MEAS-9f58ad54,IND-96777408,,,Mombasa,,2026-01-01,2026-01-31,100.0
MEAS-20f369ae,IND-96777408,,,Mombasa,,2026-02-01,2026-03-03,80.52
MEAS-e194f684,IND-96777408,,,Mombasa,,2026-03-01,2026-03-31,53.39
MEAS-4c0724c2,IND-96777408,,,Mombasa,,2026-05-01,2026-05-31,77.09
MEAS-50c45f9f,IND-96777408,,,Mombasa,,2026-06-01,2026-07-01,86.29
MEAS-95b9a0e4,IND-96777408,,,Mombasa,,2026-07-01,2026-07-31,89.83
MEAS-8fe2cb1d,IND-96777408,,,Mombasa,,2026-08-01,2026-08-31,72.28
MEAS-aa9b21cc,IND-96777408,,,Nakuru,,2025-09-01,2025-10-01,62.65
MEAS-d758605d,IND-96777408,,,Nakuru,,2025-10-01,2025-10-31,53.01
MEAS-104b7670,IND-96777408,,,Nakuru,,2026-02-01,2026-03-03,68.33
MEAS-18ea3f2c,IND-96777408,,,Nakuru,,2026-03-01,2026-03-31,93.26
MEAS-fc4f18fd,IND-96777408,,,Nakuru,,2026-05-01,2026-05-31,73.54
MEAS-e912b91a,IND-96777408,,,Kisumu,,2025-09-01,2025-10-01,70.28
MEAS-f8fb4629,IND-96777408,,,Kisumu,,2025-10-01,2025-10-31,79.47
MEAS-aab216fc,IND-96777408,,,Kisumu,,2025-12-01,2025-12-31,64.82
MEAS-c5eb7860,IND-96777408,,,Kisumu,,2026-02-01,2026-03-03,75.93
MEAS-11443b53,IND-96777408,,,Kisumu,,2026-03-01,2026-03-31,67.43
MEAS-35ab24ed,IND-96777408,,,Kisumu,,2026-04-01,2026-05-01,71.44
MEAS-a4845c69,IND-96777408,,,Kisumu,,2026-05-01,2026-05-31,57.31
MEAS-1dc090ab,IND-96777408,,,Kisumu,,2026-07-01,2026-07-31,87.68
MEAS-67291235,IND-96777408,,,Eldoret,,2025-09-01,2025-10-01,83.46
MEAS-c03370bd,IND-96777408,,,Eldoret,,2025-11-01,2025-12-01,89.18
MEAS-5120496e,IND-96777408,,,Eldoret,,2025-12-01,2025-12-31,79.11
MEAS-e4c265e7,IND-96777408,,,Eldoret,,2026-01-01,2026-01-31,79.9
MEAS-fdb73dbf,IND-96777408,,,Eldoret,,2026-03-01,2026-03-31,57.22
MEAS-bad8bb3c,IND-96777408,,,Eldoret,,2026-04-01,2026-05-01,67.39
MEAS-3e34279f,IND-96777408,,,Eldoret,,2026-05-01,2026-05-31,99.95
MEAS-1ab1f825,IND-96777408,,,Eldoret,,2026-07-01,2026-07-31,76.24
MEAS-dfa38220,IND-96777408,,,Kiambu,,2025-10-01,2025-10-31,75.82
MEAS-d54f526a,IND-96777408,,,Kiambu,,2025-11-01,2025-12-01,64.84
MEAS-c04add84,IND-96777408,,,Kiambu,,2026-01-01,2026-01-31,61.85
MEAS-05cfdfbc,IND-96777408,,,Kiambu,,2026-03-01,2026-03-31,90.21
MEAS-1df9095e,IND-96777408,,,Kiambu,,2026-08-01,2026-08-31,63.05
MEAS-3aed0ca5,IND-96777408,,,Machakos,,2025-09-01,2025-10-01,86.12
MEAS-10365890,IND-96777408,,,Machakos,,2026-01-01,2026-01-31,82.06
MEAS-32e21be9,IND-96777408,,,Machakos,,2026-02-01,2026-03-03,78.07
MEAS-3af7d362,IND-96777408,,,Machakos,,2026-03-01,2026-03-31,72.36
MEAS-815b162c,IND-96777408,,,Machakos,,2026-04-01,2026-05-01,74.45
MEAS-ad474612,IND-96777408,,,Machakos,,2026-06-01,2026-07-01,86.54
MEAS-84e55634,IND-96777408,,,Machakos,,2026-08-01,2026-08-31,61.75
MEAS-95e6a541,IND-96777408,,,Kajiado,,2025-09-01,2025-10-01,51.57
MEAS-e3d93d7d,IND-96777408,,,Kajiado,,2025-10-01,2025-10-31,80.75
MEAS-5450ecab,IND-96777408,,,Kajiado,,2026-01-01,2026-01-31,82.26
MEAS-c02bb013,IND-96777408,,,Kajiado,,2026-03-01,2026-03-31,90.1
MEAS-12d9d274,IND-96777408,,,Kajiado,,2026-04-01,2026-05-01,75.16
MEAS-5c6ebdbb,IND-96777408,,,Kajiado,,2026-07-01,2026-07-31,86.17
MEAS-17c43da3,IND-96777408,,,Meru,,2025-09-01,2025-10-01,60.83
MEAS-f7078b34,IND-96777408,,,Meru,,2025-11-01,2025-12-01,65.93
MEAS-92b9b8be,IND-96777408,,,Meru,,2025-12-01,2025-12-31,72.37
MEAS-06ca44e7,IND-96777408,,,Meru,,2026-01-01,2026-01-31,73.91
MEAS-531aca1f,IND-96777408,,,Meru,,2026-02-01,2026-03-03,84.93
MEAS-9d25a025,IND-96777408,,,Meru,,2026-05-01,2026-05-31,76.51
MEAS-6436e7da,IND-96777408,,,Meru,,2026-08-01,2026-08-31,57.59
MEAS-78395b10,IND-96777408,,,Nyeri,,2025-09-01,2025-10-01,81.49
MEAS-008e145f,IND-96777408,,,Nyeri,,2025-10-01,2025-10-31,61.52
MEAS-d0705d42,IND-96777408,,,Nyeri,,2026-01-01,2026-01-31,73.93
MEAS-46e6a9e4,IND-96777408,,,Nyeri,,2026-04-01,2026-05-01,65.83
MEAS-0a452ecc,IND-96777408,,,Nyeri,,2026-06-01,2026-07-01,100.0
MEAS-346a4a70,IND-96777408,,,Kilifi,,2025-09-01,2025-10-01,80.99
MEAS-a321545c,IND-96777408,,,Kilifi,,2025-11-01,2025-12-01,70.79
MEAS-bafdeb2d,IND-96777408,,,Kilifi,,2026-02-01,2026-03-03,69.92
MEAS-4d4c1fab,IND-96777408,,,Kilifi,,2026-03-01,2026-03-31,68.69
MEAS-8d37c4ba,IND-96777408,,,Kilifi,,2026-06-01,2026-07-01,63.62
MEAS-012d814d,IND-96777408,,,Kakamega,,2025-09-01,2025-10-01,63.46
MEAS-fde1993e,IND-96777408,,,Kakamega,,2026-01-01,2026-01-31,89.62
MEAS-6ba90cb8,IND-96777408,,,Kakamega,,2026-02-01,2026-03-03,79.55
MEAS-695a8ed4,IND-96777408,,,Kakamega,,2026-03-01,2026-03-31,68.31
MEAS-b52e9032,IND-96777408,,,,Scholarship,2026-03-01,2026-03-31,80.72
MEAS-71c17e33,IND-96777408,,,,Scholarship,2026-04-01,2026-05-01,60.8
MEAS-7fc4a43f,IND-96777408,,,,Scholarship,2026-05-01,2026-05-31,88.78
MEAS-47a25990,IND-96777408,,,,Plus,2025-09-01,2025-10-01,61.77
MEAS-38eba21f,IND-96777408,,,,Plus,2025-10-01,2025-10-31,78.91
MEAS-a3290894,IND-96777408,,,,Plus,2025-11-01,2025-12-01,81.19
MEAS-57681d3e,IND-96777408,,,,Plus,2025-12-01,2025-12-31,57.62
MEAS-ddff4121,IND-96777408,,,,Plus,2026-02-01,2026-03-03,88.37
MEAS-d5d3604d,IND-96777408,,,,Plus,2026-03-01,2026-03-31,69.92
MEAS-bbad3d52,IND-96777408,,,,Plus,2026-07-01,2026-07-31,63.25
MEAS-f208c201,IND-96777408,,,,Vocational,2025-09-01,2025-10-01,61.8
MEAS-957a09bc,IND-96777408,,,,Vocational,2025-11-01,2025-12-01,91.75
MEAS-cf0f9853,IND-96777408,,,,Vocational,2025-12-01,2025-12-31,69.71
MEAS-045ff408,IND-96777408,,,,Vocational,2026-01-01,2026-01-31,100.0
MEAS-f0d6fba9,IND-96777408,,,,Vocational,2026-04-01,2026-05-01,82.19
MEAS-3aa29515,IND-96777408,,,,Vocational,2026-05-01,2026-05-31,69.32
MEAS-c81ff61d,IND-96777408,,,,Vocational,2026-06-01,2026-07-01,71.07
MEAS-bf86db86,IND-96777408,,,,Vocational,2026-07-01,2026-07-31,45.41
MEAS-3d23044d,IND-96777408,,,,Tech,2025-09-01,2025-10-01,58.73
MEAS-8d85565d,IND-96777408,,,,Tech,2025-11-01,2025-12-01,76.4
MEAS-5b6e9f04,IND-96777408,,,,Tech,2026-02-01,2026-03-03,81.27
MEAS-a758bade,IND-96777408,,,,Tech,2026-03-01,2026-03-31,78.6
MEAS-4c748868,IND-96777408,,,,Tech,2026-08-01,2026-08-31,73.69
MEAS-29e8e7ec,IND-58c61bcd,PROG-db4ffd29,,Kisumu,Tech,2025-09-01,2025-10-01,93.0
MEAS-2ffa0ada,IND-58c61bcd,PROG-db4ffd29,,Kisumu,Tech,2025-10-01,2025-10-31,92.0
MEAS-8de3322e,IND-58c61bcd,PROG-db4ffd29,,Kisumu,Tech,2025-12-01,2025-12-31,17.0
MEAS-ddac6763,IND-58c61bcd,PROG-db4ffd29,,Kisumu,Tech,2026-01-01,2026-01-31,72.0
MEAS-8120f2cc,IND-58c61bcd,PROG-db4ffd29,,Kisumu,Tech,2026-02-01,2026-03-03,39.0
MEAS-a51540ad,IND-58c61bcd,PROG-db4ffd29,,Kisumu,Tech,2026-03-01,2026-03-31,33.0
MEAS-ab7be694,IND-58c61bcd,PROG-db4ffd29,,Kisumu,Tech,2026-05-01,2026-05-31,19.0
MEAS-9365c202,IND-58c61bcd,PROG-db4ffd29,,Kisumu,Tech,2026-07-01,2026-07-31,51.0
MEAS-6fff1ffd,IND-58c61bcd,PROG-ac2df7f6,,Mombasa,Plus,2025-09-01,2025-10-01,59.0
MEAS-73b7e886,IND-58c61bcd,PROG-ac2df7f6,,Mombasa,Plus,2025-10-01,2025-10-31,82.0
MEAS-ecc1849d,IND-58c61bcd,PROG-ac2df7f6,,Mombasa,Plus,2025-11-01,2025-12-01,43.0
MEAS-27a35e66,IND-58c61bcd,PROG-ac2df7f6,,Mombasa,Plus,2026-01-01,2026-01-31,77.0
MEAS-d107eb3b,IND-58c61bcd,PROG-ac2df7f6,,Mombasa,Plus,2026-02-01,2026-03-03,28.0
MEAS-ccb84388,IND-58c61bcd,PROG-ac2df7f6,,Mombasa,Plus,2026-04-01,2026-05-01,76.0
MEAS-6fab358d,IND-58c61bcd,PROG-ac2df7f6,,Mombasa,Plus,2026-07-01,2026-07-31,64.0
MEAS-96a0f2d4,IND-58c61bcd,PROG-ac2df7f6,,Mombasa,Plus,2026-08-01,2026-08-31,11.0
MEAS-82c88b63,IND-58c61bcd,PROG-286937a7,,Nyeri,Plus,2025-09-01,2025-10-01,58.0
MEAS-fbeb0fe4,IND-58c61bcd,PROG-286937a7,,Nyeri,Plus,2025-10-01,2025-10-31,28.0
MEAS-28cba778,IND-58c61bcd,PROG-286937a7,,Nyeri,Plus,2025-11-01,2025-12-01,18.0
MEAS-0023c721,IND-58c61bcd,PROG-286937a7,,Nyeri,Plus,2026-03-01,2026-03-31,80.0
MEAS-2cb8e10b,IND-58c61bcd,PROG-286937a7,,Nyeri,Plus,2026-05-01,2026-05-31,63.0
MEAS-dc364e02,IND-58c61bcd,PROG-286937a7,,Nyeri,Plus,2026-06-01,2026-07-01,55.0
MEAS-adf64522,IND-58c61bcd,PROG-286937a7,,Nyeri,Plus,2026-07-01,2026-07-31,37.0
MEAS-cc6efbce,IND-58c61bcd,PROG-e72db8da,,Mombasa,Tech,2025-09-01,2025-10-01,74.0
MEAS-19abc1d4,IND-58c61bcd,PROG-e72db8da,,Mombasa,Tech,2025-11-01,2025-12-01,62.0
MEAS-2933e8f2,IND-58c61bcd,PROG-e72db8da,,Mombasa,Tech,2026-01-01,2026-01-31,43.0
MEAS-8ce937dc,IND-58c61bcd,PROG-e72db8da,,Mombasa,Tech,2026-02-01,2026-03-03,76.0
MEAS-cfa565d6,IND-58c61bcd,PROG-e72db8da,,Mombasa,Tech,2026-04-01,2026-05-01,39.0
MEAS-5a307c66,IND-58c61bcd,PROG-e72db8da,,Mombasa,Tech,2026-05-01,2026-05-31,98.0
MEAS-79a7f981,IND-58c61bcd,PROG-e72db8da,,Mombasa,Tech,2026-06-01,2026-07-01,57.0
MEAS-64324ddd,IND-58c61bcd,PROG-e72db8da,,Mombasa,Tech,2026-08-01,2026-08-31,54.0
MEAS-a337279d,IND-58c61bcd,PROG-babac9c2,,Nairobi,Tech,2025-10-01,2025-10-31,87.0
MEAS-a66eaeea,IND-58c61bcd,PROG-babac9c2,,Nairobi,Tech,2025-12-01,2025-12-31,83.0
MEAS-2cbc9ea6,IND-58c61bcd,PROG-babac9c2,,Nairobi,Tech,2026-01-01,2026-01-31,20.0
MEAS-1ba7959e,IND-58c61bcd,PROG-babac9c2,,Nairobi,Tech,2026-03-01,2026-03-31,67.0
MEAS-7c9bb7c0,IND-58c61bcd,PROG-babac9c2,,Nairobi,Tech,2026-04-01,2026-05-01,42.0
MEAS-b9bb50ae,IND-58c61bcd,PROG-babac9c2,,Nairobi,Tech,2026-06-01,2026-07-01,97.0
MEAS-bec08e1b,IND-58c61bcd,PROG-babac9c2,,Nairobi,Tech,2026-07-01,2026-07-31,51.0
MEAS-1f34f28c,IND-58c61bcd,PROG-babac9c2,,Nairobi,Tech,2026-08-01,2026-08-31,17.0
MEAS-a572bd16,IND-58c61bcd,PROG-ce4fe570,,Machakos,Tech,2025-10-01,2025-10-31,69.0
MEAS-27f93243,IND-58c61bcd,PROG-ce4fe570,,Machakos,Tech,2025-11-01,2025-12-01,53.0
MEAS-ed8a29b8,IND-58c61bcd,PROG-ce4fe570,,Machakos,Tech,2025-12-01,2025-12-31,30.0
MEAS-eb05a4dc,IND-58c61bcd,PROG-ce4fe570,,Machakos,Tech,2026-01-01,2026-01-31,19.0
MEAS-24d783dd,IND-58c61bcd,PROG-ce4fe570,,Machakos,Tech,2026-02-01,2026-03-03,13.0
MEAS-858ad536,IND-58c61bcd,PROG-ce4fe570,,Machakos,Tech,2026-03-01,2026-03-31,77.0
MEAS-47f88d11,IND-58c61bcd,PROG-ce4fe570,,Machakos,Tech,2026-04-01,2026-05-01,33.0
MEAS-c985d19e,IND-58c61bcd,PROG-ce4fe570,,Machakos,Tech,2026-05-01,2026-05-31,61.0
MEAS-604535b4,IND-58c61bcd,PROG-ce4fe570,,Machakos,Tech,2026-07-01,2026-07-31,36.0
MEAS-cb3f30fb,IND-58c61bcd,PROG-ce4fe570,,Machakos,Tech,2026-08-01,2026-08-31,100.0
MEAS-2405867a,IND-58c61bcd,PROG-5eed137e,,Kiambu,Plus,2025-09-01,2025-10-01,92.0
MEAS-aa3c7a59,IND-58c61bcd,PROG-5eed137e,,Kiambu,Plus,2025-10-01,2025-10-31,23.0
MEAS-cdbad768,IND-58c61bcd,PROG-5eed137e,,Kiambu,Plus,2025-11-01,2025-12-01,19.0
MEAS-6250f635,IND-58c61bcd,PROG-5eed137e,,Kiambu,Plus,2026-02-01,2026-03-03,72.0
MEAS-4a8b8108,IND-58c61bcd,PROG-5eed137e,,Kiambu,Plus,2026-03-01,2026-03-31,25.0
MEAS-fb231e77,IND-58c61bcd,PROG-5eed137e,,Kiambu,Plus,2026-05-01,2026-05-31,31.0
MEAS-e84839e3,IND-58c61bcd,PROG-5eed137e,,Kiambu,Plus,2026-06-01,2026-07-01,47.0
MEAS-dd0fe277,IND-58c61bcd,PROG-5eed137e,,Kiambu,Plus,2026-07-01,2026-07-31,79.0
MEAS-3898b491,IND-58c61bcd,PROG-5eed137e,,Kiambu,Plus,2026-08-01,2026-08-31,46.0
MEAS-d8868875,IND-58c61bcd,PROG-abe72372,,Nakuru,Tech,2025-09-01,2025-10-01,80.0
MEAS-422c0e49,IND-58c61bcd,PROG-abe72372,,Nakuru,Tech,2025-10-01,2025-10-31,80.0
MEAS-f405b14d,IND-58c61bcd,PROG-abe72372,,Nakuru,Tech,2025-11-01,2025-12-01,57.0
MEAS-2c7b6071,IND-58c61bcd,PROG-abe72372,,Nakuru,Tech,2025-12-01,2025-12-31,23.0
MEAS-27277416,IND-58c61bcd,PROG-abe72372,,Nakuru,Tech,2026-03-01,2026-03-31,84.0
MEAS-75a3ec42,IND-58c61bcd,PROG-abe72372,,Nakuru,Tech,2026-05-01,2026-05-31,13.0
MEAS-021d2554,IND-58c61bcd,PROG-6311eff0,,Mombasa,Plus,2025-11-01,2025-12-01,44.0
MEAS-5a3e06e3,IND-58c61bcd,PROG-6311eff0,,Mombasa,Plus,2025-12-01,2025-12-31,60.0
MEAS-60eb9af0,IND-58c61bcd,PROG-6311eff0,,Mombasa,Plus,2026-01-01,2026-01-31,19.0
MEAS-02cdc704,IND-58c61bcd,PROG-6311eff0,,Mombasa,Plus,2026-02-01,2026-03-03,79.0
MEAS-6527826e,IND-58c61bcd,PROG-6311eff0,,Mombasa,Plus,2026-03-01,2026-03-31,19.0
MEAS-7f3939c3,IND-58c61bcd,PROG-6311eff0,,Mombasa,Plus,2026-04-01,2026-05-01,12.0
MEAS-083f6510,IND-58c61bcd,PROG-6311eff0,,Mombasa,Plus,2026-07-01,2026-07-31,34.0
MEAS-238817e4,IND-58c61bcd,PROG-6311eff0,,Mombasa,Plus,2026-08-01,2026-08-31,15.0
MEAS-dbdcc259,IND-58c61bcd,PROG-c61e9529,,Meru,Plus,2025-10-01,2025-10-31,14.0
MEAS-a6a88e1f,IND-58c61bcd,PROG-c61e9529,,Meru,Plus,2025-11-01,2025-12-01,35.0
MEAS-3cb74830,IND-58c61bcd,PROG-c61e9529,,Meru,Plus,2025-12-01,2025-12-31,62.0
MEAS-7e26e903,IND-58c61bcd,PROG-c61e9529,,Meru,Plus,2026-02-01,2026-03-03,45.0
MEAS-990e52d8,IND-58c61bcd,PROG-c61e9529,,Meru,Plus,2026-03-01,2026-03-31,38.0
MEAS-46c7df59,IND-58c61bcd,PROG-c61e9529,,Meru,Plus,2026-06-01,2026-07-01,82.0
MEAS-4f6ae9f3,IND-58c61bcd,PROG-c61e9529,,Meru,Plus,2026-07-01,2026-07-31,66.0
MEAS-edb85257,IND-58c61bcd,PROG-c61e9529,,Meru,Plus,2026-08-01,2026-08-31,40.0
MEAS-afedf19a,IND-58c61bcd,PROG-4f7dd3ef,,Kilifi,Tech,2025-10-01,2025-10-31,38.0
MEAS-8c029c57,IND-58c61bcd,PROG-4f7dd3ef,,Kilifi,Tech,2025-12-01,2025-12-31,60.0
MEAS-34d234e1,IND-58c61bcd,PROG-4f7dd3ef,,Kilifi,Tech,2026-02-01,2026-03-03,17.0
MEAS-9a9feb6c,IND-58c61bcd,PROG-4f7dd3ef,,Kilifi,Tech,2026-03-01,2026-03-31,54.0
MEAS-0ff69c0b,IND-58c61bcd,PROG-4f7dd3ef,,Kilifi,Tech,2026-04-01,2026-05-01,88.0
MEAS-e4fb075d,IND-58c61bcd,PROG-4f7dd3ef,,Kilifi,Tech,2026-06-01,2026-07-01,23.0
MEAS-4dd0758e,IND-58c61bcd,PROG-4f7dd3ef,,Kilifi,Tech,2026-07-01,2026-07-31,38.0
MEAS-2ebf6f2d,IND-58c61bcd,PROG-c4a7a0a8,,Kilifi,Plus,2025-09-01,2025-10-01,69.0
MEAS-6cf93595,IND-58c61bcd,PROG-c4a7a0a8,,Kilifi,Plus,2025-12-01,2025-12-31,79.0
MEAS-e6f6b20d,IND-58c61bcd,PROG-c4a7a0a8,,Kilifi,Plus,2026-02-01,2026-03-03,83.0
MEAS-2ee80a9f,IND-58c61bcd,PROG-c4a7a0a8,,Kilifi,Plus,2026-03-01,2026-03-31,59.0
MEAS-d3493843,IND-58c61bcd,PROG-c4a7a0a8,,Kilifi,Plus,2026-04-01,2026-05-01,93.0
MEAS-e00ea509,IND-58c61bcd,PROG-c4a7a0a8,,Kilifi,Plus,2026-05-01,2026-05-31,82.0
MEAS-efbe0a44,IND-58c61bcd,PROG-c4a7a0a8,,Kilifi,Plus,2026-07-01,2026-07-31,65.0
MEAS-41ed6152,IND-58c61bcd,PROG-36f507bd,,Kilifi,Plus,2025-09-01,2025-10-01,92.0
MEAS-7222c17e,IND-58c61bcd,PROG-36f507bd,,Kilifi,Plus,2025-10-01,2025-10-31,31.0
MEAS-43b5771e,IND-58c61bcd,PROG-36f507bd,,Kilifi,Plus,2025-11-01,2025-12-01,31.0
MEAS-21cc1a3d,IND-58c61bcd,PROG-36f507bd,,Kilifi,Plus,2025-12-01,2025-12-31,48.0
MEAS-2eacfbba,IND-58c61bcd,PROG-36f507bd,,Kilifi,Plus,2026-01-01,2026-01-31,36.0
MEAS-783764ac,IND-58c61bcd,PROG-36f507bd,,Kilifi,Plus,2026-02-01,2026-03-03,43.0
MEAS-3f3b7aa2,IND-58c61bcd,PROG-36f507bd,,Kilifi,Plus,2026-03-01,2026-03-31,90.0
MEAS-10249ae3,IND-58c61bcd,PROG-36f507bd,,Kilifi,Plus,2026-04-01,2026-05-01,12.0
MEAS-be9f19b2,IND-58c61bcd,PROG-36f507bd,,Kilifi,Plus,2026-05-01,2026-05-31,10.0
MEAS-3ba3acd3,IND-58c61bcd,PROG-36f507bd,,Kilifi,Plus,2026-06-01,2026-07-01,79.0
MEAS-d26023a4,IND-58c61bcd,PROG-36f507bd,,Kilifi,Plus,2026-07-01,2026-07-31,10.0
MEAS-3a9461cc,IND-58c61bcd,PROG-36f507bd,,Kilifi,Plus,2026-08-01,2026-08-31,73.0
MEAS-e845fbe5,IND-58c61bcd,PROG-e80397c9,,Machakos,Scholarship,2025-12-01,2025-12-31,15.0
MEAS-fa9bb7f0,IND-58c61bcd,PROG-e80397c9,,Machakos,Scholarship,2026-01-01,2026-01-31,95.0
MEAS-90a169b0,IND-58c61bcd,PROG-e80397c9,,Machakos,Scholarship,2026-03-01,2026-03-31,31.0
MEAS-ab4bbf04,IND-58c61bcd,PROG-e80397c9,,Machakos,Scholarship,2026-04-01,2026-05-01,31.0
MEAS-6bcf5776,IND-58c61bcd,PROG-e80397c9,,Machakos,Scholarship,2026-05-01,2026-05-31,19.0
MEAS-2faf6f04,IND-58c61bcd,PROG-324887b3,,Mombasa,Scholarship,2025-10-01,2025-10-31,14.0
MEAS-ffa917e4,IND-58c61bcd,PROG-324887b3,,Mombasa,Scholarship,2025-11-01,2025-12-01,79.0
MEAS-7d3385bc,IND-58c61bcd,PROG-324887b3,,Mombasa,Scholarship,2025-12-01,2025-12-31,14.0
MEAS-3921e4c8,IND-58c61bcd,PROG-324887b3,,Mombasa,Scholarship,2026-01-01,2026-01-31,32.0
MEAS-28c75a73,IND-58c61bcd,PROG-324887b3,,Mombasa,Scholarship,2026-03-01,2026-03-31,34.0
MEAS-901a664a,IND-58c61bcd,PROG-324887b3,,Mombasa,Scholarship,2026-04-01,2026-05-01,32.0
MEAS-9462d160,IND-58c61bcd,PROG-324887b3,,Mombasa,Scholarship,2026-05-01,2026-05-31,31.0
MEAS-3fb8d63c,IND-58c61bcd,PROG-324887b3,,Mombasa,Scholarship,2026-06-01,2026-07-01,18.0
MEAS-f302e24f,IND-58c61bcd,PROG-324887b3,,Mombasa,Scholarship,2026-07-01,2026-07-31,57.0
MEAS-0fd83f46,IND-58c61bcd,PROG-4f9acb42,,Eldoret,Plus,2025-10-01,2025-10-31,17.0
MEAS-d4a63692,IND-58c61bcd,PROG-4f9acb42,,Eldoret,Plus,2025-11-01,2025-12-01,38.0
MEAS-30319d51,IND-58c61bcd,PROG-4f9acb42,,Eldoret,Plus,2026-01-01,2026-01-31,97.0
MEAS-52ed761c,IND-58c61bcd,PROG-4f9acb42,,Eldoret,Plus,2026-03-01,2026-03-31,61.0
MEAS-53d701f9,IND-58c61bcd,PROG-4f9acb42,,Eldoret,Plus,2026-04-01,2026-05-01,80.0
MEAS-720baf1c,IND-58c61bcd,PROG-4f9acb42,,Eldoret,Plus,2026-06-01,2026-07-01,36.0
MEAS-0cc43fc4,IND-58c61bcd,PROG-4f9acb42,,Eldoret,Plus,2026-07-01,2026-07-31,41.0
MEAS-00ad60be,IND-58c61bcd,PROG-4f9acb42,,Eldoret,Plus,2026-08-01,2026-08-31,30.0
MEAS-4add0c5c,IND-58c61bcd,PROG-3cc79871,,Kisumu,Scholarship,2025-09-01,2025-10-01,41.0
MEAS-1860be0d,IND-58c61bcd,PROG-3cc79871,,Kisumu,Scholarship,2025-10-01,2025-10-31,30.0
MEAS-ca4e6161,IND-58c61bcd,PROG-3cc79871,,Kisumu,Scholarship,2025-11-01,2025-12-01,26.0
MEAS-bf70768f,IND-58c61bcd,PROG-3cc79871,,Kisumu,Scholarship,2025-12-01,2025-12-31,78.0
MEAS-d2f9f34d,IND-58c61bcd,PROG-3cc79871,,Kisumu,Scholarship,2026-01-01,2026-01-31,82.0
MEAS-f8538c00,IND-58c61bcd,PROG-3cc79871,,Kisumu,Scholarship,2026-03-01,2026-03-31,92.0
MEAS-abe1af66,IND-58c61bcd,PROG-3cc79871,,Kisumu,Scholarship,2026-04-01,2026-05-01,26.0
MEAS-ac78c5f9,IND-58c61bcd,PROG-3cc79871,,Kisumu,Scholarship,2026-08-01,2026-08-31,84.0
MEAS-d574f26d,IND-58c61bcd,PROG-1998575f,,Nyeri,Plus,2025-09-01,2025-10-01,52.0
MEAS-bea25d29,IND-58c61bcd,PROG-1998575f,,Nyeri,Plus,2025-11-01,2025-12-01,88.0
MEAS-ab3ad4ea,IND-58c61bcd,PROG-1998575f,,Nyeri,Plus,2025-12-01,2025-12-31,27.0
MEAS-a07f9c17,IND-58c61bcd,PROG-1998575f,,Nyeri,Plus,2026-02-01,2026-03-03,41.0
MEAS-403496f6,IND-58c61bcd,PROG-1998575f,,Nyeri,Plus,2026-04-01,2026-05-01,19.0
MEAS-5c3840b4,IND-58c61bcd,PROG-1998575f,,Nyeri,Plus,2026-05-01,2026-05-31,49.0
MEAS-0633b3c5,IND-58c61bcd,PROG-1998575f,,Nyeri,Plus,2026-06-01,2026-07-01,45.0
MEAS-29c8cf9b,IND-58c61bcd,PROG-1998575f,,Nyeri,Plus,2026-07-01,2026-07-31,11.0
MEAS-e2345b34,IND-58c61bcd,PROG-1998575f,,Nyeri,Plus,2026-08-01,2026-08-31,86.0
MEAS-5718ed51,IND-58c61bcd,PROG-e2877dc7,,Kiambu,Scholarship,2025-10-01,2025-10-31,21.0
MEAS-78e33571,IND-58c61bcd,PROG-e2877dc7,,Kiambu,Scholarship,2025-11-01,2025-12-01,67.0
MEAS-fb04197f,IND-58c61bcd,PROG-e2877dc7,,Kiambu,Scholarship,2025-12-01,2025-12-31,22.0
MEAS-176d1ccb,IND-58c61bcd,PROG-e2877dc7,,Kiambu,Scholarship,2026-01-01,2026-01-31,33.0
MEAS-d94076e1,IND-58c61bcd,PROG-e2877dc7,,Kiambu,Scholarship,2026-02-01,2026-03-03,19.0
MEAS-75d685b7,IND-58c61bcd,PROG-e2877dc7,,Kiambu,Scholarship,2026-04-01,2026-05-01,57.0
MEAS-dc3dc418,IND-58c61bcd,PROG-e2877dc7,,Kiambu,Scholarship,2026-05-01,2026-05-31,61.0
MEAS-b208e05e,IND-58c61bcd,PROG-e2877dc7,,Kiambu,Scholarship,2026-06-01,2026-07-01,64.0
MEAS-59b171d0,IND-58c61bcd,PROG-e2877dc7,,Kiambu,Scholarship,2026-08-01,2026-08-31,50.0
MEAS-2f43d625,IND-58c61bcd,PROG-1619daa0,,Mombasa,Scholarship,2025-09-01,2025-10-01,75.0
MEAS-491349db,IND-58c61bcd,PROG-1619daa0,,Mombasa,Scholarship,2025-10-01,2025-10-31,61.0
MEAS-a9006fc5,IND-58c61bcd,PROG-1619daa0,,Mombasa,Scholarship,2025-11-01,2025-12-01,23.0
MEAS-6e240d2b,IND-58c61bcd,PROG-1619daa0,,Mombasa,Scholarship,2026-01-01,2026-01-31,13.0
MEAS-d200c1fa,IND-58c61bcd,PROG-1619daa0,,Mombasa,Scholarship,2026-03-01,2026-03-31,67.0
MEAS-f7bf19ea,IND-58c61bcd,PROG-1619daa0,,Mombasa,Scholarship,2026-05-01,2026-05-31,10.0
MEAS-616f85ba,IND-58c61bcd,PROG-1619daa0,,Mombasa,Scholarship,2026-06-01,2026-07-01,30.0
MEAS-fe0e75b1,IND-58c61bcd,PROG-1619daa0,,Mombasa,Scholarship,2026-07-01,2026-07-31,78.0
MEAS-821d2146,IND-58c61bcd,PROG-f051b9cf,,Kilifi,Plus,2025-09-01,2025-10-01,27.0
MEAS-1f2c0d8b,IND-58c61bcd,PROG-f051b9cf,,Kilifi,Plus,2025-10-01,2025-10-31,34.0
MEAS-3565ea18,IND-58c61bcd,PROG-f051b9cf,,Kilifi,Plus,2025-11-01,2025-12-01,23.0
MEAS-a0614602,IND-58c61bcd,PROG-f051b9cf,,Kilifi,Plus,2025-12-01,2025-12-31,98.0
MEAS-321e34b0,IND-58c61bcd,PROG-f051b9cf,,Kilifi,Plus,2026-01-01,2026-01-31,52.0
MEAS-fcb7c7ee,IND-58c61bcd,PROG-f051b9cf,,Kilifi,Plus,2026-02-01,2026-03-03,50.0
MEAS-393ece3a,IND-58c61bcd,PROG-f051b9cf,,Kilifi,Plus,2026-03-01,2026-03-31,36.0
MEAS-5b041e1c,IND-58c61bcd,PROG-f051b9cf,,Kilifi,Plus,2026-05-01,2026-05-31,84.0
MEAS-1e4dca7d,IND-58c61bcd,PROG-f051b9cf,,Kilifi,Plus,2026-06-01,2026-07-01,48.0
MEAS-33676093,IND-58c61bcd,PROG-f051b9cf,,Kilifi,Plus,2026-07-01,2026-07-31,16.0
MEAS-def66b63,IND-58c61bcd,PROG-f051b9cf,,Kilifi,Plus,2026-08-01,2026-08-31,66.0
MEAS-621457c4,IND-58c61bcd,PROG-9847dded,,Nyeri,Scholarship,2025-09-01,2025-10-01,85.0
MEAS-0789cf00,IND-58c61bcd,PROG-9847dded,,Nyeri,Scholarship,2025-10-01,2025-10-31,27.0
MEAS-2aa852cc,IND-58c61bcd,PROG-9847dded,,Nyeri,Scholarship,2025-11-01,2025-12-01,87.0
MEAS-e5c58e55,IND-58c61bcd,PROG-9847dded,,Nyeri,Scholarship,2026-01-01,2026-01-31,42.0
MEAS-7486f8b5,IND-58c61bcd,PROG-9847dded,,Nyeri,Scholarship,2026-03-01,2026-03-31,21.0
MEAS-226bebbf,IND-58c61bcd,PROG-9847dded,,Nyeri,Scholarship,2026-04-01,2026-05-01,40.0
MEAS-528dac04,IND-58c61bcd,PROG-9847dded,,Nyeri,Scholarship,2026-06-01,2026-07-01,96.0
MEAS-346fc2ba,IND-58c61bcd,PROG-9847dded,,Nyeri,Scholarship,2026-07-01,2026-07-31,79.0
MEAS-d00b6d47,IND-58c61bcd,PROG-cd46d603,,Kisumu,Scholarship,2025-09-01,2025-10-01,10.0
MEAS-088f9efb,IND-58c61bcd,PROG-cd46d603,,Kisumu,Scholarship,2025-10-01,2025-10-31,79.0
MEAS-4e07e8fe,IND-58c61bcd,PROG-cd46d603,,Kisumu,Scholarship,2025-11-01,2025-12-01,15.0
MEAS-0195b110,IND-58c61bcd,PROG-cd46d603,,Kisumu,Scholarship,2025-12-01,2025-12-31,91.0
MEAS-11677938,IND-58c61bcd,PROG-cd46d603,,Kisumu,Scholarship,2026-01-01,2026-01-31,83.0
MEAS-54561f4e,IND-58c61bcd,PROG-cd46d603,,Kisumu,Scholarship,2026-02-01,2026-03-03,36.0
MEAS-a9ecbec2,IND-58c61bcd,PROG-cd46d603,,Kisumu,Scholarship,2026-05-01,2026-05-31,81.0
MEAS-ee86f9c3,IND-58c61bcd,PROG-cd46d603,,Kisumu,Scholarship,2026-06-01,2026-07-01,22.0
MEAS-de1f378e,IND-58c61bcd,PROG-cd46d603,,Kisumu,Scholarship,2026-07-01,2026-07-31,89.0
MEAS-e2d0ab1a,IND-58c61bcd,PROG-3efe6266,,Kiambu,Tech,2025-09-01,2025-10-01,69.0
MEAS-124e98e1,IND-58c61bcd,PROG-3efe6266,,Kiambu,Tech,2025-11-01,2025-12-01,65.0
MEAS-e9d09e4c,IND-58c61bcd,PROG-3efe6266,,Kiambu,Tech,2025-12-01,2025-12-31,76.0
MEAS-64dcb270,IND-58c61bcd,PROG-3efe6266,,Kiambu,Tech,2026-01-01,2026-01-31,74.0
MEAS-3e890fe2,IND-58c61bcd,PROG-3efe6266,,Kiambu,Tech,2026-03-01,2026-03-31,77.0
MEAS-4704c7e8,IND-58c61bcd,PROG-3efe6266,,Kiambu,Tech,2026-04-01,2026-05-01,79.0
MEAS-9b363981,IND-58c61bcd,PROG-3efe6266,,Kiambu,Tech,2026-05-01,2026-05-31,51.0
MEAS-557caf7d,IND-58c61bcd,PROG-3efe6266,,Kiambu,Tech,2026-06-01,2026-07-01,100.0
MEAS-f585fdc7,IND-58c61bcd,PROG-3efe6266,,Kiambu,Tech,2026-08-01,2026-08-31,32.0
MEAS-cf18d43f,IND-58c61bcd,PROG-8cf15bc4,,Nairobi,Vocational,2025-09-01,2025-10-01,75.0
MEAS-c8ed4450,IND-58c61bcd,PROG-8cf15bc4,,Nairobi,Vocational,2025-10-01,2025-10-31,71.0
MEAS-40597c37,IND-58c61bcd,PROG-8cf15bc4,,Nairobi,Vocational,2025-11-01,2025-12-01,84.0
MEAS-eec6ad5d,IND-58c61bcd,PROG-8cf15bc4,,Nairobi,Vocational,2026-01-01,2026-01-31,37.0
MEAS-1de041e2,IND-58c61bcd,PROG-8cf15bc4,,Nairobi,Vocational,2026-03-01,2026-03-31,50.0
MEAS-b4589d43,IND-58c61bcd,PROG-8cf15bc4,,Nairobi,Vocational,2026-05-01,2026-05-31,84.0
MEAS-a4f978a7,IND-58c61bcd,PROG-8cf15bc4,,Nairobi,Vocational,2026-06-01,2026-07-01,81.0
MEAS-afccca5c,IND-58c61bcd,PROG-8cf15bc4,,Nairobi,Vocational,2026-07-01,2026-07-31,33.0
MEAS-8cc4cac1,IND-58c61bcd,PROG-43b7f932,,Nyeri,Tech,2025-09-01,2025-10-01,23.0
MEAS-42f07c73,IND-58c61bcd,PROG-43b7f932,,Nyeri,Tech,2025-10-01,2025-10-31,55.0
MEAS-9543b676,IND-58c61bcd,PROG-43b7f932,,Nyeri,Tech,2025-12-01,2025-12-31,91.0
MEAS-0b5774db,IND-58c61bcd,PROG-43b7f932,,Nyeri,Tech,2026-01-01,2026-01-31,48.0
MEAS-f0b7cd7b,IND-58c61bcd,PROG-43b7f932,,Nyeri,Tech,2026-02-01,2026-03-03,80.0
MEAS-38c3cc94,IND-58c61bcd,PROG-43b7f932,,Nyeri,Tech,2026-03-01,2026-03-31,85.0
MEAS-3fac07fc,IND-58c61bcd,PROG-43b7f932,,Nyeri,Tech,2026-06-01,2026-07-01,21.0
MEAS-58949bf8,IND-58c61bcd,PROG-43b7f932,,Nyeri,Tech,2026-08-01,2026-08-31,30.0
MEAS-daa4f1fe,IND-58c61bcd,PROG-c46cb3c8,,Machakos,Scholarship,2025-09-01,2025-10-01,45.0
MEAS-d6c87503,IND-58c61bcd,PROG-c46cb3c8,,Machakos,Scholarship,2025-10-01,2025-10-31,82.0
MEAS-b7288b83,IND-58c61bcd,PROG-c46cb3c8,,Machakos,Scholarship,2025-11-01,2025-12-01,86.0
MEAS-81bb46d2,IND-58c61bcd,PROG-c46cb3c8,,Machakos,Scholarship,2025-12-01,2025-12-31,11.0
MEAS-5edcd1f0,IND-58c61bcd,PROG-c46cb3c8,,Machakos,Scholarship,2026-01-01,2026-01-31,93.0
MEAS-2fdc96f8,IND-58c61bcd,PROG-c46cb3c8,,Machakos,Scholarship,2026-02-01,2026-03-03,31.0
MEAS-afcac630,IND-58c61bcd,PROG-c46cb3c8,,Machakos,Scholarship,2026-04-01,2026-05-01,27.0
MEAS-edfb9d09,IND-58c61bcd,PROG-c46cb3c8,,Machakos,Scholarship,2026-05-01,2026-05-31,10.0
MEAS-e8efa933,IND-58c61bcd,PROG-c46cb3c8,,Machakos,Scholarship,2026-06-01,2026-07-01,53.0
MEAS-e5769d37,IND-58c61bcd,PROG-c46cb3c8,,Machakos,Scholarship,2026-08-01,2026-08-31,84.0
MEAS-9ced746e,IND-58c61bcd,PROG-02a826e9,,Kiambu,Plus,2025-09-01,2025-10-01,34.0
MEAS-f5996f78,IND-58c61bcd,PROG-02a826e9,,Kiambu,Plus,2025-10-01,2025-10-31,71.0
MEAS-7d23566e,IND-58c61bcd,PROG-02a826e9,,Kiambu,Plus,2025-12-01,2025-12-31,12.0
MEAS-78c95b89,IND-58c61bcd,PROG-02a826e9,,Kiambu,Plus,2026-02-01,2026-03-03,16.0
MEAS-4e4581ce,IND-58c61bcd,PROG-02a826e9,,Kiambu,Plus,2026-04-01,2026-05-01,38.0
MEAS-643c9840,IND-58c61bcd,PROG-02a826e9,,Kiambu,Plus,2026-05-01,2026-05-31,35.0
MEAS-90b5ca4d,IND-58c61bcd,PROG-02a826e9,,Kiambu,Plus,2026-06-01,2026-07-01,32.0
MEAS-902e1941,IND-58c61bcd,PROG-02a826e9,,Kiambu,Plus,2026-07-01,2026-07-31,48.0
MEAS-98ec485a,IND-58c61bcd,PROG-483dea91,,Machakos,Plus,2025-09-01,2025-10-01,85.0
MEAS-b449696a,IND-58c61bcd,PROG-483dea91,,Machakos,Plus,2025-10-01,2025-10-31,10.0
MEAS-178194d3,IND-58c61bcd,PROG-483dea91,,Machakos,Plus,2025-11-01,2025-12-01,63.0
MEAS-4de9de0c,IND-58c61bcd,PROG-483dea91,,Machakos,Plus,2026-02-01,2026-03-03,72.0
MEAS-4146d811,IND-58c61bcd,PROG-483dea91,,Machakos,Plus,2026-03-01,2026-03-31,51.0
MEAS-eae75c22,IND-58c61bcd,PROG-483dea91,,Machakos,Plus,2026-04-01,2026-05-01,61.0
MEAS-4accf30b,IND-58c61bcd,PROG-483dea91,,Machakos,Plus,2026-05-01,2026-05-31,97.0
MEAS-39e786ff,IND-58c61bcd,PROG-483dea91,,Machakos,Plus,2026-08-01,2026-08-31,65.0
MEAS-2364aa64,IND-58c61bcd,PROG-0d758df2,,Eldoret,Tech,2025-10-01,2025-10-31,37.0
MEAS-15c4a4e9,IND-58c61bcd,PROG-0d758df2,,Eldoret,Tech,2026-01-01,2026-01-31,11.0
MEAS-ba1432df,IND-58c61bcd,PROG-0d758df2,,Eldoret,Tech,2026-02-01,2026-03-03,39.0
MEAS-98c04cbb,IND-58c61bcd,PROG-0d758df2,,Eldoret,Tech,2026-03-01,2026-03-31,35.0
MEAS-d4f46ab2,IND-58c61bcd,PROG-0d758df2,,Eldoret,Tech,2026-04-01,2026-05-01,21.0
MEAS-d005afc7,IND-58c61bcd,PROG-0d758df2,,Eldoret,Tech,2026-05-01,2026-05-31,64.0
MEAS-d0fb8c2d,IND-58c61bcd,PROG-0d758df2,,Eldoret,Tech,2026-06-01,2026-07-01,38.0
MEAS-6967a347,IND-58c61bcd,PROG-0d758df2,,Eldoret,Tech,2026-07-01,2026-07-31,36.0
MEAS-379654bb,IND-0c503f68,PROG-f3678757,,Meru,Vocational,2025-09-01,2025-10-01,63.0
MEAS-d8cf109a,IND-0c503f68,PROG-f3678757,,Meru,Vocational,2025-12-01,2025-12-31,98.0
MEAS-cde6131c,IND-0c503f68,PROG-f3678757,,Meru,Vocational,2026-01-01,2026-01-31,42.0
MEAS-5c254df0,IND-0c503f68,PROG-f3678757,,Meru,Vocational,2026-02-01,2026-03-03,33.0
MEAS-0d990af3,IND-0c503f68,PROG-f3678757,,Meru,Vocational,2026-03-01,2026-03-31,15.0
MEAS-2150f940,IND-0c503f68,PROG-f3678757,,Meru,Vocational,2026-07-01,2026-07-31,53.0
MEAS-17e20edb,IND-0c503f68,PROG-f3678757,,Meru,Vocational,2026-08-01,2026-08-31,80.0
MEAS-a9303212,IND-0c503f68,PROG-edd8baa9,,Kakamega,Tech,2025-09-01,2025-10-01,21.0
MEAS-05bc70f0,IND-0c503f68,PROG-edd8baa9,,Kakamega,Tech,2025-11-01,2025-12-01,88.0
MEAS-53c94466,IND-0c503f68,PROG-edd8baa9,,Kakamega,Tech,2025-12-01,2025-12-31,32.0
MEAS-ca6586b7,IND-0c503f68,PROG-edd8baa9,,Kakamega,Tech,2026-01-01,2026-01-31,33.0
MEAS-62745b10,IND-0c503f68,PROG-edd8baa9,,Kakamega,Tech,2026-02-01,2026-03-03,31.0
MEAS-61f559a0,IND-0c503f68,PROG-edd8baa9,,Kakamega,Tech,2026-03-01,2026-03-31,38.0
MEAS-7fa36a4a,IND-0c503f68,PROG-edd8baa9,,Kakamega,Tech,2026-04-01,2026-05-01,44.0
MEAS-75d24c05,IND-0c503f68,PROG-edd8baa9,,Kakamega,Tech,2026-06-01,2026-07-01,73.0
MEAS-17a83f1a,IND-0c503f68,PROG-edd8baa9,,Kakamega,Tech,2026-07-01,2026-07-31,44.0
MEAS-0b5ee0fc,IND-0c503f68,PROG-edd8baa9,,Kakamega,Tech,2026-08-01,2026-08-31,52.0
MEAS-faa5c58f,IND-0c503f68,PROG-dbcb96bd,,Kisumu,Tech,2025-10-01,2025-10-31,59.0
MEAS-05606bfa,IND-0c503f68,PROG-dbcb96bd,,Kisumu,Tech,2025-11-01,2025-12-01,67.0
MEAS-4e8e87b9,IND-0c503f68,PROG-dbcb96bd,,Kisumu,Tech,2025-12-01,2025-12-31,11.0
MEAS-416d4107,IND-0c503f68,PROG-dbcb96bd,,Kisumu,Tech,2026-01-01,2026-01-31,47.0
MEAS-0acf515b,IND-0c503f68,PROG-dbcb96bd,,Kisumu,Tech,2026-03-01,2026-03-31,38.0
MEAS-6b9fd149,IND-0c503f68,PROG-dbcb96bd,,Kisumu,Tech,2026-04-01,2026-05-01,27.0
MEAS-0dcd170f,IND-0c503f68,PROG-dbcb96bd,,Kisumu,Tech,2026-05-01,2026-05-31,82.0
MEAS-c5483270,IND-0c503f68,PROG-dbcb96bd,,Kisumu,Tech,2026-06-01,2026-07-01,98.0
MEAS-9799b4d0,IND-0c503f68,PROG-dbcb96bd,,Kisumu,Tech,2026-07-01,2026-07-31,35.0
MEAS-f4d26d0c,IND-0c503f68,PROG-dbcb96bd,,Kisumu,Tech,2026-08-01,2026-08-31,100.0
MEAS-7d702a3c,IND-0c503f68,PROG-3d5ab23d,,Machakos,Vocational,2025-09-01,2025-10-01,93.0
MEAS-b53fd124,IND-0c503f68,PROG-3d5ab23d,,Machakos,Vocational,2025-10-01,2025-10-31,10.0
MEAS-7cf9506c,IND-0c503f68,PROG-3d5ab23d,,Machakos,Vocational,2025-11-01,2025-12-01,39.0
MEAS-bd378686,IND-0c503f68,PROG-3d5ab23d,,Machakos,Vocational,2025-12-01,2025-12-31,53.0
MEAS-088c3507,IND-0c503f68,PROG-3d5ab23d,,Machakos,Vocational,2026-01-01,2026-01-31,50.0
MEAS-6a202af6,IND-0c503f68,PROG-3d5ab23d,,Machakos,Vocational,2026-02-01,2026-03-03,44.0
MEAS-ac5b4f28,IND-0c503f68,PROG-3d5ab23d,,Machakos,Vocational,2026-03-01,2026-03-31,60.0
MEAS-97f3718e,IND-0c503f68,PROG-3d5ab23d,,Machakos,Vocational,2026-05-01,2026-05-31,85.0
MEAS-ddc8c3cd,IND-0c503f68,PROG-3d5ab23d,,Machakos,Vocational,2026-06-01,2026-07-01,14.0
MEAS-54cd7ea4,IND-0c503f68,PROG-3d5ab23d,,Machakos,Vocational,2026-07-01,2026-07-31,38.0
MEAS-3eb3be46,IND-0c503f68,PROG-3d5ab23d,,Machakos,Vocational,2026-08-01,2026-08-31,19.0
MEAS-92a40f95,IND-0c503f68,PROG-e86bb743,,Nairobi,Plus,2025-09-01,2025-10-01,64.0
MEAS-1667a54e,IND-0c503f68,PROG-e86bb743,,Nairobi,Plus,2025-10-01,2025-10-31,72.0
MEAS-642abb6b,IND-0c503f68,PROG-e86bb743,,Nairobi,Plus,2025-12-01,2025-12-31,22.0
MEAS-775ddc18,IND-0c503f68,PROG-e86bb743,,Nairobi,Plus,2026-01-01,2026-01-31,68.0
MEAS-22864207,IND-0c503f68,PROG-e86bb743,,Nairobi,Plus,2026-02-01,2026-03-03,76.0
MEAS-c5ed4c7d,IND-0c503f68,PROG-e86bb743,,Nairobi,Plus,2026-03-01,2026-03-31,37.0
MEAS-9b437a9b,IND-0c503f68,PROG-e86bb743,,Nairobi,Plus,2026-04-01,2026-05-01,60.0
MEAS-b5ba7ef3,IND-0c503f68,PROG-e86bb743,,Nairobi,Plus,2026-06-01,2026-07-01,67.0
MEAS-5b3dd667,IND-0c503f68,PROG-b11e144c,,Mombasa,Plus,2025-09-01,2025-10-01,63.0
MEAS-c08939dc,IND-0c503f68,PROG-b11e144c,,Mombasa,Plus,2025-10-01,2025-10-31,63.0
MEAS-cd8af13e,IND-0c503f68,PROG-b11e144c,,Mombasa,Plus,2025-12-01,2025-12-31,59.0
MEAS-c4d38514,IND-0c503f68,PROG-b11e144c,,Mombasa,Plus,2026-02-01,2026-03-03,18.0
MEAS-07ae86e1,IND-0c503f68,PROG-b11e144c,,Mombasa,Plus,2026-03-01,2026-03-31,48.0
MEAS-3ed025cd,IND-0c503f68,PROG-b11e144c,,Mombasa,Plus,2026-05-01,2026-05-31,57.0
MEAS-ce7373db,IND-0c503f68,PROG-b11e144c,,Mombasa,Plus,2026-08-01,2026-08-31,17.0
MEAS-f0646a24,IND-0c503f68,PROG-71e8d7cd,,Kakamega,Vocational,2025-09-01,2025-10-01,70.0
MEAS-1256a097,IND-0c503f68,PROG-71e8d7cd,,Kakamega,Vocational,2025-11-01,2025-12-01,24.0
MEAS-275d5fd5,IND-0c503f68,PROG-71e8d7cd,,Kakamega,Vocational,2025-12-01,2025-12-31,76.0
MEAS-de621304,IND-0c503f68,PROG-71e8d7cd,,Kakamega,Vocational,2026-01-01,2026-01-31,15.0
MEAS-919fbfbc,IND-0c503f68,PROG-71e8d7cd,,Kakamega,Vocational,2026-02-01,2026-03-03,93.0
MEAS-6ad7b7fb,IND-0c503f68,PROG-71e8d7cd,,Kakamega,Vocational,2026-04-01,2026-05-01,12.0
MEAS-f84ce046,IND-0c503f68,PROG-71e8d7cd,,Kakamega,Vocational,2026-05-01,2026-05-31,40.0
MEAS-e6fdaeae,IND-0c503f68,PROG-71e8d7cd,,Kakamega,Vocational,2026-06-01,2026-07-01,64.0
MEAS-a334f5ef,IND-0c503f68,PROG-71e8d7cd,,Kakamega,Vocational,2026-07-01,2026-07-31,14.0
MEAS-c97594c2,IND-0c503f68,PROG-71e8d7cd,,Kakamega,Vocational,2026-08-01,2026-08-31,41.0
MEAS-4eec1b7b,IND-0c503f68,PROG-c63f7e98,,Eldoret,Scholarship,2025-09-01,2025-10-01,64.0
MEAS-33cf154d,IND-0c503f68,PROG-c63f7e98,,Eldoret,Scholarship,2025-10-01,2025-10-31,41.0
MEAS-23218d2b,IND-0c503f68,PROG-c63f7e98,,Eldoret,Scholarship,2025-11-01,2025-12-01,60.0
MEAS-6824e86a,IND-0c503f68,PROG-c63f7e98,,Eldoret,Scholarship,2025-12-01,2025-12-31,66.0
MEAS-75b18a68,IND-0c503f68,PROG-c63f7e98,,Eldoret,Scholarship,2026-01-01,2026-01-31,12.0
MEAS-44cdbb71,IND-0c503f68,PROG-c63f7e98,,Eldoret,Scholarship,2026-03-01,2026-03-31,25.0
MEAS-c65a71f8,IND-0c503f68,PROG-c63f7e98,,Eldoret,Scholarship,2026-04-01,2026-05-01,27.0
MEAS-1be07fd7,IND-0c503f68,PROG-c63f7e98,,Eldoret,Scholarship,2026-05-01,2026-05-31,33.0
MEAS-1d35daa7,IND-0c503f68,PROG-c63f7e98,,Eldoret,Scholarship,2026-06-01,2026-07-01,70.0
MEAS-e145aec6,IND-0c503f68,PROG-c63f7e98,,Eldoret,Scholarship,2026-08-01,2026-08-31,20.0
MEAS-4f8c4f4d,IND-0c503f68,PROG-286937a7,,Nyeri,Plus,2025-09-01,2025-10-01,75.0
MEAS-d0f6eb09,IND-0c503f68,PROG-286937a7,,Nyeri,Plus,2025-10-01,2025-10-31,92.0
MEAS-0675a8dc,IND-0c503f68,PROG-286937a7,,Nyeri,Plus,2025-11-01,2025-12-01,52.0
MEAS-14d8f4d2,IND-0c503f68,PROG-286937a7,,Nyeri,Plus,2025-12-01,2025-12-31,52.0
MEAS-9401325e,IND-0c503f68,PROG-286937a7,,Nyeri,Plus,2026-01-01,2026-01-31,15.0
MEAS-6559f308,IND-0c503f68,PROG-286937a7,,Nyeri,Plus,2026-02-01,2026-03-03,36.0
MEAS-087de0ea,IND-0c503f68,PROG-286937a7,,Nyeri,Plus,2026-03-01,2026-03-31,36.0
MEAS-7ad19b1d,IND-0c503f68,PROG-286937a7,,Nyeri,Plus,2026-04-01,2026-05-01,31.0
MEAS-57c4e331,IND-0c503f68,PROG-286937a7,,Nyeri,Plus,2026-05-01,2026-05-31,98.0
MEAS-1f193e3c,IND-0c503f68,PROG-286937a7,,Nyeri,Plus,2026-06-01,2026-07-01,74.0
MEAS-369916a4,IND-0c503f68,PROG-4b4a2b9f,,Nakuru,Plus,2025-09-01,2025-10-01,50.0
MEAS-1dde21b9,IND-0c503f68,PROG-4b4a2b9f,,Nakuru,Plus,2025-11-01,2025-12-01,12.0
MEAS-e397c3e2,IND-0c503f68,PROG-4b4a2b9f,,Nakuru,Plus,2026-01-01,2026-01-31,83.0
MEAS-978d140d,IND-0c503f68,PROG-4b4a2b9f,,Nakuru,Plus,2026-02-01,2026-03-03,25.0
MEAS-93539ec0,IND-0c503f68,PROG-4b4a2b9f,,Nakuru,Plus,2026-03-01,2026-03-31,17.0
MEAS-b4bf837d,IND-0c503f68,PROG-4b4a2b9f,,Nakuru,Plus,2026-04-01,2026-05-01,81.0
MEAS-0396b564,IND-0c503f68,PROG-4b4a2b9f,,Nakuru,Plus,2026-05-01,2026-05-31,99.0
MEAS-9a5da800,IND-0c503f68,PROG-4b4a2b9f,,Nakuru,Plus,2026-07-01,2026-07-31,61.0
MEAS-bcddd94b,IND-0c503f68,PROG-4b4a2b9f,,Nakuru,Plus,2026-08-01,2026-08-31,66.0
MEAS-607229f1,IND-0c503f68,PROG-2ffb615d,,Machakos,Scholarship,2025-09-01,2025-10-01,60.0
MEAS-b1999e26,IND-0c503f68,PROG-2ffb615d,,Machakos,Scholarship,2025-10-01,2025-10-31,17.0
MEAS-f4535079,IND-0c503f68,PROG-2ffb615d,,Machakos,Scholarship,2025-12-01,2025-12-31,30.0
MEAS-bd4cc796,IND-0c503f68,PROG-2ffb615d,,Machakos,Scholarship,2026-01-01,2026-01-31,96.0
MEAS-9b315108,IND-0c503f68,PROG-2ffb615d,,Machakos,Scholarship,2026-03-01,2026-03-31,34.0
MEAS-1e2f2f4c,IND-0c503f68,PROG-2ffb615d,,Machakos,Scholarship,2026-05-01,2026-05-31,32.0
MEAS-d6a8518e,IND-0c503f68,PROG-2ffb615d,,Machakos,Scholarship,2026-07-01,2026-07-31,88.0
MEAS-012e06cc,IND-0c503f68,PROG-2ffb615d,,Machakos,Scholarship,2026-08-01,2026-08-31,82.0
MEAS-ae86657d,IND-0c503f68,PROG-65ef44bf,,Nyeri,Scholarship,2025-11-01,2025-12-01,81.0
MEAS-0baa36f2,IND-0c503f68,PROG-65ef44bf,,Nyeri,Scholarship,2025-12-01,2025-12-31,99.0
MEAS-4684dde2,IND-0c503f68,PROG-65ef44bf,,Nyeri,Scholarship,2026-01-01,2026-01-31,36.0
MEAS-c0c94f70,IND-0c503f68,PROG-65ef44bf,,Nyeri,Scholarship,2026-03-01,2026-03-31,21.0
MEAS-23406eb7,IND-0c503f68,PROG-65ef44bf,,Nyeri,Scholarship,2026-04-01,2026-05-01,10.0
MEAS-0dc5d9ae,IND-0c503f68,PROG-65ef44bf,,Nyeri,Scholarship,2026-05-01,2026-05-31,49.0
MEAS-1305429e,IND-0c503f68,PROG-65ef44bf,,Nyeri,Scholarship,2026-06-01,2026-07-01,31.0
MEAS-3eca68d9,IND-0c503f68,PROG-65ef44bf,,Nyeri,Scholarship,2026-07-01,2026-07-31,47.0
MEAS-606b4396,IND-0c503f68,PROG-65ef44bf,,Nyeri,Scholarship,2026-08-01,2026-08-31,36.0
MEAS-614b3d89,IND-0c503f68,PROG-b9945a45,,Kakamega,Vocational,2025-10-01,2025-10-31,97.0
MEAS-98692e82,IND-0c503f68,PROG-b9945a45,,Kakamega,Vocational,2025-12-01,2025-12-31,21.0
MEAS-474a218e,IND-0c503f68,PROG-b9945a45,,Kakamega,Vocational,2026-01-01,2026-01-31,40.0
MEAS-ab0bc3a5,IND-0c503f68,PROG-b9945a45,,Kakamega,Vocational,2026-03-01,2026-03-31,91.0
MEAS-8ac6fcbf,IND-0c503f68,PROG-b9945a45,,Kakamega,Vocational,2026-04-01,2026-05-01,12.0
MEAS-814f9eb1,IND-0c503f68,PROG-b9945a45,,Kakamega,Vocational,2026-05-01,2026-05-31,55.0
MEAS-91967e49,IND-0c503f68,PROG-b9945a45,,Kakamega,Vocational,2026-07-01,2026-07-31,63.0
MEAS-f32c7ce5,IND-0c503f68,PROG-b9945a45,,Kakamega,Vocational,2026-08-01,2026-08-31,58.0
MEAS-4d922f5a,IND-0c503f68,PROG-da199d8b,,Kiambu,Scholarship,2025-09-01,2025-10-01,18.0
MEAS-daaffbaa,IND-0c503f68,PROG-da199d8b,,Kiambu,Scholarship,2025-10-01,2025-10-31,78.0
MEAS-c0722e73,IND-0c503f68,PROG-da199d8b,,Kiambu,Scholarship,2025-11-01,2025-12-01,10.0
MEAS-d687f6a6,IND-0c503f68,PROG-da199d8b,,Kiambu,Scholarship,2025-12-01,2025-12-31,87.0
MEAS-7068c531,IND-0c503f68,PROG-da199d8b,,Kiambu,Scholarship,2026-01-01,2026-01-31,44.0
MEAS-1aad683b,IND-0c503f68,PROG-da199d8b,,Kiambu,Scholarship,2026-02-01,2026-03-03,75.0
MEAS-84ff60cb,IND-0c503f68,PROG-da199d8b,,Kiambu,Scholarship,2026-04-01,2026-05-01,41.0
MEAS-4a940c77,IND-0c503f68,PROG-da199d8b,,Kiambu,Scholarship,2026-06-01,2026-07-01,98.0
MEAS-64643855,IND-0c503f68,PROG-da199d8b,,Kiambu,Scholarship,2026-07-01,2026-07-31,19.0
MEAS-c93ab732,IND-0c503f68,PROG-da199d8b,,Kiambu,Scholarship,2026-08-01,2026-08-31,78.0
MEAS-7c7a7e8e,IND-0c503f68,PROG-c518bee3,,Machakos,Plus,2025-09-01,2025-10-01,70.0
MEAS-804fe3f2,IND-0c503f68,PROG-c518bee3,,Machakos,Plus,2025-10-01,2025-10-31,10.0
MEAS-0945b926,IND-0c503f68,PROG-c518bee3,,Machakos,Plus,2025-11-01,2025-12-01,58.0
MEAS-01cac560,IND-0c503f68,PROG-c518bee3,,Machakos,Plus,2026-01-01,2026-01-31,38.0
MEAS-7c751174,IND-0c503f68,PROG-c518bee3,,Machakos,Plus,2026-02-01,2026-03-03,53.0
MEAS-9f0093a8,IND-0c503f68,PROG-c518bee3,,Machakos,Plus,2026-04-01,2026-05-01,16.0
MEAS-ed937ea4,IND-0c503f68,PROG-c518bee3,,Machakos,Plus,2026-05-01,2026-05-31,93.0
MEAS-3a244b4d,IND-0c503f68,PROG-c518bee3,,Machakos,Plus,2026-08-01,2026-08-31,94.0
MEAS-96203fc7,IND-0c503f68,PROG-c737ca62,,Eldoret,Plus,2025-09-01,2025-10-01,93.0
MEAS-97d482a6,IND-0c503f68,PROG-c737ca62,,Eldoret,Plus,2025-10-01,2025-10-31,52.0
MEAS-31e297d7,IND-0c503f68,PROG-c737ca62,,Eldoret,Plus,2025-11-01,2025-12-01,67.0
MEAS-49aa21c4,IND-0c503f68,PROG-c737ca62,,Eldoret,Plus,2026-01-01,2026-01-31,16.0
MEAS-90fa7394,IND-0c503f68,PROG-c737ca62,,Eldoret,Plus,2026-04-01,2026-05-01,48.0
MEAS-05e1cc2c,IND-0c503f68,PROG-c737ca62,,Eldoret,Plus,2026-05-01,2026-05-31,16.0
MEAS-c09940ec,IND-0c503f68,PROG-c737ca62,,Eldoret,Plus,2026-06-01,2026-07-01,75.0
MEAS-5317d0f9,IND-0c503f68,PROG-c737ca62,,Eldoret,Plus,2026-07-01,2026-07-31,14.0
MEAS-b78927c0,IND-0c503f68,PROG-c737ca62,,Eldoret,Plus,2026-08-01,2026-08-31,18.0
MEAS-efbb1d7c,IND-0c503f68,PROG-ff57bf40,,Mombasa,Plus,2025-09-01,2025-10-01,61.0
MEAS-74dbb4af,IND-0c503f68,PROG-ff57bf40,,Mombasa,Plus,2025-10-01,2025-10-31,31.0
MEAS-62a48223,IND-0c503f68,PROG-ff57bf40,,Mombasa,Plus,2025-11-01,2025-12-01,63.0
MEAS-2124d8d5,IND-0c503f68,PROG-ff57bf40,,Mombasa,Plus,2025-12-01,2025-12-31,93.0
MEAS-46f23d9b,IND-0c503f68,PROG-ff57bf40,,Mombasa,Plus,2026-02-01,2026-03-03,48.0
MEAS-1f984928,IND-0c503f68,PROG-ff57bf40,,Mombasa,Plus,2026-04-01,2026-05-01,13.0
MEAS-f887a6a8,IND-0c503f68,PROG-ff57bf40,,Mombasa,Plus,2026-05-01,2026-05-31,12.0
MEAS-b198d3d2,IND-0c503f68,PROG-ff57bf40,,Mombasa,Plus,2026-06-01,2026-07-01,76.0
MEAS-407d314a,IND-0c503f68,PROG-ff57bf40,,Mombasa,Plus,2026-07-01,2026-07-31,84.0
MEAS-f7246fb2,IND-0c503f68,PROG-41f4f9c5,,Eldoret,Tech,2025-10-01,2025-10-31,92.0
MEAS-37cb8dc1,IND-0c503f68,PROG-41f4f9c5,,Eldoret,Tech,2025-11-01,2025-12-01,45.0
MEAS-906b94fd,IND-0c503f68,PROG-41f4f9c5,,Eldoret,Tech,2025-12-01,2025-12-31,63.0
MEAS-66bfac45,IND-0c503f68,PROG-41f4f9c5,,Eldoret,Tech,2026-01-01,2026-01-31,64.0
MEAS-247a6884,IND-0c503f68,PROG-41f4f9c5,,Eldoret,Tech,2026-03-01,2026-03-31,86.0
MEAS-3eb57fd9,IND-0c503f68,PROG-41f4f9c5,,Eldoret,Tech,2026-05-01,2026-05-31,24.0
MEAS-51acd255,IND-0c503f68,PROG-41f4f9c5,,Eldoret,Tech,2026-06-01,2026-07-01,70.0
MEAS-af42a461,IND-0c503f68,PROG-41f4f9c5,,Eldoret,Tech,2026-07-01,2026-07-31,26.0
MEAS-5a57419a,IND-0c503f68,PROG-41f4f9c5,,Eldoret,Tech,2026-08-01,2026-08-31,14.0
MEAS-fd40f4b4,IND-0c503f68,PROG-bdd0cc6c,,Mombasa,Plus,2025-09-01,2025-10-01,12.0
MEAS-280008e5,IND-0c503f68,PROG-bdd0cc6c,,Mombasa,Plus,2025-10-01,2025-10-31,25.0
MEAS-10a129d4,IND-0c503f68,PROG-bdd0cc6c,,Mombasa,Plus,2025-11-01,2025-12-01,91.0
MEAS-3238a68d,IND-0c503f68,PROG-bdd0cc6c,,Mombasa,Plus,2026-01-01,2026-01-31,63.0
MEAS-d3d7fe96,IND-0c503f68,PROG-bdd0cc6c,,Mombasa,Plus,2026-02-01,2026-03-03,43.0
MEAS-fb191ee1,IND-0c503f68,PROG-bdd0cc6c,,Mombasa,Plus,2026-03-01,2026-03-31,37.0
MEAS-e9e27d97,IND-0c503f68,PROG-bdd0cc6c,,Mombasa,Plus,2026-04-01,2026-05-01,86.0
MEAS-b01214f4,IND-0c503f68,PROG-bdd0cc6c,,Mombasa,Plus,2026-05-01,2026-05-31,93.0
MEAS-628dd705,IND-0c503f68,PROG-bdd0cc6c,,Mombasa,Plus,2026-06-01,2026-07-01,42.0
MEAS-8324d494,IND-0c503f68,PROG-bdd0cc6c,,Mombasa,Plus,2026-07-01,2026-07-31,76.0
MEAS-a5890943,IND-0c503f68,PROG-bdd0cc6c,,Mombasa,Plus,2026-08-01,2026-08-31,72.0
MEAS-61d86a3f,IND-0c503f68,PROG-a24f96d3,,Kiambu,Scholarship,2025-10-01,2025-10-31,11.0
MEAS-225535f8,IND-0c503f68,PROG-a24f96d3,,Kiambu,Scholarship,2025-12-01,2025-12-31,94.0
MEAS-6dfbb631,IND-0c503f68,PROG-a24f96d3,,Kiambu,Scholarship,2026-02-01,2026-03-03,30.0
MEAS-2a0e528c,IND-0c503f68,PROG-a24f96d3,,Kiambu,Scholarship,2026-03-01,2026-03-31,57.0
MEAS-59062279,IND-0c503f68,PROG-a24f96d3,,Kiambu,Scholarship,2026-04-01,2026-05-01,86.0
MEAS-8906d089,IND-0c503f68,PROG-a24f96d3,,Kiambu,Scholarship,2026-05-01,2026-05-31,21.0
MEAS-043e2405,IND-0c503f68,PROG-a24f96d3,,Kiambu,Scholarship,2026-07-01,2026-07-31,38.0
MEAS-946d6b81,IND-0c503f68,PROG-a24f96d3,,Kiambu,Scholarship,2026-08-01,2026-08-31,41.0
MEAS-5e07f4b4,IND-0c503f68,PROG-4013e47a,,Mombasa,Tech,2025-09-01,2025-10-01,80.0
MEAS-2f04399a,IND-0c503f68,PROG-4013e47a,,Mombasa,Tech,2025-11-01,2025-12-01,61.0
MEAS-2ea46f0f,IND-0c503f68,PROG-4013e47a,,Mombasa,Tech,2026-02-01,2026-03-03,88.0
MEAS-c122a567,IND-0c503f68,PROG-4013e47a,,Mombasa,Tech,2026-03-01,2026-03-31,67.0
MEAS-c96adb9d,IND-0c503f68,PROG-4013e47a,,Mombasa,Tech,2026-04-01,2026-05-01,47.0
MEAS-16801b85,IND-0c503f68,PROG-4013e47a,,Mombasa,Tech,2026-05-01,2026-05-31,50.0
MEAS-da61fd74,IND-0c503f68,PROG-4013e47a,,Mombasa,Tech,2026-06-01,2026-07-01,98.0
MEAS-aef9b37d,IND-0c503f68,PROG-4013e47a,,Mombasa,Tech,2026-07-01,2026-07-31,55.0
MEAS-5d01f004,IND-0c503f68,PROG-4013e47a,,Mombasa,Tech,2026-08-01,2026-08-31,99.0
MEAS-e554f0ab,IND-0c503f68,PROG-8b682305,,Nyeri,Scholarship,2025-10-01,2025-10-31,20.0
MEAS-732ce474,IND-0c503f68,PROG-8b682305,,Nyeri,Scholarship,2025-11-01,2025-12-01,66.0
MEAS-be5a4e6e,IND-0c503f68,PROG-8b682305,,Nyeri,Scholarship,2026-02-01,2026-03-03,12.0
MEAS-79202314,IND-0c503f68,PROG-8b682305,,Nyeri,Scholarship,2026-06-01,2026-07-01,75.0
MEAS-ac2300dd,IND-0c503f68,PROG-8b682305,,Nyeri,Scholarship,2026-07-01,2026-07-31,25.0
MEAS-bca1c576,IND-0c503f68,PROG-8b682305,,Nyeri,Scholarship,2026-08-01,2026-08-31,82.0
MEAS-84d68ee3,IND-0c503f68,PROG-f051b9cf,,Kilifi,Plus,2025-09-01,2025-10-01,73.0
MEAS-80c5f709,IND-0c503f68,PROG-f051b9cf,,Kilifi,Plus,2025-10-01,2025-10-31,57.0
MEAS-94af8cf3,IND-0c503f68,PROG-f051b9cf,,Kilifi,Plus,2025-11-01,2025-12-01,61.0
MEAS-5cbfe2c1,IND-0c503f68,PROG-f051b9cf,,Kilifi,Plus,2025-12-01,2025-12-31,35.0
MEAS-82f6606d,IND-0c503f68,PROG-f051b9cf,,Kilifi,Plus,2026-02-01,2026-03-03,14.0
MEAS-515ca454,IND-0c503f68,PROG-f051b9cf,,Kilifi,Plus,2026-03-01,2026-03-31,69.0
MEAS-89b2ccdb,IND-0c503f68,PROG-f051b9cf,,Kilifi,Plus,2026-04-01,2026-05-01,89.0
MEAS-57212b3b,IND-0c503f68,PROG-f051b9cf,,Kilifi,Plus,2026-06-01,2026-07-01,84.0
MEAS-fceeddb2,IND-0c503f68,PROG-f051b9cf,,Kilifi,Plus,2026-07-01,2026-07-31,57.0
MEAS-98171d92,IND-0c503f68,PROG-f051b9cf,,Kilifi,Plus,2026-08-01,2026-08-31,82.0
MEAS-7b684d68,IND-0c503f68,PROG-1253c3ea,,Meru,Scholarship,2025-12-01,2025-12-31,32.0
MEAS-33a814fb,IND-0c503f68,PROG-1253c3ea,,Meru,Scholarship,2026-01-01,2026-01-31,16.0
MEAS-80115431,IND-0c503f68,PROG-1253c3ea,,Meru,Scholarship,2026-03-01,2026-03-31,77.0
MEAS-cf2571c9,IND-0c503f68,PROG-1253c3ea,,Meru,Scholarship,2026-04-01,2026-05-01,31.0
MEAS-b6c490a6,IND-0c503f68,PROG-1253c3ea,,Meru,Scholarship,2026-06-01,2026-07-01,26.0
MEAS-d3d28417,IND-0c503f68,PROG-1253c3ea,,Meru,Scholarship,2026-07-01,2026-07-31,63.0
MEAS-3329a2b1,IND-0c503f68,PROG-1253c3ea,,Meru,Scholarship,2026-08-01,2026-08-31,68.0
MEAS-72832044,IND-0c503f68,PROG-c4a7a0a8,,Kilifi,Plus,2025-10-01,2025-10-31,62.0
MEAS-9670c526,IND-0c503f68,PROG-c4a7a0a8,,Kilifi,Plus,2025-11-01,2025-12-01,54.0
MEAS-3d4182cf,IND-0c503f68,PROG-c4a7a0a8,,Kilifi,Plus,2025-12-01,2025-12-31,85.0
MEAS-224b6108,IND-0c503f68,PROG-c4a7a0a8,,Kilifi,Plus,2026-03-01,2026-03-31,29.0
MEAS-13dfef32,IND-0c503f68,PROG-c4a7a0a8,,Kilifi,Plus,2026-04-01,2026-05-01,87.0
MEAS-0c244a18,IND-0c503f68,PROG-c4a7a0a8,,Kilifi,Plus,2026-07-01,2026-07-31,51.0
MEAS-834278c9,IND-0c503f68,PROG-6e2aa30e,,Kakamega,Plus,2025-11-01,2025-12-01,75.0
MEAS-0ddebb0f,IND-0c503f68,PROG-6e2aa30e,,Kakamega,Plus,2025-12-01,2025-12-31,73.0
MEAS-19d48c57,IND-0c503f68,PROG-6e2aa30e,,Kakamega,Plus,2026-01-01,2026-01-31,33.0
MEAS-fcde6f86,IND-0c503f68,PROG-6e2aa30e,,Kakamega,Plus,2026-02-01,2026-03-03,65.0
MEAS-c943fef7,IND-0c503f68,PROG-6e2aa30e,,Kakamega,Plus,2026-03-01,2026-03-31,25.0
MEAS-add84414,IND-0c503f68,PROG-6e2aa30e,,Kakamega,Plus,2026-04-01,2026-05-01,77.0
MEAS-b833e7df,IND-0c503f68,PROG-6e2aa30e,,Kakamega,Plus,2026-05-01,2026-05-31,76.0
MEAS-9033ba7f,IND-0c503f68,PROG-85629e1e,,Nyeri,Vocational,2025-10-01,2025-10-31,35.0
MEAS-1b2de4a9,IND-0c503f68,PROG-85629e1e,,Nyeri,Vocational,2025-11-01,2025-12-01,34.0
MEAS-769a4e53,IND-0c503f68,PROG-85629e1e,,Nyeri,Vocational,2026-01-01,2026-01-31,29.0
MEAS-006d3e63,IND-0c503f68,PROG-85629e1e,,Nyeri,Vocational,2026-03-01,2026-03-31,13.0
MEAS-be568501,IND-0c503f68,PROG-85629e1e,,Nyeri,Vocational,2026-04-01,2026-05-01,18.0
MEAS-0d082656,IND-0c503f68,PROG-85629e1e,,Nyeri,Vocational,2026-05-01,2026-05-31,16.0
MEAS-f25762c9,IND-0c503f68,PROG-85629e1e,,Nyeri,Vocational,2026-06-01,2026-07-01,94.0
MEAS-94860c8d,IND-0c503f68,PROG-85629e1e,,Nyeri,Vocational,2026-07-01,2026-07-31,61.0
MEAS-4fdc8d56,IND-0c503f68,PROG-85629e1e,,Nyeri,Vocational,2026-08-01,2026-08-31,88.0
MEAS-4e4e1a5f,IND-0c503f68,PROG-d64ed648,,Meru,Tech,2025-12-01,2025-12-31,93.0
MEAS-cf534647,IND-0c503f68,PROG-d64ed648,,Meru,Tech,2026-01-01,2026-01-31,14.0
MEAS-a2bb6679,IND-0c503f68,PROG-d64ed648,,Meru,Tech,2026-04-01,2026-05-01,37.0
MEAS-a3ede288,IND-0c503f68,PROG-d64ed648,,Meru,Tech,2026-05-01,2026-05-31,12.0
MEAS-762f07a3,IND-0c503f68,PROG-d64ed648,,Meru,Tech,2026-06-01,2026-07-01,83.0
MEAS-8e4a519b,IND-0c503f68,PROG-d64ed648,,Meru,Tech,2026-07-01,2026-07-31,29.0
MEAS-93f142b9,IND-0c503f68,PROG-d3069c0f,,Mombasa,Vocational,2025-10-01,2025-10-31,14.0
MEAS-9daffdf1,IND-0c503f68,PROG-d3069c0f,,Mombasa,Vocational,2025-11-01,2025-12-01,79.0
MEAS-6ff8cf64,IND-0c503f68,PROG-d3069c0f,,Mombasa,Vocational,2025-12-01,2025-12-31,51.0
MEAS-2d949609,IND-0c503f68,PROG-d3069c0f,,Mombasa,Vocational,2026-02-01,2026-03-03,30.0
MEAS-39514338,IND-0c503f68,PROG-d3069c0f,,Mombasa,Vocational,2026-04-01,2026-05-01,99.0
MEAS-513a5db4,IND-0c503f68,PROG-d3069c0f,,Mombasa,Vocational,2026-05-01,2026-05-31,11.0
MEAS-9cc3ad84,IND-0c503f68,PROG-d3069c0f,,Mombasa,Vocational,2026-06-01,2026-07-01,100.0
MEAS-9893c062,IND-0c503f68,PROG-d3069c0f,,Mombasa,Vocational,2026-07-01,2026-07-31,17.0
MEAS-fc060046,IND-0c503f68,PROG-d3069c0f,,Mombasa,Vocational,2026-08-01,2026-08-31,39.0
MEAS-78f82872,IND-0c503f68,PROG-02a826e9,,Kiambu,Plus,2025-09-01,2025-10-01,39.0
MEAS-9c9f7fd8,IND-0c503f68,PROG-02a826e9,,Kiambu,Plus,2025-10-01,2025-10-31,72.0
MEAS-98571e4e,IND-0c503f68,PROG-02a826e9,,Kiambu,Plus,2025-12-01,2025-12-31,23.0
MEAS-e1a4ca40,IND-0c503f68,PROG-02a826e9,,Kiambu,Plus,2026-01-01,2026-01-31,43.0
MEAS-36ee6453,IND-0c503f68,PROG-02a826e9,,Kiambu,Plus,2026-02-01,2026-03-03,89.0
MEAS-c70dfc92,IND-0c503f68,PROG-02a826e9,,Kiambu,Plus,2026-03-01,2026-03-31,82.0
MEAS-68500542,IND-0c503f68,PROG-02a826e9,,Kiambu,Plus,2026-06-01,2026-07-01,14.0
MEAS-40cb3d9e,IND-0c503f68,PROG-02a826e9,,Kiambu,Plus,2026-07-01,2026-07-31,57.0
MEAS-6bb41a7f,IND-0c503f68,PROG-02a826e9,,Kiambu,Plus,2026-08-01,2026-08-31,26.0
MEAS-8d8ab9aa,IND-0c503f68,,,,Scholarship,2025-10-01,2025-10-31,50.0
MEAS-8bff6e6d,IND-0c503f68,,,,Scholarship,2025-11-01,2025-12-01,310.0
MEAS-161d0cf5,IND-0c503f68,,,,Scholarship,2025-12-01,2025-12-31,385.0
MEAS-bc892ee0,IND-0c503f68,,,,Scholarship,2026-01-01,2026-01-31,260.0
MEAS-8f7c80db,IND-0c503f68,,,,Scholarship,2026-03-01,2026-03-31,465.0
MEAS-feee8b6b,IND-0c503f68,,,,Scholarship,2026-08-01,2026-08-31,205.0
MEAS-2027fe3e,IND-0c503f68,,,,Plus,2025-10-01,2025-10-31,210.0
MEAS-11618dfc,IND-0c503f68,,,,Plus,2025-11-01,2025-12-01,150.0
MEAS-f3afa4fd,IND-0c503f68,,,,Plus,2025-12-01,2025-12-31,95.0
MEAS-456b076b,IND-0c503f68,,,,Plus,2026-02-01,2026-03-03,445.0
MEAS-dad948f9,IND-0c503f68,,,,Plus,2026-03-01,2026-03-31,305.0
MEAS-578c4faa,IND-0c503f68,,,,Plus,2026-04-01,2026-05-01,80.0
MEAS-8c9cf001,IND-0c503f68,,,,Plus,2026-05-01,2026-05-31,365.0
MEAS-190eefc6,IND-0c503f68,,,,Plus,2026-06-01,2026-07-01,155.0
MEAS-4b0185e1,IND-0c503f68,,,,Plus,2026-07-01,2026-07-31,270.0
MEAS-edaabfd9,IND-0c503f68,,,,Plus,2026-08-01,2026-08-31,315.0
MEAS-541cb812,IND-0c503f68,,,,Vocational,2025-09-01,2025-10-01,415.0
MEAS-ff01cd16,IND-0c503f68,,,,Vocational,2025-11-01,2025-12-01,75.0
MEAS-afe9c2ab,IND-0c503f68,,,,Vocational,2025-12-01,2025-12-31,260.0
MEAS-4f4c9237,IND-0c503f68,,,,Vocational,2026-07-01,2026-07-31,340.0
MEAS-5727e58a,IND-0c503f68,,,,Vocational,2026-08-01,2026-08-31,240.0
MEAS-e488ea48,IND-0c503f68,,,,Tech,2025-12-01,2025-12-31,335.0
MEAS-eaca518e,IND-0c503f68,,,,Tech,2026-01-01,2026-01-31,435.0
MEAS-035b2c0d,IND-0c503f68,,,,Tech,2026-02-01,2026-03-03,220.0
MEAS-f9bd9fa8,IND-0c503f68,,,,Tech,2026-03-01,2026-03-31,65.0
MEAS-188a0f35,IND-0c503f68,,,,Tech,2026-04-01,2026-05-01,390.0
MEAS-93a5d33c,IND-0c503f68,,,,Tech,2026-05-01,2026-05-31,130.0
MEAS-4c1e6c79,IND-0c503f68,,,,Tech,2026-07-01,2026-07-31,90.0
