incident_id,site,incident_date,incident_type,severity,compliance_score,description,root_cause,response_time_hours,status
INC-04830,SITE-003,2025-08-03,Leak,,64.0,Full agree tree claim street reason.,Corrosion,15.7,Closed
INC-03773,SITE-005,2026-07-20,Near Miss,,55.6,Building husband election reveal yes fine.,Corrosion,4.9,Closed
INC-02973,SITE-001,2023-09-21,Spill,Medium,65.1,Short knowledge pull mission notice smile news work important.,Operator Error,2.1,Closed
INC-05389,SITE-006,2025-04-04,Leak,High,61.7,Data lawyer surface law hair possible glass series degree.,,0.7,Open
INC-01578,SITE-006,2025-07-29,Near Miss,crit,30.2,Site seven off feeling wear receive suddenly song answer strong new best group.,,6.1,Closed
INC-05473,SITE-003,01/30/2024,NEAR MISS,Critical,52.0,Stage key management discussion minute my cover.,,16.1,Closed
INC-02510,SITE-001,2024-10-06,Fire,High,55.9,School daughter phone nation story attorney fight other significant.,,10.8,Closed
INC-05518,SITE-003,2024-10-19,equipment failure,High,70.7,Race chair inside direction upon.,Sensor Malfunction,2.5,Under Investigation
INC-02819,SITE-002,2026-03-27,Leak,Low,82.6,Training question soldier others sister.,Valve Failure,11.5,Under Investigation
INC-00075,SITE-002,28-Sep-2023,Near  Miss,Critical,58.2,Environment explain majority contain author per.,Valve Failure,12.6,Closed
INC-03311,SITE-004,07/07/2025,Fire,Medium,81.2,They main seat fine leg development year behavior.,Sensor Malfunction,12.3,Open
INC-03834,SITE-006,30/01/2024,Leak,Critical,22.9,Degree one network training participant natural chair billion campaign easy.,Valve Failure,5.0,Closed
INC-02357,SITE-001,2025-10-18,Leak,High,45.3,Effect run own area stand race audience blood including.,,5.3,Open
INC-00743,SITE-003,2025-05-27,Near Miss,Medium,85.7,Receive project service have former five.,Corrosion,6.9,Open
INC-02120,SITE-003,2025-05-12,Near Miss,High,70.5,Your recently value vote drive.,Corrosion,4.2,Open
INC-03229,SITE-006,2024-05-15,Spill,Critical,50.5,Network listen trouble see training adult decide product spend or wind nearly none man direction high.,Valve Failure,3.7,Under Investigation
INC-02780,SITE-003,2026-06-15T00:00:00Z,leak, medium,66.2,True result such market.,Material Fatigue,10.0,Open
INC-00470,SITE-006,2026-06-04,Minor Spill,Medium,69.0,Go build ahead leg happen hundred home present leave write cover learn stock have.,Operator Error,5.9,Under Investigation
INC-01955,SITE-001,2024-07-05,Leak,High,57.3,Sister themselves store store magazine feeling upon its mind.,Valve Failure,8.1,Closed
INC-04018,SITE-002,01/27/2026,Leak,High,61.9,And wrong begin understand better against bag officer local more teacher.,Sensor Malfunction,16.7,Closed
INC-05570,SITE-005,2024-10-14,Leak,,60.4,Wonder administration including space become government generation almost camera guy many fact fine.,Sensor Malfunction,10.0,Open
INC-00125,SITE-001,2024-05-15,Equipment Failure,Low,87.7,Back either mother explain trade necessary dream hundred white skill Republican gun company bad whatever physical they his.,Material Fatigue,6.5,Open
INC-00505,SITE-006,2024-12-17,Leak,High,55.2,Drop including seem bad as here three end five statement share detail boy fact than glass.,,9.8,Under Investigation
INC-04122,SITE-005,2023-09-17,Fire,Low,84.0,Property also tough thank side.,,1.8,Under Investigation
INC-03145,SITE-003,2025-07-13,Leak,Low,100.0,Natural friend scientist parent that finally young.,Corrosion,16.9,Closed
INC-03612,SITE-001,2025-02-16,Near Miss,Low,88.1,Energy stay price particularly technology probably raise certainly model light move may hour goal pass cover final.,Corrosion,10.9,Open
INC-00246,SITE-006,2026-01-02,Leak,Critical,51.6,Treatment page various tonight tonight risk audience.,Operator Error,11.3,Closed
INC-00662,SITE-005,2024-07-14,Near Miss,Critical,36.5,Break energy check issue court attack stay population prevent form.,Material Fatigue,15.3,Open
INC-02128,SITE-001,23/01/2026,Fire,Medium,71.5,Push development mission recognize them piece share.,Operator Error,3.4,Closed
INC-05430,SITE-006,23-Mar-2025,NEAR MISS,Critical,47.0,Full probably fall population step girl Mrs.,Valve Failure,3.0,Under Investigation
INC-04013,SITE-005,2024-01-14,Fire,High,38.9,Better difficult guy pattern form important happen.,Valve Failure,5.0,Under Investigation
INC-04784,SITE-006,09/19/2024,Leak,Low,85.8,Unit learn chance help really fast somebody cost everybody.,,12.1,Open
INC-03262,SITE-003,2025-09-08,Leak,High,58.6,Fill little series south figure cell drug policy rock bed build win shoulder.,Sensor Malfunction,5.3,Open
INC-00264,SITE-002,2025-12-04,Leak,low,92.8,Low of serve drug administration amount give may make full sometimes political.,Corrosion,4.6,Closed
INC-02110,SITE-001,2025-05-05,Equipment Failure,,43.8,Happy young blue remain which.,Sensor Malfunction,14.5,Open
INC-04519,SITE-002,19/09/2023,Near Miss,Critical,48.9,Democrat shoulder easy whose difficult six mission better.,Third-party Damage,8.0,Closed
INC-03045,SITE-001,09-Aug-2025,Leak,Critical,34.6,Face movie go free factor amount financial sort think company.,Sensor Malfunction,5.1,Under Investigation
INC-05291,SITE-003,2025-05-28,Spill,High,74.0,Able art key paper cut return expect.,Sensor Malfunction,3.7,Under Investigation
INC-03097,SITE-002,2023-07-28,Near Miss,Medium,90.4,Decide best mother either east white something produce.,Third-party Damage,17.3,Under Investigation
INC-01864,SITE-006,2024-12-07,Fire,critical,42.2,Difficult bed race fund laugh mother fly peace across do season.,Valve Failure,0.6,Under Investigation
INC-04232,SITE-002,2024-04-14,Equip. Failure,Critical,36.9,Become anyone rate collection understand worry option late.,Valve Failure,2.8,Under Investigation
INC-02003,SITE-005,2024-11-10,Fire,low,87.3,Notice million sometimes blood real actually idea really major beautiful radio.,Corrosion,0.6,Open
INC-02056,SITE-001,2023-10-04T00:00:00Z,Spill,High,63.6,Smile great surface Republican decision player program imagine need should magazine across.,Material Fatigue,18.5,Under Investigation
INC-02146,SITE-003,2026-04-07,near miss,High,69.0,Decade capital cell product quite.,Operator Error,4.7,Under Investigation
INC-00055,SITE-002,2026-08-14,Spill,Low,96.2,Occur able top meet history protect find really.,Material Fatigue,11.7,Under Investigation
INC-02176,SITE-005,2025-08-04,Near Miss, medium,63.0,Get school same result natural watch certainly pretty majority.,Sensor Malfunction,2.4,Closed
INC-04047,SITE-004,2026-04-25,,Low,77.5,Hundred discover claim message article risk allow work.,Valve Failure,9.1,Open
INC-05553,SITE-002,2026-01-01,Spill,Low,85.6,Safe lawyer deep animal hair power.,Material Fatigue,3.4,Open
INC-05916,SITE-004,2026-07-02T00:00:00Z,Fire,LOW,85.4,Decade say present old threat recognize staff feeling admit lawyer political reality.,Valve Failure,4.7,Open
INC-05407,SITE-005,2024-09-07,Near Miss,,86.8,Trade still shoulder if computer director medical question suffer management.,Corrosion,10.0,Open
INC-01652,SITE-004,2025-12-31,Fire ,Critical,34.3,Alone education financial offer site question help.,Corrosion,3.0,Open
INC-05548,SITE-006,2025-04-19,Spill,High,92.2,Five thousand reach station rise see financial why wife conference prevent machine sense treat thousand cell.,,18.7,Closed
INC-00271,SITE-006,2024-11-23,Near Miss,Critical,39.7,Church growth figure able green manage position officer suggest.,,1.5,Closed
INC-01885,SITE-003,02/11/2024,Leak,High,43.1,Hear court argue share series voice stock because.,Sensor Malfunction,9.6,Under Investigation
INC-02666,SITE-003,2025-10-09,Leak,High,46.2,Chair another collection sort official candidate analysis every out large buy.,,6.1,Open
INC-02441,SITE-005,2025-09-28,Near Miss,Critical,45.2,Especially sit set rest over anyone you important president specific billion provide evidence type.,,4.7,Under Investigation
INC-00230,SITE-006,12-Feb-2024,Spill,High,44.1,Unit section power understand drive.,Operator Error,4.2,Closed
INC-00362,SITE-001,2024-07-27,Equipment Failure,Critical,58.7,College prove able forget against room trade college.,Material Fatigue,4.1,Closed
INC-00277,SITE-001,2025-06-20,LEAK,Low,88.9,Alone yes similar force child tell peace soon four follow.,Material Fatigue,14.4,Closed
INC-01016,SITE-006,2024-06-14,Near Miss,Medium,76.0,Able perhaps affect range record talk best serve born very.,,4.2,Closed
INC-01410,SITE-003,2025-06-04T00:00:00Z,Fire,High,51.4,Article south another around although view style continue opportunity.,Valve Failure,11.5,Under Investigation
INC-02025,SITE-006,12/02/2026,Leak,High,54.5,Consider soldier compare voice section positive free board.,,7.3,Closed
INC-00608,SITE-002,2025-04-06,Near Miss,High,55.2,Rule similar state prevent yourself strong.,,9.8,Under Investigation
INC-04390,SITE-001,2024-03-08,Fire,Low,85.7,Focus everyone six detail whose ever suggest risk modern stage grow training example hand after.,Operator Error,23.3,Closed
INC-01866,SITE-004,2026-06-15,Near Miss,High,44.7,Rise any table father.,Sensor Malfunction,12.3,Closed
INC-00080,SITE-006,12/28/2025,Leak,Critical,38.7,You huge exactly idea happy front entire society inside.,Valve Failure,2.2,Under Investigation
INC-03466,SITE-002,2025-04-21,Near Miss,crit,53.7,Responsibility student hard son a take process child.,,1.7,Under Investigation
INC-04443,SITE-002,28/08/2024,equipment failure,Low,85.2,Produce reduce class point series college whom action worker moment high individual itself.,Corrosion,8.3,Under Investigation
INC-03835,SITE-002,2024-08-31,Leak,Low,92.6,Run cold loss tell here school bank happy.,Sensor Malfunction,14.4,Closed
INC-02352,SITE-001,2026-02-04,Spill,Medium,69.8,Rock teach often radio most allow weight work example hour character shake.,Material Fatigue,25.8,Open
INC-05746,SITE-003,2026-03-13,Leak,Critical,23.8,Nor see your try wife necessary between finally.,Corrosion,5.7,Closed
INC-01104,SITE-003,2026-01-16,Equipment Failure,Hi,65.2,Never decade blood daughter can tough.,Operator Error,6.6,Open
INC-00423,SITE-004,2024-09-15,Near Miss,High,69.3,Pass now hand deal reflect exist term benefit.,Sensor Malfunction,7.1,Under Investigation
INC-04943,SITE-006,2025-11-10,Leak,High,61.8,Whose beat behavior.,Material Fatigue,24.6,Under Investigation
INC-03804,SITE-005,2026-01-14,Spill,,75.5,Tell only entire research size quite election executive sense beat a listen benefit side wonder.,Valve Failure,14.8,Open
INC-04247,SITE-001,2024-02-20,Near Miss, medium,-5.0,Wish adult within write edge shake next memory laugh voice window nation management east improve.,Valve Failure,1.5,Open
INC-02508,SITE-003,2023-12-30,Leak,Medium,57.2,Up body hold former hold factor cover source whose.,Corrosion,5.7,Under Investigation
INC-01976,SITE-002,2026-02-15,Spill,medium,83.4,Important cut plant age ever plan then yet step issue.,Material Fatigue,5.2,Closed
INC-04483,SITE-006,2024-08-10,equipment failure,Critical,46.5,His six nor bank yourself.,Sensor Malfunction,4.0,Closed
INC-03156,SITE-001,2026-06-07,Spill,MEDIUM,72.0,Oil than product position after.,Valve Failure,6.7,Under Investigation
INC-05884,SITE-006,2024-11-01,equipment failure,Medium,-0.5,Fear remember term it force girl cup blood thus girl world return pressure avoid.,Third-party Damage,16.4,Open
INC-03675,SITE-006,2026-07-23,Leak,High,49.7,Environmental factor adult teacher him again resource including recent believe until.,Valve Failure,9.2,Closed
INC-04300,SITE-001,04-May-2024,Equipment Failure,Low,90.5,Suffer more defense seven yourself class movement.,Sensor Malfunction,9.1,Under Investigation
INC-05851,SITE-005,2025-03-20,Fire,Critical,71.6,Step our short they collection form president attorney rise while central.,,5.8,Closed
INC-01941,SITE-003,2023-12-22,Leak,Critical,27.0,Among simply adult discussion control meeting most knowledge little family also their.,Sensor Malfunction,10.4,Under Investigation
INC-02394,SITE-003,2026-04-17,Leak, High,73.4,We capital race thank sit.,Corrosion,3.5,Open
INC-01023,SITE-006,2025-04-26,Spill,High,53.6,Bill pick pick girl middle hour weight bed place difficult meet myself study.,Valve Failure,2.2,Under Investigation
INC-02311,SITE-002,2023-10-26,Spill,Low,90.2,Pm sit wall speech owner chair policy.,Operator Error,16.1,Under Investigation
INC-03120,SITE-002,2024-10-28,Spill,Low,96.3,None buy happen idea time agree structure painting wrong itself consumer win partner issue center size seek your.,Sensor Malfunction,15.7,Under Investigation
INC-03958,SITE-006,2025-01-15,FIRE,Critical,39.2,Participant admit by indeed likely anyone country want table officer establish.,Sensor Malfunction,7.1,Open
INC-05887,SITE-002,2026-03-17,Equipment Failure,Critical,25.3,Economy whatever describe appear fly.,Material Fatigue,5.5,Closed
INC-02948,SITE-003,2024-08-24,Spill,High,45.4,Interest color class guess game can simple loss police his end day north item heavy plan something offer mean.,Operator Error,3.5,Open
INC-04878,SITE-001,2025-03-25,Leak,Medium,67.7,Stuff project threat once arrive Mr score cup card include.,Operator Error,3.6,Open
INC-00451,SITE-005,2025-03-25T00:00:00Z,,Medium,65.8,Cultural listen hundred us manage catch.,Corrosion,1.9,Closed
INC-01386,SITE-005,2025-02-07,Fire,High,62.4,Drop test enter game turn represent quality kitchen.,,7.9,Under Investigation
INC-00287,SITE-006,2024-12-17,spill,High,48.8,These hotel require door threat drug music.,Sensor Malfunction,5.2,Under Investigation
INC-03954,SITE-001,10-Oct-2025,Near Miss,Critical,67.9,Truth recognize room middle.,Corrosion,5.2,Open
INC-02442,SITE-003,2025-03-15,Leak,High,63.5,Professor against picture despite party act because.,Corrosion,8.0,Open
INC-05028,SITE-005,2026-06-24,Near Miss,Medium,79.9,Simply quite as approach store case thank shoulder reality describe knowledge option bit vote drive detail prove.,,3.0,Open
INC-01420,SITE-005,2024-07-15,Near Miss,Low,81.4,Necessary soon ahead to turn hit.,Operator Error,3.0,Closed
INC-01377,SITE-001,2024-03-18,Equipment Failure,Low,80.3,Us fish daughter really none follow entire north.,Corrosion,8.1,Under Investigation
INC-00442,SITE-006,2025-08-30,Spill,High,55.7,Amount should protect blood own particularly.,Corrosion,10.8,Closed
INC-00414,SITE-005,2024-07-05,Near Miss,Medium,87.1,None citizen military image weight.,Material Fatigue,7.2,Under Investigation
INC-01950,SITE-003,2024-11-14,Equipment Failure,CRITICAL,39.9,Create sure yes least someone painting subject.,Third-party Damage,0.2,Under Investigation
INC-01349,SITE-005,2024-01-23,Near Miss,,89.5,Hand lay ahead single serve might should language.,Corrosion,22.6,Under Investigation
INC-01099,SITE-002,2025-10-12,Near Miss,Medium,83.3,Positive important plan civil million picture will issue maintain.,Operator Error,15.7,Under Investigation
INC-01145,SITE-002,2025-03-11,Near Miss,Medium,66.0,Number establish church name discuss charge instead become see.,,4.6,Under Investigation
INC-05930,SITE-003,2024-08-23,Leak,High,56.8,Wife country bit street point shoulder.,Corrosion,6.4,Under Investigation
INC-01304,SITE-001,2024-02-17T00:00:00Z,Equipment Failure,Medium,90.6,Writer order but continue agree recently reduce outside from generation suffer.,Corrosion,6.1,Open
INC-01973,SITE-003,2026-05-18,fire,,79.7,Be threat action threat challenge walk.,Sensor Malfunction,7.3,Closed
INC-03055,SITE-002,2024-07-11,Equipment Failure,Medium,70.5,Quite walk law me claim many one rate serious.,Valve Failure,2.2,Under Investigation
INC-03206,SITE-003,2024-01-10,Near Miss,Critical,52.9,Change family push film attorney within road cut bed network late natural arrive single rule.,Material Fatigue,8.4,Under Investigation
INC-02114,SITE-003,2026-04-27,Leak, Low,94.2,Hand another Democrat life use hold the foreign appear cost community.,Material Fatigue,16.1,Under Investigation
INC-03180,SITE-006,2023-11-12,Leak,Critical,26.0,Image a door product fine among green treatment agree allow ago.,Sensor Malfunction,15.0,Under Investigation
INC-04688,SITE-001,2025-03-15,Fire,Low,90.5,Age public seat some blue black skin owner across describe vote institution.,Third-party Damage,4.4,Closed
INC-02946,SITE-004,05/14/2024,Spill,Medium,81.0,Life director myself single respond much development dinner study.,,17.4,Open
INC-03941,SITE-005,2024-10-16,Spill,Medium,74.1,During central edge process sea.,,1.8,Closed
INC-00587,SITE-005,2024-05-09,Fire,Medium,71.4,They card red allow table method professor choose.,Sensor Malfunction,11.2,Open
INC-04699,SITE-004,2025-06-18,Equipment Failure,Critical,44.7,Become increase partner appear federal understand note truth manager.,Third-party Damage,22.8,Closed
INC-01760,SITE-004,2025-02-10,Equipment Failure,Medium,93.1,Activity it fight institution ten development school also generation successful second while meeting role forward.,Sensor Malfunction,4.1,Open
INC-02745,SITE-006,09/29/2023,Leak,Medium,80.6,Easy night will wish brother skill.,Operator Error,8.5,Closed
INC-03181,SITE-005,2025-05-16,Near Miss,Critical,39.0,Card law contain instead front center act specific safe.,,3.0,Open
INC-05729,SITE-001,10/02/2024,NEAR MISS,Medium ,98.6,Guy civil purpose capital protect list scientist physical happy leg power size ability high author benefit.,Material Fatigue,10.8,Under Investigation
INC-02126,SITE-005,2023-10-05,Near Miss,Low,84.7,See grow break culture quality budget reason nation hit stuff identify machine fill bank thus on.,Valve Failure,30.5,Open
INC-03559,SITE-006,2025-03-17,Equipment Failure,High,71.3,Think forward step write event.,Valve Failure,2.9,Closed
INC-01802,SITE-002,2024-06-23,Fire,Medium,84.9,Shoulder art reduce figure treatment car fire.,Valve Failure,1.7,Open
INC-01098,SITE-005,2025-05-15,Spill,High,43.7,Affect skin vote specific so bad mouth create.,Valve Failure,4.0,Open
INC-04026,SITE-005,2025-06-20,Equipment Failure,Critical,50.8,Dream money conference candidate design reason offer officer full budget design.,Valve Failure,2.7,Open
INC-03090,SITE-002,2024-01-09,Oil Leak,High,59.0,City myself stuff culture order every but.,Material Fatigue,10.8,Open
INC-04487,SITE-003,2024-03-15,Leak,Medium,71.8,Determine interview structure set difference term smile of camera young significant.,Valve Failure,1.2,Closed
INC-00610,SITE-006,2024-05-08,Spill,Critical,44.7,President mission full go few many mouth election hundred technology.,Material Fatigue,4.9,Open
INC-05059,SITE-004,16/05/2024,Equipment Failure,Low,88.0,With along management save moment fine.,Sensor Malfunction,19.2,Open
INC-02155,SITE-005,2024-10-25,Near Miss,Low,87.7,Current himself today provide suffer production name player voice forget art name ground.,,5.1,Closed
INC-00926,SITE-003,2026-02-23,Spill ,Critical,36.8,Matter production rate its time wind event drug until so without environment ball every.,Valve Failure,6.4,Closed
INC-04946,SITE-004,2024-02-09,Near Miss,Med,65.4,Involve poor fall week action item want enjoy you home fill finally affect nearly offer to.,Valve Failure,1.2,Under Investigation
INC-02172,SITE-004,2023-08-03,Near Miss,Low,92.4,Ago goal section follow yet stand address stock mind fine head director foreign member forward.,Operator Error,8.5,Under Investigation
INC-02182,SITE-001,05/15/2026,Near Miss,Medium,64.9,Institution land most much authority term down option writer.,Third-party Damage,9.7,Closed
INC-03667,SITE-006,05-Nov-2025,Fire,,43.0,Goal single town across several.,,14.1,Closed
INC-02791,SITE-006,2026-02-07,Leak,Medium,-0.5,At pick page according add serve will against.,,5.4,Open
INC-01854,SITE-001,2025-03-03,Equipment Failure,low ,88.7,Market issue family benefit believe.,Material Fatigue,5.4,Open
INC-02125,SITE-005,2025-09-23T00:00:00Z,Spill,HIGH,71.9,About cup little between require bring democratic end program store opportunity.,Corrosion,4.9,Open
INC-01477,SITE-001,2026-07-27,Near Miss,Medium,73.6,Hand blood answer one walk rather begin executive reason everybody piece describe again crime maintain much fire race shake clearly.,Corrosion,3.3,Open
INC-01502,SITE-006,2025-11-06,Near Miss,Critical,32.4,Respond easy play small spend sound rock decade big blue fly question strong act affect mind.,Sensor Malfunction,5.2,Under Investigation
INC-02539,SITE-003,2023-08-20,Equipment Failure,CRITICAL,24.3,Leader enough food road clearly hard network than.,Material Fatigue,3.5,Under Investigation
INC-05516,SITE-005,2026-01-28,Spill,Low,86.1,Role data night also third perform.,Third-party Damage,2.2,Open
INC-01909,SITE-002,2024-12-20,Spill,Low,90.1,Whole everything adult technology.,,8.0,Closed
INC-01972,SITE-005,2024-12-03,Near Miss,High,70.5,Girl responsibility ten begin develop class read.,Third-party Damage,5.2,Under Investigation
INC-01789,SITE-001,12/16/2025,Near Miss,High,55.1,Cost magazine check ahead financial others full give maintain land like cell.,Valve Failure,5.4,Open
INC-01712,SITE-003,2024-04-03,Fire,Medium,62.4,Population carry soldier success indeed former daughter always open.,Sensor Malfunction,2.8,Open
INC-03777,SITE-004,2023-12-06,Equipment Failure,Medium,68.6,Then car data nation anyone medical someone middle tell.,Material Fatigue,1.6,Open
INC-01251,SITE-002,2025-05-27, fire,High,68.7,Foot him near little industry cost either person serve certain much some talk.,Corrosion,9.3,Closed
INC-03579,SITE-006,04/04/2026,Fire,Medium,67.2,Trouble camera bring start pay person.,Operator Error,2.5,Closed
INC-03641,SITE-003,2026-02-14,Leak,Critical,35.5,Even approach time write project who someone seven building sing effort.,Sensor Malfunction,5.5,Under Investigation
INC-05228,SITE-002,2026-01-12,Near Miss,Medium,74.0,Including too own itself image personal effort myself guy trade peace get.,Material Fatigue,4.6,Closed
INC-03838,SITE-001,2024-09-22,Near Miss,Low,87.0,Put himself knowledge travel join sign performance move choice language system impact.,Operator Error,9.8,Under Investigation
INC-00506,SITE-005,2026-02-04,Equipment Failure,Medium,68.6,Agreement off reason born study bank manage speak.,,9.8,Open
INC-05964,SITE-003,2024-12-20,Leak,Medium,76.9,Them head maintain feel against glass hear national early forward.,Corrosion,5.1,Open
INC-05013,SITE-003,2025-01-31,Equipment Failure,Low,81.1,Tv even too enjoy boy reason we blue Mr.,Third-party Damage,2.3,Closed
INC-00328,SITE-004,2023-08-12,Equipment Failure,Low,89.8,Wife south operation rock reach where cut low theory these.,Valve Failure,9.2,Closed
INC-00937,SITE-006,2024-09-12,Leak,Critical,63.8,Ask capital physical position voice mean note than rich.,Valve Failure,2.9,Closed
INC-02976,SITE-001,2024-11-12,Equipment Failure,Low,85.3,Raise risk great both entire floor already leave course or before enjoy street.,Material Fatigue,18.9,Under Investigation
INC-00654,SITE-006,2026-08-24,Leak,High,65.2,Country single hear than reduce red stop.,Operator Error,2.6,Closed
INC-00764,SITE-006,2026-01-23,Near Miss,High,53.6,It improve environment meeting least last stop identify analysis something top wonder down current list back against body.,Sensor Malfunction,9.7,Open
INC-05719,SITE-006,2024-08-21,Leak,,77.4,Beyond administration hear thank manage enough great.,Corrosion,5.8,Closed
INC-04671,SITE-005,10/01/2024,Fire,High,58.6,Once add easy ten accept some ground sure.,Material Fatigue,8.7,Closed
INC-03643,SITE-004,2025-10-31,Equipment Failure,Low,95.4,Story pressure house court relate opportunity again sense they science quickly necessary.,Corrosion,11.1,Closed
INC-01355,SITE-005,2026-02-25,Spill,High,74.9,Heavy statement fund church value once remember than yes shoulder magazine.,,2.7,Open
INC-01317,SITE-001,04/12/2024,Fire,Low,82.5,Site development material should increase black memory head institution boy.,,4.8,Open
INC-00940,SITE-005,2024-03-05,Fire,Low,85.8,Even understand wait pretty do hear market require put leader often white throw yes dream author.,,7.6,Open
INC-02934,SITE-006,2025-01-21,Equipment Failure,Critical,30.9,Travel personal run major despite toward.,,10.1,Under Investigation
INC-05633,SITE-002,2024-05-03T00:00:00Z,Equipment Failure,Low,84.3,Wind avoid husband create.,Valve Failure,2.5,Closed
INC-00136,SITE-003,10-Jan-2026,Spill,High,115.7,Indeed road position thank measure company against level compare piece project government.,,2.3,Under Investigation
INC-05737,SITE-001,2023-11-03,Near Miss,Critical,22.6,Husband affect PM chair to whole run book add dream and describe.,Third-party Damage,3.6,Open
INC-00367,SITE-002,2026-07-14,Equipment Failure,Medium,83.2,Respond keep start picture travel tonight.,Material Fatigue,9.6,Open
INC-04937,SITE-003,2026-07-03,Fire,High,52.2,Family those on Mrs edge so on order million very hour we movie call road evidence more perhaps.,Material Fatigue,3.5,Open
INC-00466,SITE-006,2024-12-19,Near Miss,Low,89.9,Save couple hope easy box care community professional east support.,Material Fatigue,0.9,Closed
INC-02384,SITE-005,2023-08-03,Leak,low,93.2,Painting their or for social us soldier south student national past once time.,Corrosion,3.2,Under Investigation
INC-04686,SITE-006,2024-11-23,Leak,HIGH,70.1,They with just difficult thought against president ahead.,Valve Failure,12.5,Open
INC-02832,SITE-006,2026-04-18,Leak,,72.6,Debate though service new television explain far buy think hotel.,,2.0,Under Investigation
INC-01716,SITE-004,2023-08-27,Fire,Medium,77.6,Today very drop policy case floor expect form need available better occur than forward.,Material Fatigue,8.0,Closed
INC-00184,SITE-005,2023-12-22,Spill,Low,78.4,Its anyone green world great however quite art answer them none look.,Operator Error,6.7,Closed
INC-05503,SITE-006,2026-02-09,EQUIPMENT FAILURE,High,72.6,Since ok rise way clear.,Third-party Damage,6.9,Open
INC-03884,SITE-001,2025-12-08,Equipment Failure,Low,86.6,Exist claim I section follow impact window physical prepare.,Material Fatigue,8.4,Closed
INC-05947,SITE-005,2024-10-05,Spill,Medium,82.7,Fire full theory run.,Material Fatigue,2.5,Closed
INC-00142,SITE-003,2025-02-12,Spill,High,53.2,Responsibility work focus five house indeed laugh pass only choose dinner city baby open.,Sensor Malfunction,9.9,Closed
INC-02254,SITE-001,2025-02-22,Spill,Critical,47.9,Book but alone say find prove lose back then generation method threat what sea foreign indicate.,Operator Error,1.9,Open
INC-03254,SITE-003,2026-04-22,Spill,High,49.5,Star blood something book million we ago.,Material Fatigue,1.7,Under Investigation
INC-00258,SITE-001,2023-11-30,Near Miss,Low,87.0,Entire he local wind various certainly themselves.,Valve Failure,4.4,Under Investigation
INC-02302,SITE-006,2025-02-16,Leak,High,61.0,Bill after entire mean yet themselves big scene.,Third-party Damage,8.1,Open
INC-04873,SITE-006,2025-03-29,Fire,High,66.0,Move need compare information prove event notice accept company what baby kid father under factor.,,6.7,Under Investigation
INC-03814,SITE-003,2024-07-20,Equipment Failure,Medium,81.3,Nearly language ask admit baby approach generation hard kitchen.,Material Fatigue,4.1,Under Investigation
INC-04198,SITE-005,2026-05-19,,Low,98.2,Too forward view well bank very financial parent protect Democrat parent space.,Valve Failure,4.5,Under Investigation
INC-04267,SITE-005,2025-05-04,Leak,,64.0,Since care onto better hope three teach project prove drop source.,Valve Failure,3.4,Under Investigation
INC-03554,SITE-004,2023-08-08,Near Miss,Critical,39.7,Rise capital reveal face difficult among employee bad school leave story alone fast manage challenge culture man.,Material Fatigue,2.9,Under Investigation
INC-01778,SITE-003,2024-09-15,Leak,High,79.0,Decide court he relationship him able serious hold instead structure.,,3.4,Closed
INC-05356,SITE-004,2025-03-01,FIRE,Low,91.3,May that understand carry technology responsibility very seat.,Material Fatigue,7.7,Closed
INC-02927,SITE-006,18/08/2024,Equipment Failure,High,59.6,Up level film indicate black around spring western this among rise hit provide create we call represent.,Sensor Malfunction,2.0,Closed
INC-04882,SITE-002,05/24/2024,Leak,Critical,69.2,Social under often morning remain action voice seek artist.,Material Fatigue,9.1,Open
INC-03855,SITE-002,2025-07-26T00:00:00Z,Near Miss,medium,115.7,Their occur relate turn we respond cut western window.,Corrosion,2.6,Open
INC-05972,SITE-004,09/18/2024,Equipment Failure,Low,150.0,Assume office crime almost consumer successful.,Sensor Malfunction,9.9,Under Investigation
INC-05052,SITE-006,2024-10-20,Equipment Failure,Low,83.5,Top kitchen bar back mind hundred edge bank.,Valve Failure,7.1,Closed
INC-05005,SITE-003,2025-08-30,Spill,Medium,75.6,Board kitchen view market poor too.,Material Fatigue,6.2,Under Investigation
INC-00013,SITE-005,2024-06-22,Near Miss,Low,79.6,Soldier light clear environment number expect high space environment charge pick under worry amount interest.,Sensor Malfunction,4.0,Under Investigation
INC-02950,SITE-002,2026-06-15,Near Miss, High,65.6,System meet radio blue south apply.,Material Fatigue,12.6,Closed
INC-04774,SITE-004,2025-03-17,Equipment Failure,Medium,72.9,Appear court family argue hand.,Third-party Damage,7.6,Closed
INC-02424,SITE-006,2025-04-01,Spill,Critical,37.1,Suddenly article whom event identify face attention.,Third-party Damage,6.5,Closed
INC-05193,SITE-005,2026-03-17T00:00:00Z,near-miss,Medium,69.7,Clearly task someone provide subject several million itself else key single today last speech west leave care.,Sensor Malfunction,0.9,Open
INC-00689,SITE-006,12/26/2024,Spill,Critical,53.2,Exist practice produce list woman possible city charge nor box finally example those.,Third-party Damage,10.2,Closed
INC-02253,SITE-001,2024-05-28,,Medium,68.7,Or store television consumer fear investment voice medical report operation.,Sensor Malfunction,0.9,Under Investigation
INC-00391,SITE-006,2025-08-11,Leak,Medium,78.0,Several song all.,Material Fatigue,7.5,Closed
INC-02218,SITE-003,2023-07-28,,high,59.5,Though parent similar education national know enter bank start know.,Corrosion,8.3,Open
INC-00132,SITE-003,03-Jul-2024,Spill,High,52.9,Whole various meet east human full race decade respond father accept right official.,Corrosion,12.6,Closed
INC-05788,SITE-003,2025-08-31,Spill,,51.9,Hair whole site show man next its stock high effort thank read then.,Valve Failure,3.1,Closed
INC-00424,SITE-006,2026-06-27,Near Miss,,38.2,Today game yeah suffer recent must imagine single add heart method determine husband perhaps than certainly.,,1.4,Open
INC-05364,SITE-002,29-Aug-2025,Leak,Medium,85.2,Far culture leader information need full cause lot.,Corrosion,2.0,Closed
INC-04858,SITE-006,2024-11-22,Spill,Critical,33.2,Available certainly week stand relate mission reduce challenge third ok bad like wrong important focus fine.,Material Fatigue,7.4,Open
INC-04982,SITE-003,2023-09-08,Fire,Medium,75.8,Staff commercial environment only ten now speak score we lose money hand check investment summer.,,2.6,Closed
INC-03280,SITE-003,2025-03-27,Leak,Critical,51.6,Bank it word something report another.,Material Fatigue,2.7,Closed
INC-04506,SITE-006,2026-02-08,Spill,Medium,72.7,Young who special expert long should score player anyone.,Third-party Damage,3.1,Under Investigation
INC-04350,SITE-002,2024-01-10,Near Miss,Medium,67.4,Build kind later who go provide level.,Material Fatigue,7.9,Under Investigation
INC-01125,SITE-005,07/24/2024,Equipment Failure,,94.4,Bag opportunity focus school him security think college ground.,Corrosion,5.8,Open
INC-01232,SITE-002,2025-04-21,Equip. Failure,Low,83.6,Government increase your memory century camera word black ground senior why bring.,Material Fatigue,8.5,Open
INC-04041,SITE-003,2025-07-27,,High,56.3,Region important likely technology likely shake personal.,Corrosion,16.0,Under Investigation
INC-00698,SITE-003,2026-07-21,Spill,Critical,43.0,Today far act pressure road there minute.,Corrosion,4.6,Closed
INC-02720,SITE-003,2023-09-27,Leak,Critical,27.3,My room prevent indeed sure describe think administration.,Material Fatigue,7.1,Under Investigation
INC-00942,SITE-001,2024-03-16T00:00:00Z,Equipment Failure,High,66.3,Something field see before good serious message whatever once peace can support feel exist.,Sensor Malfunction,5.9,Under Investigation
INC-00119,SITE-001,15/04/2026,Spill,,81.9,At energy southern station travel two opportunity office source.,Operator Error,4.4,Open
INC-03213,SITE-005,2025-11-19,near miss,low ,82.3,Former probably major message must add become after forward then us keep movie leader available sing purpose hot if.,Third-party Damage,11.1,Open
INC-00403,SITE-004,2025-04-28,Near Miss,Low,89.1,Serve drug strong police single.,Material Fatigue,18.1,Under Investigation
INC-04403,SITE-006,2026-07-20,Leak,Critical,51.0,Fast check edge appear information ask phone official.,Material Fatigue,3.4,Open
INC-01824,SITE-002,2025-04-16,near-miss,Low,-5.0,Success health quickly student look.,Sensor Malfunction,16.5,Closed
INC-01204,SITE-002,2026-03-19,Near Miss,Low,85.8,Any control team education.,Operator Error,19.1,Under Investigation
INC-04331,SITE-005,26/01/2026,Equipment Failure,Low,73.7,East factor scene moment natural.,Valve Failure,10.1,Open
INC-05253,SITE-003,2026-05-10,Fire,Critical,52.1,Address method major during administration turn service also affect.,Valve Failure,6.3,Closed
INC-03598,SITE-002,2024-11-29,Equipment Failure,medium,72.1,Put may challenge threat bill church east yes civil conference student.,Operator Error,8.4,Under Investigation
INC-04755,SITE-006,03/17/2026,Leak,Critical,41.2,Kitchen into court health inside concern may soon.,Sensor Malfunction,2.5,Closed
INC-04430,SITE-002,2024-09-29,Fire,Low,78.1,Blue firm and upon music gas her.,Material Fatigue,15.6,Open
INC-02346,SITE-003,20/06/2026,Fire,Critical,27.1,Page unit organization hot almost character science whatever degree majority force strategy speak imagine answer everything.,Valve Failure,8.0,Closed
INC-00786,SITE-004,2026-10-14,Spill,Medium,82.3,None and close accept simple yes similar animal as while.,Valve Failure,14.9,Closed
INC-04999,SITE-001,2025-10-15,Spill,Hi,61.2,Already scientist design including measure leg along rock right recent suddenly.,Corrosion,7.8,Closed
INC-03372,SITE-006,2026-06-21,Equipment Failure,Medium,84.6,Now sense accept lawyer green language shake organization recognize free.,,14.6,Under Investigation
INC-03879,SITE-001,28/08/2025,Near Miss,high,64.4,Provide consumer half must leader two way any.,Operator Error,3.9,Open
INC-02749,SITE-006,2026-04-01,Near Miss,Critical,50.3,Less campaign day key.,Corrosion,4.1,Closed
INC-04863,SITE-006,2024-09-25,Leak,Critical,66.2,Nothing need test seat idea son grow book.,Material Fatigue,2.9,Under Investigation
INC-03639,SITE-003,2026-09-29,Leak,,46.2,Long protect event information point now glass other drop success central image produce official computer among degree rock thus.,Third-party Damage,2.6,Under Investigation
INC-02941,SITE-003,12-Mar-2024,Equipment Failure,,60.0,Although perform brother cover phone condition husband thing sea.,Sensor Malfunction,7.4,Closed
INC-03972,SITE-004,2026-06-09,Spill,High,73.4,And reason risk family subject glass.,,9.8,Closed
INC-00768,SITE-006,2024-04-10,Equip. Failure,Medium,-5.0,Know similar class gun must economy son certainly court gun style watch cultural pattern.,Sensor Malfunction,2.8,Open
INC-00792,SITE-001,2026-07-17,Near Miss,Medium,74.6,Sign firm compare reach administration work occur very firm argue really exactly pass those them.,,7.4,Under Investigation
INC-02269,SITE-006,2023-09-17,Near Miss,Medium,79.7,Success run be leader fish institution discussion.,Material Fatigue,3.5,Under Investigation
INC-02140,SITE-003,2026-09-19,Spill,Low,85.5,Accept particular say charge consider cold measure degree culture score base itself.,Operator Error,3.7,Open
INC-01262,SITE-001,2024-10-24,Equipment Failure,High,80.0,At company check reach tend how present nearly western laugh.,Material Fatigue,11.2,Open
INC-03158,SITE-001,2025-06-08, spill ,Medium,66.5,Theory picture city possible style so we anyone space his little.,Sensor Malfunction,5.1,Open
INC-02898,SITE-002,2024-12-13,SPILL,Medium,150.0,Company nor however fact why wind his.,Valve Failure,9.0,Under Investigation
INC-04507,SITE-004,18-Sep-2023,Spill,High,61.3,Reflect onto clear physical let once feel require road fish whom all.,Valve Failure,7.8,Under Investigation
INC-01139,SITE-005,2025-12-10,Fire,high,63.0,Specific next court involve data truth ball total lose.,Corrosion,3.5,Under Investigation
INC-04959,SITE-002,17-Sep-2025,Fire,High,43.0,Push help vote red off might do hear grow career.,Third-party Damage,3.3,Under Investigation
INC-04503,SITE-006,2024-04-08,Spill,High,49.2,Million miss some well career reason yet never total technology hear discuss.,Operator Error,2.7,Closed
INC-05029,SITE-006,2023-12-27,Leak,High,64.7,Employee son strategy pattern beyond big there.,Valve Failure,13.7,Closed
INC-01857,SITE-001,2026-07-13,Fire,Low,-5.0,Could one sometimes parent including man director how attorney view.,Valve Failure,9.3,Under Investigation
INC-05849,SITE-002,2026-07-24,Near Miss, High,55.7,Though should energy style treatment kind military just property this choose message should ground.,Sensor Malfunction,11.4,Closed
INC-03540,SITE-003,2024-03-15,Spill,High,59.7,Bit artist leg possible add thank friend.,Third-party Damage,5.6,Open
INC-00638,SITE-005,2023-10-31,,Medium,73.6,Bit smile pretty hit ahead again tonight personal clearly here how.,Valve Failure,10.8,Open
INC-04428,SITE-001,2026-05-20T00:00:00Z,Equipment Failure,Medium,75.8,Soon lay parent room property fish turn near house could live including rise road.,Valve Failure,11.5,Closed
INC-02586,SITE-006,2025-04-04,Leak,Medium,64.9,Play wait expert seem drive itself star space government little number have short tree also since.,,5.1,Under Investigation
INC-03756,SITE-002,2023-12-30,Spill,Critical,38.0,Music may two often former man executive anything girl.,,1.0,Closed
INC-03867,SITE-005,2025-12-27,Spill,Medium,66.1,Tonight card activity base serious feeling voice former guess face also worker.,,4.5,Closed
INC-01709,SITE-004,2024-05-16,Near Miss,High,50.2,Ball without policy ever court specific skill pattern big with choose person figure.,Material Fatigue,5.2,Under Investigation
INC-05034,SITE-006,2023-12-18,Leak,Critical,67.5,Both situation create short interest.,Operator Error,1.9,Closed
INC-02229,SITE-002,2024-07-11,Leak,Low,94.2,Any north meeting teach case example food research.,Operator Error,6.1,Closed
INC-01838,SITE-006,2024-12-25,Spill,medium,76.0,According executive difficult phone work idea tonight who yard write.,Sensor Malfunction,18.7,Open
INC-01373,SITE-006,2025-09-12T00:00:00Z,Spill,Critical,49.5,Debate finish others among table player bit customer then set per mention believe yeah three.,Corrosion,11.1,Closed
INC-05485,SITE-001,2026-06-04,Spill,High,77.1,Down join technology recently the catch human administration pick people cost bar table interest four city ago true interesting.,Third-party Damage,5.0,Open
INC-03001,SITE-001,2026-05-13,Spill,Medium,65.6,World tax for girl as just positive space all evidence decision least.,Third-party Damage,24.6,Closed
INC-02575,SITE-006,2026-01-15,Near Miss,,35.6,Future green southern religious its dinner support office nation game paper difficult.,Valve Failure,2.2,Under Investigation
INC-00127,SITE-004,2024-08-19,Leak,Medium,77.5,Various social agency hard national challenge husband former million low maybe ability improve at growth sign structure energy.,,8.3,Closed
INC-03216,SITE-003,2026-06-28,Spill,High,49.6,Mr training near why face once.,Operator Error,5.6,Open
INC-00575,SITE-003,2024-03-06, Leak,High,48.9,Central bed accept see treatment business situation Mrs support so group within thus source necessary operation finally.,Material Fatigue,6.6,Closed
INC-02171,SITE-001,2024-10-23,Near Miss,High,78.6,Lawyer develop a bag animal.,Material Fatigue,10.0,Closed
INC-00236,SITE-002,2024-05-20,Fire,Medium,89.8,Set ok strong son beautiful other sport fast teach here life certain realize management store such.,Operator Error,3.6,Open
INC-00213,SITE-003,2024-11-05,Spill,High,71.3,Lay way late thing city television quite.,Corrosion,8.5,Open
INC-03942,SITE-006,2024-10-09,Leak,LOW,85.3,Information save green enough accept perform Congress everything picture.,Material Fatigue,1.0,Closed
INC-01996,SITE-001,2026-08-09,Near Miss,Critical,20.6,Participant down author onto try operation southern ask power life common.,Valve Failure,13.4,Open
INC-00183,SITE-002,2023-12-22,Equipment Failure, Low,82.0,Relationship go finally administration report college person few consumer.,Third-party Damage,5.6,Open
INC-05995,SITE-006,2023-09-16,Spill,Critical,48.0,Mention write light century anyone vote impact hour none candidate rich life research professor child education.,Corrosion,2.1,Under Investigation
INC-00533,SITE-003,2024-01-15,Leak,Critical,37.6,Measure company different important sure education environment single environment decision.,Operator Error,16.1,Closed
INC-03071,SITE-002,2026-07-05,Equipment Failure,Critical,45.0,Performance hair from small worker establish.,Third-party Damage,1.6,Open
INC-04491,SITE-005,2023-12-26,Near Miss,Medium,71.8,Firm until support answer relationship yourself yes attention.,Corrosion,9.8,Closed
INC-02977,SITE-003,2025-07-03,Spill,,49.7,Debate put continue spend agreement poor serious friend section someone.,Valve Failure,7.2,Open
INC-04255,SITE-006,2023-07-27,Fire,Critical,43.5,Rise feel hit leader view size majority business pass almost.,Material Fatigue,2.1,Closed
INC-03081,SITE-001,2024-12-15,Equipment Failure,Low,90.5,Open site political past what range production.,Operator Error,7.9,Open
INC-04191,SITE-005,2025-03-11,Oil Leak,Critical,31.3,Magazine create matter campaign image require operation central.,Valve Failure,9.5,Closed
INC-04564,SITE-003,11/11/2025, Leak,,100.0,Former maintain she soldier similar.,Valve Failure,4.9,Under Investigation
INC-03944,SITE-006,28/08/2024,Leak,Critical,50.8,Outside daughter common enter card full fine area.,Corrosion,6.5,Open
INC-05471,SITE-004,2025-02-04,Near Miss,Low,93.3,Pretty us smile animal leg fall live cost at food common score student itself.,,0.4,Under Investigation
INC-01552,SITE-006,2026-02-15,Near Miss,Low,84.7,Protect evidence great relationship several by.,,12.7,Open
INC-00799,SITE-004,2024-09-10,Leak,Low,86.0,Vote bar before provide nature stand speak last eat.,Third-party Damage,5.5,Under Investigation
INC-05985,SITE-006,2025-10-05,Leak,High,59.5,Magazine gas them here record organization ability possible campaign.,Corrosion,13.8,Closed
INC-01740,SITE-005,2025-11-28,Spill,Medium,90.6,Late very student event stage use necessary measure mean doctor our leave.,Valve Failure,3.2,Under Investigation
INC-01780,SITE-003,2025-01-13,Fire,Critical,50.4,Opportunity trouble many indeed quality cold southern life national.,Valve Failure,3.4,Closed
INC-02192,SITE-006,2023-11-22,Leak,Critical,35.0,Least hard industry you.,,5.0,Closed
INC-04477,SITE-002,2024-02-19,Fire,,66.5,Parent cover in more region.,Corrosion,7.2,Open
INC-03316,SITE-001,2025-08-15,Equipment Failure,High,47.6,Always chair lot fine window ask hear test follow which run item production matter provide race.,Material Fatigue,1.5,Closed
INC-05102,SITE-003,2026-01-15,Equipment Failure,Critical,0.0,Produce general reveal around space think same.,Valve Failure,2.7,Under Investigation
INC-01581,SITE-001,2026-07-17,Fire,High,62.1,Thought view occur own agree bank president sign senior feeling turn figure appear business throw amount reason lawyer.,Corrosion,11.4,Open
INC-01529,SITE-001,2023-08-12,Equipment  Failure,Low,89.2,Push lay off probably wear talk close quality report say arrive clear pattern.,Sensor Malfunction,12.2,Open
INC-02765,SITE-004,2025-02-07,Fire,Lo,90.2,Heavy usually traditional need paper mission price under safe never rate.,,3.0,Closed
INC-03503,SITE-002,2025-08-04,Near Miss,Critical,67.3,Fill take never official thank miss thought manager network evidence note resource clearly.,Corrosion,1.2,Open
INC-05345,SITE-002,2025-07-29,Equipment Failure,Lo,86.2,True into lead name city president of bring coach affect avoid.,Valve Failure,25.3,Closed
INC-04715,SITE-002,2025-11-29,leak ,Low,95.4,Position model third yeah five.,Sensor Malfunction,18.4,Under Investigation
INC-03890,SITE-001,2026-05-08,Near Miss,Low,84.4,Reveal special movie western participant bad explain recent.,Valve Failure,2.9,Closed
INC-04123,SITE-004,2024-07-02,Leak,Low,94.5,Nearly of measure last newspaper mind able we always idea mission paper impact general.,Material Fatigue,9.4,Open
INC-03627,SITE-002,2024-04-25,Fire,Low,85.8,Cup last brother radio build drive activity.,Sensor Malfunction,3.4,Open
INC-05455,SITE-003,2024-12-06,Leak,Low,100.0,Group foreign final control.,Corrosion,29.4,Closed
INC-02315,SITE-006,2024-03-13,Spill,Critical,48.1,Left young police time later shoulder suggest himself happen trip.,,5.9,Open
INC-02173,SITE-003,2024-10-05, Leak,High,61.0,Majority end instead hot reflect call important enjoy participant someone.,Valve Failure,4.1,Open
INC-00088,SITE-006,2024-06-25,Near Miss,Critical,64.7,Two type because give speak spend fall amount people.,Valve Failure,1.3,Under Investigation
INC-05174,SITE-005,19/05/2025,Near Miss,,92.6,Should sign ago effort quickly nothing worker collection child nice theory.,Material Fatigue,2.1,Open
INC-05258,SITE-001,09/10/2025,Spill,Critical,40.1,Level produce mission result sure understand compare cause century.,Sensor Malfunction,3.0,Open
INC-03502,SITE-005,12/02/2026,Leak,Medium,77.2,Surface political around food discover explain feeling improve its think cause.,Operator Error,9.4,Open
INC-02531,SITE-006,2023-08-04,Near  Miss,Medium,81.2,Whatever establish training summer second later on health I research result or my deal.,Valve Failure,1.0,Open
INC-01019,SITE-001,2025-12-24,Fire,High,61.6,Capital star part knowledge challenge red shake.,Valve Failure,7.7,Open
INC-02475,SITE-003,2024-11-26,equipment failure,Medium,-12.3,Environment man only head blue artist.,Operator Error,13.2,Under Investigation
INC-00539,SITE-004,2026-06-23,Near  Miss,High,51.5,Language time natural crime along Mr.,Operator Error,9.0,Closed
INC-05208,SITE-001,2024-11-16,Near Miss,Medium,61.4,Field you its whatever happen others country since movement his next note exist approach during western final.,Corrosion,12.5,Closed
INC-04290,SITE-006,2025-12-10, spill ,High,71.7,Step future class group who exist catch increase trial price several enter.,Material Fatigue,3.1,Open
INC-05832,SITE-005,2024-01-03,Equipment Failure,Medium,86.8,Kitchen clearly clearly protect must through wear whatever.,Valve Failure,17.2,Open
INC-00969,SITE-003,2024-06-17,Fire,High,59.3,Security throw offer life action generation add.,Operator Error,0.9,Under Investigation
INC-02885,SITE-004,2025-09-03,Equipment Failure, Low,92.7,Name event final blood pick TV happen consumer describe body.,Third-party Damage,6.2,Open
INC-05051,SITE-006,2025-07-09,Near Miss,Low,77.1,Modern away staff behind someone effort appear current.,,11.5,Open
INC-02130,SITE-004,2023-11-04,Fire,High,77.5,Reality decision general traditional prepare never ten mother my.,Third-party Damage,6.6,Under Investigation
INC-01314,SITE-003,2026-04-24,Equipment Failure,Medium,85.8,Market thus focus friend cost.,Operator Error,1.9,Under Investigation
INC-04413,SITE-003,2024-07-27,Fire,Critical,47.9,Stock compare find manage conference continue wife.,Operator Error,18.6,Under Investigation
INC-03806,SITE-002,23-May-2025,Near Miss,low ,82.0,Family worry put fill have five investment unit soon site treat operation future.,Corrosion,4.1,Open
INC-00509,SITE-002,2024-12-26,Near Miss,Low,85.0,Strategy onto price ahead today wide any kid treat smile next brother.,Material Fatigue,1.4,Closed
INC-01424,SITE-003,2024-11-30, Leak,Critical,56.8,More of walk movie.,Corrosion,17.4,Open
INC-01634,SITE-001,2023-10-15,Equipment Failure,Medium,55.6,Keep discuss instead rest entire college challenge resource.,Sensor Malfunction,4.9,Open
INC-03012,SITE-006,08/12/2024,Leak,,80.2,Tonight pay but somebody economic message whole blue above.,Third-party Damage,9.2,Open
INC-03065,SITE-003,2025-07-15,Equip. Failure,Medium,82.7,Whether size production seven never themselves somebody lose.,Corrosion,2.1,Open
INC-04210,SITE-005,2025-06-25,Leak,Low,92.4,Per help phone bit follow.,Corrosion,9.0,Open
INC-00644,SITE-006,2024-09-18,Leak,High,55.0,Class case born writer religious official single across specific tonight trouble firm vote.,Material Fatigue,21.4,Under Investigation
INC-00649,SITE-005,2023-09-28,near miss,Medium,63.7,Recent maintain country together human fight discuss evidence enough left.,Valve Failure,3.4,Closed
INC-00279,SITE-006,2024-05-05,Equipment Failure,Low,86.4,Point list key state sing art citizen.,Operator Error,5.8,Open
INC-04886,SITE-003,2023-11-02,Near Miss,High,47.3,Number letter wind rule democratic set subject style behavior prove thought although fight nature television.,Sensor Malfunction,14.2,Closed
INC-05664,SITE-002,2025-02-17T00:00:00Z,Leak,Low,88.3,Thing remain back politics worry black knowledge church.,Material Fatigue,13.0,Closed
INC-02926,SITE-003,2025-01-07,Spill,High,49.3,White right business exactly by administration you yeah majority fact sport.,Operator Error,14.7,Closed
INC-05046,SITE-006,2025-01-09T00:00:00Z,Fire,,47.8,Book policy all bad fill age project hit picture about.,,2.0,Under Investigation
INC-01736,SITE-003,30-Jan-2024,Leak,High,42.2,Purpose among despite various mention ready similar morning carry away listen discuss feel difficult economic.,Valve Failure,11.9,Under Investigation
INC-02092,SITE-004,2025-04-18,Oil Leak,Low,95.3,Wife dream operation happy end source center name possible officer official easy relate.,Valve Failure,4.7,Open
INC-03720,SITE-001,25/12/2025,Equipment Failure,Low,83.9,Majority miss stay deep health sport TV seven ever smile term body.,Material Fatigue,9.3,Open
INC-02771,SITE-001,2025-11-07T00:00:00Z,Spill,Critical,44.0,Participant gas little picture expert computer rate almost market there military let collection nor.,Operator Error,7.4,Closed
INC-02842,SITE-003,2023-08-08,Spill,Medium,82.7,While during effort be team story next safe positive impact raise pattern report degree learn cost spend.,Material Fatigue,2.8,Open
INC-01580,SITE-003,08/12/2024,equipment failure,Medium,70.9,Word among class avoid sit natural either land rest.,Corrosion,3.1,Open
INC-03108,SITE-001,2026-01-12,Spill,High,64.0,Lose position card senior little resource already wrong where amount mission rock.,Sensor Malfunction,1.9,Under Investigation
INC-04429,SITE-006,2025-09-13,Spill,High,65.9,International identify southern size crime audience trial either administration drive.,Third-party Damage,8.9,Closed
INC-04399,SITE-003,2026-02-09,Near Miss,Critical,13.1,Smile because than wonder reflect point bank front particular account spring sell.,Sensor Malfunction,6.1,Under Investigation
INC-05690,SITE-003,2024-11-02,Near Miss,High,60.2,Understand party personal officer section analysis author back difficult trip by nothing onto see carry.,Sensor Malfunction,2.3,Open
INC-02379,SITE-001,2025-02-03,Spill,High,62.5,Do inside figure total tell foreign important type power hundred gun see know chance military.,Corrosion,20.2,Open
INC-03017,SITE-006,2026-09-13,Equipment Failure,Low,78.2,Organization road phone purpose medical determine.,Sensor Malfunction,6.1,Closed
INC-04407,SITE-003,2026-03-13,Fire,Medium,77.7,Wide hour determine nearly continue late nature.,Corrosion,2.4,Open
INC-03177,SITE-003,25/08/2024,Leak,Critical,31.5,Life wear left way floor note class create may animal whose away art cell.,Corrosion,20.1,Open
INC-03402,SITE-003,2023-09-03,Equipment Failure,Med,72.8,Back focus consider financial.,Material Fatigue,5.6,Under Investigation
INC-00733,SITE-005,2026-03-07,leak ,Critical,48.6,All evidence person operation or office citizen news bank memory share.,,4.7,Under Investigation
INC-04184,SITE-002,2025-09-01, spill ,Low,88.1,Brother our just three point employee right two from federal seem there produce establish situation.,Third-party Damage,11.5,Closed
INC-03857,SITE-005,2023-12-06,Spill,Hi,76.0,Identify particularly here top.,Material Fatigue,6.9,Under Investigation
INC-03772,SITE-006,2026-10-18,Leak,High,77.2,Order within check than prove campaign price provide his million lawyer down coach dog use wind adult turn.,Sensor Malfunction,6.6,Under Investigation
INC-03244,SITE-002,2025-03-24,Leak,Medium,67.3,Nor watch dark treat our.,Valve Failure,9.6,Closed
INC-01417,SITE-006,2023-08-13,Leak,High,45.8,Threat wait me around to study standard remain right for.,Corrosion,5.2,Open
INC-02451,SITE-006,2025-03-20T00:00:00Z,Leak,High,57.5,Voice green activity consumer policy boy war process summer sometimes draw face other late really age.,Third-party Damage,5.1,Open
INC-02409,SITE-005,2026-05-03,leak,,90.9,Exactly several out they though stock summer huge.,Sensor Malfunction,1.5,Open
INC-03332,SITE-004,14-Jan-2024,Equipment Failure,low,98.5,Brother guess manage officer scene shoulder generation laugh environment city common man.,Operator Error,2.1,Under Investigation
INC-02081,SITE-002,2026-02-13,Near Miss,MEDIUM,104.0,Its movie will picture production late difficult pull believe surface majority.,Third-party Damage,12.6,Open
INC-02994,SITE-002,2024-10-04T00:00:00Z,Spill,Low,82.1,Space church still tree should true star rest high black different production exactly great.,,8.7,Open
INC-01969,SITE-001,2025-02-08,Fire,Medium,83.1,Political share arm first.,,27.1,Closed
INC-00318,SITE-001,01/07/2025,Near Miss,Hi,48.3,Majority offer throw trial while imagine.,Third-party Damage,7.9,Under Investigation
INC-04462,SITE-004,2025-04-21,Near Miss,Critical,43.8,Like yet not wear their prepare movie gas.,Operator Error,1.0,Open
INC-04727,SITE-006,2023-09-14,Spill,Medium,80.1,That which he use green itself teacher result.,Operator Error,10.5,Open
INC-01162,SITE-005,09/19/2023,Leak,Medium,62.5,Really exactly administration government follow role want tonight suddenly foreign change clear agreement entire.,Operator Error,3.2,Under Investigation
INC-05353,SITE-002,2024-02-02,Equipment Failure,Medium,73.7,Hundred bill usually nation hundred particular put ever course skill.,,5.7,Closed
INC-03862,SITE-004,2026-07-16,Equipment Failure,Medium,62.7,Month clear other stuff challenge clearly child set range point training lot.,Valve Failure,6.5,Under Investigation
INC-02607,SITE-004,16-Sep-2023,Near Miss,Low,82.2,Activity finally store get anyone I election win part property pay whose point.,Sensor Malfunction,8.6,Under Investigation
INC-04529,SITE-002,2026-04-20,Near Miss,Medium,79.0,Thank phone somebody run career never clear easy act maybe risk one threat message high close choice race.,Sensor Malfunction,4.1,Open
INC-03241,SITE-004,2024-09-20,Fire,Low,97.5,What term foot run popular plant which one sell purpose trade.,,8.9,Closed
INC-03698,SITE-001,2023-07-25,Equipment Failure,Medium ,78.1,Explain wide treat shake budget present truth employee.,Third-party Damage,10.0,Open
INC-04066,SITE-006,2025-04-29,Equipment Failure,High,48.1,Ok purpose policy project these its.,Operator Error,1.0,Under Investigation
INC-02513,SITE-001,2025-09-18,Equipment Failure,Medium,75.6,High million ball expect along hundred huge than wait account.,Material Fatigue,5.7,Open
INC-00462,SITE-006,2025-02-06,Leak,High,45.1,Mission focus radio mind walk form risk price bed buy.,Sensor Malfunction,12.0,Under Investigation
INC-03462,SITE-004,2026-07-02,Spill,,74.5,Claim together defense voice population begin PM light late could.,Sensor Malfunction,11.3,Closed
INC-02892,SITE-006,2025-02-09,Leak,HIGH,66.4,Leave energy write professional keep eight with west picture many.,Sensor Malfunction,2.6,Closed
INC-03471,SITE-001,25/02/2025,Near Miss,,67.7,Matter if stop onto toward surface force.,Corrosion,4.5,Closed
INC-01479,SITE-004,2023-11-28,Equipment Failure,Medium,69.9,Trouble ground inside shoulder education field simple player hand look situation suddenly begin station opportunity during.,Third-party Damage,3.4,Closed
INC-05056,SITE-005,16-Mar-2025,Equipment Failure,Low,82.8,Themselves agreement pick until old brother school fear should statement provide bed determine involve almost seek it assume break theory.,Corrosion,5.7,Open
INC-01546,SITE-001,2025-01-11T00:00:00Z,Fire,critical,54.8,Young seat voice relate girl across.,Sensor Malfunction,10.2,Under Investigation
INC-01590,SITE-004,2025-04-02,NEAR MISS,,63.0,National very chair trial.,Sensor Malfunction,8.5,Open
INC-04126,SITE-005,2024-01-13,,Medium,58.2,Moment stop seek everyone goal beyond break mind little hope big keep.,Third-party Damage,5.9,Closed
INC-01661,SITE-005,2025-12-31,Near Miss,Med,81.7,President have shake before from environment public good similar marriage.,Valve Failure,5.6,Closed
INC-02162,SITE-004,2025-12-03,Leak,Critical,23.1,Production series dream have amount blood itself room hotel offer hear.,Valve Failure,9.7,Open
INC-03303,SITE-005,2024-01-18,Fire,Medium,82.1,Us police spend then industry response east concern field doctor close action.,Valve Failure,1.6,Closed
INC-00549,SITE-001,2024-12-17,Spill,Critical,42.1,Entire here task security people ball protect.,Valve Failure,16.2,Closed
INC-02501,SITE-001,06/11/2024,Spill,Medium,80.6,Much near make business blue century challenge finally run season similar begin.,Valve Failure,9.4,Closed
INC-02309,SITE-006,2025-12-15,Spill,High,55.8,Old spring investment.,Operator Error,8.5,Closed
INC-00761,SITE-002,2024-05-28,Leak,Medium,73.6,Baby one east suggest attack per send resource could mission rock result move language leader much sister four.,Material Fatigue,8.6,Open
INC-02964,SITE-003,2025-01-26,Spill,Low,79.8,Resource relationship laugh war strong artist.,,1.4,Open
INC-03927,SITE-005,2026-05-28,Leak,High,53.1,Remember single pressure song public real political also chance.,Valve Failure,2.5,Under Investigation
INC-05688,SITE-004,2025-09-09,Near Miss, High,61.9,Ready identify skill son benefit social name send spend.,Valve Failure,7.4,Under Investigation
INC-01587,SITE-001,2026-06-15,Equipment Failure,High,46.9,Because manage strategy care live even seven.,,7.4,Closed
INC-01012,SITE-006,2025-01-17,Equipment Failure,Critical,39.6,Minute attack cost reflect language service feeling decision answer Democrat young budget teacher.,Corrosion,2.5,Closed
INC-03458,SITE-006,2026-02-07,Spill, Critical,28.5,Report economic avoid eye manage half parent budget both Republican compare family foreign kitchen design image.,,4.4,Closed
INC-00875,SITE-006,2024-07-27,Leak,Low,93.9,Region later goal by finally way party study marriage policy role relate question.,Material Fatigue,9.9,Closed
INC-02317,SITE-001,2025-03-09,Leak,Medium,65.3,Performance can drop work opportunity plant claim stand economy difficult attack available election.,Operator Error,11.2,Closed
INC-02761,SITE-002,2024-08-05,Near Miss,High,56.9,Thing dinner down hand wonder student own camera everybody program.,Valve Failure,4.6,Open
INC-03656,SITE-003,2026-02-27,Near Miss,,89.2,Spend very body family mouth town play specific them former.,Corrosion,6.9,Closed
INC-03088,SITE-006,2025-07-24,Spill,Medium,115.7,If painting person each young again travel individual require various.,Third-party Damage,6.6,Closed
INC-00204,SITE-004,2024-04-24,Spill,,81.6,Small language officer dog baby take company final whom account notice environmental.,Third-party Damage,2.0,Closed
INC-04340,SITE-002,08/18/2025,Spill,Medium,89.2,Century happy middle article finish clear service other use way.,Material Fatigue,2.4,Under Investigation
INC-02894,SITE-003,2025-10-21,Equipment Failure,Medium,89.4,Sort Congress suffer top off nature left child vote peace happen set sit could build plant.,Material Fatigue,4.1,Open
INC-04120,SITE-006,2024-02-29,Near Miss,High,49.6,Would low federal choice to feel mention.,Valve Failure,6.2,Under Investigation
INC-04471,SITE-005,2025-02-13,Fire,Medium,76.4,Field table Congress require voice look specific senior may.,Corrosion,2.6,Under Investigation
INC-05030,SITE-005,2024-02-18,Equipment Failure,Medium,73.6,Interesting modern pretty through figure entire last.,Valve Failure,8.9,Closed
INC-03482,SITE-005,2025-11-16,Equipment Failure,Low,85.8,Operation listen vote east century member section.,Valve Failure,8.0,Closed
INC-01700,SITE-002,2025-05-04,Fire,Critical,47.6,Person somebody notice draw nearly manage choice adult professional fine.,Corrosion,9.0,Under Investigation
INC-04550,SITE-003,2026-10-17,Leak,Medium,87.4,Top seven idea speech shoulder book government material student ever sure table establish.,Third-party Damage,9.7,Under Investigation
INC-00008,SITE-003,2025-10-15,Equipment Failure,Medium,88.3,Leader away range race grow use south those heavy interesting participant.,,4.4,Closed
INC-03439,SITE-001,2024-11-12,Near Miss,Low,83.4,Give him tough reason type trouble camera listen fall plant.,Material Fatigue,10.2,Under Investigation
INC-02061,SITE-003,2024-06-26,Near Miss,Medium,91.3,Certainly whose turn discuss necessary science few.,Corrosion,3.5,Closed
INC-02954,SITE-004,2025-08-06,Equipment Failure,Low,81.8,If another policy they more ground never strategy important top.,Third-party Damage,25.3,Open
INC-05994,SITE-004,2025-05-29,Near Miss,Critical,61.6,Mr specific Republican buy me oil do why forget.,Sensor Malfunction,10.8,Open
INC-02144,SITE-002,29/11/2023,EQUIPMENT FAILURE,Critical,36.1,Guy research while yard growth statement enter over method.,,16.8,Under Investigation
INC-03550,SITE-006,2024-11-05,Fire,Critical,52.8,High agreement season open.,Sensor Malfunction,3.5,Open
INC-01844,SITE-004,2026-05-26,Leak,Medium,87.4,Role project paper worker race expect response not also agency meeting of.,Sensor Malfunction,1.2,Open
INC-03176,SITE-001,2024-09-28T00:00:00Z,,High,58.7,College course subject policy responsibility past response itself.,Material Fatigue,3.4,Closed
INC-04936,SITE-002,2026-03-22,Near Miss,High,58.8,Task along term very kitchen oil game tell west.,Third-party Damage,6.7,Closed
INC-01667,SITE-006,2024-08-29,Near Miss,Medium,83.0,Girl plan all song compare different newspaper option mind wonder.,Material Fatigue,9.5,Open
INC-03856,SITE-002,2026-02-24,Fire,High,56.1,Lot build since check six better night pick far new computer indeed.,Material Fatigue,4.7,Closed
INC-05914,SITE-004,2023-12-02,fire,Critical,32.4,Three this wrong set major they item above tonight affect.,Sensor Malfunction,16.2,Under Investigation
INC-00678,SITE-005,2024-09-07,Fire, Low,90.6,Newspaper interview during street director but suffer capital stage it individual determine when.,Third-party Damage,1.1,Closed
INC-01899,SITE-004,2023-10-02,Near Miss,High,52.9,Politics couple hope son society lawyer image soldier agent.,Corrosion,18.3,Open
INC-02620,SITE-002,2026-03-27,Near Miss,Medium,68.8,Church appear now whatever want hear spring room enough cold travel everything experience.,Sensor Malfunction,11.2,Under Investigation
INC-05349,SITE-001,2024-11-05,Spill,Low,79.8,Degree forget business can size possible cell ever garden member data instead civil.,Third-party Damage,7.5,Open
INC-00816,SITE-004,06/10/2025,Spill,Low,86.4,History network customer it question line number reflect.,Sensor Malfunction,7.2,Open
INC-05844,SITE-003,2025-02-23,Leak,Hi,65.9,Important experience wear including science center push board they.,Operator Error,19.5,Under Investigation
INC-03508,SITE-006,2024-05-25,Leak,Low,100.0,Partner tell his right fire energy painting break risk dark score find fire measure probably positive.,Corrosion,5.5,Open
INC-04452,SITE-003,2025-04-02,Equipment Failure,High,52.2,Itself economic like learn baby.,,14.4,Closed
INC-04360,SITE-005,2023-12-05,Equipment  Failure,High,59.3,Inside record billion response staff media information single develop foreign sign.,Sensor Malfunction,8.5,Closed
INC-05897,SITE-006,2024-01-25,Spill,Critical,39.0,Purpose read impact computer thought analysis.,Corrosion,6.9,Closed
INC-04469,SITE-006,2025-07-08,Leak,Medium,75.9,Writer day woman floor than.,Corrosion,11.9,Under Investigation
INC-02683,SITE-006,2026-09-12,Equipment Failure,High,70.9,Home month position drug.,Third-party Damage,0.2,Open
INC-02141,SITE-003,04-Jul-2026,Leak,Low,92.2,Including term wife billion community may leave catch sure.,Material Fatigue,9.0,Under Investigation
INC-04534,SITE-003,2026-05-12,Leak,Low,80.5,Figure social blue choose test act week step affect stay field yourself.,,8.3,Closed
INC-05303,SITE-001,2023-12-12,Fire,,87.2,Away trouble ask popular place particularly care brother boy four school human really.,Material Fatigue,4.0,Open
INC-01363,SITE-001,2025-02-03,Spill,Low,78.2,Work pass lead ok agreement thought national.,Corrosion,16.4,Open
INC-01787,SITE-006,2025-03-25,Leak,High,84.5,Why front team his write but trouble step response by person plan imagine.,Corrosion,12.0,Under Investigation
INC-00474,SITE-003,2024-03-25,Spill,High,60.4,Structure enter huge available civil sport adult name should ready organization similar.,Material Fatigue,6.9,Under Investigation
INC-04076,SITE-005,01/29/2025,Leak,Medium,72.4,Ago finish author player often training item room focus.,Material Fatigue,3.8,Open
INC-02461,SITE-001,2024-05-08,Near Miss,Critical,63.3,Place avoid property available charge thus few group set social.,Material Fatigue,4.1,Under Investigation
INC-02524,SITE-005,2025-06-17,Leak,Medium,74.2,Future age good able large defense well full scientist.,Material Fatigue,14.2,Closed
INC-05292,SITE-003,2025-07-28,Spill,Critical,64.3,Action to prevent huge gun fill stop.,Corrosion,6.1,Closed
INC-03302,SITE-001,2024-07-30,Near Miss,Medium,61.1,Student quality clear miss stay.,,4.9,Open
INC-00235,SITE-004,29-Dec-2024,Near Miss,Low,89.3,Here floor article claim half court.,Sensor Malfunction,13.2,Open
INC-03655,SITE-003,2025-10-22,Spill,High,52.9,Campaign leg site ground somebody learn physical choice life carry read whose feeling race growth nor.,Corrosion,12.9,Open
INC-04193,SITE-004,08/18/2025,Near Miss,,78.8,Because standard technology side them room world carry involve.,Third-party Damage,1.0,Under Investigation
INC-01750,SITE-004,2025-03-05,Equipment Failure,Critical,40.1,Congress green across trial consumer heart worry.,Valve Failure,10.3,Open
INC-00449,SITE-003,2025-11-03,Oil Leak,Critical,59.0,First factor vote no wrong movement personal interest ok.,Corrosion,2.6,Closed
INC-04801,SITE-003,2026-09-10,Leak,high,62.7,Once to person management star sell become.,,10.0,Closed
INC-00141,SITE-003,2026-03-24,Leak,High,49.2,Site administration crime appear class actually meeting small behind check century foot provide network which write exactly she.,Material Fatigue,1.9,Under Investigation
INC-02559,SITE-005,2025-07-28,Fire,Medium,91.9,Table issue decision security job nothing.,Corrosion,17.5,Closed
INC-03565,SITE-003,2026-06-08,Leak,High,57.7,Analysis result high whole office whatever Democrat likely TV TV.,,5.5,Under Investigation
INC-03169,SITE-005,2025-04-21,Fire,Medium,73.8,Investment cost government behavior interest room involve base address court record.,Corrosion,2.8,Open
INC-02522,SITE-003,2026-01-18,Spill,Critical,66.4,Answer ability performance leader example thought mention evening news sit.,Material Fatigue,3.0,Closed
INC-03043,SITE-003,2023-09-02,Spill,Critical,54.0,Think laugh write season happy positive you.,Valve Failure,7.3,Under Investigation
INC-02170,SITE-004,2024-05-08,Leak,Low,85.8,Hope article lot inside large position improve determine free finally show explain Republican back smile piece feeling.,Corrosion,5.1,Closed
INC-00586,SITE-001,2025-07-18,Fire,Medium,90.4,Draw wonder and small might should new participant miss.,Material Fatigue,16.0,Under Investigation
INC-00030,SITE-006,2025-07-15,Near Miss,High,61.2,Mr glass age happen to Congress population sense face our.,Corrosion,23.7,Closed
INC-04959,SITE-002,17-Sep-2025,Fire,High,43.0,Push help vote red off might do hear grow career.,Third-party Damage,3.3,Under Investigation
INC-03221,SITE-004,03-Oct-2025,Near Miss,Low,88.2,Single old pull already thus best car item education technology.,Valve Failure,6.2,Closed
INC-04221,SITE-006,2023-10-22,Leak,Critical,44.7,Wait fact policy traditional career medical line home art.,Operator Error,8.6,Closed
INC-04639,SITE-001,2025-05-19,Leak,High,77.1,There air rock fine recent read coach ability indeed billion.,Valve Failure,17.6,Closed
INC-00540,SITE-006,29-Jan-2025,Equip. Failure,Low,93.2,Onto charge many place determine source want office loss production exist city drug wear.,Sensor Malfunction,14.7,Closed
INC-03485,SITE-004,2026-06-02,Spill,Low,95.5,Consider PM prove property wish culture question interest explain toward itself mother win bar friend value forget.,Third-party Damage,8.6,Closed
INC-04032,SITE-005,04/09/2024,Equipment Failure,low ,85.9,Spend wish whom top table ready citizen notice improve sport.,Corrosion,4.0,Under Investigation
INC-03815,SITE-005,25/08/2025,Equipment Failure,Low,94.0,City page cut stage lawyer kitchen very mention will particularly.,Operator Error,6.7,Closed
INC-00425,SITE-001,2024-12-23,Near Miss,Medium,69.3,Want instead knowledge middle fact agree hair method.,Sensor Malfunction,18.3,Open
INC-04143,SITE-003,2023-07-26,Leak,Critical,34.6,Firm top always owner put customer hair their rise town price attention various series magazine off certain.,Sensor Malfunction,10.6,Under Investigation
INC-03781,SITE-006,03/10/2023,Spill,Critical,33.3,Probably difference hold operation water major not her nothing.,Material Fatigue,7.4,Under Investigation
INC-00514,SITE-002,2026-03-01,Equipment Failure,HIGH,55.1,Car imagine build partner condition education matter concern action measure some much.,Operator Error,5.3,Open
INC-01432,SITE-006,2026-08-03,Spill,Medium,75.4,Already its scene among relate bit raise now line industry.,Operator Error,7.9,Open
INC-04006,SITE-006,2026-05-06T00:00:00Z,Leak,High,70.3,Ability knowledge item city experience city front high hit style.,,12.8,Closed
INC-04361,SITE-003,16-Jan-2024,Leak,High,52.2,Check early deep use million start degree large early attention low least several while child language I perform factor respond.,Operator Error,2.9,Under Investigation
INC-04326,SITE-005,2026-04-24,Near Miss,Low,87.0,Official follow scientist herself course cause treatment forward.,Sensor Malfunction,11.3,Open
INC-03853,SITE-003,29-May-2025, Leak,,39.8,Choose choose difficult its war fill result always win game leg sit write most past.,,9.3,Closed
INC-01438,SITE-003,2026-07-03,Spill ,Critical,43.4,Question camera half home after western financial forget mouth prevent huge.,,5.2,Open
INC-03472,SITE-001,2025-12-02,EQUIPMENT FAILURE,Medium,80.6,Adult network television speak there since economic lawyer practice move billion.,Material Fatigue,11.5,Closed
INC-00582,SITE-004,2024-09-13,Near Miss,Medium,70.4,Suddenly word image room line interesting whole one side beyond.,Third-party Damage,3.0,Closed
INC-03780,SITE-005,2025-05-22,Fire,Medium,-12.3,Behind exactly born win direction everyone need many almost claim serious whole coach.,Material Fatigue,6.6,Under Investigation
INC-05210,SITE-003,17/11/2024,Near Miss,Low,86.6,Several consider those audience stay decision.,Sensor Malfunction,4.1,Open
INC-04024,SITE-005,12/02/2024,Equipment Failure,Medium,59.7,Site alone indicate technology church item letter analysis hundred.,Valve Failure,2.1,Under Investigation
INC-01475,SITE-005,14-Jan-2025,Leak,High,72.1,Prove mention course scientist baby again painting develop all.,Sensor Malfunction,6.7,Closed
INC-00347,SITE-003,2024-02-10T00:00:00Z,Minor Spill,Crit,40.8,Need gun task one himself compare coach sometimes unit thank per community opportunity stock home.,Sensor Malfunction,6.0,Closed
INC-00388,SITE-006,2024-08-16,Equipment Failure,Low,95.3,American produce task final owner may how significant however similar deal drug.,Valve Failure,5.6,Under Investigation
INC-01029,SITE-001,2024-02-13,Leak,Critical,42.8,Kid serve unit also business could quickly identify store occur way government friend.,Third-party Damage,4.5,Open
INC-05146,SITE-003,2025-12-12,Leak,High,150.0,House thus hand radio audience account late rock.,Operator Error,5.6,Under Investigation
INC-02784,SITE-004,2023-11-01T00:00:00Z,Spill,Medium,83.4,Say listen cost let thank sell.,Material Fatigue,0.9,Open
INC-02917,SITE-005,2026-08-04,Equipment Failure,High,71.2,Open government end have reality to effect attack full against notice today human the food tax person huge way.,Material Fatigue,10.6,Closed
INC-01850,SITE-003,2025-07-09,Near Miss,High,50.0,Hotel fill institution.,Valve Failure,4.1,Under Investigation
INC-00857,SITE-001,2023-08-28,Near Miss,High,70.0,Sit per sell those whose buy.,Third-party Damage,1.5,Under Investigation
INC-03801,SITE-006,2024-01-14,Spill,High,57.5,Be Democrat similar simply dark arm suffer happy grow baby TV new.,Third-party Damage,7.7,Under Investigation
INC-01065,SITE-006,2025-09-21,Near Miss,High,67.9,Office tonight war step when old certainly trial room response score people deal anything.,Sensor Malfunction,5.8,Open
INC-03024,SITE-004,2024-04-22,Fire,Low,90.5,Might cell a quality happy hit church others chair.,Valve Failure,22.2,Under Investigation
INC-00145,SITE-006,2023-09-26,Spill,High,53.7,Less recent write hundred agent size.,Material Fatigue,15.2,Closed
INC-04051,SITE-002,2025-09-06,Near Miss,Low,85.6,From gas material fund no right could of sit either second government.,Sensor Malfunction,19.1,Under Investigation
INC-00641,SITE-003,2023-08-02,Fire,Critical,43.1,Here police amount church.,,4.1,Open
INC-00865,SITE-003,2026-05-13,Spill,High,77.5,Trip democratic recognize boy player set top choose campaign the.,Valve Failure,12.3,Open
INC-05814,SITE-003,2025-10-08,Spill,Low,88.0,Lot including traditional away table daughter night.,Third-party Damage,5.8,Closed
INC-04712,SITE-002,2025-09-22,Equipment Failure,High,77.6,Early statement north reflect box take partner someone weight before hour main.,Third-party Damage,5.8,Closed
INC-00775,SITE-002,2026-03-20,Equipment Failure,Low,86.9,Financial as consider claim glass special this by watch unit stay mouth but citizen election benefit nature stop.,Third-party Damage,18.0,Closed
INC-02158,SITE-006,2024-02-04,fire,High,64.9,Need interview upon together more personal seven painting discover phone chair produce town any before office energy.,Sensor Malfunction,10.1,Open
INC-05010,SITE-002,2024-12-08,Near Miss,Medium,80.1,Appear professional long important recently wish who security.,,8.5,Under Investigation
INC-03228,SITE-003,2024-10-21,Fire,High,57.0,Mother degree ever prevent thus.,Material Fatigue,1.2,Closed
INC-02198,SITE-002,17/04/2026,Equipment Failure,Low,85.0,Share home truth himself soldier source social low one product identify describe claim class bit day.,Corrosion,4.2,Closed
INC-00492,SITE-006,2023-12-25,Equipment Failure,High,52.2,Can western certainly avoid out radio west herself peace test activity up near.,Operator Error,15.2,Closed
INC-02021,SITE-004,2023-09-09,Near Miss,Medium,82.2,Soon security gas project you still decade.,Material Fatigue,7.6,Closed
INC-05137,SITE-005,04/25/2024,Fire,Medium,88.0,Arrive to he source address career society perhaps.,Third-party Damage,3.9,Open
INC-03247,SITE-003,2023-08-13,,Medium,80.6,The attorney white compare eight in production.,Material Fatigue,20.1,Under Investigation
INC-00299,SITE-001,2024-02-27,Leak,medium,75.4,We common coach international carry reduce type section worry different page every instead student sing.,Corrosion,15.1,Open
INC-00646,SITE-006,2024-11-06,leak ,high,69.6,Public reflect green occur money often.,,4.5,Open
INC-00563,SITE-001,02/14/2024,Equipment Failure,High,68.9,Soon network but suffer Mr.,Operator Error,1.3,Under Investigation
INC-05239,SITE-005,02-Jun-2024,Equipment Failure,Low,87.1,Girl eat weight price arm skin after although place teacher one show challenge attention personal.,Material Fatigue,5.3,Closed
INC-05326,SITE-006,2026-06-03,Near Miss,Critical,53.5,Size use interest others participant cost.,Operator Error,11.6,Under Investigation
INC-02625,SITE-003,2026-09-16,Near Miss,High,51.8,Well despite wear method than interest machine leave fact.,Valve Failure,6.3,Open
INC-00365,SITE-003,2025-03-17,Fire,Critical,27.4,Show special pressure hospital open whatever nice heart this worry loss during open whole home.,Material Fatigue,19.3,Closed
INC-05308,SITE-006,2026-01-23,Leak,Critical,54.5,Your south girl blood standard even piece.,Valve Failure,4.0,Under Investigation
INC-04979,SITE-003,2025-01-03,Leak,Critical,63.0,Image no art to at Mr others those single car sell series.,Corrosion,11.9,Under Investigation
INC-01926,SITE-003,2024-09-25,Spill,Medium,64.7,Mr student other part maybe perform consider reach.,,20.4,Closed
INC-05541,SITE-006,2025-06-02,Near Miss,Medium,72.9,Sing ability need development manager nation feel value.,Material Fatigue,14.6,Closed
INC-00014,SITE-006,2025-03-08,Leak,High,38.2,On take phone baby woman eye project north offer arrive.,Material Fatigue,13.5,Closed
INC-03568,SITE-004,2024-04-06,Near Miss,Critical,48.0,Man design born manage probably above writer entire cause think.,Sensor Malfunction,10.3,Closed
INC-01599,SITE-002,2024-03-15,Spill,Low,76.4,Young herself cover detail first really painting.,Corrosion,22.0,Open
INC-02889,SITE-003,2024-01-26,Leak,Critical,41.8,Explain yes nation democratic air business.,,17.3,Closed
INC-05080,SITE-004,2023-08-18,Leak,High,61.5,Style size find meet enter whole power.,Valve Failure,6.1,Closed
INC-00095,SITE-005,08/03/2025,Fire,Critical,48.2,Class maybe nation management theory perhaps serious force policy.,Operator Error,9.6,Open
INC-03620,SITE-001,2024-07-29,Equipment Failure,Low,79.8,Everybody certain discuss six add accept remember from as all company floor.,Material Fatigue,15.6,Closed
INC-05001,SITE-005,2024-12-30,Fire,High,104.0,Develop discussion situation rise inside instead direction give allow right early certain response serious book.,Valve Failure,1.3,Closed
INC-02988,SITE-004,2026-06-12,Equipment Failure,Medium,83.7,Generation blood gas baby age perform surface sister project identify yeah feeling.,Sensor Malfunction,6.0,Under Investigation
INC-05918,SITE-002,2024-05-03T00:00:00Z,Spill,HIGH,60.5,Choice first into second important lose.,Corrosion,3.6,Closed
INC-03487,SITE-005,2026-09-06,Spill,High,51.8,Meet season the run true.,Operator Error,3.4,Open
INC-03233,SITE-004,08/09/2023,Spill,Low,96.5,Table it everyone close success movement fire see administration detail course more million so.,Sensor Malfunction,5.9,Open
INC-05197,SITE-002,2026-03-25,Near Miss,Low,94.6,Tough central weight never heart station true although eye.,Corrosion,14.7,Under Investigation
INC-01274,SITE-002,2025-08-24,Equipment Failure,,84.0,Season beat hope cost tonight provide ready.,Material Fatigue,9.6,Under Investigation
INC-04381,SITE-005,2023-10-08, spill ,High,86.7,Institution full without out fire during remember game ago beat our mention law knowledge degree.,Corrosion,12.0,Closed
INC-01083,SITE-005,07/27/2023,Spill ,High,53.7,Likely politics successful concern reveal policy away north field discussion.,Sensor Malfunction,18.6,Closed
INC-03004,SITE-003,2026-05-23,Leak,Medium,84.1,Common production Republican before institution color science become though.,,11.7,Open
INC-05021,SITE-001,2023-12-26,Fire,Low,90.5,Which account see rather treat statement paper.,,2.3,Closed
INC-01147,SITE-001,2024-11-26,Leak,Medium,85.0,Physical detail professor.,Operator Error,6.7,Closed
INC-01849,SITE-004,2023-08-04,Leak,Low,87.7,Me group because dinner must couple blood development whom somebody soldier pick.,Third-party Damage,8.9,Closed
INC-04915,SITE-001,2024-09-03,Near Miss,Medium,73.9,Law someone strategy avoid.,Material Fatigue,4.4,Open
INC-00521,SITE-003,22/10/2024,leak,Critical,44.7,Dream plant former special international yes recent.,Corrosion,8.8,Under Investigation
INC-03123,SITE-002,2026-01-10,Equipment Failure,Medium,72.8,Community minute well.,Valve Failure,0.9,Open
INC-01583,SITE-005,2026-01-26,Oil Leak,Medium,63.8,Such get challenge still account result town movie know policy watch office close control gun.,Corrosion,4.3,Closed
INC-01178,SITE-005,2024-06-19,,Medium,63.8,Both hear rock great visit behavior down effort important pay stage.,Valve Failure,3.5,Under Investigation
INC-01550,SITE-006,2024-02-24T00:00:00Z,Leak,Medium,69.4,Choice ask three just traditional pull poor nothing leave kind matter bring sing president act order.,Sensor Malfunction,8.1,Open
INC-05496,SITE-002,2026-04-26,Near Miss,,62.3,Most your fish movement pay experience.,Corrosion,5.3,Under Investigation
INC-05644,SITE-003,2024-01-22,Fire,Critical,45.2,Address sign us like kitchen production identify south.,Operator Error,5.0,Closed
INC-01558,SITE-004,2026-05-28,Leak,Critical,63.0,Wish main allow seven.,Sensor Malfunction,10.1,Under Investigation
INC-03543,SITE-006,2025-08-31,Fire,High,56.8,Carry air add picture station nature ever statement law father down security leave imagine four itself fly.,Third-party Damage,2.8,Open
INC-02168,SITE-004,2024-08-31,Spill,High,59.6,Bar three sure sport home billion coach pick cut relate force ok situation onto scene soon.,Operator Error,2.0,Open
INC-05831,SITE-003,2024-11-08,Spill,High,57.3,Evidence she might mention I spring reality billion many security account middle our help save.,Sensor Malfunction,17.8,Open
INC-05733,SITE-006,2025-01-06,,Critical,44.6,Exactly south reason cut organization since son story vote body each size discuss.,Operator Error,8.6,Under Investigation
INC-05316,SITE-002,2024-09-16,Spill,Critical,54.7,Production yes guy both include forward understand major unit hard.,Operator Error,15.1,Under Investigation
INC-02053,SITE-001,03-Jul-2025,Fire,low,90.0,Require concern month.,,6.6,Open
INC-00712,SITE-001,2025-05-30,Spill,low,92.3,Less wife purpose nothing five shoulder add thus mouth learn left shake protect upon.,Valve Failure,4.1,Under Investigation
INC-03725,SITE-003,2024-12-09,Spill,Critical,62.9,Mission choose join do.,Operator Error,15.5,Open
INC-04826,SITE-001,2026-05-26T00:00:00Z,Near Miss,Medium,89.5,Collection house attention left senior material itself.,,3.6,Open
INC-05555,SITE-006,08/01/2025,EQUIPMENT FAILURE,Low,89.9,Key space just.,Valve Failure,2.7,Under Investigation
INC-04644,SITE-003,2023-09-03,Near Miss,HIGH,53.5,Light couple example magazine more decade.,Material Fatigue,11.9,Closed
INC-02700,SITE-002,2024-12-24,Equipment Failure,High,82.2,Blood ok issue scientist forget field early learn market happy with themselves food phone question body couple seven.,Corrosion,11.2,Closed
INC-01809,SITE-001,2026-05-27,Equipment Failure,High,74.1,Sister such feel although teacher everybody traditional condition scientist.,Sensor Malfunction,8.6,Under Investigation
INC-00634,SITE-006,2026-04-14,Equipment Failure,High,58.4,First whom million require light play last hold.,Corrosion,2.0,Closed
INC-04900,SITE-002,2024-07-23,Near Miss,Medium,88.3,Per pattern tough expect its bring hear.,Operator Error,8.3,Closed
INC-01242,SITE-003,2026-03-16,Leak,Medium,73.8,Share recent alone anything project stage science international both scientist religious help image high number.,Material Fatigue,13.0,Closed
INC-01570,SITE-005,2024-05-31,Near Miss,High,52.3,Act rich sign population color accept pick.,,8.0,Open
INC-00959,SITE-003,12/08/2024,Spill,Medium,48.8,Her in security type catch stay per man movement tell simply hospital.,Sensor Malfunction,18.2,Under Investigation
INC-02611,SITE-006,2025-08-19,Spill,Critical,76.8,Individual hand trip camera upon by while participant guess evidence.,Corrosion,8.2,Open
INC-04510,SITE-001,2024-06-23,Spill,Medium,66.4,Place business policy prepare price decade campaign bit green four free.,Third-party Damage,8.1,Open
INC-04117,SITE-002,2025-07-15,Spill,Medium,65.1,School special century wall out impact beautiful turn for future set message executive.,Corrosion,11.5,Closed
INC-02991,SITE-006,2024-02-15,Leak,Low,97.0,Radio TV teacher defense together happen think individual laugh record read.,Valve Failure,4.2,Closed
INC-01868,SITE-004,2025-06-07,Spill,Low,95.5,World research own.,Sensor Malfunction,3.6,Closed
INC-03981,SITE-004,2024-08-17,Equipment Failure,Low,76.3,Majority after camera experience.,Valve Failure,1.4,Under Investigation
INC-05181,SITE-005,2025-01-23,Near Miss,Low,84.5,Be star stuff tree specific particularly get argue policy treatment.,Corrosion,6.5,Closed
INC-02723,SITE-004,2024-02-03,Near Miss,,76.8,Hundred Mr design mouth long prevent hospital particular.,Material Fatigue,4.1,Under Investigation
INC-05447,SITE-001,2026-07-01,Equipment Failure,,91.7,Direction into several fight.,Corrosion,10.0,Closed
INC-02573,SITE-003,2023-12-20,Equipment Failure,Medium,71.9,Away time political black go still quickly never west drug go beautiful water free prepare.,Third-party Damage,1.6,Under Investigation
INC-00704,SITE-002,2025-07-01,Leak,Low,86.1,Institution art room thought office animal similar write tend fill according answer.,Third-party Damage,6.2,Under Investigation
INC-04434,SITE-004,2024-09-16,Near Miss,Medium,81.5,Star discover teach wife small us no note onto its measure music daughter fall either.,Valve Failure,8.3,Closed
INC-04211,SITE-005,2025-06-29,Spill,low,91.0,Stop culture protect maybe front skill bed later find actually husband land.,Material Fatigue,7.9,Closed
INC-00064,SITE-001,2024-06-27,Leak,,83.1,New daughter effect young defense this office listen phone discussion shoulder lot north.,Valve Failure,8.8,Open
INC-04944,SITE-004,2025-05-10,Near Miss,Low,82.0,Door challenge address speech pass require road.,Material Fatigue,5.6,Under Investigation
INC-00529,SITE-001,2026-03-12,Leak,LOW,76.0,Fast become range stage security.,Material Fatigue,16.7,Open
INC-05534,SITE-006,01/23/2025,Leak,Critical,47.6,This artist recognize or a commercial.,Valve Failure,7.9,Under Investigation
INC-01612,SITE-001,2024-03-14,Spill,Medium,64.5,Generation seat common yes sea according test according best true chair Congress people evening can despite traditional.,Third-party Damage,1.8,Under Investigation
INC-01619,SITE-005,2026-03-06,Fire,Critical,47.0,Hospital pass I four student all difficult young writer.,Third-party Damage,5.6,Under Investigation
INC-04057,SITE-001,2026-06-25,Near Miss,Low,81.1,Ok culture thought address property argue approach whether large partner shoulder much difficult process.,Valve Failure,1.6,Open
INC-03693,SITE-006,2023-09-13,Leak,,83.2,Training statement cost final director build.,Third-party Damage,5.3,Under Investigation
INC-03375,SITE-004,2026-02-12T00:00:00Z,Equipment  Failure,Medium ,68.4,Upon beat door clearly business picture form.,Material Fatigue,4.4,Open
INC-04081,SITE-004,2024-05-01,Fire,Critical,57.2,Question follow sister several wide have school director better buy woman student city light upon.,Operator Error,2.4,Open
INC-01770,SITE-004,2025-06-23,Fire,Medium,84.9,According series usually wide likely green note PM little feeling foot.,Valve Failure,11.1,Open
INC-03039,SITE-006,2025-06-23,Minor Spill,,58.9,History pressure man behind wrong rule side nor.,Third-party Damage,10.2,Open
INC-00842,SITE-005,11-Jun-2024,Near Miss,High,68.4,Two economic of arrive strategy success town sister along.,Operator Error,6.9,Under Investigation
INC-04135,SITE-003,2026-01-31,Leak,Medium,62.5,Far manager start home argue discuss main mean suffer benefit clearly father develop name gas ground amount.,Material Fatigue,8.3,Open
INC-01794,SITE-006,2026-06-07,Spill,Critical,44.9,Page air compare I Mr kid.,Corrosion,6.7,Under Investigation
INC-00667,SITE-005,2026-02-04,Fire,MEDIUM,69.6,Character surface why it first tax activity position spend general read.,Valve Failure,3.5,Closed
INC-05987,SITE-003,28-Jul-2024,Leak,High,74.7,Piece where idea later role several teacher.,Corrosion,10.2,Closed
INC-00518,SITE-006,2025-05-11,Leak,Low,91.8,Box so thought everything suddenly decision individual.,Sensor Malfunction,2.8,Closed
INC-04908,SITE-004,2024-08-21,Spill,Low,84.9,These wonder talk write last performance.,Valve Failure,3.7,Closed
INC-01785,SITE-001,2023-08-12,Leak,Critical,49.3,Occur treat moment on yes take meeting leader really line help.,Valve Failure,6.0,Closed
INC-02817,SITE-006,10/07/2024,Leak, medium,77.1,Brother affect recent could all himself fish responsibility fire know benefit job individual station population.,Operator Error,4.7,Closed
INC-00565,SITE-003,2025-01-11,leak ,Critical,54.7,Film field understand question away able ability learn.,Corrosion,9.6,Open
INC-02484,SITE-005,2026-04-13,Near Miss,Low,84.4,Husband challenge such trial perform prepare who fast whether before occur wait.,Valve Failure,23.8,Open
INC-00003,SITE-001,2024-12-17,Fire,Medium,86.3,People although newspaper interesting move natural sister career military old role.,Operator Error,6.8,Open
INC-05380,SITE-005,2023-07-31,Equipment Failure,High,63.0,Key your development feel feeling adult send.,Third-party Damage,5.3,Closed
INC-01121,SITE-003,2023-09-07,Equipment Failure,High,47.9,Go story talk according his guess society movie there total.,,10.2,Open
INC-03932,SITE-006,2025-01-14,Spill,Medium,80.2,Education owner and recently her around something young traditional meet each.,Sensor Malfunction,29.4,Under Investigation
INC-04549,SITE-001,2024-08-26,Spill,Medium,80.7,Situation fly conference for give worry enjoy he customer ok cut cell record and carry particular thousand dark.,Valve Failure,8.1,Open
INC-04014,SITE-003,07-Feb-2025,Fire,high,72.1,Small exist table science middle I time.,Sensor Malfunction,7.9,Under Investigation
INC-05549,SITE-004,05/28/2026,Fire,Low,87.7,Field serious bed good reach example six us day gun player most agreement.,Operator Error,25.3,Under Investigation
INC-00105,SITE-003,2024-09-29,Near Miss,High,47.2,Trial political rate require some attention with man wind understand month.,Operator Error,1.8,Open
INC-00401,SITE-001,2025-06-16,near-miss,Medium,72.8,See detail include fire series edge fish southern production.,Third-party Damage,17.3,Under Investigation
INC-05941,SITE-001,2025-01-30,Equipment Failure,Medium,75.8,Production third rather just provide while western.,Valve Failure,7.7,Closed
INC-04049,SITE-003,2025-04-01,Spill,High,57.5,Military somebody maybe across impact nice letter kitchen statement instead public film situation blue half.,Operator Error,5.5,Under Investigation
INC-03631,SITE-004,2024-09-09,Fire,Medium,82.6,Any cause bit government tough hear arrive in whatever open realize record much.,Operator Error,17.5,Closed
INC-04238,SITE-006,2025-03-30,Leak,High,70.1,Meeting week just pick say most place value.,Sensor Malfunction,6.3,Closed
INC-05723,SITE-001,2024-07-30,Equipment Failure,Low,93.2,Help since another reduce read rule trouble.,Material Fatigue,2.4,Open
INC-05289,SITE-001,2026-01-10,Equipment Failure,Medium,85.0,Court reality great win culture buy young Congress radio difficult oil.,Third-party Damage,6.8,Closed
INC-05223,SITE-003,27/01/2025,Spill,Critical,29.4,Candidate painting activity seek nice stuff improve national prove daughter wide shoulder good on head see successful.,Corrosion,1.0,Open
INC-03141,SITE-003,2026-06-08,Leak,High,76.7,Road computer suggest green study draw respond my Democrat thought.,Material Fatigue,4.4,Closed
INC-01915,SITE-003,2025-09-10,Leak,High,67.5,Sense information situation father do product effect city provide forward would result employee.,Operator Error,3.5,Under Investigation
INC-01325,SITE-002,03/05/2025,Fire,Low,93.5,Claim particularly speech loss sea others.,Sensor Malfunction,9.3,Open
INC-01342,SITE-004,2024-06-18,Leak,Medium,67.3,Voice store may fly why dark.,,9.4,Closed
INC-02046,SITE-006,2024-08-24,Spill,Critical,64.3,General performance direction clear.,Material Fatigue,4.7,Open
INC-03729,SITE-001,12/08/2025,Near Miss,Medium,71.7,Available your environment form operation various factor activity physical behind play raise him wear practice window.,Valve Failure,14.7,Under Investigation
INC-03433,SITE-001,2026-01-13,Equipment Failure,Medium,86.5,As including let pass agree.,,13.2,Open
INC-05681,SITE-006,2024-08-13,Spill ,Critical,61.5,Staff training garden after give.,Material Fatigue,5.2,Closed
INC-01907,SITE-003,26/07/2023,Leak,High,65.2,Player from next expert western feeling teach adult sea sit important also site.,,2.4,Closed
INC-00010,SITE-005,2024-02-25,Near Miss,High,60.1,Partner leader seek person understand cold forget push size.,,2.3,Closed
INC-03031,SITE-003,2025-01-26,Spill,High,86.2,Product language enough top agent yard about land answer really speak save arm sense.,Corrosion,13.6,Under Investigation
INC-05990,SITE-004,03/12/2026,Near Miss,Medium,66.8,Third me put fill once toward discussion represent serious.,,7.5,Under Investigation
INC-00655,SITE-005,02/12/2023,Equipment Failure,Medium,115.7,Option increase pattern such during serious design.,Third-party Damage,1.4,Open
INC-03505,SITE-002,24/05/2026,Equipment Failure,Medium,86.5,Happen the find oil discuss ready stay.,Sensor Malfunction,5.2,Open
INC-02910,SITE-005,2025-04-03,Fire,Low,84.1,Network instead kitchen you relationship brother politics.,Material Fatigue,11.6,Closed
INC-05074,SITE-003,2024-11-11T00:00:00Z,Near Miss,,57.9,Bar all life next final history yard society step.,Operator Error,0.6,Closed
INC-03318,SITE-005,2024-03-20,Equipment  Failure,High,57.6,Treatment service believe professor at order hold season accept certainly fly pay loss hand.,Material Fatigue,1.2,Open
INC-01640,SITE-006,2025-07-03,leak ,Critical,44.2,Involve others number explain though Mr land professor garden ever allow firm knowledge quality customer gun.,Valve Failure,3.3,Open
INC-01393,SITE-004,2024-11-02,Near Miss,low,87.9,Black treatment past government.,Material Fatigue,16.4,Closed
INC-04356,SITE-004,2024-02-09,Fire,High,58.9,Short sense specific special suddenly put simple night believe third off court part.,Operator Error,9.8,Closed
INC-02542,SITE-006,2026-06-03T00:00:00Z,Leak,Critical,86.8,Deep set indicate process south produce region baby.,Material Fatigue,4.8,Closed
INC-03256,SITE-006,2023-12-21,Spill,High,60.8,Single environmental news all skin describe the tough position role direction tough.,Material Fatigue,1.2,Closed
INC-02815,SITE-004,2025-08-31,Spill,Low,68.1,Fly type cold administration operation long couple national trouble.,Sensor Malfunction,10.6,Open
INC-04328,SITE-001,2023-12-24,Equipment Failure,Medium,66.6,Senior several task form impact life agent town.,Material Fatigue,7.0,Open
INC-02865,SITE-003,2026-09-07,Spill,Critical,39.5,Television television true focus nice between matter force campaign newspaper compare four the less pull general pick meeting.,Valve Failure,3.2,Under Investigation
INC-03451,SITE-003,2025-08-14,Leak,High,56.7,Congress center lose moment generation again student foot now line sort determine talk.,,12.1,Closed
INC-03955,SITE-002,2023-11-23,Spill,Medium,71.7,Environment there against wear team direction skill trip room ever run item into animal himself consumer green.,,2.9,Under Investigation
INC-01444,SITE-006,2023-09-07,fire,Crit,52.8,Yeah despite wrong economy.,Corrosion,4.1,Under Investigation
INC-02261,SITE-005,2024-08-26T00:00:00Z,Fire,Low,90.5,Level instead author free agreement drug source nation arm.,,3.8,Closed
INC-05593,SITE-006,2025-10-14,Leak,Critical,36.0,Buy behavior particularly staff personal.,Third-party Damage,11.8,Closed
INC-04021,SITE-001,2026-01-22,Fire,Critical,72.3,Serious series key free more start memory identify.,Valve Failure,7.8,Under Investigation
INC-05278,SITE-001,2026-05-15T00:00:00Z,Equip. Failure,Low,79.5,Our sit remember everybody practice skin capital.,,6.8,Under Investigation
INC-00368,SITE-006,2024-04-11,Near Miss,Critical,65.8,Write executive walk should enough above high indicate cold have health customer interest to identify woman not.,Sensor Malfunction,11.5,Under Investigation
INC-00293,SITE-002,27-Feb-2026,Leak,High,55.2,Political appear focus those let.,Material Fatigue,4.9,Closed
INC-04814,SITE-001,11/28/2025,Leak,Low,97.9,Magazine eat maintain kid worry.,,3.5,Open
INC-00120,SITE-003,01-May-2025,Leak,High,71.1,List heavy follow interview drug likely water week idea how.,Operator Error,6.1,Open
INC-00851,SITE-001,2023-11-17,Spill,,78.2,Usually establish remember see.,Material Fatigue,1.6,Under Investigation
INC-03051,SITE-006,2025-05-04,,Medium,83.2,Site director before final field somebody investment.,,24.4,Closed
INC-03354,SITE-006,11/24/2024,SPILL,Medium,75.3,Fish product foreign value lot several else receive society treat base yourself seem go let its.,Operator Error,10.2,Closed
INC-02570,SITE-004,2024-02-08,Near Miss,Medium,74.4,Now lose join from race everybody member something cell give tough.,Operator Error,1.9,Closed
INC-02196,SITE-005,2023-11-23,Near Miss,Medium,84.2,Rock art along administration grow event hear believe huge.,Valve Failure,2.9,Open
INC-05041,SITE-001,2024-10-30,Near Miss,Medium,59.9,Article cell you house fact.,Sensor Malfunction,9.3,Under Investigation
INC-03861,SITE-002,2024-05-22,Equipment Failure,High,59.6,Natural level body south policy avoid because.,Third-party Damage,15.7,Closed
INC-00208,SITE-006,2023-09-14,Leak,Medium,78.6,Nice although newspaper whether discussion tend onto within about always paper dream growth increase.,Sensor Malfunction,10.3,Open
INC-02119,SITE-006,2025-03-20,Spill,High,61.5,Big PM reveal year argue investment everyone discussion side.,Third-party Damage,14.5,Closed
INC-02679,SITE-002,2024-06-28,Spill, High,61.7,Report when pretty above deal cost.,Operator Error,6.2,Under Investigation
INC-05889,SITE-002,2025-04-10,Equipment Failure,Low,82.5,Apply woman hope threat white current design brother let reveal performance standard car management standard ten.,Operator Error,9.6,Closed
INC-00274,SITE-003,2025-03-14,,high,60.6,Arm authority enjoy something effort sea despite.,Sensor Malfunction,4.7,Open
INC-02633,SITE-006,2025-04-27,Spill,High,63.0,Begin side operation fine sister Mr nearly same only.,Operator Error,4.7,Closed
INC-02337,SITE-006,2024-07-25,Leak,High,51.8,Laugh all several ready within consumer upon station know involve concern up remain.,Corrosion,6.1,Closed
INC-05315,SITE-004,2024-08-22,Fire,Critical,47.0,Hundred care win listen son laugh exist.,Sensor Malfunction,13.4,Open
INC-00606,SITE-002,2025-06-17,Equipment Failure,MEDIUM,55.8,Church house thus interest sport president population.,Material Fatigue,4.4,Closed
INC-02614,SITE-002,2025-01-04,Near Miss,Medium,84.9,Open good least message if discussion movie wide well manager wind group eight forget simple.,Third-party Damage,8.2,Under Investigation
INC-02395,SITE-003,2026-05-04,Fire,Critical,41.0,Guy head particularly coach term total.,Material Fatigue,5.3,Closed
INC-04134,SITE-003,2025-04-24,Near Miss,Critical,42.2,Reduce production happen lot including them analysis until off red.,Corrosion,4.7,Under Investigation
INC-03734,SITE-003,2025-10-12,Equipment Failure,MEDIUM,64.3,My hand everybody world pressure institution play head environmental.,Material Fatigue,4.1,Closed
INC-01806,SITE-004,2024-01-01, fire,Medium ,73.2,Provide appear agreement administration visit painting.,Corrosion,7.5,Under Investigation
INC-05758,SITE-006,2024-12-07,Leak,Medium,74.6,Beat present rule woman far wide inside language thing.,,1.6,Closed
INC-02400,SITE-002,10-Apr-2026,Fire,Low,79.7,Rule put city mission wear teach red.,Material Fatigue,1.7,Closed
INC-00078,SITE-006,2023-10-07,Leak,Medium,59.0,It world others cost whose outside yet out watch agreement.,Operator Error,9.0,Open
INC-04451,SITE-003,09/10/2023,Fire,High,72.2,Lay visit morning new special to service say day worker.,Material Fatigue,7.2,Under Investigation
INC-01496,SITE-004,2026-01-02,Leak,Low,93.5,In operation down executive moment rule fish church forget eye.,Valve Failure,8.7,Open
INC-03015,SITE-001,2025-04-01,Fire,Medium,68.8,Three road including these smile huge traditional represent treat kind party sense American get star audience.,Valve Failure,5.9,Closed
INC-05456,SITE-006,2023-10-31,LEAK,Medium,77.7,Paper page and start talk value.,Valve Failure,4.6,Open
INC-04636,SITE-004,2024-04-19,Near Miss,Medium,74.1,Politics hand both general may.,Sensor Malfunction,12.5,Under Investigation
INC-03696,SITE-004,2026-01-06,Near Miss,Medium,81.8,Information idea decision some Democrat heart threat couple police clearly.,Material Fatigue,2.1,Closed
INC-00904,SITE-004,2024-03-06,Near Miss,Medium,82.9,Assume fact red bar population government time key bank.,,8.7,Open
INC-03724,SITE-004,2026-04-13,Near Miss,Low,92.2,Huge serious vote teacher sometimes ball soldier easy prevent night.,Sensor Malfunction,16.8,Open
INC-00490,SITE-003,2023-10-30,Spill,High,70.0,Option senior whether because mind say scene activity.,Valve Failure,1.2,Open
INC-03765,SITE-003,2026-06-08,Equipment Failure,Critical,46.3,Lose west area eight ago reflect reality.,,3.6,Under Investigation
INC-04293,SITE-001,2023-08-18,Spill,MEDIUM,115.7,Let especially series else research exactly audience population.,,10.2,Under Investigation
INC-00957,SITE-006,2025-04-15,Leak,High,58.5,Quality feeling question perhaps natural capital boy especially away exist civil hair appear.,Operator Error,8.8,Closed
INC-00585,SITE-004,2026-02-06,Near Miss,Medium,80.9,Base day dream believe concern site follow position seek song.,Valve Failure,6.3,Closed
INC-03984,SITE-006,2025-12-18,Fire,Critical,55.8,Toward own sing theory it first media.,Third-party Damage,13.5,Open
INC-01858,SITE-001,2025-08-20,Fire,Medium,80.1,Just strategy different point plan some turn finish learn newspaper sign trade.,Valve Failure,2.7,Open
INC-02794,SITE-002,08/27/2025,Leak,Medium,70.5,Management present family their war with food executive measure few.,Material Fatigue,9.2,Under Investigation
INC-01092,SITE-005,2024-11-06,Leak,Lo,87.4,Heart especially in sell across wonder pretty especially lose arm suddenly style day grow whether.,Valve Failure,4.1,Under Investigation
INC-04678,SITE-002,2025-08-14T00:00:00Z,Near Miss,High,77.3,Example allow professor establish challenge street southern.,Third-party Damage,10.0,Under Investigation
INC-03061,SITE-003,2024-08-02,Near Miss,High,60.4,Want treat performance seven seat if vote man often.,Corrosion,8.3,Open
INC-04208,SITE-001,2025-02-25,Equipment Failure,Critical,40.1,Minute you even these modern hour future area body girl idea perhaps strategy his garden.,Third-party Damage,5.0,Open
INC-05449,SITE-004,2025-09-30,Equipment Failure,Medium,59.9,Reduce meeting just country cut wide themselves actually subject maintain they order world nearly.,Third-party Damage,3.4,Closed
INC-00408,SITE-006,2026-06-11,Near Miss,High,43.1,Time speak recently between four size book listen difference own.,Valve Failure,0.7,Open
INC-02871,SITE-003,2024-04-14,Near Miss,Critical,44.9,Trip character eye number.,Sensor Malfunction,4.7,Under Investigation
INC-04285,SITE-003,2024-08-01,Near Miss,High,48.8,Film rich get perform difference message billion treat hit.,Third-party Damage,11.9,Closed
INC-04593,SITE-003,2024-04-14,Near Miss,High,68.7,Agreement mother its the lose present reflect often white.,Corrosion,7.4,Under Investigation
INC-01991,SITE-005,2024-09-29,Near Miss,Medium,73.8,Discover ability street simply peace available air he customer force.,,11.6,Under Investigation
INC-03246,SITE-003,2025-02-06,Leak,Critical,66.6,Away laugh inside center property rich fire challenge follow record person sister many develop show break drop.,Operator Error,0.7,Under Investigation
INC-00192,SITE-006,2026-07-15,Near Miss,High,56.0,Her discuss modern amount animal rich religious onto may into father pressure live explain board assume.,Valve Failure,41.5,Under Investigation
INC-03719,SITE-005,2024-06-17,Near Miss,Medium,57.1,The finish most leg standard situation claim perform account.,Corrosion,18.9,Under Investigation
INC-05043,SITE-003,2025-06-06,Fire,MEDIUM,80.8,Other fire house game growth everyone there amount medical.,Sensor Malfunction,1.5,Closed
INC-00493,SITE-002,2024-04-15,Near Miss,Low,86.7,Music perform parent final he account until now image.,Sensor Malfunction,5.7,Closed
INC-00159,SITE-003,2024-02-23,Equipment Failure,Critical,56.9,Green yes act must specific young try including outside defense.,Corrosion,4.1,Closed
INC-03456,SITE-001,2023-12-19,Fire,Medium ,63.9,Second try class serve more lawyer simply husband until.,Operator Error,10.5,Open
INC-02321,SITE-003,2025-07-25,Near Miss,,69.8,Market show new all front maintain.,Third-party Damage,6.4,Closed
INC-05459,SITE-001,2024-05-31,Near Miss,Low,86.2,Buy suggest chance just allow window thank imagine capital write.,Sensor Malfunction,4.1,Under Investigation
INC-00086,SITE-005,2025-04-24,Near Miss,Medium,71.0,Body threat you receive population well minute blue we development Republican year.,,12.4,Open
INC-05019,SITE-001,2023-08-28,Near Miss,Low,92.1,Church seat nice or discover really director fill alone edge laugh side.,Valve Failure,15.6,Open
INC-03877,SITE-005,2023-08-10,Leak,Medium,58.1,Maintain relationship red politics light citizen she body Democrat model about leave indicate beat.,Operator Error,12.6,Closed
INC-02202,SITE-002,2025-02-07,Near Miss,high,53.5,Risk increase best off role machine even.,Corrosion,1.7,Under Investigation
INC-05757,SITE-001,2024-07-29,Leak,Medium,79.4,Over follow significant animal prevent recent maybe.,Sensor Malfunction,5.6,Closed
INC-05241,SITE-006,2025-08-28,Leak,Critical,43.7,Already food respond money doctor.,Sensor Malfunction,5.8,Open
INC-01109,SITE-002,26/01/2026,Equipment Failure,Medium,65.9,Idea teacher success kitchen mission threat quite woman full.,Material Fatigue,9.3,Closed
INC-00732,SITE-004,06/29/2025,Spill,Medium,72.3,Leader foreign heart short know sea over war stage protect.,Valve Failure,6.8,Open
INC-03455,SITE-006,2026-07-02,Spill,crit,48.0,Everybody method season strategy most policy.,Valve Failure,20.0,Under Investigation
INC-02516,SITE-004,2026-04-20,Near Miss,Medium,69.9,Tough clearly late arm experience mind outside example dream bar small.,Material Fatigue,3.4,Under Investigation
INC-01837,SITE-006,2025-02-22,Leak,High,75.2,International style rise sort process others side.,,3.7,Closed
INC-05969,SITE-003,03/03/2024,,Medium,85.4,Although war brother include water throughout professional down.,Valve Failure,6.1,Closed
INC-04680,SITE-003,2026-09-08,leak ,High,57.6,Family every return participant.,,2.2,Closed
INC-03159,SITE-004,2024-10-23,Near Miss, High,65.0,Find shake no indicate trouble view traditional wonder television bed citizen have sound old sometimes.,Material Fatigue,7.8,Under Investigation
INC-03632,SITE-004,12-Jun-2026,Leak,,93.1,Seven direction marriage difficult stock style phone operation likely boy open step trouble party offer.,Operator Error,2.2,Closed
INC-01198,SITE-003,2024-10-24,Equipment Failure,High,65.7,Race process white security security.,Third-party Damage,10.3,Open
INC-01541,SITE-006,2024-09-01,Near Miss,High,53.2,Likely choice for choice significant sister.,Corrosion,6.1,Closed
INC-03463,SITE-003,2024-07-02,Leak,High,64.9,Follow difficult get media next discuss box tough factor learn politics.,Material Fatigue,5.3,Open
INC-03807,SITE-003,2026-07-23,Spill,High,57.7,Leader item source strong cover brother whatever until would.,Sensor Malfunction,13.3,Closed
INC-02718,SITE-002,2025-01-21,Spill,Low,95.4,All southern six language very reach old.,Operator Error,18.5,Under Investigation
INC-05955,SITE-006,2026-04-11,Equipment Failure,Low,83.7,Remember family beyond church give phone with whether activity nation ability especially in box.,Valve Failure,7.4,Open
INC-04425,SITE-002,2023-12-19,fire,Low,82.2,Account seem computer eight.,Valve Failure,2.6,Open
INC-04190,SITE-005,2026-01-27,Equip. Failure,High,56.7,Certain vote against manage talk pretty record.,,5.9,Under Investigation
INC-00283,SITE-004,2025-04-15,Leak,Medium,73.8,Couple whole administration century growth sing physical wind police yourself cut most know house tend cut piece commercial.,Sensor Malfunction,10.4,Under Investigation
INC-05409,SITE-006,2024-06-24T00:00:00Z,Leak,crit,59.3,Age radio wrong under look type summer back heart collection share hospital truth.,Third-party Damage,0.5,Under Investigation
INC-01942,SITE-003,2026-01-03,,Medium,78.1,Affect range able themselves apply really view example party friend.,Sensor Malfunction,9.6,Open
INC-04121,SITE-006,2024-01-04,Equipment Failure,High,78.5,Concern ready child worry southern teach produce design worry point.,Third-party Damage,9.6,Under Investigation
INC-02113,SITE-004,2025-05-13,Spill,Low,90.2,Laugh theory ask movie age rate maybe Mr agree.,Valve Failure,4.2,Closed
INC-03869,SITE-003,31-Jul-2023,Fire, High,68.1,Special coach image picture less million moment pattern travel if rather already.,Operator Error,4.4,Open
INC-01999,SITE-003,10/06/2023,Fire,,48.7,From radio catch surface response way career century cultural up company different support bar reach.,,17.9,Closed
INC-00310,SITE-005,2025-01-01,Near Miss,Medium,71.7,Foot support bed check save film spring turn this guy south public magazine subject or.,Corrosion,21.1,Open
INC-01911,SITE-002,07/20/2024,Leak,Critical,50.5,Experience start ask remember short value discover.,Operator Error,13.2,Closed
INC-00444,SITE-003,2024-06-14,Leak,High,55.9,Beyond clearly water front approach the knowledge despite someone drug.,Operator Error,2.0,Open
INC-05740,SITE-005,2026-07-04,,Critical,43.4,Within sing nation order receive land bank outside protect agency production want man other free fine.,Material Fatigue,4.3,Under Investigation
INC-05659,SITE-005,2025-03-26,Leak,Medium,89.2,Nearly person camera system school Mr according leg.,Corrosion,15.7,Open
INC-01563,SITE-006,2025-07-08,Leak,High,45.5,Eat rich chair blood issue allow form.,Sensor Malfunction,6.9,Under Investigation
INC-01792,SITE-003,2025-01-06,Spill,Critical,22.1,Director table candidate space thank many once believe including include future campaign almost call.,Operator Error,7.4,Closed
INC-00404,SITE-002,2024-01-12,near miss,Critical,30.3,Form sound high some left contain budget yard.,Sensor Malfunction,24.0,Under Investigation
INC-04174,SITE-003,2024-09-24,LEAK,Critical,42.9,New fall she both about only concern subject whatever hope quite rate.,Operator Error,9.6,Closed
INC-04977,SITE-002,2026-05-07,Equipment Failure,Low,-5.0,Others stage you student to product compare skin represent admit little new.,Sensor Malfunction,7.7,Open
INC-02361,SITE-003,2024-06-01,Spill,High,54.3,Hour recent want area mouth much service force role phone.,Valve Failure,16.9,Closed
INC-03895,SITE-003,2025-05-17,Leak,High,67.3,Future relationship hair cause old point special sound business religious performance view serve address region.,Corrosion,3.6,Open
INC-04628,SITE-006,2024-01-06,Spill,Critical,24.3,Reduce investment way fast participant purpose measure ok college difference church relate hope now first.,Sensor Malfunction,24.6,Under Investigation
INC-03134,SITE-002,2025-02-06,Leak,Low,78.0,Them because us similar a.,,13.8,Under Investigation
INC-01867,SITE-002,2026-05-31,Fire,Medium,75.6,Congress particularly street heavy billion building player sing.,Valve Failure,2.1,Open
INC-01278,SITE-001,2026-03-10,Spill,Medium,71.0,Six example main city have let despite drop free.,Operator Error,9.5,Closed
INC-02648,SITE-006,2023-08-16,Spill,Medium,85.4,Base plan expect oil represent yard management difficult despite pass agency price course exist bank sport.,Corrosion,4.9,Open
INC-03625,SITE-006,2026-06-14,Equipment Failure,High,58.2,Game high citizen sport image war goal rule.,Operator Error,4.1,Open
INC-00718,SITE-003,2023-10-07,Spill,High,51.0,Speak store back treat military year message actually whom.,,4.8,Open
INC-01039,SITE-006,08-Mar-2025,Leak,High,49.4,Despite mean debate military trouble.,Sensor Malfunction,3.8,Open
INC-03923,SITE-002,2026-02-16,Equipment Failure,Low,76.1,Sort edge air store field own film glass alone method eat free peace several few.,Valve Failure,8.5,Open
INC-05726,SITE-006,2024-09-21,Spill,Critical,46.0,Red voice second cover anything conference model choose growth tough just.,Corrosion,3.5,Closed
INC-03432,SITE-002,2026-03-08,Equipment Failure,Low,84.9,Dark cold star artist camera executive feel street race imagine wonder very produce employee somebody opportunity.,Third-party Damage,4.3,Closed
INC-05347,SITE-001,2025-06-13,Leak,Medium,67.5,Would pretty game cultural him until although including world.,Material Fatigue,10.1,Open
INC-05405,SITE-004,2023-07-29,Near Miss,Low,91.2,She interview debate quickly region her language add customer occur.,Corrosion,7.8,Under Investigation
INC-00844,SITE-003,2026-02-14,Leak,HIGH,-0.5,Modern nation fact father agreement west level.,Material Fatigue,5.3,Under Investigation
INC-02191,SITE-001,2025-02-11,Near Miss,Medium,104.0,Development forget focus bad indicate gun.,Third-party Damage,6.4,Closed
INC-01237,SITE-004,2025-11-09,Spill,Medium,64.1,Structure always whom agree carry difference want program beat believe difficult time.,,1.1,Under Investigation
INC-01572,SITE-002,2024-03-07,Leak,Low,81.6,Toward meeting staff we moment.,Sensor Malfunction,2.6,Under Investigation
INC-01379,SITE-001,2026-07-23,Near Miss,,78.6,Road six movie woman involve provide strong board than they budget fall parent rock again cell.,Corrosion,9.0,Closed
INC-00130,SITE-001,13/12/2025,,Critical,32.9,Imagine whether participant high popular already if.,Valve Failure,6.4,Under Investigation
INC-05436,SITE-001,30/03/2025,Leak,Low,88.1,Easy ability brother area speech find effect.,Sensor Malfunction,14.3,Closed
INC-04743,SITE-002,2023-11-23,Equipment Failure,Critical,48.4,Skin front medical drive wall media then environment purpose drug several pressure win clear record nearly real.,Sensor Malfunction,2.3,Open
INC-03645,SITE-001,2026-06-30,,High,50.6,Attack pay would investment.,Valve Failure,9.6,Closed
INC-05480,SITE-005,30-Jun-2024,Near Miss,Medium,70.7,Different last high without firm before company might sure article.,Material Fatigue,7.9,Under Investigation
INC-04538,SITE-005,2023-12-01,Leak,High,64.2,Statement factor record necessary city pick member continue identify apply bring mother pattern community research apply want.,Corrosion,6.1,Closed
INC-02349,SITE-001,31/01/2024,Near Miss,Low,91.0,Real edge painting but seven thank action.,Material Fatigue,2.8,Closed
INC-02594,SITE-005,2023-08-27,Equipment Failure,High,76.9,Second second tonight popular country work for.,Third-party Damage,2.7,Open
INC-01489,SITE-003,2025-03-03,Leak,,83.4,Wish key occur month system away.,Sensor Malfunction,6.1,Closed
INC-05136,SITE-002,2026-01-21,Fire,Low,82.2,Look really rather reason choice available agreement room.,Sensor Malfunction,9.0,Closed
INC-04941,SITE-005,2023-08-06,Equipment Failure,Low,95.9,Paper example war power boy just customer.,Material Fatigue,6.3,Under Investigation
INC-01466,SITE-002,2024-05-16,Near Miss,Critical,45.3,Rise leader hot box social generation check open buy.,Material Fatigue,9.3,Closed
INC-04158,SITE-006,2025-02-08,Leak,Critical,39.6,Serve option smile economy present billion system clear.,Third-party Damage,13.0,Closed
INC-04186,SITE-003,2023-07-23,Near Miss,Critical,47.9,Pretty lose public garden know big special.,Operator Error,10.0,Under Investigation
INC-05331,SITE-002,2026-06-08,Fire,,74.6,Indeed thought relate hair join memory.,,17.2,Under Investigation
INC-01487,SITE-005,2023-12-30,Leak,Medium,77.7,Treatment light control writer avoid question collection including gun magazine.,Valve Failure,9.4,Closed
INC-02998,SITE-004,2023-09-15,Near Miss,Critical,50.7,Foot level bill military brother financial left other get.,Valve Failure,4.7,Closed
INC-01452,SITE-001,2023-10-14,near-miss,Med,72.8,Agent father let boy they war part individual avoid necessary major parent while.,Valve Failure,5.8,Open
INC-02115,SITE-004,2025-11-16,Spill,Medium ,97.8,Different somebody sign protect whose what build scene quickly buy prove money more trip lawyer cultural would success worry.,,7.9,Closed
INC-05799,SITE-003,2023-09-22,Equipment Failure, medium,62.9,Always owner drive your machine down thousand ready agent risk occur control.,Sensor Malfunction,10.9,Under Investigation
INC-05321,SITE-004,2025-10-03,Fire,Critical,23.5,Risk across remember cause though.,Valve Failure,2.1,Open
INC-01877,SITE-005,2026-02-06,Equipment Failure,High,35.1,Realize effort pretty trip no drop develop note story increase which performance cultural hold.,Operator Error,0.5,Closed
INC-04970,SITE-004,2026-03-05,near miss,High,63.6,Country near two term animal she wait write beyond will have.,Valve Failure,2.4,Closed
INC-05787,SITE-003,2026-01-17,Equipment Failure,critical,48.9,Radio benefit us weight ten service the some tend.,Third-party Damage,8.5,Under Investigation
INC-04496,SITE-005,2026-04-25,Near Miss,,83.1,White vote more throw peace effort ability land family contain among past.,Sensor Malfunction,22.7,Under Investigation
INC-05446,SITE-003,05/09/2024,leak ,Critical,45.6,Change energy support identify our.,Third-party Damage,27.2,Under Investigation
INC-00499,SITE-002,2024-06-15,Near Miss,Medium,83.4,International fish turn stage today score listen.,Valve Failure,18.0,Open
INC-02062,SITE-001,2025-02-03,Spill,High,46.8,Economy television late son employee especially institution.,Third-party Damage,12.2,Under Investigation
INC-01697,SITE-002,2024-08-24,Near Miss,,45.8,Animal range hospital money detail new market environmental special.,Valve Failure,11.0,Closed
INC-05910,SITE-005,2024-09-01,,Medium,86.9,Pressure official thus study.,Material Fatigue,6.7,Open
INC-02548,SITE-005,26/06/2026,Leak,Medium,83.1,Glass use condition system heart push deal form he address evening thus despite.,Valve Failure,5.1,Closed
INC-01150,SITE-003,2026-04-06,Spill,Low,92.3,Likely difficult according memory film voice short season tax any find fact kid experience.,Sensor Malfunction,6.1,Under Investigation
INC-00929,SITE-003,2026-07-07,Leak,Critical,45.3,Agreement environment return explain floor far finish.,,7.7,Under Investigation
INC-03253,SITE-006,2024-04-25,Equipment Failure,Critical,52.6,Weight arrive follow give receive kid or suggest detail.,Valve Failure,11.7,Under Investigation
INC-00637,SITE-003,2026-09-27,Near Miss,High,59.6,Stuff people somebody treat arm few number contain action sell until statement.,,5.5,Closed
INC-03113,SITE-003,26/06/2025,Equipment Failure,Medium,115.7,Total sing employee think medical.,Valve Failure,5.3,Under Investigation
INC-03996,SITE-001,2024-04-15,FIRE,Low,88.1,Inside push suffer among mind property.,Corrosion,6.8,Closed
INC-01989,SITE-006,2024-08-15,Equipment Failure,High,56.1,Real decision social foot.,Material Fatigue,2.9,Under Investigation
INC-01859,SITE-005,2025-05-09,Equipment Failure,Medium,58.5,Point reduce charge air director feel when safe million too blue person why feel get low claim.,Operator Error,7.8,Closed
INC-02826,SITE-002,2025-04-15,Fire,Low,98.8,Herself animal song use choose drive own book more might young national.,Sensor Malfunction,4.9,Open
INC-02049,SITE-002,2026-07-29,Equipment Failure,High,47.6,Visit second decision thought crime decision federal oil away response use serious tough race.,Third-party Damage,8.1,Open
INC-02803,SITE-006,2023-09-11,Near Miss,Low,88.0,Begin such pay describe spring all choice answer light PM gun remain act send best approach.,Third-party Damage,5.5,Under Investigation
INC-01758,SITE-002,2024-03-15,Near Miss,Medium,72.6,Particular financial billion their happen indeed Democrat stop throughout.,Corrosion,7.8,Closed
INC-03523,SITE-004,2025-09-15T00:00:00Z,Spill,Low,82.9,Player religious more me evidence idea loss in officer.,Third-party Damage,6.4,Closed
INC-02966,SITE-002,2024-01-05,Leak,Medium,59.9,His my oil budget significant.,Third-party Damage,6.6,Open
INC-04740,SITE-003,2025-12-26,Leak,Critical,33.4,Forget although phone season reflect somebody listen station technology late close.,Third-party Damage,8.5,Under Investigation
INC-04976,SITE-003,2026-02-16,Spill,Medium,61.5,Fish popular throughout store stock data marriage.,,5.4,Closed
INC-02762,SITE-005,2024-02-20,Fire,Medium,84.7,Thank source threat both these blood occur them beautiful.,Sensor Malfunction,2.4,Under Investigation
INC-04724,SITE-003,2023-09-24,Near Miss,Medium,79.0,By give could big small large thing.,Third-party Damage,3.6,Closed
INC-02527,SITE-003,2024-06-29,Spill,Medium,69.4,Begin least force man so lay hotel report painting month laugh hotel.,Corrosion,4.6,Under Investigation
INC-00308,SITE-001,2025-01-11,equipment failure,Low,84.6,Fact kitchen news example environmental city foreign two include positive several heavy strategy he piece.,,1.9,Closed
INC-03588,SITE-004,2024-01-10,Equipment Failure,Medium,68.4,Civil write society over recognize interview view money difference.,,22.5,Under Investigation
INC-04306,SITE-001,2026-03-12,,MEDIUM,85.5,Pass build these usually leave shoulder worry attorney ago.,Valve Failure,6.2,Open
INC-03483,SITE-002,2024-11-30,Fire,Low,91.4,Even season worker most ever impact street.,Material Fatigue,11.3,Closed
INC-04853,SITE-003,2025-11-03,Equipment Failure,Low,79.4,Area western stock system break method program goal.,Valve Failure,10.0,Open
INC-02233,SITE-002,2026-04-12,Equipment Failure,Medium,72.8,Firm his manager letter conference entire report leave push pass very outside development than vote natural simply way require.,Sensor Malfunction,14.8,Under Investigation
INC-01537,SITE-005,2024-12-25,Near Miss,Medium,85.0,Medical charge from relationship apply determine can.,Operator Error,4.0,Open
INC-02812,SITE-005,01/05/2025,Fire,Medium,72.9,Evidence boy finish east project enter professional difficult against course cost.,Valve Failure,7.5,Closed
INC-02329,SITE-006,2024-10-05,Near Miss,Critical,45.7,People former task scientist next court blue enough run decade community huge price.,Third-party Damage,3.9,Open
INC-01095,SITE-004,2026-05-27,Equipment Failure,Low,94.8,Consider road outside participant trade course we central important its second gas impact attack he red stay value.,Material Fatigue,4.4,Closed
INC-04213,SITE-006,2026-03-26,Fire,,76.3,Either almost approach manage college mission try.,Material Fatigue,2.8,Closed
INC-03521,SITE-006,2025-04-02,Spill,Critical,60.9,Budget executive into attorney outside suffer than.,Material Fatigue,1.8,Under Investigation
INC-02245,SITE-005,2024-02-19,Spill,Medium,71.8,As could seek rock life large safe throughout because range.,Third-party Damage,13.3,Open
INC-02568,SITE-002,2026-01-08,Equipment Failure,Medium,81.9,Door he Mrs your argue throw speak group usually natural nature according difficult thousand five month.,Sensor Malfunction,3.0,Closed
INC-02982,SITE-002,2025-09-13,Equipment Failure,Low,88.3,Heavy many training avoid medical later like if however.,Sensor Malfunction,3.8,Under Investigation
INC-03685,SITE-003,2025-12-12T00:00:00Z,Spill,Critical,63.2,Building fear thought training tax arm than soldier bag agree alone air.,Valve Failure,5.3,Under Investigation
INC-04912,SITE-006,11-Apr-2025,Leak,High,40.7,Meeting stage necessary bit mission how.,Valve Failure,6.0,Open
INC-00469,SITE-006,2025-03-13T00:00:00Z,leak ,Critical,44.1,Dinner put morning story really choice country degree those just reality family at.,Sensor Malfunction,9.0,Open
INC-02715,SITE-005,2026-07-03,Fire,Low,89.0,Fight experience play visit kind of nearly nice.,Valve Failure,17.7,Under Investigation
INC-04949,SITE-002,2024-08-10,Near Miss,Low,88.3,Name necessary kid establish appear bar to meeting against while thank fish six.,Sensor Malfunction,2.3,Open
INC-02024,SITE-002,2024-08-17,Near Miss,Critical,35.3,Try cup action responsibility available.,Valve Failure,3.3,Open
INC-02189,SITE-003,2023-08-04,Leak,Low,92.7,Us explain south over Congress prepare western force join culture.,Material Fatigue,8.4,Under Investigation
INC-05295,SITE-001,13-May-2025,Near  Miss, medium,74.7,Fact imagine husband center clear.,Material Fatigue,3.3,Open
INC-05495,SITE-006,2025-05-15,Leak,high,47.0,Future first sit air their note writer technology car offer.,Sensor Malfunction,1.7,Open
INC-05783,SITE-006,2025-08-03,LEAK,High,64.7,Plan return back view local federal natural time actually.,Third-party Damage,3.7,Under Investigation
INC-04625,SITE-004,2025-09-26,Near Miss,,82.2,Financial friend live wall look ask offer sense spend specific strategy.,Material Fatigue,7.6,Open
INC-05125,SITE-005,2026-01-30,NEAR MISS,Critical,46.8,Anything person chance life improve but phone enter.,Corrosion,7.3,Open
INC-01517,SITE-005,05/06/2024,Near Miss,Low,85.8,Life minute reduce first teach eight herself air today.,Operator Error,13.8,Open
INC-00001,SITE-003,2025-11-05,Spill,Medium,83.1,Now dream recognize by call me top play.,Operator Error,2.1,Closed
INC-01934,SITE-006,2026-04-25,Spill,High,58.7,While simply usually I reveal important you cut voice trade.,Operator Error,5.0,Open
INC-01968,SITE-004,2023-11-21,Equipment Failure,Medium,82.7,Go resource officer education amount their trial different share forward despite key candidate memory.,Corrosion,6.9,Closed
INC-04986,SITE-006,2024-05-09,Equipment Failure,Critical,20.0,Remember that player partner professor series run about.,Third-party Damage,6.7,Closed
INC-03994,SITE-005,2024-03-24,Near Miss,Low,89.4,War western space office law face especially away.,Sensor Malfunction,2.6,Under Investigation
INC-01328,SITE-003,2024-11-27,Near Miss,High,54.0,Send sort manage west former admit likely do.,Corrosion,7.0,Closed
INC-03786,SITE-005,2025-06-03,Near Miss,Medium,83.8,Treat office significant live the.,Corrosion,8.6,Under Investigation
INC-00909,SITE-006,2025-11-16,Leak,medium,64.2,Important middle edge born behind instead open thank worker career source success themselves care.,Operator Error,8.0,Closed
INC-03410,SITE-006,2023-09-17,Leak,Critical,21.1,Expect occur my city wall hotel night.,,6.6,Under Investigation
INC-02177,SITE-005,2023-09-05,Equipment Failure,Medium,75.5,Sing defense he they receive seat everything theory year although.,Sensor Malfunction,18.0,Closed
INC-01184,SITE-005,2025-03-14,,Low,75.6,How important development give reason PM whom production election.,Operator Error,6.8,Closed
INC-04824,SITE-006,2024-03-18,Spill ,Critical,41.6,None old trouble whose speak eye us market official.,Third-party Damage,1.1,Under Investigation
INC-04888,SITE-004,2025-02-11,Near Miss,Low,89.6,Billion and cost network organization would wear mention claim of increase.,Material Fatigue,21.9,Closed
INC-00225,SITE-001,2025-12-01T00:00:00Z,Leak,Critical,54.2,State take identify few.,Sensor Malfunction,6.6,Open
INC-00892,SITE-001,2023-07-30,Near Miss,Medium,62.1,Town should good Democrat upon president two.,Operator Error,3.7,Closed
INC-05579,SITE-002,2024-05-11,Near Miss,Low,87.3,Any spring suffer lead although PM similar message per whole think.,Valve Failure,6.6,Open
INC-01752,SITE-002,2026-07-20,Equipment Failure,Medium,65.8,Audience follow white quality computer.,Corrosion,1.6,Open
INC-03165,SITE-005,2025-09-18,Spill,High,63.0,Reduce allow official several personal may help cold world sell get more best far.,Third-party Damage,4.4,Open
INC-00984,SITE-005,2024-07-11,Leak,Medium,79.2,High head understand skill write understand head center case spring indicate open southern by improve mean goal.,Sensor Malfunction,9.7,Under Investigation
INC-05823,SITE-006,2025-06-26,Near Miss,Crit,52.3,Film law region property right could perhaps end once agreement quickly.,Material Fatigue,8.0,Open
INC-04850,SITE-006,07/07/2026,Spill,Lo,85.2,Popular or bag season indicate appear lawyer dark attorney million see.,Sensor Malfunction,12.3,Under Investigation
INC-04164,SITE-003,2026-06-27,Leak,Critical,23.1,Place remain education effect smile husband prevent American choose.,Third-party Damage,2.2,Open
INC-04950,SITE-001,2025-10-14,Fire,low,77.3,Provide she detail product once memory price idea room.,Third-party Damage,14.6,Under Investigation
INC-02687,SITE-006,2024-06-13,leak,HIGH,67.5,Congress participant significant and heart tell ability.,Operator Error,4.6,Open
INC-05537,SITE-002,2026-03-08,Spill,MEDIUM,66.2,Travel already fast strong start involve another.,Sensor Malfunction,2.2,Closed
INC-02433,SITE-001,2024-08-23,Equipment Failure,Medium,66.5,Million head but research manage a.,Operator Error,5.9,Under Investigation
INC-05577,SITE-005,2023-10-16,Spill,Medium,76.9,Offer wish event lay professional.,Operator Error,1.0,Under Investigation
INC-01085,SITE-003,2025-02-08T00:00:00Z,Spill,Medium,81.6,Lose improve floor wide reality former role quite pay institution necessary blue buy develop leader born girl.,Operator Error,4.6,Closed
INC-05564,SITE-002,09/17/2023,Spill,Medium,79.2,Around goal green month late high ready direction consumer.,Operator Error,2.8,Closed
INC-01523,SITE-006,2026-07-18,Fire,High,74.2,Interview town there security kid soon result report piece.,Material Fatigue,4.1,Open
INC-03661,SITE-001,2026-06-18,Equipment Failure,Low,82.9,Speech soldier couple why husband care deep medical consumer lot information country challenge camera across type.,Valve Failure,3.8,Closed
INC-01543,SITE-006,2023-09-23,Near Miss,Critical,54.3,Hope figure success sure hospital maintain society ball care.,Operator Error,6.0,Open
INC-05477,SITE-004,2025-03-21,Spill,Medium,68.2,Opportunity newspaper speech certainly various use power read some child far.,Sensor Malfunction,2.0,Under Investigation
INC-01404,SITE-004,2024-10-08,Spill,Low,86.5,Chair record happy report raise artist check run consider look computer local piece left sea run we blood rule put.,,10.6,Under Investigation
INC-01870,SITE-006,2025-02-16,Leak,Low,82.5,Woman sign carry think especially ball institution term yet or kind each.,,11.5,Open
INC-00864,SITE-005,2024-02-05,Leak,High,57.2,Role six only drug of picture process employee team.,Corrosion,6.9,Under Investigation
INC-05876,SITE-001,2026-03-27,Spill,High,60.9,Top break second trade western test plan on.,,8.8,Open
INC-04305,SITE-003,2023-11-21,Equipment Failure,Critical,33.3,Trial former full four during partner trade society.,Sensor Malfunction,3.2,Open
INC-05012,SITE-006,2026-05-05,Leak,Critical,57.7,Including range like address have dark turn.,,8.0,Open
INC-02640,SITE-005,2023-11-03,Fire,,77.2,Expert challenge air player dark meet only.,,2.8,Open
INC-04187,SITE-001,2026-01-22,Equipment Failure,medium,65.0,Avoid quite significant go use scientist physical become leave record best worker.,Sensor Malfunction,5.3,Closed
INC-01294,SITE-002,2023-10-31,Equipment Failure,High,70.9,Event save week four might east fact some meet memory imagine remember stage.,Operator Error,1.6,Open
INC-01361,SITE-003,2025-09-14,Equipment Failure,Medium,75.7,Car successful believe watch mind page maintain easy name.,Third-party Damage,10.7,Under Investigation
INC-05539,SITE-004,2023-11-07,Equipment Failure,low ,-12.3,Animal building third child purpose miss certainly member second.,Material Fatigue,7.6,Open
INC-05780,SITE-004,29-Nov-2025,Equipment Failure,Low,91.3,Pass level fine whatever fire than.,,2.7,Closed
INC-02670,SITE-003,2025-10-19,Leak,High,63.0,Move smile baby detail season senior rock yard several position capital window.,Third-party Damage,0.3,Closed
INC-05235,SITE-001,2026-07-21,Spill,Medium,69.3,Piece bed sea across sea whole question class capital team now the miss environmental.,Third-party Damage,13.9,Closed
INC-03215,SITE-002,2024-06-12,Near Miss,Low,94.8,Sign nature member measure west computer carry section seek hand society lose himself.,Operator Error,7.7,Under Investigation
INC-03642,SITE-002,2025-11-17,Near  Miss,Med,79.8,Rich power outside blood under remain television place third door.,Corrosion,15.1,Open
INC-04448,SITE-005,2026-05-14,Equipment Failure,medium,64.2,Defense skill detail event minute use space interview me kid mean team sense role.,Corrosion,11.5,Under Investigation
INC-00546,SITE-001,2023-12-31,Near Miss,Low,79.6,War why final simple teacher serious.,Material Fatigue,8.9,Open
INC-05134,SITE-002,2023-09-30,Fire,Medium,83.3,Bank present though social yard since image citizen structure song amount center modern yeah.,Operator Error,10.9,Under Investigation
INC-01076,SITE-005,2025-02-26,Near  Miss,Medium,72.6,Including imagine safe morning stock future specific area woman year occur soldier summer him company Mr run person.,Corrosion,2.5,Closed
INC-02406,SITE-005,2023-10-25,Spill,Medium,68.3,Program service feeling really let probably attention improve now win nothing hit.,Third-party Damage,4.0,Open
INC-03094,SITE-006,2026-05-27,Leak,Medium,67.5,Thousand while consumer cold doctor where model participant whatever pick cause foot agree share economy significant since company him figure.,Material Fatigue,9.2,Open
INC-04310,SITE-002,2025-07-23,Leak,Low,150.0,Player including begin on none seek similar other prevent might should base interesting.,Corrosion,25.8,Open
INC-04713,SITE-004,2026-03-29,Equipment Failure,Medium,78.3,Cover everything three remain however investment.,Valve Failure,9.3,Under Investigation
INC-01495,SITE-005,2026-07-10T00:00:00Z,Near Miss,High,77.6,Ability enjoy case discuss serious.,,5.1,Closed
INC-02631,SITE-006,2025-01-09,,High,46.7,Election well head growth.,Operator Error,16.1,Open
INC-03103,SITE-006,2026-01-28,Leak,Low,92.2,Rule drive into east themselves give stop group add official.,Corrosion,13.9,Open
INC-03893,SITE-002,05-Feb-2026,Near Miss,Medium,74.7,Beyond lot leave war system teach provide garden reach Congress these remember people sometimes degree.,Third-party Damage,16.5,Under Investigation
INC-04417,SITE-004,2025-08-22,Near Miss,LOW,89.8,Special special challenge your.,Sensor Malfunction,17.8,Closed
INC-01912,SITE-005,2025-03-05,Near Miss,Medium,64.8,Certain southern chance himself attorney never animal similar along become.,Corrosion,12.9,Closed
INC-03750,SITE-005,2024-12-02,,Medium,79.5,American nearly real decade hope perform serve.,,8.9,Under Investigation
INC-03488,SITE-006,2024-01-02,Fire,High,68.8,Outside act focus behind subject material condition when.,Valve Failure,1.1,Open
INC-02470,SITE-003,2025-05-27,Spill,Medium,83.4,Resource character population recognize everyone choose open million attorney wear.,Corrosion,2.5,Under Investigation
INC-04283,SITE-005,2025-07-29,leak,Medium,82.5,Firm skill under week future particularly mind easy wrong.,,7.3,Closed
INC-03933,SITE-003,2025-10-13,Near Miss,Critical,51.3,Participant half heavy actually bill ahead physical fast hard girl investment travel stage.,,9.7,Under Investigation
INC-02985,SITE-002,2023-11-25,Fire,medium,72.4,Yes network once name media buy message idea fine child employee better miss.,Material Fatigue,1.3,Under Investigation
INC-00333,SITE-004,2024-08-21,,Medium,63.9,Young spring some community where their light game beat guy rule important other believe.,,16.5,Open
INC-01176,SITE-003,2024-08-06,Oil Leak,High,58.8,Top western offer president foreign program yeah.,Operator Error,9.5,Under Investigation
INC-03135,SITE-006,2026-09-24,Spill,Medium,65.8,Response successful during food though ball.,Operator Error,7.2,Under Investigation
INC-05978,SITE-006,2023-09-07,Equipment Failure,Medium,80.0,No school where seem yes government adult.,,19.0,Under Investigation
INC-02618,SITE-002,2025-11-01,Equipment Failure,,60.0,Box human recent report thought strong.,Third-party Damage,4.2,Under Investigation
INC-03775,SITE-002,2025-11-19,Near Miss,Low,92.2,Decision allow while situation direction trial couple agency just.,Valve Failure,4.2,Open
INC-05771,SITE-001,28/10/2024,Near Miss,Medium,72.3,President girl capital available dark man light.,,7.0,Open
INC-01474,SITE-003,2023-08-06,,Hi,44.5,Home wind finish approach vote since maintain important.,Third-party Damage,16.1,Open
INC-04239,SITE-001,12/03/2025,Near Miss,Critical,47.1,Trouble realize yourself budget behavior theory create nearly.,Corrosion,7.5,Closed
INC-02801,SITE-003,2025-10-21,Equipment Failure,Critical,38.3,Difficult tax away store great specific along several rock reveal company budget person none focus feeling.,Operator Error,21.1,Under Investigation
INC-01063,SITE-003,2023-10-31,near-miss,Medium,61.8,Hear keep beyond modern focus over dog appear lawyer.,Third-party Damage,8.1,Open
INC-04498,SITE-003,2023-12-21,Near Miss,,63.2,Same whose reduce direction than direction sort bag less lot case speech cup.,Corrosion,8.0,Open
INC-03211,SITE-006,01/03/2025,Spill,,56.6,Reveal think success hundred line wall this shake.,Third-party Damage,1.9,Under Investigation
INC-01409,SITE-003,2025-11-17,Leak,Critical,29.5,Poor data but because both discussion money better such piece.,Sensor Malfunction,12.0,Under Investigation
INC-05645,SITE-002,2025-06-06,Fire,High,47.7,Think time production few above.,,9.6,Under Investigation
INC-01829,SITE-002,12/03/2025,Equipment Failure,Medium,80.0,Success similar join baby sure military clearly two environmental feel.,,21.5,Closed
INC-05194,SITE-003,2023-08-25,Fire,Critical,33.7,Author everybody war future religious.,Corrosion,4.0,Open
INC-02766,SITE-003,26-May-2026,Equipment Failure,High,73.8,Huge sound rock alone that day race situation.,Corrosion,4.4,Closed
INC-00110,SITE-001,27-Sep-2025,Equipment  Failure,,80.9,Stop crime economy really example gun traditional focus civil.,Valve Failure,3.1,Open
INC-03589,SITE-005,2025-01-05,Equipment Failure,Medium,65.6,Quickly people camera improve scene ago week not too blue task no these friend senior discussion.,,5.0,Open
INC-01169,SITE-006,2025-08-30,Fire,CRITICAL,44.9,Training speech center leave off stay carry easy cold.,Valve Failure,12.1,Open
INC-02552,SITE-003,2024-09-17,Leak,Critical,32.9,Month since hard simple win group now company similar then page need along.,Operator Error,9.6,Open
INC-00078,SITE-006,2023-10-07,Leak,Medium,59.0,It world others cost whose outside yet out watch agreement.,Operator Error,9.0,Open
INC-04932,SITE-002,2025-01-28,Fire,Medium,85.3,Pretty just item skill project look no food big recognize.,Third-party Damage,10.4,Under Investigation
INC-00223,SITE-004,2024-03-23,Leak,Medium,74.4,Safe section week fill citizen.,Material Fatigue,5.5,Closed
INC-03338,SITE-001,2023-11-21,Spill,Medium,71.8,Couple east town before focus technology support.,Valve Failure,16.9,Open
INC-04965,SITE-002,2026-01-19,Fire,Medium,58.7,Address alone situation bar whole around tough fly better every.,,9.5,Under Investigation
INC-05450,SITE-001,2025-02-24,equipment failure,High,56.6,Itself international detail air space Congress style help.,Material Fatigue,3.1,Closed
INC-02080,SITE-002,2024-08-10,Equipment Failure,Medium,72.7,Book true national military gun least return.,Material Fatigue,5.5,Under Investigation
INC-03329,SITE-001,2025-10-25,Spill,Medium,89.3,Choose moment suggest machine glass concern determine.,Valve Failure,15.6,Closed
INC-03731,SITE-003,2024-11-25,Spill,,33.2,Serious experience miss girl development.,Operator Error,3.9,Open
INC-02074,SITE-001,2023-09-16,Fire,Medium,59.6,Reflect run card defense bill group behind trouble.,,28.4,Closed
INC-00437,SITE-003,2025-05-14,Leak,Medium ,82.3,Easy large instead speech information Republican like.,Third-party Damage,5.1,Under Investigation
INC-03367,SITE-002,2023-12-24,Near Miss,Medium,60.5,Which green of benefit blood.,Valve Failure,10.2,Open
INC-01381,SITE-004,2025-12-02,NEAR MISS,Low,88.1,Card candidate south beautiful happy.,Corrosion,7.8,Closed
INC-02028,SITE-006,01/07/2024,Leak,Critical,45.5,Miss free serious force bank sit choice mother business education.,Material Fatigue,1.8,Closed
INC-01225,SITE-004,09-May-2024,Leak,Medium,76.0,Possible way note season goal behavior even tell develop send appear.,Third-party Damage,14.7,Open
INC-01191,SITE-002,2024-12-11,Fire,Critical,41.3,Throughout price firm party thank appear.,Corrosion,1.4,Closed
INC-05025,SITE-004,04/04/2026,Spill,Medium,75.1,Ground home suddenly author over sense station wear.,Third-party Damage,0.7,Open
INC-02557,SITE-004,2024-10-08,Near Miss,High,56.0,Religious pick sister increase music add keep a visit attack though.,Sensor Malfunction,5.5,Under Investigation
INC-03582,SITE-003,2025-11-08,Near Miss,High,55.6,Of best building two lot bed your speech participant stand.,Material Fatigue,5.8,Closed
INC-01576,SITE-003,2024-02-13T00:00:00Z,Near Miss,High,47.0,Practice network sister itself industry key.,Corrosion,8.2,Under Investigation
INC-03813,SITE-005,2025-03-10,Equipment Failure,High,52.4,If let lot however on movie end suggest.,Material Fatigue,2.6,Under Investigation
INC-05586,SITE-001,2024-07-08,Near Miss,Low,86.8,Wide positive southern build poor all bed player simply watch score imagine fund.,Material Fatigue,2.4,Closed
INC-00350,SITE-006,2025-10-23,Fire,High,73.5,Leader exist Democrat fill training water.,Operator Error,2.4,Open
INC-03340,SITE-004,12/06/2024,Equipment Failure,Medium,74.6,Others support seat sister technology everyone read exist pull rise peace some herself lose specific inside woman.,Third-party Damage,7.2,Closed
INC-00280,SITE-001,2026-02-24,Near Miss,Medium,66.9,Environmental make bank heart notice start artist class decade government.,Valve Failure,19.7,Under Investigation
INC-02456,SITE-003,2023-10-07,Equipment Failure,High,72.9,Card fire we stuff pattern.,,5.9,Closed
INC-02902,SITE-001,2025-01-19,Leak,Low,93.0,Defense method cause above provide lay they.,,4.9,Closed
INC-01980,SITE-001,2025-04-06,Equipment Failure,Medium,64.4,Election off model somebody whatever system contain hair involve.,Corrosion,12.5,Open
INC-05088,SITE-003,2025-05-18,Leak,High,61.2,I wind than similar reason couple environment.,Operator Error,6.3,Closed
INC-00797,SITE-003,2025-10-13,Leak,Low,89.9,Which note science cover option food stage prove own mouth.,Valve Failure,18.9,Open
INC-05614,SITE-004,11/10/2025,Near Miss,Critical,39.4,Include draw run listen agency detail produce small billion assume foreign owner quickly produce opportunity recognize simple.,Corrosion,3.1,Closed
INC-03274,SITE-004,2026-05-19,Near Miss,Low,87.6,Role course kid consider late surface fund summer apply everybody only.,Valve Failure,4.9,Open
INC-02325,SITE-001,2024-06-23T00:00:00Z,Spill,Low,83.4,Teach father sister whose hospital result forget child player guy debate state economic.,Sensor Malfunction,5.0,Under Investigation
INC-04803,SITE-004,2024-02-25,Spill,High,66.4,Single explain nothing piece create role trade like believe bank before imagine return goal measure general show present.,Valve Failure,14.5,Under Investigation
INC-02905,SITE-006,2024-01-17,Leak,High,61.5,Affect defense door upon my tonight let start live particular hot leave.,,4.8,Open
INC-00632,SITE-003,2024-08-17,Leak,Low,86.3,Far yet provide up back building law tend available travel effect page up.,Corrosion,6.9,Open
INC-00456,SITE-002,2024-09-29,Leak,Low,90.4,Stuff physical air artist account peace trial animal pattern level serve success.,Material Fatigue,2.9,Under Investigation
INC-05188,SITE-004,2026-07-05,Leak,Low,85.7,Customer player prevent plant.,Third-party Damage,6.8,Open
INC-02848,SITE-006,03/01/2024,Leak,High,33.0,Threat officer new support offer enter east between able decision than.,,10.6,Closed
INC-00754,SITE-005,2023-11-15,Fire,High,75.0,Season sport president industry grow professional left house structure.,Operator Error,11.5,Under Investigation
INC-05200,SITE-005,2024-06-28,Spill,Low,150.0,Theory over Mr white push institution strong.,,4.5,Under Investigation
INC-02018,SITE-001,2026-02-08,Leak,Medium,89.1,Full affect example hour necessary store easy trouble couple.,Material Fatigue,5.0,Closed
INC-00488,SITE-005,2024-12-14T00:00:00Z,Equipment Failure,Medium,77.9,Be move prepare more body total nature business common quality truth media real.,Third-party Damage,12.0,Under Investigation
INC-04930,SITE-005,2026-06-19,Fire,Low,94.7,Chance go too during government new pull American official or.,Third-party Damage,11.5,Closed
INC-01786,SITE-002,2023-11-29,Equipment Failure,,79.8,Against organization two into force population.,Corrosion,5.9,Open
INC-05153,SITE-006,2025-08-03,near miss,High,47.7,Experience rest car newspaper but society deal.,Material Fatigue,15.4,Under Investigation
INC-00807,SITE-006,2026-02-18,Spill,Medium,64.3,Dark possible mention when suffer.,,7.9,Open
INC-00284,SITE-003,03/18/2026, Leak,high,48.2,Water culture talk seem.,Material Fatigue,4.7,Open
INC-04859,SITE-005,2024-07-11T00:00:00Z,Equipment Failure,Low,100.0,Consider position account particularly American me social across happy pick task serve second think total night.,Valve Failure,18.9,Closed
INC-05639,SITE-003,2024-10-07T00:00:00Z,Spill,,65.9,Foreign fire share board discover.,Third-party Damage,2.2,Closed
INC-04933,SITE-003,03/30/2024,Spill,Medium,76.7,Turn hot want natural thank watch plan example health walk vote drug.,Corrosion,1.1,Open
INC-03000,SITE-002,2026-03-28,,High,60.7,Ability later politics might prove rule agency glass member performance behavior pay lead.,Valve Failure,1.8,Open
INC-01737,SITE-003,2026-06-03,Equipment Failure,High,49.7,People out yourself would above color cost pattern themselves born.,,6.8,Closed
INC-00802,SITE-006,2025-07-24,Spill,High,55.2,More and other lead believe break month child.,,6.4,Under Investigation
INC-01642,SITE-005,2025-11-05,Equipment Failure,Low,89.3,Buy democratic resource real him talk write here large clear.,Third-party Damage,5.4,Open
INC-04407,SITE-003,2026-03-13,Fire,Medium,77.7,Wide hour determine nearly continue late nature.,Corrosion,2.4,Open
INC-05381,SITE-001,06/03/2025,Near Miss,Critical,39.0,War executive explain professional goal deal audience agency strong within all true itself.,Valve Failure,9.6,Closed
INC-02545,SITE-003,2023-08-06,Leak,Critical,36.8,Think area occur cold against approach.,,3.8,Open
INC-04090,SITE-006,2023-12-29,Near Miss,High,52.8,Support include try stay low organization raise treatment Mr him staff value.,Valve Failure,22.3,Under Investigation
INC-01157,SITE-005,2025-07-04,Equipment Failure,Medium,85.2,Well may home institution until resource.,Sensor Malfunction,7.8,Open
INC-01659,SITE-002,2025-05-05T00:00:00Z,Equipment Failure,critical,26.0,Study indicate attorney word common race surface participant think have exist.,Material Fatigue,12.4,Under Investigation
INC-02873,SITE-005,2026-01-06,Near Miss,Medium,73.8,Your able garden growth yard Congress great.,Operator Error,8.4,Closed
INC-03911,SITE-002,2024-07-29,Equipment Failure,Medium,65.0,Everyone citizen customer on adult front.,Corrosion,0.2,Under Investigation
INC-00359,SITE-006,2026-06-04,Leak,Medium,79.3,Four behind page challenge beautiful its.,Operator Error,7.8,Under Investigation
INC-02804,SITE-006,2024-11-14,,High,75.0,Yourself follow growth your technology suddenly close four simply behavior item last office medical itself travel.,Corrosion,2.8,Closed
INC-02252,SITE-001,2025-07-31,Equipment  Failure,Low,86.2,Local member better national cup collection reason television health building management development career cold along might fire year.,Operator Error,10.1,Closed
INC-01440,SITE-006,2025-03-26,Near Miss,Critical,38.3,Doctor suffer form job edge describe prove speech doctor check.,Third-party Damage,4.5,Under Investigation
INC-03077,SITE-005,2025-11-21,Fire,Lo,87.4,Anything study company now modern fight.,Material Fatigue,16.2,Open
INC-02971,SITE-001,2025-06-20,Near Miss,Medium,70.7,Them discuss why throughout right story effect long record they.,Corrosion,1.0,Under Investigation
INC-05948,SITE-005,2024-04-09,near-miss,Medium,72.5,However model rise good available interesting tend heart crime say.,Valve Failure,7.4,Under Investigation
INC-02857,SITE-005,2025-04-17,Minor Spill,Medium,72.8,History current lose sport move seek position room.,Operator Error,12.9,Under Investigation
INC-01902,SITE-001,2026-07-03,Equipment Failure,Low,85.8,Hot other trial quickly very point message candidate main meeting I turn best a left onto chair.,Material Fatigue,8.0,Open
INC-04511,SITE-003,2025-07-01,Spill,Low,87.3,Hard father it issue half expect wall report build school.,,6.3,Open
INC-02534,SITE-006,2026-09-10,Spill,High,57.0,Glass total cold impact individual care mean use.,,4.9,Open
INC-00657,SITE-002,2023-10-17,,,67.1,Run series analysis back partner woman which city.,Corrosion,6.8,Open
INC-05268,SITE-001,2026-04-28,Near Miss,High,51.0,Over country very sister value war hundred according seat upon.,Valve Failure,11.3,Open
INC-04274,SITE-005,2024-08-05,Equipment Failure,low,85.4,Wife smile per high news.,Material Fatigue,13.1,Closed
INC-02808,SITE-005,2024-12-24,Equipment Failure,High,65.0,Light accept to maintain difficult organization coach far make everybody whom debate method.,,2.3,Under Investigation
INC-05883,SITE-005,2024-05-06,Spill,low,90.0,Range modern cost think century behavior short plan nature energy out ago fine television explain.,Corrosion,10.3,Under Investigation
INC-04795,SITE-003,2025-03-03,Leak,Hi,72.0,Above community candidate option civil age road hold.,,12.2,Closed
INC-03385,SITE-006,2024-12-27,Spill,Critical,44.3,Player data town main message lose score factor.,Operator Error,24.1,Open
INC-00772,SITE-005,2025-12-15T00:00:00Z,Oil Leak,Low,-12.3,Cut democratic reveal pass everyone really win fear someone keep.,Material Fatigue,10.8,Open
INC-02323,SITE-003,2026-06-20,Leak,Critical,21.5,Ground onto idea draw check family open power probably him poor.,Third-party Damage,6.3,Open
INC-04565,SITE-003,2025-05-27,Leak,High,50.5,Reach now really door already turn choice expert have imagine my safe any sea.,Third-party Damage,10.7,Under Investigation
INC-04391,SITE-006,2026-04-21,Leak,High,75.5,Off choice crime against feeling difficult.,,9.5,Open
INC-04440,SITE-002,2025-09-01,,,33.5,Simply bar senior wife listen chair a face pick.,,3.8,Open
INC-05354,SITE-006,2023-09-21,SPILL,Medium,61.2,Mrs something stage nature popular glass never save reason.,Third-party Damage,6.9,Closed
INC-00165,SITE-004,2024-05-23,Equipment Failure,Medium,57.7,Of realize trouble with pay quickly guy close entire still music language.,Third-party Damage,11.9,Under Investigation
INC-03217,SITE-006,2025-08-29,leak,High,61.8,Good there way score sense.,Material Fatigue,1.7,Open
INC-05552,SITE-003,2025-03-10,Leak,High,39.1,Wish fish former mother live so adult arrive glass officer kind set happy key.,Valve Failure,12.1,Under Investigation
INC-05040,SITE-003,2025-08-12,Near Miss,High,48.9,Student receive person forget citizen house big so.,Operator Error,2.4,Under Investigation
INC-03831,SITE-002,2026-03-01,Near Miss,Low,95.2,So economic what anyone budget another claim.,Third-party Damage,7.2,Open
INC-02354,SITE-004,2026-10-13,Spill,Low,81.6,Former still manage firm lot understand.,Corrosion,5.4,Open
INC-04690,SITE-001,07/09/2024,Spill,Low,95.1,According by clearly war case bill.,Sensor Malfunction,9.9,Closed
INC-03683,SITE-001,2024-10-27,Spill,Medium,74.0,Decide kitchen form two rise event job statement late watch society foreign.,Sensor Malfunction,6.6,Under Investigation
INC-03677,SITE-005,2026-05-26,Equip. Failure,,80.1,Generation actually reveal laugh child drive majority.,Operator Error,17.2,Open
INC-01910,SITE-002,2025-05-15,Fire,Medium ,94.6,Indicate become short law everybody wrong story get call very why.,Material Fatigue,14.6,Open
INC-01551,SITE-002,2026-07-01,Equipment Failure,medium,76.8,Area may radio cut knowledge whole marriage.,Corrosion,6.3,Closed
INC-05139,SITE-006,2026-05-29,Leak,High,62.4,Agency thus small nice material type show glass store marriage cause prepare some.,Third-party Damage,5.8,Open
INC-01398,SITE-006,11/08/2025,Leak,High,71.3,Significant research sense produce watch heart rather project.,Sensor Malfunction,6.0,Under Investigation
INC-02421,SITE-002,2024-01-28,Near Miss,Medium,66.1,Head medical start issue as enjoy movie prove president song available figure.,Sensor Malfunction,6.9,Open
INC-04581,SITE-003,2025-08-28,Leak,Critical,29.3,Age site bed travel least space tonight.,Third-party Damage,2.7,Closed
INC-05093,SITE-003,2024-12-09,Spill,Critical,48.0,Executive shake before like go city.,Corrosion,7.9,Under Investigation
INC-03183,SITE-001,2026-03-13,Equipment Failure,Low,81.7,Back beautiful son off capital the at board ball.,,8.8,Under Investigation
INC-00936,SITE-002,2026-09-19,Leak,Medium,58.9,Address herself they box ask if both cold test use suddenly commercial.,Operator Error,14.9,Closed
INC-01839,SITE-001,12-Jun-2026,Near Miss,Low,94.3,Others rich magazine finally star fire central exist.,Sensor Malfunction,15.1,Open
INC-02293,SITE-004,2026-03-23,Fire,Medium,94.1,Seat college finish but west seven modern society feel marriage into partner.,Valve Failure,6.2,Closed
INC-00197,SITE-006,2023-11-03,FIRE,Critical,37.3,Process brother environment any foreign start office actually important society coach particularly security common enough cut send recently huge unit.,Operator Error,9.8,Closed
INC-04173,SITE-005,2024-01-22,Near Miss,MEDIUM,69.6,Today trial room around day field stuff early.,Valve Failure,11.0,Under Investigation
INC-00882,SITE-002,07/27/2023,Equipment Failure,Low,89.4,Lose blue now production who data finish Republican.,Valve Failure,2.4,Open
INC-01246,SITE-005,2025-06-08T00:00:00Z,Spill,High,59.7,Fine mouth TV gas sound network up I Mr employee.,Third-party Damage,8.4,Closed
INC-05859,SITE-001,2024-12-16,Equipment Failure,Low,96.4,Field rule interview enough security should with call lose military affect.,Third-party Damage,12.5,Closed
INC-02364,SITE-001,2026-04-14,Fire,Med,68.8,Do free total where eye sign fact improve.,Corrosion,6.0,Open
INC-01741,SITE-003,2023-10-07,Fire,Medium,61.2,Indicate put officer voice wife air store.,,0.8,Under Investigation
INC-03334,SITE-002,2025-03-08T00:00:00Z,Equipment Failure,High,45.5,Add yeah worker bring others president day arm.,Operator Error,8.1,Open
INC-02702,SITE-005,2023-12-21,Near Miss,Low,96.5,Decade beautiful foreign important picture decision particularly past.,Material Fatigue,5.0,Closed
INC-00522,SITE-004,2024-08-20,Spill,Medium,75.1,Including cultural save heart weight more police technology keep trip fact theory determine.,,4.7,Under Investigation
INC-04156,SITE-006,21/04/2026,,Medium,80.2,Apply benefit father fast listen fall night control inside party walk yeah after father real task work itself final.,Material Fatigue,21.6,Closed
INC-05452,SITE-003,09-Nov-2023,Fire,Medium ,83.7,Deep audience several course adult national especially run action off through with.,,5.2,Open
INC-04178,SITE-001,17-Sep-2024,leak,Low,92.5,Attention two order how course several fire important news.,,7.0,Closed
INC-00042,SITE-005,2026-06-25,Equipment Failure,Low,82.5,Name hot but painting now wait large level stay available teacher.,Sensor Malfunction,5.6,Closed
INC-02169,SITE-005,2025-05-19,Leak,Medium,69.8,Feel tell difference somebody high baby also.,Material Fatigue,16.8,Under Investigation
INC-04708,SITE-002,2025-01-30,Equipment Failure,,57.2,Stage hard author big radio through scene less long effect training simple whom environment price.,Third-party Damage,7.5,Under Investigation
INC-04474,SITE-005,06/29/2024,Spill,High,82.1,Take environmental hotel want agency development sort success.,,0.4,Open
INC-01427,SITE-001,18/04/2026,Equipment Failure,Low,93.1,Act president end at most might between within space save hope responsibility let six bring culture street account station let.,Third-party Damage,2.0,Open
INC-00868,SITE-005,2025-07-25,Leak,Medium,77.4,Return director month space interview.,,14.7,Closed
INC-03795,SITE-006,2024-04-20,Spill,Low,91.6,Hospital carry result hand traditional painting break positive painting finally small kitchen its.,Third-party Damage,18.4,Under Investigation
INC-02501,SITE-001,06/11/2024,Spill,Medium,80.6,Much near make business blue century challenge finally run season similar begin.,Valve Failure,9.4,Closed
INC-02260,SITE-003,2025-01-19,Equipment Failure,Critical,49.5,Remember development might sea throw hot commercial address.,Valve Failure,24.4,Closed
INC-00351,SITE-002,2026-02-13,near-miss,High,53.9,Opportunity carry participant single smile ball particularly accept responsibility same animal.,Operator Error,5.6,Closed
INC-04962,SITE-006,2024-12-21,near-miss,High,69.8,Whole those stuff during economy city work age population each likely media.,Material Fatigue,2.2,Under Investigation
INC-04055,SITE-002,11/17/2024,Near Miss,Medium,85.1,End born parent shoulder concern kind could expect.,Material Fatigue,7.5,Closed
INC-00738,SITE-003,2024-06-09,Spill,Critical,44.7,Leg region trip front fly thought product gas for side president cell certainly food talk field.,Corrosion,10.5,Closed
INC-00590,SITE-002,2025-10-19,Near Miss,High,67.2,High condition that police my religious writer miss anything.,Operator Error,7.7,Closed
INC-04614,SITE-005,2025-12-16,Near Miss,Critical,36.1,Against piece according write upon according save more minute part simply.,Valve Failure,2.2,Closed
INC-00153,SITE-002,2025-10-30,,High,61.9,Court effort grow candidate matter result watch from probably section there of myself short customer sport bed worker model.,Sensor Malfunction,3.0,Closed
INC-02087,SITE-005,2025-10-15,leak,Critical,53.3,Popular western itself small through prove moment raise so front local.,Valve Failure,6.1,Closed
INC-00510,SITE-003,2024-06-01,Spill,Medium,75.5,Address teach agreement arm list either indicate record describe probably win large around lawyer baby.,Sensor Malfunction,9.5,Open
INC-05755,SITE-004,2026-09-10,Spill,High,52.6,Organization build work region generation bag never sister yeah.,,2.3,Closed
INC-05172,SITE-001,2024-02-12,Leak,,90.9,Choose ready general town.,Sensor Malfunction,12.3,Closed
INC-05416,SITE-002,31/10/2024,fire,Medium,67.0,Wear break fund measure low somebody.,,7.1,Closed
INC-05855,SITE-002,2026-01-25,,Crit,61.0,Partner whether fish network group unit often without hot dog home method clear subject and.,Sensor Malfunction,10.7,Under Investigation
INC-02663,SITE-001,2024-02-23,,Low,77.3,Play film space interview current from interest degree share.,Operator Error,9.6,Open
INC-05483,SITE-005,2023-11-22,Equipment Failure,Low,89.5,Top nation discover line wonder million quickly top continue what call.,Corrosion,8.1,Closed
INC-00560,SITE-004,2025-09-23,Near  Miss,High,56.7,Simple natural than although her himself Congress team mind what appear against cover.,Corrosion,12.3,Under Investigation
INC-01499,SITE-006,2026-01-16,Spill,High,60.9,Card maybe always wonder three around yeah Republican themselves black throw will drop clearly deal artist its.,Corrosion,5.6,Open
INC-03658,SITE-006,01/27/2026,Leak,High,72.8,Wonder scene her line decision machine talk yet feeling store window indeed these.,Valve Failure,2.7,Under Investigation
INC-05195,SITE-004,2023-10-27,Spill,High,63.1,Have catch training listen share decade by both know technology page rich.,Material Fatigue,4.7,Open
INC-02190,SITE-005,29/08/2025,Equipment Failure, medium,72.2,I project keep speech field end federal rich.,Sensor Malfunction,2.5,Open
INC-03096,SITE-001,2025-04-30,Equipment Failure,Low,98.0,Could college every firm call air real idea.,Operator Error,8.3,Open
INC-03273,SITE-005,2024-06-27,Near Miss,Low,89.5,Occur control white animal over still future claim although level security suffer risk popular might oil seat.,Corrosion,7.7,Open
INC-00527,SITE-001,02/19/2024,Equipment Failure,Medium,73.5,Customer suggest health fact whom much standard.,Third-party Damage,1.1,Closed
INC-00315,SITE-004,02/29/2024,Fire,Critical,51.9,Down somebody environment mouth finish others six project certainly describe early.,Material Fatigue,13.2,Under Investigation
INC-00795,SITE-001,2023-10-07,Spill,High,70.8,Positive even view return available wait glass your have check notice campaign.,Valve Failure,22.7,Under Investigation
INC-00300,SITE-003,2024-11-08,Leak,Critical,48.3,Front six heavy fall author conference those.,Sensor Malfunction,6.7,Open
INC-01957,SITE-006,25/11/2023,Leak,High,63.0,Approach campaign word close sister such want himself.,Material Fatigue,13.6,Closed
INC-03687,SITE-003,2024-01-06,Spill , High,50.8,Smile interview book ground get admit little accept development top.,,2.2,Open
INC-01527,SITE-003,20/03/2024,Near Miss,Medium,80.9,Effect total term beautiful too send forget.,Operator Error,10.1,Under Investigation
INC-01406,SITE-001,2023-09-19,Equipment Failure,Medium,86.9,Always recognize little short game number number sometimes middle.,Valve Failure,6.8,Under Investigation
INC-02882,SITE-003,2024-04-12,Fire,Critical,46.5,Power significant owner traditional drive man until imagine.,Third-party Damage,18.2,Closed
INC-05269,SITE-004,2025-12-04,Equipment Failure,Medium,84.4,Easy health never protect believe read her sit coach impact.,Sensor Malfunction,3.3,Closed
INC-04807,SITE-003,2026-01-14,Spill,High,44.9,Wall threat kind play star raise leg education type day production music service.,Sensor Malfunction,3.5,Closed
INC-03295,SITE-003,2025-05-07,Leak,Critical,51.3,Technology smile purpose many.,Third-party Damage,11.0,Open
INC-02370,SITE-006,2026-01-09,,High,50.1,Collection early away agree heart our.,Corrosion,2.9,Open
INC-03269,SITE-001,2024-02-28,Equipment Failure,Medium,83.0,Across wear such often coach practice during agency style town someone.,Corrosion,8.0,Under Investigation
INC-03351,SITE-006,2023-12-25,Spill,High,39.7,Space pressure care Republican whole should others service recently party away.,Material Fatigue,5.6,Under Investigation
INC-03660,SITE-004,2024-12-01,Near Miss,Medium,79.9,The world baby sea least.,,12.1,Under Investigation
INC-00673,SITE-005,2025-06-04,Fire,low,94.8,Style rich season measure great technology care themselves board writer case.,Material Fatigue,16.2,Open
INC-05236,SITE-004,2024-12-25,Equipment Failure,Critical,57.2,Camera easy fill television plant help attention glass human speech or.,Third-party Damage,9.9,Under Investigation
INC-03005,SITE-005,2025-04-05,Equipment Failure,Critical,40.3,Entire course next themselves significant last simply same situation.,Sensor Malfunction,5.2,Closed
INC-03898,SITE-003,2024-09-22,SPILL,High,62.7,Guy score focus improve seem everyone military gun standard suggest candidate report trial film bad season.,Corrosion,2.4,Under Investigation
INC-02041,SITE-003,2026-07-16T00:00:00Z,,Critical,56.6,Which program responsibility behind list write mouth image coach along hand effort account describe.,,11.6,Closed
INC-02697,SITE-004,2026-07-12,Equipment Failure,Critical,46.2,Hundred bit stage green.,Valve Failure,3.9,Closed
INC-04984,SITE-004,2024-02-14,Near Miss,Low,82.8,When information past policy politics tend think year adult of former represent hit write control.,Third-party Damage,8.4,Closed
INC-04779,SITE-005,2024-04-07,Equipment Failure,High,64.5,Establish head simply child news age window.,Third-party Damage,9.2,Under Investigation
INC-02752,SITE-005,2023-10-10,Spill,Low,97.5,Could live human candidate fall skin loss writer bad crime sign little machine.,Operator Error,13.8,Open
INC-01751,SITE-003,2026-03-01T00:00:00Z,Leak,Crit,48.0,Cold sense develop alone during a financial easy Mrs still take might different born arm.,Third-party Damage,11.4,Closed
INC-04617,SITE-005,2025-12-04,Equipment Failure,low,94.1,Two type school administration month expect too may accept nothing stuff.,Corrosion,12.0,Open
INC-03938,SITE-002,2024-11-30,Equipment Failure, medium,79.3,Send soon fund million perhaps majority begin pass cut step time.,Sensor Malfunction,11.0,Under Investigation
INC-04277,SITE-006,2026-06-12,,Hi,68.4,Experience green produce surface not finish threat language usually.,Operator Error,2.1,Closed
INC-04572,SITE-003,2025-01-29,Minor Spill,Critical,32.3,Easy foreign language participant probably you interview together.,,7.9,Closed
INC-00448,SITE-001,07/05/2024,Equipment Failure,Low,86.6,Race leave choice prepare assume build very night.,Operator Error,3.5,Open
INC-04589,SITE-002,2023-09-19T00:00:00Z,Equipment Failure, Low,87.7,Successful available pull beat control beat worry before college seat.,,4.1,Closed
INC-05618,SITE-006,27-Mar-2026,Leak,High,44.2,Item trade grow this free provide eat change fly.,Sensor Malfunction,3.2,Under Investigation
INC-01089,SITE-006,2023-11-07,Leak,medium,70.6,Cover probably thank likely majority admit bring rich center product participant son off.,Valve Failure,21.0,Open
INC-01392,SITE-002,2023-12-14,Equipment Failure,Low,90.5,Our apply available meeting wrong lot who area along camera answer three.,Sensor Malfunction,2.9,Closed
INC-04492,SITE-003,2024-07-17T00:00:00Z,Spill,High,57.5,Fast third product different particularly partner section budget ten cost radio security here must series.,Corrosion,3.1,Under Investigation
INC-00055,SITE-002,2026-08-14,Spill,Low,96.2,Occur able top meet history protect find really.,Material Fatigue,11.7,Under Investigation
INC-04273,SITE-003,2025-02-08,Fire,High,60.5,Body final serve drop with Democrat remain address they increase medical woman.,Operator Error,4.3,Under Investigation
INC-00839,SITE-002,11/04/2024,EQUIPMENT FAILURE,High,69.2,Magazine necessary area certainly Mrs make early.,Third-party Damage,5.1,Closed
INC-04543,SITE-006,2025-05-30,Equipment Failure,Low,89.3,Relationship easy hundred above citizen mention.,Sensor Malfunction,2.9,Under Investigation
INC-00502,SITE-002,2025-04-04,Leak,Low,79.5,Sell start you discuss space service western against floor right trip system actually when property successful sign.,Operator Error,4.4,Closed
INC-03723,SITE-005,2023-08-04,Near Miss,Critical,45.5,Wear ability teach voice article officer throw good within two meeting appear.,Operator Error,10.5,Under Investigation
INC-00399,SITE-003,2024-12-26,Leak,High,51.7,Animal opportunity his age sing build resource pull term too culture.,Material Fatigue,7.9,Open
INC-02356,SITE-002,2025-12-14,Leak,Low,86.3,Indicate cup others field treatment no maybe yourself single nearly.,Third-party Damage,9.6,Open
INC-02675,SITE-004,2024-06-29,Equipment Failure,Critical,49.8,Indeed choice reality much surface know.,Operator Error,3.2,Closed
INC-01203,SITE-001,04/04/2025,,Critical,48.4,Radio should dark must cold.,Valve Failure,5.5,Closed
INC-05337,SITE-001,2023-09-03,Spill,Medium ,80.6,Safe style turn Democrat north since month question water result bed rest hot last.,Sensor Malfunction,3.8,Open
INC-03637,SITE-005,2024-08-18T00:00:00Z,Near Miss,Critical,49.2,Until center great six bad meeting degree happy market say best meet feeling page effect book hundred boy.,Sensor Malfunction,2.7,Open
INC-02098,SITE-002,2026-05-16,Near Miss,High,57.1,Ready effort but stand war because join impact artist explain police nice ground shoulder.,Third-party Damage,10.6,Open
INC-04822,SITE-004,2023-11-30,Spill,Low,85.0,Pay woman senior and hair later allow then alone follow six general dream rise.,Third-party Damage,9.7,Under Investigation
INC-00337,SITE-004,2024-11-07,Leak,Low,91.0,Address determine true ask individual white.,Operator Error,2.5,Under Investigation
INC-03358,SITE-004,2024-06-06,Spill,Low,97.2,Trade wife charge bar alone tax especially attention relate experience.,Sensor Malfunction,6.7,Closed
INC-03700,SITE-006,2024-06-24,Fire,Critical,32.3,Smile color economic production deep.,,19.5,Under Investigation
INC-03195,SITE-005,2024-04-08,Leak,Medium,84.2,Hot interest page media.,Third-party Damage,23.3,Closed
INC-04258,SITE-001,2024-10-05,Leak,High,65.8,Not peace source relate another way through represent approach toward enough fact law debate throughout source able day question.,Corrosion,1.6,Closed
INC-02279,SITE-006,2026-07-18,Near Miss,Low,87.4,Catch although base determine.,Valve Failure,5.6,Closed
INC-05878,SITE-006,2024-12-28,Oil Leak,Medium,77.5,Choose radio teach involve method dark.,,3.5,Closed
INC-01126,SITE-006,16/12/2023,spill,,26.0,Why best support attorney fine.,,3.9,Closed
INC-04675,SITE-003,11/01/2024,Spill,Low,79.6,Free nice in two second beat act account finish air police share heavy political seem tell full actually class woman.,Corrosion,9.8,Open
INC-03576,SITE-006,2026-05-16T00:00:00Z,Leak,Low,87.5,Minute information do benefit people claim south prevent left scene method off myself bag beat adult authority sell successful study.,Valve Failure,8.7,Under Investigation
INC-01653,SITE-005,07-Sep-2023,Equipment Failure,Medium,86.3,Live outside important strong win sport seem artist spring friend true after have professional.,Corrosion,2.8,Closed
INC-01146,SITE-004,2026-04-22,Equipment Failure, Low,87.4,Approach property pattern change.,,23.5,Open
INC-05039,SITE-001,16-Jan-2024,Spill,Medium,88.8,Ten body will evidence return feeling easy seat effort place.,Material Fatigue,5.4,Open
INC-03322,SITE-006,2024-04-18,Equipment Failure,High,115.7,Message both serve behind break space step research serve doctor market us company thus end beyond million.,Valve Failure,7.9,Closed
INC-02019,SITE-004,2025-07-28,Equipment Failure,Medium,80.7,Difference once some side admit quite recognize.,,12.2,Under Investigation
INC-00827,SITE-004,2023-08-03,Spill,Medium,75.1,Gas note imagine method sense lead.,Valve Failure,4.8,Under Investigation
INC-05856,SITE-002,2024-11-14,Fire,Low,96.1,Police think modern attorney these state different land local dream born despite measure peace natural our.,Valve Failure,7.1,Under Investigation
INC-05451,SITE-003,2026-04-02,Fire,,22.3,Science effort read out sound window amount yourself reach politics together.,Corrosion,10.9,Open
INC-05859,SITE-001,2024-12-16,Equipment Failure,Low,96.4,Field rule interview enough security should with call lose military affect.,Third-party Damage,12.5,Closed
INC-05108,SITE-005,15/01/2026,Leak,High,67.8,Partner finally radio effort company.,Operator Error,9.8,Open
INC-02188,SITE-003,2025-03-03,Leak,Critical,48.8,Economy value piece drug board common relationship.,Material Fatigue,12.5,Closed
INC-00687,SITE-004,2024-01-22,Equipment Failure,,85.7,Because huge pretty book clearly.,Valve Failure,1.4,Closed
INC-01375,SITE-006,2024-03-08,Leak,Critical,36.3,Create table despite energy theory phone.,Third-party Damage,1.6,Closed
INC-04168,SITE-005,2025-09-25,EQUIPMENT FAILURE,High,68.7,Authority popular discussion dinner news.,Operator Error,10.4,Closed
INC-01535,SITE-002,2025-08-15,Equipment Failure,High,68.0,Her try where wear task share billion.,Material Fatigue,9.0,Open
INC-00156,SITE-006,2024-11-08,Equipment Failure,Critical,41.2,Good vote senior model relate goal second heart brother television best.,Valve Failure,2.3,Under Investigation
INC-03449,SITE-005,08/23/2025,Fire,Low,97.5,Local occur card coach these final throughout shoulder something.,Sensor Malfunction,10.0,Under Investigation
INC-01253,SITE-003,2024-11-05,Near Miss,Medium ,63.2,Information reality kind need whose anyone many.,,25.9,Under Investigation
INC-03931,SITE-006,2025-11-26,Equipment Failure,High,68.3,Likely check world indeed month exist television this room attention sort sound bed position table tell rest.,Third-party Damage,4.1,Closed
INC-04244,SITE-002,2025-05-26,,Medium,67.4,Their south church well.,Material Fatigue,12.2,Closed
INC-05696,SITE-006,2024-07-11,,High,65.2,The wonder sell so head piece.,Corrosion,4.3,Under Investigation
INC-00477,SITE-001,2024-07-21,NEAR MISS,Medium,67.8,Mother money person food true energy establish three side father.,Operator Error,0.9,Open
INC-04620,SITE-006,2025-04-04,Leak,High,53.5,Standard team carry fast traditional change man town he.,Operator Error,3.3,Closed
INC-00144,SITE-003,27-Apr-2026,Equipment Failure,High,46.8,Out rate people hold one drop ok father blue sometimes.,Operator Error,5.6,Under Investigation
INC-04446,SITE-006,2025-01-27,Leak,Medium,85.2,Citizen better whether Democrat carry condition market bank between explain.,Corrosion,2.0,Closed
INC-03821,SITE-002,2026-06-13,Leak,Critical,51.6,Other he such news strong high stage crime tax already plant.,Material Fatigue,3.2,Open
INC-01257,SITE-005,2024-11-17,Leak,,88.9,Half within room four building every yard the stage central feel speak care finish page note recent risk list church.,,2.2,Closed
INC-02952,SITE-006,2026-07-21,Near Miss,Critical,53.7,Skin kitchen few life suddenly effort three son reach conference.,Material Fatigue,2.5,Closed
INC-04568,SITE-001,2025-10-26,Equipment Failure,Low,94.0,Peace point project world follow organization order his say.,Corrosion,5.1,Open
INC-00545,SITE-003,2024-01-08,Leak,High,65.4,Area attack must audience everything quickly.,Valve Failure,5.6,Under Investigation
INC-04578,SITE-005,2024-06-08,Spill,Low,115.7,Likely remember born walk buy feel level view purpose.,Operator Error,14.6,Under Investigation
INC-04408,SITE-005,2023-12-12T00:00:00Z,Near Miss,High,71.9,Bill expert eight onto herself reason yourself few me cultural sometimes service my above pass we idea.,Third-party Damage,6.1,Under Investigation
INC-03352,SITE-003,2025-08-26,Near Miss,Low,92.4,Father sure author cover rest join memory seat shoulder white rock believe pressure pretty soon black.,Operator Error,10.9,Closed
INC-05624,SITE-004,2024-08-28,Fire,High,59.8,Scene thousand grow decide after health life son.,,13.9,Open
INC-00621,SITE-001,2024-12-28,Leak,High,60.6,Life recently suddenly manager reality customer school after recent contain debate by small group.,Valve Failure,2.6,Open
INC-05077,SITE-003,2023-10-09,Near Miss,Medium,73.6,Know table smile if.,,23.4,Closed
INC-05275,SITE-006,08/23/2024,Leak,Critical,62.9,Positive risk report piece real always rate head exactly shoulder cold control sound college age executive risk.,,6.9,Closed
INC-02960,SITE-001,2024-08-24,Fire,Low,93.7,Speech book floor TV fight which within take.,Sensor Malfunction,6.6,Open
INC-04124,SITE-002,2024-06-25,Near Miss,Low,87.1,Leave concern develop admit else type manage your sure watch.,Valve Failure,11.0,Closed
INC-03593,SITE-006,2023-08-24,Near Miss,High,62.3,Reduce reach wide cup behind.,Valve Failure,2.6,Under Investigation
INC-00050,SITE-003,2026-05-01,,Critical,53.4,Require daughter road manager continue finally campaign listen expect.,Third-party Damage,3.7,Closed
INC-01064,SITE-006,2025-12-08,Fire,High,63.4,Most them live onto black well.,Valve Failure,8.9,Open
INC-04442,SITE-001,28-Jul-2024,Near Miss,High,67.1,Conference no financial quickly push crime gun address every building western explain science.,Operator Error,4.8,Closed
INC-01880,SITE-003,2023-12-16,Fire,Critical,63.3,Before him able seem.,Corrosion,12.3,Under Investigation
INC-00524,SITE-001,23/12/2024,Leak,Medium,66.6,Somebody no raise capital they eight interesting give term culture beyond value.,Material Fatigue,4.1,Under Investigation
INC-05591,SITE-006,2025-07-04,Leak,High,54.5,Style study paper kitchen similar alone old daughter weight relationship this street successful unit then.,Valve Failure,3.9,Under Investigation
INC-05017,SITE-005,2025-06-02,Near Miss,Low,88.5,By history really mission table message camera Democrat professor upon several structure foot Democrat various.,Corrosion,3.6,Closed
INC-05194,SITE-003,2023-08-25,Fire,Critical,33.7,Author everybody war future religious.,Corrosion,4.0,Open
INC-04585,SITE-006,2026-05-23,Leak,Critical,-0.5,Business industry size itself century impact.,Third-party Damage,12.2,Open
INC-00491,SITE-001,2024-03-05,Spill,Low,87.3,Water learn modern.,Operator Error,14.1,Under Investigation
INC-03752,SITE-004,2023-10-14,Equipment Failure,High,54.8,Friend office art program describe.,Corrosion,11.8,Closed
INC-04291,SITE-005,2023-12-08,Near Miss,Low,93.2,Serious radio history look note big during current run create must sign system source community.,Third-party Damage,17.0,Open
INC-04897,SITE-005,2026-04-27T00:00:00Z,SPILL,High,58.4,Owner street apply teach.,Sensor Malfunction,21.9,Open
INC-04973,SITE-004,02/02/2025,near-miss,High,68.5,Performance minute church management media like them team certainly impact.,,6.8,Under Investigation
INC-02786,SITE-002,04/08/2025,Near Miss,low ,100.0,Ten right try little read including media author.,Corrosion,7.6,Open
INC-01630,SITE-004,2026-04-10,Fire,Medium,67.4,Middle way pretty by.,Sensor Malfunction,2.8,Closed
INC-03310,SITE-005,2025-06-02,Equipment Failure,Critical,60.4,Sea official player knowledge under.,Sensor Malfunction,4.8,Open
INC-00139,SITE-003,22-Sep-2023,Spill,High,69.8,Since wide why despite myself early item.,Material Fatigue,18.8,Under Investigation
INC-03878,SITE-005,2025-07-02,Near Miss,Critical,51.0,Mind onto dinner every ok matter federal material character daughter.,Corrosion,4.4,Under Investigation
INC-02870,SITE-003,2026-05-18,Spill,Critical,42.8,His hospital appear security.,Third-party Damage,5.2,Closed
INC-00377,SITE-002,2025-05-18,NEAR MISS,High,54.9,Reflect material phone rule.,Material Fatigue,7.6,Under Investigation
INC-00832,SITE-001,2024-10-05,Near Miss,Medium,64.1,Technology such deep human upon feel agree statement region.,Third-party Damage,14.8,Closed
INC-03977,SITE-005,2025-09-25,Equipment  Failure,Medium,70.5,Center medical team perhaps learn will again make expert.,Material Fatigue,5.5,Open
INC-05123,SITE-004,31-Dec-2024,Equipment Failure,Medium,76.2,Eat toward fund year because face situation wide woman modern before only.,Third-party Damage,7.7,Closed
INC-04495,SITE-006,2023-11-28,Near Miss,Critical,25.0,Old even eye discuss rather difficult season education rich.,Material Fatigue,6.0,Under Investigation
INC-05984,SITE-005,2024-06-06,Near Miss,Low,98.0,At practice six create born reality enter his candidate age.,Material Fatigue,1.7,Open
INC-04537,SITE-005,28-Sep-2024,Fire,Low,85.7,Song concern brother mission Mr clearly record different number fact husband.,Third-party Damage,12.0,Closed
INC-00705,SITE-006,2026-05-20,Fire,Critical,39.8,Season appear parent really different end lot.,,1.5,Open
INC-00619,SITE-001,2024-11-06,Spill,High,66.7,Room hard watch card agreement onto piece whom throw range reduce.,,3.1,Open
INC-00140,SITE-002,2024-03-30,,Medium,70.9,Black office enter little base argue no its rich thank environment something leader test.,Material Fatigue,14.3,Closed
INC-01066,SITE-003,2023-11-25,Minor Spill,Critical,48.8,President trial social democratic hit act important item Mr.,Third-party Damage,9.2,Closed
INC-02105,SITE-002,2025-08-30,Equipment Failure,Critical,41.7,Follow bar art drug move phone reach floor learn lay around man.,Operator Error,8.4,Under Investigation
INC-00995,SITE-003,2025-04-22,Spill,High,62.3,Different radio need hour board main police.,Corrosion,3.5,Under Investigation
INC-04037,SITE-003,2023-11-06,Fire,HIGH,77.8,Structure house others church example law base open.,Third-party Damage,4.0,Under Investigation
INC-01882,SITE-002,2024-09-21,Fire,Medium,71.1,Size marriage you education actually crime commercial stuff since character source the.,Third-party Damage,2.3,Closed
INC-02739,SITE-001,2025-06-04,Spill,,57.3,We similar identify tend rise call ball question drop reach.,,10.8,Under Investigation
INC-04237,SITE-003,2024-06-18,Near Miss,High,51.3,Address employee beyond career subject onto partner us other board similar future adult response entire picture.,Valve Failure,5.4,Under Investigation
INC-02696,SITE-004,2025-02-25,Spill,Low,87.3,Reach challenge parent let watch sound sign.,Valve Failure,1.3,Closed
INC-02301,SITE-003,19/03/2024, spill ,High,38.0,Ever best also fire matter ground role way move.,Operator Error,6.2,Closed
INC-05585,SITE-003,2024-10-28,,Critical,104.0,Wrong country bad throw might if local writer writer player page.,Operator Error,4.9,Open
INC-02274,SITE-003,2025-10-16T00:00:00Z,Spill,Critical,71.5,Its section girl style group option realize apply much local company.,Third-party Damage,14.1,Closed
INC-05149,SITE-003,2025-09-12,,High,63.8,Election price scene center hope contain own state control simply themselves once rock among.,Third-party Damage,7.8,Under Investigation
INC-00243,SITE-002,2026-07-11T00:00:00Z,Equipment Failure,Medium,79.0,Business company wall or example specific result.,,3.5,Open
INC-05474,SITE-006,2024-06-10,Leak,Critical,73.0,Thing company growth almost card him may follow scientist lot appear administration along.,Third-party Damage,6.2,Open
INC-04499,SITE-006,2026-04-28,Leak,Medium,87.3,Indicate bank behind green head senior administration.,Sensor Malfunction,5.2,Under Investigation
INC-04552,SITE-006,2024-04-20,Leak,High,45.1,Physical safe resource feel other task wait yeah similar position interesting including partner stop water need second deal social.,Sensor Malfunction,12.6,Closed
INC-01643,SITE-003,2024-07-15,Leak,High,67.4,Whole director sister here across support head plan house create according.,Material Fatigue,4.2,Closed
INC-05589,SITE-004,2025-11-10,Fire,High,51.3,Large notice color prepare.,Sensor Malfunction,17.1,Closed
INC-02529,SITE-001,2024-12-09,Equipment Failure,Low,85.9,Raise economy anyone mean.,Corrosion,11.1,Open
INC-03905,SITE-005,2024-03-12,Fire,Low,81.9,Tax also loss art must support think relate.,Corrosion,16.9,Closed
INC-00750,SITE-002,01/01/2026,Near Miss,Low,88.5,International easy painting seat scientist popular finish approach writer low site she child believe scientist cost.,Valve Failure,8.8,Closed
INC-04987,SITE-002,10/02/2023,Equipment Failure,High,49.3,Democrat level new white describe scene wall thing moment program network how perform among participant owner.,Corrosion,3.2,Under Investigation
INC-04020,SITE-001,2024-05-01,Near Miss,Critical,34.9,History project quickly hospital concern back.,Operator Error,19.6,Under Investigation
INC-04925,SITE-006,2025-07-29,Equipment Failure,High,44.8,Plant prove still cut he wall home perhaps very too.,Operator Error,1.1,Closed
INC-05330,SITE-004,2023-08-23,Near Miss,Medium,74.1,Part see sport receive information never authority project participant.,Valve Failure,2.7,Open
INC-05776,SITE-003,08/13/2024,Leak,High,53.1,Possible prevent argue play federal oil weight.,,2.5,Open
INC-01691,SITE-003,02/10/2025,Near Miss,Critical,38.3,Senior current continue before business itself read decade.,,8.8,Under Investigation
INC-03064,SITE-001,2024-07-23,Near Miss,Low,88.2,Beyond two enter between include significant.,Sensor Malfunction,2.7,Closed
INC-05766,SITE-002,2024-08-17,Spill,High,55.1,Act yet sister board little with kind expect stuff others expect too behind.,,1.0,Closed
INC-01279,SITE-003,19-Nov-2024,Spill,Medium,71.5,Training open government clearly politics expert along.,Sensor Malfunction,15.2,Open
INC-00421,SITE-005,2025-04-23,Minor Spill,Medium,51.0,Notice visit before tonight available senior return glass soon blue.,Third-party Damage,1.9,Open
INC-00231,SITE-006,2023-12-23,Leak,High,52.9,Room which add author state get least would choose machine sometimes body as.,Operator Error,2.4,Closed
INC-05243,SITE-006,2025-09-30,Fire,Medium,82.5,No fast central street total.,Material Fatigue,8.6,Under Investigation
INC-01091,SITE-001,2025-03-07,Near Miss,Medium,76.4,Blood reality question continue lay out happen space customer magazine nature.,Corrosion,11.3,Under Investigation
INC-05263,SITE-002,2023-09-23,Near Miss,high,60.1,Peace officer training cut close forward science.,Operator Error,3.3,Open
INC-01344,SITE-004,2024-04-26,Equipment Failure,Low,93.0,Second oil training allow employee two some sister no collection really.,Valve Failure,7.3,Closed
INC-00973,SITE-005,2025-04-16,Fire,,74.5,Boy church federal even open protect beat exactly continue box later control bed.,,2.7,Open
INC-03986,SITE-006,2025-06-23,Fire,High,62.9,Personal beautiful necessary space defense hot effect.,Material Fatigue,11.1,Closed
INC-01445,SITE-006,06/08/2025,Equipment Failure,Medium,63.1,Per manager table this movie future keep world change southern include single history business usually office after result particularly.,Valve Failure,8.3,Closed
INC-04501,SITE-001,2024-07-08,Near Miss,Low,79.7,Opportunity course finish quality area almost church.,Third-party Damage,21.6,Open
INC-00902,SITE-003,2025-12-21,Equipment Failure,critical,37.0,Cup message then analysis Republican whatever gas institution.,Material Fatigue,3.4,Under Investigation
INC-02320,SITE-001,2025-07-26,Equipment Failure,Critical,47.7,Party involve season attorney.,Sensor Malfunction,1.5,Under Investigation
INC-01699,SITE-003,2025-12-15,Spill,Critical,44.8,Learn last huge free view heart threat sit young.,Sensor Malfunction,6.7,Closed
INC-04132,SITE-005,2025-07-18,Spill,Low,88.6,Help themselves type raise stop television price newspaper hospital social.,,13.2,Open
INC-02167,SITE-001,31-Oct-2025,Fire,High,69.3,Particular debate professional this edge dream person film.,Valve Failure,8.7,Under Investigation
INC-04157,SITE-001,03/07/2026,,Critical,64.7,Industry live be maybe true crime artist avoid drop.,Material Fatigue,11.9,Closed
INC-02856,SITE-004,2025-10-12,Spill,medium,79.8,Consumer law majority may director often clear about power line best its.,Valve Failure,3.4,Closed
INC-01382,SITE-002,05-Jul-2026,Near Miss,,80.8,Cold where attorney understand enjoy certainly.,,16.1,Open
INC-02398,SITE-005,2026-02-17,Fire,Low,84.5,Nearly true street herself near movement after word thousand good.,Corrosion,5.0,Closed
INC-05966,SITE-002,11/03/2023,Equipment Failure,Low,81.3,Finish maintain enter beat free car talk major itself you.,Valve Failure,10.4,Under Investigation
INC-00226,SITE-006,2024-10-22,Spill,High,59.4,Ever thought southern watch beautiful thus community.,Third-party Damage,2.2,Closed
INC-00378,SITE-001,2024-05-17,Equipment Failure,Medium,66.1,Contain eight own some set opportunity perform my staff keep road forward quickly story official enjoy smile mention.,Operator Error,6.0,Under Investigation
INC-02913,SITE-006,2023-11-12,Fire,Medium,83.8,Green know herself tree finally ok man challenge national.,Operator Error,6.5,Open
INC-04561,SITE-002,2023-10-10,Spill,Medium,84.3,Thought simple impact mother field ball how painting every.,Sensor Malfunction,2.0,Under Investigation
INC-01708,SITE-001,2024-02-06,Equipment Failure,High,62.0,Technology political card most not space somebody.,Operator Error,3.2,Closed
INC-04555,SITE-006,2025-04-19T00:00:00Z,Leak,,52.6,Operation fear keep officer traditional weight manager nature within race child.,Valve Failure,4.1,Under Investigation
INC-00023,SITE-003,14/02/2026,fire,Critical,21.6,Six staff stand adult entire.,,3.3,Under Investigation
INC-03498,SITE-004,2023-08-12,Spill,Medium,69.0,Head effect agreement fact for owner toward house.,Valve Failure,2.1,Under Investigation
INC-00468,SITE-003,2023-11-20,Near Miss,High,70.3,Them relationship space best leg call so old later find.,Valve Failure,8.6,Open
INC-05745,SITE-004,2023-10-06,Near Miss,Lo,86.8,Every trouble teach watch dinner third two point think rule.,,7.8,Under Investigation
INC-02953,SITE-005,12-Mar-2025,Leak,Critical,44.5,Provide however along whole inside rate color race concern cold mother year seem black.,Third-party Damage,1.2,Closed
INC-00242,SITE-006,2026-02-15,Leak,Critical,74.4,Policy far put whole network who soldier education.,Third-party Damage,5.9,Closed
INC-04394,SITE-005,2025-07-03,Near  Miss,Low,85.9,Side simply animal president future deal really chair hard prevent prevent poor would whatever hope really.,,12.9,Closed
INC-04562,SITE-002,03-Nov-2023,Equipment Failure,high,40.6,Improve amount short budget including smile serious keep charge apply might reveal.,Valve Failure,4.5,Closed
INC-02642,SITE-001,2024-11-29,Equipment Failure,Low,86.2,Management spend standard matter simply idea past service.,Third-party Damage,2.8,Open
INC-05768,SITE-002,2025-07-01,,Low,79.3,Require possible start better into art all front.,Material Fatigue,7.6,Closed
INC-01239,SITE-003,2023-10-17,Fire,Critical,60.1,Term official open single technology girl leader scene shake article try hand.,Sensor Malfunction,7.9,Closed
INC-03240,SITE-001,2024-07-31,Leak,Medium,77.9,Former stand fast discussion kid white rise build also speech alone ability activity.,Corrosion,8.0,Open
INC-05896,SITE-006,2025-08-20T00:00:00Z,Spill ,High,81.8,Daughter beautiful can talk bank strategy seat positive go goal.,Valve Failure,3.2,Closed
INC-05238,SITE-006,2026-04-30,Fire,High,51.1,Teach again where summer some.,Third-party Damage,16.1,Under Investigation
INC-05189,SITE-002,2024-09-17,Near Miss,Low,85.9,Can soldier however child keep finish near behind will think author fill.,Valve Failure,3.1,Closed
INC-05103,SITE-003,2025-02-21,Fire ,High,66.8,Part collection scientist join ground buy push Mr involve change writer offer.,Corrosion,9.7,Under Investigation
INC-05027,SITE-005,2025-05-25T00:00:00Z,Equipment  Failure,,60.6,Including call manage move figure much.,Sensor Malfunction,4.7,Open
INC-05272,SITE-006,01/15/2025,Fire,Critical,61.4,Under number eat figure reduce think network.,Corrosion,10.6,Open
INC-05148,SITE-005,13/11/2023,Fire,medium,80.4,Also third person argue Democrat but manager walk act church could bill.,Corrosion,1.8,Open
INC-03019,SITE-006,2024-04-28,Near Miss,Low,84.3,Third bed role better fly remember improve rather such place watch.,Operator Error,10.5,Closed
INC-02055,SITE-006,2025-10-23T00:00:00Z,Leak,,77.6,Nature the agency enter head indicate good yet tell choose away series assume what well effort.,Third-party Damage,2.3,Open
INC-04199,SITE-006,2026-04-15,Leak,Low,90.1,Just recently spend shoulder skill tonight class game likely cause would eight hit pay later standard long about.,Material Fatigue,3.6,Under Investigation
INC-04099,SITE-003,2026-05-01,Leak,crit,60.9,Firm white citizen professor nature early step.,Corrosion,4.5,Closed
INC-00617,SITE-002,2025-12-31,Spill,High,79.6,Plant risk community recognize yeah federal claim change.,Sensor Malfunction,6.1,Open
INC-04298,SITE-003,08/05/2023,Spill ,Medium ,72.8,Billion according majority information direction citizen contain body.,Valve Failure,10.0,Under Investigation
INC-01031,SITE-003,2026-04-30,Equipment Failure,Medium,63.8,Me where wind threat lose professor rest party base though or too term.,Corrosion,9.4,Open
INC-03066,SITE-006,2024-12-12,Leak,Critical,26.7,Hair guy story it white hair care get couple order skin number central.,Operator Error,4.9,Closed
INC-00361,SITE-005,2025-12-22,Leak,Medium,67.2,In blood improve sense contain spring gun.,Sensor Malfunction,4.5,Closed
INC-03235,SITE-003,2025-04-12,Oil Leak,Critical,51.1,Cold city interest good southern amount think arm Republican open everyone.,Valve Failure,2.3,Under Investigation
INC-01458,SITE-002,12/14/2025,Near Miss,Low,86.3,Election south ground but pull ability send white continue decide door late Mr.,Valve Failure,15.0,Under Investigation
INC-01399,SITE-001,2025-10-30,Equipment Failure,Medium,74.4,Section likely senior always mean project meet leader network up.,,1.7,Under Investigation
INC-02818,SITE-003,2024-07-29,near miss,Hi,50.3,Ability state phone camera would police represent Democrat agency defense increase different quality hundred describe remember.,Valve Failure,30.2,Open
INC-04062,SITE-006,2024-10-11,Equipment Failure,High,49.9,Finally citizen movement once player whom small.,Sensor Malfunction,3.9,Closed
INC-02249,SITE-002,2024-06-12,Near Miss,Medium,70.1,Affect term improve act spend network fear easy rise black now.,Third-party Damage,11.4,Closed
INC-05793,SITE-004,2024-03-16T00:00:00Z, spill ,Low,90.7,Father night into good fill southern without often.,Third-party Damage,2.6,Under Investigation
INC-03238,SITE-004,2025-04-16,NEAR MISS,Low,89.1,Painting machine its computer world carry less character.,Material Fatigue,21.7,Closed
INC-01542,SITE-006,2024-04-15,Spill,Critical,47.6,Game film sister fast interesting affect summer you.,Third-party Damage,3.5,Closed
INC-05015,SITE-004,03/15/2025,Near Miss,Low,81.3,Such friend action case able manager game others store baby beautiful democratic operation analysis like general experience him allow American.,Valve Failure,8.0,Open
INC-02554,SITE-005,2024-06-03,Fire,Low,93.6,Threat both onto tree movement author nor everyone new.,Sensor Malfunction,1.6,Open
INC-03818,SITE-006,2024-11-10,Equipment Failure,Medium,68.7,Sometimes system their finally join ten plant decade commercial statement yourself street.,Sensor Malfunction,4.2,Closed
INC-02937,SITE-003,2024-07-31,Spill,Critical,49.5,Everybody system certainly difference little training throughout hold move necessary accept four list cell believe true water art.,Sensor Malfunction,14.2,Under Investigation
INC-05213,SITE-002,22-Jan-2025,Spill,Low,87.4,The rate peace buy finish relate southern sign trade.,Corrosion,21.1,Under Investigation
INC-05406,SITE-001,2026-06-08,Equipment Failure,Medium,84.9,Decade red quickly with base happy reveal way key husband create learn able.,Third-party Damage,31.3,Closed
INC-00173,SITE-002,2025-11-25,Spill,Low,96.1,Be bank despite month point inside color check around amount.,Sensor Malfunction,1.1,Open
INC-01650,SITE-002,09-Jan-2024,Equipment Failure,Low,87.5,Late responsibility weight hard always move eight summer relationship site general.,Operator Error,7.9,Open
INC-03630,SITE-006,2026-02-04,Near Miss,Low,82.1,Theory daughter believe time hope large point attorney fight paper provide senior believe paper art.,,8.3,Open
INC-05979,SITE-005,2025-02-24,Spill,Medium,76.1,Off right heart lawyer camera especially thousand none give model man something interview fire.,Valve Failure,3.3,Under Investigation
INC-01703,SITE-003,2026-07-21,Leak,Critical,39.3,Significant poor hot action career machine example billion talk toward require business international either.,Corrosion,11.8,Closed
INC-03871,SITE-002,2023-12-03,Equipment Failure,High,56.1,Can national customer official impact husband.,Corrosion,10.1,Closed
INC-01842,SITE-006,2025-03-22,Leak,,71.0,Decision general be election level nor fall fight factor somebody poor reach.,Corrosion,3.3,Closed
INC-00470,SITE-006,2026-06-04,Minor Spill,Medium,69.0,Go build ahead leg happen hundred home present leave write cover learn stock have.,Operator Error,5.9,Under Investigation
INC-05000,SITE-002,2025-08-12T00:00:00Z,Spill,Medium,75.5,May thank different air protect character always wrong not chance life name.,Valve Failure,6.3,Closed
INC-04426,SITE-004,2024-06-11,,Medium,73.5,Against determine million professional recently doctor think continue low big.,Material Fatigue,14.0,Closed
INC-02174,SITE-004,2026-06-06,Leak, medium,85.8,Room home with range add check though house finally.,Operator Error,6.4,Closed
INC-04618,SITE-005,2025-02-05,Fire,Medium,73.1,Team factor much note true investment.,Third-party Damage,5.4,Closed
INC-04046,SITE-006,2024-09-24T00:00:00Z,Spill,High,72.4,Republican interview choice north decision perform hold financial team try hope.,Third-party Damage,2.6,Open
INC-05283,SITE-006,29-Sep-2025,Equipment Failure,Critical,44.2,Democratic poor add there half mind explain big.,,4.6,Under Investigation
INC-05538,SITE-005,08/02/2024,Fire,High,53.9,Number indeed religious outside reflect three.,Operator Error,4.6,Closed
INC-01315,SITE-003,27/02/2024,Leak,Critical,49.5,Talk administration process heavy bill doctor tax above usually.,Third-party Damage,13.6,Closed
INC-05358,SITE-005,2026-03-14,Fire,MEDIUM,80.4,Would month head away mind series page seem thought knowledge education front Republican after risk.,Corrosion,6.1,Under Investigation
INC-04600,SITE-003,2026-07-21,Equipment  Failure,Medium,74.9,Military face visit argue trade radio school leader.,Operator Error,18.4,Closed
INC-02836,SITE-004,2024-05-02,Leak,Low,98.0,Head hope budget house performance leave each.,Material Fatigue,4.7,Closed
INC-00779,SITE-003,17/12/2023,Near Miss,Low,83.2,Claim trip growth suffer eight fire available.,Valve Failure,5.5,Open
INC-04849,SITE-003,2026-06-13,Spill,High,50.2,We why avoid about.,,18.7,Open
INC-02078,SITE-004,2023-08-29T00:00:00Z,Equipment Failure,Low,79.4,Reach measure consumer never range north.,Valve Failure,3.9,Open
INC-03608,SITE-003,2025-03-04,Equipment Failure,Low,77.5,Wide case us during store item meet respond agency.,Operator Error,6.7,Under Investigation
INC-04454,SITE-005,2024-02-06,Leak, Low,88.2,Send front model about hospital.,,18.8,Open
INC-02887,SITE-003,2025-12-13,Fire,MEDIUM,74.9,Must particularly participant to senior agreement most church drive.,Material Fatigue,14.8,Open
INC-05257,SITE-002,2024-03-03,equipment failure,Medium,80.1,Value end chance she most others take see there.,Sensor Malfunction,8.2,Closed
INC-03787,SITE-005,2023-11-22,Fire,High,55.8,Player total tell particularly run and bag.,Valve Failure,14.4,Closed
INC-05523,SITE-006,2024-12-14,Leak,high,57.8,Ground today building staff maintain security sit any miss street back stock increase nor court the.,Operator Error,5.8,Under Investigation
INC-00639,SITE-001,2025-01-21,Near Miss,Medium,83.2,Machine tend baby enough especially skin spend member grow middle pattern cup.,Corrosion,9.3,Under Investigation
INC-01244,SITE-005,2025-02-24,Equipment Failure,Medium,81.0,Water police out medical reveal character player project itself officer trip old network amount.,Corrosion,6.8,Closed
INC-02537,SITE-001,2024-11-11,,medium,76.7,These world moment nature probably tend information.,Operator Error,11.0,Open
INC-00335,SITE-005,2026-04-08,Equipment Failure,Low,82.1,Off language teach task finish woman court data interview until it either.,Corrosion,3.6,Closed
INC-04783,SITE-002,29-Aug-2025,Near Miss,High,69.1,City phone how dark section put young action happy provide.,Material Fatigue,7.9,Closed
INC-00665,SITE-004,2025-07-13,Fire,High,52.7,Always action that between president occur drop.,Valve Failure,20.7,Under Investigation
INC-05201,SITE-003,2025-06-09,Near Miss,Medium,74.5,Suggest small win give theory production there simple maybe ask read material.,,5.3,Open
INC-05879,SITE-006,2026-05-23,Leak,Critical,23.1,Southern less take really behind interesting visit sea make establish figure should.,Operator Error,4.4,Open
INC-05561,SITE-003,2025-12-04,Near Miss,Medium,76.1,Teach scene success for.,Operator Error,0.2,Open
INC-00570,SITE-005,2023-11-08,Fire,Medium,71.3,Identify structure medical adult wide.,Valve Failure,11.7,Closed
INC-01181,SITE-001,2024-10-02,Spill,low ,95.7,However not look drop rock tree.,Operator Error,8.3,Closed
INC-05099,SITE-002,2023-12-29,Near Miss,Medium,71.7,Front right others allow both first agreement explain nice public generation later.,Valve Failure,5.2,Under Investigation
INC-02553,SITE-001,2025-05-06,Leak,HIGH,61.2,Former since represent teacher see treat magazine cause box miss miss deep around result sign project part girl office.,Sensor Malfunction,9.6,Closed
INC-05242,SITE-003,2023-08-12,Near Miss,,63.2,Form state history add western.,Third-party Damage,13.5,Closed
INC-00476,SITE-004,2024-11-21,Near Miss,Medium,78.2,Think mean day authority although feel.,Material Fatigue,5.4,Open
INC-05637,SITE-002,2026-03-30,Fire,Low,93.2,Keep son relate common plan store idea number somebody market for community better yourself instead.,Corrosion,19.3,Open
INC-00889,SITE-006,2024-02-02,Equipment Failure,High,69.1,Tell out heart expect dark current accept continue.,Material Fatigue,8.5,Open
INC-04864,SITE-005,2024-09-12,Equipment Failure,Low,96.5,Traditional friend their suddenly house vote.,Corrosion,4.9,Under Investigation
INC-04414,SITE-006,09/20/2024,Fire,low ,85.5,Nature view million reality hot paper audience enter stuff develop sure.,Sensor Malfunction,11.9,Under Investigation
INC-05794,SITE-002,2024-05-25,Spill,LOW,81.6,Current five class model agree order.,Operator Error,7.7,Under Investigation
INC-02615,SITE-004,2026-07-17,Near Miss,Medium,84.2,Fly season choice guy later both growth pretty.,Material Fatigue,8.9,Open
INC-01522,SITE-005,2025-04-27,Equipment  Failure,Low,87.2,Interest federal nor education enough program its many leg blood mention.,Valve Failure,2.6,Under Investigation
INC-04700,SITE-006,2026-07-18,Leak,High,52.1,Land go level very me personal sort government.,Corrosion,22.1,Open
INC-01615,SITE-002,2024-03-15,spill,Low,87.1,Training particular find professor particularly human sit use on school.,,9.9,Under Investigation
INC-00396,SITE-004,2024-06-11,Fire,Medium,73.8,Lay international middle recently week major girl plan.,Third-party Damage,8.6,Closed
INC-04176,SITE-006,2024-02-08,Equipment Failure,Critical,40.9,Read record almost role leave possible future compare.,Material Fatigue,2.8,Open
INC-00674,SITE-006,2026-01-08,Spill,High,53.2,Idea culture conference how.,Operator Error,9.7,Open
INC-04927,SITE-005,2026-04-01,,Medium,75.2,Process weight five note skill moment interesting option.,Sensor Malfunction,11.2,Under Investigation
INC-00623,SITE-001,2023-10-01,Spill,Lo,90.7,Field game draw collection form pay race act property myself fly left.,Sensor Malfunction,1.9,Open
INC-04295,SITE-003,2025-06-12,Equipment Failure,,63.0,Reality idea hear including whom party.,Corrosion,12.6,Under Investigation
INC-05169,SITE-005,2025-02-19,Equipment Failure,Medium,89.9,Join reduce action west citizen school large find star mouth business account trip green public recent.,Operator Error,14.4,Closed
INC-00124,SITE-005,03/27/2026,Fire,High,75.6,Forward within nor money some deal again.,Operator Error,4.5,Open
INC-02689,SITE-006,2023-07-24,Near Miss,High,60.9,Others discussion economy source thing culture.,Operator Error,7.1,Closed
INC-03514,SITE-005,2026-05-29,Fire,Critical,39.8,Catch through interview anything Mr near main skin score skill accept.,Material Fatigue,3.6,Open
INC-05908,SITE-003,2025-10-31,Leak,Medium,74.5,Wife class his me evening might reason only major.,Material Fatigue,11.5,Closed
INC-00588,SITE-005,2024-03-09,Near Miss,Medium,71.0,Them pretty study likely front future there.,Third-party Damage,15.6,Closed
INC-01856,SITE-003,11/11/2024,Leak,,70.5,Everyone side note item message dog.,Sensor Malfunction,19.6,Under Investigation
INC-00520,SITE-001,2026-06-09,Near Miss,Low,86.3,Alone from no process later member mention some body building along son space local environment personal use.,Material Fatigue,4.2,Open
INC-00776,SITE-005,2024-05-29,Near Miss,High,64.4,Paper edge soldier court science sit night travel fire add view gun relate hand through and.,Sensor Malfunction,6.2,Under Investigation
INC-03226,SITE-004,01/18/2025,Near Miss,low ,90.2,Our money sing reduce sport approach gas.,Operator Error,12.5,Closed
INC-02445,SITE-002,2023-11-23,Equipment Failure,LOW,92.5,Police picture step go fish contain animal continue car walk inside environmental morning so quickly marriage.,Sensor Malfunction,2.6,Open
INC-05426,SITE-006,2025-05-17,Leak,High,58.7,None teacher worker where three play.,,3.8,Open
INC-03264,SITE-002,2025-01-31,Near Miss,Medium,62.6,I late join upon benefit black affect lawyer conference describe daughter.,Third-party Damage,7.7,Under Investigation
INC-01142,SITE-004,2025-04-01,Near Miss,Medium,67.6,These role foreign different age push standard usually use book push factor.,Operator Error,13.2,Under Investigation
INC-02335,SITE-003,2023-11-16,Spill,High,47.3,Audience sit could agreement guess defense would Democrat growth.,,7.8,Under Investigation
INC-05007,SITE-004,2023-07-27,Spill,Medium,75.5,Director crime wonder ten own less hand hard.,Operator Error,3.8,Open
INC-00187,SITE-003,2024-01-22,Leak,Critical,39.1,Usually test Republican Republican play stage bed including call identify state somebody.,,2.9,Under Investigation
INC-02504,SITE-001,2023-09-12,Near Miss,high,59.7,Relationship add author look care protect best.,Valve Failure,2.7,Under Investigation
INC-01470,SITE-003,2024-04-04,Fire,Critical,48.1,Environment science information pretty she once according.,Operator Error,14.4,Under Investigation
INC-01107,SITE-006,2025-09-04T00:00:00Z,Near Miss,Medium,78.8,Most send must go who modern.,Sensor Malfunction,3.1,Under Investigation
INC-00557,SITE-006,2025-08-13,Leak,low,93.5,Within stock thus show.,Corrosion,3.5,Closed
INC-05667,SITE-006,2024-11-06,Fire,Critical,30.7,Without worry serious hotel minute time executive throughout American subject every set big with good material.,Sensor Malfunction,7.6,Under Investigation
INC-03020,SITE-002,27-Nov-2025,Equipment Failure,High,47.6,Fill film stop share responsibility yard day.,Third-party Damage,2.2,Open
INC-01454,SITE-002,2026-02-19T00:00:00Z,Near Miss,Medium,76.5,White relate every have born successful modern news bill side.,Third-party Damage,1.4,Open
INC-01825,SITE-003,2025-09-11,Equipment Failure,,69.8,Sit thought speech just meet cause become present.,Sensor Malfunction,19.3,Closed
INC-05087,SITE-004,2023-12-05,Leak,Medium,74.9,Strategy fill past song start prevent among.,Sensor Malfunction,11.8,Closed
INC-01695,SITE-005,06/20/2025,Near Miss,Low,82.8,Green really compare husband local evening owner tend.,,8.0,Open
INC-03727,SITE-006,2023-09-15,Near Miss,Medium,73.2,Others participant start.,Valve Failure,4.6,Closed
INC-04329,SITE-004,10/02/2024,Fire,Low,90.8,Treatment agree across conference.,,13.2,Under Investigation
INC-05592,SITE-002,2025-05-27,Equipment Failure,Low,89.4,Rule thus general realize about adult service begin reveal entire different adult the nature test series.,Material Fatigue,14.7,Under Investigation
INC-05923,SITE-001,11/11/2023,,Low,97.1,Physical key along seat community individual student minute.,Third-party Damage,14.9,Open
INC-00454,SITE-005,25-Jun-2025,Leak,Medium,74.0,Notice young how garden thus attorney expert way space.,Corrosion,7.3,Open
INC-05130,SITE-003,2023-10-02,Fire,high,61.0,Require Mrs wall lawyer vote behind Mr team wish return join get white small least candidate eight.,Sensor Malfunction,6.5,Under Investigation
INC-00381,SITE-002,2024-11-25,near-miss,High,63.8,Claim top collection performance white across newspaper others range discussion education remember PM among sea country dinner.,Sensor Malfunction,4.2,Closed
INC-04406,SITE-004,2024-06-15,Spill,Medium,72.6,At she huge plan.,Third-party Damage,9.1,Open
INC-05085,SITE-004,2026-09-15,Equipment Failure,High,54.3,Born plant several plan.,Material Fatigue,6.0,Open
INC-01981,SITE-005,2024-07-12,Equipment Failure,High,65.4,Newspaper training generation fill brother hospital collection tax body her among majority compare both seat place go director.,,8.1,Closed
INC-03511,SITE-003,31/10/2024,Leak,High,43.0,Miss ahead suggest imagine building debate clearly challenge head third manager improve material land price final.,Material Fatigue,2.8,Open
INC-00428,SITE-004,2023-08-08,Near Miss,High,49.9,Impact such main could laugh why power.,Valve Failure,9.6,Closed
INC-00402,SITE-002,2024-05-09,Leak,medium,65.0,Lay summer act push where teacher recent sister down federal site rest strategy own simple both heart close.,Operator Error,10.5,Closed
INC-02161,SITE-005,2025-06-18,Near Miss,Medium,71.7,Prepare process reason good plant somebody account low return field far.,Sensor Malfunction,7.2,Open
INC-01745,SITE-003,2026-07-07,Near Miss,High,53.0,Occur nearly account camera attention spend kid service provide your already toward discuss but through increase lot skin one.,Material Fatigue,6.1,Under Investigation
INC-02989,SITE-003,2026-01-06,Spill,Critical,39.2,Policy industry future affect agreement seek situation.,Valve Failure,15.0,Closed
INC-04235,SITE-006,2026-03-07,Fire,High,52.2,Least realize summer bad book produce sense.,Third-party Damage,16.9,Under Investigation
INC-02289,SITE-003,2025-04-30,Spill,Low,75.3,Growth study must reach black lot describe really.,Third-party Damage,18.1,Under Investigation
INC-02179,SITE-001,2025-03-08,Equipment Failure,Medium,78.2,Pass goal play our voice close how teacher growth join near artist.,,7.9,Open
INC-01534,SITE-006,2026-07-16,Spill,High,62.4,To level thought series since collection interview resource.,Material Fatigue,11.2,Under Investigation
INC-01730,SITE-003,2024-03-29,Leak,Critical,43.1,Power anyone fear training rather ability serious vote career office ever music forward.,Valve Failure,7.6,Closed
INC-04458,SITE-006,2026-09-14,Leak,High,45.9,Low three manager thought next the family truth network anyone Mrs.,Corrosion,2.2,Open
INC-04248,SITE-001,2025-10-07,Leak,High,65.6,Also base crime idea door rate research chair how own trade early growth under decide question who.,Material Fatigue,9.2,Open
INC-04136,SITE-001,2025-05-10,,Medium,86.9,Allow art near season.,Operator Error,4.7,Open
INC-02262,SITE-004,2024-01-07,Near Miss,Low,96.9,Only after affect bad claim affect artist often message agency wait board executive skin poor similar part.,Operator Error,3.4,Closed
INC-00094,SITE-003,2026-07-10,Leak,Critical,48.1,Start foreign collection around modern.,,3.3,Closed
INC-00486,SITE-006,2023-12-31,Near Miss,High,66.5,Maintain data citizen less big television seem claim.,Corrosion,5.3,Under Investigation
INC-02499,SITE-001,13/10/2023,Near Miss,Medium,67.7,Must try space still fast model leave hour think.,Sensor Malfunction,17.1,Closed
INC-05566,SITE-001,2024-09-23,Equipment Failure,Low,83.7,Painting personal wife first.,Material Fatigue,4.0,Closed
INC-03826,SITE-004,2023-07-28,Spill,Low,89.9,Station capital room system hand ten under today performance spend.,Valve Failure,7.1,Open
INC-00191,SITE-003,2023-08-07,Equipment Failure,High,51.0,Need beat forget worker eat.,Corrosion,14.0,Closed
INC-02035,SITE-003,26-Aug-2024,Equipment  Failure,High,58.5,Strategy spend campaign along new even bed the they kind.,,0.4,Closed
INC-00613,SITE-003,2025-07-07T00:00:00Z,Leak,Critical,35.0,Laugh force report program table.,Operator Error,6.3,Open
INC-03185,SITE-003,2026-02-11,Spill,Critical,38.9,Indeed together rather area central baby police.,Operator Error,0.4,Under Investigation
INC-03397,SITE-004,2024-01-15,Spill,Low,89.2,Another along long news month common politics.,Material Fatigue,11.8,Open
INC-02599,SITE-005,07/07/2025,Near Miss,Medium,86.7,Likely follow area through various example industry example.,Valve Failure,5.7,Closed
INC-01705,SITE-003,2023-11-11,SPILL,Critical,39.3,Decide in character happen anyone trade start very seven.,,17.0,Closed
INC-00376,SITE-005,2025-04-05,Near Miss,Low,96.5,Help work too or ability to computer.,Third-party Damage,9.7,Open
INC-03407,SITE-006,2024-11-12,Spill,Critical,14.1,Government including professional anything garden side girl.,Operator Error,2.4,Open
INC-01621,SITE-006,2025-09-12,Leak,High,60.8,Child third others simple arrive choice staff training as many she machine first century on particular exactly.,Sensor Malfunction,2.7,Open
INC-05078,SITE-005,2025-03-02,Spill,Low,92.9,Firm everybody ready someone as ahead list raise current order particular.,Corrosion,8.5,Under Investigation
INC-05666,SITE-003,2026-01-27,Fire,Critical,30.2,Attorney soon successful last analysis voice set image do.,Corrosion,16.6,Under Investigation
INC-01520,SITE-004,2024-07-31,Near Miss,,64.4,Role card western apply economic at card miss employee boy hospital real brother.,Sensor Malfunction,5.9,Closed
INC-04486,SITE-004,2025-11-27,Near Miss,Critical,63.7,Space cold local along low full.,Valve Failure,9.6,Under Investigation
INC-00496,SITE-002,2025-05-04,Leak,Medium,69.1,Green almost American happy discover bar senior there instead.,Valve Failure,2.7,Open
INC-01143,SITE-003,2023-11-19,Leak,High,80.8,Senior free sea table approach none east huge degree peace happen.,Operator Error,34.9,Open
INC-04599,SITE-005,2023-12-20,Fire,Critical,56.3,Democrat part center hit do every if not science should room so now set company.,Operator Error,2.0,Closed
INC-02483,SITE-006,2025-09-11,Leak,Medium,63.1,Instead situation worry second quality we senior theory relationship despite whatever mission.,Sensor Malfunction,6.2,Closed
INC-04827,SITE-004,2024-06-03,Spill,Medium,76.5,Want over professional these four tough close list me series garden full admit light government.,Material Fatigue,3.8,Under Investigation
INC-02342,SITE-006,2025-05-28,Leak,Critical,57.9,Instead day region affect notice provide apply shake explain both American resource.,Operator Error,7.3,Closed
INC-04319,SITE-001,2026-03-04,Equipment Failure,Medium,79.7,Speech record to street task her manage this receive ground lose trial stay.,Operator Error,4.0,Under Investigation
INC-01041,SITE-001,2024-06-08,Equipment Failure,Medium,80.3,Study view his individual defense attack care guess wide assume either appear.,,19.1,Under Investigation
INC-00306,SITE-003,26/12/2025,leak,High,50.3,Relate direction wonder next paper also ever himself word.,Material Fatigue,10.9,Open
INC-03212,SITE-005,2026-01-07,Near Miss,Low,100.0,Late tell piece however so officer account she.,Material Fatigue,3.2,Open
INC-02813,SITE-005,2024-10-19,SPILL,High,83.6,Prevent take education hundred experience sit sign thank daughter high husband every nice member we too suffer light blood.,Material Fatigue,8.2,Closed
INC-01547,SITE-004,2026-07-15,Spill,Low,85.7,Reflect indeed newspaper summer loss college analysis apply strategy stop stage half.,,5.6,Open
INC-00405,SITE-003,2024-05-07,Leak,Medium,71.2,Always control raise tax gas ask suggest.,Corrosion,10.6,Open
INC-00217,SITE-006,26/06/2024,Spill,Medium,59.5,Always opportunity owner him others control.,Corrosion,6.1,Closed
INC-05782,SITE-004,08-Dec-2023,Spill, medium,78.5,Month share home apply a.,Corrosion,5.5,Open
INC-00791,SITE-003,2024-08-30,Spill,Crit,49.6,Drug interest manager figure above throughout economy turn father social.,Operator Error,0.6,Open
INC-03524,SITE-002,2023-10-12,Fire,Medium,73.9,Series summer perform quality.,Corrosion,8.8,Open
INC-00257,SITE-001,2024-07-19,Fire,Critical,67.0,Be hotel despite sign mission experience song administration record catch.,Valve Failure,15.9,Closed
INC-05342,SITE-003,2025-07-28,Leak,High,53.8,Manage large rich everyone respond similar particularly crime stay whom.,Sensor Malfunction,6.5,Under Investigation
INC-01385,SITE-005,2023-10-03,Fire,Medium,76.1,Us door choice recently meeting you available star tax director respond from.,Valve Failure,2.0,Under Investigation
INC-00467,SITE-003,2024-04-17,Leak,Low,89.7,Policy throw enough certainly understand military with edge section long age raise animal yet environmental car positive detail.,,2.6,Closed
INC-05501,SITE-003,12/10/2025,Leak, High,75.3,Most voice view exactly commercial travel minute claim will international.,Valve Failure,6.4,Under Investigation
INC-00706,SITE-005,2024-06-23,Leak,Critical,26.0,Case kid entire protect manager fact respond chance yard race.,Valve Failure,2.4,Closed
INC-02009,SITE-002,26/05/2024,,Medium,64.1,Network development provide everyone serious include blood individual whether.,Corrosion,3.6,Under Investigation
INC-02091,SITE-001,2025-10-12,Near Miss,Medium,60.8,Trade better room fly necessary issue help area so moment rise night represent I drop trouble charge best trial.,Corrosion,7.4,Open
INC-05220,SITE-005,2024-09-27,Fire,Low,89.5,Also future she throughout body allow radio vote note meeting this than floor.,Operator Error,0.7,Open
INC-00742,SITE-004,2023-11-11,Leak,HIGH,56.6,Amount cell important example ready old.,Valve Failure,2.9,Open
INC-05683,SITE-004,2025-04-20,Equipment Failure,Medium,59.6,Poor grow peace worry style morning hot small them add car new subject begin image institution.,Valve Failure,2.4,Open
INC-02332,SITE-006,2025-02-07,Leak, High,68.9,Spend figure person painting explain help term professor contain how total effect I stay factor raise citizen born.,,5.9,Open
INC-03566,SITE-006,2023-07-28,Spill,High,60.8,Southern degree those argue hold place now modern threat wonder.,Sensor Malfunction,12.4,Under Investigation
INC-05795,SITE-003,14/05/2024,Spill,Critical,70.2,Unit car surface dream maintain feeling half even report direction research.,,11.3,Under Investigation
INC-05827,SITE-005,2023-09-16,Fire,High,67.1,Prevent factor federal challenge and positive father.,Third-party Damage,3.1,Open
INC-04228,SITE-002,2024-08-11,Spill,Lo,72.3,Resource purpose rest out set culture like.,Third-party Damage,2.6,Under Investigation
INC-03872,SITE-006,2024-05-13,Near Miss,Critical,49.5,Wrong pressure traditional step third hundred natural vote level.,Valve Failure,7.6,Closed
INC-05072,SITE-006,2024-09-13,Leak,High,63.4,Support last ball while computer make art course.,Corrosion,4.7,Closed
INC-04961,SITE-005,2025-12-11,Near Miss,Medium,67.9,Practice business any out describe part bank single manager than determine although.,Sensor Malfunction,6.6,Open
INC-02066,SITE-001,2025-03-26,Leak,High,58.6,Quite cup door usually walk late leader.,Sensor Malfunction,10.9,Under Investigation
INC-02922,SITE-003,2025-01-10,Near Miss,High,50.8,As other ever low car too hand book media to.,Sensor Malfunction,12.3,Open
INC-03928,SITE-001,2023-08-10T00:00:00Z,Equipment Failure,High,78.4,Somebody continue kind minute big it.,Operator Error,4.9,Closed
INC-04963,SITE-005,2024-03-04,Near Miss,High,84.2,Take catch opportunity say head reason experience piece themselves west provide none receive you evidence.,Valve Failure,5.8,Under Investigation
INC-00526,SITE-003,2026-06-30,Spill,Hi,52.6,Region up three as senior base political throw start trade box.,Corrosion,5.2,Open
INC-01264,SITE-002,2024-08-13,Spill,High,65.3,Form bank while one resource recently laugh five outside place where system evidence stock money cover.,Third-party Damage,6.5,Under Investigation
INC-05502,SITE-004,2025-11-15T00:00:00Z,Equipment Failure,Low,89.2,Single body push dark training bring across whatever wall house soldier article throw.,,11.0,Closed
INC-03840,SITE-006,2026-04-08,Near Miss,Medium,69.5,Research despite apply along white two how pull very kind.,Third-party Damage,9.9,Closed
INC-04952,SITE-006,2025-04-02,Near  Miss,Medium,83.5,Machine lawyer food reduce science from quality part least certainly administration space or.,Valve Failure,3.6,Under Investigation
INC-00860,SITE-004,05/09/2024,Equipment Failure,Medium,86.7,Form create film almost knowledge final.,Operator Error,1.9,Open
INC-00455,SITE-002,2025-09-28,Spill,Low,79.8,Indicate pay sort detail forget air station hard according.,Valve Failure,2.9,Open
INC-05264,SITE-004,2025-07-08,Near Miss,Low,86.7,Trial first somebody save capital lose Democrat.,,13.7,Closed
INC-05599,SITE-006,04/09/2023,Equipment Failure,Critical,39.0,Next carry include mind behavior owner whatever.,Sensor Malfunction,5.5,Open
INC-03059,SITE-002,2025-04-29,Equipment Failure,High,55.4,Record spring investment if total civil.,Material Fatigue,5.7,Under Investigation
INC-01519,SITE-006,2025-05-05,Leak,MEDIUM,68.1,Decide heart win wide scientist citizen box drop American other seven.,Material Fatigue,3.6,Closed
INC-05396,SITE-002,2025-12-13,Equipment Failure,Medium,81.6,Choose and improve west south care else.,,10.6,Open
INC-05035,SITE-001,08/18/2024,Equipment Failure,Critical,49.8,Wish information mention citizen character share respond.,Valve Failure,1.3,Closed
INC-01733,SITE-001,11/02/2024,Equipment Failure,Medium,73.8,Begin certain mission large ready you above.,Third-party Damage,0.6,Under Investigation
INC-04002,SITE-005,2025-10-08,Leak,Low,91.5,Man lawyer pay source too red character many government.,Material Fatigue,14.1,Open
INC-02621,SITE-002,2026-03-10,Fire ,Medium,66.7,The time article organization back.,,9.7,Open
INC-03673,SITE-002,2025-11-29,Near Miss,High,48.9,Usually window population style dinner media put best police everybody nature magazine majority able line.,Material Fatigue,4.5,Open
INC-01782,SITE-003,2026-07-18,Fire,Low,83.7,Security few agent real base space force institution else tend.,Operator Error,10.1,Open
INC-04760,SITE-002,2024-05-20,Near Miss,low,83.6,Price occur sometimes he style quickly media computer notice life continue.,Third-party Damage,6.4,Open
INC-04541,SITE-002,2024-11-19,Near Miss,Low,74.5,Animal get nature return life race.,Operator Error,8.1,Closed
INC-01238,SITE-006,2026-04-27,Spill,High,63.9,Card work hospital sound see cultural month girl spring.,Third-party Damage,8.9,Under Investigation
INC-03876,SITE-003,2024-10-27,Fire, Critical,62.4,Partner animal lay budget response everybody read end ask hour must ask wide last mention year.,Corrosion,24.1,Open
INC-01843,SITE-002,2024-04-21,Leak, medium,88.1,Prepare growth deep job home foot out quickly expert give.,Valve Failure,17.5,Closed
INC-04547,SITE-004,2025-10-20,Near Miss,Low,85.2,Us child response run close movement feel dinner she.,Third-party Damage,12.2,Closed
INC-02195,SITE-006,08/17/2023,Fire,Critical,47.8,Imagine gun door resource sport health it.,Material Fatigue,3.2,Under Investigation
INC-03454,SITE-006,2026-02-11,Spill,Medium,72.6,Suggest child employee focus ago.,Valve Failure,28.9,Open
INC-00627,SITE-003,2023-10-26,Leak,Medium,67.7,Military yourself much fire pick from direction course southern key near phone technology technology dog the drop.,,4.6,Open
INC-01123,SITE-002,2025-05-19,near miss,Low,91.0,Party employee yourself official wish thank himself require.,Operator Error,19.8,Open
INC-02661,SITE-001,11/20/2023,Near Miss,low,81.4,Night example industry movie his easy possible.,Corrosion,15.1,Under Investigation
INC-01256,SITE-003,2025-06-04,Near Miss,crit,59.0,Leader must dinner hair across item easy vote should arrive I.,,4.8,Open
INC-03093,SITE-005,25/05/2024,Spill,Low,79.1,Operation heavy suffer key.,Valve Failure,14.1,Closed
INC-05727,SITE-005,2026-05-19,Near  Miss,Medium,85.2,Attack report material they economy owner opportunity customer.,Operator Error,8.4,Under Investigation
INC-02798,SITE-003,2026-02-21,Leak,Medium,68.4,Popular rule product Congress let investment dinner moment create inside realize two.,Sensor Malfunction,9.7,Under Investigation
INC-02875,SITE-004,15-Jan-2025,Equipment Failure,low,82.9,Floor within indicate loss its.,Third-party Damage,2.9,Under Investigation
INC-02632,SITE-005,2025-08-18,Equipment Failure,High,67.5,Recognize safe second agreement medical simply police image.,,22.1,Under Investigation
INC-02777,SITE-002,2025-10-28,,Medium,74.4,Start race bed determine share again low require miss staff between will some now report indicate during officer skill.,,1.4,Open
INC-05663,SITE-003,2023-11-07,Spill,High,58.9,Poor ability tree certainly million inside attack official hold.,Third-party Damage,3.7,Open
INC-03956,SITE-004,12/03/2025,Equipment Failure,Medium,72.1,Check director room near police hundred at foot office teacher true mean.,Operator Error,4.1,Open
INC-01673,SITE-005,2024-05-14,Spill,Low,90.2,Worry hour image capital fund rich stop allow method spring simply economy use quality chair it ahead husband.,Material Fatigue,20.2,Open
INC-04990,SITE-005,2026-04-02,Equipment Failure,High,56.9,Number executive onto treatment strategy speak rock generation be.,,21.9,Open
INC-00079,SITE-004,2026-02-24,Near Miss,Medium,81.6,Forward commercial day television four despite remain design movie which.,,13.2,Closed
INC-01799,SITE-006,2024-06-01,Spill,High,74.4,Everybody democratic next population movie toward over weight find.,Third-party Damage,4.6,Open
INC-05786,SITE-002,2025-09-06,Equipment Failure,Medium,71.3,Wind view let former water mission possible.,,6.3,Open
INC-04022,SITE-003,2025-02-05,Spill,Critical,44.7,Or institution painting project suffer board establish Congress represent perhaps likely let finally music fish race town owner.,Operator Error,9.9,Closed
INC-03034,SITE-001,2026-08-26,Near Miss,,61.0,Election yourself chair might same ground wish season.,,1.5,Open
INC-02971,SITE-001,2025-06-20,Near Miss,Medium,70.7,Them discuss why throughout right story effect long record they.,Corrosion,1.0,Under Investigation
INC-05931,SITE-001,2026-03-03,Fire,Low,83.2,Early record personal close feeling recognize wonder white among minute cost clear.,Material Fatigue,17.3,Open
INC-02701,SITE-001,27-Jan-2024,Fire,Medium,72.5,Research investment college idea particularly partner.,Material Fatigue,14.5,Open
INC-01103,SITE-003,14-Mar-2026,Fire,low ,80.0,Level with crime protect attention civil again.,Valve Failure,3.4,Open
INC-01165,SITE-001,2025-05-11,Fire, Critical,52.4,Knowledge action better cell purpose shake market society finally only enjoy.,Corrosion,6.1,Under Investigation
INC-05689,SITE-006,2026-09-29,Leak,High,60.5,Everyone charge from series cold.,Valve Failure,14.9,Under Investigation
INC-01602,SITE-006,2024-07-28,Near Miss,Hi,67.0,Establish everybody position happen doctor into.,Third-party Damage,6.4,Under Investigation
INC-00321,SITE-006,2025-01-31,Spill,Critical,30.1,Quality discover local local fill piece.,Corrosion,11.0,Closed
INC-02291,SITE-006,2025-10-08,Spill,Medium,75.7,Night money market fire it until effort.,Sensor Malfunction,7.4,Open
INC-01694,SITE-006,2024-08-02T00:00:00Z,Fire,Low,85.6,Skill somebody will home begin arm all we book.,Material Fatigue,6.5,Under Investigation
INC-02809,SITE-005,2025-12-25,Leak,Medium,81.5,Treat rate help collection sit.,,15.1,Closed
INC-02353,SITE-001,2024-12-12,Spill,Low,77.9,Step gun question nearly.,,1.6,Under Investigation
INC-04656,SITE-001,2025-01-27,Near Miss,Medium,70.5,Pick poor daughter hard over operation small.,Third-party Damage,9.6,Closed
INC-02434,SITE-004,04/03/2026,Near  Miss,Medium,63.8,Blue which somebody guy not.,Operator Error,5.5,Closed
INC-02686,SITE-004,2024-10-10,Fire,Medium,62.4,Nor wide break consumer accept order.,Sensor Malfunction,13.5,Closed
INC-05221,SITE-003,2024-09-14,Leak,Critical,33.9,Moment media picture student wind anyone responsibility power lose born.,,2.1,Open
INC-05081,SITE-001,2026-05-16,Equipment Failure,Low,97.5,Believe man other prepare paper off value part off toward base people.,Corrosion,9.8,Closed
INC-00059,SITE-005,2025-06-15,Near Miss,High,42.9,Sell similar condition director hand continue morning listen this growth.,Corrosion,13.4,Under Investigation
INC-02031,SITE-002,2024-01-12,Near Miss,HIGH,56.6,Mind third help owner Republican pressure.,Third-party Damage,22.5,Under Investigation
INC-05825,SITE-004,2025-08-04,Equipment Failure,Medium,86.0,Institution system production light five purpose some purpose.,Valve Failure,6.9,Under Investigation
INC-03607,SITE-004,21/12/2024,Equipment Failure,High,68.9,Short man military heavy training big type have vote teach administration.,Material Fatigue,1.9,Closed
INC-05572,SITE-004,15-Jul-2025,Oil Leak,Low,80.9,Space usually suggest herself ball administration guess store picture.,Operator Error,1.3,Under Investigation
INC-00409,SITE-002,2026-07-07,Near Miss,Medium,66.4,Central increase rule democratic study statement.,Material Fatigue,8.9,Open
INC-00038,SITE-001,2025-01-23,Leak,High,50.2,Effect city on research threat.,Third-party Damage,7.7,Open
INC-05590,SITE-002,2025-10-04,,Low,97.1,Top real rise road poor green bad always suddenly region author we plant several.,Operator Error,3.0,Open
INC-02641,SITE-006,2025-03-23T00:00:00Z,Fire,High,59.0,Tonight final best almost there discover present inside Republican at oil into turn wear table rest.,Third-party Damage,2.5,Open
INC-00601,SITE-002,2023-11-09,Near Miss,Low,86.3,Go drop treat necessary treatment threat cold fast stock do second action tree wish issue look network vote.,,5.7,Closed
INC-05519,SITE-002,2026-06-20,,High,55.7,Trouble with sort able light develop speech yes various produce must beautiful sure rather.,Sensor Malfunction,14.4,Open
INC-01231,SITE-003,2024-06-23,Leak,Medium,65.5,Pattern beyond tax call major few those development manager perhaps act street.,Valve Failure,8.7,Open
INC-04159,SITE-004,2025-06-14,Equipment Failure,Low,92.5,Institution without able popular few spring approach.,Third-party Damage,4.8,Under Investigation
INC-04872,SITE-003,2023-11-07,Fire,Critical,32.9,Teach thought during first image although morning democratic much bar development night truth choice.,Material Fatigue,1.8,Closed
INC-05607,SITE-001,2024-01-03,Near Miss,Low,94.5,Arm security drop early something kind brother politics.,Sensor Malfunction,14.1,Under Investigation
INC-04725,SITE-006,03/08/2024,Spill,High,38.0,Later should himself design gas central she.,Third-party Damage,9.2,Under Investigation
INC-02713,SITE-004,2024-11-08,,Low,93.8,Produce social that foot keep employee rock management than myself clearly.,Valve Failure,15.3,Closed
INC-00675,SITE-004,2024-01-08,Leak,Medium,82.9,Run standard assume rock boy speech staff all pass hospital.,Material Fatigue,18.7,Open
INC-03263,SITE-003,2025-05-04,Spill,Critical,46.2,Trade end quite finish evening that figure natural woman boy.,Third-party Damage,3.0,Closed
INC-02402,SITE-004,2023-12-27,,High,51.1,Need a computer authority so explain.,Operator Error,7.4,Open
INC-04874,SITE-002,01/11/2025,EQUIPMENT FAILURE,Critical,48.5,Energy candidate environmental discover offer remain former view at report mother.,Operator Error,14.4,Under Investigation
INC-04813,SITE-006,2024-08-25,Fire,Critical,32.9,Society vote speak certain political sure season gas million remain professor.,Sensor Malfunction,21.7,Under Investigation
INC-03028,SITE-005,2023-10-06,Spill,Medium,71.1,Office look feeling growth politics central environment opportunity edge public now.,,3.5,Open
INC-01014,SITE-006,2026-01-27,Spill,High,48.4,Else spend hand pick lot.,Operator Error,3.8,Closed
INC-01692,SITE-004,2025-05-01,Fire,MEDIUM,77.1,Mission face this account run role thus growth.,Operator Error,3.9,Under Investigation
INC-03785,SITE-006,06/05/2026,Leak,Low,93.4,Over want set TV trade appear pressure who lead.,Sensor Malfunction,3.8,Open
INC-04321,SITE-006,2025-11-15,Leak,High,53.8,Almost on ten oil road process evening find hotel them southern.,Corrosion,12.1,Under Investigation
INC-03266,SITE-005,31-Dec-2023,Near Miss,Lo,92.4,Book attention purpose perhaps.,Operator Error,13.5,Under Investigation
INC-04896,SITE-005,2026-01-03,Near Miss,Low,82.4,Travel often yet tonight realize final phone forward consider country.,Third-party Damage,4.5,Closed
INC-00988,SITE-001,2025-07-10,Near Miss,Critical,32.5,Whatever boy high agreement their suffer writer nice coach draw area serious so west something.,Corrosion,3.3,Under Investigation
INC-02152,SITE-002,2024-10-04,Leak,High,62.4,Build owner mother little country heart perhaps discover author behind.,Valve Failure,8.9,Under Investigation
INC-02084,SITE-005,09/08/2024,Equipment Failure,Critical,38.9,Here fish mission person back may first decade memory identify.,Corrosion,4.8,Under Investigation
INC-04658,SITE-004,2023-10-31,Equipment Failure,High,78.8,Head easy authority book able natural everything bed sea put institution safe process question Republican customer.,Material Fatigue,20.7,Closed
INC-01553,SITE-003,2025-03-19,Equipment Failure,High,57.0,Rule government time child large western instead suggest.,,33.6,Closed
INC-00209,SITE-006,2026-04-02,Near Miss,Critical,50.8,Conference bit modern cell that past.,Third-party Damage,11.5,Under Investigation
INC-03345,SITE-004,14-Oct-2025,Equipment Failure,Low,81.5,Necessary positive lot edge little minute authority research book room decide industry crime ball establish note.,,14.4,Open
INC-01756,SITE-002,2024-08-12,Leak,Low,91.8,Seek page offer ever main institution history door eat employee cut.,Material Fatigue,7.4,Closed
INC-03939,SITE-006,16-Sep-2023,Equipment Failure,Critical,34.2,Face factor him lead stop arrive writer know bag east study consumer spring rate hot again.,,2.7,Closed
INC-03069,SITE-005,2026-06-03,Equipment Failure,Low,84.2,Myself message upon forget listen class that every feeling.,Third-party Damage,1.9,Closed
INC-01331,SITE-002,2025-07-23,Spill,Medium,60.6,Significant night anything interview memory sure most also wind owner region.,Material Fatigue,7.3,Open
INC-00114,SITE-003,2024-12-09,Leak,Medium,65.1,Structure program next become food state relationship our work believe wide try hear bank fill just.,Material Fatigue,6.6,Open
INC-03436,SITE-001,2023-08-11,Equipment Failure,High,44.9,Fine guy kitchen response land wife price local next list increase follow difficult artist more student better.,Valve Failure,7.9,Under Investigation
INC-00788,SITE-003,2026-02-04,Near Miss,Medium,85.2,Yet only away physical whatever quite fill seven evidence official control.,Material Fatigue,1.1,Under Investigation
INC-05142,SITE-004,2023-08-26,Near Miss,Medium,86.3,Your wonder able skill current mouth.,Material Fatigue,7.1,Open
INC-02286,SITE-005,02/25/2026,Near Miss,Medium,67.8,Road various media short visit mind me our old account break owner.,Corrosion,3.8,Open
INC-00123,SITE-006,2025-11-29T00:00:00Z,Equipment Failure,,77.0,Attention car war but plan degree seat together clear catch.,Third-party Damage,7.4,Under Investigation
INC-00329,SITE-005,2023-09-19,Leak,Critical,32.7,Action decision government spring forget develop institution available who identify modern difference continue parent prevent.,Operator Error,5.4,Closed
INC-00996,SITE-001,2025-09-21,Near Miss,Hi,53.6,Theory fact mind control actually maybe exist away style investment.,Sensor Malfunction,7.3,Open
INC-04189,SITE-006,2026-02-04,Spill,High,66.4,Technology citizen example under read yeah executive.,Valve Failure,19.9,Closed
INC-05141,SITE-006,2024-08-07,Leak,High,54.1,Avoid within store hotel imagine house yes.,,3.6,Closed
INC-05950,SITE-006,2025-07-12,Equipment Failure,High,45.8,Sound say fight husband foreign care win both.,Sensor Malfunction,7.6,Under Investigation
INC-03562,SITE-004,2025-11-15,Leak, Low,83.9,Report run old break base specific radio big kid machine which fish yard increase.,Corrosion,9.1,Closed
INC-02341,SITE-003,2024-02-12,Equipment Failure,Critical,27.3,Why pressure left government rule item mother its.,Sensor Malfunction,2.0,Open
INC-03189,SITE-006,2026-06-01,Equipment Failure,High,51.8,Apply care activity state operation family serve compare how view.,Sensor Malfunction,8.9,Under Investigation
INC-01947,SITE-001,2025-11-28,Spill ,Medium,78.1,Organization our young city plant let key true their important language since.,Corrosion,9.7,Closed
INC-05699,SITE-006,2024-10-24,Equipment Failure,Low,94.0,Significant where month individual deal research when.,Corrosion,9.1,Open
INC-04645,SITE-004,2026-06-03T00:00:00Z,Near Miss,Medium,69.9,Return rate agency dream discover turn machine building message probably.,Valve Failure,5.8,Closed
INC-04297,SITE-001,2023-10-30,Equipment Failure,Hi,60.8,Blood discussion door measure culture camera behavior charge dog American his who raise.,Valve Failure,3.9,Under Investigation
INC-05619,SITE-004,2025-01-18,Near Miss,High,62.2,Ground science bar name personal matter film any both.,Corrosion,3.0,Open
INC-03414,SITE-001,05/27/2024,Equipment Failure,High,49.3,Before require while position page hope sound Congress end sure risk move respond think protect.,Sensor Malfunction,2.0,Under Investigation
INC-00330,SITE-005,2026-03-14,Equipment Failure,Low,89.0,Commercial until city base war simply car go sister.,Operator Error,7.2,Open
INC-04968,SITE-002,2025-12-13,Equipment Failure,HIGH,51.9,Gun approach us interest morning activity number recent understand research source staff degree.,,22.6,Open
INC-01674,SITE-004,2025-05-19,Spill,High,69.8,Road avoid policy wear likely agreement increase we from everyone challenge station pressure enter.,Sensor Malfunction,0.8,Open
INC-00483,SITE-002,2026-01-10,Fire,Low,85.8,Fly suggest long several law with end learn these leg hand three.,Corrosion,6.8,Under Investigation
INC-01571,SITE-004,2023-09-18,Equipment Failure,Low,91.9,Prepare occur clearly newspaper lawyer situation memory.,,3.8,Open
INC-04728,SITE-004,10-Oct-2023,Equipment Failure,Medium,70.7,Head fill will everybody apply significant understand source deal decade born tree until system unit program member ok soldier.,Corrosion,3.3,Open
INC-04919,SITE-006,2024-07-23,,High,49.5,Seven fly every outside capital research his.,Corrosion,3.7,Open
INC-03573,SITE-001,2026-05-10,Fire,Medium,78.0,Popular son although economy something natural.,Sensor Malfunction,5.0,Under Investigation
INC-04131,SITE-003,06-Aug-2023, Leak,High,58.2,Rich reach book well opportunity attack pattern professor kind whatever one model follow set at exist.,,4.7,Under Investigation
INC-02138,SITE-004,2026-03-19,Spill,Critical,21.4,What avoid fine indicate parent hospital anything business forget.,Material Fatigue,2.7,Closed
INC-01086,SITE-004,2026-09-28,Spill,Low,83.6,Station control produce both about score information tell sea executive chance movie.,Third-party Damage,9.7,Open
INC-05319,SITE-002,2025-07-17,Near Miss,Medium,74.4,Available newspaper hour leader thank design catch away significant family international partner already often account agent charge him little.,Corrosion,8.9,Open
INC-05472,SITE-005,2026-06-24,Near Miss,Low,90.5,Report leg official protect system understand citizen.,,5.0,Under Investigation
INC-05184,SITE-002,17/04/2024,Near Miss,High,52.7,House several box through either prepare hospital evidence people perform chair.,Operator Error,10.8,Open
INC-02358,SITE-004,2026-07-11,Equipment Failure,Critical,65.3,Push action suddenly within effect scene however night central worker movement whole customer authority magazine since there.,Third-party Damage,13.0,Closed
INC-03257,SITE-002,2025-07-17,Spill,High,69.7,Prevent say ahead life majority draw.,Sensor Malfunction,3.1,Open
INC-04848,SITE-006,2024-09-27,Leak,High,56.6,Green available fast current performance hour true.,Corrosion,2.3,Closed
INC-01017,SITE-001,2025-03-09,Near Miss,Medium,75.1,Its room possible but tree high smile surface.,,13.3,Open
INC-02208,SITE-002,2026-02-25,Equipment Failure,,67.0,To difficult outside fact more my laugh section music involve same.,Corrosion,3.7,Under Investigation
INC-00618,SITE-001,2025-05-12,Equipment Failure,Low,87.9,Environmental two special next outside radio while trial program a order follow notice beyond group government.,Valve Failure,12.7,Under Investigation
INC-03510,SITE-001,2025-12-24,Near Miss,Medium,66.0,Age heavy low job who step want something imagine rich lead.,,1.6,Closed
INC-03050,SITE-003,2025-12-17,Leak,High,58.7,Later case manage particularly hundred.,Operator Error,3.4,Under Investigation
INC-02899,SITE-005,2025-03-08,Fire,Med,71.7,Fine whole reflect voice get pick record customer individual however despite mouth.,Operator Error,2.3,Open
INC-00175,SITE-003,2025-03-08T00:00:00Z,Leak,High,43.5,Major store natural beyond move site young rather election tend black ever.,Operator Error,3.5,Under Investigation
INC-04527,SITE-006,2026-04-15,Spill,Medium,67.7,Audience whom process land past break each front address.,Valve Failure,20.1,Open
INC-00121,SITE-001,2024-12-25,Fire,Critical,46.4,Entire concern job successful night fly subject.,Corrosion,19.8,Under Investigation
INC-00383,SITE-005,12/11/2025,Equipment Failure,Low,89.2,Whom security agree team dinner yet PM form heart.,Material Fatigue,19.5,Open
INC-02143,SITE-006,2023-09-05,Leak,Medium,70.1,Event career social camera this sport operation property federal relate speak nothing.,Operator Error,9.7,Closed
INC-04840,SITE-001,08-Jun-2024,Spill,Medium,57.7,And ahead full exist true up yes east style ball.,Sensor Malfunction,9.5,Open
INC-03313,SITE-006,10-Feb-2026,Leak,Medium,68.6,Owner shake something quite time growth.,Corrosion,12.5,Open
INC-01001,SITE-003,2024-07-22,Spill,Low,81.8,Public address especially improve role bad help election realize technology.,Operator Error,17.3,Closed
INC-02980,SITE-005,20-May-2026,Near Miss,Med,62.3,At week just note phone seven media particular between again six study plant window worker.,Third-party Damage,7.3,Open
INC-03296,SITE-001,2024-07-16,Near Miss,Medium,71.3,Democrat walk government phone could lose party less.,Material Fatigue,13.2,Open
INC-04480,SITE-005,2023-12-11,Leak,HIGH,58.3,Pull foot pressure today him side military budget behavior nice prepare health key doctor.,Operator Error,8.2,Under Investigation
INC-04763,SITE-001,2025-08-02,Equipment Failure,High,61.3,Range public account face clearly.,,3.5,Under Investigation
INC-03702,SITE-004,2025-07-24,Spill,,70.7,Letter determine unit coach yet choose nearly science report.,,2.5,Closed
INC-03161,SITE-006,2025-06-11, spill ,Critical,47.5,Whole several machine president technology arm himself bill both course what enjoy or lose region scientist knowledge collection relate training.,,8.5,Closed
INC-03623,SITE-003,2023-11-10,Leak,Medium,76.8,Chair value gun them pull author decide.,Third-party Damage,2.6,Under Investigation
INC-01873,SITE-005,26/09/2023,Near Miss,Low,79.6,Great tell write heavy by old billion language that dark think why.,Sensor Malfunction,3.3,Closed
INC-00910,SITE-005,2025-06-24,Leak,Low,93.2,Pattern speech always less similar the well offer because paper policy you wonder here.,Corrosion,1.3,Under Investigation
INC-04630,SITE-002,2025-01-24,Spill,MEDIUM,77.6,About community alone recently art.,Operator Error,7.2,Open
INC-00292,SITE-001,2023-11-13,Equipment Failure,High,-0.5,Need peace likely improve trial fine none field simple speak apply.,Corrosion,23.0,Closed
INC-01359,SITE-005,2026-08-10,Fire ,high,79.6,Truth cover attack somebody perform.,,10.5,Under Investigation
INC-01082,SITE-005,2025-06-07,Near Miss,Medium,68.6,Personal yourself myself marriage provide charge property star.,Corrosion,1.3,Closed
INC-04396,SITE-004,2025-12-06,leak,Medium,82.8,Blood occur bed personal perform maintain suddenly continue number help college thing new.,,7.6,Under Investigation
INC-04845,SITE-004,2025-05-25,Spill,Low,-5.0,Professional night stock international daughter though work.,,11.0,Open
INC-02855,SITE-002,2024-11-04,Spill,Medium,88.9,Over more life stage read budget care eat hit.,Third-party Damage,10.1,Open
INC-03836,SITE-006,2024-05-14T00:00:00Z,Leak,Critical,50.4,Subject job house behind better put development early cost.,Valve Failure,4.4,Closed
INC-02519,SITE-006,2025-09-08,Equipment Failure,,47.3,Green onto between there billion the mission body table almost.,Valve Failure,1.7,Closed
INC-05792,SITE-003,2024-09-29T00:00:00Z,Leak,High,67.0,Behavior degree determine attack task less glass career free.,Valve Failure,8.0,Closed
INC-01100,SITE-003,2024-03-07,Fire,Medium,84.4,Newspaper physical window prove likely present prepare another hot onto fly night modern.,Material Fatigue,19.1,Open
INC-00255,SITE-006,2025-12-15,Leak,Low,80.7,Occur not gun fear skill protect care hotel never prove form practice.,Material Fatigue,10.6,Under Investigation
INC-02694,SITE-001,2026-04-28,Equipment Failure,Medium,-0.5,And now number do evening before music which mean majority.,Valve Failure,2.1,Under Investigation
INC-04566,SITE-006,2023-09-22,Near Miss,High,54.9,Some create feeling hand meeting.,Material Fatigue,1.7,Closed
INC-00653,SITE-003,2024-08-05,Near Miss,Low,79.3,Positive room memory score conference election power evening identify property choose.,,11.2,Under Investigation
INC-03494,SITE-003,2025-12-20,Near Miss,Hi,57.9,Themselves mother by actually participant relationship baby anything time address people leave however article.,Valve Failure,2.3,Closed
INC-00688,SITE-002,2025-10-20,Near Miss,Low,82.7,Put institution scientist challenge range exactly bit.,Material Fatigue,5.3,Under Investigation
INC-03822,SITE-004,2026-02-06,Near Miss,Medium,64.2,Option power interest Mr.,,18.8,Closed
INC-00829,SITE-005,2024-11-24T00:00:00Z,Spill,High,68.1,Well too nature author single notice education news or story agree.,Third-party Damage,4.1,Open
INC-05386,SITE-006,2024-03-31,leak ,High,49.5,Base land push offer newspaper financial guy bring.,Operator Error,5.3,Under Investigation
INC-00835,SITE-003,2026-09-30,Leak,Medium,66.4,Know manage nor cup special there development anyone so.,Corrosion,1.0,Under Investigation
INC-05582,SITE-002,2023-07-24,Near Miss,Low,82.1,Life store station truth dream but its into represent threat decision everything meet car.,Material Fatigue,9.1,Under Investigation
INC-01919,SITE-004,2025-07-17,Equipment Failure,Low,90.2,Admit account turn on green lose develop case one.,Corrosion,0.3,Open
INC-04494,SITE-006,2024-05-01,Equipment Failure,Low,79.4,Whose type total feel sound cold ago another.,,15.4,Closed
INC-00146,SITE-005,17-Sep-2024,Near Miss,Low,82.9,Idea ok box long thing rather nearly board seven feel fish decision.,Valve Failure,11.3,Under Investigation
INC-05691,SITE-003,2023-10-29,Near Miss,Critical,34.8,Action including fact dinner her young eye set important fund play already year drive college guy talk.,Third-party Damage,2.5,Open
INC-05488,SITE-004,2023-08-02T00:00:00Z,Near Miss,Medium,78.7,Young across recently result eight assume value raise consider dog.,Material Fatigue,6.9,Under Investigation
INC-03434,SITE-006,02/08/2025,Spill,Critical,32.6,Food child enjoy understand present share bad.,Third-party Damage,22.3,Closed
INC-00478,SITE-006,13/07/2026,Equipment Failure,Medium ,69.5,Last understand my choice safe industry perform along time apply town sing condition.,Operator Error,6.7,Open
INC-05743,SITE-001,2025-11-23,Equipment Failure,Low,92.2,Animal team usually should perform drug yourself.,Material Fatigue,24.6,Open
INC-01847,SITE-003,2024-10-12T00:00:00Z,Leak,High,48.3,Decision have compare activity never scene there soon responsibility he.,Operator Error,15.2,Open
INC-04551,SITE-006,2026-03-23,Leak,Low,94.1,Name recent follow relationship century.,Operator Error,10.5,Open
INC-00463,SITE-003,2024-05-06,Leak,,72.9,Particularly civil share such think test real decision explain compare around watch mother answer finish manage contain card.,Valve Failure,3.6,Under Investigation
INC-00854,SITE-005,27/10/2024,equipment failure,Critical,21.3,Not its shake author crime choose rise standard know.,,15.3,Under Investigation
INC-00508,SITE-003,2024-02-19,Spill,High,60.2,Everyone arm take question discussion example pattern really change wall bed individual listen positive which matter.,Operator Error,3.3,Closed
INC-05215,SITE-005,2024-11-24,Near Miss,High,71.5,Peace sort some receive technology certain certainly start quickly live professor step anyone radio.,,3.6,Open
INC-01348,SITE-004,2026-01-29,Equipment Failure,Medium,84.5,Lay carry response pass wonder visit research city name kind.,Sensor Malfunction,6.1,Closed
INC-01725,SITE-003,2026-03-27,Near Miss,Critical,57.9,Popular serve eight page audience within.,Operator Error,2.4,Open
INC-00057,SITE-004,2024-12-13,Near Miss,Low,75.6,Method yard TV change reflect.,Corrosion,5.3,Under Investigation
INC-05902,SITE-002,2024-02-03,Near Miss,Low,90.7,Election deep major same probably wear go but focus town number loss fast.,Third-party Damage,11.2,Closed
INC-05562,SITE-003,2024-03-26,Spill,High,57.2,Can subject leave trade former throw value medical north even moment.,Sensor Malfunction,13.1,Open
INC-01358,SITE-001,2025-10-20,Leak,Low,94.0,Star beat for collection arm home now.,Sensor Malfunction,9.6,Closed
INC-05909,SITE-004,2025-10-10,Spill,Low,90.9,Successful discover meeting hospital like heart home especially teacher close out want wrong.,Valve Failure,10.2,Closed
INC-05520,SITE-005,23/05/2025,Near Miss,Low,98.1,Significant success movie along either animal factor public actually its story let hope source.,Third-party Damage,1.7,Under Investigation
INC-00112,SITE-006,2025-08-12,Leak,,69.6,Walk include outside note standard.,Material Fatigue,9.6,Closed
INC-03279,SITE-004,2024-09-18,,Medium ,56.3,Skin process feeling memory positive everyone partner environmental call short picture she.,Corrosion,5.7,Closed
INC-00964,SITE-002,2025-02-19,,Medium,68.7,Guess value consumer low onto threat when response official role.,,7.0,Closed
INC-01102,SITE-005,2025-06-21,Leak,Low,81.9,Indeed gas threat respond majority.,Corrosion,4.0,Open
INC-03151,SITE-005,07/05/2026,Near Miss,Hi,63.8,Claim safe him from country rest theory long commercial leg run poor.,Third-party Damage,15.5,Closed
INC-01194,SITE-001,2025-10-31,Spill,Medium,77.9,Most whose fall activity account message fire science show too production arm yeah.,Corrosion,16.5,Under Investigation
INC-04397,SITE-002,2025-01-29,Near Miss,Low,86.0,Who now child step yourself break assume health attorney political then summer anyone citizen about each.,Sensor Malfunction,8.3,Under Investigation
INC-04212,SITE-003,2025-04-25,Spill,High,71.1,Court lay when hard say since bed interest always few.,Valve Failure,15.6,Closed
INC-02963,SITE-005,2024-06-12,Leak,Medium,82.0,Fire ahead heart ability possible policy traditional case.,Operator Error,17.1,Closed
INC-00645,SITE-002,2024-04-07,Near Miss,Medium,82.1,Method offer exactly father our official finally standard early energy.,Operator Error,1.3,Closed
INC-01416,SITE-006,2024-01-04T00:00:00Z,Spill,Medium,77.1,Suddenly tax yourself catch west care it.,Valve Failure,8.6,Open
INC-03866,SITE-005,2024-01-28,Near Miss,High,70.3,Stage challenge understand care father contain modern article we item voice take item east how until.,Operator Error,4.5,Closed
INC-01058,SITE-002,2026-06-07,NEAR MISS,High,73.1,Speak pay theory probably final worry continue whether general current bad surface.,Valve Failure,5.7,Closed
INC-04691,SITE-001,2026-02-26,Equipment Failure,Medium,70.6,Consider major will large response factor interest base set figure strong civil site let respond technology.,Third-party Damage,15.1,Under Investigation
INC-01397,SITE-006,2024-07-27, fire,Low,89.8,Natural realize free gun step next baby citizen lead each such including.,Third-party Damage,4.2,Under Investigation
INC-04722,SITE-002,2023-12-22, Leak,Medium,87.4,Field manager vote now sell contain measure movie production popular surface threat music.,Third-party Damage,5.6,Open
INC-03157,SITE-006,2026-07-10,Spill,Low,96.7,Sister these base stock least ok know whole serious should enough either office section across practice red.,Valve Failure,6.9,Under Investigation
INC-02957,SITE-006,19-Oct-2023,Near Miss,Critical,45.2,Sometimes career example help past detail run sense south compare.,,1.3,Closed
INC-02077,SITE-001,2024-02-28,Leak,Medium,82.7,Ten machine affect word street capital former soon.,Operator Error,5.0,Under Investigation
INC-04489,SITE-003,2023-08-25,Equipment Failure,High,57.9,Analysis tax white despite left.,Material Fatigue,9.2,Open
INC-00012,SITE-006,2026-02-23,Leak,High,72.8,Environment assume mind mind school attention share year billion reflect ball sense herself summer.,Third-party Damage,6.2,Open
INC-02356,SITE-002,2025-12-14,Leak,Low,86.3,Indicate cup others field treatment no maybe yourself single nearly.,Third-party Damage,9.6,Open
INC-04758,SITE-006,2026-08-01,Spill,High,53.2,Sure last quality all military main.,Third-party Damage,5.9,Under Investigation
INC-02432,SITE-003,2023-10-29, Leak,High,63.5,Leave never customer discover happen question international itself.,Corrosion,5.4,Under Investigation
INC-05053,SITE-003,2024-09-12,Spill,Medium,68.4,Paper amount card yes prove consider bar.,Valve Failure,12.6,Under Investigation
INC-04053,SITE-001,2024-06-25T00:00:00Z,fire,Low,88.0,Together choose share stuff rise.,Sensor Malfunction,5.5,Closed
INC-00532,SITE-001,2024-04-07,,Medium,82.1,Notice may lose few listen of owner.,Corrosion,2.9,Under Investigation
INC-04382,SITE-005,2025-11-17,Leak,Medium ,90.2,Sign require skin wind most care purpose.,,7.8,Open
INC-00954,SITE-003,2026-09-25,Equipment Failure,High,65.9,Trip key simple war once true build sort meeting recently manage sort note those apply these beyond.,Sensor Malfunction,7.2,Open
INC-02704,SITE-001,08/02/2023,Equipment Failure,High,60.2,Your fall find pretty despite protect red difficult present oil.,Third-party Damage,23.4,Under Investigation
INC-01618,SITE-005,2023-10-11,Equipment Failure,Medium,60.5,Reflect investment reveal truth military model political more organization skill and.,,22.9,Under Investigation
INC-03234,SITE-002,2025-04-09,Near Miss,Medium,89.6,Such few decide true care bed team town degree however here maybe also.,,4.3,Under Investigation
INC-01622,SITE-003,2024-12-15,,High,47.6,Be each middle catch much recognize still beat risk.,Third-party Damage,0.6,Open
INC-02238,SITE-004,2024-04-12T00:00:00Z,near-miss,Low,85.6,Cup Mr Congress another cause six physical would reveal fast charge throughout under.,,10.5,Under Investigation
INC-00284,SITE-003,03/18/2026, Leak,high,48.2,Water culture talk seem.,Material Fatigue,4.7,Open
INC-01316,SITE-002,2024-12-05,Leak,,37.7,Cover account senior car same news arm.,Operator Error,7.3,Open
INC-03390,SITE-005,08/10/2024,Equipment Failure,Medium,77.3,Direction example there property wonder white a left help your single people.,Material Fatigue,6.2,Open
INC-04183,SITE-006,2023-08-25,Equipment Failure,Low,85.6,Window painting out point loss soon management little.,Material Fatigue,6.7,Open
INC-00971,SITE-006,2025-08-03,Near Miss,Critical,43.7,Moment nothing chair quality range over agreement west receive same throw she.,Material Fatigue,1.5,Under Investigation
INC-05895,SITE-006,2026-06-17,Leak,High,68.5,Improve speech grow fine option.,Corrosion,11.2,Open
INC-00177,SITE-005,2025-08-05,Leak,Critical,29.3,Visit draw house nation meet ahead father.,Operator Error,7.6,Open
INC-04861,SITE-006,2023-08-19, Leak,Critical,59.6,Room push ground at bad.,Operator Error,7.0,Open
INC-00620,SITE-005,2026-03-16,,Medium,77.9,Result recently possible newspaper word huge where method company herself behind degree father artist example through together.,Third-party Damage,6.7,Under Investigation
INC-00416,SITE-005,2023-10-21,Near  Miss,Low,89.3,Realize mother impact stuff participant eye kitchen one detail.,Material Fatigue,10.6,Under Investigation
INC-02619,SITE-005,2024-05-15,Near Miss,Low,92.7,News almost item same level charge.,Sensor Malfunction,13.8,Open
INC-03999,SITE-003,2025-02-18,spill,High,55.1,Detail break for property student student money energy father house choice pressure town.,,3.4,Under Investigation
INC-02859,SITE-002,2026-06-26,Equipment Failure,LOW,95.1,Amount public car individual radio discuss which himself soon.,Third-party Damage,3.7,Under Investigation
INC-02020,SITE-006,2024-09-27,Leak,Critical,51.3,Direction hear finally meet quite fight around behavior for today.,Third-party Damage,0.4,Under Investigation
INC-02427,SITE-003,2025-02-19,Near  Miss,Low,88.4,Scientist seat when worry again chance law remain which mention.,Valve Failure,5.8,Closed
INC-02199,SITE-006,19-Dec-2025,Leak,Critical,27.4,Girl human line sport theory history in individual may single when.,Third-party Damage,22.0,Closed
INC-05448,SITE-001,2026-01-05,Fire ,Medium,59.1,Race recent least scene member field.,Sensor Malfunction,5.9,Under Investigation
INC-05445,SITE-003,2025-10-13,Spill,High,59.5,Son focus career painting throw security black public month nothing perform mind he suffer fund nor.,Material Fatigue,19.5,Under Investigation
INC-02705,SITE-003,2023-12-12,,,42.3,To before news question during occur through enter business mind.,Material Fatigue,8.0,Open
INC-05318,SITE-003,2024-12-18,Leak,High,47.1,Question anyone coach quickly whose discussion federal movie.,Operator Error,13.8,Open
INC-04192,SITE-003,2025-07-05,leak,Medium,84.2,Mrs realize water explain me be foot loss.,Third-party Damage,2.4,Open
INC-03805,SITE-003,2025-12-28,Leak,Medium,66.6,Already close hour sort argue campaign.,Material Fatigue,8.3,Closed
INC-05963,SITE-005,2026-02-03,Leak,Medium,76.2,Page peace low rock PM them.,,3.8,Open
INC-04805,SITE-004,2025-02-02,Equipment Failure,Low,85.5,Husband ago positive can various little.,Third-party Damage,14.7,Closed
INC-05598,SITE-002,2023-08-13,Near Miss,High,35.6,Increase describe choose early operation interesting glass budget safe media else explain individual final.,Corrosion,11.0,Open
INC-01075,SITE-004,2026-02-14,Spill,Low,96.2,Value audience within after smile nation culture price add image several sense growth arm TV describe event beyond.,Operator Error,3.4,Under Investigation
INC-02022,SITE-006,07/10/2024,Spill,Critical,37.3,Artist citizen type chance year discuss bit son ever water let hospital.,Third-party Damage,13.5,Under Investigation
INC-01126,SITE-006,16/12/2023,spill,,26.0,Why best support attorney fine.,,3.9,Closed
INC-00116,SITE-005,2024-01-17,Equipment Failure,,58.4,Point action give network most.,Valve Failure,1.6,Closed
INC-02489,SITE-003,25-Oct-2023,Fire,Critical,43.1,Organization share nearly treat adult enjoy difference apply common child positive.,Third-party Damage,22.0,Open
INC-00866,SITE-005,2024-01-31,Leak,Low,77.0,Apply career really rule image carry find own enjoy author able western call should if.,Material Fatigue,1.2,Open
INC-05670,SITE-001,2023-11-02,Near Miss,Medium,76.2,Certain hope rule more whether throw partner professional front sound win statement.,Sensor Malfunction,3.6,Under Investigation
INC-05083,SITE-002,2024-12-03,,Low,91.0,Word skin hard together song on or cause evidence.,Valve Failure,15.0,Closed
INC-03270,SITE-006,2025-11-24,Fire,High,66.6,Senior debate article manager than fish under list.,Material Fatigue,6.7,Closed
INC-01967,SITE-001,2026-01-31,Spill,Low,88.7,Name evening through cold week interest what trial.,Sensor Malfunction,7.4,Closed
INC-05640,SITE-003,2025-07-19,,Critical,45.1,Central side however beat get specific everyone song building movie figure challenge finish avoid.,Third-party Damage,6.1,Closed
INC-05294,SITE-002,2025-10-25,,low,97.5,Surface race action deep deep fast book some.,Material Fatigue,5.8,Under Investigation
INC-03541,SITE-001,2024-09-23,Near Miss,High,50.1,Upon sometimes than have special.,Sensor Malfunction,2.6,Closed
INC-04558,SITE-001,2024-10-13,Leak,Low,87.7,Opportunity soon lead score wall nearly final gas school any argue whether manager good.,Corrosion,5.1,Open
INC-05956,SITE-006,2024-11-01,Equipment Failure,High,58.5,Relate pull all major house third.,Sensor Malfunction,11.0,Closed
INC-04902,SITE-001,2023-08-23,near-miss,Medium,65.1,Chair attention opportunity personal should concern because information his clearly significant.,Corrosion,8.2,Open
INC-03953,SITE-001,2024-11-16,Equipment Failure,High,55.3,Every professor power discuss official month kitchen summer hotel.,Corrosion,6.5,Open
INC-01356,SITE-001,2026-06-28,Equipment Failure,Medium,94.2,Others police few want rate quite off for.,Third-party Damage,18.2,Under Investigation
INC-02369,SITE-006,2024-01-19,Leak,High,51.8,Carry very woman five game hand suffer behavior radio.,Operator Error,7.9,Closed
INC-05615,SITE-003,2024-09-30,Spill,Critical,32.5,Prepare similar now trade the about himself ability add charge letter international model onto tree customer affect career.,Material Fatigue,1.5,Under Investigation
INC-03499,SITE-001,27-Nov-2025,Fire,High,61.9,Provide enjoy PM four because garden job figure identify stand message when foot local range away page huge.,Corrosion,21.3,Under Investigation
INC-01129,SITE-005,2024-01-24,Equipment Failure,Medium,72.1,Agree different generation in doctor middle draw produce.,Operator Error,15.1,Closed
INC-00431,SITE-004,2025-07-25,Equipment Failure,Low,93.0,Unit bank eat Republican current her improve how attention speech quite throw.,Valve Failure,5.4,Open
INC-01036,SITE-006,2024-08-14,Leak,Critical,57.2,Teacher not should notice discussion production marriage free.,,10.1,Under Investigation
INC-05217,SITE-005,02/25/2026,Leak,Low,86.4,Sister whose east large expect by police fine.,Third-party Damage,5.1,Closed
INC-01156,SITE-005,2024-03-06,Near Miss,High,47.1,Since drive wrong law choice catch material such.,,6.8,Open
INC-05903,SITE-002,2024-10-08,Fire,Medium,72.7,Believe interview light of change game feel tax student hour relationship quickly plant community.,,5.3,Open
INC-05547,SITE-003,2025-12-04,Equipment Failure,Low,87.0,Hear responsibility realize subject technology before do quickly yes war man us computer business his goal quite should certain.,Sensor Malfunction,13.3,Open
INC-00302,SITE-001,2024-09-15,Leak,Medium,80.1,Also skin heart trip fund from.,Valve Failure,17.5,Under Investigation
INC-05957,SITE-006,2026-06-15,Leak,Medium,115.7,Foot goal world word interview long notice.,Operator Error,9.9,Open
INC-03874,SITE-006,2025-12-12,,Low,86.0,Central tough theory individual nice less could performance skin.,,4.2,Closed
INC-00781,SITE-001,2025-12-09,Equipment Failure,Low,92.4,Most language wish relationship its.,,2.8,Closed
INC-03763,SITE-003,2024-08-08,Equipment Failure,,75.8,A choice government hospital machine follow put position son management.,Corrosion,7.6,Open
INC-03913,SITE-002,2025-09-15,,,83.2,About nice property special prepare always small city.,Material Fatigue,5.7,Closed
INC-05627,SITE-006,2025-07-25,Near Miss,,79.8,What too free now since again although out top tax if.,Corrosion,4.1,Open
INC-04116,SITE-004,2024-04-28,Fire,Low,92.8,Test song become bad certain light think international.,Sensor Malfunction,9.5,Under Investigation
INC-04504,SITE-005,2026-02-19,Near Miss,Medium,77.1,School feel dinner friend attack high stop past church effort fear clear.,Material Fatigue,12.8,Under Investigation
INC-05544,SITE-003,2024-03-18,Leak,High,60.3,Those likely international try study smile.,Material Fatigue,4.9,Closed
INC-01573,SITE-005,2023-10-01,Near Miss,Medium,82.9,Could tonight likely school here fire bag.,,2.6,Closed
INC-03237,SITE-006,2023-08-10,Fire,Critical,60.9,Movie part keep.,Sensor Malfunction,2.7,Under Investigation
INC-02638,SITE-002,2024-12-03,Near Miss,Low,90.5,Full hair why summer happen begin heart.,Material Fatigue,15.5,Closed
INC-00551,SITE-006,31-Oct-2023,near miss,Low,84.8,Hotel class among bill star.,Third-party Damage,6.5,Closed
INC-00091,SITE-002,2025-12-24,leak,Critical,35.8,Job manager window husband industry describe common million management late.,Sensor Malfunction,16.0,Closed
INC-03975,SITE-002,2023-10-31,Spill,Medium,78.1,Agent any popular possible but management into.,Material Fatigue,4.8,Closed
INC-01106,SITE-006,2026-04-28,Equipment Failure,Low,94.4,Show ready southern and picture visit scientist too turn.,Third-party Damage,3.7,Open
INC-04685,SITE-006,2025-09-03,Spill,High,61.6,Watch play different leader force organization simple.,Operator Error,1.9,Open
INC-00721,SITE-006,2026-01-24,Fire,,70.2,Reality cause start full professor report able.,Sensor Malfunction,8.2,Under Investigation
INC-02363,SITE-003,2026-04-19,Spill,Critical,53.8,Both term career smile which after instead.,Valve Failure,1.6,Under Investigation
INC-05443,SITE-006,2026-04-02,Spill,Critical,40.4,Kind industry easy newspaper myself house then table film still true work difference.,Sensor Malfunction,8.4,Open
INC-03688,SITE-006,2024-08-18,Fire,High,68.6,Goal style where surface hair ability television.,Third-party Damage,8.6,Open
INC-01020,SITE-006,2026-02-17,Leak,,55.0,Society role fish part of available star.,Corrosion,13.2,Closed
INC-02213,SITE-003,21/05/2024,Equipment Failure,low,84.3,Future only center out note these lot.,Third-party Damage,20.6,Open
INC-02601,SITE-002,2024-04-21,Equipment Failure,Low,88.4,Material generation bank involve central PM defense everyone.,Sensor Malfunction,6.6,Open
INC-00101,SITE-005,05-Oct-2024,Equipment Failure,Medium,75.7,Issue year pattern Democrat strategy only we agency.,Sensor Malfunction,7.7,Open
INC-04582,SITE-004,2025-01-13,Near Miss,Low,88.0,Parent that upon admit stop street also what defense third religious born could address most itself color.,Material Fatigue,2.4,Closed
INC-01966,SITE-006,15/12/2023,Spill,Critical,41.4,Need case imagine continue plant well dog home land order media military.,Third-party Damage,4.6,Under Investigation
INC-05069,SITE-001,2026-04-02,Leak,Lo,92.5,Without window that process national computer.,Valve Failure,13.3,Under Investigation
INC-04292,SITE-004,2024-02-20,Equipment Failure,Low,86.5,Music population after than become.,Corrosion,10.6,Open
INC-04924,SITE-002,07-Jan-2026,Fire,Low,115.7,Five think rock chance successful rule.,,15.7,Open
INC-04465,SITE-003,2026-03-07,Spill,High,66.0,Article prevent three win important Democrat.,Material Fatigue,4.8,Open
INC-02929,SITE-001,2024-04-30,Spill,,39.4,Left certainly party better discussion do yard machine west.,Material Fatigue,9.3,Under Investigation
INC-02216,SITE-004,2023-08-31,Near Miss,Medium,83.3,Teach international feel example collection position feeling hospital environment bad student poor.,Third-party Damage,8.1,Under Investigation
INC-05199,SITE-001,2025-01-20,Fire,Low,86.4,Lead young nation fund seem compare yourself hair they.,Corrosion,11.4,Closed
INC-04035,SITE-005,2024-01-26,Near Miss,Critical,33.3,Since election young actually style position score skin six child level business last firm better far.,Corrosion,23.2,Closed
INC-01810,SITE-003,07-Oct-2023,Near Miss,Critical,45.6,Respond strategy wear physical city ahead nearly much talk them out program both guess artist ahead writer act off.,Third-party Damage,6.2,Under Investigation
INC-02094,SITE-001,2024-09-19,Near Miss,Low,82.5,Young open determine song pattern raise.,,11.4,Closed
INC-02345,SITE-001,2024-01-10,Fire,High,72.9,Important research which personal gas region cause pull air.,Third-party Damage,8.9,Closed
INC-00407,SITE-006,2024-10-16T00:00:00Z,Fire,Critical,34.2,Son answer away pull decade.,Third-party Damage,2.4,Closed
INC-02186,SITE-005,2025-12-15,Spill,Medium,79.2,Understand decide kitchen program network land stand him item seem easy person significant ago particular.,Valve Failure,8.2,Under Investigation
INC-04109,SITE-005,2025-07-08,Leak,High,53.5,Dark happen left always certain art build without language.,Material Fatigue,6.5,Under Investigation
INC-05569,SITE-004,10/17/2023,Near Miss,Critical,44.1,Smile continue so outside happy follow forget.,Corrosion,3.4,Closed
INC-00002,SITE-003,23/12/2025,leak ,Medium,63.2,My air care heart bill project those top show power instead time whole.,Sensor Malfunction,3.2,Under Investigation
INC-03622,SITE-003,2026-02-27,Spill,Critical,44.1,Simply necessary region modern official soldier.,,8.0,Under Investigation
INC-02754,SITE-003,2023-10-18,Near Miss,Low,98.3,Listen bank project property success learn black.,Valve Failure,7.3,Under Investigation
INC-04439,SITE-006,2024-02-11T00:00:00Z,Equipment Failure,High,43.0,Necessary under she notice difficult.,Third-party Damage,4.7,Closed
INC-02706,SITE-005,2024-12-04,leak,Medium,76.1,Because miss people foot.,,1.3,Open
INC-02647,SITE-006,2024-11-05,Leak,High,55.5,Structure region former quality gas you new the morning small.,,0.8,Open
INC-01744,SITE-006,2026-07-20,Equipment Failure,Critical,37.2,Country decide recent yourself mention body face since color responsibility number apply serious particularly.,Sensor Malfunction,4.6,Under Investigation
INC-03832,SITE-001,2026-01-05,Fire,High,79.8,Shoulder energy receive prevent tax dark act material matter billion country few lose election campaign.,Third-party Damage,7.0,Closed
INC-01963,SITE-006,2024-11-08,Leak,Low,91.7,Five school Republican occur central sense black account his require day everybody.,Sensor Malfunction,13.3,Under Investigation
INC-03738,SITE-004,2026-03-18T00:00:00Z,Near Miss,High,52.1,Base begin Democrat plan grow thing may others large several machine cold teacher he party.,Sensor Malfunction,6.2,Open
INC-04820,SITE-006,2025-10-18,Spill,High,75.4,Keep strong wide democratic score try pressure house about leader majority network.,Operator Error,22.8,Closed
INC-03330,SITE-006,2025-02-27T00:00:00Z,leak,High,56.8,Against American deep environment charge to general require pull.,,2.4,Closed
INC-03904,SITE-003,2026-07-21,Spill,Critical,38.2,Would police common special interesting.,Valve Failure,12.0,Under Investigation
INC-05616,SITE-003,2025-05-29,Spill,High,59.1,Movie western them answer affect police surface study every alone future write suffer word give.,Valve Failure,2.1,Open
INC-00266,SITE-001,2024-06-17,Equipment Failure,High,54.7,Star eat still seat around level lose education.,,5.7,Open
INC-02083,SITE-003,27-Dec-2025,Fire,Critical,21.8,Late who today condition law to performance rich capital rock though allow decide suffer world option open six.,Sensor Malfunction,4.6,Closed
INC-03793,SITE-005,2025-01-24,Equipment Failure,Low,80.0,Cold phone water father hot national get according.,Corrosion,3.0,Closed
INC-00746,SITE-006,2025-09-07,Spill,Critical,47.0,Machine class cell responsibility rather style writer high list sit we still choice.,Sensor Malfunction,8.3,Under Investigation
INC-04901,SITE-006,2025-12-15,Leak,Medium,70.0,Age rather class trade popular first at.,Valve Failure,7.9,Closed
INC-03733,SITE-003,2025-05-25,Equipment Failure,High,72.2,Enough staff price gun recently newspaper generation audience fear husband right.,Sensor Malfunction,9.8,Open
INC-03809,SITE-006,2025-07-18,Near Miss,Medium,115.7,Investment help remember direction again west direction once quickly.,Valve Failure,1.7,Closed
INC-00221,SITE-001,2024-09-25,,High,71.8,Per at crime effect single marriage night raise now easy.,Sensor Malfunction,13.5,Under Investigation
INC-05390,SITE-001,26-Apr-2026,Equipment Failure,Low,92.3,Measure state subject between energy when on shake section next.,Material Fatigue,5.8,Closed
INC-05744,SITE-003,2026-06-06,,Critical,40.6,Buy may audience job for training know apply if beautiful find itself impact sister address we.,Valve Failure,20.5,Under Investigation
INC-00007,SITE-003,2024-02-06,Equipment Failure,,55.7,Whether evening page then so can officer democratic their police stage factor number ask order open catch newspaper authority get.,Valve Failure,4.2,Closed
INC-02283,SITE-006,2025-10-13,Spill,Medium,74.3,Paper city while begin travel impact actually scene some while sign space.,Third-party Damage,10.7,Under Investigation
INC-04395,SITE-003,04-Feb-2026,Spill,Critical,36.3,Most specific great southern quickly whom.,Corrosion,1.4,Open
INC-01345,SITE-001,2023-08-15,Near Miss,Medium,-12.3,So base sing seem something however.,,10.7,Open
INC-00591,SITE-005,2024-09-09,Near Miss,Medium,76.2,Season writer give size board.,Sensor Malfunction,5.9,Open
INC-05921,SITE-001,2023-12-20,Spill,Low,87.6,Recognize certain bit trip tax affect him voice religious.,Valve Failure,2.7,Closed
INC-05433,SITE-005,2024-02-27,Equipment Failure,Low,81.0,Amount account state wrong local bag own also yard note.,Corrosion,19.6,Open
INC-00731,SITE-005,2025-04-12,Near Miss,High,70.2,Recognize nice task save expert speech head television decade behavior letter lose let.,Sensor Malfunction,7.5,Under Investigation
INC-04254,SITE-004,2023-11-18,Near Miss,Low,78.9,Film glass physical woman my into rather such project player several peace just TV.,,19.8,Open
INC-04000,SITE-006,2024-07-17,Spill,Crit,32.4,Real power production bad mouth point road language end standard pass Mr imagine dog fill say.,Valve Failure,3.1,Closed
INC-00218,SITE-006,2025-05-31,Fire,Low,91.4,Medical police Congress production maintain technology health difference final.,Material Fatigue,2.8,Under Investigation
INC-00494,SITE-003,2026-04-30,Fire,Critical,52.7,South less focus floor small.,Sensor Malfunction,2.6,Open
INC-03547,SITE-003,2023-12-25,Near Miss, Critical,39.0,Likely key mean will Mrs boy happy factor trial project.,Material Fatigue,4.6,Closed
INC-04761,SITE-004,2025-07-29,Equipment Failure,LOW,90.0,Compare special agent time from mean include government bill.,Operator Error,6.2,Under Investigation
INC-00034,SITE-001,2024-02-19,Fire,Low,100.0,Reduce collection party back process always.,Material Fatigue,1.7,Under Investigation
INC-02124,SITE-002,2026-02-27,Equipment  Failure,Low,92.1,View science international station.,Valve Failure,5.5,Closed
INC-02007,SITE-005,2024-10-07,Near Miss,Low,84.9,Economic second PM daughter color trade thousand would pay reveal message trouble often.,,11.2,Under Investigation
INC-04034,SITE-003,2024-10-05,Equipment Failure,Critical,53.0,Step decade fund east modern money energy week investment nation improve why miss himself friend relationship.,Valve Failure,10.2,Closed
INC-01148,SITE-006,2026-08-02,Equipment Failure,Medium,87.1,Mother data rest factor concern collection activity see serious.,,10.6,Open
INC-00354,SITE-005,2026-08-29,Equipment Failure,Low,98.3,Network set too attorney.,Corrosion,1.4,Closed
INC-03277,SITE-002,2026-03-11,SPILL,High,60.7,Home everybody police instead section test fire plan who take writer note adult.,Sensor Malfunction,3.9,Open
INC-03638,SITE-003,2024-05-11,Fire,Critical,45.6,Rich help son many arrive black.,Corrosion,9.8,Under Investigation
INC-00227,SITE-002,2025-04-06,Leak,Low,81.7,Common full write product seat yourself maybe instead student water fear opportunity marriage would.,Material Fatigue,9.3,Closed
INC-04114,SITE-003,2024-02-10,NEAR MISS,Critical,47.1,Lot account team it north special anyone business attention alone.,Sensor Malfunction,30.2,Closed
INC-02933,SITE-005,2025-11-16,Fire,High,54.0,Bank western majority possible character anything letter safe available major.,,6.6,Open
INC-02389,SITE-005,2024-12-08,Near Miss,Low,87.0,Affect wide plant door west.,Material Fatigue,7.7,Closed
INC-01471,SITE-005,2026-03-14,Equipment Failure,Medium,80.5,Expect company pick dinner often street worry drive month keep group Democrat hot push those.,Sensor Malfunction,0.3,Closed
INC-03848,SITE-006,03/09/2024,Equipment Failure,High,57.3,Reveal involve read unit floor place major including story hope law president.,,11.7,Closed
INC-02521,SITE-005,05/06/2024,Near Miss,High,60.0,Approach matter seven field present each arm notice.,Sensor Malfunction,1.4,Under Investigation
INC-00067,SITE-005,09/08/2023,Equipment Failure,Low,89.9,Social trade require always cost environment.,Operator Error,3.1,Under Investigation
INC-00739,SITE-001,2025-07-13T00:00:00Z,Spill,Medium,76.4,Production husband happen tend body artist owner strategy nor beat however leave beautiful apply gun participant determine economic garden.,Material Fatigue,5.0,Under Investigation
INC-00109,SITE-005,24/08/2024,Near Miss,High,51.1,Rock wife center five follow start difference trouble case whether law realize.,,6.2,Closed
INC-01585,SITE-004,07/11/2025,Leak,Medium,74.9,Attention course determine air score artist language a four line instead help.,Material Fatigue,3.4,Closed
INC-02145,SITE-003,2026-04-16,Leak,Critical,73.7,Expert maintain within see free whatever money believe.,Third-party Damage,10.4,Under Investigation
INC-03674,SITE-001,04/09/2025,Fire,Low,86.2,Memory star hope per direction.,Corrosion,4.2,Closed
INC-00846,SITE-005,2025-03-12,Spill,Low,95.2,Stand choice structure where accept join sit late.,,14.0,Closed
INC-00543,SITE-005,2025-07-27,Fire,Medium,72.0,Question high college film top discuss keep practice officer team.,Sensor Malfunction,8.0,Open
INC-05965,SITE-001,2024-01-13,Near Miss,Low,90.5,Space garden remember different act nice four bank doctor.,Sensor Malfunction,3.3,Under Investigation
INC-03251,SITE-003,2024-05-23,leak ,high,66.3,Young room without increase thing no ago.,Corrosion,6.3,Under Investigation
INC-01818,SITE-002,2023-10-10,Leak,,77.4,Good determine job them floor away sort carry little.,Valve Failure,1.9,Open
INC-02070,SITE-006,2026-06-03,Spill,High,77.0,Keep everything feeling build practice believe wait difficult which do position budget not color.,Corrosion,2.6,Open
INC-02171,SITE-001,2024-10-23,Near Miss,High,78.6,Lawyer develop a bag animal.,Material Fatigue,10.0,Closed
INC-03659,SITE-003,2026-07-10,Spill,Critical,34.4,Page amount dog ahead your candidate finally treat break car real do detail.,Valve Failure,14.2,Open
INC-05764,SITE-001,2026-01-22,Fire,Low,95.2,End material well reality protect window.,Valve Failure,4.4,Open
INC-04077,SITE-003,2024-04-25,Equipment Failure,Low,82.3,Agent office public report assume lose material reveal keep nearly alone court consumer relationship rule.,Material Fatigue,4.7,Open
INC-04818,SITE-006,2026-02-24,Spill,Critical,56.1,Tough break number hard action physical down.,Third-party Damage,4.4,Closed
INC-03516,SITE-003,2025-08-16,Near Miss,Medium,73.3,Account either wrong move prove deal blue Republican our month now before medical arrive.,Material Fatigue,10.1,Closed
INC-02907,SITE-005,2026-03-22,Near Miss,Medium,78.0,Practice her western his price series provide piece agent television movie better.,Operator Error,5.2,Open
INC-01965,SITE-006,2024-04-01,Spill,Critical,31.6,Tax address gun white throughout plan according.,Valve Failure,7.8,Closed
INC-01509,SITE-002,2025-07-06,Near Miss,Low,85.4,Among choice hand nearly.,Third-party Damage,9.4,Closed
INC-05324,SITE-002,2025-09-21,Fire ,High,64.4,Large firm hundred wall say play space learn doctor.,Material Fatigue,10.6,Closed
INC-02413,SITE-002,2024-09-24,Equipment Failure,Low,89.9,Buy baby evidence true talk wait approach where.,Third-party Damage,8.1,Open
INC-00683,SITE-003,28-Jan-2024,Fire,High,71.0,Offer help surface or against.,,21.2,Closed
INC-02781,SITE-005,2023-08-17,Fire,High,71.9,Form return big imagine month deep economy develop final nation class partner sea.,Material Fatigue,13.0,Open
INC-01144,SITE-001,2024-12-21,Near Miss,Low,88.0,Success above sister investment trip care drive discussion sport.,Sensor Malfunction,2.7,Under Investigation
INC-01405,SITE-001,2025-02-20,Leak, medium,70.3,Health benefit teach industry.,Material Fatigue,1.9,Open
INC-03707,SITE-006,2024-08-05,leak ,Hi,69.2,Sister table edge threat about know note approach of though brother improve investment.,Corrosion,13.0,Under Investigation
INC-02142,SITE-002,17-Oct-2024,Spill,,75.6,Turn method section two poor computer lay between magazine so company result these collection style western treat choose.,Operator Error,8.5,Under Investigation
INC-00602,SITE-001,2023-10-13,Fire,Critical,48.9,Near remain truth behavior price throughout customer she century.,Material Fatigue,14.0,Under Investigation
INC-05843,SITE-005,2026-08-27,Near Miss,high,46.7,Huge place accept eight at sense carry five ready moment lay plant suffer movie blood section.,Valve Failure,7.5,Closed
INC-02738,SITE-001,2025-05-26,Leak,Medium,83.1,Shake realize risk imagine half industry when away support shake two.,Valve Failure,3.9,Open
INC-01372,SITE-005,2024-11-08,Equipment Failure,Medium ,76.3,Sign across high move couple.,Valve Failure,0.9,Under Investigation
INC-01370,SITE-003,2024-12-15,Spill,High,55.5,May summer election out few media red expert exist.,Sensor Malfunction,5.9,Open
INC-05634,SITE-001,06/13/2024,Fire,Medium,84.0,Approach and class improve forward work professional win gas thus music.,Third-party Damage,7.7,Open
INC-05339,SITE-005,2026-03-17,Fire,Medium,71.7,Reality most read quality pick interesting long program east central member church middle television religious wear usually.,Material Fatigue,3.0,Closed
INC-03998,SITE-002,2024-06-19,Near Miss,High,58.2,Doctor father under value wide success the either.,Third-party Damage,4.6,Under Investigation
INC-02236,SITE-001,2026-06-11,Near Miss,High,73.0,Capital office company little.,Material Fatigue,18.3,Under Investigation
INC-02296,SITE-002,2023-09-20,Fire,Medium,115.7,She at future create name treatment nearly.,Corrosion,13.6,Closed
INC-01221,SITE-006,2026-05-31,Leak,Medium,86.8,Mission factor local probably could military democratic.,Sensor Malfunction,5.2,Open
INC-01292,SITE-005,2024-11-20,,Low,100.0,Store somebody summer source election above participant tend fight him my arrive picture off air tell.,Corrosion,9.2,Closed
INC-00813,SITE-002,2025-07-11T00:00:00Z,Equipment Failure,medium,68.0,Tax hundred skill show cut place both current high Republican kind dinner type long.,,7.0,Closed
INC-02239,SITE-001,2023-12-01T00:00:00Z,Fire,Low,85.6,Part watch finish third really bring dream so along over author form.,Sensor Malfunction,1.4,Open
INC-03695,SITE-002,2024-01-24,Fire,Medium,71.5,With every final moment discussion story.,Valve Failure,2.2,Closed
INC-01021,SITE-001,2024-06-25,Fire,Critical,42.7,Politics spring remain green doctor.,,5.0,Closed
INC-05591,SITE-006,2025-07-04,Leak,High,54.5,Style study paper kitchen similar alone old daughter weight relationship this street successful unit then.,Valve Failure,3.9,Under Investigation
INC-01748,SITE-002,2026-04-21,Fire,High,63.8,Glass tough of leg feel police experience public organization score field.,Material Fatigue,9.1,Under Investigation
INC-05911,SITE-002,2023-10-11T00:00:00Z,Near Miss,Low,87.6,Study natural win hold nor sea difficult.,,14.8,Under Investigation
INC-05877,SITE-006,2023-08-31, Leak,Medium,77.1,Prove behind herself top responsibility may born yes specific west sort free.,,7.3,Under Investigation
INC-02498,SITE-005,2024-05-21,Equipment Failure,High,72.4,Difficult benefit old upon throw star since hospital deal push station owner.,,2.3,Open
INC-03770,SITE-001,2025-11-17T00:00:00Z,Near Miss,high,63.7,Live third minute run.,Third-party Damage,5.6,Under Investigation
INC-02756,SITE-003,2024-06-16,Near Miss,Medium,72.6,Tree thousand which wide girl cover later wide large travel run.,Third-party Damage,3.2,Closed
INC-02624,SITE-006,2024-03-30,Equipment Failure,High,61.6,Everyone now to opportunity college.,Corrosion,3.7,Closed
INC-02867,SITE-001,2024-07-18,Equipment Failure,High,61.8,Activity measure couple after appear group none behind.,Material Fatigue,12.3,Under Investigation
INC-01111,SITE-003,2025-12-02,Equipment Failure,Low,91.3,Fire claim interesting project its.,Valve Failure,4.5,Closed
INC-00652,SITE-006,24/10/2023,Equipment Failure,Critical,48.2,Third try identify miss policy tough weight especially bad success when something to professor city training home language court.,Corrosion,4.5,Under Investigation
INC-03988,SITE-005,2025-04-13,Fire,High,52.2,School capital guess class now couple tree.,,7.3,Open
INC-03839,SITE-003,2024-03-06,Leak,Medium,66.2,Already finish start without water place window drop score difficult factor entire.,Corrosion,4.3,Open
INC-03507,SITE-006,2024-03-21,Spill,Low,91.3,Begin particularly he accept sure.,Corrosion,4.8,Open
INC-01726,SITE-004,2024-07-09,Near Miss,Medium,83.7,For sing behind peace when professor action step serious nothing.,Operator Error,12.6,Open
INC-02581,SITE-001,2024-07-28T00:00:00Z,Equipment Failure,Low,89.5,Sea head executive.,,9.5,Under Investigation
INC-00604,SITE-006,05-May-2025,,High,43.3,Around strong have fast what third least.,Corrosion,1.7,Closed
INC-02328,SITE-003,2024-11-09,Near Miss,Critical,48.8,Son vote save surface set manage admit another old building east my stand.,Sensor Malfunction,3.0,Under Investigation
INC-05772,SITE-004,20/07/2026,Near Miss,Low,83.0,Task risk station sing rich still and catch government education bad structure tough nearly.,Sensor Malfunction,2.9,Open
INC-02410,SITE-003,2026-05-22,Equipment Failure,Medium,86.0,Still box hundred seat true trade.,Third-party Damage,6.6,Open
INC-00323,SITE-006,2024-11-20,Leak,Critical,51.7,President idea today society power business cost.,,14.7,Closed
INC-01277,SITE-001,19-Jun-2024,NEAR MISS,Medium,81.7,Senior role with team main more quality popular still them house accept miss gas myself age than.,Operator Error,6.2,Closed
INC-03022,SITE-006,2025-12-06,Near Miss,High,57.3,Ability senior report authority box really speak eight drop morning paper face meet trip contain.,Third-party Damage,5.5,Closed
INC-02768,SITE-001,04/19/2025,Near Miss,Critical,69.8,Push situation family my our fish property trip affect out.,Operator Error,7.8,Closed
INC-03420,SITE-002,04/05/2026,Near Miss,Medium,62.7,While until most wife hear increase enough.,Operator Error,8.7,Closed
INC-03142,SITE-004,2025-06-10,,Low,89.4,Look score hundred discuss eat write throw.,,24.9,Open
INC-00729,SITE-004,2024-08-30,leak ,Low,85.2,Wife large scene language example figure right often similar.,Material Fatigue,13.3,Open
INC-05572,SITE-004,15-Jul-2025,Oil Leak,Low,80.9,Space usually suggest herself ball administration guess store picture.,Operator Error,1.3,Under Investigation
INC-02240,SITE-003,2025-12-27,Near Miss,High,50.6,Man third state market certainly couple own husband he.,,6.3,Open
INC-01930,SITE-001,2024-06-09,Equipment Failure,High,69.4,Cost public visit effect senior open head dog maybe.,Third-party Damage,2.0,Under Investigation
INC-00092,SITE-006,2023-09-21,Near Miss,High,63.2,Tend him help production total occur nature nice pull fast too nice.,Sensor Malfunction,12.0,Under Investigation
INC-03027,SITE-002,13/12/2023,Spill,Crit,67.9,Describe commercial guy prove partner there hit.,,8.3,Open
INC-02107,SITE-005,2024-11-20,Equipment Failure,High,49.0,Enjoy easy person under instead.,,1.9,Under Investigation
INC-02178,SITE-006,2025-06-11,Spill,Critical,27.8,Style life hope leave station discussion draw American.,Sensor Malfunction,5.5,Under Investigation
INC-04097,SITE-006,2023-10-28,Fire,High,62.4,Such test agree car new wear blue.,Valve Failure,2.6,Under Investigation
INC-00393,SITE-003,2024-06-02,Leak,Low,98.1,Indicate Mr pretty country case from want quality suffer.,Valve Failure,6.4,Under Investigation
INC-00994,SITE-006,2023-09-21,Leak,Critical,54.1,Doctor cover whatever worry five even stand really whom itself every together blue effort window black ball.,Operator Error,11.9,Under Investigation
INC-01124,SITE-003,2023-10-31,Spill,Medium,71.2,Develop hundred body early fast several share.,,1.4,Under Investigation
INC-02986,SITE-003,2026-03-27,Equipment Failure,Critical,67.7,Ability less involve traditional back include wait fine argue discuss minute travel.,Material Fatigue,6.8,Under Investigation
INC-02851,SITE-005,2024-10-15,Near Miss,High,27.7,Value west personal officer head dream drop over fall force prepare than.,Valve Failure,5.9,Closed
INC-03662,SITE-005,2024-02-27,Spill,Low,97.5,Keep prepare political radio nation will good daughter benefit.,Operator Error,7.6,Closed
INC-02443,SITE-002,2024-07-01,Spill,Low,84.0,Also same property three remember lot question top trouble rich choose light skill.,Material Fatigue,6.5,Open
INC-00681,SITE-004,2025-01-28,Near Miss,Medium,78.7,Make huge parent reach agent.,Material Fatigue,2.8,Open
INC-00569,SITE-006,2025-07-25,Near Miss,Low,98.4,Modern participant authority onto.,Material Fatigue,0.8,Under Investigation
INC-04602,SITE-006,2026-06-20,Leak,High,58.3,Individual similar compare author stock century bag office run seven it forget analysis Republican film.,Sensor Malfunction,13.4,Open
INC-05862,SITE-003,2025-11-05T00:00:00Z,Fire,Medium,74.9,Bit first special food radio always provide move impact clear future.,Material Fatigue,17.4,Under Investigation
INC-00809,SITE-002,2026-03-27,Near Miss,crit,30.2,Most assume example box week language two reveal.,Sensor Malfunction,8.1,Under Investigation
INC-03288,SITE-006,2024-12-15,Leak,High,67.3,Street seek institution spend cut democratic first citizen continue.,Third-party Damage,10.3,Open
INC-03083,SITE-003,2026-04-02,Spill,,51.4,Reason ever trip edge country could difficult person though why however front or main.,Corrosion,3.2,Under Investigation
INC-04236,SITE-003,24-Jan-2026,Spill,high,70.5,Republican around present remember thought receive rock chance tree trouble sort various possible lose water another.,Sensor Malfunction,5.7,Open
INC-03704,SITE-001,2025-02-13,Near Miss,Medium,73.3,To rich really always scene president provide matter since all myself game black sure station inside letter talk town.,Material Fatigue,5.3,Closed
INC-05874,SITE-006,2026-08-25,Near Miss,Medium,80.5,Tonight of most memory down serve others very example either within.,Corrosion,3.6,Under Investigation
INC-05657,SITE-001,15/05/2025,Near Miss,Medium,77.9,Girl pattern indicate high safe help billion strategy magazine any.,Material Fatigue,6.2,Open
INC-00441,SITE-006,2025-08-08,,Critical,40.7,Can draw power relate decade indeed beautiful.,Sensor Malfunction,5.2,Closed
INC-00597,SITE-005,2025-06-30,Leak,Medium,68.3,Study former method have image face budget.,Sensor Malfunction,2.0,Under Investigation
INC-01728,SITE-004,2024-08-28,Near Miss,High,45.1,Issue political social enter hair floor must movement war make foot deal worker plant population physical feeling.,Valve Failure,6.5,Under Investigation
INC-01663,SITE-006,2026-04-04,Near Miss,High,72.2,Any fire choose local artist head marriage reach last per seat sometimes parent not cold alone.,Valve Failure,11.8,Open
INC-04456,SITE-006,2025-11-09,Leak,High,58.2,Institution culture responsibility college news southern drive court reveal pick staff project speech shake.,Corrosion,6.9,Under Investigation
INC-03041,SITE-002,2024-05-26,Equipment Failure,Low,89.9,Much company good best official state fact finally.,,14.7,Open
INC-01773,SITE-006,2025-04-01,Spill,Critical,41.8,Senior event west media agree grow ready account some.,Valve Failure,8.9,Closed
INC-02225,SITE-006,2026-02-21,,Critical,40.6,Music gas opportunity leader fill probably his physical.,Third-party Damage,7.5,Closed
INC-04060,SITE-001,2024-09-02,Leak,Low,90.3,Beyond range kind realize team reality government event part push.,,2.5,Closed
INC-01310,SITE-001,2025-06-12T00:00:00Z,Near Miss,Critical,40.6,Hot get agreement amount.,Material Fatigue,2.2,Open
INC-02576,SITE-001,2026-05-20,Near Miss,High,57.6,Line change article agency task check set wide play hand door wonder along process cultural.,Valve Failure,6.6,Open
INC-03811,SITE-006,2025-11-06,Leak,High,73.7,Decade one third author official no.,Valve Failure,3.6,Under Investigation
INC-02523,SITE-001,2024-07-11,Near Miss,Low,89.1,Fire fish throw foreign shake look staff difference left lay relate save point such should boy worker rock PM.,Material Fatigue,7.8,Under Investigation
INC-04301,SITE-006,2026-02-04,near miss,Medium,83.2,Various rest heart part determine crime compare wonder party position.,Third-party Damage,3.0,Open
INC-04478,SITE-002,2024-08-19,Near Miss,Critical,45.3,Other doctor attack hot customer white ever evening girl help could.,Valve Failure,7.3,Under Investigation
INC-05573,SITE-001,2024-09-02,Leak,Low,88.1,Think allow bad wait once little maybe where southern son build culture in ahead magazine term.,Third-party Damage,4.2,Closed
INC-02466,SITE-006,2025-08-16,Leak,High,73.3,Morning production because case very scientist organization ball contain.,Valve Failure,16.7,Under Investigation
INC-03395,SITE-003,2024-01-23,Fire,Low,91.3,Reduce tell list kitchen day quality stage agent usually walk along suggest.,Material Fatigue,7.8,Open
INC-02386,SITE-001,2026-03-03,Leak,Medium,89.6,Drive agent apply space loss instead system shoulder enjoy herself.,Corrosion,13.5,Closed
INC-05665,SITE-001,2024-07-30T00:00:00Z,Near Miss,Medium,86.6,Role wrong person newspaper model nation business maintain.,Valve Failure,4.7,Open
INC-02876,SITE-004,2025-03-26,Near Miss,Medium,66.8,Your range stuff talk local already.,Valve Failure,9.7,Closed
INC-01624,SITE-005,19/06/2024,Equipment Failure,High,72.0,Just task peace Mrs machine edge drug.,,10.1,Closed
INC-04647,SITE-006,28/10/2023,Equipment Failure,,61.1,Later would size somebody song still commercial full health organization also.,,16.9,Closed
INC-03057,SITE-004,2023-10-12, Leak,High,77.0,Throw modern fly new able other talk whether writer week find strong behind voice shoulder.,,15.2,Under Investigation
INC-00107,SITE-006,2024-10-30,Leak,Low,99.4,Special show billion stock case worker world new anyone learn huge do short more speak lot.,Valve Failure,28.3,Closed
INC-00650,SITE-005,2026-02-16,Spill,Med,89.8,Environmental at development baby major as reflect student.,Third-party Damage,1.7,Closed
INC-01986,SITE-005,2024-04-25,equipment failure,Med,58.5,Piece offer no stop strategy ground reflect old beyond meet suffer computer fall whom.,Corrosion,3.9,Open
INC-05152,SITE-001,2024-02-03,Spill,Low,90.7,Sit wish low center mean science his source old final where maybe probably cut perhaps rich environment.,,0.7,Closed
INC-04104,SITE-001,2024-03-17,Spill,High,70.7,Poor its bank speech pick government choice add five old management such maybe perform team whole develop yet.,Sensor Malfunction,6.5,Under Investigation
INC-05982,SITE-002,25/12/2023,Equipment Failure,Low,93.3,Address produce thing dog watch close garden land time.,Valve Failure,4.3,Closed
INC-04579,SITE-003,2024-08-17,Leak,Critical,43.2,Nice family share peace someone red who.,,7.1,Closed
INC-02558,SITE-005,06/27/2026,Spill,High,42.9,Floor kind laugh open some their responsibility late more.,,9.2,Open
INC-01596,SITE-002,2024-01-06,near miss,Medium,70.4,Himself before small data attack check reality manager impact I enter.,Corrosion,16.2,Under Investigation
INC-03126,SITE-005,2023-11-02T00:00:00Z,Near Miss,High,67.2,Husband another environment fly police baby hold participant whether red reality.,Valve Failure,7.8,Under Investigation
INC-04831,SITE-005,2025-04-17,Equipment Failure,Medium,80.0,Certain involve woman everyone difficult nation people kitchen return.,Operator Error,4.0,Open
INC-04829,SITE-004,2023-08-04,Near Miss,Medium ,64.3,Off appear edge avoid TV many treatment onto start brother community risk part.,Corrosion,6.3,Open
INC-02071,SITE-004,10/29/2025,Near Miss,Low,93.7,Truth certain generation guy real trip red type simply author describe.,Corrosion,7.8,Open
INC-05836,SITE-002,2024-09-14,Equipment Failure,,82.4,According quickly animal role.,Operator Error,9.1,Open
INC-05543,SITE-006,2024-05-11,Spill,Critical,37.3,Hard threat its skill be firm attack break.,Valve Failure,7.1,Under Investigation
INC-04697,SITE-003,2026-01-27,Spill,Low,87.1,Enjoy accept hospital generation relationship method for hand move large.,Corrosion,6.7,Closed
INC-00085,SITE-004,2025-10-04,Leak,High,69.6,You hour weight best to throw society happy sometimes generation.,,9.6,Open
INC-01848,SITE-006,2025-09-22,Spill,Low,92.7,Camera between Mrs officer statement good.,Operator Error,17.5,Open
INC-01514,SITE-005,2024-02-18,Leak,High,59.3,Whatever mouth attention land quite national half interesting arm number.,,9.4,Under Investigation
INC-04264,SITE-002,2026-09-19,Fire,Low,84.5,Four fast reach game response reach suffer foreign allow carry church.,Sensor Malfunction,8.1,Closed
INC-04523,SITE-006,2025-02-02,Spill,Low,84.7,Impact medical Mrs us wind ever source let old however easy thus model than but.,Valve Failure,1.2,Closed
INC-04464,SITE-001,2026-04-22,Leak,Medium,77.1,Item upon sign relate wife two seat.,Corrosion,1.3,Open
INC-05532,SITE-003,2025-07-06,Spill,Medium,67.1,Our pull laugh product official section skill provide although number almost help perform these pretty.,Operator Error,19.2,Under Investigation
INC-00818,SITE-005,2026-02-23,,Medium,81.3,Decision add peace degree moment that single treat between read picture.,,2.9,Closed
INC-03347,SITE-001,2024-07-25,Spill,medium,68.5,Food agent upon manager student weight mean us.,Material Fatigue,11.9,Closed
INC-04216,SITE-002,2025-01-05,Near Miss,Medium,85.7,Senior simple outside real industry father yourself majority painting its small describe Democrat you difficult.,Operator Error,2.4,Open
INC-02412,SITE-006,2023-10-26,Spill,Critical,48.2,Mother position effort prove PM improve task step.,Corrosion,9.1,Open
INC-04367,SITE-004,2026-01-13,EQUIPMENT FAILURE,Low,79.3,Mr reality option peace cost any.,,12.3,Open
INC-05461,SITE-006,2025-12-06,near-miss,High,78.1,Machine amount test wide religious.,Corrosion,1.2,Open
INC-05800,SITE-003,17/06/2024,Fire,Critical,45.4,Guy might Mr such focus sea head.,Corrosion,4.9,Under Investigation
INC-05374,SITE-006,2024-07-26,Leak,Critical,38.7,Well close stand he we building open direction open industry local side town.,Corrosion,6.6,Closed
INC-04815,SITE-005,09/16/2024,Equipment Failure,Crit,70.5,Drive claim several why interesting nearly others out.,Material Fatigue,0.7,Closed
INC-01925,SITE-003,2026-01-26,SPILL,,72.2,By item participant race institution economic authority receive great skin.,Operator Error,1.9,Under Investigation
INC-03721,SITE-004,2024-03-21,Near Miss,Low,89.0,Yourself contain ago order treatment check approach recognize imagine food here stop thing enough live few.,Corrosion,24.5,Under Investigation
INC-04735,SITE-002,2024-11-19,Near Miss,High,62.7,Charge base low company behind down might PM close magazine if as say give smile plant.,Operator Error,16.2,Closed
INC-05767,SITE-006,28-Jun-2024,Spill,Crit,48.0,Human American garden station leader page.,Third-party Damage,3.6,Under Investigation
INC-01510,SITE-004,2025-10-30,Near Miss,Low,88.8,Answer always stop pass think care smile.,Third-party Damage,12.4,Under Investigation
INC-01335,SITE-003,2024-04-18,,Critical,28.9,Room political term ready receive prevent magazine worry nation director.,,4.1,Closed
INC-03995,SITE-006,06/04/2026,Spill,High,59.3,Under just those fire administration yes resource indicate direction.,Operator Error,6.2,Under Investigation
INC-00480,SITE-004,2026-06-25,equipment failure,Medium,80.1,Morning care spend country likely wife street word wall dark choose service go mention candidate.,Operator Error,9.0,Under Investigation
INC-00039,SITE-006,2025-07-26T00:00:00Z,Equipment Failure,High,55.0,Sense wonder improve produce coach cultural face.,Corrosion,1.8,Open
INC-01460,SITE-006,2026-06-27,Leak,Critical,56.0,Walk kitchen police history cause consider administration lose write mission all research walk purpose service of good every less.,Corrosion,9.9,Closed
INC-01402,SITE-004,2026-03-15,Near Miss,Low,93.4,Someone place head well shake last garden wait blood control.,Corrosion,1.6,Under Investigation
INC-00190,SITE-006,2025-05-10,Fire,Medium,69.5,Arrive attack return law ability admit and thank.,Sensor Malfunction,11.3,Open
INC-05899,SITE-006,2025-05-16T00:00:00Z,Equipment Failure,Low,93.8,Current trade class wind nor majority past simply.,Corrosion,5.7,Open
INC-03070,SITE-005,2024-02-20,Equipment Failure,,54.6,Send yourself eight few however window parent.,Valve Failure,3.2,Open
INC-02210,SITE-006,2026-03-23,Leak,High,-5.0,Wish will research particularly would yeah write company sort international camera mind interesting.,Valve Failure,5.2,Open
INC-02426,SITE-005,2025-09-15,Spill,Low,97.0,Ball both from probably tax morning here.,Corrosion,8.0,Under Investigation
INC-00592,SITE-004,2025-03-16,Equipment Failure,MEDIUM,86.7,Cell treatment management theory its difficult idea throughout human his across office apply exist much on quite black push.,Valve Failure,2.7,Closed
INC-02956,SITE-002,2024-06-19,Equipment Failure,Low,81.4,Building offer notice remain figure similar bar.,Corrosion,3.1,Closed
INC-02034,SITE-005,2024-02-21,Near Miss,Medium,84.4,General source fund option while prevent note next five policy great.,Material Fatigue,6.7,Open
INC-01559,SITE-002,2023-08-20,Equip. Failure,High,53.8,Question staff future often land fall cover improve.,Sensor Malfunction,6.1,Under Investigation
INC-02090,SITE-003,2025-01-24,Fire,High,53.9,A fast especially goal experience budget simply fight full very difference.,Third-party Damage,6.4,Under Investigation
INC-01887,SITE-005,2026-08-14,Leak,Medium,74.8,Most perform with same push particularly item it plant firm yes.,Third-party Damage,6.7,Open
INC-02820,SITE-003,2024-03-30,Spill,High,76.0,Suddenly sing sign sport rich Republican play.,Valve Failure,22.8,Under Investigation
INC-02580,SITE-006,2023-12-30,Fire,High,61.2,Age mention yes will day interview identify Republican against yourself without building science wide guess professor pressure defense.,Third-party Damage,8.1,Under Investigation
INC-02951,SITE-005,2024-02-05,Near Miss,Medium,59.5,Use well believe sign know commercial main.,Operator Error,5.4,Open
INC-04663,SITE-005,11-Sep-2023,Near Miss,High,70.0,His him class ball adult computer television pay age life.,Operator Error,5.5,Open
INC-03964,SITE-002,2026-07-07,Leak,Medium,69.5,Strong score top quality real.,Sensor Malfunction,6.1,Closed
INC-01935,SITE-004,2026-05-11,Near Miss,Medium,76.5,Room stop management part protect.,Operator Error,7.8,Under Investigation
INC-02932,SITE-002,2024-06-06,Near Miss,Low,94.1,Whom dream follow enter out suggest.,Material Fatigue,6.0,Under Investigation
INC-01670,SITE-006,2024-07-14,Spill,Low,88.4,Save finish project interesting moment now.,Corrosion,13.3,Open
INC-05565,SITE-002,2026-07-06,Near Miss,Medium,97.6,Whole how bill goal claim.,Operator Error,2.9,Open
INC-02965,SITE-004,27-Dec-2024,Equipment Failure,High,64.5,Practice result article right light guess guess offer single detail month rate care suggest media.,Corrosion,9.0,Closed
INC-05974,SITE-005,2025-10-20,Leak,Hi,78.9,School night left suffer sort dinner perhaps trouble strong.,Third-party Damage,8.3,Open
INC-02734,SITE-004,2024-09-18,Equipment Failure,Medium,73.4,Bar PM second sometimes.,,13.8,Open
INC-00291,SITE-001,2026-07-12,Near Miss,Medium,81.2,Town her loss key test rather memory.,Operator Error,4.2,Under Investigation
INC-04165,SITE-005,2024-03-14,Near Miss,High,51.4,Population them style situation simply.,,21.2,Closed
INC-05231,SITE-004,07/04/2026,Leak,medium,75.0,Growth onto story particularly listen more go sit off position read growth drug community increase tend student series determine.,Operator Error,5.5,Open
INC-05838,SITE-003,2025-12-07,Leak,High,47.2,Travel partner probably business window we bad keep body management college exist.,Material Fatigue,5.8,Open
INC-02209,SITE-001,13-Oct-2025,Near Miss,High,62.8,World whole charge rock institution provide however poor improve evidence wide fight.,Corrosion,9.4,Closed
INC-03243,SITE-003,2025-08-08T00:00:00Z,Near Miss,High,51.7,Ability mother cover fight while hour wish rate exist.,Sensor Malfunction,9.7,Open
INC-00915,SITE-006,2024-03-25,Equipment Failure,Critical,45.8,Treat particularly bit single.,Material Fatigue,10.0,Under Investigation
INC-04502,SITE-006,2025-06-27,Fire,High,53.0,The great point another how.,Third-party Damage,8.8,Open
INC-02735,SITE-004,2025-02-15,Near Miss,,58.4,Kind not present bag career age many among.,Third-party Damage,10.3,Open
INC-00048,SITE-006,03-Feb-2025,Fire,Medium,73.5,Special adult front source artist market they rest house soldier off man option.,Operator Error,5.1,Closed
INC-02737,SITE-005,2026-05-12T00:00:00Z,Near Miss,Medium,68.7,Member bit argue decision bit myself white central.,Valve Failure,3.8,Open
INC-05857,SITE-004,12/30/2024,Near Miss,Low,87.2,Collection career government back politics leader consumer moment father money walk red break available form size.,Material Fatigue,3.4,Open
INC-01330,SITE-003,2026-10-07,Spill,Medium,80.9,Require wish build beat entire go want hospital summer me seem.,Valve Failure,3.8,Closed
INC-00363,SITE-003,2024-07-23,Equipment Failure,High,39.1,West born wonder discover well among street sister group create whether billion third eat three theory us Congress baby only.,Material Fatigue,2.3,Under Investigation
INC-01894,SITE-003,11/12/2024,Near Miss,Crit,34.3,Opportunity season treatment meeting attorney line expect.,Valve Failure,2.2,Open
INC-02518,SITE-006,2024-07-09,Near Miss,Critical,45.7,Place sell discuss power economy every situation though defense.,,7.6,Under Investigation
INC-02121,SITE-004,07/05/2024,Leak,Medium,72.1,Far red during film bank protect produce station.,Valve Failure,2.5,Open
INC-04175,SITE-002,25/12/2023,Spill,Low,87.0,Each girl quickly crime level one while help lawyer down identify out.,Material Fatigue,1.5,Under Investigation
INC-04889,SITE-006,19-May-2024,Near Miss,High,46.6,Detail character town hand still get seek degree evidence relationship.,Corrosion,6.9,Under Investigation
INC-04304,SITE-005,2026-01-08,Near Miss,Low,71.6,Middle nice material cost need subject candidate ground partner success quality.,Valve Failure,3.1,Closed
INC-00278,SITE-003,2025-01-22,Equipment Failure,High,54.4,Worry history floor professional certainly fine deep family free choice recent carry.,Corrosion,7.4,Under Investigation
INC-01814,SITE-003,21-Jan-2024,Leak,Critical,39.2,Machine treat shake power itself design record those day understand.,Valve Failure,5.8,Open
INC-00778,SITE-005,2026-04-28,Leak,low,89.1,Group few himself ten body service mother clear choose such town measure.,,10.6,Under Investigation
INC-00584,SITE-002,2025-03-02T00:00:00Z,Equipment Failure,,90.8,Yet behind a teach course affect by open authority.,Corrosion,12.7,Under Investigation
INC-00914,SITE-002,2025-02-16T00:00:00Z,Fire,Medium,74.2,Because heavy just five school one color remember action her wait apply community something suffer reduce.,Third-party Damage,18.0,Closed
INC-02500,SITE-002,2026-05-01,Leak,Hi,52.6,Enough question street arrive either.,Sensor Malfunction,5.5,Open
INC-05384,SITE-001,2024-09-15,Near Miss,High,53.2,Statement reason early some item outside send number finish.,,5.0,Closed
INC-01094,SITE-001,2023-11-03,Equipment Failure,High,61.8,Whole federal form course paper end.,Corrosion,5.4,Open
INC-00843,SITE-006,2024-01-16,Fire,Low,85.2,Big speak by leave whole become street modern across play nice international man magazine.,Operator Error,2.7,Open
INC-03937,SITE-001,2024-10-23,Near Miss, Low,115.7,Day can interest report large than reduce meet.,Third-party Damage,2.8,Closed
INC-00205,SITE-002,2026-07-11,Equipment Failure,High,63.7,Option have while seat between foreign central child try speak.,Sensor Malfunction,5.6,Closed
INC-02741,SITE-003,2023-10-04,Spill,High,71.9,Drop message purpose at begin leave provide he government these lawyer compare bank.,Operator Error,22.8,Under Investigation
INC-05412,SITE-006,2025-12-18,spill,Medium,61.8,Attack simply second bed provide various mother small staff land.,Sensor Malfunction,10.1,Open
INC-02347,SITE-003,2024-10-24,Spill, medium,86.5,I speech street soon couple why baby reflect staff director able.,Operator Error,33.0,Closed
INC-03116,SITE-006,2025-08-07,Leak,High,52.2,Option significant level central move writer.,Operator Error,23.9,Closed
INC-02846,SITE-001,2025-01-03,Equipment Failure,Low,80.8,Test smile board instead certain the knowledge scene role discuss under movement drug important exactly first when impact real.,Valve Failure,1.9,Under Investigation
INC-03210,SITE-001,2024-05-26,Equipment Failure,High,69.4,Set above TV last growth create protect charge others we military fund rich.,,9.3,Open
INC-04016,SITE-006,2026-01-01,Near Miss,High,79.2,Capital hard case kind pick life explain plant quite democratic force he.,Material Fatigue,20.8,Under Investigation
INC-03026,SITE-001,2024-02-21,Near Miss,Medium,63.9,Character dog ground our cultural begin adult.,,8.1,Open
INC-05654,SITE-004,2026-09-21,Equipment Failure,Medium,71.2,Cut why sometimes Democrat owner create job down blood design mean toward.,,8.3,Closed
INC-00541,SITE-002,02/20/2025,Leak,Low,92.0,Take report reveal new account computer lawyer what involve not probably.,Operator Error,5.6,Open
INC-05004,SITE-003,2025-05-09,Equipment Failure,High,72.9,And manage paper truth course tell Mr authority leg open some Democrat research.,Material Fatigue,5.3,Closed
INC-03819,SITE-006,2026-05-27,Fire,Critical,31.4,High off relationship speech group animal time be read age close.,Operator Error,7.5,Closed
INC-03599,SITE-005,2025-05-04,Leak,Medium,88.1,Ever degree soon knowledge boy lose join end red medical suffer including once information character.,Third-party Damage,8.1,Under Investigation
INC-01970,SITE-003,08/02/2024,leak,High,55.0,Lay bit forward ground when word action hold guy become.,Material Fatigue,10.0,Open
INC-04788,SITE-006,2024-06-10,Equipment Failure,Critical,25.4,Chance relate upon ok so environmental mission concern bad special.,,18.0,Under Investigation
INC-05807,SITE-003,2025-05-24,Spill,Medium,75.5,Become society image beat last body year service property learn western four there life court enough third later.,,13.0,Open
INC-05368,SITE-004,12-Nov-2024,Equipment Failure,Low,87.0,The party plan usually easy discussion half drop.,Corrosion,7.0,Under Investigation
INC-03580,SITE-003,2025-03-29,Spill,Critical,25.5,Travel station somebody drug provide middle.,Third-party Damage,6.5,Open
INC-00245,SITE-005,2024-08-09,Fire,Medium,73.5,Conference central notice too carry significant purpose bill threat nation.,Operator Error,1.5,Closed
INC-01201,SITE-003,2025-06-22,Near Miss,Medium,60.8,Edge exist final less affect huge which loss thing for give know.,,7.7,Under Investigation
INC-02369,SITE-006,2024-01-19,Leak,High,51.8,Carry very woman five game hand suffer behavior radio.,Operator Error,7.9,Closed
INC-04282,SITE-002,2023-08-27,Near Miss,Low,79.1,Audience site tell rather relationship his member star serve cut election blood hear care tell.,Corrosion,4.8,Open
INC-00268,SITE-005,2024-08-04,Equipment Failure,Critical,35.9,Law mission field at message cell performance ever bill really need.,Third-party Damage,11.1,Under Investigation
INC-00684,SITE-004,11/28/2025,NEAR MISS,Medium,56.8,Woman fast medical along upon treat history although enter I.,Third-party Damage,5.7,Closed
INC-05011,SITE-004,2026-01-09,Fire,Medium,88.1,Play get keep wonder exist official.,Valve Failure,5.4,Under Investigation
INC-02217,SITE-005,2026-01-23,Equipment Failure,Lo,87.9,Over join month million.,Sensor Malfunction,6.6,Closed
INC-01982,SITE-001,2025-09-17,Near Miss,Low,80.2,Seat day artist daughter.,,14.1,Closed
INC-02429,SITE-004,2026-02-20,Near Miss,Low,93.9,Measure south trouble second idea forget.,Valve Failure,8.0,Open
INC-05514,SITE-006,08/08/2023,,medium,76.0,Bill size hour way let today they.,Corrosion,6.3,Under Investigation
INC-01783,SITE-002,07/28/2023,Equipment Failure,Critical,46.5,Debate meeting treatment agree art radio garden itself its.,Valve Failure,18.1,Open
INC-04349,SITE-003,2023-12-03T00:00:00Z,Equipment Failure,Critical,32.3,Drive first process leader expect future guy window collection cover travel who relationship option check step yeah stay clearly.,Corrosion,8.1,Open
INC-00224,SITE-002,2026-02-14,Near Miss,Low,93.4,Return itself feeling campaign above feel difference no produce across site indicate.,Operator Error,3.3,Under Investigation
INC-03882,SITE-001,2024-08-13T00:00:00Z, fire,Lo,77.5,Serious Republican three two may visit people.,Operator Error,2.9,Open
INC-04405,SITE-006,02/08/2025,Spill,Medium,70.7,Article fine sing gas agreement before ago hold voice laugh significant sit debate carry often.,Sensor Malfunction,9.8,Closed
INC-00371,SITE-002,2026-06-28,Spill,Medium,72.3,Remain case money education become Mrs my paper paper.,Corrosion,7.0,Open
INC-01301,SITE-003,2023-12-21,Spill,Low,78.3,Age everything paper often time suggest natural measure agreement.,Material Fatigue,7.9,Open
INC-04265,SITE-005,2025-04-16,Near Miss,Low,86.2,Focus there room bar from consider stuff paper another hard past economic.,Corrosion,4.7,Under Investigation
INC-01303,SITE-006,2023-11-02,Leak,Medium,62.6,Image player choice it trip court every recognize create traditional expect simply night ok source better.,Operator Error,4.7,Under Investigation
INC-04960,SITE-004,2025-06-03,Leak,High,66.7,Middle police tend head door.,Corrosion,5.7,Closed
INC-04149,SITE-006,2024-05-09,Oil Leak,Critical,41.2,State assume toward real eight buy movement box necessary left compare stop hair article movement.,Sensor Malfunction,4.0,Open
INC-05706,SITE-001,2025-01-17,Near Miss,Low,91.7,Stay say factor interview break study box picture change sure ever everybody.,,8.3,Open
INC-04823,SITE-006,2023-11-18,Equipment Failure,Medium,71.1,Source election around assume green police total.,Operator Error,20.3,Closed
INC-02420,SITE-003,2024-12-22,Near Miss,crit,50.7,News word police hour never myself model TV.,,13.6,Open
INC-03480,SITE-002,06/04/2026,Near Miss,Medium,72.6,Bill daughter which animal continue yourself party sound figure goal safe majority event score agent admit cause people.,Material Fatigue,11.2,Closed
INC-00728,SITE-003,2023-11-15,Near Miss,Medium,68.6,By others decide tough dark value meeting consider hotel she.,Corrosion,1.7,Closed
INC-00320,SITE-004,01/03/2025,Leak,Crit,46.5,Officer option too worker front dinner.,Sensor Malfunction,6.9,Open
INC-00398,SITE-005,19/09/2023,Equipment Failure,Low,90.4,Develop lose sort pressure understand around focus especially matter.,Sensor Malfunction,10.6,Under Investigation
INC-00938,SITE-005,23/06/2024,Equipment Failure,Low,90.5,Program most can offer baby red spend according hit yard staff race turn senior.,Third-party Damage,14.3,Closed
INC-05924,SITE-001,2025-10-22,Near Miss,High,60.9,Admit stock indicate project ten box audience threat.,Valve Failure,7.1,Closed
INC-00548,SITE-004,2026-02-04T00:00:00Z,Equipment Failure,Critical,29.7,Four trade win artist understand explain throw on.,,6.0,Under Investigation
INC-03961,SITE-006,2026-03-05,Leak,High,67.7,Leave street either main page speak alone for white choice business would.,Material Fatigue,2.7,Open
INC-05821,SITE-006,2026-06-11,Spill,High,49.4,Leave community bring partner within quickly.,,9.7,Closed
INC-01508,SITE-003,2023-12-21,Spill,,53.7,Ten history summer score drive.,,4.8,Under Investigation
INC-00267,SITE-003,2024-12-01,Near Miss,Critical,46.8,Environment professional try response low by yourself man financial development responsibility role there friend.,Material Fatigue,21.2,Closed
INC-05613,SITE-005,2025-07-25,Equipment Failure,Critical,56.0,Whole forward town interview when believe interest language everything development let bed whatever represent chance involve role.,Material Fatigue,17.8,Closed
INC-00612,SITE-003,2026-05-19,,Crit,53.3,Leave forget visit large laugh reach fine discuss owner us off series budget approach final determine.,,11.7,Under Investigation
INC-04138,SITE-003,2023-11-17,Spill,Medium,80.9,Use power enough control.,Valve Failure,8.4,Open
INC-04088,SITE-004,2026-02-10,Equipment Failure,Medium,70.7,Difficult small kitchen life soldier production oil.,Operator Error,5.8,Under Investigation
INC-05500,SITE-003,2023-09-04,Fire,Medium,69.8,Father part interview partner claim always.,Operator Error,8.8,Closed
INC-02072,SITE-003,02-Nov-2023,Leak,High,57.0,Nearly world product consider lot heart once draw similar animal understand thing.,Material Fatigue,4.0,Open
INC-01061,SITE-003,2023-10-19,Fire,High,56.6,Activity fish scientist material yet attorney concern leave option under have standard pattern reach.,Sensor Malfunction,11.9,Open
INC-05062,SITE-002,2026-04-19,Equipment  Failure,,90.9,Single experience speak care through one heavy commercial.,Operator Error,11.3,Open
INC-00989,SITE-001,2025-12-20,Near Miss,High,56.5,Drug foot test perhaps pattern seven she write note young.,,2.5,Closed
INC-00410,SITE-001,2026-05-16T00:00:00Z,Spill,High,61.3,Process plan too staff somebody discover institution and material leg sign environment.,Valve Failure,16.0,Open
INC-02831,SITE-001,2026-02-12,Spill,Low,87.3,Let rule can summer sea nearly save himself son play magazine.,Corrosion,8.3,Closed
INC-03778,SITE-004,2024-08-10,Near Miss,Critical,49.1,Someone memory degree.,,8.4,Closed
INC-01927,SITE-003,30-Sep-2024,Leak,Critical,69.8,Stuff off use bill institution scene traditional raise.,Sensor Malfunction,7.5,Closed
INC-05975,SITE-001,14/07/2026,Leak,High,46.5,Evening play audience mother.,Material Fatigue,14.2,Under Investigation
INC-00766,SITE-006,2026-08-23,Leak,,67.7,Time smile guy month a reason whether concern allow beyond money left.,,1.6,Closed
INC-00149,SITE-006,07-Mar-2026,Leak,High,59.7,Sit pressure paper assume among personal PM during enter letter threat everything response show difficult attention phone safe show.,Corrosion,2.4,Under Investigation
INC-01186,SITE-005,2024-01-23T00:00:00Z,Spill,Medium,77.7,Term business loss series information area box.,,10.2,Under Investigation
INC-02692,SITE-001,2024-04-28,Equipment Failure,Low,94.9,Mission purpose head door modern because ask contain describe prove.,Third-party Damage,29.3,Open
INC-02886,SITE-001,14-Jun-2026,Spill,Medium,77.5,Page front race site.,Valve Failure,8.2,Closed
INC-02316,SITE-006,2025-02-25,Spill,High,73.6,Than simple start investment find material particularly since research market professional sometimes.,Material Fatigue,15.9,Open
INC-04231,SITE-005,17/02/2026,Equipment Failure,,86.7,Our color eight recently mind stock name positive as like few.,,13.3,Closed
INC-01979,SITE-003,2024-05-31,Fire,High,48.0,End must control computer public gun go customer view similar against economy black century.,,4.1,Under Investigation
INC-00097,SITE-004,2025-02-26,Equipment Failure,Critical,22.8,Show eye window gun name teacher maybe likely whatever husband believe weight foreign central sea big mean night require.,Valve Failure,7.7,Under Investigation
INC-05507,SITE-001,2025-01-19,Near Miss,Medium,75.8,Option American resource at catch approach yeah top deal drug teach mouth.,Material Fatigue,7.0,Open
INC-01800,SITE-001,2024-04-06,Equip. Failure,Medium,86.3,Floor a reach arrive pattern natural hour material majority.,Valve Failure,3.3,Open
INC-05203,SITE-005,2024-03-21,Near Miss,Medium,78.3,Either sea and almost attention fund cause.,Corrosion,13.7,Open
INC-01720,SITE-003,2024-04-25,,Low,93.5,Wonder base top entire technology country put.,Operator Error,1.4,Open
INC-03812,SITE-006,2024-09-19,Fire ,High,75.0,Ok or employee because hit girl positive suddenly goal.,Sensor Malfunction,5.5,Closed
INC-02924,SITE-003,2024-08-25,Leak,Crit,54.6,Receive deal face need important reason down.,Corrosion,7.1,Under Investigation
INC-00415,SITE-005,2025-11-02,Equipment Failure,High,71.9,Several foreign in world leg.,Valve Failure,7.6,Open
INC-01308,SITE-001,03-Mar-2026,Near Miss,Medium,86.6,West decide way remember central writer hold wrong remember.,Third-party Damage,12.6,Closed
INC-00568,SITE-003,2025-04-14,Fire,Medium,86.8,Successful work many operation.,Operator Error,10.4,Under Investigation
INC-01791,SITE-001,2025-09-07,Near Miss,Low,90.0,Upon so level point writer light challenge art money possible.,Third-party Damage,7.6,Open
INC-05118,SITE-004,2026-05-29,Near Miss,Low,73.2,Imagine these suffer improve article hope culture deep in.,Material Fatigue,20.6,Closed
INC-02027,SITE-005,2025-06-10,Near Miss,Medium,92.7,Although ability consider apply high here early difference particularly what blue us.,Material Fatigue,7.0,Closed
INC-05323,SITE-002,2026-06-12,Near Miss,Medium,85.5,Mission ten great less plant decide government involve fire within agreement thank.,Sensor Malfunction,4.4,Under Investigation
INC-05024,SITE-001,03/12/2024,near-miss,High,61.0,Significant outside role drug close detail your not care owner offer ask.,,6.6,Under Investigation
INC-00286,SITE-002,2025-08-07,Equipment  Failure,Medium,65.5,Join mind none style age hot now drug act.,Corrosion,5.4,Under Investigation
INC-05817,SITE-004,2024-05-29,Equipment Failure,Medium,82.3,Space thought cover fear Mr draw media edge.,Material Fatigue,11.1,Under Investigation
INC-03147,SITE-006,2024-06-15,Fire,High,51.0,Wife series glass involve keep should sign increase who.,Corrosion,3.5,Open
INC-02682,SITE-006,2025-01-25,Leak,High,55.0,Human smile leave about indicate season cell.,Third-party Damage,1.7,Under Investigation
INC-02747,SITE-003,2023-09-08,Near Miss,High,49.3,How continue oil significant sell different million ability environment wrong position manage.,Corrosion,7.1,Open
INC-05695,SITE-003,29/10/2024,Near Miss,Critical,46.5,Body general either certainly live tonight thus guess house big challenge what real big however identify range.,Operator Error,20.9,Open
INC-04284,SITE-005,2024-01-19,Leak,Medium,70.2,Return move leg cost return risk book nation once.,,4.0,Closed
INC-04881,SITE-002,14/10/2023,NEAR MISS, Low,76.5,First no prepare each natural expert miss teach concern still.,Valve Failure,2.3,Under Investigation
INC-02064,SITE-003,2023-09-10,Leak,Medium,78.9,This effect keep everyone generation also citizen tonight staff view agree summer.,,6.0,Closed
INC-03368,SITE-006,2025-09-27,Leak,Medium,70.0,Room fear responsibility wonder according defense sit all green see leader TV writer professor.,Valve Failure,0.9,Under Investigation
INC-00052,SITE-002,2024-11-14,Near Miss,High,59.6,Officer thing never likely listen author smile gas.,Valve Failure,19.2,Open
INC-02468,SITE-003,2023-11-26,Leak,High,48.0,Every loss anyone according include without.,Third-party Damage,3.7,Closed
INC-04789,SITE-003,2023-08-14,Leak,Medium,90.9,Want thus officer question great family job.,Operator Error,3.2,Closed
INC-05322,SITE-005,2026-05-03,Leak,High,71.7,Next across main research within opportunity east nearly early.,,11.5,Under Investigation
INC-00082,SITE-006,2024-08-01,Fire,Medium,73.7,Event response high no whom arm.,Valve Failure,5.5,Under Investigation
INC-04940,SITE-006,2026-03-11,Spill,Critical,30.2,Bill commercial share require entire natural best item mind realize treat skin adult.,Corrosion,35.2,Closed
INC-02730,SITE-006,2025-04-21,Leak, Critical,46.4,Get around enjoy including possible ever open audience note expert.,Sensor Malfunction,3.4,Under Investigation
INC-00963,SITE-005,2026-03-11,Equipment Failure,Medium,71.7,Would data sign half.,Valve Failure,9.0,Closed
INC-05107,SITE-004,2026-05-09,Equipment Failure,Medium,68.9,Sometimes total fill also decide across seek appear father land.,Sensor Malfunction,8.0,Closed
INC-02533,SITE-003,20-May-2026,Fire,Medium,74.8,If body late somebody.,,8.5,Open
INC-02629,SITE-004,2024-05-16,Equipment Failure,High,60.1,Front good could national increase.,,2.7,Open
INC-02440,SITE-003,2025-12-13,Leak,Medium,78.8,Identify upon sense use budget force trial.,Corrosion,17.3,Under Investigation
INC-05882,SITE-001,2023-12-19,Near Miss,Low,90.1,Another indeed form partner floor whom foot.,Corrosion,5.1,Closed
INC-01403,SITE-004,23/05/2024,Near Miss,Medium,82.1,Receive public law interest ago ready up clearly bag.,Operator Error,4.9,Under Investigation
INC-03052,SITE-005,2024-07-26,Near Miss,High,54.9,Myself put sort successful top none feel speech Republican.,Corrosion,6.6,Closed
INC-00893,SITE-005,2023-12-22,,High,52.5,Able lead early safe artist similar individual down soldier whether.,Third-party Damage,5.0,Open
INC-04133,SITE-002,2025-06-09,Near Miss,Low,88.7,Hospital scene pick break single whom movement clearly than.,Third-party Damage,15.3,Under Investigation
INC-01743,SITE-005,2023-11-23,Fire,Low,85.9,Foreign collection soldier bring office strategy skill.,,3.1,Open
INC-00062,SITE-001,2023-12-03,Equip. Failure,High,59.4,I board deep center small behind there indeed.,Third-party Damage,8.0,Open
INC-02869,SITE-002,2026-08-18,Fire,Low,92.7,Building bag shoulder poor use itself hand pay road.,Corrosion,8.8,Closed
INC-03442,SITE-006,2025-05-03,Equipment Failure,Crit,34.6,Opportunity including very maybe interesting test control dark firm figure spring rule exist form music unit music.,,4.7,Open
INC-00980,SITE-004,10/17/2024,Equipment Failure,Medium,73.9,Sign relationship service capital probably get education doctor this discussion likely.,Sensor Malfunction,3.5,Under Investigation
INC-00122,SITE-004,2025-02-18,Leak,Critical,27.2,Lead organization country floor start debate.,,15.8,Open
INC-04392,SITE-003,01/28/2026,Leak,Medium,71.5,Quickly dream happy law hear summer cold company reach significant out improve.,,1.8,Open
INC-05438,SITE-003,2025-11-14,Equipment Failure,Critical,50.8,Food toward everything how article act television blue listen share three size hit hair smile.,Third-party Damage,6.1,Closed
INC-05864,SITE-005,2025-03-30,Near Miss,Low,87.9,Billion prevent natural heart its paper decade suffer person.,Third-party Damage,12.1,Open
INC-04219,SITE-004,11/10/2024,Leak,Low,95.4,Medical resource create forward important series produce site around onto collection century country important cultural full eat.,Third-party Damage,5.5,Under Investigation
INC-00232,SITE-003,2023-08-08,Leak,Low,89.3,Head dinner respond live similar enter nothing offer.,Third-party Damage,6.8,Under Investigation
INC-00640,SITE-003,2026-05-20,Leak,Critical,60.3,Mind actually message leave course nearly space account measure message do college involve only develop.,Sensor Malfunction,7.6,Open
INC-00982,SITE-004,2025-02-17,,Low,85.7,Three behavior spend certain share while table change increase series leader power nor environment condition age value.,,21.0,Under Investigation
INC-03292,SITE-001,2025-02-21,Fire,Medium,82.8,Thought action fill among everyone store small truth carry bit money capital.,Sensor Malfunction,9.0,Under Investigation
INC-03709,SITE-004,2025-03-11,Equipment Failure,Low,81.6,Direction memory economy follow color.,Operator Error,8.8,Closed
INC-00430,SITE-002,2026-05-31,Near Miss,High,58.2,Figure student threat soon project student imagine hear.,Material Fatigue,20.9,Open
INC-02112,SITE-005,2025-04-30,Equipment Failure,High,57.1,Eat which include marriage natural garden same.,Material Fatigue,8.1,Under Investigation
INC-00948,SITE-004,2025-02-04,Near Miss,Low,79.0,Would save require however right beautiful item white determine subject interview feeling.,Third-party Damage,6.2,Under Investigation
INC-00925,SITE-006,2025-11-08,Leak,Critical,29.6,To despite respond another spring positive war hot data.,Operator Error,22.9,Closed
INC-02653,SITE-002,2024-04-22,Spill,Low,94.7,Series drive six indicate computer happy white quite brother.,Operator Error,11.7,Open
INC-05784,SITE-005,2026-05-26,Spill,High,67.4,Office course act show radio feel development action line one total technology five.,Third-party Damage,9.8,Closed
INC-00962,SITE-006,2025-02-11,SPILL,Critical,43.1,Bag almost life though course also she senior bill affect.,Material Fatigue,7.6,Closed
INC-02403,SITE-002,2025-10-30,Spill, Low,95.4,Fund fund magazine nation yard president animal option director foreign full assume.,Sensor Malfunction,2.9,Open
INC-04299,SITE-003,2025-08-22,,Medium,84.8,Interview green help arm summer.,Operator Error,0.3,Closed
INC-00126,SITE-006,2024-01-16,Fire,Medium,72.7,Agency opportunity though what note coach federal they either take would sport.,Sensor Malfunction,3.9,Closed
INC-04887,SITE-001,03/12/2025,Spill,High,66.2,Before condition rich agency computer close together also husband guess start.,Valve Failure,9.2,Under Investigation
INC-03557,SITE-004,2025-08-08T00:00:00Z,,Medium,77.5,Official prove water science professional car rock.,,10.0,Open
INC-04922,SITE-003,2024-03-16,Equipment Failure,Critical,29.9,Career whose Congress prove fear mean father.,Third-party Damage,24.8,Open
INC-01247,SITE-004,2023-09-06,Spill,Low,87.2,Line evening save recognize suggest others individual already fast within officer.,Material Fatigue,7.3,Under Investigation
INC-05301,SITE-001,2024-11-14,Near Miss,High,53.4,Skin others great final management throughout pay claim people account send after ok usually learn scene.,,6.2,Open
INC-03091,SITE-006,13/04/2026,LEAK,HIGH,54.3,Force subject time also short age clear always family hold find thank.,Valve Failure,7.9,Closed
INC-01804,SITE-002,2023-11-18T00:00:00Z,Near Miss,Medium,68.6,Mind only civil really soon hour or film environment ground executive produce report each fill gun get.,Valve Failure,11.2,Closed
INC-01368,SITE-006,2024-04-17,Equipment Failure,High,82.1,Religious fear paper expert mother point call life hospital lawyer work marriage their young.,Corrosion,7.0,Open
INC-03920,SITE-003,2023-10-04,Spill,high,46.8,Not TV and federal establish thought long director media house.,Sensor Malfunction,3.1,Closed
INC-05610,SITE-005,2025-12-20,Leak,Low,97.2,Marriage never point community south per hospital land establish meeting discussion one heavy dream.,Operator Error,3.6,Under Investigation
INC-05649,SITE-004,2026-06-20,Leak,MEDIUM,76.3,Building different federal true seven someone.,Corrosion,17.3,Under Investigation
INC-00017,SITE-006,2025-07-06,Leak,Critical,46.7,Total case thought describe seek southern door.,Sensor Malfunction,1.9,Under Investigation
INC-02807,SITE-003,01-Jul-2026,Fire,Medium ,72.0,Care probably avoid west a writer voice future argue movie control citizen.,Operator Error,13.6,Under Investigation
INC-05986,SITE-004,2024-11-25,Equipment Failure,Low,84.8,Though responsibility course perhaps grow forward lot kitchen action west commercial realize.,Material Fatigue,5.2,Closed
INC-00881,SITE-006,2024-04-10,Fire,High,58.0,Wish they story support race.,,14.0,Open
INC-01431,SITE-004,2026-02-24,Equipment Failure,Medium,76.2,Back southern lay glass even care billion guess event seven account as audience.,,6.1,Under Investigation
INC-00032,SITE-006,2024-09-22,Fire,Low,83.0,Through least main part south pass always yet evening risk.,,13.5,Under Investigation
INC-00199,SITE-005,2026-04-15,Spill,Medium,73.3,Modern film test economy nature government around commercial former.,,4.0,Closed
INC-00327,SITE-006,2026-02-02,Leak,Critical,65.4,Suffer spend help himself old minute teach phone instead religious.,,11.3,Under Investigation
INC-01862,SITE-006,2023-08-17,Leak,Medium,73.8,Church follow animal time mission condition quickly another matter help economy pull blue today interesting firm somebody.,,5.7,Open
INC-04514,SITE-004,2026-01-19,Equipment Failure,Low,87.3,Walk decision attorney.,Material Fatigue,14.9,Under Investigation
INC-05525,SITE-006,2024-08-14,Equipment Failure,MEDIUM,59.7,Particular know relationship bring discussion once now key share movement quite.,,10.0,Closed
INC-01641,SITE-006,17-May-2025,Spill,High,68.1,Although pattern become local tough either owner kitchen behind side meet.,Sensor Malfunction,5.7,Open
INC-03029,SITE-006,2025-05-02,Fire,Critical,45.8,Option base perform cell natural left discussion have lead drug girl whom.,,7.5,Open
INC-02841,SITE-004,2023-10-16,Equipment Failure,Low,90.4,Anyone and religious strong American.,Third-party Damage,3.9,Closed
INC-01177,SITE-006,2023-12-22,Spill,Medium,74.5,Owner always serious risk indeed age by single.,Material Fatigue,7.7,Under Investigation
INC-03344,SITE-004,11-Nov-2024,Leak,Critical,64.4,Catch change well base out government support remember group.,Third-party Damage,13.8,Closed
INC-03732,SITE-001,2023-12-12,Near Miss,Low,93.4,Wrong help probably try morning how case hit reflect thought.,Sensor Malfunction,1.7,Open
INC-00128,SITE-004,05-May-2024,Near Miss,Medium,76.0,Serve just behavior stay continue rather.,Third-party Damage,4.8,Closed
INC-04649,SITE-006,2024-06-29,Leak,High,52.3,Maybe she difficult beyond interest food network property ago environment four wind few candidate society play environment trouble positive.,Sensor Malfunction,3.2,Under Investigation
INC-01525,SITE-001,2025-01-03,Equipment Failure,Critical,49.3,Real service something rate drug recently town summer.,,10.7,Under Investigation
INC-05626,SITE-003,2025-03-15,Spill,High,57.0,Scene man teach media sport war south father traditional account.,,0.7,Under Investigation
INC-01636,SITE-002,2026-06-19,Spill,High,49.3,Market will room term tonight member provide environment.,Third-party Damage,5.6,Under Investigation
INC-05113,SITE-001,2024-07-06,Equipment Failure,High,51.9,Thus image apply either apply could class most.,Third-party Damage,6.1,Under Investigation
INC-04366,SITE-004,2024-11-13,Fire,Low,87.2,Successful player carry large can Democrat standard wind.,Material Fatigue,9.7,Closed
INC-04730,SITE-002,2023-08-11,Fire,Critical,32.5,Glass business poor within any you western role better.,Third-party Damage,3.5,Under Investigation
INC-00015,SITE-006,2025-08-12,Leak,Critical,67.9,Information data product pretty agreement prove special lay chair however wall visit.,Third-party Damage,5.9,Closed
INC-03799,SITE-004,2024-02-26,Equipment Failure,Lo,88.8,Month wear majority without herself plant bag ok total one.,Corrosion,10.5,Open
INC-04764,SITE-003,10/05/2025,Spill,Critical,41.5,Work certainly participant upon.,Valve Failure,3.0,Under Investigation
INC-03245,SITE-004,2024-03-23,Equipment Failure,Critical,51.5,Hospital green owner best use amount clear become into want I wish billion history democratic economic population we husband western.,Third-party Damage,12.8,Closed
INC-04548,SITE-001,2024-01-18,Spill,Medium,78.2,Somebody across late style up quite drop.,Operator Error,8.8,Open
INC-02436,SITE-002,2026-02-06,Equipment Failure, Low,104.0,Begin seat market system current do senior.,Sensor Malfunction,1.2,Closed
INC-00677,SITE-003,2024-01-15,Leak,Critical,51.4,Political network policy term place sister near themselves business know image fine may exist than fight show.,Material Fatigue,8.1,Under Investigation
INC-00460,SITE-001,2025-07-10,Near Miss,,63.2,Sort approach environmental PM enjoy lot while health buy culture billion.,Corrosion,9.1,Closed
INC-02564,SITE-001,2024-09-06,Equipment Failure,Low,88.7,Management line research significant garden adult book team man oil begin life.,Operator Error,2.3,Under Investigation
INC-04101,SITE-003,2026-05-31,Leak,Medium,71.5,Consider smile together form section share return decide rather six trouble find among modern production ask property authority Democrat.,Operator Error,1.9,Under Investigation
INC-02360,SITE-005,2026-06-16,,Medium,67.9,Discuss produce management American indicate production international thousand power idea game realize teacher land business by including young.,Valve Failure,8.1,Under Investigation
INC-00201,SITE-006,2024-05-30,Equipment Failure,High,53.2,Trip attention nothing at bar hand whether morning sound.,Sensor Malfunction,17.9,Under Investigation
INC-02860,SITE-001,2025-06-23,Near  Miss,Medium,71.1,Member however various firm mention international from.,Material Fatigue,5.0,Closed
INC-04065,SITE-002,2024-12-30,Near Miss,Medium,76.8,Cultural child agent month any price deal alone similar able left miss woman toward add.,Operator Error,4.6,Closed
INC-04693,SITE-004,07-Oct-2025,Leak,Medium,67.1,May meeting want establish since glass give include both beat space program campaign place two.,Valve Failure,4.2,Under Investigation
INC-04271,SITE-004,2023-08-30,Spill,Medium,88.3,Nice how team cause process full report stand there allow lead dream country west car level production attention all different.,Material Fatigue,2.7,Open
INC-04682,SITE-003,31-Jan-2025,Spill,Medium,74.8,Whose really game protect table which week.,Corrosion,3.2,Closed
INC-03152,SITE-003,2024-03-15,Fire,High,66.3,Task lot hot at involve media focus work local feeling recognize old country hope so style.,Material Fatigue,10.4,Closed
INC-05082,SITE-003,29-Apr-2026,Equipment Failure,High,104.0,Give minute open east three black concern play citizen create.,Valve Failure,18.3,Under Investigation
INC-01119,SITE-002,2024-02-04,NEAR MISS,Low,88.3,Through watch world any stock plan across degree.,Operator Error,8.0,Closed
INC-01974,SITE-004,2023-10-26,Equipment Failure,Medium,78.3,Film clear teacher town crime plan line next.,Third-party Damage,1.1,Under Investigation
INC-01269,SITE-006,2023-11-24,Near Miss,MEDIUM,86.8,Style size much shoulder house statement discover water.,Operator Error,10.9,Closed
INC-00558,SITE-001,2026-06-17,Near Miss,Med,88.5,There soldier despite.,,9.0,Closed
INC-00933,SITE-001,2026-02-10,Equipment Failure,Medium,70.1,Dog way ten action full.,,11.6,Under Investigation
INC-04202,SITE-003,08/28/2025,Near Miss, High,69.9,New until husband important practice customer family sort cold nothing.,Operator Error,8.0,Closed
INC-04352,SITE-003,2024-07-11,Spill ,High,63.4,Whether lot star newspaper explain much discuss.,Operator Error,7.6,Closed
INC-00312,SITE-004,2025-08-15,Equipment Failure,Medium,-12.3,Source expect send front budget hold system center course we hospital room project message step challenge sort population blue minute.,Third-party Damage,10.4,Closed
INC-01122,SITE-001,2023-11-09,Near Miss,Low,87.9,How surface mother threat mention avoid my little.,Operator Error,11.3,Closed
INC-01649,SITE-001,2024-01-05,Near Miss,High,61.8,Baby common good free.,Valve Failure,14.3,Open
INC-01352,SITE-006,2023-08-15,NEAR MISS,Low,90.1,Nice break among agency democratic concern.,,6.2,Closed
INC-00046,SITE-004,2024-11-09,Leak,Medium ,76.3,Establish range sense indicate sea education share Mr per each together wait although however style.,Operator Error,0.5,Under Investigation
INC-03711,SITE-004,2023-08-24,Fire,Medium ,58.5,None age understand specific great training some.,Operator Error,7.1,Closed
INC-04938,SITE-004,2024-01-04,Near Miss,Medium,76.9,Goal police car affect us forget toward suggest author direction.,,2.7,Closed
INC-05376,SITE-006,2026-05-31,Spill,Critical,54.2,Condition physical street police ask care require use either attack young street wide.,Corrosion,8.8,Open
INC-01575,SITE-006,10/09/2024,Leak,Low,90.6,Him Congress guess station raise work myself near physical.,,5.0,Closed
INC-04260,SITE-002,2023-08-27,Leak,Medium,71.2,Prevent stuff southern mention.,,2.2,Under Investigation
INC-03854,SITE-005,2024-07-02,Equipment Failure,Medium,85.0,Reflect draw movement measure expect young wear Republican.,,2.7,Under Investigation
INC-02684,SITE-003,2025-08-23,Fire,High,53.6,Man lose religious let bad condition since watch cup sing now.,Valve Failure,10.6,Under Investigation
INC-05006,SITE-003,26/03/2026,Equipment Failure,Low,86.9,Hard at together suggest relationship talk arrive.,Sensor Malfunction,7.5,Closed
INC-03099,SITE-004,2024-06-02,Near Miss,Low,86.6,Boy control list sound go.,,12.2,Under Investigation
INC-04567,SITE-002,2023-09-14,leak ,Low,93.8,Assume nearly result sea rate company factor language environment if into politics strong recent.,Corrosion,6.4,Closed
INC-01945,SITE-004,2023-09-26T00:00:00Z,Fire,Low,89.1,Really sense book hard mind hear could put guy suddenly production although certainly involve.,,4.8,Under Investigation
INC-05804,SITE-005,2024-01-25T00:00:00Z,Near Miss, Critical,46.8,Effect inside interview nothing strong police certain.,,14.1,Open
INC-04957,SITE-002,2024-05-07,Fire,Critical,53.0,Level support ago this hair fine customer have but community everyone under.,Operator Error,7.1,Closed
INC-05370,SITE-006,2024-09-21,Equipment Failure,High,71.8,Grow yes clearly newspaper behind lose reach mind anyone service.,Third-party Damage,7.4,Open
INC-02753,SITE-003,2025-06-20,LEAK,,65.3,Accept population consumer north alone answer.,Valve Failure,5.0,Under Investigation
INC-05646,SITE-005,2025-06-21,Spill,Low,95.5,Join situation ago line nearly heart run together future news bed.,Sensor Malfunction,22.1,Closed
INC-04125,SITE-003,2024-08-23,Spill,High,84.2,Account fall whom professor style foreign affect concern middle.,Material Fatigue,6.6,Open
INC-01840,SITE-005,2024-12-15,Near Miss, Low,79.9,Discover base project for must.,Third-party Damage,12.4,Open
INC-01376,SITE-003,2026-07-16,, High,49.2,Laugh these lose art hard talk central form must day our view by clearly society affect.,Material Fatigue,4.6,Open
INC-03023,SITE-004,2023-11-18,Fire,Medium,67.4,Interest exist treat lead score brother dog one authority doctor build second three when.,,1.5,Closed
INC-03815,SITE-005,25/08/2025,Equipment Failure,Low,94.0,City page cut stage lawyer kitchen very mention will particularly.,Operator Error,6.7,Closed
INC-01833,SITE-002,2025-03-17,Spill,High,77.1,Decision human property soon threat dinner tough color yes manage hand candidate country person whatever law.,,16.2,Under Investigation
INC-04770,SITE-005,2025-01-05,Spill, medium,-12.3,Moment where conference least account media wide occur information.,Corrosion,7.4,Under Investigation
INC-01497,SITE-002,2025-06-09,Equipment Failure,High,59.4,Week form experience blood bar figure common part remain effort rule pull record address.,Valve Failure,4.7,Open
INC-05379,SITE-005,2025-09-29,Near Miss,Low,90.2,Top interview movie theory first few population crime effort management level away me.,Sensor Malfunction,5.8,Open
INC-01419,SITE-006,2026-01-12,Leak,High,55.8,Win position audience meet whatever hospital report media.,,10.8,Open
INC-02643,SITE-006,2025-12-21,Leak,High,77.6,Young college end evidence rather.,Operator Error,6.7,Closed
INC-05762,SITE-002,2024-08-22,Equipment Failure, medium,60.6,Politics hot state question present us risk camera yeah.,Third-party Damage,1.4,Closed
INC-02497,SITE-002,2025-10-23,Spill,Medium,74.9,Bar laugh carry attorney four person push Congress government situation.,Operator Error,12.8,Under Investigation
INC-00716,SITE-006,2025-08-24,Spill,High,42.9,Particularly discuss learn production child beautiful star blue care fine on school choose.,Sensor Malfunction,2.7,Closed
INC-04794,SITE-006,2026-05-20,,High,74.3,With court pressure itself drive reach rule hope line make after model.,Sensor Malfunction,16.8,Open
INC-01985,SITE-003,2025-06-07,Spill,Critical,52.4,Rather better father seven apply claim that personal father now full line our.,,3.4,Closed
INC-03909,SITE-006,19/04/2025,Near Miss,High,59.4,Decision matter simple common anything daughter most fire it down back activity.,,11.4,Under Investigation
INC-00777,SITE-003,2023-11-23,Near Miss,crit,26.2,Baby wrong whether whom discuss dog reduce clear start method research moment enter standard economic military.,Corrosion,5.7,Under Investigation
INC-02736,SITE-006,2024-01-27,Near Miss,Low,85.3,Build contain rise dinner wish girl next article guess section approach.,Third-party Damage,11.0,Closed
INC-01163,SITE-006,2026-04-05,Spill,Critical,47.6,Onto answer always cause entire occur official sing bag ability help.,,0.7,Closed
INC-02104,SITE-004,2025-09-19,Spill,Low,83.2,Rule itself describe game south card position job look enough foreign.,Corrosion,8.3,Open
INC-02959,SITE-006,2025-12-05,Near Miss,Critical,46.6,Notice past question positive woman practice.,Third-party Damage,16.8,Under Investigation
INC-01283,SITE-002,05/19/2025,Spill,Low,84.7,Fill trouble it soon.,Third-party Damage,3.6,Closed
INC-03666,SITE-005,2024-02-20,Near Miss,Low,89.9,Its knowledge work network organization picture share major management service skin and rule example woman.,,8.0,Closed
INC-03477,SITE-001,2025-07-15,Equipment Failure,Medium,68.7,Usually against focus doctor either they.,Corrosion,3.5,Closed
INC-01004,SITE-003,2026-07-20T00:00:00Z,Leak,High,64.0,Sometimes public some two pick across in floor difficult.,,3.4,Closed
INC-03018,SITE-004,2025-10-11,Equipment Failure,Low,83.7,Chair thought let standard agreement do want conference then five thank capital.,Operator Error,8.8,Open
INC-05415,SITE-002,2024-12-26,Near Miss,High,40.2,Anyone huge military none beautiful tree professional project population hot think your under sister face increase.,Corrosion,6.2,Closed
INC-01658,SITE-006,10/07/2023,Near Miss,CRITICAL,47.1,Card class take challenge ever teach main structure method morning president.,Valve Failure,1.1,Open
INC-00098,SITE-003,2025-05-12,Leak,Medium,73.3,Believe over exactly ready in chance on book left show bill peace various return with compare third return.,Operator Error,27.5,Under Investigation
INC-05399,SITE-003,2026-06-25,leak,High,65.9,Past rest parent cut.,Operator Error,2.6,Open
INC-05707,SITE-002,2026-06-18,Equipment Failure,Medium,51.3,Along here former argue section growth enough now artist agreement.,Third-party Damage,7.0,Under Investigation
INC-03343,SITE-001,07/21/2024,Leak,Low,89.6,Reduce person accept treat affect sing.,Corrosion,10.5,Under Investigation
INC-05465,SITE-005,2026-04-01,Equipment Failure,Medium,78.7,Prevent agent adult buy newspaper end draw gun man score space prove national method say Mrs around everybody way.,Valve Failure,14.3,Under Investigation
INC-05927,SITE-001,12/27/2025,Spill,Low,89.8,True let task choice.,Valve Failure,4.2,Under Investigation
INC-02617,SITE-002,2025-05-26,,Low,84.0,Approach although your simple your challenge standard let federal capital region.,Sensor Malfunction,5.1,Open
INC-04080,SITE-003,2026-01-20,Spill,Critical,36.6,Next if fear true front race adult card.,Third-party Damage,5.9,Closed
INC-00819,SITE-004,2026-04-13,Leak,Medium,75.0,Condition pressure such within move simply art cell could over your knowledge director image.,Operator Error,25.2,Closed
INC-00118,SITE-001,2026-09-09,Equip. Failure,Medium,77.5,By professor sit ever much seem clearly possible goal rest edge skin.,Operator Error,2.3,Closed
INC-01077,SITE-005,2025-03-30,Near Miss,Medium,83.2,List defense provide table decide decide poor ask economic approach action while general purpose less miss on.,,10.6,Closed
INC-04660,SITE-004,2025-06-06,Fire,Low,83.6,Together win listen nor deep gun various large development federal huge.,Operator Error,20.8,Under Investigation
INC-03701,SITE-002,2023-09-26,Leak,Low,85.2,Themselves back north become cut ground likely believe sound technology trial truth study which.,Operator Error,5.2,Closed
INC-00968,SITE-005,2025-10-04,Equipment Failure,Low,87.7,Hundred already society loss husband employee along early public pretty political baby moment guy few.,Corrosion,9.4,Open
INC-04315,SITE-006,2026-01-04,Leak,High,84.7,Learn operation one recently officer check parent field Mr daughter peace near.,Corrosion,0.3,Under Investigation
INC-03100,SITE-002,2026-08-01,EQUIPMENT FAILURE,Low,81.2,Cultural miss actually score many condition offer east husband first increase officer professional decision sort area.,Third-party Damage,9.3,Open
INC-01485,SITE-002,2024-01-13,Equipment Failure,MEDIUM,77.9,Have unit guy long some little official identify support ago forward before college visit physical.,Valve Failure,1.2,Under Investigation
INC-04303,SITE-002,2025-07-03,Near Miss,High,68.9,Push mention street could.,Material Fatigue,17.8,Closed
INC-05595,SITE-003,13-Mar-2026,Fire,High,60.9,Office get town company paper much PM wonder business part they option fine take mother through human.,Corrosion,4.1,Open
INC-00157,SITE-005,2025-08-30,Near Miss,Low,94.4,Nearly once so we manager.,Operator Error,11.5,Closed
INC-00952,SITE-004,2024-12-10,Leak,Low,92.2,Use thing sing leave skill care themselves.,Sensor Malfunction,8.6,Closed
INC-04307,SITE-004,03/03/2026,Fire,Low,87.7,Choose continue success find century thus example decide look offer.,Valve Failure,12.3,Under Investigation
INC-05952,SITE-003,2024-11-28,Equipment Failure,HIGH,48.4,Reduce board reason woman child theory realize clear international imagine.,Sensor Malfunction,7.7,Open
INC-05869,SITE-003,2026-03-19,Oil Leak,Critical,36.5,On just apply happy source especially book until.,Sensor Malfunction,6.4,Open
INC-01457,SITE-006,2025-12-01,Leak,Low,86.2,Rather risk budget officer but major seem well art.,Corrosion,27.7,Closed
INC-03767,SITE-005,2024-06-27T00:00:00Z,Near Miss,Low,95.0,Draw stand could choice age must air to seven house medical deep fast our generation cost.,Corrosion,16.9,Open
INC-04342,SITE-001,16-Jan-2026,Spill,Medium,67.3,Son prevent red begin range everyone indicate including everyone from outside.,Corrosion,3.4,Under Investigation
INC-02904,SITE-003,2024-04-24,Equip. Failure,High,45.2,Just defense lead learn none remember avoid.,Third-party Damage,8.9,Under Investigation
INC-02814,SITE-003,2023-09-21,Equipment Failure,Low,89.3,Plant question late four gun easy art when join west.,Sensor Malfunction,23.7,Open
INC-02131,SITE-005,2023-08-14,Near Miss,Medium,64.1,These defense pay when teacher administration to.,Material Fatigue,5.0,Open
INC-01704,SITE-006,2025-03-13,Spill,medium,70.9,Agreement impact concern second budget.,Valve Failure,4.4,Under Investigation
INC-00206,SITE-005,2024-07-15,Spill,Low,82.9,White guess let office modern compare property various six himself.,Material Fatigue,6.4,Closed
INC-02833,SITE-005,2025-01-02,Near Miss,High,59.0,Painting available quickly foreign wall.,Material Fatigue,17.2,Open
INC-01047,SITE-006,2026-01-06, spill ,Critical,51.7,Those conference later require for official action.,Valve Failure,15.2,Under Investigation
INC-00233,SITE-006,2023-11-01,Near Miss,Critical,52.2,Admit second own thing want news.,,6.8,Closed
INC-04916,SITE-003,23-Aug-2025,Leak,Medium,80.2,Idea necessary idea wrong let quality item develop.,,7.0,Under Investigation
INC-00755,SITE-002,2024-07-02,Near Miss,High,52.0,Key seven seven admit.,,2.5,Open
INC-02455,SITE-003,2025-10-20,Equipment Failure,Medium,76.8,Indicate street daughter soon decade let assume letter position.,Material Fatigue,6.5,Under Investigation
INC-04890,SITE-003,2024-09-29,Fire,high,49.5,Husband hundred subject garden sport image myself money way fill something money management wife.,Sensor Malfunction,2.6,Under Investigation
INC-02992,SITE-003,2024-11-29,Leak,High,104.0,Fall just join identify direction join firm race prepare father enter.,,3.8,Under Investigation
INC-03474,SITE-001,2026-05-11,Near Miss,High,68.9,Opportunity federal discussion talk might phone our again eight about late focus somebody computer.,Operator Error,1.7,Open
INC-05661,SITE-003,2023-12-07,Equipment Failure,Critical,47.2,Truth music nation left design without statement sell.,Corrosion,7.5,Closed
INC-00489,SITE-006,2025-12-24,Equipment Failure,,72.3,Cultural head federal positive hotel democratic public specific office executive.,Sensor Malfunction,17.2,Under Investigation
INC-00069,SITE-005,2025-12-14,Fire,High,75.1,Same easy seat describe dinner available along believe down provide term.,Operator Error,7.8,Open
INC-04402,SITE-002,2026-08-11,Fire,High,57.6,Effort quality top both child as visit between professor improve include share see standard memory.,Operator Error,18.5,Under Investigation
INC-03978,SITE-002,2024-09-19,Near Miss,Critical,37.8,Relationship bank gas look them popular land fact choose character media their cold visit wish or worker.,Material Fatigue,6.1,Under Investigation
INC-01110,SITE-005,2026-02-12,Equipment Failure,High,53.3,Down issue many give main else term almost decide sea above though subject include defense.,Material Fatigue,4.5,Closed
INC-02823,SITE-003,01/28/2026,Leak,high,51.3,New organization message more develop coach citizen as anyone feel economy mention head feel level.,,2.3,Closed
INC-00024,SITE-002,2026-03-22T00:00:00Z,Near  Miss,Medium,85.1,Bed sea us home plant start raise director all.,Third-party Damage,8.1,Under Investigation
INC-01613,SITE-002,2023-08-28,Near Miss,High,78.8,Power difference around out into thus argue face goal better treat minute area generation.,Third-party Damage,13.6,Open
INC-05460,SITE-002,2026-06-15,Near Miss,Medium,89.7,Hope nature throw husband travel fall customer success next performance until none eye develop adult blue.,Corrosion,11.8,Under Investigation
INC-04453,SITE-006,2024-05-06,Leak,Medium,72.1,Up someone deep participant interesting your he.,Valve Failure,1.7,Under Investigation
INC-01263,SITE-002,2025-05-07,Leak,Medium,75.4,Approach raise data early nation street many series.,Valve Failure,10.7,Closed
INC-03388,SITE-001,2024-12-19,Spill,High,69.3,Material Republican different happen Mr different laugh prove audience.,Corrosion,3.1,Closed
INC-01614,SITE-003,2024-06-22,Equipment Failure,Critical,47.7,Baby nice without religious rate usually especially.,,5.1,Open
INC-04025,SITE-006,21/04/2024,Spill,Low,91.6,Plant sense what property feel.,Sensor Malfunction,5.4,Under Investigation
INC-01990,SITE-006,2025-01-24T00:00:00Z,Leak,High,65.2,Cultural fight member find keep media heavy lot seat yet tough during although power.,,10.2,Under Investigation
INC-05481,SITE-003,2025-01-01,Fire,High,58.4,Under despite country expert your identify its point sell quality chance need.,Third-party Damage,18.8,Under Investigation
INC-02515,SITE-006,2024-09-19,Equip. Failure,High,38.3,Participant development evidence detail world yourself white ready parent have the hear.,Sensor Malfunction,5.4,Closed
INC-01173,SITE-006,2026-02-13,Spill,High,61.8,Bit before catch sport radio.,Third-party Damage,2.5,Closed
INC-02205,SITE-001,08/05/2023,Leak,Low,82.5,Way across their relate better.,,4.9,Under Investigation
INC-03706,SITE-006,2024-05-24,Spill,High,50.4,Either claim final yard consider view rock certainly.,Third-party Damage,5.1,Under Investigation
INC-05747,SITE-005,2023-12-31,Spill,Low,88.6,Indeed hear throw positive.,,3.2,Open
INC-05311,SITE-006,2026-06-05,Equipment Failure, High,68.3,Group alone better Congress job appear require another play within responsibility including on.,,2.8,Open
INC-05373,SITE-001,2025-07-11,Equipment Failure,,82.1,Lot nothing push cut likely within off claim per same seat her value high despite.,Valve Failure,4.2,Closed
INC-00135,SITE-005,2024-03-04,Near Miss,High,45.8,Direction least building available argue follow must policy writer state own building tough.,Corrosion,22.6,Under Investigation
INC-04348,SITE-003,2024-05-31,Leak,Critical,49.3,Him big meet find dream air civil hotel culture memory.,Material Fatigue,9.5,Closed
INC-04368,SITE-004,2026-02-11,,Low,88.0,Throw follow tree claim laugh arrive agreement agency contain.,Corrosion,20.8,Open
INC-02760,SITE-006,2024-05-28,Spill,Critical,29.6,Product particular stock almost statement tell air.,,4.8,Open
INC-02473,SITE-004,2026-04-21,Spill,High,51.5,Program record he without tough capital hot information health need moment loss reflect create because.,Valve Failure,16.9,Closed
INC-05302,SITE-005,2025-08-23,Equipment Failure,High,50.6,Marriage idea just card program trial.,Third-party Damage,12.3,Under Investigation
INC-04560,SITE-005,2023-08-21,Fire,Medium,70.8,Old fill life size culture.,,7.3,Under Investigation
INC-04279,SITE-002,2023-10-26,Fire,Medium,72.7,Building prevent agent start big measure.,,15.0,Under Investigation
INC-04500,SITE-003,2024-03-09,Equip. Failure,Low,94.1,And push investment bring financial wish approach.,Material Fatigue,5.0,Under Investigation
INC-01087,SITE-005,04/18/2026,Near Miss,High,74.9,Short meet during pay rather turn memory new.,,1.4,Under Investigation
INC-04482,SITE-001,2024-03-13,Equipment Failure,Low,88.0,Ten speech similar such chair heavy build.,Valve Failure,3.6,Under Investigation
INC-00782,SITE-003,2024-05-11,Spill,High,42.6,Become open word leader sure see could green unit.,,2.8,Closed
INC-01536,SITE-001,2023-07-24,Equipment Failure,High,70.4,Appear structure grow state story though probably PM.,Sensor Malfunction,1.8,Under Investigation
INC-04475,SITE-002,30-Apr-2024,Near Miss,High,53.5,Operation look nor especially life left add think safe value more.,Corrosion,4.3,Under Investigation
INC-02837,SITE-006,2025-04-03,Spill,High,60.0,Sometimes ahead talk yet rest manage full would catch discover action oil born answer well.,Operator Error,2.4,Under Investigation
INC-02452,SITE-006,2023-09-04,LEAK,Low,91.6,Culture citizen black box certainly success rate ago.,Operator Error,2.0,Open
INC-04629,SITE-006,2025-09-04,Leak,Critical,57.6,More contain travel order line admit.,,5.3,Under Investigation
INC-04243,SITE-003,2025-11-26,Near Miss,crit,56.7,Within he step.,Valve Failure,24.3,Open
INC-01684,SITE-006,2025-09-14,Leak,Critical,41.2,Thing stand pull professional interview happy Democrat success western fall themselves.,Valve Failure,4.4,Under Investigation
INC-05202,SITE-003,2025-02-24,Spill,High,67.7,Be how really feeling station until work possible power hour deep upon throw magazine agreement relationship voice per.,Valve Failure,1.5,Under Investigation
INC-01443,SITE-003,2023-08-29,Spill,High,28.8,Mr agent song word teach prepare note note rate mean maybe network him project stop.,,12.5,Closed
INC-03837,SITE-006,2023-10-18,Leak,Medium,69.5,Bank use operation dark feel however activity couple report attention human name set idea.,Operator Error,17.7,Closed
INC-02981,SITE-003,2025-10-11,Near Miss,High,65.1,Case month including plan tend voice determine contain effort activity design dark.,Valve Failure,7.0,Open
INC-01531,SITE-001,2023-08-16,Near Miss,Low,83.4,Security white according kid throw usually range.,Material Fatigue,24.1,Open
INC-03924,SITE-003,2024-01-11,Leak, High,61.2,Face gas black until agreement free rock professional letter last partner production news notice.,Material Fatigue,4.3,Under Investigation
INC-01052,SITE-003,2025-04-26,Spill,High,52.7,Hold book mention myself prevent rather approach seem Republican rich choice room product response.,,9.6,Open
INC-01463,SITE-006,2026-08-26,Near Miss,,41.5,Word would possible live author authority figure federal analysis modern available performance feeling network fear us wait.,,14.3,Under Investigation
INC-03418,SITE-005,2024-01-16T00:00:00Z,Near Miss,High,59.6,Agent try story sit staff task threat anyone various painting watch tell local enough expect job.,Corrosion,5.9,Under Investigation
INC-04078,SITE-001,2026-02-18,Equipment Failure,Low,94.8,Create practice station apply history prepare book nothing unit.,,11.3,Open
INC-05457,SITE-006,2024-09-23,Leak,High,61.3,Quality mission material little war tend human plan.,Sensor Malfunction,2.6,Open
INC-00838,SITE-003,12/28/2025,Spill,Critical,32.7,Foot another popular personal.,Operator Error,5.3,Under Investigation
INC-00837,SITE-002,2025-11-19T00:00:00Z,Leak,Medium,70.0,Gas minute reason TV bring represent city account rich.,Third-party Damage,7.8,Closed
INC-02015,SITE-002,2024-08-27,Equipment Failure,High,32.1,Increase bad dream budget whom case high area official I local chair include ten establish better mouth finally human.,Third-party Damage,1.7,Open
INC-03743,SITE-006,2024-02-03,Leak,Medium,61.0,Task build tax sport than whom north hit drop night world.,Corrosion,2.4,Under Investigation
INC-03417,SITE-003,03-Oct-2025,Near Miss,Medium,69.3,Truth along item note area us land remain likely some budget yes.,Material Fatigue,3.1,Open
INC-01079,SITE-004,2023-12-23,Near Miss,Medium,90.7,Parent do know deal green itself firm over laugh suddenly future audience present agent oil world.,Material Fatigue,5.8,Closed
INC-04043,SITE-003,2025-11-08,Equipment Failure,Medium,82.7,Soldier cost five million charge shoulder low speak ahead look read mission mean politics perform interest network foreign experience school.,Corrosion,9.2,Under Investigation
INC-05255,SITE-003,2024-11-06, Leak,Crit,44.9,This rule actually I so another bill make candidate enter right.,Operator Error,16.4,Open
INC-05636,SITE-002,2025-02-27,Leak,Medium,82.0,Himself say option bill miss consider.,,8.7,Closed
INC-00129,SITE-004,2025-05-02,Near Miss,High,75.6,Pass material trouble prevent parent reduce drop.,Operator Error,11.2,Open
INC-04369,SITE-002,2025-03-10,Leak,Low,85.5,Executive determine truth true these tax room now note answer.,,13.5,Open
INC-03114,SITE-002,2023-09-29,near miss,High,59.4,Day foot apply collection show firm yes find sound road hard however control law reflect.,Third-party Damage,9.8,Under Investigation
INC-00369,SITE-003,2023-11-22,Leak,High,60.5,There guess group building step he pass probably law choose everything full size politics last gas standard upon listen.,Valve Failure,6.7,Under Investigation
INC-02069,SITE-006,2026-04-23,Leak,HIGH,51.3,Really however class grow that soon newspaper year who suggest difference college remain strategy however home.,Sensor Malfunction,5.2,Closed
INC-00578,SITE-005,2024-09-20,Fire,Medium,72.8,Woman reason result speak writer consider pressure perhaps idea air significant buy meet nice.,,8.9,Under Investigation
INC-00071,SITE-003,2025-10-21,Leak,High,59.0,Line easy adult I mission as film quality detail bill else film marriage official else possible single live ability.,,4.5,Under Investigation
INC-03140,SITE-006,2024-10-06T00:00:00Z,Fire, High,52.3,Six those eat brother gun if up price open yet officer mission blood us stop program.,Material Fatigue,1.7,Closed
INC-02134,SITE-004,2024-01-02,Fire,Medium,82.3,Million provide sign toward impact Democrat make leg anything dark police care building new force continue say minute.,Sensor Malfunction,1.3,Under Investigation
INC-04227,SITE-001,2023-10-09,Equipment Failure,high,53.4,Effect network discover specific but camera fill run company short.,Corrosion,6.2,Under Investigation
INC-05885,SITE-006,2023-10-23,Near Miss,Critical,61.2,Day here necessary way visit human ever this it nation continue.,Operator Error,10.2,Under Investigation
INC-00695,SITE-001,19/01/2025,Near Miss,Medium,77.5,Medical avoid start southern garden I sometimes.,Third-party Damage,27.1,Open
INC-02767,SITE-001,27/10/2024,Fire,Medium,72.9,Feeling director gas information note word like a crime.,,4.2,Under Investigation
INC-00380,SITE-004,2024-09-23,Spill,LOW,99.5,Idea suffer among call help friend center chance instead.,Operator Error,7.5,Under Investigation
INC-01918,SITE-005,03/11/2024,Fire,Lo,83.5,Dark represent blue environmental tree catch Democrat.,,4.0,Closed
INC-05233,SITE-002,2023-10-23,Leak,Medium,85.5,Deep movie indicate write body same order analysis price something.,Valve Failure,7.1,Open
INC-00869,SITE-002,22-Jun-2026,Near Miss,,92.0,Who main cell true central point training future which artist worker concern attorney.,Sensor Malfunction,6.3,Open
INC-01302,SITE-005,07/04/2024,Leak,MEDIUM,73.5,Value government save determine strategy near kid rule foot involve let author message large that score fund.,Material Fatigue,7.7,Under Investigation
INC-05641,SITE-005,2024-12-30,Fire,Critical,56.9,Agreement source why movement individual measure memory report central smile central type husband where.,Operator Error,2.2,Open
INC-00254,SITE-006,2025-06-16,Spill,Critical,46.2,Nothing concern tax four why pay statement teacher write medical station again.,Sensor Malfunction,6.8,Open
INC-02691,SITE-001,2025-08-07,Equipment Failure,,60.5,Truth center high team board key among benefit.,Operator Error,9.7,Closed
INC-03970,SITE-001,2026-06-14,Fire,,72.0,Above run everyone in beat.,,9.8,Open
INC-05989,SITE-005,2025-11-21,Near Miss,Low,87.4,Each race fill action international current group stay eat evidence.,Sensor Malfunction,3.2,Under Investigation
INC-04667,SITE-002,2024-07-22,Fire,Medium,66.9,Life leave conference music positive under risk.,Sensor Malfunction,2.8,Closed
INC-05835,SITE-002,2025-09-21,Fire,Medium,73.2,Order southern worker federal sell live suddenly somebody cover rate.,Corrosion,7.8,Closed
INC-01215,SITE-002,2025-11-09,Near Miss,Medium,67.6,Onto sense garden focus effort black report according close question experience natural natural.,Operator Error,22.1,Under Investigation
INC-05159,SITE-004,2026-01-24T00:00:00Z,Fire,Medium,63.6,Beautiful agree phone win contain yourself receive goal right maybe talk kitchen heavy technology skill.,Valve Failure,7.5,Open
INC-01512,SITE-006,2024-05-13,Leak,High,72.5,Direction let single heavy week.,Corrosion,12.2,Closed
INC-01120,SITE-001,2025-10-08,Equipment Failure,Medium ,77.4,Budget believe heavy office realize term bill treatment us war a high his behind suffer.,Material Fatigue,2.8,Under Investigation
INC-02544,SITE-006,2026-01-04,Spill, Critical,45.2,Might daughter least question station war since line write option.,Corrosion,13.7,Open
INC-05571,SITE-003,2025-03-12,NEAR MISS,Critical,56.7,Feeling but live president vote.,Operator Error,8.1,Closed
INC-05157,SITE-006,2026-04-17,Leak,High,38.3,Build staff him sit little site reveal.,Material Fatigue,6.4,Closed
INC-05090,SITE-002,2024-12-23,Near Miss,Medium,62.7,Although fly career activity yet writer way because power hundred age plan nearly dream.,Material Fatigue,2.2,Closed
INC-00043,SITE-001,2025-04-15,Near Miss,Medium,63.4,Happy citizen character generation finish together scene character language.,Valve Failure,6.0,Open
INC-00419,SITE-006,2023-11-10,Spill,Low,81.3,Value maybe direction song role his current spring thought.,Third-party Damage,10.1,Open
INC-02438,SITE-002,2023-08-05,Spill,Medium,71.6,Memory get should range affect newspaper within floor throw smile likely imagine first.,Valve Failure,15.6,Under Investigation
INC-01265,SITE-003,2025-10-06,Near Miss,Medium,65.1,Their leg term accept always program very whole feel store name hot rest rest.,Valve Failure,14.3,Open
INC-01879,SITE-006,2025-09-24,Near Miss,High,51.9,Heart remember new anyone light director trouble future American film key time company production always.,Corrosion,9.2,Open
INC-04113,SITE-005,2025-05-04,Leak,,76.5,After alone in he establish light particular team box smile leave pull voice involve source trade stock education resource.,Third-party Damage,7.9,Closed
INC-02979,SITE-004,2026-06-24,Leak,High,43.8,Art happen with thought which material.,Valve Failure,7.3,Closed
INC-00953,SITE-003,2025-05-14,Leak,High,61.4,Home price camera deal two hope election address run suddenly throw around size understand establish.,Operator Error,9.5,Under Investigation
INC-04626,SITE-006,02/18/2025,Equipment Failure,Low,98.9,Stuff political face that election example adult fill business.,Valve Failure,5.2,Under Investigation
INC-03962,SITE-006,2026-06-04,Leak,Critical,60.0,Example person forward that man another future.,Sensor Malfunction,1.8,Open
INC-03538,SITE-002,2023-09-08,Equipment Failure,High,61.4,Each business appear loss vote enjoy green late other miss heart institution media method like write.,Corrosion,1.1,Open
INC-05676,SITE-004,2023-12-16,Near Miss,Medium,70.9,Push section president yet rule participant old race while kitchen on quite hair.,Third-party Damage,17.0,Under Investigation
INC-03534,SITE-001,2025-08-13,Fire,Medium,79.2,Onto guess guess accept magazine economy follow on within material.,Corrosion,17.2,Closed
INC-05529,SITE-002,2025-08-25,Leak,Critical,29.2,Cultural majority fall if.,,6.9,Under Investigation
INC-02983,SITE-003,2025-05-20,Near Miss,Critical,43.5,Toward record until place take scientist resource father can government.,Corrosion,3.4,Closed
INC-01545,SITE-005,2024-01-18,Near Miss,Critical,30.2,Floor country easy impact sell wife despite ready despite.,Corrosion,3.2,Open
INC-00198,SITE-006,2024-01-12,Oil Leak,Critical,39.7,Future ok quality line approach executive fact without staff mention seven official example structure as.,Third-party Damage,7.5,Under Investigation
INC-01722,SITE-005,2026-07-16,Near Miss,Medium,87.5,Tv TV another center near actually for sell show.,Third-party Damage,3.2,Closed
INC-00885,SITE-002,2023-09-15,Leak,Medium,83.4,Management anything discuss myself effect but left series act go memory all line professional science nothing.,Third-party Damage,8.0,Open
INC-03475,SITE-004,2023-10-08,Equipment Failure,Medium,76.9,Difference already interesting contain exist senior cut rest eight.,Valve Failure,14.7,Open
INC-00037,SITE-001,2025-07-06,Equipment Failure,High,71.3,Determine sit other suffer boy name experience test.,,9.2,Under Investigation
INC-01878,SITE-005,2024-03-07,Equipment Failure,Low,78.7,Drug sport issue evening tell include different happy cup hear goal rate order test trial southern.,,2.2,Under Investigation
INC-00920,SITE-005,2026-04-05,Fire,High,60.1,Then big such simple must though learn every figure final.,Third-party Damage,3.9,Closed
INC-04375,SITE-006,2026-01-13,Near Miss,Critical,48.9,Professor both tax do line law travel option plan degree group each agent team.,,9.0,Closed
INC-03239,SITE-001,2023-10-07,Leak,High,63.5,Those population land mission necessary explain sport thank wind seek teach involve business.,,6.9,Closed
INC-02294,SITE-002,2025-03-18,Leak,Low,91.6,Result cost dream attorney resource member right wind protect create five so result practice property.,Material Fatigue,5.6,Closed
INC-03665,SITE-006,2024-09-20,Near Miss,High,68.3,Low pay machine down teach expert significant note law.,Sensor Malfunction,1.4,Under Investigation
INC-04913,SITE-005,2025-11-11,Near Miss,High,72.1,Short name nothing national inside inside tonight drop strategy whatever budget.,Sensor Malfunction,6.0,Under Investigation
INC-00068,SITE-004,2025-01-14,Fire,medium,72.2,Physical hard tonight sometimes sing wish part actually song.,Sensor Malfunction,3.4,Under Investigation
INC-01764,SITE-006,2024-04-16,Equipment Failure,Critical,26.2,Day radio but Republican beyond race sure computer watch ago debate white.,Material Fatigue,1.4,Closed
INC-02224,SITE-005,2025-06-14T00:00:00Z,Spill,Low,92.3,Other form organization space end couple.,,4.9,Closed
INC-02656,SITE-004,17-Aug-2025,Equipment Failure,Critical,150.0,Far former their today TV reduce television.,Valve Failure,7.9,Under Investigation
INC-05439,SITE-006,2025-07-28, fire,low ,90.2,Military ground knowledge indeed write somebody similar somebody example hope force lot middle fine fly live finish rate send.,Third-party Damage,7.2,Under Investigation
INC-03769,SITE-006,2023-11-06,Fire,Critical,47.1,Support officer effect cut necessary movement letter mission mother choice consider.,Operator Error,2.6,Under Investigation
INC-00433,SITE-005,2026-04-20,Leak,Medium,81.9,Upon church home sure popular position require there me leader bad last evidence center arrive current as hair.,,0.6,Open
INC-05806,SITE-001,2023-07-28,Fire,High,79.8,Positive foot face do great give side choose score.,Corrosion,8.5,Under Investigation
INC-05678,SITE-003,06/27/2025,Near Miss,,59.2,High human music eye trade federal think class occur attack.,Third-party Damage,11.5,Closed
INC-00622,SITE-006,2023-11-11,Spill,Critical,36.6,Let plant not quickly.,,4.5,Open
INC-05229,SITE-003,2024-10-26,Leak,Medium,63.2,Price bag send society style listen board.,Third-party Damage,13.2,Closed
INC-05811,SITE-001,2024-06-21,Fire,Low,98.4,Us civil suddenly sort animal attorney of condition economic mean wish.,Material Fatigue,7.9,Under Investigation
INC-04334,SITE-002,11/10/2025,near-miss,Medium,70.3,Actually hair themselves wind magazine such add.,Material Fatigue,12.4,Open
INC-03380,SITE-004,12/07/2023,Near Miss,Low,81.5,Environmental throughout claim contain consider eat.,,5.4,Open
INC-00562,SITE-004,2024-09-21,Leak,Medium,91.2,Kid most several many more I need which evening.,Corrosion,1.4,Open
INC-02881,SITE-001,2024-08-10,Fire,Critical,36.1,Learn owner mission believe environment term realize bit buy bad.,Material Fatigue,6.5,Open
INC-03949,SITE-003,2024-06-23,Near Miss,Lo,91.3,Change attorney hotel as board paper service traditional entire research sea.,Valve Failure,28.4,Under Investigation
INC-00370,SITE-005,11/05/2023,Fire,Low,87.3,Probably east yard event woman candidate happen loss whole cell talk in answer.,Third-party Damage,11.9,Closed
INC-01365,SITE-006,2025-06-21,Fire,Critical,43.0,Window nor participant identify beautiful past from.,,4.2,Closed
INC-04516,SITE-005,02/12/2024,Equipment Failure,Low,98.1,Speak site behavior.,Sensor Malfunction,5.1,Open
INC-02054,SITE-003,2025-03-29,,High,58.3,Vote agency best card challenge.,,0.6,Open
INC-05942,SITE-006,2026-05-10,,,31.4,Course song than recognize act protect black skin above cold sure country green nice.,Material Fatigue,0.5,Under Investigation
INC-02799,SITE-001,2025-10-24,Near Miss,Low,89.9,Lawyer young ground stuff per system black bar because.,Sensor Malfunction,8.9,Closed
INC-03796,SITE-001,2024-02-14,Near Miss,Medium,55.4,City news finally foreign material item wide travel outside accept audience change light else best decade.,Operator Error,2.8,Closed
INC-01008,SITE-002,01/27/2025,Spill,Low,93.5,Several term attention record meet rate rise reach.,,11.0,Open
INC-05178,SITE-003,2024-07-04,spill,Low,84.1,Management evening that despite financial apply of hold how.,Valve Failure,16.2,Under Investigation
INC-02844,SITE-004,31-May-2026,Leak,Medium,76.0,Network career city south near pass establish somebody traditional room inside weight.,Sensor Malfunction,6.1,Open
INC-04720,SITE-004,28/04/2024,Near Miss,Low,89.8,Across do third chair court few serious building agent director listen financial.,Operator Error,31.8,Open
INC-05192,SITE-001,17-Nov-2025,Near Miss,Critical,46.8,When reach pass back TV.,Third-party Damage,5.9,Closed
INC-05958,SITE-002,2025-09-08,Leak,High,56.6,Number get itself call week also new visit analysis appear.,Material Fatigue,6.4,Open
INC-05777,SITE-003,2026-06-08,Fire,high,47.4,Property good million blue person center listen debate capital job low about best specific science detail kind future.,Sensor Malfunction,2.4,Open
INC-02463,SITE-005,2025-12-07,Equipment Failure,MEDIUM,67.6,World answer single Republican same affect plan impact image.,Valve Failure,2.1,Under Investigation
INC-04275,SITE-003,2025-04-08,Leak,,33.2,Share more off young particularly move community their.,Material Fatigue,8.0,Under Investigation
INC-05176,SITE-006,2023-11-27,Spill,Medium,67.4,These loss some live law able term material television story.,Third-party Damage,4.3,Closed
INC-03198,SITE-003,04-Jan-2026,Leak,Low,87.3,Exactly produce evidence task produce job other issue bag yet.,Valve Failure,9.7,Open
INC-05142,SITE-004,2023-08-26,Near Miss,Medium,86.3,Your wonder able skill current mouth.,Material Fatigue,7.1,Open
INC-02381,SITE-004,02/02/2024,Fire,Low,84.7,Purpose each bag into defense result against to speech mouth bed agree edge happy kind.,Material Fatigue,25.0,Under Investigation
INC-01154,SITE-001,2023-12-28T00:00:00Z,Near Miss,,94.5,Mission ever including official history this west century.,Operator Error,10.3,Closed
INC-01607,SITE-002,2025-07-25,Fire,Critical,49.7,Check gun like this tough hit feeling.,,3.5,Closed
INC-01322,SITE-002,2023-12-25,near-miss,High,58.4,Statement fear federal career agency state member show total.,Valve Failure,24.4,Closed
INC-00780,SITE-002,2024-10-04,Leak,Critical,23.8,Meeting kid ability herself article sound collection cell impact range live while instead particularly.,Sensor Malfunction,9.7,Closed
INC-05244,SITE-005,2025-04-23,Spill,Low,87.8,Lead somebody night head break significant if indicate respond memory.,Material Fatigue,7.2,Open
INC-05463,SITE-006,2025-03-11,Equipment Failure,Critical,-12.3,Art war teacher kid anyone leader past.,Sensor Malfunction,2.9,Open
INC-04068,SITE-006,2023-09-30,,Critical,53.6,Out majority we focus free speech after.,Third-party Damage,30.4,Open
INC-03314,SITE-004,2026-02-12T00:00:00Z,Oil Leak,Low,89.3,Camera including part those require office reach able begin cold realize person.,Corrosion,3.8,Open
INC-03830,SITE-001,16/09/2025,Near Miss,Medium,87.0,Public research win president much always deep.,Sensor Malfunction,3.3,Closed
INC-03536,SITE-003,08/10/2023,Spill,Low,79.5,School build west if light your.,Sensor Malfunction,6.9,Open
INC-05513,SITE-005,2024-01-14,Near Miss,Medium,77.7,Yet too wall easy good help morning keep industry across line.,Valve Failure,8.3,Closed
INC-02280,SITE-006,2026-02-24,Leak,High,56.4,Woman memory behavior statement rock whose energy.,Sensor Malfunction,10.5,Open
INC-05175,SITE-003,2024-08-18,Equipment Failure,High,54.2,Class shoulder suggest.,Operator Error,6.3,Open
INC-05091,SITE-006,2023-11-26,Near Miss,Medium,82.6,Sometimes culture score age money enough yeah group administration.,Corrosion,4.5,Closed
INC-01028,SITE-006,2023-12-05T00:00:00Z,Leak,High,72.4,Brother would drive administration poor middle away clearly see which.,Sensor Malfunction,4.0,Closed
INC-01074,SITE-006,2024-01-14,SPILL,Medium,79.2,Point second clearly international position black wish.,Operator Error,8.1,Open
INC-03863,SITE-006,2025-07-24,Fire,Critical,37.3,Thus pull return your support still early.,Operator Error,4.4,Closed
INC-02667,SITE-003,2024-10-05,Equipment Failure,High,68.3,Stand someone evening each nation evening notice industry keep whole.,Valve Failure,4.0,Open
INC-00935,SITE-006,2026-01-12,Leak,High,55.1,What some culture finish mean member if how might writer.,Sensor Malfunction,4.2,Under Investigation
INC-01657,SITE-006,2026-01-17T00:00:00Z,Equipment Failure,High,63.2,Use catch try value maybe ability natural cause scene.,Operator Error,17.6,Open
INC-04687,SITE-006,2026-05-15,Equipment Failure,High,67.3,Fight cold writer information explain.,Valve Failure,0.6,Closed
INC-04797,SITE-004,2024-12-04,Leak,Low,87.6,Order crime force today brother meet reduce any.,Valve Failure,4.3,Under Investigation
INC-01841,SITE-003,2026-06-27,Spill,Critical,43.8,Without sure laugh they our manage blue space.,Operator Error,0.9,Closed
INC-00171,SITE-006,28-Aug-2025,Spill,Critical,41.5,Visit myself public difficult happy wear table call company chance thus southern simple far their person sea.,Material Fatigue,7.5,Open
INC-02572,SITE-003,2024-03-09,Leak, High,53.9,Smile standard house popular beat according open.,Third-party Damage,10.1,Open
INC-03444,SITE-005,2026-05-12,Equipment Failure,High,67.8,Name next especially rich future a teacher politics ready season let front.,Valve Failure,8.5,Closed
INC-02185,SITE-001,08/10/2024,Leak,low,85.6,Learn shoulder outside challenge laugh likely mind western various.,Operator Error,3.5,Open
INC-01656,SITE-002,2026-05-07,Leak,Low,84.4,Arrive rise base mission soon together simple.,Sensor Malfunction,7.7,Closed
INC-00443,SITE-003,2026-05-10T00:00:00Z,Equipment Failure,Critical,56.1,Boy first could really avoid when want may into computer threat themselves help raise.,,12.8,Open
INC-05720,SITE-001,2024-01-07,EQUIPMENT FAILURE,Low,85.4,Piece common number father available respond over before wrong certainly.,Sensor Malfunction,7.0,Closed
INC-04811,SITE-001,2024-11-04,Leak,Medium,88.2,This heart city billion son third wind structure.,,2.1,Closed
INC-00849,SITE-006,2025-01-01,Near Miss,High,64.3,Word now why yes field remember society first simple forget color.,Sensor Malfunction,1.5,Under Investigation
INC-02339,SITE-001,2025-05-07,SPILL,Medium,81.6,Finally message trial thousand fill certainly article machine race fight teach mouth.,Operator Error,3.1,Under Investigation
INC-04070,SITE-004,2024-08-29,Near Miss,Low,74.5,Able all bit life either respond memory can movement away well more sign.,Corrosion,10.4,Open
INC-02491,SITE-006,10/12/2023,Spill, High,72.5,Dark door health hold why reach same.,Operator Error,5.9,Open
INC-05002,SITE-004,03/08/2025,Spill,Medium,71.4,Despite within all fill either rise would good form poor.,Third-party Damage,3.5,Open
INC-04230,SITE-003,2024-10-27,Leak,Critical,30.3,Sort somebody entire pressure possible mention.,Sensor Malfunction,1.5,Under Investigation
INC-01311,SITE-006,2023-12-30,Leak,crit,60.9,Wear trade wonder leave per trade specific surface for agent person Democrat cold worry hospital year respond difficult.,Material Fatigue,4.7,Under Investigation
INC-05467,SITE-005,2024-09-07,Leak,High,55.0,Home morning identify movie bag benefit network bag beat factor teach short seven.,Material Fatigue,8.5,Open
INC-01171,SITE-005,2026-02-14,Fire,High,71.0,Course place way mean camera son individual another fish bad reach art.,Valve Failure,7.9,Open
INC-01297,SITE-001,2024-12-21,near-miss,High,66.1,Brother green near.,Operator Error,1.0,Closed
INC-02940,SITE-002,2024-05-11,Leak,Low,86.0,Series fund leave design campaign fine business because recent interesting sell hair that almost big.,Valve Failure,5.4,Closed
INC-05363,SITE-004,2025-06-21,Leak,Medium,77.7,They with soldier drop various boy travel area difference cut avoid room discuss television.,,7.5,Open
INC-03121,SITE-001,2023-09-20,Near Miss,Low,81.9,Make far increase avoid plan situation like none more area structure determine sense middle cup common fine read recognize might too.,Corrosion,11.1,Open
INC-04642,SITE-003,2024-08-12,Oil Leak,High,54.3,Necessary few your matter traditional some reach low.,Material Fatigue,4.2,Open
INC-03073,SITE-003,2025-01-21,Near  Miss,High,65.2,With knowledge movement foreign military perform film your condition article prepare.,,11.8,Under Investigation
INC-00244,SITE-006,15-Jul-2026,fire,Critical,61.6,Hear design board lay car modern fast until society data difficult.,,7.4,Closed
INC-00956,SITE-004,18-May-2025,Fire,Medium,59.3,Least whose pick wait office similar market social chair concern campaign safe conference enter voice leave.,Operator Error,2.3,Closed
INC-04209,SITE-001,2024-07-16,equipment failure,Low,88.1,Fly oil visit least industry.,Valve Failure,1.4,Open
INC-04486,SITE-004,2025-11-27,Near Miss,Critical,63.7,Space cold local along low full.,Valve Failure,9.6,Under Investigation
INC-02660,SITE-003,2026-04-14,Leak,MEDIUM,79.9,Maintain join list sit finish service health recent current.,Third-party Damage,0.4,Under Investigation
INC-02330,SITE-003,10/18/2025,Spill,Critical,65.6,Out everybody sing event reveal leg say admit manager effect little simply value far report child.,Material Fatigue,11.9,Under Investigation
INC-05335,SITE-002,2025-02-26,Near Miss,High,77.7,Often skill cover contain hospital enjoy per.,Material Fatigue,2.3,Open
INC-04812,SITE-001,2026-09-11,Spill ,Low,81.1,Stuff simple like situation financial inside probably can her off sound.,Sensor Malfunction,3.9,Closed
INC-05468,SITE-003,2025-03-31T00:00:00Z,Spill,Medium,77.6,Stand little guy or finally hope recently watch maybe these daughter us unit continue north.,Valve Failure,4.3,Open
INC-00778,SITE-005,2026-04-28,Leak,low,89.1,Group few himself ten body service mother clear choose such town measure.,,10.6,Under Investigation
INC-00528,SITE-004,2026-03-08,Leak,Medium,69.8,Car goal no chance tough husband growth none know fire several nature drug.,Third-party Damage,17.0,Closed
INC-00207,SITE-001,2026-05-11,Near Miss,,59.4,Bring media whom them you speech live buy investment tend near.,Material Fatigue,2.3,Under Investigation
INC-05594,SITE-006,28-Sep-2025,LEAK,Hi,65.4,One daughter majority early identify two relationship.,Material Fatigue,8.7,Closed
INC-05580,SITE-005,08/01/2025,Near Miss,High,48.5,Traditional great again start fish price type board economy determine sea effort have fall society free consumer art.,,6.9,Under Investigation
INC-05204,SITE-002,2025-05-29,Near Miss,Low,83.1,Win apply manager cold our hear significant indeed skin economy citizen dinner argue.,Sensor Malfunction,7.5,Under Investigation
INC-04052,SITE-006,2024-01-24,Near Miss,,88.3,Stop reach start degree find concern serve that protect upon some.,Valve Failure,7.8,Under Investigation
INC-02669,SITE-003,2023-12-21,Leak,High,50.3,Stuff law group sort turn which week society base operation choose debate home position.,Operator Error,3.5,Open
INC-03552,SITE-001,24/03/2024,Near Miss,Med,76.1,Picture seem law sister call heart increase speech yes effort officer a mission relationship again mention.,Third-party Damage,5.3,Open
INC-04696,SITE-006,2025-01-28,Spill,,55.9,Determine almost real general off will save financial head long ball respond somebody window.,Sensor Malfunction,1.1,Open
INC-03535,SITE-001,04/04/2025,Spill,High,73.9,Away peace parent body security another politics property.,Corrosion,6.3,Open
INC-00176,SITE-004,2026-01-19,Near Miss,Medium,89.0,Create water role at partner up respond tonight hand weight great pass.,Material Fatigue,8.2,Open
INC-02137,SITE-004,2025-08-24,Fire,High,59.0,Task since particularly though teach less.,Valve Failure,4.4,Under Investigation
INC-05165,SITE-003,2024-10-24,Near  Miss,Medium,82.2,Hundred work red system media.,Third-party Damage,2.6,Open
INC-05567,SITE-001,2025-12-19,Equipment Failure,Low,95.3,Popular than light remember financial back beyond research hand how through official half night close.,Material Fatigue,16.8,Open
INC-02273,SITE-005,2025-12-23,Near Miss,High,55.1,Economic agency measure certain blood knowledge itself practice forward similar hand focus truth near here.,,13.4,Under Investigation
INC-00669,SITE-002,2024-11-03,Spill,Low,93.8,Wait media bag international wonder quite role land.,,16.2,Under Investigation
INC-00884,SITE-001,2026-02-23,Near Miss,Medium,76.7,Who beautiful take on dog home box other almost institution.,Operator Error,24.7,Open
INC-04753,SITE-001,24-Mar-2025,Near Miss,HIGH,41.9,Culture Mr owner image car pressure.,Sensor Malfunction,4.5,Under Investigation
INC-02037,SITE-001,2024-05-02,Spill,Critical,42.2,Speak common his shoulder third cell west attention listen office provide international sure strong energy ball movement dog author each.,,16.3,Under Investigation
INC-02582,SITE-004,2024-04-18,Equipment Failure,Low,87.7,Happen bag never Democrat sea remain similar former rate wife nor grow could night.,Valve Failure,1.4,Open
INC-03364,SITE-006,2026-05-15, Leak,Critical,48.2,Religious painting evening night do doctor table option pattern risk animal sport feeling.,,4.5,Open
INC-01134,SITE-004,2026-05-23,Near Miss,High,56.2,Event everyone say Republican white partner identify then major order office away couple.,Material Fatigue,2.2,Under Investigation
INC-01872,SITE-006,2023-12-14,Spill,Critical,64.7,Perform alone growth experience defense very until president relationship become around score door approach long nation.,Material Fatigue,11.5,Under Investigation
INC-04481,SITE-004,2024-06-10,Equipment Failure,Medium,79.0,Enough eight strong blue politics land choose.,Third-party Damage,9.6,Closed
INC-04536,SITE-003,2025-05-11T00:00:00Z,Equipment Failure,Critical,50.5,Defense when half direction next whom however.,Valve Failure,7.0,Closed
INC-01049,SITE-004,2025-11-14,Equipment Failure,Medium,78.5,Anything each ever provide exactly.,Material Fatigue,8.5,Under Investigation
INC-04836,SITE-006,2026-02-15,Leak,Critical,55.0,Try seven drive rest do activity none two improve today property available card.,Material Fatigue,3.4,Under Investigation
INC-01603,SITE-002,2025-04-18,,Low,83.2,Accept according face bar certain true worker how above score draw some do key action discussion.,Material Fatigue,14.7,Open
INC-04877,SITE-001,2025-12-11,Leak,Low,93.1,Enough material career likely perhaps total than past.,,10.3,Closed
INC-01135,SITE-006,2024-08-14,Near Miss,Low,80.4,Together while wish general outside.,Third-party Damage,4.9,Open
INC-04064,SITE-001,2026-03-25,SPILL,Low,88.6,War dream expert mouth hot.,Operator Error,11.5,Under Investigation
INC-01288,SITE-005,2026-07-08,Spill,High,71.0,International though mother west everybody start sure standard expect argue.,Material Fatigue,7.4,Closed
INC-01623,SITE-006,2024-05-25,Leak,High,48.5,Next explain choice leave lawyer design crime project heavy skin skill affect.,Material Fatigue,10.9,Closed
INC-03310,SITE-005,2025-06-02,Equipment Failure,Critical,60.4,Sea official player knowledge under.,Sensor Malfunction,4.8,Open
INC-03304,SITE-006,2023-10-15,Equipment Failure,High,70.0,Coach must partner analysis impact animal stay give life include ball tough each.,Valve Failure,6.2,Closed
INC-02183,SITE-002,2025-05-17,Equipment Failure,low ,77.5,Answer store agent place others player toward somebody ready.,Corrosion,14.0,Under Investigation
INC-03993,SITE-003,2025-09-30,,High,70.4,Respond ten sound successful not this who history throughout meet it chair picture suggest.,Valve Failure,7.4,Closed
INC-05320,SITE-005,2024-05-14,Spill,Medium,87.1,Mrs TV exactly consider grow visit partner against many could whom.,Operator Error,5.5,Under Investigation
INC-02830,SITE-006,15-Nov-2023,Near Miss,High,59.2,Continue house new my from value field her your painting themselves myself detail.,Material Fatigue,13.1,Under Investigation
INC-01896,SITE-006,2026-01-05,Leak,Medium,76.6,Up inside rich hotel eight despite life nation rate until think reason.,,20.7,Open
INC-03282,SITE-002,2024-03-15,Near Miss,High,64.2,New total one fund power rise attack policy miss bar sign site.,Valve Failure,6.2,Under Investigation
INC-04839,SITE-005,2024-01-04,Near Miss,Critical,45.1,Water check pull hour form week allow realize on subject less natural industry drug sport.,,13.9,Closed
INC-02783,SITE-006,2026-02-10,Spill,High,62.3,Get entire when ability seem four customer even speech room movement get feeling probably.,Sensor Malfunction,6.9,Closed
INC-03886,SITE-002,2023-09-21,Near Miss,Medium,78.2,Candidate trade my professor series relationship stay sure blood marriage although size likely physical.,Operator Error,9.4,Open
INC-04958,SITE-001,2024-01-16,Spill,Critical,55.6,Television their per fact include pull anyone art.,Valve Failure,6.5,Closed
INC-03098,SITE-001,2025-06-16,Leak,Medium,80.6,Explain left beautiful type international member style fact base.,Operator Error,10.1,Open
INC-05362,SITE-005,2023-10-02,Leak,,89.8,Land sit participant happen indeed others foreign news go day once training.,Material Fatigue,2.4,Closed
INC-03522,SITE-006,2023-12-31, Leak,High,48.9,At truth why alone democratic until benefit.,Sensor Malfunction,12.6,Under Investigation
INC-04798,SITE-004,2026-03-25,Fire,High,65.8,Within off know policy a building pressure woman middle hotel certainly.,Third-party Damage,8.6,Open
INC-03011,SITE-005,2025-08-16,Near Miss,CRITICAL,45.0,Support gas our phone some simply current matter.,Operator Error,2.0,Under Investigation
INC-03200,SITE-003,2025-02-03,Near Miss,High,52.1,Building industry century up race gas east certainly from.,Third-party Damage,12.7,Under Investigation
INC-02281,SITE-006,2026-07-26,Equipment Failure,Critical,57.5,Although Republican couple four note information this could discover seat.,Valve Failure,2.5,Under Investigation
INC-01582,SITE-006,2026-01-04,Equipment Failure,Critical,35.6,Direction produce improve drop.,Sensor Malfunction,3.2,Under Investigation
INC-00238,SITE-005,2024-08-27,Equipment  Failure,High,47.1,Film peace computer chair sit apply the.,Valve Failure,6.9,Closed
INC-02592,SITE-001,2025-04-14,Leak,Low,85.7,Student professional lawyer low though ability finally reflect member.,Operator Error,0.9,Open
INC-05042,SITE-001,2024-01-23,Leak,LOW,97.8,Some either dark address box best well behavior finally.,Operator Error,2.1,Closed
INC-01346,SITE-006,2024-10-02,Spill,Critical,38.9,Camera kind move police film full which series what check particularly point size attention name nation water.,Valve Failure,7.2,Open
INC-01270,SITE-006,2025-09-10,Leak,Medium,87.5,Benefit range position help stage agency suddenly six no drug space anyone rate.,Corrosion,3.4,Open
INC-03426,SITE-002,2023-12-19,Near Miss,Medium,82.8,Democratic rest win daughter remember hold present wind network.,Valve Failure,5.4,Under Investigation
INC-02386,SITE-001,2026-03-03,Leak,Medium,89.6,Drive agent apply space loss instead system shoulder enjoy herself.,Corrosion,13.5,Closed
INC-02310,SITE-001,2025-02-24,Spill,Low,115.7,Officer offer pull cause account myself federal time go conference learn fish.,Valve Failure,5.0,Closed
INC-02961,SITE-005,2024-05-10,Near Miss,Low,88.0,Arrive require establish model particularly kitchen common thank hard girl ready personal exist interview.,Third-party Damage,3.7,Under Investigation
INC-00905,SITE-005,2024-09-27,Near Miss,low ,86.4,Participant cold than by blood suddenly lot some.,Material Fatigue,1.3,Closed
INC-04423,SITE-004,2023-08-01T00:00:00Z,SPILL,Low,93.4,Reveal news risk maybe huge because attention position gas local.,Third-party Damage,7.3,Open
INC-04611,SITE-005,2024-03-26,near-miss,Low,92.7,Compare not nature everyone hand side theory wall position campaign data item quite amount person join approach sell blood.,Valve Failure,1.7,Under Investigation
INC-04415,SITE-001,2024-02-07,Equipment Failure,Medium,80.6,Drug prove buy of fact several.,Operator Error,2.4,Open
INC-04343,SITE-004,2024-04-20,Spill,Low,87.9,Key officer offer seven generation measure day attack left song center leader information unit.,Third-party Damage,9.1,Open
INC-00294,SITE-003,2025-11-21,Equipment Failure,Critical,30.3,Customer visit subject protect upon serious sport worker stock home nation prevent glass else.,Valve Failure,8.6,Under Investigation
INC-04485,SITE-002,2023-08-07,Near Miss,Low,99.7,Fact almost catch themselves like.,Valve Failure,12.3,Under Investigation
INC-03307,SITE-004,2025-10-08,FIRE,medium,79.6,Picture car type amount.,Corrosion,6.7,Open
INC-04619,SITE-001,2026-04-23T00:00:00Z,Equip. Failure,HIGH,62.9,Particular enough newspaper born.,Operator Error,3.7,Under Investigation
INC-00018,SITE-006,2026-03-09,Leak,High,81.6,Realize fund soon consider arm stage organization central.,Operator Error,1.0,Closed
INC-05522,SITE-006,2025-01-30,Spill,Critical,66.5,International authority water short do marriage woman throw might forward those great.,Material Fatigue,10.8,Closed
INC-05815,SITE-006,15/02/2024,Equipment Failure,Low,94.7,Discussion best between win firm father argue cover list agent analysis near see fish sea.,Sensor Malfunction,7.5,Open
INC-03146,SITE-006,29-Jul-2024,Leak,Critical,43.8,Contain at war once may manager heavy.,Corrosion,1.0,Closed
INC-05625,SITE-005,2024-11-24,Near Miss, medium,77.7,Four choose glass next democratic food worry notice state meeting close case blood.,,4.5,Under Investigation
INC-01446,SITE-001,2026-04-23,Leak,Low,84.9,Be beautiful realize yet science agree industry defense lot medical.,Third-party Damage,4.5,Closed
INC-04631,SITE-006,2023-09-11,Spill,Critical,35.4,Turn way action gas new sort window.,Sensor Malfunction,9.3,Open
INC-02728,SITE-005,2023-08-03,Leak,Medium,56.2,Offer prove reason tend sister home.,Operator Error,9.6,Under Investigation
INC-00559,SITE-001,2025-06-10,equipment failure,High,66.2,Current happen again toward between sell ability together dinner PM.,Sensor Malfunction,1.2,Closed
INC-01738,SITE-001,01/07/2024,,Medium,75.2,Guess others nation fear none lead future child morning always.,Material Fatigue,25.8,Under Investigation
INC-04207,SITE-006,2025-10-07,Leak,Low,86.9,Thank even country who challenge south.,Third-party Damage,16.2,Open
INC-00927,SITE-006,19/11/2025,Fire,High,73.8,White name under author include half child bit minute some product every adult.,Material Fatigue,7.0,Under Investigation
INC-01235,SITE-005,2023-07-25,Near Miss,High,53.2,Artist station child which involve stuff.,Operator Error,8.5,Closed
INC-05190,SITE-003,2026-03-14,Spill,Critical,44.3,Moment book reflect capital the who.,Third-party Damage,8.3,Under Investigation
INC-00833,SITE-005,2026-06-28,Equipment Failure,High,150.0,Relationship ok woman positive young ok usually able occur quickly best state drug marriage month just art not according.,Corrosion,3.1,Closed
INC-03435,SITE-003,2023-11-06,Spill,Hi,50.4,Write military budget since seek action future finish.,Third-party Damage,2.8,Closed
INC-05977,SITE-004,12/07/2024,Leak,Medium,88.2,Director between daughter indicate.,Third-party Damage,8.2,Open
INC-05214,SITE-005,23/03/2025,Near Miss,Low,89.3,Career child one station draw less once property bed source behind prepare then strong.,Valve Failure,8.0,Closed
INC-02895,SITE-001,2026-01-25,Near Miss,Critical,59.3,Act blue community write third bit support build go prevent four.,Sensor Malfunction,2.7,Open
INC-05612,SITE-006,2025-04-15,Minor Spill,Medium,70.8,My dream figure different street though.,,8.8,Closed
INC-01133,SITE-005,2025-11-23,Fire,Medium,65.6,Federal sister film cause by community simply.,Sensor Malfunction,4.7,Closed
INC-01830,SITE-003,2026-01-07,leak ,High,67.9,Mind group human lead how including bar heart break staff item yet.,Sensor Malfunction,4.6,Under Investigation
INC-00722,SITE-006,2024-08-05,,Critical,46.7,Final fast fear positive team TV evening attorney.,,4.9,Open
INC-03223,SITE-003,2025-07-12,Spill,High,62.9,Thousand cause begin exactly still teacher trade hotel rich gas turn may.,Sensor Malfunction,9.8,Open
INC-05369,SITE-002,2025-06-05,Equipment Failure,Medium,67.9,Main kid deal able responsibility local food office.,Sensor Malfunction,2.0,Under Investigation
INC-02383,SITE-005,2026-07-11,Equipment Failure,High,70.1,Teacher senior direction ever yes.,,2.3,Closed
INC-05492,SITE-004,2026-08-24,Leak,Low,90.8,Catch food per debate movement off science ball both out.,Third-party Damage,6.0,Closed
INC-03989,SITE-004,2026-09-11,Equipment Failure,Low,89.2,Blood talk peace education car the significant no policy cover population.,Material Fatigue,3.1,Closed
INC-05705,SITE-004,2026-09-02,Equipment Failure,Low,86.9,Born wife score still see risk kind white.,Third-party Damage,11.0,Open
INC-00658,SITE-004,2023-11-20,Equipment Failure,Low,84.0,Similar ago ten art personal.,Operator Error,9.9,Under Investigation
INC-00922,SITE-005,2024-01-16,Near Miss,High,65.9,Child truth administration something debate poor.,Operator Error,12.9,Closed
INC-03651,SITE-006,31-May-2025,Fire,Critical,36.1,People radio to road general customer society form list lot behavior.,Third-party Damage,20.0,Under Investigation
INC-04330,SITE-002,2025-03-31,Fire,LOW,92.6,Debate player recently plan head among decide.,Sensor Malfunction,2.0,Closed
INC-01714,SITE-002,2023-11-30,Near Miss,Critical,37.5,Prove every decision answer serious edge pull administration option dream both give item black course eye court letter politics.,Sensor Malfunction,6.3,Closed
INC-03363,SITE-005,2025-02-22,spill,Medium,76.3,Home people provide financial coach economic difference great behavior word.,,14.0,Closed
INC-00594,SITE-001,2023-10-13,Equipment Failure,Medium,68.3,Large of pretty reveal draw election image bag level by strong manage strong.,Corrosion,5.9,Open
INC-01472,SITE-003,2026-04-02,, High,75.5,Fish important leave outside sing despite.,Corrosion,8.5,Under Investigation
INC-01195,SITE-003,2024-08-27T00:00:00Z,Spill,,56.6,Argue budget involve animal foreign purpose more fill claim after difficult million.,Valve Failure,0.8,Closed
INC-04616,SITE-006,2025-04-28,Equipment Failure,Critical,44.3,Listen view site just so southern across back affect watch imagine benefit bill cultural blood drug nation.,Operator Error,6.6,Open
INC-04246,SITE-002,2025-01-19,Leak,Medium,74.0,Economic network brother good character agreement though item.,Third-party Damage,5.9,Closed
INC-04580,SITE-005,2025-11-30,Equipment Failure,Lo,93.5,Station recognize mention shake heavy factor identify.,Sensor Malfunction,8.0,Closed
INC-04637,SITE-001,2025-04-01,Fire,Low,84.8,Down nation although play others exist present race town hotel red they clear.,Corrosion,10.3,Closed
INC-01255,SITE-001,04/10/2025,Fire,Medium,57.7,Approach can usually source suddenly forward often require later power teach she section woman buy.,Valve Failure,1.5,Closed
INC-04036,SITE-006,04/10/2026,Equipment Failure,Critical,47.9,Mind mouth interview take whom.,Material Fatigue,4.0,Open
INC-04067,SITE-005,2025-05-15,Equipment Failure,low ,82.5,Wife development evening capital century education no character authority at.,Material Fatigue,1.7,Open
INC-03967,SITE-006,2026-03-31,Equipment Failure,CRITICAL,55.5,Notice beyond anything popular throw treat reason it his serious.,Sensor Malfunction,2.6,Under Investigation
INC-05822,SITE-004,12/04/2024,Near Miss,High,82.6,Government suffer understand scene music bring let should spring something bar nearly direction yet a benefit because newspaper.,Valve Failure,20.1,Open
INC-03408,SITE-006,06/15/2024,Leak,High,73.3,Pattern agency industry strong edge between evening.,Operator Error,11.6,Under Investigation
INC-04520,SITE-006,2023-08-08,Spill,Low,74.0,Plan should goal put enough whose clearly recently us determine.,Third-party Damage,1.6,Closed
INC-01490,SITE-006,2024-09-06,Near Miss,Low,82.2,Quality box picture everyone local space like.,Valve Failure,12.2,Open
INC-03501,SITE-003,2025-04-12,Equipment Failure,Critical,69.4,Also store him success ground should black push.,,2.7,Under Investigation
INC-03842,SITE-003,2026-06-29,Near Miss,Critical,44.9,Score they pay assume study low power population room go.,Corrosion,22.7,Under Investigation
INC-04476,SITE-003,2026-05-25,Near Miss,Medium,82.6,Church reveal choice movie home interesting.,,3.7,Open
INC-05179,SITE-001,2024-03-01,Equipment Failure,high,66.1,Prevent describe end north third.,,19.5,Under Investigation
INC-03104,SITE-003,2023-08-04,Equipment Failure,Low,82.6,Allow west style garden.,Corrosion,10.0,Closed
INC-05365,SITE-001,2024-02-16,Leak,Low,80.6,Or magazine general catch class television artist skill.,Operator Error,3.0,Open
INC-00172,SITE-006,2024-12-25,Spill,crit,26.4,Safe authority view event ability seat.,Valve Failure,4.6,Open
INC-03945,SITE-005,07/20/2025,Equipment Failure,Lo,-5.0,Begin couple politics beautiful large one no increase.,,9.2,Open
INC-01027,SITE-006,2025-02-25, Leak,High,51.8,Dark where image ago they we soon take find.,,5.2,Under Investigation
INC-02160,SITE-002,01/20/2024,Equipment Failure,Low,89.8,House improve time spend expect list three future learn lead entire forward around staff teach whole claim thing meeting.,Sensor Malfunction,6.5,Closed
INC-02103,SITE-006,2025-09-10,Equipment Failure,Critical,35.1,Entire behavior young investment former child letter area measure.,,1.3,Under Investigation
INC-04640,SITE-001,2023-12-25,Equipment Failure,Medium,72.6,Message final account seem result authority rise choice family area.,Third-party Damage,7.7,Closed
INC-04106,SITE-003,2024-08-15,Near Miss,High,48.8,Relationship face common like ago economic half young week everything lawyer everybody.,,8.1,Closed
INC-05760,SITE-003,23-Oct-2023,Spill,Medium,69.2,Task garden view door local fund role.,Sensor Malfunction,9.0,Closed
INC-04920,SITE-006,2024-01-04,Leak,Low,86.3,Phone health nothing line to former southern weight soon central.,,2.4,Under Investigation
INC-01863,SITE-006,2023-12-14,Leak,Med,74.2,Yard spring summer western hand defense article world soon discussion when respond require cultural try measure visit think today.,Corrosion,11.4,Under Investigation
INC-00189,SITE-001,2025-05-23,Equipment Failure,Low,84.9,Sound themselves but Congress article Republican.,Corrosion,11.1,Open
INC-01161,SITE-006,2025-05-19,Leak,Med,79.8,Have customer Congress such current avoid order laugh worry example perform contain speech contain movement condition.,Sensor Malfunction,15.3,Closed
INC-05738,SITE-003,2024-07-25T00:00:00Z,Spill,crit,27.2,Center bring prepare film hard place.,Operator Error,6.0,Closed
INC-00880,SITE-001,2026-03-16,Leak,Medium,75.5,Action something especially hospital turn pattern author simple his should present suffer degree bill serious way perform.,Valve Failure,3.0,Under Investigation
INC-05031,SITE-003,2024-02-17,Spill,Medium,84.1,Old at wall sense about difference east commercial soon what I.,Valve Failure,1.3,Under Investigation
INC-05860,SITE-003,2026-06-25,Leak,High,73.2,Very owner huge court act great government.,Material Fatigue,8.6,Under Investigation
INC-03606,SITE-006,2025-09-25,Leak,High,71.9,Debate provide how get heavy parent though only expect sell billion actually.,Material Fatigue,2.6,Open
INC-04378,SITE-006,31/12/2023,Equipment Failure,Medium,85.1,Expect million student team establish other hard write nearly hard wonder return tend fund admit tax.,,11.5,Closed
INC-01665,SITE-003,2026-03-04,Spill,Medium,65.2,Race your want realize condition central middle tax free sound.,,8.9,Closed
INC-01890,SITE-002,2026-05-08,Equipment Failure,Medium,80.2,Boy remain nothing her bring either build support.,Valve Failure,4.0,Closed
INC-05250,SITE-006,2026-05-23,Near Miss,High,67.1,Test course exactly case type field responsibility man year they join beautiful indicate professor range camera personal.,Material Fatigue,16.8,Under Investigation
INC-04364,SITE-005,2024-03-23T00:00:00Z,Near Miss,Medium,84.8,Save pretty include institution memory must lot deal quite act never.,Valve Failure,1.7,Closed
INC-05634,SITE-001,06/13/2024,Fire,Medium,84.0,Approach and class improve forward work professional win gas thus music.,Third-party Damage,7.7,Open
INC-05022,SITE-006,28/09/2024,, High,59.1,Drop evening above top result out old face some Mr past worker stock book body.,Sensor Malfunction,9.5,Under Investigation
INC-02593,SITE-006,2024-06-19,Equipment Failure,Medium,80.7,Single better few letter product story stop be I class other though various six chance.,Third-party Damage,4.6,Open
INC-05560,SITE-005,09/11/2023,Fire,High,48.8,See buy hand poor lot seem finish enter.,Material Fatigue,10.9,Closed
INC-04139,SITE-003,2024-03-22,Leak, medium,81.1,Project almost trial beat quickly.,Valve Failure,5.9,Under Investigation
INC-03574,SITE-003,2024-09-08,Equipment Failure,Medium,78.7,Design fear discussion exactly general instead really.,Valve Failure,5.8,Open
INC-01608,SITE-001,2026-03-27,Near Miss,MEDIUM,70.0,Pay thousand member like real class PM tell section able town.,Sensor Malfunction,13.6,Closed
INC-02650,SITE-003,2025-10-22T00:00:00Z,Fire ,Critical,46.1,Question maintain change war pass white rule itself.,Operator Error,16.9,Under Investigation
INC-00861,SITE-003,2025-10-07,Spill,High,66.5,Box floor police describe challenge debate half serious girl build government usually.,Valve Failure,16.5,Under Investigation
INC-05826,SITE-002,2026-05-13,Equipment Failure,Low,80.5,Look will always author dog carry state realize wrong more win.,Corrosion,10.9,Open
INC-00345,SITE-004,2025-07-07,Near Miss,Medium,67.0,Audience thank travel while our painting have.,Operator Error,9.3,Under Investigation
INC-03300,SITE-002,2025-04-28,Equipment Failure,Medium,85.0,Right something structure road against reach number good ever service if stuff.,,0.7,Closed
INC-03409,SITE-001,2023-08-28,near miss,Low,88.2,Time participant among exactly community.,Corrosion,11.9,Under Investigation
INC-03883,SITE-001,2025-04-22,Fire,Low,97.4,Church century she none save likely whole indicate win strategy east ten cold hair memory.,Material Fatigue,11.2,Open
INC-00999,SITE-006,2024-10-12,Equipment Failure,Critical,54.2,At choice couple person expert house meet suddenly.,Operator Error,5.5,Under Investigation
INC-04989,SITE-006,2025-08-07,Leak,Hi,49.6,Pass anyone improve opportunity owner.,Operator Error,6.1,Under Investigation
INC-00571,SITE-006,2026-05-18,Equipment Failure,High,63.3,Enjoy east thousand up during sure environment manage form shoulder process entire wonder camera follow.,,3.3,Closed
INC-00917,SITE-001,22-Apr-2024,Spill,Medium,78.9,No concern want sure ability develop Republican if skin safe second serve area cause research.,Valve Failure,11.9,Closed
INC-04362,SITE-001,2023-08-18,Equipment Failure,Medium,59.0,Rest later black result standard friend matter.,Sensor Malfunction,10.7,Closed
INC-01747,SITE-003,2025-09-07,Equipment Failure,Critical,53.1,Necessary dream actually dinner then step specific clear these find best.,Third-party Damage,8.1,Under Investigation
INC-04318,SITE-005,12/14/2025,Spill,Medium,78.9,Society method anyone live.,,15.9,Closed
INC-05584,SITE-003,01/02/2025,spill,High,73.2,Country budget knowledge dream newspaper see phone state product receive.,Corrosion,10.4,Closed
INC-00252,SITE-003,2024-01-29,Leak,Critical,38.6,Set start other our.,,9.5,Open
INC-00269,SITE-003,2025-10-23T00:00:00Z,Spill,High,46.5,Hold material stock individual south happy if again executive production pay official exactly center.,Operator Error,2.8,Closed
INC-02435,SITE-006,2024-06-27,Equipment Failure,High,73.7,Feel financial single difference real word view laugh always off.,Material Fatigue,13.2,Closed
INC-05546,SITE-006,30/09/2023,Leak,High,71.6,Soldier act trade throw first baby land high painting admit someone.,Valve Failure,6.4,Closed
INC-03465,SITE-005,2023-12-12,Spill,Low,-0.5,Year toward key prove tell single help sign chair office party.,Sensor Malfunction,2.8,Closed
INC-00106,SITE-003,2023-11-28,Spill,High,53.4,Read partner win opportunity piece increase yeah quickly occur least.,Valve Failure,10.7,Under Investigation
INC-01170,SITE-005,2024-03-09T00:00:00Z,Fire,Medium,89.4,Night get true attention save almost off computer political air manage carry movement recognize.,Corrosion,5.5,Closed
INC-01071,SITE-006,2025-08-07,Equipment  Failure,High,59.6,Pull some describe nor big happen new.,Valve Failure,5.4,Open
INC-03971,SITE-001,2026-09-07,Near Miss,Medium,61.3,Business bring word child loss only.,Valve Failure,12.4,Open
INC-00216,SITE-005,2025-10-17,Spill,Medium,88.2,Six hard term medical suffer again may foot one.,Third-party Damage,9.1,Open
INC-05124,SITE-006,31/07/2024,Fire,High,43.3,Sit light lot record yet lot against.,Third-party Damage,3.8,Open
INC-04855,SITE-005,2023-08-26,Near Miss,Critical,26.2,Security participant suddenly stand civil page so community mention reality baby nation day.,Corrosion,3.2,Closed
INC-03459,SITE-004,2026-05-05,Equipment Failure,Critical,51.7,Spend growth act spend now change rate else.,Sensor Malfunction,5.5,Open
INC-01218,SITE-003,2025-06-24,Fire,Low,88.2,Whom road how ball often front hair factor finally because consumer key price catch newspaper anyone everybody actually.,Third-party Damage,3.2,Under Investigation
INC-05958,SITE-002,2025-09-08,Leak,High,56.6,Number get itself call week also new visit analysis appear.,Material Fatigue,6.4,Open
INC-00422,SITE-003,2026-03-07,Leak,High,83.7,Population mean candidate pick defense conference tough their movement interview television hard she else it out more present.,Valve Failure,2.8,Open
INC-04809,SITE-006,2025-05-13,Equipment Failure,High,67.6,Structure place rest decide TV group past before.,Third-party Damage,8.5,Closed
INC-00544,SITE-004,2025-11-11,Spill,Med,75.8,Suggest price across various son actually spend hot this wrong father soldier day interesting.,Sensor Malfunction,5.5,Closed
INC-00222,SITE-005,2023-11-25,Spill, Critical,50.1,Black against democratic sing civil reach street these teach outside simple air them professional step class their mean safe.,Sensor Malfunction,7.6,Under Investigation
INC-00691,SITE-004,2026-03-21,Leak,High,66.8,Since everything wind best later course pick if walk school air over both green nor order.,Third-party Damage,12.2,Under Investigation
INC-05398,SITE-001,2026-02-17,Leak,High,60.0,Computer place capital of herself understand center traditional phone imagine stuff have.,Corrosion,10.9,Open
INC-01245,SITE-001,2024-06-07,Near Miss,High,54.5,Officer along rather level lawyer alone offer job always boy care drive.,Corrosion,7.1,Under Investigation
INC-05128,SITE-003,2024-06-23,Equipment Failure,Hi,72.9,Church likely action start feeling.,Valve Failure,13.3,Closed
INC-00580,SITE-002,2026-04-14,Equipment Failure,,89.7,Still eight summer do run term we billion woman garden high well investment need can.,Sensor Malfunction,6.5,Open
INC-02918,SITE-005,2025-04-07,Near Miss,Low,84.2,Perhaps future reduce level improve boy face customer.,Third-party Damage,3.8,Under Investigation
INC-00397,SITE-002,2026-08-27,Near Miss, medium,78.6,Response century this everything us buy mother professional way.,Material Fatigue,3.3,Closed
INC-04653,SITE-003,2025-09-13T00:00:00Z,Equipment Failure,Low,86.4,Recent high kid rich more bad doctor.,Sensor Malfunction,9.3,Open
INC-01948,SITE-006,2024-08-27,Spill,Low,93.2,Site color kind firm type book hot tend reflect already instead.,Material Fatigue,11.9,Closed
INC-04601,SITE-003,2024-06-02,Leak,Critical,48.7,Great store pull buy free administration student sure there our show stage I green first seven speech them.,Third-party Damage,2.8,Open
INC-04928,SITE-003,2026-03-31,Equipment Failure,High,150.0,Degree such space bad media street or each something study face throughout billion different election with behavior.,Valve Failure,4.5,Open
INC-03328,SITE-006,2025-12-24,Spill,Medium,85.8,Agree test board they forget source garden economy from evidence.,Material Fatigue,2.3,Under Investigation
INC-01574,SITE-004,2023-08-04,Fire,Medium,72.6,Recognize trip close fire kid total finish message organization.,Material Fatigue,10.7,Closed
INC-00664,SITE-005,26/01/2026,Spill,Medium,-5.0,Feeling law at against husband fight main article after benefit.,,11.1,Closed
INC-05731,SITE-003,2024-11-26,Leak,Critical,22.6,Nice close force community candidate energy.,Operator Error,12.9,Under Investigation
INC-04074,SITE-006,2026-01-14,Spill,High,62.3,Effect agree later bit lot degree agreement resource affect question value between physical before have while likely receive.,,4.4,Closed
INC-00609,SITE-004,2026-04-05,Equipment Failure,High,70.5,Foot its lot third receive news professor issue to.,Corrosion,2.0,Open
INC-05617,SITE-003,2025-12-30,Spill,High,-12.3,Its which town out agreement dinner once partner natural sort.,Corrosion,0.7,Open
INC-02122,SITE-004,2023-09-29,Equipment Failure,HIGH,63.6,Radio onto whose piece it feeling.,Corrosion,5.7,Closed
INC-01369,SITE-006,2024-10-03,Fire,Critical,77.6,Strong role establish hold model blue cell and model give to example quickly real specific class church.,Sensor Malfunction,14.6,Under Investigation
INC-01727,SITE-006,08-Nov-2023,Leak,High,48.4,Make whole current white know word.,,12.3,Open
INC-01412,SITE-004,2024-10-25,Near Miss,Medium,65.1,Often quality dark court school benefit fill contain.,Sensor Malfunction,12.7,Closed
INC-00400,SITE-006,2024-07-09,Equipment Failure,Hi,-5.0,Statement change brother western debate.,,3.6,Closed
INC-02709,SITE-006,2025-07-14,Leak,Critical,50.6,Degree school write seven movement budget too something let marriage international stand ready information organization particular trip beat.,Operator Error,0.4,Open
INC-05432,SITE-006,2024-08-18,Leak,crit,36.9,Want trial order Democrat industry personal see.,Material Fatigue,5.2,Under Investigation
INC-04085,SITE-003,2023-12-01,Spill,High,-5.0,Director individual action call success live ball nation put gun score guess evening.,Sensor Malfunction,12.9,Closed
INC-02928,SITE-004,2024-02-17,Near Miss,,69.3,Outside plant animal though but area evening itself beautiful concern away can tax.,Material Fatigue,14.3,Closed
INC-00579,SITE-002,2025-10-28,Leak,High,64.3,In fish choose remember more lay challenge.,Third-party Damage,6.6,Open
INC-03095,SITE-003,19-Sep-2024,Leak,High,62.1,Deep operation door power follow another read member official.,Third-party Damage,10.0,Open
INC-05494,SITE-003,2023-12-21,Near Miss,Low,84.6,Represent visit a wall remain free number unit people method off partner would.,Corrosion,10.8,Open
INC-01088,SITE-005,04/15/2026,,Low,104.0,Age enjoy professor together financial tonight pass image better.,Sensor Malfunction,1.5,Open
INC-03411,SITE-005,2024-10-01,Equipment Failure,High,49.8,Computer more also take indeed hundred result responsibility child.,Valve Failure,2.5,Under Investigation
INC-03530,SITE-006,2024-08-10,Near Miss,High,56.7,Result behind table watch read partner man power mean fly practice.,Third-party Damage,8.1,Open
INC-04313,SITE-001,2026-04-20,NEAR MISS,Low,83.7,Series give effort manager door PM remain peace lose so dream watch career concern smile base director.,Sensor Malfunction,4.2,Open
INC-00113,SITE-005,2024-02-09,LEAK,Low,96.1,Note board myself customer each usually more.,Valve Failure,2.2,Closed
INC-03789,SITE-006,2026-06-16,Fire,High,59.9,Attention investment see his government have debate morning.,Third-party Damage,4.3,Under Investigation
INC-00134,SITE-005,2024-10-07,Spill,Medium,66.4,Little arrive skin discussion develop realize half.,Valve Failure,4.7,Open
INC-03421,SITE-003,27/09/2023,Near Miss,High,51.9,Share cause since anyone according behavior pass raise.,Operator Error,7.6,Under Investigation
INC-03281,SITE-003,2024-05-27,Equipment  Failure,Critical,52.8,North end anyone run next born series perform information their police image tonight meet throw present money.,Sensor Malfunction,14.2,Closed
INC-00824,SITE-004,16/08/2023,Near Miss,Low,88.6,Someone image structure prevent manager full road about probably control growth.,Material Fatigue,7.2,Closed
INC-01105,SITE-004,2024-01-26,Spill,High,66.8,Cultural economic able third someone away that leg community often road able back right science write fire.,Operator Error,4.2,Under Investigation
INC-02275,SITE-002,2023-09-23,Spill,,73.2,Big sea watch south different month really.,Valve Failure,9.6,Under Investigation
INC-05716,SITE-003,2025-08-19,Fire,Medium,70.2,House perform join left stop describe budget debate.,,12.8,Closed
INC-02096,SITE-003,2024-01-03,Leak,Critical,47.9,Chair public begin activity line reach little by rather history area audience.,Third-party Damage,9.7,Under Investigation
INC-04484,SITE-002,2025-04-29,Spill ,Medium,80.4,Above line two federal stock recently wife.,Operator Error,6.2,Closed
INC-04108,SITE-001,2025-11-19,Near Miss,High,72.9,Later dream party rich note why sea final sort here turn policy fall face must table thousand.,Corrosion,7.4,Under Investigation
INC-02789,SITE-004,07/20/2026,Fire,,90.1,Moment participant skin.,Sensor Malfunction,4.6,Under Investigation
INC-03714,SITE-002,2026-04-13,Near Miss,Low,93.4,Task bring local difficult civil toward morning much.,,2.5,Closed
INC-01084,SITE-006,2026-08-01,Equipment Failure,High,65.3,Economic rate pick season paper sometimes.,Material Fatigue,4.0,Under Investigation
INC-04974,SITE-005,2024-07-03,Near Miss,Medium,78.5,Add any simply religious important structure any hot spend hit.,Third-party Damage,3.2,Open
INC-00943,SITE-002,2025-09-22,near miss,High,49.5,Carry box with Congress most participant city per require state side film imagine information edge.,Sensor Malfunction,12.5,Under Investigation
INC-03107,SITE-003,2023-11-20,Equipment Failure,,50.8,Charge site assume sister he week.,Corrosion,1.7,Open
INC-01685,SITE-002,03-May-2025,Near Miss,High,58.1,Outside discuss seven same return tend interesting claim both success seek yourself two place health.,Third-party Damage,4.4,Closed
INC-04862,SITE-002,2024-12-28,near-miss,Medium,89.4,Bill line strategy amount site dream art fall condition.,Valve Failure,8.0,Under Investigation
INC-04838,SITE-006,2024-12-15,Leak,Medium,80.0,Shoulder treat seven ready yourself.,Valve Failure,5.5,Under Investigation
INC-03992,SITE-003,2024-04-20,Spill,Critical,48.5,Major increase half really reflect over over rich though interesting party.,Third-party Damage,4.4,Under Investigation
INC-00413,SITE-006,2024-08-26,Leak,Critical,115.7,Single bill prove as state least technology ability current move.,Corrosion,1.3,Open
INC-03613,SITE-004,2024-09-08,Leak,Medium,80.1,Hand manager myself popular go grow end.,Third-party Damage,7.9,Closed
INC-00741,SITE-002,2025-01-20,Leak,High,55.7,Mr beat top really themselves make agent.,Sensor Malfunction,15.2,Under Investigation
INC-05898,SITE-006,2024-11-09,Spill,High,56.3,Seem my keep develop general defense method region street enjoy cover forward land not there.,Sensor Malfunction,8.5,Open
INC-03823,SITE-003,2025-05-29,Leak,Critical,34.0,Experience class catch need relationship.,Corrosion,12.1,Open
INC-03478,SITE-005,2023-09-07,, medium,76.4,As executive catch arm turn her if pressure surface rule describe source contain case experience edge.,,7.0,Open
INC-04354,SITE-004,2024-12-07,Equipment Failure,Low,89.3,Where white game body summer move high exactly side than whole evening find his fast.,Corrosion,16.0,Open
INC-05773,SITE-001,2026-03-12,Near Miss,Med,85.6,Sound suffer model quality generation million war top bag southern audience risk building husband.,Corrosion,2.3,Under Investigation
INC-01467,SITE-006,2025-04-26,Equipment Failure,High,58.9,Everyone upon space purpose gas arrive woman chair ok.,Material Fatigue,12.3,Closed
INC-04167,SITE-005,2025-07-14,Leak,Medium,67.2,Sometimes often season good possible fill other attorney free course writer.,Corrosion,10.9,Closed
INC-05155,SITE-005,2025-11-25,Equipment Failure,Low,84.2,Return decide forget certain exactly particular position follow quite country voice attention say church.,,23.2,Closed
INC-04029,SITE-002,2025-01-23,Leak,Low,94.0,Small pattern book dog ball weight source six to.,Sensor Malfunction,1.7,Closed
INC-04808,SITE-004,2026-06-11,Near Miss,High,45.9,Mother leave street someone church peace.,Sensor Malfunction,18.0,Under Investigation
INC-02674,SITE-001,2026-06-24,near-miss,Low,74.5,Around language fill join especially election likely local cost expect beat prove hand allow general.,Third-party Damage,3.5,Under Investigation
INC-02866,SITE-003,2025-06-28,Spill,Medium,64.7,Happen no simple forget law music catch room not.,Corrosion,8.7,Open
INC-00001,SITE-003,2025-11-05,Spill,Medium,83.1,Now dream recognize by call me top play.,Operator Error,2.1,Closed
INC-04782,SITE-005,2024-11-13T00:00:00Z,Equipment Failure,Hi,84.2,Analysis short direction commercial politics even over message letter.,Operator Error,1.7,Under Investigation
INC-04262,SITE-006,03/11/2024,Equipment Failure,High,70.7,Recent administration there our there official writer.,Valve Failure,10.0,Open
INC-05422,SITE-001,10-Feb-2024,Equipment Failure,Low,79.2,Magazine control physical company teacher hot give professor admit mouth wrong hear week they in sound job way since.,Material Fatigue,11.5,Closed
INC-00270,SITE-002,2025-07-29,,Critical,31.7,More back professor herself financial.,Valve Failure,2.7,Open
INC-04383,SITE-001,2025-04-08,Fire,Medium,75.3,Movement population general would to book.,Material Fatigue,24.7,Open
INC-00237,SITE-005,2025-10-19,Equipment Failure,Medium,84.5,Say current newspaper coach happy him wait summer.,Material Fatigue,20.2,Open
INC-05479,SITE-003,19-May-2024,Near Miss,High,48.4,Authority must pattern sing remain money green.,Corrosion,2.0,Open
INC-05048,SITE-006,2026-06-13,Leak,Low,88.5,Low six truth movie necessary young serious social drive.,Material Fatigue,1.2,Open
INC-02816,SITE-004,2025-07-23T00:00:00Z,Near Miss,Medium,74.0,Ten operation until evening people happen impact political evening how discussion reach.,Sensor Malfunction,8.1,Under Investigation
INC-05751,SITE-005,2025-05-14,Near Miss,Low,88.1,Item wall spring old condition sea.,Third-party Damage,13.8,Closed
INC-02013,SITE-004,18-May-2024,Equipment Failure,Low,84.7,War understand result hundred church.,Third-party Damage,14.9,Closed
INC-01807,SITE-003,2025-10-08T00:00:00Z,leak ,Low,85.4,Expert anyone quite produce operation let family social yard risk team six card nature common bring reason natural expert recognize.,Third-party Damage,12.4,Open
INC-04524,SITE-003,2024-08-10,Fire,High,81.2,Mother agreement especially recognize here century wonder ready sign wear.,Third-party Damage,17.8,Under Investigation
INC-00656,SITE-005,2026-03-01,Near Miss,Medium,70.6,Would side per condition nature put strong those his.,Sensor Malfunction,8.8,Closed
INC-02460,SITE-003,2024-09-28,Spill,Medium,69.6,Grow together drug threat pick difficult push race.,Operator Error,8.0,Open
INC-01309,SITE-004,2025-10-18,Near Miss,low,85.5,Central law official newspaper.,Third-party Damage,1.2,Under Investigation
INC-05423,SITE-006,2025-11-26,Leak,High,50.8,You or movie down both administration fall consumer beat.,Sensor Malfunction,2.1,Open
INC-00313,SITE-003,2024-10-20,Leak,Medium,64.4,Allow guess institution several or value learn third never range card sea identify.,Operator Error,2.3,Under Investigation
INC-01913,SITE-002,2023-12-26,Equipment Failure,Low,96.4,Hospital baby data point threat artist almost commercial probably month him store series can system.,Sensor Malfunction,10.6,Closed
INC-03921,SITE-006,2024-06-06,Leak,Critical,66.3,Forward trade fast simple option bar use structure drug back dream town four business medical pick early.,Sensor Malfunction,2.7,Under Investigation
INC-00305,SITE-004,2024-09-17,Equipment Failure,Medium,82.0,Agent put safe TV wide when carry participant character.,Operator Error,23.4,Open
INC-02526,SITE-005,2024-06-30,near-miss,Medium,64.5,Different want behavior process business together during film end market.,Material Fatigue,14.0,Open
INC-01320,SITE-002,2023-09-08,Fire,Medium,76.3,Talk first growth draw paper wind enjoy significant hard business plan.,Material Fatigue,6.9,Closed
INC-02748,SITE-002,2025-04-30,Fire,Medium,70.6,Open issue herself tree bill believe sound be.,Material Fatigue,5.5,Open
INC-05980,SITE-005,2023-08-10T00:00:00Z,Near Miss,Medium,65.1,Fall main audience policy cup support natural human customer president especially push environment indeed.,Operator Error,4.0,Closed
INC-00432,SITE-003,2025-07-02,Equip. Failure,high,54.8,Main body radio time.,Corrosion,5.6,Open
INC-04609,SITE-005,06/15/2025,Leak,Medium,62.7,Return reflect become build huge attack staff ready open many low attack cover short.,Valve Failure,3.9,Closed
INC-04368,SITE-004,2026-02-11,,Low,88.0,Throw follow tree claim laugh arrive agreement agency contain.,Corrosion,20.8,Open
INC-00028,SITE-002,2025-02-25,Near Miss,Medium,70.3,Food wrong prevent.,Operator Error,19.0,Open
INC-02743,SITE-004,20-Aug-2024,Fire,Medium,82.4,Position protect need prepare upon plan both conference.,Sensor Malfunction,0.4,Open
INC-00281,SITE-002,2026-06-01,Equipment Failure,Critical,33.5,Industry teacher go Mr walk group seat meeting professional argue myself shake Democrat stuff.,Corrosion,5.7,Closed
INC-05803,SITE-004,2024-10-31,Equipment Failure,Low,85.0,The court business TV hour yard instead all adult give something system cup particularly national budget.,Valve Failure,1.7,Under Investigation
INC-04339,SITE-003,2024-09-05,Spill,Critical,47.3,Affect phone another raise result region question brother record share road when question across middle plan because.,Sensor Malfunction,1.8,Open
INC-01128,SITE-006,2023-12-09,Leak,Medium,65.2,Important red teach building piece all throughout sure yes challenge others nature song approach adult field.,Material Fatigue,6.6,Open
INC-03025,SITE-002,2025-06-14T00:00:00Z,Leak,High,51.4,Outside audience wind company choice discussion land east interview accept rate hot assume its drop sort reach future.,Third-party Damage,5.0,Closed
INC-03634,SITE-005,2025-07-08,Fire,,54.0,Little focus inside begin police direction left authority program network common floor certainly.,Operator Error,2.3,Closed
INC-03878,SITE-005,2025-07-02,Near Miss,Critical,51.0,Mind onto dinner every ok matter federal material character daughter.,Corrosion,4.4,Under Investigation
INC-01478,SITE-003,2026-06-25,Spill,,77.5,Perform look paper upon space on oil author sort size difficult successful glass future by story wrong since dark.,Sensor Malfunction,8.8,Under Investigation
INC-02512,SITE-001,18/12/2025,Equipment Failure,High,52.4,See person bill part realize image technology road.,Valve Failure,12.8,Closed
INC-00484,SITE-005,06/03/2025,Equipment  Failure,High,67.8,Fund much ago door appear course light will conference.,,5.0,Under Investigation
INC-05576,SITE-001,2025-05-01,Fire,Low,81.5,Eat there produce answer fast ready arm window morning.,Operator Error,4.4,Closed
INC-04327,SITE-002,12/22/2023,Near Miss,Medium,76.6,Drop provide education area keep last Mr forward charge thought about.,Third-party Damage,3.7,Open
INC-02101,SITE-004,2024-05-19,Equipment Failure,Low,92.2,Method option out her between do.,Operator Error,3.9,Closed
INC-00033,SITE-001,2024-10-06,Fire,Critical,34.8,Less seven car college standard.,Valve Failure,21.0,Open
INC-03551,SITE-002,01/05/2024,Equipment Failure,,64.3,However artist five couple night finish relate class right include later.,,11.2,Under Investigation
INC-04844,SITE-003,10/11/2024,Near Miss,High,49.4,Or rock future like something language effect fight.,,7.8,Open
INC-04251,SITE-001,2023-10-15,Leak,Medium,70.8,New expect population campaign hair author between lay.,Sensor Malfunction,4.9,Closed
INC-03194,SITE-004,2025-01-22,Leak,Hi,59.0,Popular difficult perform act tough treatment.,Corrosion,12.6,Closed
INC-04967,SITE-006,2023-08-14,Near Miss,Critical,67.0,Interesting service near there carry result final growth news second however improve.,Material Fatigue,1.2,Under Investigation
INC-05338,SITE-002,2026-10-20,Equipment Failure,High,68.7,Fall management bad back need blood same history discuss event enter rather feeling employee discussion.,,4.6,Closed
INC-00154,SITE-001,2025-02-03,Equipment Failure,Medium ,86.0,During school maintain accept range single region summer hear office.,Sensor Malfunction,8.4,Open
INC-01462,SITE-005,2025-09-13,Fire,Critical,34.5,Will six produce discover view deep tend reflect these eight.,Valve Failure,1.4,Open
INC-04681,SITE-003,2025-02-13,Fire,Medium,72.4,Purpose skill yet skin already write hotel like go south.,Material Fatigue,1.6,Closed
INC-02211,SITE-005,2025-06-21,,Critical,27.6,His pay provide art far.,Corrosion,5.8,Under Investigation
INC-01166,SITE-006,2025-11-15,Spill,,49.0,Special mission middle growth person.,Corrosion,3.9,Open
INC-05872,SITE-005,2024-06-23,Near Miss,High,31.4,Great idea TV drive all develop.,Third-party Damage,10.2,Closed
INC-00537,SITE-006,2024-06-05,Near Miss,Critical,67.3,By news ability prepare street instead.,Operator Error,14.1,Closed
INC-05656,SITE-003,2023-07-31,Fire,High,65.1,Speech rate door yard piece fall deep present.,Operator Error,4.6,Under Investigation
INC-04884,SITE-004,01/09/2025,Leak,High,58.8,Ability music manage wonder or black husband deep young why heart long.,Corrosion,10.4,Closed
INC-01554,SITE-004,2024-11-17,Leak,High,62.2,Find eat TV board leader them author.,Material Fatigue,2.7,Open
INC-02227,SITE-004,2024-11-22,Equipment Failure,Low,84.2,Character cold majority blue past beyond civil per relationship require yeah opportunity production that suddenly act.,Material Fatigue,3.9,Open
INC-04044,SITE-001,2024-08-01,Spill,Low,81.8,Key particularly certainly space recent various see eat police.,Sensor Malfunction,4.7,Closed
INC-05133,SITE-001,2026-02-21,,Medium,68.5,Win memory week people money because green western authority yeah half it yes share family certain second set often among.,Material Fatigue,3.4,Closed
INC-03308,SITE-005,2025-03-23,Equip. Failure,Medium,61.1,Do age lay style prepare pick race.,Sensor Malfunction,2.7,Under Investigation
INC-00058,SITE-005,2025-06-03,near miss,Medium,66.6,Water father only ability measure onto project walk source time hard everybody.,,10.1,Closed
INC-03717,SITE-002,2025-10-26,Equipment Failure,,54.1,Candidate ability adult page while hear.,,4.1,Closed
INC-02872,SITE-001,2024-10-04,Equipment Failure,High,56.2,Return structure tax off other good nature skin cover that table full blue side none.,Third-party Damage,0.0,Open
INC-03690,SITE-006,2025-09-12,Leak,High,68.5,Beautiful with require good after along who.,Third-party Damage,14.7,Closed
INC-05444,SITE-003,2026-05-12,Leak,,51.5,Thing catch debate.,Third-party Damage,9.4,Closed
INC-03670,SITE-006,2025-10-30,Near Miss,Medium,86.8,Per federal recently up conference suggest huge many voice front should couple general.,Corrosion,3.5,Closed
INC-05355,SITE-001,2025-09-21,Equipment Failure,Low,85.7,Want yourself action full national account turn prove.,,9.0,Under Investigation
INC-04683,SITE-004,2026-03-30,Near Miss,Critical,39.8,Financial thus hand benefit page score red scientist.,Valve Failure,2.2,Closed
INC-02486,SITE-005,2025-11-25,Equipment Failure,Med,83.7,Voice maybe dinner around sense deal daughter television stop painting push song upon nature age side over despite.,Third-party Damage,5.0,Open
INC-05038,SITE-005,2023-11-11, spill ,Low,96.2,Than thought professional scientist manager eight.,Material Fatigue,19.1,Open
INC-05008,SITE-005,2026-01-07,Leak,Low,80.4,Answer hit production couple drive image senior national both parent.,Sensor Malfunction,4.0,Under Investigation
INC-05226,SITE-002,2024-11-19,Spill,High,63.0,Wonder performance positive back price international focus range note.,Third-party Damage,4.7,Under Investigation
INC-03730,SITE-001,2024-12-25,Equipment Failure,Critical,20.8,Card PM act son similar financial single situation occur simple happy foreign news sit task edge certainly could leader.,Material Fatigue,5.3,Closed
INC-00090,SITE-005,17/11/2024,leak ,Low,90.4,Staff body than police person nation three.,Valve Failure,6.5,Closed
INC-00020,SITE-005,2023-09-22,SPILL,Low,80.2,Family surface room sister for sit husband build inside happy similar significant yes course able allow.,Valve Failure,4.9,Under Investigation
INC-02297,SITE-004,2026-07-08,Equipment Failure,Medium,61.8,Later forward citizen course.,Third-party Damage,26.5,Under Investigation
INC-04545,SITE-003,2025-07-14,Leak, Critical,38.0,Dream condition name without war society require.,Operator Error,9.6,Closed
INC-05170,SITE-006,2025-08-29,Leak,Medium,76.0,Month expect book without choice clearly hit huge world I not citizen issue.,Corrosion,7.4,Closed
INC-00022,SITE-005,2026-04-26,Equipment Failure,Critical,60.1,Floor same movement run outside magazine decision minute there tonight there control time let.,Material Fatigue,14.5,Under Investigation
INC-00453,SITE-006,2024-02-12,Leak,Medium,66.6,Quickly face set friend article program energy pretty party rather learn also moment way own range easy seek section thus.,Corrosion,4.2,Open
INC-00389,SITE-003,2024-05-06,Fire,Medium,61.7,Discover situation list yes soon report wind represent appear base begin.,Material Fatigue,7.8,Open
INC-03609,SITE-002,12-Oct-2024,Fire,Medium,62.0,Go perhaps pretty design other region section protect key lay talk manage own success many form culture.,Corrosion,6.0,Open
INC-05620,SITE-004,2026-02-09,Equipment Failure,Low,85.5,Like space western entire hotel use everyone itself wind attention.,Third-party Damage,9.3,Under Investigation
INC-00200,SITE-005,2025-01-09,Equipment Failure,Medium,77.0,When responsibility compare increase especially southern show lot well teacher floor organization six method reveal evening member will page.,Sensor Malfunction,2.3,Closed
INC-05309,SITE-002,2024-04-08,Near Miss,Critical,47.5,Young own improve million machine explain without us oil.,Sensor Malfunction,3.1,Closed
INC-05700,SITE-001,2025-06-20,Leak,Medium,82.1,Threat me nature draw mouth.,Valve Failure,1.6,Open
INC-05070,SITE-003,2024-12-31,Spill,crit,46.4,Seem here resource teach lead very evidence research first half indicate accept third memory edge.,Sensor Malfunction,5.6,Closed
INC-01892,SITE-002,2023-11-18,Spill,Medium,75.0,Nearly man reduce American set argue him much church quite increase.,Valve Failure,1.1,Under Investigation
INC-02800,SITE-003,2025-04-07,Leak,High,49.5,Seat stock also find throughout instead worker per positive per son professional or social southern.,Valve Failure,13.5,Under Investigation
INC-03335,SITE-002,2024-03-11,Near Miss,Medium,70.2,Together decision hotel admit for leader good wife task listen garden good must.,Third-party Damage,5.0,Closed
INC-01450,SITE-004,12/30/2025,Near Miss,LOW,-0.5,Cause happen cultural draw recent election speech treatment wife garden behavior may debate page decade by my his compare.,Third-party Damage,28.1,Under Investigation
INC-00714,SITE-006,2024-06-17,Spill,Medium,75.9,Ever main cover become easy physical account project method who themselves.,Corrosion,4.3,Open
INC-01993,SITE-004,2024-05-10,Equipment Failure,Low,88.6,Population prepare huge teach person money next safe.,Operator Error,4.3,Under Investigation
INC-03049,SITE-002,2023-11-11,Fire,Medium,69.3,Season scene financial successful region affect modern religious stop again leg wife order.,Valve Failure,2.9,Closed
INC-01610,SITE-002,2023-08-31,Spill,Low,86.9,Road score or gun car above picture pattern official newspaper six court over hard wish idea.,,2.8,Open
INC-02265,SITE-002,2025-12-19,Leak,Low,85.2,Participant blood interesting early well subject view him ago especially south.,Sensor Malfunction,5.6,Under Investigation
INC-00577,SITE-003,2025-09-06,Spill,High,65.2,End claim force light rock occur sport phone learn image religious.,Third-party Damage,3.4,Under Investigation
INC-05712,SITE-001,2024-10-27,spill,High,78.7,Receive drop interest production.,Valve Failure,4.2,Closed
INC-02079,SITE-003,2025-03-30,Spill,Critical,54.1,Two simply month purpose would money finish history what especially.,Material Fatigue,6.0,Under Investigation
INC-01749,SITE-002,2025-08-27,NEAR MISS,Low,85.1,Cover poor work house create wide about result simple word decision add.,Corrosion,14.1,Under Investigation
INC-02751,SITE-004,2025-02-01,Near Miss,,77.9,Cultural student another key challenge begin explain state international writer oil me must different.,Corrosion,14.7,Under Investigation
INC-02493,SITE-003,2024-08-14,Leak,Critical,45.3,Drive describe child build.,,13.5,Under Investigation
INC-04280,SITE-003,2026-01-09,Fire,low ,82.7,Good happen detail bed physical plan nation.,Third-party Damage,1.9,Under Investigation
INC-00027,SITE-005,2026-06-30,Leak,Medium,70.3,Red beautiful indicate sit business a discussion mention left share.,Operator Error,4.3,Open
INC-00343,SITE-001,2025-06-10,fire,High,66.8,Whom bed open leave skin man according film yes wind half east field determine magazine.,Third-party Damage,5.2,Open
INC-04083,SITE-003,2023-12-11,Spill,Medium,57.8,Case executive both word teach understand.,Third-party Damage,3.2,Closed
INC-02212,SITE-001,2023-09-19,Near Miss,Medium,-0.5,Condition catch generation painting through much none wonder mission.,Valve Failure,6.1,Closed
INC-02978,SITE-004,2024-01-02,Near Miss,Medium,89.0,Call compare form race because technology hotel culture can.,Third-party Damage,5.0,Under Investigation
INC-03708,SITE-001,2025-08-08,Near Miss,Medium,73.4,Which season ever thousand opportunity evening share blood here word theory receive do.,Valve Failure,14.7,Closed
INC-03032,SITE-002,2024-05-06,Equipment Failure,High,67.4,Relationship lead anything cold issue walk operation free pretty growth.,,2.1,Under Investigation
INC-05120,SITE-001,2023-10-10,EQUIPMENT FAILURE,Medium,71.3,Establish situation across risk song sing more including.,Material Fatigue,9.2,Closed
INC-02263,SITE-001,2024-04-18,Equipment Failure,Low,79.7,Board bit much protect today process involve into color film today already us.,Valve Failure,4.5,Under Investigation
INC-00426,SITE-001,2025-05-02,,Medium,75.5,Hope bad often foot break piece.,Corrosion,3.8,Under Investigation
INC-02649,SITE-003,2026-05-08,Near Miss,Critical,45.9,Popular drug light care movement Democrat political drop girl present industry.,Corrosion,7.9,Open
INC-03926,SITE-002,2024-08-07,,Low,96.6,Light church against game various since religious wish Mrs culture.,Corrosion,9.7,Under Investigation
INC-02048,SITE-001,2024-09-22,Equipment Failure,High,42.1,Carry wife yard reveal base look no instead.,Corrosion,3.0,Open
INC-02852,SITE-003,2024-09-22,Leak,Medium,73.5,Society well everyone box upon hand thus.,Operator Error,5.2,Open
INC-05487,SITE-006,2024-10-08,Spill,High,60.6,Executive consider value million identify purpose involve shoulder environment.,Valve Failure,10.5,Closed
INC-03782,SITE-004,2023-12-10,Equipment Failure,Medium,65.0,Medical show in.,Sensor Malfunction,3.8,Closed
INC-05307,SITE-005,25/03/2024,Fire,low,84.4,Figure city ability Mr shake member past inside around range often number.,Valve Failure,3.7,Open
INC-05144,SITE-001,2025-04-18,Spill,Low,93.8,Boy clearly real development maybe weight property or.,Sensor Malfunction,4.1,Open
INC-00047,SITE-004,2025-07-02,Leak,Low,93.2,Later five card take indicate answer almost.,,5.2,Under Investigation
INC-04095,SITE-003,2024-02-12,Spill,Critical,59.7,Series policy population production there carry seven.,Third-party Damage,15.7,Under Investigation
INC-00796,SITE-004,2025-06-09,Near Miss,Lo,90.9,Whom development market land huge friend national forward start gas.,Operator Error,11.1,Open
INC-04792,SITE-006,2024-08-25,Leak,High,42.5,Within health key house TV audience body student maybe.,Corrosion,3.4,Open
INC-02993,SITE-004,2026-02-01,Equipment Failure,Medium,75.4,Between land whom if member prevent attack company detail eight participant particularly since single idea city lose theory garden likely.,Material Fatigue,7.3,Closed
INC-03676,SITE-005,2024-05-27,Near Miss,Low,86.6,Tree race method democratic arm series believe purpose population.,Corrosion,7.7,Under Investigation
INC-01060,SITE-005,2024-10-13,Fire,High,68.0,Whose consumer cause blood might avoid wonder later of.,Third-party Damage,1.9,Under Investigation
INC-01200,SITE-001,2025-06-02,Leak,Critical,53.9,Those meeting buy certainly mission yeah space.,Material Fatigue,6.4,Closed
INC-02605,SITE-006,2025-09-16,Near Miss,critical,55.2,Behavior stand nearly recently ability least modern election even participant growth travel law human sit.,Sensor Malfunction,4.6,Under Investigation
INC-01898,SITE-004,04/23/2025,Fire,Medium,73.8,Investment the yes bad near approach in.,Corrosion,6.3,Open
INC-01291,SITE-001,2024-04-14,Spill,Low,82.1,This set remain full our bill forward couple.,Material Fatigue,13.8,Open
INC-02514,SITE-006,2024-02-13,Leak,,64.9,Daughter likely car by chance finally top my staff water your.,Corrosion,5.2,Closed
INC-03109,SITE-004,2024-09-26,,,80.3,Really south use amount no network together our nice find most.,Corrosion,4.4,Open
INC-03258,SITE-005,2024-06-01,Fire,,45.6,Where set her provide agent possible machine summer never.,Corrosion,2.9,Open
INC-03438,SITE-002,2024-04-13,Spill,High,51.5,Final condition close available model quite wish page house dinner executive those kind.,Material Fatigue,4.7,Under Investigation
INC-03298,SITE-005,2026-01-03,Spill,Low,98.2,Exist blood also candidate trade gun face few late question edge by put particular sit child experience section likely society scientist.,Operator Error,5.4,Open
INC-03063,SITE-002,2025-02-12T00:00:00Z,Leak,Medium,92.5,Those American across look plan crime step meet.,Third-party Damage,1.9,Open
INC-02958,SITE-004,2025-10-17,Equipment Failure,Medium,70.4,Religious rise during teacher question week already.,Valve Failure,2.3,Under Investigation
INC-02288,SITE-006,2026-07-18,Equipment Failure,Medium,90.1,Way recently reason fight before after analysis local staff how something million business stay three space increase.,Third-party Damage,9.7,Under Investigation
INC-02005,SITE-005,2024-09-15,Leak,Critical,41.3,Shoulder law may need hard.,Valve Failure,8.7,Under Investigation
INC-03320,SITE-002,2026-10-16,Spill,Low,88.5,Everybody PM president cost read.,Operator Error,2.5,Under Investigation
INC-00572,SITE-006,2025-12-27,Equipment Failure,HIGH,32.2,The election the action speak us.,Operator Error,15.8,Closed
INC-03542,SITE-003,2024-06-08,Spill,,84.7,Crime finish degree religious heavy election cold cut cultural think time she father.,Sensor Malfunction,9.7,Closed
INC-05419,SITE-003,2025-01-16,Leak,Medium,70.2,Good buy event knowledge hour range thing expect system force.,Third-party Damage,7.1,Under Investigation
INC-03422,SITE-001,2025-01-23,Fire,Medium,71.0,Culture cause everybody grow left million both.,Operator Error,1.8,Under Investigation
INC-01324,SITE-004,2026-05-14,Equipment Failure,,53.3,According get five race training all plant identify upon partner great.,Material Fatigue,3.2,Under Investigation
INC-02884,SITE-004,2025-04-29,Spill,Medium,82.1,Toward last conference network worry choose.,Third-party Damage,13.1,Under Investigation
INC-02578,SITE-004,2026-05-13,Leak,Medium,78.3,Television accept likely meeting spend data.,Sensor Malfunction,1.3,Closed
INC-04843,SITE-002,2026-05-20,Near Miss,Med,72.7,Relate past bad agency then exactly.,,14.7,Open
INC-01093,SITE-003,2025-04-19,Leak,Medium,72.8,Prevent my tough hair read ever idea pay back.,Sensor Malfunction,9.6,Under Investigation
INC-05742,SITE-004,2025-08-02,Leak,MEDIUM,75.9,Right personal open result after.,Material Fatigue,4.6,Open
INC-04996,SITE-004,31-Jan-2026,Leak,crit,44.1,Hospital save figure open light out hand table hot.,Corrosion,6.3,Closed
INC-03105,SITE-006,2025-10-12,Fire,High,49.4,Of end every election century return good everyone give family begin onto science fight most.,,4.7,Closed
INC-00598,SITE-002,2026-07-16,Fire,Medium,71.4,Likely assume president education purpose ball compare read responsibility follow account store here yard win my instead impact.,Valve Failure,7.5,Closed
INC-04223,SITE-001,2024-11-12,Near Miss,Medium,72.3,Phone many public exist every source identify anyone east.,Third-party Damage,2.9,Under Investigation
INC-01579,SITE-006,2026-09-11,Equipment Failure,High,57.0,Possible alone cold as boy agreement water always foreign billion thank beyond.,,1.0,Closed
INC-05290,SITE-005,2024-08-26,FIRE,Low,94.0,Artist man theory possible pick realize claim policy next left onto.,Corrosion,13.7,Closed
INC-03469,SITE-002,2023-11-21,Fire,Low,76.3,Agency gas boy move truth since.,Third-party Damage,2.0,Open
INC-02563,SITE-003,2025-06-20,Near Miss,,63.5,Tv group then different box contain.,Material Fatigue,22.3,Open
INC-00648,SITE-001,2026-05-19,Equipment Failure,Low,83.2,Whom start institution positive finish exactly their better trial focus field couple color discuss hot us generation.,Valve Failure,10.3,Closed
INC-05055,SITE-006,2025-12-29,Near Miss,High,58.7,There hotel responsibility simply statement player.,Sensor Malfunction,3.8,Under Investigation
INC-05842,SITE-006,2025-06-01,Near Miss,Low,95.7,Though natural behind alone dog those sea her area.,Operator Error,9.0,Open
INC-02574,SITE-004,2025-07-02,leak,Medium,81.1,Mother space decision number effect age laugh.,Third-party Damage,13.7,Closed
INC-03074,SITE-003,23-Feb-2025,Leak,Critical,44.4,Against ten your under window either personal join feel.,Corrosion,3.9,Closed
INC-02919,SITE-006,2026-01-08,Spill,Critical,26.1,Gas since bed large drop name history evening.,Operator Error,15.7,Closed
INC-03784,SITE-004,2025-04-12,equipment failure,Critical,37.0,Story thus compare box lay once leader some.,Sensor Malfunction,13.9,Under Investigation
INC-05779,SITE-006,2024-01-14,Leak,High,42.0,Player suffer speech player image hard yeah.,Valve Failure,13.3,Open
INC-00736,SITE-004,2026-04-19,Leak,,73.1,Sense man its.,Sensor Malfunction,4.5,Open
INC-00977,SITE-003,2025-06-16,Equipment Failure,crit,32.3,Two hour sometimes take because quickly student get lead heart civil relationship although.,Third-party Damage,12.1,Closed
INC-01805,SITE-004,2024-09-28,,Medium,90.3,Ahead less when join from process charge response billion certain available.,Sensor Malfunction,2.9,Open
INC-04624,SITE-004,2026-06-13,Fire,Medium,68.6,Public country religious card PM spring mention.,Corrosion,16.5,Closed
INC-01905,SITE-005,2024-03-05,Leak,Low,91.5,Head although choice within star side sign man spend young general half a nice single create have.,Material Fatigue,12.6,Under Investigation
INC-00905,SITE-005,2024-09-27,Near Miss,low ,86.4,Participant cold than by blood suddenly lot some.,Material Fatigue,1.3,Closed
INC-04771,SITE-001,22/06/2025,Spill,Low,93.3,Which decision several possible have song shoulder question tell will worry.,Material Fatigue,5.7,Under Investigation
INC-05434,SITE-004,2024-06-16,Equipment Failure,,64.3,Individual pass step report quality either really red there heavy direction however central up much option none.,Corrosion,11.7,Closed
INC-00993,SITE-003,05/09/2023,Near Miss,High,58.0,Music safe him account pick conference office move woman window me.,Material Fatigue,3.0,Under Investigation
INC-04294,SITE-003,2024-03-21, spill ,Critical,38.9,See themselves area onto born large try cultural suffer finish.,Corrosion,0.5,Closed
INC-03400,SITE-005,2023-09-02,Fire,Low,90.0,Help send child body response beyond want.,Third-party Damage,8.8,Under Investigation
INC-02797,SITE-006,2026-04-13,Spill,High,75.3,Nation company notice eat right decade hear sell perform will light store.,Material Fatigue,1.8,Closed
INC-03278,SITE-003,2026-04-16,Spill,Low,85.2,Level authority fight lay practice dinner line prepare fight include attention but.,Valve Failure,6.0,Under Investigation
INC-04860,SITE-006,12-Jan-2025,Near Miss,Medium,72.4,Development phone although total out sing increase dog.,Valve Failure,18.8,Closed
INC-04733,SITE-001,2024-01-20,,,74.1,Church work fire food too would quickly front current seat information produce wind close religious.,Material Fatigue,11.0,Closed
INC-01327,SITE-004,2024-02-21,Leak,High,53.2,Attack listen may nor firm look candidate particular why window again understand possible move entire.,Sensor Malfunction,11.3,Open
INC-03164,SITE-003,2025-05-05,Leak,High,53.7,Resource local ask heavy page treat me appear.,Valve Failure,18.2,Open
INC-01851,SITE-003,2026-03-20,Leak,High,51.1,Single try group sport during few gun.,Material Fatigue,2.1,Closed
INC-03060,SITE-003,03/27/2026,Near Miss,High,67.1,Notice during plan today color yourself build push others side type old Mrs central then everything top.,Third-party Damage,1.6,Closed
INC-04981,SITE-003,2026-04-17,Equipment Failure,Medium,81.6,Before fish board truth floor program oil affect direction south blood likely.,Operator Error,1.3,Under Investigation
INC-03087,SITE-006,2025-12-31,Spill,High,50.7,Spring my stay film yeah finish son spend throw sort listen quality cultural animal less continue carry subject.,,10.1,Open
INC-04336,SITE-004,2026-02-01,Equipment Failure,Low,81.0,Teach notice fly report bring star although.,Material Fatigue,9.2,Open
INC-02651,SITE-004,2026-02-06,Equip. Failure,High,80.5,Congress place above economy if group need program kid her responsibility gas ago.,Sensor Malfunction,7.5,Open
INC-03008,SITE-003,2023-08-09,Leak,High,70.5,Focus wife ability son spend truth by morning glass billion picture thing customer office.,,5.9,Closed
INC-00429,SITE-004,11/20/2025,Near Miss,Medium,80.1,Statement recognize area send pressure technology great consumer deep computer another still mouth.,Valve Failure,13.2,Under Investigation
INC-04468,SITE-005,2026-01-15,Spill,Medium,82.8,Approach white hour tend organization common simple security bring maintain remember picture trade shake increase herself they front support.,Sensor Malfunction,5.6,Under Investigation
INC-04358,SITE-003,2025-05-12,Leak,Medium,80.7,Develop amount best certain my perhaps north dinner.,Material Fatigue,7.9,Closed
INC-04632,SITE-003,2026-05-01,Spill,High,73.4,Decision away police down simple civil wonder show cause system nothing respond form character behavior yourself word wonder Congress.,,6.6,Under Investigation
INC-02387,SITE-005,2025-03-11,near miss,High,70.6,Top hour begin glass ago type lay simple.,Sensor Malfunction,4.3,Open
INC-02969,SITE-002,04/06/2024,Near Miss,Low,150.0,Need clearly carry away process.,Valve Failure,3.4,Closed
INC-03398,SITE-003,2024-02-03,Fire,Critical,41.2,Travel so outside election three mouth religious so statement green marriage choice.,Third-party Damage,1.3,Closed
INC-00151,SITE-006,10/02/2024,Spill,High,71.7,Series probably law voice kind station.,Valve Failure,8.0,Under Investigation
INC-02448,SITE-006,2026-07-09T00:00:00Z,Leak,High,60.2,Individual even cup yet reality I organization specific student sometimes image.,Material Fatigue,15.2,Closed
INC-01067,SITE-003,2024-02-23,Oil Leak,High,56.8,Then shoulder season marriage political buy early shoulder.,Operator Error,3.3,Under Investigation
INC-03751,SITE-006,2026-04-20,Equipment Failure,High,52.2,Health those wife trial sell man generation simple provide check environmental gas expert popular explain certainly note.,Operator Error,0.1,Open
INC-04828,SITE-006,03/24/2024,Leak,High,63.0,Improve necessary until this green save long compare simply now leg pass once game enough beyond.,Corrosion,16.9,Under Investigation
INC-01464,SITE-004,09/18/2025,Near Miss, Critical,41.8,Project message indicate girl address off despite.,Sensor Malfunction,14.6,Closed
INC-03143,SITE-006,2025-09-20,Equipment Failure,Medium,81.4,Model very other direction those measure.,,9.9,Open
INC-01724,SITE-002,2024-11-22,Fire,Critical,59.8,Eye may sometimes apply song between thought traditional play.,Operator Error,7.8,Closed
INC-05847,SITE-006,2023-10-16,Spill,Critical,40.0,Order music stand sense glass draw play mind yet although standard poor rich bit level international.,Third-party Damage,13.0,Closed
INC-00100,SITE-006,2023-08-23,Fire,Medium,70.5,Good company now tonight middle heavy three father can today rise surface.,Operator Error,2.4,Under Investigation
INC-04821,SITE-002,2025-09-02,Leak,High,63.4,Onto never nice use space along deep.,Material Fatigue,6.9,Open
INC-04096,SITE-002,2025-09-02,,Medium,75.8,Action contain challenge might mother house news tough security throw better.,Operator Error,12.1,Under Investigation
INC-04870,SITE-002,2023-11-15,Fire,Med,80.1,Leg away land never why teach.,Valve Failure,7.8,Closed
INC-03403,SITE-006,08/11/2023,Near Miss,,38.8,Ever leg plan through husband she I difficult.,Valve Failure,8.6,Under Investigation
INC-00916,SITE-001,2026-04-28,Spill,Low,85.4,Beat event still reveal development car near soldier.,Corrosion,7.6,Closed
INC-01687,SITE-002,2023-11-12,Spill,Medium ,72.0,Coach end imagine arm provide institution same mind indeed red whole boy agree through.,Sensor Malfunction,7.5,Under Investigation
INC-01160,SITE-002,24/11/2025,Fire,High,56.0,Occur party offer agreement indicate feel level decide front.,Third-party Damage,8.4,Under Investigation
INC-04571,SITE-005,2024-03-12,Near Miss,Low,94.5,End like include guess course generation loss voice matter pass look strategy music later follow.,Sensor Malfunction,11.0,Open
INC-00464,SITE-005,2025-04-06,,Low,86.2,Appear tree billion plan beautiful another lose meet season per glass such car state turn start issue foreign for.,Operator Error,3.5,Open
INC-01774,SITE-003,2024-08-14,Near Miss,Critical,28.3,Common author way avoid station talk.,,12.0,Open
INC-04441,SITE-003,2024-12-08,Leak,Critical,58.6,About over easy outside serve surface too edge gun less certain development would.,Operator Error,3.8,Closed
INC-05230,SITE-002,2026-03-01,Spill,,75.0,New five herself work next total authority memory Mrs evidence entire hotel though protect away behind.,Corrosion,2.8,Under Investigation
INC-05581,SITE-006,2023-11-26,Equipment Failure,,59.9,Kitchen ever positive your town.,Sensor Malfunction,10.5,Open
INC-02089,SITE-001,2026-06-06,Equipment  Failure,Medium,64.1,Religious need marriage study.,Operator Error,12.8,Closed
INC-01717,SITE-002,05-Jan-2026,Equip. Failure,Crit,53.6,Suggest cause should floor north top law trial floor dream.,Sensor Malfunction,16.2,Under Investigation
INC-05900,SITE-003,2024-03-26T00:00:00Z,Fire,High,61.0,Place themselves figure short second full throw fly.,Third-party Damage,2.4,Closed
INC-04427,SITE-005,2024-07-28,Leak,High,60.1,Another shoulder head marriage ahead law consider political likely mouth mouth.,,2.5,Under Investigation
INC-03190,SITE-004,2024-08-12,Spill,medium,58.0,Pm all read listen read reveal respond war.,Valve Failure,13.9,Open
INC-05497,SITE-006,2024-12-18,Spill,Critical,47.8,Enter front Mrs my suggest president agree.,Material Fatigue,5.8,Under Investigation
INC-01273,SITE-004,2024-01-08T00:00:00Z,Near Miss,Low,86.8,Discuss ten exist agency.,,6.1,Closed
INC-01268,SITE-005,2024-06-28,Leak,Medium,70.0,Interview attention health region think everything look chair fine east person girl.,,34.0,Open
INC-01351,SITE-002,2025-03-16,near miss,Medium,63.9,Itself reduce memory any want entire manager buy activity teacher.,Material Fatigue,7.2,Open
INC-03309,SITE-005,24-Mar-2026,Near Miss,Critical,35.9,Believe rich future near make charge bar help.,,2.7,Under Investigation
INC-05890,SITE-004,2026-07-20,Fire,Low,83.2,Activity buy chair force safe pattern also inside.,,13.5,Closed
INC-05388,SITE-002,2025-06-07,Near Miss,,66.9,Law opportunity hold industry speak support article day represent environmental participant senior skin.,Operator Error,1.9,Under Investigation
INC-02338,SITE-003,2023-11-13,Equipment Failure,Medium,71.6,Sit professional speak world see class later we human score.,,25.3,Under Investigation
INC-00711,SITE-005,08/12/2024,Fire,Low,97.5,Several live close how cover why wear manager cup.,Material Fatigue,2.6,Open
INC-04256,SITE-005,2025-07-13,Leak,High,68.5,National suffer old thing low point hand trade describe international something throw avoid example approach fish.,Operator Error,14.6,Open
INC-05367,SITE-005,2026-06-09,Near Miss,Medium,75.9,Policy cut practice later summer little key health plan if.,Material Fatigue,20.7,Open
INC-03880,SITE-003,19-Apr-2025,Leak,Critical,34.1,Upon can dinner throughout vote account my art investment.,,4.6,Closed
INC-05109,SITE-004,2025-02-14,Spill,High,78.7,Section summer visit change glass word.,Corrosion,17.7,Open
INC-01938,SITE-006,2024-10-17,Near Miss,Medium,63.5,Save space let bit author why collection outside evidence laugh safe evidence interesting.,,5.6,Closed
INC-01675,SITE-003,2025-12-28,Fire,High,88.4,Industry create focus relate.,Third-party Damage,2.3,Under Investigation
INC-00998,SITE-002,2025-08-05,Equip. Failure,Low,84.8,Ability rise remain door back smile agency face voice role them report tax school before.,Third-party Damage,9.5,Open
INC-01230,SITE-005,25-Dec-2024,Near Miss,Low,86.5,Speech animal point paper word road worry likely card really dinner mouth soon wrong.,Operator Error,3.4,Closed
INC-00823,SITE-003,2024-10-22,LEAK,Critical,37.6,Country month have work nor ago.,Corrosion,5.2,Under Investigation
INC-00542,SITE-004,20/05/2024,Equipment Failure,Medium,81.2,Gun whether cause building in southern give quite day.,Corrosion,6.1,Under Investigation
INC-00643,SITE-001,2023-07-23,Spill,Low,87.7,Responsibility impact yes could successful.,Operator Error,11.7,Closed
INC-01293,SITE-003,2025-08-23,Near Miss,High,41.2,Later voice song manage that way history.,Corrosion,6.8,Under Investigation
INC-02535,SITE-001,2024-12-23,Equipment Failure,Med,72.8,Tonight person sport set ahead.,Corrosion,7.9,Closed
INC-00997,SITE-001,2025-07-01,Fire,High,56.0,Line determine region call save perform trip authority example reveal.,Third-party Damage,20.0,Open
INC-03220,SITE-006,2025-07-20,Fire,Low,83.4,Main action reveal seven child throw another within far keep far pass three tree memory.,,3.1,Open
INC-01199,SITE-005,07/15/2024,Equipment Failure,Low,91.6,Interest already report law let five.,Sensor Malfunction,3.3,Open
INC-00837,SITE-002,2025-11-19T00:00:00Z,Leak,Medium,70.0,Gas minute reason TV bring represent city account rich.,Third-party Damage,7.8,Closed
INC-03248,SITE-005,2024-11-26,Leak,Medium,84.3,He hope issue ready improve training peace main happy enjoy note from money.,Third-party Damage,7.2,Open
INC-05065,SITE-002,2024-08-25,Near Miss,Critical,20.5,Southern whom occur never wonder.,,14.2,Closed
INC-05530,SITE-005,2025-12-13T00:00:00Z,Spill,Med,76.7,Both product suffer scientist.,Third-party Damage,9.6,Open
INC-03672,SITE-006,2023-12-17,Equipment Failure,High,59.1,Though blood type major it my machine there sit measure generation shake.,Valve Failure,1.3,Closed
INC-01284,SITE-001,2025-05-14,Equipment Failure,High,58.5,Community group style reveal meet continue spend former dark.,Material Fatigue,28.2,Open
INC-02897,SITE-001,2025-06-14,Equipment Failure,Medium,69.8,Positive safe room idea computer bar person friend yet member including.,Operator Error,6.8,Closed
INC-03681,SITE-004,16/03/2024,Fire,High,44.6,Prevent live myself detail report society tough military see glass bit lose.,Material Fatigue,11.2,Closed
INC-05881,SITE-006,2025-02-09,Fire,Critical,62.3,Into join fire property else best around both management purpose.,Third-party Damage,6.7,Under Investigation
INC-03079,SITE-003,2024-08-03,Fire,Critical,45.0,Save degree by Democrat page sister east social to adult grow tree.,Material Fatigue,11.3,Open
INC-00193,SITE-001,2025-07-30,FIRE,High,70.1,Politics much good movement window over ability.,Sensor Malfunction,5.9,Open
INC-05922,SITE-002,2026-07-01T00:00:00Z,Spill,High,65.7,Free individual specific service occur him parent billion left grow data senior experience these car.,Material Fatigue,7.3,Open
INC-00679,SITE-005,2024-04-07,Equipment Failure,Low,86.3,Goal market issue down.,Operator Error,13.9,Open
INC-05912,SITE-006,2026-06-07,Leak,Low,88.7,Decade away drug sort fact agent attack need important candidate sea seem class.,Sensor Malfunction,11.9,Closed
INC-04003,SITE-001,03/30/2025,Fire,Medium,76.3,Forward building analysis suggest job arm total carry yet technology enter situation six.,Operator Error,4.7,Under Investigation
INC-01897,SITE-002,2025-06-06,Fire,Medium,87.2,Food through recent out believe history police cause available personal.,Valve Failure,6.4,Closed
INC-03885,SITE-006,2024-07-29,EQUIPMENT FAILURE,Critical,54.2,Moment traditional ball control result everyone source bed door such director address view perform realize better each through.,Operator Error,0.7,Closed
INC-05750,SITE-004,2025-08-24,Equipment Failure,High,-0.5,Short base better song heavy oil must north poor enjoy science list who most social issue everything.,Sensor Malfunction,19.0,Open
INC-00256,SITE-003,2024-10-26,Equipment Failure,High,73.4,Detail hope see push doctor provide policy want power child concern.,Operator Error,7.5,Open
INC-01418,SITE-006,2026-03-28,Leak,Critical,53.3,Find if down arrive create south low.,Corrosion,11.6,Open
INC-00822,SITE-002,2025-03-30T00:00:00Z,Equipment Failure,High,52.3,Population yes outside case news total entire fish child small.,Sensor Malfunction,1.2,Under Investigation
INC-00855,SITE-004,2026-04-03,Leak,Medium,78.4,Throw research not sometimes customer civil available may fish.,Material Fatigue,6.0,Under Investigation
INC-01828,SITE-004,2024-01-01,Near Miss,Low,83.0,Store every less sit six.,Operator Error,5.8,Under Investigation
INC-02938,SITE-005,2023-09-13T00:00:00Z,Equipment Failure,High,60.7,Care every order summer player drug so full.,Corrosion,16.4,Open
INC-05752,SITE-004,2026-06-28,Near Miss,Medium,72.6,Future but speech cover economic usually watch watch.,,6.7,Under Investigation
INC-00550,SITE-003,26/12/2025,Spill,Medium,76.8,Century difficult career stay ten significant own environmental especially teach.,Third-party Damage,1.6,Open
INC-00260,SITE-001,2024-01-25,Equipment Failure,Medium,68.0,Modern cup light cut between different serious sound far allow training simply country party same effort serve low change.,Corrosion,2.1,Closed
INC-05671,SITE-006,17/04/2024,Spill,High,53.9,Ten feeling cold they those bag part bring in onto.,Valve Failure,6.0,Under Investigation
INC-04964,SITE-003,2024-02-29,Fire,Low,86.2,Show more focus good act four company of environment door different already Mr western particularly actually try although level only.,Material Fatigue,8.5,Open
INC-02012,SITE-004,2023-12-30,Equipment Failure,Medium,67.1,Anything at father wide picture.,Operator Error,15.1,Under Investigation
INC-02237,SITE-005,2024-05-18,Spill,Medium,75.1,Customer real institution including safe always marriage center event law meet.,Corrosion,3.2,Open
INC-02337,SITE-006,2024-07-25,Leak,High,51.8,Laugh all several ready within consumer upon station know involve concern up remain.,Corrosion,6.1,Closed
INC-03907,SITE-006,2025-12-21,Leak,High,69.7,Special office floor role sort civil born day eight.,Operator Error,2.5,Under Investigation
INC-02374,SITE-002,2024-01-25,Near Miss,Medium,88.2,Ask fish feel into last commercial truth across arm drive house career.,Material Fatigue,7.5,Under Investigation
INC-02221,SITE-002,2026-08-12,Equipment Failure,Critical,51.4,Quality management a story certain mean technology run help again service.,Corrosion,29.1,Under Investigation
INC-05748,SITE-003,2024-03-04,Fire, medium,69.4,Pattern him environment buy contain west walk who view environment themselves place stock.,,1.1,Open
INC-01567,SITE-001,03/14/2024,Near Miss,Low,90.4,Weight our author onto raise move pass.,Valve Failure,8.8,Under Investigation
INC-03139,SITE-002,2023-12-12,Equipment Failure,Low,80.2,Various late nation last per little source available national she debate peace foreign medical.,Material Fatigue,7.9,Under Investigation
INC-01192,SITE-005,2026-07-07,Fire,Low,96.4,Knowledge region even challenge ago bit former agent ability more either Republican fly debate.,Valve Failure,6.1,Closed
INC-01711,SITE-001,2025-03-23,,Critical,35.7,Point edge lawyer most.,Material Fatigue,15.6,Open
INC-05840,SITE-005,2025-06-28,Spill,High,69.4,Try dinner despite if walk capital clearly field four painting.,Corrosion,5.3,Closed
INC-02319,SITE-003,2024-12-19,Fire,HIGH,58.1,Cell movement key each husband value between.,Third-party Damage,4.0,Under Investigation
INC-05735,SITE-003,2025-02-23,Spill,Medium ,78.7,Say message usually career test each whole small in.,Sensor Malfunction,6.9,Open
INC-00847,SITE-001,2025-12-03,Near Miss,Low,81.9,Year cost mother seat that exactly visit analysis fact low service southern.,Material Fatigue,8.1,Under Investigation
INC-02376,SITE-006,2024-05-19T00:00:00Z,Near Miss,Med,56.5,Knowledge seem season goal would box effect until everyone beyond paper page seem still bad only action world.,Valve Failure,8.7,Under Investigation
INC-04079,SITE-004,2024-07-06,Fire,Medium,66.4,Increase attack strategy character hear indeed interview size turn long.,,7.6,Under Investigation
INC-04225,SITE-004,2024-03-15,Equipment Failure,Low,95.2,Perform myself cell including staff memory term attention role movie land answer.,Corrosion,6.8,Open
INC-03365,SITE-003,06/04/2025,leak ,Medium,69.4,Agency health concern read knowledge art specific I sport national light.,Valve Failure,3.9,Closed
INC-00974,SITE-004,09/11/2023,Fire,High,60.1,International group someone benefit stop everyone list sister degree.,,11.8,Closed
INC-02589,SITE-006,2024-08-08,Leak,High,50.7,Director line pressure site environmental college building safe major.,Corrosion,1.9,Open
INC-01035,SITE-004,2023-11-05,Near Miss,High,150.0,Look yeah would.,,4.8,Open
INC-04804,SITE-004,2026-03-11,Leak,Medium,64.0,Detail similar major lot company.,Third-party Damage,17.9,Open
INC-04762,SITE-004,2026-06-04,Leak,Medium,82.7,Wrong then serve summer while explain voice character body current light national environment.,,5.9,Under Investigation
INC-01901,SITE-006,2024-01-29,Leak,High,62.2,Key wife improve site upon best level memory never reduce pay so employee wonder something reality.,,17.4,Under Investigation
INC-03284,SITE-004,2025-01-03,Equipment Failure,low,82.2,American why expert foot.,Third-party Damage,2.0,Open
INC-01846,SITE-003,2024-03-26,Spill ,High,43.6,Night lose heavy of court out skill star board great including itself state your letter.,Operator Error,3.2,Under Investigation
INC-02464,SITE-003,2026-04-24T00:00:00Z,Equipment Failure,High,53.3,Even cut get write stock class particularly high act however specific something affect ask in than population final.,,7.3,Open
INC-05861,SITE-006,2025-08-02,Leak,High,49.7,Price that film.,Material Fatigue,2.3,Under Investigation
INC-02047,SITE-003,2025-07-01,Leak,High,50.2,House ability must article majority program model in difficult unit.,Material Fatigue,4.0,Under Investigation
INC-03336,SITE-005,2025-06-23,Fire,Medium,85.8,Late hot human important hospital friend beautiful five develop.,Sensor Malfunction,8.8,Open
INC-02707,SITE-006,2023-11-01,Near Miss,LOW,89.9,Model popular clear seem.,Sensor Malfunction,7.9,Open
INC-01946,SITE-003,2025-09-29,Fire,Medium,69.3,Difficult weight moment test discuss audience seem should front our best baby many improve democratic.,Sensor Malfunction,2.0,Under Investigation
INC-00395,SITE-005,2023-09-17,Fire,Medium,73.6,So choose music such word morning.,Valve Failure,10.1,Closed
INC-03036,SITE-006,2025-04-15,Leak,Low,75.9,Current system since later official huge apply performance.,Operator Error,5.1,Closed
INC-01388,SITE-003,2024-05-17,Near Miss,Critical,32.6,Movement rate because true.,Third-party Damage,2.0,Closed
INC-03974,SITE-003,2024-06-30T00:00:00Z,Leak,High,44.0,If property control serve board store fly.,Operator Error,2.1,Open
INC-05026,SITE-005,2024-06-09,Fire,Medium,77.4,Every I administration camera prevent popular walk simple.,,10.8,Closed
INC-05092,SITE-001,2026-03-21,Equipment Failure,Medium,65.4,Few out throughout human prepare skin policy music away.,Sensor Malfunction,4.6,Closed
INC-01569,SITE-001,2025-09-20,Near Miss,High,49.0,Mind top them outside between.,Operator Error,7.5,Open
INC-03376,SITE-001,2024-05-04,Near Miss,High,63.3,Bag hold walk could early evidence.,Third-party Damage,11.1,Under Investigation
INC-02393,SITE-005,2025-08-18,,Critical,70.0,Feeling cost current member more dream somebody reduce issue moment office so.,Sensor Malfunction,4.4,Closed
INC-03172,SITE-003,2024-07-08,SPILL,Critical,16.1,Foreign investment wonder game Congress.,Valve Failure,2.1,Open
INC-04711,SITE-004,2026-08-24,Near Miss,High,48.3,Serve risk affect certain nice have right stuff base theory.,Third-party Damage,17.8,Closed
INC-04584,SITE-006,2026-03-25,,High,58.3,Present little tonight per image large participant matter never prevent.,Operator Error,1.5,Under Investigation
INC-03290,SITE-002,2026-05-05,Fire,Medium,83.1,Degree size list I response sort impact why notice.,Corrosion,16.1,Under Investigation
INC-01202,SITE-004,2026-02-04,Leak,Low,89.7,School occur every mind true mouth her just eye security group radio.,Material Fatigue,3.4,Closed
INC-00561,SITE-004,2025-08-23,Equipment Failure,Low,96.2,Before per cup student Mr later later old rather always current throughout compare turn grow nearly around address government.,Sensor Malfunction,10.2,Open
INC-04939,SITE-005,2024-10-02,Equipment Failure,Critical,27.6,Have police together oil trade market first follow.,Corrosion,23.1,Under Investigation
INC-04409,SITE-006,2025-01-18,Equipment Failure,Critical,36.3,Cause begin line goal.,Operator Error,14.8,Closed
INC-03137,SITE-003,05/11/2025,Fire,HIGH,68.0,Avoid various space yet ask agent.,Corrosion,12.9,Closed
INC-03356,SITE-005,2026-01-06,Equipment Failure,Medium,71.5,Three these rich point where cause say technology particularly something unit agent sell drive great respond.,Sensor Malfunction,2.7,Open
INC-03640,SITE-004,12/28/2024,Leak,Medium,83.4,Hospital occur ability ability believe pull certainly degree key goal society get perform here popular card.,Valve Failure,9.8,Under Investigation
INC-00356,SITE-001,2024-12-15,Near Miss,Medium,76.9,Box simple tend.,Material Fatigue,2.7,Under Investigation
INC-01250,SITE-004,2024-12-22T00:00:00Z,leak,Medium,82.9,Light edge so throughout low more make.,Corrosion,1.8,Closed
INC-05865,SITE-006,2023-07-24,Near Miss,Medium,64.8,Around radio buy material during.,Sensor Malfunction,13.7,Closed
INC-04180,SITE-004,2024-10-21,Near Miss,High,56.5,Forget money middle past heart into.,Sensor Malfunction,15.8,Under Investigation
INC-02587,SITE-003,2025-02-12,EQUIPMENT FAILURE,High,67.0,Worry rest we after politics fact.,Valve Failure,3.5,Under Investigation
INC-05687,SITE-002,07-Jan-2026,Near Miss,Medium,72.5,Thing major into ask nation raise court avoid often face or season all improve reality improve.,Valve Failure,13.5,Under Investigation
INC-05020,SITE-001,2026-01-11,Spill,Low,78.1,Build gas executive issue including require well people beat bank current team indeed.,,8.2,Open
INC-00342,SITE-001,2023-09-25,Near Miss,Medium,68.0,Mention defense wall road relationship.,Valve Failure,4.6,Open
INC-01337,SITE-003,2023-08-05,Leak,Critical,47.4,Better carry election say loss picture attorney half child artist.,Material Fatigue,6.5,Open
INC-01906,SITE-001,2025-07-25,,Critical,53.3,Third reveal born figure rich system book former future wish weight none program game list.,,15.9,Under Investigation
INC-04233,SITE-003,10/15/2025,Leak,High,49.0,Catch economy scene require.,Valve Failure,1.7,Open
INC-05401,SITE-003,2023-11-05,Near Miss,High,72.3,Despite safe than nature herself every pull gas power finish low.,Sensor Malfunction,6.2,Under Investigation
INC-01500,SITE-005,09/11/2023, Leak,Medium,60.8,During even herself force policy everybody support bank.,Material Fatigue,12.8,Closed
INC-02305,SITE-005,11/01/2025,Equipment Failure,High,70.8,Send end together four dark some debate store animal huge art him can whom but.,Third-party Damage,6.6,Open
INC-04179,SITE-004,2023-08-31,leak,High,63.6,Future about someone coach present they perform.,Third-party Damage,5.1,Open
INC-01617,SITE-005,2024-03-19,Near Miss,,81.3,Decide gas note charge return pretty.,Valve Failure,1.8,Closed
INC-04594,SITE-002,2023-08-09,Leak,Medium,69.8,Red open edge mean share west among.,Corrosion,7.7,Under Investigation
INC-05018,SITE-006,2025-10-03,Leak,Critical,43.0,Push from wait present create help for too tell.,Corrosion,9.5,Open
INC-04438,SITE-006,2026-01-14,Leak,High,61.4,Member up attack door mean health like themselves.,Corrosion,0.9,Closed
INC-04817,SITE-002,2024-10-14,Equipment Failure,Low,87.1,Vote compare specific dinner little deep both quickly time.,Third-party Damage,5.3,Closed
INC-02505,SITE-001,2025-08-03,Spill,Medium,65.7,Century soon our picture professor behavior hot.,Sensor Malfunction,5.4,Open
INC-03987,SITE-002,2025-03-24,Near Miss,Low,96.2,Management industry soon both instead mouth must still peace hour floor bit.,Material Fatigue,12.7,Under Investigation
INC-05563,SITE-004,2024-02-28,Equipment Failure, medium,73.7,Thing easy brother eight start tonight coach politics wear live condition.,Third-party Damage,2.6,Open
INC-03663,SITE-006,2024-06-16,Near Miss,Medium,70.8,Population suggest part be tell around capital whether language region happy some real air public along many.,,1.4,Open
INC-05408,SITE-006,2024-04-15,Leak,Medium,82.3,Concern me know walk prove toward likely reflect task that note.,,12.0,Closed
INC-04745,SITE-005,2024-08-11,Leak,Medium,69.9,Argue one store fear week music lot happy theory perform describe vote production off.,Valve Failure,7.8,Closed
INC-02425,SITE-004,2023-09-18,Leak,Low,94.0,Wait health from method score pay way story pretty between conference audience meet national.,Third-party Damage,0.4,Under Investigation
INC-03122,SITE-005,2025-02-19,Near Miss,Medium,69.2,Work month part dream event model beyond too.,Corrosion,14.6,Under Investigation
INC-01318,SITE-001,08/06/2024,Near Miss,High,65.7,Until memory eat open far left those fire these.,,17.6,Open
INC-02172,SITE-004,2023-08-03,Near Miss,Low,92.4,Ago goal section follow yet stand address stock mind fine head director foreign member forward.,Operator Error,8.5,Under Investigation
INC-05118,SITE-004,2026-05-29,Near Miss,Low,73.2,Imagine these suffer improve article hope culture deep in.,Material Fatigue,20.6,Closed
INC-03652,SITE-006,2024-10-23,Leak,High,55.9,Crime physical point bit soon modern source.,,9.0,Closed
INC-05511,SITE-006,2025-03-17,Equipment Failure,High,65.0,Thousand trouble threat stage there form to eat work trip six.,Valve Failure,7.2,Open
INC-01413,SITE-006,2024-02-06,Spill,low ,92.8,Anything themselves anything join describe beautiful eye way thank style trip sister.,Material Fatigue,4.3,Closed
INC-02344,SITE-003,2024-01-16,Fire,Medium,75.5,Where new upon nothing today end realize management others skill.,,2.7,Under Investigation
INC-03048,SITE-006,2026-10-02,Leak,Medium,71.2,Increase market future late community voice country.,,8.4,Open
INC-01746,SITE-001,2026-02-28T00:00:00Z,Equipment Failure,High,54.4,Research number woman suffer someone police pattern direction next.,Corrosion,2.0,Closed
INC-04059,SITE-002,12/14/2024,Near Miss,Low,81.0,Improve start deal sign.,Valve Failure,20.1,Open
INC-04249,SITE-006,2025-07-15,Equipment Failure,Critical,33.6,I line him discussion yes catch.,Material Fatigue,2.9,Open
INC-04554,SITE-001,11/12/2024,Near Miss,Medium ,61.8,Certain difference common ten defense agent great.,Third-party Damage,6.7,Under Investigation
INC-05774,SITE-006,2024-03-08,Fire, Critical,42.8,Certain cause instead no provide side west matter city.,Sensor Malfunction,3.0,Closed
INC-02248,SITE-001,2026-04-05,Near Miss,Low,91.2,Deep scientist itself eight to last either policy certainly.,Material Fatigue,13.0,Closed
INC-03903,SITE-003,2025-06-23,Equipment Failure,Critical,38.9,Accept speak inside involve international part animal add point likely in.,,13.7,Under Investigation
INC-01506,SITE-003,2026-06-02,Fire,High,42.6,Hand increase sign money role.,Corrosion,11.0,Closed
INC-03419,SITE-005,2023-11-03,Spill,High,46.7,Next say step piece pay bad response box simply.,Corrosion,3.1,Closed
INC-05517,SITE-005,2025-01-16,Spill,Low,96.3,Film five treatment develop open must seven very character edge now lawyer.,Corrosion,15.8,Closed
INC-04048,SITE-003,2023-09-03,Near Miss,,66.2,Large body western usually maybe environment guy since detail today listen may look film assume tonight management card test born wonder.,,5.8,Under Investigation
INC-00096,SITE-003,2025-08-21,Spill,Critical,49.9,Morning hospital act new blood game glass bill yeah fund policy receive among.,Third-party Damage,10.0,Closed
INC-04956,SITE-003,2024-05-30,Spill,Critical,47.5,Story whole check wall member building decide human.,Valve Failure,4.8,Closed
INC-05325,SITE-004,2023-09-13,Fire ,Medium,71.8,Girl the establish population.,Valve Failure,2.8,Open
INC-01816,SITE-004,2026-05-14,Fire,Critical,33.4,Share red teacher security board skill always class note beyond religious summer question federal would again responsibility system.,Corrosion,4.7,Open
INC-02331,SITE-006,2025-08-10,Fire,Low,83.5,Executive rule prepare writer foot south could much.,Material Fatigue,12.9,Open
INC-03899,SITE-002,2023-09-10,Equipment Failure,Low,92.5,Put easy rest say serious condition remain region.,Valve Failure,3.5,Closed
INC-05830,SITE-001,2023-12-11,Near Miss,Medium,68.8,Marriage fund I best season three hair protect range site course over police he determine style in religious.,Operator Error,5.2,Under Investigation
INC-04214,SITE-003,2025-10-17,spill,Medium,62.0,Perhaps own data relationship feel read dinner exist.,,13.3,Open
INC-00877,SITE-003,11/11/2025,Spill,Critical,47.1,Serious sort mission similar bad happen himself.,Operator Error,3.8,Closed
INC-04785,SITE-001,2025-08-21,near-miss,Medium,73.9,Church social husband song.,Operator Error,11.2,Under Investigation
INC-05535,SITE-003,2025-11-24,Leak,Critical,44.3,Never stay claim could need probably final color.,Operator Error,7.8,Under Investigation
INC-02997,SITE-002,2025-06-24,,Low,79.9,Television red cultural within purpose order situation learn head American tell realize national.,Valve Failure,10.3,Under Investigation
INC-00179,SITE-004,2025-11-02,Spill,Low,85.3,Write none guy marriage very raise mean of ask difficult season be.,Third-party Damage,0.3,Closed
INC-04856,SITE-002,24/05/2025,Near Miss,Low,84.7,Order manage threat child key speech such around.,Operator Error,6.7,Under Investigation
INC-00523,SITE-006,2025-04-24,Equipment Failure,MEDIUM,94.3,Mother power girl away soon just my remember community car general floor buy.,Corrosion,9.1,Closed
INC-03517,SITE-002,23/02/2024,Fire,Medium,77.0,For wind company growth myself third which owner democratic maybe.,Valve Failure,15.4,Open
INC-05057,SITE-002,2026-03-08,EQUIPMENT FAILURE,Medium,69.9,Never system more standard few discuss treat anyone indeed like maintain cell accept long.,,6.5,Open
INC-00166,SITE-006,2024-12-17,Equipment Failure,Medium ,73.9,Oil down strong step security family natural against heavy budget music before between born ago deal.,Third-party Damage,7.0,Under Investigation
INC-02540,SITE-005,2024-05-20,Spill,Low,91.7,Impact pick score social take section son management game.,Material Fatigue,7.4,Open
INC-02828,SITE-005,2025-09-13,Equipment Failure,Low,83.6,Nothing little relationship represent individual smile leg produce.,Valve Failure,1.3,Closed
INC-01209,SITE-006,2026-01-25,leak ,Critical,43.8,Conference top account always usually town method somebody believe.,,13.5,Open
INC-05327,SITE-003,2025-10-21,Spill,High,59.2,Single despite role conference customer difficult benefit forward.,Corrosion,4.7,Closed
INC-01754,SITE-001,2025-07-28T00:00:00Z,,High,51.0,Responsibility check can star stage audience.,Corrosion,1.5,Open
INC-01964,SITE-004,2025-04-16,,High,59.2,Carry space statement technology sound remain government at wrong peace organization really woman.,Sensor Malfunction,4.7,Under Investigation
INC-01180,SITE-003,2023-08-29,Leak,High,66.9,Shake military move relationship tax my understand.,Corrosion,6.0,Under Investigation
INC-05336,SITE-004,2025-07-14,Spill,Medium,89.6,Sister place study conference.,Valve Failure,5.8,Under Investigation
INC-02538,SITE-003,2025-02-06,Equipment Failure,High,60.6,Agree site hit suddenly find democratic and forget his likely gas summer poor war.,,2.9,Under Investigation
INC-02156,SITE-002,2025-05-08,Leak,Low,79.1,Arm table store prevent turn building feeling.,Valve Failure,2.9,Under Investigation
INC-04588,SITE-006,2025-10-04,Spill,High,56.6,Price main discover land forward together technology watch pick article.,Valve Failure,16.1,Closed
INC-05993,SITE-003,2025-04-13,Leak,High,48.6,Common study where result decision material without eye.,Third-party Damage,7.8,Under Investigation
INC-01812,SITE-004,2023-10-31,,Critical,36.2,Traditional while direction within marriage star.,Corrosion,7.5,Under Investigation
INC-03067,SITE-004,2026-02-09,Fire,Low,77.7,Final write third lead half system floor cover bit job summer nation.,Material Fatigue,6.6,Closed
INC-05287,SITE-003,2026-02-05,Spill,Hi,67.2,Support cold Mr according successful head.,Material Fatigue,4.3,Under Investigation
INC-01000,SITE-004,2023-12-29,Spill,Med,71.6,Series peace suffer like loss forward clearly particularly area certain difference teach rich.,Valve Failure,6.9,Under Investigation
INC-05270,SITE-006,2023-08-04,LEAK,Critical,29.3,Find member recent nor not seven.,Corrosion,7.2,Under Investigation
INC-02750,SITE-003,2024-02-29,Fire ,Critical,46.7,Wind consider I will choose measure time successful crime magazine not analysis knowledge where degree quickly.,Operator Error,3.9,Open
INC-05437,SITE-001,2023-07-23,Equipment Failure,Medium,79.6,Miss include buy remember future war public some.,Sensor Malfunction,5.9,Closed
INC-01584,SITE-001,2025-10-13,EQUIPMENT FAILURE,High,58.5,I address language turn although rather.,Sensor Malfunction,1.0,Closed
INC-05387,SITE-002,2024-09-30,Leak,,74.3,Pressure hundred democratic interesting vote list service with.,Valve Failure,8.1,Under Investigation
INC-01820,SITE-001,2023-09-23,Equipment Failure,Low,89.6,Choice important appear dog.,Third-party Damage,3.1,Closed
INC-00239,SITE-003,2025-09-04,Equipment Failure,High,66.8,Vote suddenly nation water home though yard audience.,Corrosion,9.6,Closed
INC-04377,SITE-006,2025-03-27,Spill,Critical,61.0,Speech cell right face our fund field exactly world follow imagine read.,Third-party Damage,4.4,Closed
INC-02407,SITE-004,2024-02-22,Fire,MEDIUM,77.1,Ever trial establish these region yes then meeting perform watch ten.,Operator Error,25.3,Closed
INC-05168,SITE-006,2026-03-25,Equipment Failure, High,67.6,Set window real option turn break provide from skin miss hand.,,2.2,Open
INC-03689,SITE-005,2024-06-23,Fire,Medium,70.8,Sing option figure none these whose family break land baby institution cause explain create full.,Operator Error,1.0,Closed
INC-00485,SITE-004,11-Sep-2025,Near Miss,Low,83.5,Least student several ability hair parent.,Sensor Malfunction,10.1,Open
INC-00151,SITE-006,10/02/2024,Spill,High,71.7,Series probably law voice kind station.,Valve Failure,8.0,Under Investigation
INC-01396,SITE-002,2025-09-05,Leak,Medium,69.0,Simple message science nice wait.,Valve Failure,14.8,Under Investigation
INC-04161,SITE-004,2025-06-10,Near Miss,,82.1,Amount heavy national design second trip free loss action range heart should space food black.,Valve Failure,3.8,Open
INC-05482,SITE-001,2024-11-27,Near Miss,Medium,78.1,Effort visit ever level standard beyond expert quickly morning source through.,Valve Failure,5.7,Open
INC-00289,SITE-004,2024-10-25,EQUIPMENT FAILURE,Medium,60.5,Raise operation blue radio next official appear some finally cause environmental crime such.,Corrosion,5.6,Under Investigation
INC-04086,SITE-005,02/29/2024,Spill,Medium,75.6,Memory local feel behavior middle particularly ever then during gun style identify pattern suggest.,Valve Failure,4.9,Closed
INC-00615,SITE-005,2024-10-13,Equipment Failure,Critical,38.3,Lawyer democratic finish director already explain research account body.,Corrosion,1.4,Under Investigation
INC-02891,SITE-002,2025-03-31,leak,MEDIUM,59.8,Money daughter because green writer agree form difficult.,Sensor Malfunction,0.4,Under Investigation
INC-00436,SITE-005,2024-03-18,Fire,Low,-5.0,Century read visit else sure western later knowledge teach Mr carry give left middle stay vote class city.,Material Fatigue,9.0,Open
INC-02699,SITE-006,2025-09-09,Leak,High,58.9,Leader save result week individual modern knowledge present word child either win.,Corrosion,6.9,Open
INC-01159,SITE-002,2024-10-30,Equipment Failure,High,41.7,Discussion cultural born feel.,Material Fatigue,8.7,Under Investigation
INC-03287,SITE-001,2025-06-29,Near Miss,Low,82.0,Think dream relate do report common here collection decide.,Third-party Damage,4.3,Under Investigation
INC-03047,SITE-006,2025-11-04,Spill,Critical,32.1,American happy any tree door.,Valve Failure,2.5,Under Investigation
INC-05983,SITE-002,04-Jul-2025,SPILL,Lo,100.0,Then effort lot health top animal without management.,Sensor Malfunction,5.0,Closed
INC-05578,SITE-005,2024-08-10,Leak,Low,93.5,Shake worry need huge travel.,Sensor Malfunction,6.6,Closed
INC-00870,SITE-001,2025-08-24,Near Miss,High,50.6,Term skin upon feeling term civil bar information claim hand throughout turn.,Corrosion,6.1,Closed
INC-00670,SITE-002,2023-12-16T00:00:00Z,Near Miss,Medium,150.0,Happy garden himself newspaper daughter purpose close think collection.,Operator Error,20.6,Under Investigation
INC-03461,SITE-004,2025-05-30,Spill,Critical,63.7,Concern million successful hold person office another five eight with heart continue member arrive.,Material Fatigue,1.1,Open
INC-00811,SITE-003,18-Nov-2024,Equipment Failure,Low,94.0,Have child support town police fight seem.,Valve Failure,20.9,Under Investigation
INC-00748,SITE-003,2026-01-11,Near Miss,,64.3,Suddenly trip article notice instead while own natural.,Material Fatigue,8.4,Under Investigation
INC-02086,SITE-003,2024-09-27,Near Miss,Critical,44.5,Allow dinner play data fly baby travel size skin probably.,Operator Error,4.7,Open
INC-02467,SITE-006,2024-01-16,Leak,High,53.7,Thing Republican dream part officer month natural unit air note line.,Corrosion,10.1,Closed
INC-03917,SITE-005,2023-10-31,Fire,Medium,82.0,Source pay care director white drive wear card prove local structure financial nice shoulder drug house lot.,Third-party Damage,21.2,Closed
INC-01560,SITE-006,2025-05-29,Equipment Failure,Critical,36.2,Various option boy popular hard a many defense.,Third-party Damage,4.5,Closed
INC-01995,SITE-003,09/25/2023,Leak,Medium,73.3,Church produce trial among instead radio defense own Mrs party candidate kind foot.,Corrosion,0.7,Closed
INC-02415,SITE-002,2025-10-19,Equipment Failure,Low,88.1,Act movement billion summer control station our dream physical offer window money trip.,Material Fatigue,6.1,Closed
INC-02921,SITE-006,2025-03-13,Leak,,64.2,Affect accept usually performance toward can would specific commercial enough stop.,Third-party Damage,2.0,Under Investigation
INC-01414,SITE-003,2025-05-19,Leak,Critical,44.7,Own physical month shoulder thus hospital remain.,Third-party Damage,6.1,Open
INC-04646,SITE-001,2024-06-12,near-miss,Medium,74.5,Almost gas wrong program race contain teacher Democrat expert onto control hour bar.,,1.9,Closed
INC-05866,SITE-004,2024-03-20,Near Miss,Low,90.9,Fact end activity politics skin production nature forget above notice side benefit lead candidate court of.,Corrosion,5.6,Under Investigation
INC-02583,SITE-006,2025-09-06,Leak,Low,100.0,Worker though cover detail next clearly information with magazine language try oil set nation.,Sensor Malfunction,5.3,Open
INC-02222,SITE-001,2026-03-07,Spill,Medium,77.5,Particularly name investment smile raise area.,Operator Error,7.9,Under Investigation
INC-01280,SITE-002,2025-08-27,Fire,Low,87.2,Minute answer statement other night become effect safe today democratic avoid staff.,Valve Failure,3.9,Under Investigation
INC-02758,SITE-004,2025-03-04,Fire,Low,91.8,Become I property decade small report.,Sensor Malfunction,6.8,Open
INC-00194,SITE-005,2024-06-14,Spill,Medium,82.8,Easy big president stop fear during training age director girl skill hit billion can small become management level whole statement.,Operator Error,4.9,Under Investigation
INC-03353,SITE-005,2024-07-30,near-miss,Medium,78.2,Dog suggest voice need analysis season admit activity account third finish letter one both.,,3.8,Under Investigation
INC-03816,SITE-003,2025-12-16,Leak,High,67.2,Size few really collection no likely charge blood decision budget guy another music.,Material Fatigue,9.2,Open
INC-04634,SITE-003,2024-06-29,Leak,Critical,40.4,Time per too his range southern energy assume nature.,Operator Error,7.7,Open
INC-01953,SITE-005,2025-11-09,Fire,High,62.3,Foot let new material series station provide voice writer debate six will trouble Congress start.,Valve Failure,3.5,Under Investigation
INC-02668,SITE-005,2023-11-19,Fire,critical,35.7,Nor like carry beautiful task card drug international majority election everything.,Sensor Malfunction,1.6,Under Investigation
INC-03394,SITE-005,2025-10-12,Equipment Failure,Low,84.6,General scientist phone agreement make actually born project national find whom tough southern.,Third-party Damage,5.1,Under Investigation
INC-02313,SITE-005,2026-02-25,Near Miss,Med,75.0,Social everybody without area.,Valve Failure,0.8,Under Investigation
INC-03276,SITE-006,2024-03-29,Equipment Failure, medium,59.1,International say catch skill place ago local score religious try all form establish discussion.,,5.0,Closed
INC-01266,SITE-001,2025-12-20,Leak,Critical,7.9,Everybody heavy increase better face bar all sister quite level share student.,Operator Error,3.3,Open
INC-05749,SITE-004,2025-05-12,Spill,Critical,47.7,Later record today effect class a.,Valve Failure,12.6,Closed
INC-00912,SITE-003,2024-02-17,spill,high,76.7,Those less task industry notice.,Valve Failure,7.5,Open
INC-05962,SITE-004,2026-07-03,Equipment Failure,Medium,80.0,Vote determine simple now choose stuff sell important focus mouth section fact sign wonder lead.,Material Fatigue,1.7,Open
INC-05066,SITE-006,2026-03-24,Leak,Medium,74.3,Help day month career man prevent market dog modern tend unit start too.,,7.7,Open
INC-05813,SITE-003,2024-08-12,Equipment Failure,High,53.1,Alone director natural knowledge someone by citizen heart popular several must speech.,Operator Error,1.4,Open
INC-05551,SITE-006,2025-03-26,Spill,Medium,88.2,Apply week produce pass check green focus else.,Material Fatigue,13.4,Closed
INC-04702,SITE-003,04-Nov-2024,Spill,High,64.7,Box position sit reduce fast pull very about movement question present everyone where.,Material Fatigue,4.4,Open
INC-05808,SITE-006,2023-11-20,Leak,High,50.1,Public manager support black.,Operator Error,13.1,Closed
INC-02108,SITE-003,2026-07-04,Spill,Medium,51.8,North number speech interview born former material live recently bring yeah local or daughter service hear heavy begin.,Corrosion,10.2,Open
INC-03470,SITE-003,2026-05-02,Spill,High,49.6,Stop on tree very call happy away computer about choose read many offer himself similar.,Sensor Malfunction,8.0,Open
INC-02999,SITE-004,2026-02-24,Equipment Failure,Low,91.5,Billion opportunity own instead dinner we yourself test and share bag camera we answer.,Valve Failure,8.8,Open
INC-05796,SITE-006,2026-06-28,Fire,Medium,72.6,Argue mouth husband act try system Mrs throw move fish east Democrat foot.,Operator Error,12.4,Under Investigation
INC-05901,SITE-004,2024-01-31,Near Miss,,82.7,Though send ok Democrat human every from could.,Third-party Damage,2.6,Open
INC-05266,SITE-006,2026-03-14,spill,Medium ,73.2,Make land by hold trade candidate along act collection design.,Material Fatigue,4.7,Under Investigation
INC-00538,SITE-006,2024-10-31,Leak,High,92.2,Power heavy would record top though gas sport behind.,Material Fatigue,15.0,Under Investigation
INC-04841,SITE-003,2026-04-21,Fire,Critical,36.1,Financial travel onto reveal you that special health relationship society measure class this.,Operator Error,6.6,Under Investigation
INC-05350,SITE-006,2024-06-17,Spill,High,32.9,North state skill vote here have begin something thus certain husband throw film black anything growth attack get part.,,11.0,Closed
INC-01380,SITE-006,2024-04-19,Leak,High,56.0,Force history understand line trip two hope rich.,Operator Error,3.5,Open
INC-04169,SITE-002,2025-12-06,Equipment Failure,High,71.5,Out center treatment get list follow analysis relate position approach.,Material Fatigue,11.4,Open
INC-04929,SITE-006,2025-03-05,Spill,Low,98.4,And blue theory fear feeling senior end compare behavior democratic.,Valve Failure,1.2,Open
INC-00447,SITE-003,2026-03-25,Near Miss,High,28.9,Drive whole front management activity.,Sensor Malfunction,13.6,Closed
INC-01940,SITE-005,2024-11-26,,Medium,70.7,Yes specific avoid morning although boy with light performance.,Corrosion,10.6,Under Investigation
INC-04316,SITE-006,2025-02-09,Fire,Critical,42.3,Remember consumer girl difference data out director pretty point page on affect sure hot social style purpose economic however music.,Third-party Damage,1.7,Open
INC-02060,SITE-006,2024-07-14,leak,Critical,39.8,Interesting relationship effect room more anything film pay best.,Valve Failure,11.1,Closed
INC-02343,SITE-006,2023-09-12,Spill,Medium,78.2,Prevent who step society start million summer realize provide check prepare partner.,,9.4,Open
INC-02350,SITE-001,2025-02-28,Equipment Failure,Low,82.7,To off likely increase understand ability idea.,Operator Error,4.7,Open
INC-04955,SITE-001,2024-08-11,Spill,Medium,66.5,Himself word bit coach area.,Third-party Damage,0.8,Open
INC-00161,SITE-001,2025-09-08,Near Miss,Medium,69.5,Strategy public realize marriage writer method catch night begin tax it.,Third-party Damage,9.8,Closed
INC-04542,SITE-006,2024-05-03,Spill,High,60.8,Protect thousand on stop improve notice.,Operator Error,6.8,Closed
INC-00338,SITE-003,2023-11-12,Spill, High,52.5,Media compare two goal economy bad report true.,Third-party Damage,4.4,Closed
INC-03201,SITE-005,2026-04-15,Equipment Failure,Low,90.1,Run available effect economy hope plan.,Operator Error,5.0,Open
INC-00339,SITE-001,2024-01-11,Equipment Failure,Medium,78.3,Himself field another owner loss policy certainly impact article soon gun agent evidence TV.,Valve Failure,9.8,Open
INC-03299,SITE-005,2024-10-03T00:00:00Z,Leak,crit,59.7,Whether TV film and street marriage whatever.,,10.6,Open
INC-00040,SITE-006,07/17/2026,Spill,Critical,50.1,Tax including relationship tend condition ahead identify.,Operator Error,1.0,Under Investigation
INC-00446,SITE-001,2024-01-24,Near Miss,Low,85.4,Summer goal evidence edge save business south front simply education church have tonight.,,3.9,Open
INC-05280,SITE-006,2026-03-03T00:00:00Z,NEAR MISS,Critical,63.6,Lawyer learn firm power.,Sensor Malfunction,14.4,Under Investigation
INC-02459,SITE-005,25-May-2026,Leak,Low,87.3,Point eight step top claim maintain per beautiful avoid southern.,Corrosion,4.7,Closed
INC-03355,SITE-002,2025-12-15T00:00:00Z,Spill,High,-0.5,Talk already pretty of worker leader building society entire read rich him.,Material Fatigue,19.1,Under Investigation
INC-03255,SITE-001,2023-09-18,Fire,High,46.3,Water themselves two stop.,Third-party Damage,7.1,Under Investigation
INC-01808,SITE-005,2026-07-18,leak ,High,44.7,Bar serve member without wear figure tree party.,Material Fatigue,17.4,Under Investigation
INC-04082,SITE-006,2023-08-19,Spill,,56.8,For avoid product include sure choice good direction laugh season road body.,Valve Failure,1.8,Under Investigation
INC-04028,SITE-004,2023-11-27,Near Miss,Medium,63.4,Finish series radio where site.,Sensor Malfunction,4.2,Closed
INC-01731,SITE-006,2023-12-02,Spill,Medium,72.0,Game movement response economy expert father with movement.,,5.1,Closed
INC-04205,SITE-003,2025-11-26,Near  Miss,High,50.1,Also perhaps month year detail skin exist week painting.,Material Fatigue,2.1,Closed
INC-01005,SITE-006,2026-01-02,Equipment  Failure, medium,68.3,Budget thank industry go bring.,Corrosion,6.5,Under Investigation
INC-03293,SITE-005,2024-02-25,Fire,High,62.7,Culture investment see quality across administration.,Sensor Malfunction,8.5,Under Investigation
INC-04089,SITE-006,25/12/2023,Spill,Hi,59.3,Determine affect reveal serve wish of raise walk involve meeting find season once purpose.,Third-party Damage,9.7,Open
INC-00841,SITE-002,2026-07-19,Near Miss,Low,91.6,Woman example memory figure almost gun stage she subject in market information organization actually our.,Sensor Malfunction,1.7,Closed
INC-05753,SITE-002,2023-09-09,Near Miss,Med,73.7,Air image prove old hold beautiful much significant finally administration.,Operator Error,10.1,Open
INC-05949,SITE-002,2025-11-01,near-miss,Medium,73.2,Other perhaps law girl PM involve thank when fly candidate left need surface bank base us understand friend.,Valve Failure,4.1,Closed
INC-01616,SITE-003,2025-05-23,Spill,Medium,64.6,Black design method view maybe hospital several student change later simply decision participant.,Operator Error,20.5,Closed
INC-01992,SITE-003,2026-06-05,Near Miss,High,57.6,Way walk real begin shoulder despite or last community.,,11.9,Under Investigation
INC-03843,SITE-004,2025-09-16,Near Miss,Low,85.2,Water they through fall this resource political home wrong reason.,Corrosion,2.0,Closed
INC-03366,SITE-006,2024-11-05,Near Miss,High,38.4,Off paper executive positive condition style.,Third-party Damage,3.7,Closed
INC-05271,SITE-005,2024-07-10,Leak,Low,79.7,Least trade state heart theory policy difference sure billion energy already pretty author likely worry manage.,Valve Failure,14.0,Under Investigation
INC-00304,SITE-002,2024-11-19,Fire,Medium,69.6,Read note suffer resource stage image.,Sensor Malfunction,12.0,Closed
INC-02494,SITE-003,2026-06-24,Leak,Low,88.5,Body official lawyer may hope measure professor military reality left risk.,,1.2,Closed
INC-04765,SITE-006,29/03/2026,Leak,critical,55.9,Window story imagine quite event professor.,Corrosion,9.2,Under Investigation
INC-04224,SITE-005,02-May-2026,Equipment Failure,Low,82.5,Arrive explain determine realize know white into executive moment.,,7.0,Open
INC-03111,SITE-002,2026-01-01,Near Miss,Medium,85.8,Bar authority ten value speak.,,4.3,Closed
INC-00435,SITE-001,2024-09-20,Near Miss, Low,88.8,Least attack personal enjoy red within star.,Material Fatigue,6.2,Under Investigation
INC-00713,SITE-002,11-Jun-2025,Fire,Medium,72.5,Knowledge sit success artist someone result.,Corrosion,16.8,Under Investigation
INC-03202,SITE-003,2025-02-18,Equipment Failure,Medium,67.5,Audience bring part simply enter special discussion society dark religious example you have cold sort option entire report while.,Material Fatigue,1.2,Under Investigation
INC-03170,SITE-001,14/08/2025,Fire,Medium,69.9,Organization great policy front six activity late.,Sensor Malfunction,10.4,Under Investigation
INC-02310,SITE-001,2025-02-24,Spill,Low,115.7,Officer offer pull cause account myself federal time go conference learn fish.,Valve Failure,5.0,Closed
INC-04810,SITE-003,09-May-2025,Spill,critical,58.8,Off hot try factor.,Valve Failure,4.7,Closed
INC-00241,SITE-004,2026-09-13,Fire,Critical,47.8,Item for officer north understand data.,Corrosion,15.4,Closed
INC-02685,SITE-001,2024-04-05,Leak,,79.4,Week focus unit head them forget particular foreign able television market challenge.,Corrosion,5.5,Under Investigation
INC-05597,SITE-001,2023-10-27,Leak, Critical,28.7,Wear over almost use situation firm morning.,,29.0,Under Investigation
INC-01112,SITE-004,2024-11-13,Fire,Medium,78.3,Road choose meet want the increase sport still author attorney front develop light.,Third-party Damage,9.2,Closed
INC-01286,SITE-001,2024-06-24,Near Miss,Critical,51.7,Case none figure Congress I note politics animal or five site management choice indicate item tell attention represent.,Material Fatigue,6.6,Under Investigation
INC-01777,SITE-004,2024-07-07,Near Miss,Low,81.7,Write information manager within end value whom.,Valve Failure,6.2,Closed
INC-02677,SITE-006,2025-10-28,Equipment Failure,Critical,48.0,Mrs soldier pressure while away mouth road skin.,Third-party Damage,2.8,Open
INC-03710,SITE-006,2026-03-02,Spill,Critical,32.5,Officer as course care tough receive range analysis need official visit machine free buy spend.,Third-party Damage,15.9,Under Investigation
INC-04907,SITE-003,2026-02-16,Leak,High,72.8,Commercial color affect wait something difficult down.,Sensor Malfunction,4.1,Closed
INC-00967,SITE-004,2023-10-19,Spill,medium,69.4,Daughter parent owner own between free result force size necessary wall political interview before arrive.,Material Fatigue,5.0,Closed
INC-01951,SITE-003,11/06/2025,Leak,Critical,-5.0,Safe stock site seat civil letter.,,4.9,Under Investigation
INC-04854,SITE-006,2025-08-15T00:00:00Z,Spill,Medium,95.8,Turn there former too factor series loss concern.,,4.7,Under Investigation
INC-01078,SITE-004,21-Apr-2025,Leak,Medium,61.4,Item change imagine plan away answer hand style structure manage year economic ask change since growth section.,Material Fatigue,3.6,Under Investigation
INC-01491,SITE-006,12/23/2025,leak ,Medium,75.5,Cut hear figure mouth name bag represent physical.,Corrosion,1.7,Closed
INC-00384,SITE-006,2025-05-31,Equipment Failure,Medium,74.6,Main call create worry open return this right their arrive along.,Valve Failure,4.4,Under Investigation
INC-03553,SITE-001,2026-02-20,Fire,Medium,64.4,Boy people line forward skin night inside guy window.,Corrosion,3.4,Open
INC-04215,SITE-003,2023-08-04,near-miss, Critical,26.9,Rich watch answer box force cold least hundred rate reveal report test key land.,,9.6,Open
INC-02193,SITE-003,2023-08-31,near-miss, High,60.9,Black start relationship ok common hotel whether nice explain increase my at.,Valve Failure,6.8,Under Investigation
INC-01826,SITE-005,2024-07-23,Near Miss,Low,85.1,Report mission daughter draw to cause successful class exactly address student.,Material Fatigue,6.8,Open
INC-03679,SITE-005,16-Feb-2026,Minor Spill,low,94.0,Whose order sport piece myself candidate well since.,Operator Error,10.1,Under Investigation
INC-00004,SITE-005,2025-10-17T00:00:00Z,Near Miss,medium,76.8,Draw sure phone career expect imagine generation although between rich sure already structure else bit himself resource our to.,,4.7,Closed
INC-04373,SITE-006,2024-04-25,,Critical,59.4,Others half middle describe give more whether.,Operator Error,3.6,Closed
INC-02914,SITE-002,2024-03-25,Equipment Failure, medium,89.3,Mission continue none bag popular very treat child everyone like reason final.,,9.2,Open
INC-02662,SITE-006,2024-12-06,Leak,,70.0,Part people seek yeah personal agency recently know friend hold experience southern within grow whether it.,Valve Failure,21.7,Open
INC-04252,SITE-002,2024-04-12,,Medium,67.1,Mrs state change professional environmental coach country feeling mean your gun cup do age probably price.,Valve Failure,1.9,Open
INC-04100,SITE-002,2023-12-03,Fire,Medium,76.0,Back right thank sometimes good work ago enjoy.,Third-party Damage,4.5,Open
INC-01116,SITE-004,2025-03-10,Equipment Failure,CRITICAL,41.1,Manager early sport see last majority should turn reveal.,Material Fatigue,9.4,Open
INC-05300,SITE-006,2025-06-02,Equipment Failure,Low,91.5,Main heavy there cell.,Valve Failure,7.6,Under Investigation
INC-02681,SITE-002,2025-06-08,Equipment Failure,Medium,79.8,Mind ability such want city turn play half human ok sure.,Sensor Malfunction,3.3,Under Investigation
INC-01461,SITE-005,2025-03-19,Near Miss,Critical,38.0,Stand town entire water population lose think.,,5.4,Closed
INC-04773,SITE-001,2025-08-07,near-miss,Low,88.5,Evidence various drive southern authority trade population oil door traditional bit.,Corrosion,5.0,Open
INC-03892,SITE-001,2024-02-12,Near Miss,Medium,76.7,Kid event evening any big really measure song writer Congress type win wife.,Operator Error,7.8,Under Investigation
INC-01015,SITE-006,2024-04-14,Leak,High,59.7,Perhaps special class door rather reveal difference why memory artist design.,Sensor Malfunction,4.5,Open
INC-01187,SITE-006,2025-09-27,Leak,high,41.2,Affect somebody along wait remain whole heart range remember affect day ball wonder onto activity model yes believe.,Valve Failure,3.4,Open
INC-01059,SITE-003,2026-05-26,Fire,Critical,49.8,Bring reveal argue compare them various moment get say simply sport.,Third-party Damage,6.5,Open
INC-03737,SITE-002,2026-05-31,Leak,Low,89.9,Note half suddenly certainly.,Operator Error,3.2,Open
INC-03619,SITE-004,2023-11-16,Near Miss,Low,81.0,Federal drive south we five.,Corrosion,2.8,Under Investigation
INC-05512,SITE-002,05/10/2025,Equipment Failure,High,52.5,Person camera scientist democratic natural which ability.,Operator Error,6.6,Open
INC-04586,SITE-002,2025-09-26,EQUIPMENT FAILURE,Medium,82.1,Drug analysis road cold head camera ask medical child center available main.,Sensor Malfunction,10.0,Open
INC-03119,SITE-002,2024-03-30,Equipment Failure,Low,80.7,Skin own difference range sort everybody remember learn.,Third-party Damage,1.4,Under Investigation
INC-05173,SITE-006,30-Mar-2024,Equipment Failure,Critical,62.2,Side have watch beat work half last evening.,Material Fatigue,3.3,Open
INC-04553,SITE-003,05/22/2024,,Critical,57.5,Program affect value performance born agent Mrs wide police machine.,Third-party Damage,7.2,Closed
INC-00932,SITE-002,2026-08-18,Equipment Failure,Low,93.3,Investment act such environmental bank say yes none body hour picture receive themselves.,Third-party Damage,6.1,Open
INC-00900,SITE-004,2025-09-05T00:00:00Z,Fire,Medium,73.0,Degree Democrat from age country opportunity term lay among goal involve industry future.,Sensor Malfunction,6.8,Closed
INC-00554,SITE-006,2026-04-24,,Medium,71.1,Itself attack wrong blood specific.,Material Fatigue,7.6,Closed
INC-01367,SITE-003,2024-09-29,Equipment Failure,critical,44.7,Relationship effect site huge discussion whose clearly kind behavior man suddenly have wind start.,Third-party Damage,6.2,Closed
INC-00812,SITE-004,23/03/2024,Near Miss,High,58.4,Step edge hot crime upon hit return medical.,Third-party Damage,4.0,Under Investigation
INC-02382,SITE-003,2025-02-19,Spill,Medium,74.2,Customer physical response spring themselves raise summer usually.,Third-party Damage,10.2,Under Investigation
INC-00806,SITE-005,2024-06-25,spill,Low,74.8,Give late sport cold current forward water feeling.,Corrosion,5.0,Open
INC-00690,SITE-001,09/06/2023,Near Miss,Low,98.5,Trade painting seek too animal challenge provide.,Operator Error,4.2,Open
INC-04450,SITE-005,2023-08-27,Fire,Medium,71.5,Art year whatever beyond sure evening thing perhaps actually reflect set specific prepare song idea high number who.,Third-party Damage,17.0,Open
INC-04045,SITE-001,2024-09-05,Near  Miss,Critical,34.8,Religious scene say us party support away him start win half drop attention us over community.,Sensor Malfunction,4.7,Open
INC-02392,SITE-006,2025-01-19,Near Miss,Low,84.7,Everybody she outside just reflect field chance get music any step prepare front example.,Sensor Malfunction,7.6,Closed
INC-00170,SITE-004,2025-02-23,Spill,High,61.8,Glass food majority change center director left.,Sensor Malfunction,5.2,Open
INC-04865,SITE-005,2026-06-13,Near Miss,Medium,71.0,Book gun memory let opportunity physical such matter site home officer campaign.,Valve Failure,11.9,Under Investigation
INC-01389,SITE-006,2026-06-03,Leak,Medium,86.1,Show challenge the senior garden toward southern.,Valve Failure,2.2,Closed
INC-01211,SITE-005,2024-02-12,Leak,Medium,76.8,Threat travel ball movement thing wonder general task program world identify forward sea.,Corrosion,4.8,Under Investigation
INC-00164,SITE-006,2025-03-30, spill ,High,55.0,First place director ask candidate fall simple window artist clear total toward.,,4.5,Closed
INC-04320,SITE-005,2023-09-05,Spill,Medium,74.8,Marriage care picture local difference them miss senior season.,Valve Failure,27.2,Closed
INC-01480,SITE-006,01/15/2026,Leak,High,52.7,Police possible include imagine must off operation recently address easy adult represent glass race executive great tree spend and.,Third-party Damage,13.2,Closed
INC-01080,SITE-006,2024-04-13,Leak,Medium,78.4,Property visit through standard most current determine statement employee.,Sensor Malfunction,5.8,Open
INC-05359,SITE-006,2025-11-28,Leak,Low,89.2,First most young morning pretty answer after somebody sing operation.,Corrosion,10.0,Under Investigation
INC-01323,SITE-006,2023-10-28, Leak, High,72.6,Talk practice particularly health happy friend majority product style bank test.,Corrosion,8.5,Closed
INC-03908,SITE-003,2026-01-08,Spill,Critical,55.1,Minute measure provide five from case wind peace as attack manage.,Corrosion,5.7,Open
INC-00066,SITE-001,2025-10-22,Equipment Failure,High,67.2,Increase state floor personal easy popular professional late.,,4.8,Closed
INC-01276,SITE-005,2023-09-18,Near Miss,Low,96.7,Really bad officer training help under fine possible little cell good light low.,Operator Error,4.4,Under Investigation
INC-04672,SITE-003,2026-02-27T00:00:00Z,Equipment Failure,Critical,52.4,Artist win position keep education authority country sense million wonder feeling add dinner line full might fire.,Corrosion,13.4,Closed
INC-01032,SITE-001,2025-03-14,Leak,Med,73.7,Open art use police live impact church.,Material Fatigue,5.2,Open
INC-05732,SITE-006,02/10/2026,Leak,Critical,36.5,Campaign effort first physical former administration age.,Valve Failure,20.8,Under Investigation
INC-03500,SITE-001,2023-09-12,Near Miss,MEDIUM,69.0,Pull meeting follow wish community begin PM dinner training rich six issue expect.,Operator Error,3.5,Open
INC-02082,SITE-004,2024-11-30,Equipment Failure,Low,90.0,Growth board radio in find international call game.,Corrosion,10.0,Open
INC-01683,SITE-004,2025-12-22,Near Miss,Medium,75.3,Kitchen world pull research hard quite every exactly high statement TV third hard begin.,,15.3,Open
INC-00303,SITE-005,2026-04-25,Near Miss,Low,80.4,Claim say buy if sit brother relationship specific two pull throw everyone wrong democratic several central nature.,Corrosion,3.2,Closed
INC-02717,SITE-006,2025-03-01,Leak,low ,87.9,Similar task think move long office director street all certainly generation executive stay should model government spend subject size.,,15.7,Under Investigation
INC-03602,SITE-001,2023-10-23,Leak,Low,88.6,Professor lawyer so investment section about decade.,Valve Failure,6.0,Closed
INC-05073,SITE-005,2024-11-06,Near Miss,Medium,69.9,Child recent research Democrat grow fire particularly girl form exactly big bit fear.,Material Fatigue,21.3,Closed
INC-00887,SITE-006,2025-01-22,Fire,Crit,47.5,Receive nothing treat think follow treat grow authority.,Material Fatigue,6.1,Open
INC-04009,SITE-002,2024-08-24,Leak,MEDIUM,67.7,Body Democrat she picture white offer something recognize wrong sell compare time.,Operator Error,2.9,Under Investigation
INC-05606,SITE-004,2025-09-25,Near Miss,High,46.8,Fear second field structure glass cause give newspaper.,Third-party Damage,0.5,Under Investigation
INC-04893,SITE-003,2024-11-22,Spill,Critical,44.1,What collection candidate stop maybe today court during language result north never night choice tell make few.,Corrosion,6.7,Under Investigation
INC-03745,SITE-005,2024-05-17,Equipment Failure, medium,77.7,Participant whether might can cultural step which walk anyone past difference week only beyond.,,9.0,Under Investigation
INC-00789,SITE-002,10/01/2026,Near Miss,Med,71.2,Your today development difference professional how very positive range claim go on.,Material Fatigue,3.5,Closed
INC-01620,SITE-003,23/06/2024,Equipment Failure,Low,83.7,Gun seem financial write success police together.,Valve Failure,5.9,Open
INC-05629,SITE-003,2024-08-01T00:00:00Z,Near Miss,Medium,72.8,Kitchen partner work ready century wall increase since doctor international capital later agree meeting.,,17.3,Under Investigation
INC-01591,SITE-003,2025-12-22,SPILL,CRITICAL,40.6,Another foot hope situation over although economic prepare them control fill expect standard PM.,,4.8,Closed
INC-05721,SITE-006,2025-08-06,Near Miss,Critical,35.1,Rate both area find amount necessary foot interview contain.,Sensor Malfunction,4.9,Closed
INC-03629,SITE-005,2023-08-29,Near Miss, High,55.4,Think especially budget claim Mrs lawyer increase represent.,Material Fatigue,7.3,Open
INC-05014,SITE-005,2026-02-13,Near Miss,High,47.1,Despite final usually discussion end oil remain green.,Third-party Damage,5.7,Open
INC-02565,SITE-003,2023-07-23,Leak,High,63.5,Friend company strong radio several drive vote ago senior pattern necessary.,Third-party Damage,5.8,Closed
INC-04217,SITE-004,2024-05-22,,Medium,65.8,Price trip step old mention leave.,Material Fatigue,12.2,Closed
INC-03179,SITE-002,15/04/2025,Fire,Medium,69.6,Law a between significant until including year inside control.,,5.3,Under Investigation
INC-04118,SITE-002,2024-05-30,Leak,Medium,73.6,According plant now program themselves keep low idea.,Corrosion,4.4,Under Investigation
INC-04111,SITE-002,08/30/2025,Fire,Low,99.5,Customer action know me many that.,,6.0,Closed
INC-04162,SITE-001,2025-09-27,Leak,Low,79.8,Right television whom game blood join eight medical policy position assume life he piece ball speech federal.,Valve Failure,5.7,Closed
INC-00420,SITE-004,04/11/2023,Equipment Failure,Critical,35.0,Situation treat executive different couple five civil trade under.,Valve Failure,9.3,Open
INC-01212,SITE-005,2025-08-12,Spill,High,57.8,Institution strong chair all boy table training police.,Sensor Malfunction,7.4,Under Investigation
INC-05718,SITE-006,2023-11-12,Near Miss,High,55.5,Thank local art analysis hotel politics.,,6.3,Under Investigation
INC-04837,SITE-003,2025-01-27,Fire,Medium,86.2,Quite claim cost product data buy gas color through.,Valve Failure,6.2,Under Investigation
INC-01593,SITE-006,2025-06-21,Leak,High,62.0,Usually behavior prevent realize look firm.,Corrosion,14.2,Under Investigation
INC-05906,SITE-004,2024-08-29,equipment failure,,31.6,Here generation main represent seem edge nor myself source.,Material Fatigue,11.0,Under Investigation
INC-00228,SITE-005,2026-08-15,Near Miss,Medium,92.3,Two me late back billion program role same top walk rise rest.,Material Fatigue,0.3,Closed
INC-05709,SITE-003,2025-06-08,Near Miss,High,59.5,Morning local itself identify foreign appear necessary word option back.,Sensor Malfunction,7.8,Open
INC-05621,SITE-004,2024-12-19,Spill,High,77.3,Woman cultural recognize standard instead carry mission part.,Operator Error,4.7,Open
INC-00574,SITE-003,2026-07-11,Leak,Critical,47.5,Organization book blue land buy true administration represent themselves thousand yeah travel indicate continue.,Material Fatigue,9.5,Open
INC-02417,SITE-002,2025-04-06,Near Miss,High,67.7,Method entire professional all great phone quickly interesting benefit also and.,,9.9,Open
INC-04604,SITE-004,2025-06-25,Leak,Medium,78.3,System two candidate condition media adult seat practice its week.,Operator Error,21.0,Open
INC-01637,SITE-002,2025-08-26,Spill,Medium,85.4,Degree sea what meeting best contain among feeling picture today bar.,Sensor Malfunction,7.7,Closed
INC-02931,SITE-003,19/01/2026,Spill,High,54.7,Million movie serious easy above interview state cause quality western.,Corrosion,3.1,Closed
INC-02878,SITE-006,2025-04-17,Spill,High,66.3,Peace sure lay system nothing its seem protect new summer home ability safe design.,Sensor Malfunction,4.1,Under Investigation
INC-02102,SITE-005,10/18/2024,,Low,70.5,Although despite hold story responsibility thus many about owner.,Valve Failure,20.1,Under Investigation
INC-05778,SITE-004,20-Dec-2023,Equipment Failure,High,53.8,News man professional performance recent involve.,Sensor Malfunction,13.9,Open
INC-05219,SITE-002,2024-04-06,Leak,Medium,74.2,Probably reveal trip high real career ask war very nice month follow front town teach me guy ago.,Valve Failure,0.1,Open
INC-00326,SITE-003,09-Dec-2023,Leak,High,59.8,Hot special people others high hour book agree wrong course drive.,Sensor Malfunction,14.2,Under Investigation
INC-02793,SITE-004,2024-08-11,Near Miss,High,84.7,Difference animal building high wind seek idea.,,5.7,Under Investigation
INC-00774,SITE-003,16/07/2024,Near Miss,High,49.7,Group fight environmental meeting crime mention bill produce art but worry game.,Material Fatigue,13.5,Open
INC-02724,SITE-003,2026-10-17,Leak,High,67.0,Employee wife follow somebody either traditional control avoid effort of town which.,Operator Error,3.0,Open
INC-03600,SITE-003,2025-08-03,Spill,High,52.3,Mouth six myself baby social wear start agree guy drop relate.,Material Fatigue,4.8,Closed
INC-00682,SITE-002,2025-10-29,Near Miss,HIGH,46.6,Must investment traditional place party religious professional administration.,Sensor Malfunction,13.2,Closed
INC-01360,SITE-001,2023-09-10,Near Miss,Medium,78.6,Special consumer close prepare federal notice baby may whether.,Operator Error,2.1,Under Investigation
INC-01586,SITE-003,2024-07-06,Leak,High,75.1,Effect idea son child fall set five church.,Corrosion,3.7,Closed
INC-04278,SITE-003,2025-10-24T00:00:00Z,Spill,Critical,47.9,Watch recognize save garden instead born almost student able nature current much.,Material Fatigue,9.3,Closed
INC-03646,SITE-003,2026-07-18T00:00:00Z,Equipment Failure,High,68.7,Network eat film operation indeed push themselves might.,Valve Failure,1.3,Under Investigation
INC-00051,SITE-005,2024-02-13,Near Miss, medium,57.1,Ever usually start seven prove piece space.,,4.2,Open
INC-04370,SITE-006,08/30/2023,Spill,Medium,75.2,Fight trade paper war member save range way general direction group war general.,Operator Error,10.4,Under Investigation
INC-00360,SITE-005,14/03/2025, spill ,Critical,53.2,Effort fact team class modern a travel meeting blood read challenge.,Third-party Damage,4.5,Under Investigation
INC-05285,SITE-003,2025-01-22,Near Miss,HIGH,55.3,Politics medical sense floor church general politics maybe contain.,Valve Failure,15.7,Open
INC-00885,SITE-002,2023-09-15,Leak,Medium,83.4,Management anything discuss myself effect but left series act go memory all line professional science nothing.,Third-party Damage,8.0,Open
INC-04449,SITE-006,2024-06-11,,High,57.9,Team better under look bar law too herself tell quite glass some million.,Sensor Malfunction,8.8,Open
INC-03259,SITE-001,2024-12-29,Near Miss,Medium,65.2,Across truth change miss management hospital much.,Valve Failure,5.0,Open
INC-05611,SITE-006,2026-01-15,Near Miss,High,46.1,Major order standard go fight woman include.,Operator Error,0.8,Open
INC-02750,SITE-003,2024-02-29,Fire ,Critical,46.7,Wind consider I will choose measure time successful crime magazine not analysis knowledge where degree quickly.,Operator Error,3.9,Open
INC-04012,SITE-003,2026-02-16T00:00:00Z,Leak,Critical,46.2,Probably business foreign with enjoy door then always write plan.,Material Fatigue,12.3,Open
INC-01429,SITE-006,2023-12-19,Fire,Hi,71.8,Vote point law poor soon serious partner get.,,6.9,Closed
INC-04657,SITE-006,2023-11-27,,High,54.1,Red weight game hear others season system the response away next area series other tonight.,,9.1,Closed
INC-04268,SITE-006,2026-03-20,Spill,Hi,48.8,Goal bit follow and every arrive free claim four.,Third-party Damage,2.8,Open
INC-02585,SITE-001,2025-08-12,Near Miss,Medium,74.8,Call rise stage many go look Democrat perhaps.,Corrosion,4.4,Open
INC-02235,SITE-001,2025-04-12,Near Miss,Medium,69.5,Feeling capital husband good teach.,,4.4,Open
INC-05110,SITE-002,2024-09-15T00:00:00Z,Near Miss,Medium,69.8,Carry either learn cup while.,Material Fatigue,9.8,Closed
INC-01988,SITE-002,2023-08-30,Near Miss,Critical,42.6,Benefit later human clear receive make.,Material Fatigue,3.8,Closed
INC-04004,SITE-006,2023-11-13, spill ,High,61.3,None hand his task happen billion.,Valve Failure,26.4,Closed
INC-03915,SITE-006,2026-01-15,Near Miss,Critical,150.0,Major fly south their tonight send today skill low health present final still approach amount.,Material Fatigue,7.0,Open
INC-03431,SITE-002,2025-07-28,Equipment Failure,Critical,49.9,Rest sister majority base break charge fight we director matter according.,,11.9,Closed
INC-00872,SITE-003,2026-06-10,Near Miss,High,62.5,Hard view soon senior.,,8.7,Open
INC-00626,SITE-003,2023-10-26,Leak,Critical,40.3,Commercial instead law capital tell audience window again country chair agent.,Third-party Damage,10.1,Under Investigation
INC-04598,SITE-002,2024-01-22,Equipment Failure,Low,90.6,Mother parent others score prepare pattern prepare will popular.,Sensor Malfunction,7.8,Open
INC-02472,SITE-001,2025-01-12,Near Miss,Low,100.0,Game stop benefit friend including note.,Corrosion,3.1,Under Investigation
INC-05961,SITE-001,2025-06-12,Leak,Low,87.7,Make edge successful arm himself understand Democrat why threat large radio yeah identify than risk vote.,Corrosion,16.9,Open
INC-02911,SITE-004,2025-11-25,Equipment Failure,Medium,77.9,Beautiful student American give issue pattern.,Operator Error,3.3,Open
INC-01790,SITE-005,2024-09-14,Fire,Low,90.8,Four identify you among necessary hold.,Third-party Damage,2.9,Under Investigation
INC-03203,SITE-001,2025-06-09,Fire,Medium,74.1,Idea within because market second strong firm concern behavior.,Corrosion,4.0,Open
INC-04778,SITE-002,2025-09-29,Fire,High,56.2,Red old you skin defense range social why usually young address.,,9.6,Closed
INC-01185,SITE-002,2023-12-11,Leak,Medium,87.1,Cultural very simply he cell sometimes couple.,Third-party Damage,6.2,Open
INC-02996,SITE-004,2024-03-27,Leak,High,59.3,After writer improve task science nice state alone he cold wall coach bank natural bank up.,Corrosion,5.4,Under Investigation
INC-02206,SITE-004,2026-06-07,Equipment Failure,Medium,61.5,Weight dinner table long example development heart house front sit particularly different yard.,Operator Error,12.8,Open
INC-04935,SITE-006,2024-05-06,Spill,High,31.3,Weight teach letter behavior American.,Sensor Malfunction,4.0,Closed
INC-03250,SITE-006,2026-01-13,Fire,Medium,71.4,Manager ok project add others skin according individual else explain teacher song leader.,Corrosion,8.1,Under Investigation
INC-02439,SITE-002,2025-08-21,EQUIPMENT FAILURE,medium,72.3,Scene read heart friend enough.,Third-party Damage,4.6,Open
INC-03106,SITE-001,2025-06-14,Leak,Low,82.4,Help rest middle spend participant.,Valve Failure,6.2,Open
INC-00285,SITE-001,2025-06-08,Fire,Low,86.6,Development sound hotel Mr during friend those chair.,Valve Failure,12.0,Open
INC-04655,SITE-003,2026-05-30,Leak,High,79.3,Fear study bill he situation end raise police clearly different value.,Material Fatigue,1.3,Open
INC-04351,SITE-001,12-Feb-2024,Spill,Low,90.6,Situation somebody base about glass detail sort collection today either present no take store system pretty.,Third-party Damage,1.8,Open
INC-03990,SITE-003,09/11/2025,Near Miss,High,37.3,Seat when support pressure able painting lay mother later hold.,Sensor Malfunction,2.3,Closed
INC-00661,SITE-004,2024-07-07,Leak,Low,92.2,Man sure use necessary expert western we artist need your manager ball shoulder fly travel test old.,Material Fatigue,5.8,Closed
INC-03997,SITE-005,2024-07-12,Near Miss,Low,92.4,Scene room main we think while raise.,Sensor Malfunction,15.5,Under Investigation
INC-01062,SITE-006,2025-02-07,Fire,Critical,49.8,Better break allow draw sport southern management themselves to mention type write moment about word road.,Material Fatigue,17.8,Under Investigation
INC-03331,SITE-006,2025-02-07,Fire,High,56.5,Run people beyond final often nearly move brother economy contain.,Corrosion,1.6,Open
INC-04866,SITE-005,2026-10-15,Leak,Low,93.0,Need then almost sort seat stop again add rise true make sound candidate her moment ever central produce fill day.,Third-party Damage,4.3,Under Investigation
INC-04470,SITE-003,2024-08-27,Leak,Critical,40.2,Center most certainly our under all if attack ahead.,Sensor Malfunction,13.4,Under Investigation
INC-05604,SITE-004,2025-03-16,Leak,Medium,72.7,Enter in focus seem authority common involve war.,Corrosion,4.7,Open
INC-05016,SITE-003,2023-10-19,Leak,Low,89.6,Air amount affect dinner who process head one laugh investment.,Valve Failure,6.9,Closed
INC-00720,SITE-005,2025-07-10,Near Miss,low ,75.1,Feel raise treatment brother.,Sensor Malfunction,5.8,Closed
INC-03445,SITE-003,2025-04-29,Equipment  Failure,High,68.2,Suddenly collection hundred individual pick.,Sensor Malfunction,9.1,Under Investigation
INC-03075,SITE-006,2023-08-15,Spill,Medium,66.2,Factor recently card commercial less economy impact support range body far.,,2.7,Under Investigation
INC-01835,SITE-003,21/12/2023,Equipment Failure,High,67.1,Water high a agent pull agreement tree week lay view enter matter begin until also.,Operator Error,4.4,Under Investigation
INC-00445,SITE-001,2024-09-27,NEAR MISS,Medium,80.0,Necessary physical peace care feel father.,Corrosion,3.9,Closed
INC-03526,SITE-002,2025-03-24,Spill,,86.7,Wish about tough central.,Sensor Malfunction,20.1,Under Investigation
INC-03035,SITE-002,23-May-2025,Equipment  Failure,Critical,37.6,Form area itself improve figure include heavy turn organization down least along.,Valve Failure,6.6,Under Investigation
INC-01056,SITE-001,2024-02-24,Near Miss,High,69.1,Animal show call perhaps young available dinner sometimes ask talk life.,Material Fatigue,5.5,Closed
INC-01577,SITE-004,09/10/2024,Near Miss,Medium,69.9,Exactly through road case expert long data under your agreement.,Third-party Damage,7.8,Closed
INC-04359,SITE-003,2026-04-14,Leak,High,73.5,Cold environment toward blue everybody.,Operator Error,12.6,Closed
INC-05655,SITE-005,2025-02-25,Equipment Failure,Medium,70.4,Spring vote very about strategy how while room be center be represent money network meeting.,Operator Error,1.8,Open
INC-01115,SITE-003,21/11/2024,Leak,Critical,40.7,It poor network ten she agency leave myself.,Material Fatigue,11.1,Closed
INC-02194,SITE-006,2024-08-02,Leak,High,59.6,Strong partner well learn day side have.,Corrosion,3.6,Closed
INC-03476,SITE-006,2025-05-12,Near Miss,High,45.2,Player well spend suddenly return force return.,Material Fatigue,8.3,Under Investigation
INC-00263,SITE-004,2025-06-25T00:00:00Z,Spill,Medium,76.8,Administration only less onto other half attorney exactly.,Material Fatigue,21.1,Open
INC-04063,SITE-005,2024-05-28,Equipment Failure,low ,100.0,Result before raise exist significant possible central stop hair.,,12.2,Closed
INC-05602,SITE-004,04/16/2024,Fire,Low,88.1,Miss decade forward modern road Mrs environmental task clearly tonight election.,Corrosion,7.4,Open
INC-00461,SITE-003,2024-08-04,Equipment Failure,High,51.6,Beat kitchen sense floor late door full.,,16.4,Open
INC-03779,SITE-003,2024-10-05,Equipment Failure,High,43.4,Have raise cause economy fall.,,23.1,Under Investigation
INC-02058,SITE-004,2024-03-15,Equipment Failure,Medium,81.2,Reach catch yeah trip recently imagine fear home available direction rock like.,Operator Error,18.0,Open
INC-03272,SITE-003,2023-11-24T00:00:00Z,Leak,High,57.9,Event treat hair talk commercial similar.,Third-party Damage,1.8,Open
INC-01895,SITE-002,2024-01-20,Equipment Failure, Low,85.8,Role simply several owner black care decision media same participant defense above hospital country design customer.,Sensor Malfunction,9.4,Under Investigation
INC-01654,SITE-002,2024-10-27,Near Miss,Critical,43.9,Crime expert everything use store season participant deal believe quality network develop.,Third-party Damage,4.8,Under Investigation
INC-00830,SITE-004,2024-06-11,Spill,High,56.4,Lay cup summer name field line able final trip should.,,12.4,Closed
INC-02292,SITE-006,2025-11-08,Leak,Medium,78.1,Statement view trouble wear must guy answer allow floor me health likely them education.,Third-party Damage,10.0,Open
INC-00944,SITE-002,2024-11-10,Fire,Low,93.6,Down cultural note human attorney western capital value activity sea act rather rock later.,Third-party Damage,14.7,Closed
INC-01213,SITE-001,2023-09-08T00:00:00Z,Equip. Failure,Low,100.0,Beautiful herself serve win until community get explain inside son.,Sensor Malfunction,11.3,Closed
INC-04759,SITE-002,2026-04-04,Equipment Failure,Critical,51.8,Option here guess leader moment experience reality.,Operator Error,8.9,Open
INC-01332,SITE-001,2025-03-20,Fire,Low,98.3,Doctor thank your direction skill stop every.,Valve Failure,8.5,Open
INC-03636,SITE-005,2023-10-13,Spill,High,79.6,Her several table fly interview trip poor provide fact relate station stand compare executive.,Third-party Damage,9.1,Open
INC-05920,SITE-006,2025-02-26,,Medium,77.5,Republican fast drug city plan send husband series account such number hope.,Third-party Damage,7.4,Open
INC-03509,SITE-004,2025-05-04,Spill,Low,83.2,History part read computer Mr science.,Operator Error,2.0,Under Investigation
INC-02045,SITE-003,12/10/2023,Equipment Failure,MEDIUM,77.0,Stuff we again wait health respond kind describe range position.,Sensor Malfunction,9.3,Open
INC-05850,SITE-006,2026-04-11,Leak,Medium,69.1,Kitchen save bit line mind eye suddenly main age trial rise owner.,Operator Error,9.3,Open
INC-03929,SITE-006,2026-02-14T00:00:00Z,Spill,High,59.4,Southern structure art case example trip phone upon his high after training man clearly note.,Material Fatigue,6.8,Open
INC-02180,SITE-005,01-Feb-2026,Near Miss,High,60.2,Play such human language PM sport fly.,Sensor Malfunction,4.6,Under Investigation
INC-05632,SITE-006,2026-10-09,Fire,,47.1,Identify professor raise simple sing.,Operator Error,3.9,Closed
INC-01299,SITE-005,2024-09-13,Spill,Critical,41.9,Read strategy eye note control laugh house off crime score value student now learn police second somebody.,Operator Error,3.7,Closed
INC-03726,SITE-003,2025-11-07,Near  Miss,High,56.9,Expert majority try personal blue what note decide address ask pull.,Corrosion,13.1,Under Investigation
INC-03628,SITE-004,2024-06-01,Fire,High,48.5,Small green help health price enjoy too including force outside author truth chair.,Operator Error,9.8,Open
INC-04574,SITE-006,10-May-2025,Spill,Critical,53.7,Concern century nothing or class yet realize partner green key long magazine campaign admit produce.,Third-party Damage,21.0,Under Investigation
INC-01555,SITE-006,2024-05-30,Spill,High,57.3,Education discussion page behind civil second later under analysis president.,Valve Failure,2.2,Closed
INC-00250,SITE-001,2024-03-26,Near Miss,Low,85.0,Key author pressure daughter security store total natural.,Operator Error,3.3,Closed
INC-05317,SITE-005,2024-12-25T00:00:00Z,Equipment Failure,Medium,71.2,Evening air subject full many bring difficult you increase past investment on.,Material Fatigue,1.8,Closed
INC-04317,SITE-005,2023-11-10,Spill,Low,95.8,Never evening most sometimes power population next lay whatever sport important culture up moment surface.,Sensor Malfunction,18.5,Under Investigation
INC-00104,SITE-006,2025-05-04,Leak,Critical,40.1,Why outside certain mention anything hope those would involve.,Valve Failure,9.3,Closed
INC-01917,SITE-005,2024-07-21,Fire ,high,55.1,Fast factor brother share another add dinner man whatever hundred movie air growth turn.,Third-party Damage,11.6,Under Investigation
INC-02710,SITE-002,2025-01-01,Near Miss,High,63.0,Bag use bank try national never bank.,Operator Error,4.1,Open
INC-04905,SITE-004,2023-12-02,Equipment Failure,Medium,74.1,Career himself child leave here ago.,,3.2,Under Investigation
INC-04756,SITE-003,2025-02-11,Equipment Failure,Critical,46.6,Family market example explain investment owner also their suggest early year test room.,Sensor Malfunction,7.5,Open
INC-04707,SITE-006,2023-10-19,Equipment Failure,High,75.3,Mind easy expect party team.,,5.1,Closed
INC-01391,SITE-006,2025-02-14,Equipment Failure,Low,86.8,Way news student avoid billion artist study.,Valve Failure,8.9,Open
INC-04633,SITE-005,2024-05-18,Spill,High,59.5,Still require big close the apply simply.,Sensor Malfunction,1.5,Under Investigation
INC-05140,SITE-003,09-Oct-2025,Equipment Failure,Low,84.1,Type ahead open arm fly environment pay letter design.,Material Fatigue,3.0,Under Investigation
INC-05246,SITE-001,2025-08-01,Equipment Failure,Low,81.5,Boy story try play you series social lot last big level.,Valve Failure,12.3,Open
INC-01167,SITE-003,2024-04-20,Leak,High,35.5,Way system radio magazine but foreign.,Valve Failure,7.9,Open
INC-02569,SITE-002,2023-09-09,Equipment Failure,Medium,66.9,Toward chair least accept cold us notice.,Corrosion,2.3,Closed
INC-00519,SITE-001,2023-10-01,Spill,Medium,84.0,Sport cover phone eat purpose.,Third-party Damage,8.5,Open
INC-00686,SITE-005,2025-12-28,Leak,Low,92.4,Produce gun expect possible second lose home yes cause sure magazine for.,Valve Failure,4.3,Open
INC-04816,SITE-006,2026-09-15,Equipment Failure,Critical,50.6,Song course push thousand kitchen right talk woman.,Valve Failure,6.7,Under Investigation
INC-03635,SITE-002,2025-02-25,,Medium,82.2,Last Congress agreement although camera else pressure imagine rock move energy condition song power.,Operator Error,2.9,Closed
INC-03648,SITE-002,2024-10-15,Fire,Medium,71.4,Common manager couple law budget population arrive yourself prevent according.,Operator Error,8.0,Closed
INC-03633,SITE-001,2025-05-09,Equipment Failure,Low,89.9,Unit plan catch see begin hotel eat.,Material Fatigue,1.7,Open
INC-05675,SITE-004,2024-08-22,equipment failure,Medium,63.7,National for test shake quickly painting occur name feeling.,Operator Error,1.4,Under Investigation
INC-01735,SITE-006,20/07/2025,Spill,Critical,29.8,Reality American like left say picture those.,Valve Failure,4.2,Closed
INC-04842,SITE-001,2025-07-02,Near Miss,Low,89.6,Increase author nor head community water prepare picture maintain paper economic report consider adult certainly identify.,,5.1,Closed
INC-01681,SITE-003,2024-06-04,Leak,Critical,24.1,Blue bit fire show site.,Operator Error,3.8,Open
INC-03817,SITE-004,06/11/2024,Near Miss,,88.1,Point goal minute guy president senior both door up current meeting.,Corrosion,10.9,Closed
INC-02602,SITE-006,2024-08-10,Equipment Failure,Critical,56.5,Able radio season couple staff act already entire program actually popular room wish.,,9.1,Under Investigation
INC-02495,SITE-006,2024-07-30,Leak,High,50.3,Beyond service meeting suggest light entire.,Valve Failure,12.6,Closed
INC-02600,SITE-003,2024-12-31,Spill, Low,95.2,Long husband rule nothing rock wall style reach feel.,Operator Error,3.2,Under Investigation
INC-05971,SITE-002,2025-12-14,Near Miss,,69.7,Run inside floor air light PM.,Sensor Malfunction,6.9,Closed
INC-00966,SITE-006,2024-02-13,Leak,Medium,76.6,Save accept stage work face key modern safe better hour easy system whatever should sound current.,Corrosion,3.8,Open
INC-00102,SITE-006,05/01/2026,Near Miss,Critical,39.7,Reflect protect fly concern finish American citizen traditional.,Corrosion,7.9,Under Investigation
INC-00576,SITE-003,2025-11-16,Spill,,54.3,Around remain special out these yet.,,9.1,Under Investigation
INC-01158,SITE-002,2024-06-18,Spill,Medium,68.0,Weight toward any ground politics see investment development concern thank middle some station.,Valve Failure,6.4,Closed
INC-02414,SITE-004,2023-07-28,Equipment Failure,Medium,58.2,Evidence mother pressure general remember shoulder wide him live husband yeah.,Corrosion,7.8,Open
INC-03286,SITE-006,2026-02-08,Spill,Medium,68.1,Sometimes air line whom or fish successful both actually budget thought.,Third-party Damage,8.6,Under Investigation
INC-02835,SITE-002,13-Nov-2024,Leak,Low,86.8,Sign a participant carry director international hand message child statement growth stop parent chance practice.,,5.6,Under Investigation
INC-05556,SITE-003,2023-07-29,Spill,Critical,50.3,Bank yes night administration democratic example call current.,Operator Error,10.7,Open
INC-03207,SITE-002,2023-12-06,Near Miss,Critical,39.1,During stay great sea state example hundred.,Sensor Malfunction,5.3,Closed
INC-05227,SITE-003,2024-05-12,Leak,High,74.6,Special door less town region medical test bank ten against PM right tell put.,Sensor Malfunction,4.3,Open
INC-03428,SITE-003,2024-02-28,SPILL,,48.1,Manager capital know indicate.,Valve Failure,5.5,Open
INC-05182,SITE-004,2026-07-16,Fire,Medium,78.1,Too happy matter stand face view debate should even executive especially increase.,Third-party Damage,7.8,Closed
INC-05820,SITE-003,10/14/2023,Near Miss,High,70.9,Decide your service choose at upon sport artist impact research.,Valve Failure,3.2,Open
INC-02095,SITE-005,2026-06-21,Fire,Low,89.0,Tonight identify go person authority so us forget action soon simply human attorney go cut.,,3.3,Closed
INC-02088,SITE-004,2025-09-08,Fire,Low,96.8,Him religious itself still six.,Corrosion,9.2,Open
INC-03386,SITE-004,2023-08-10,Leak,MEDIUM,75.5,Treat structure final many term general.,Sensor Malfunction,10.2,Open
INC-03549,SITE-002,2024-09-20,LEAK,Low,81.3,Shoulder effort alone quality team drive attack red.,Third-party Damage,8.0,Open
INC-02200,SITE-002,2024-04-16,Spill,Low,86.9,Morning gas old since health low head less appear enter.,Material Fatigue,14.2,Open
INC-03404,SITE-002,2024-12-09,Equipment Failure, Low,92.2,Official discover none soon tonight.,Material Fatigue,7.0,Closed
INC-01688,SITE-005,2023-11-13,Spill,Medium,86.5,Tv huge tax civil vote shoulder author.,Material Fatigue,5.8,Closed
INC-02033,SITE-001,2024-07-28,Equipment Failure,Medium,71.4,Agreement couple picture site after season sea best add life American.,Valve Failure,11.1,Under Investigation
INC-04015,SITE-002,2024-01-03,Near Miss,High,70.3,Player instead important action nation wait daughter moment stock take lose.,Operator Error,6.1,Closed
INC-03062,SITE-006,08/19/2024,Spill,High,52.2,Should family food wall serious bill tax democratic recently boy indeed candidate film where firm big.,Sensor Malfunction,4.6,Under Investigation
INC-05226,SITE-002,2024-11-19,Spill,High,63.0,Wonder performance positive back price international focus range note.,Third-party Damage,4.7,Under Investigation
INC-01329,SITE-003,2023-11-11,Leak,High,55.8,Provide artist near include news medical value someone certainly sister.,Material Fatigue,3.5,Under Investigation
INC-05929,SITE-005,2026-01-02,Equipment Failure,High,57.8,Under now piece bill board example send stand senior law final late well less quickly yes machine bed no.,Sensor Malfunction,12.3,Open
INC-00288,SITE-005,2024-09-29,Leak,Medium,79.9,Of pressure prevent full do smile understand exactly amount risk cause entire.,Operator Error,3.4,Closed
INC-05361,SITE-002,27/07/2023,Equipment Failure, Low,85.6,Lead sure item cost old way.,Material Fatigue,3.4,Closed
INC-02418,SITE-003,2024-11-27T00:00:00Z,Equipment Failure,medium,70.5,Single strategy executive quality list management any goal until to cup short current protect hard majority particularly.,Valve Failure,7.0,Open
INC-05574,SITE-006,07/03/2026, Leak,Critical,40.8,Program professor structure if stay protect space brother action.,Material Fatigue,4.6,Under Investigation
INC-01072,SITE-006,2025-12-23,Near Miss,High,52.9,Sound respond car open eight time.,Third-party Damage,5.6,Closed
INC-02733,SITE-002,29/01/2026,Near Miss,Medium ,80.3,Age it story feeling debate hour movie four there stuff Democrat between crime age western public information.,,8.6,Open
INC-00117,SITE-002,2025-04-12,Near Miss,Medium,75.3,Lay sign party discuss accept million marriage edge response foot strong box.,Third-party Damage,3.7,Closed
INC-03056,SITE-006,2026-07-09,Spill,High,51.4,Step news first Mr window official almost coach institution occur goal employee window newspaper parent receive way increase.,Material Fatigue,4.5,Under Investigation
INC-02075,SITE-003,2025-11-19,Near Miss,High,60.5,Source war public letter wonder southern part might.,Corrosion,3.9,Under Investigation
INC-04749,SITE-006,2024-09-02,Leak,High,43.2,Style PM soon watch executive matter me wife fall run meet education school.,,5.9,Under Investigation
INC-00309,SITE-004,2024-03-18,Spill,Medium,82.7,Better discuss statement state agency stage important coach could heart event.,,12.6,Under Investigation
INC-05209,SITE-002,2025-07-03,Equipment Failure,Low,87.5,Use act I theory even ability probably car him shake nor.,Third-party Damage,4.9,Closed
INC-00167,SITE-005,2023-08-20,Fire,High,63.9,Car travel international draw design Republican religious.,Valve Failure,4.7,Under Investigation
INC-00317,SITE-003,26-Jul-2025,Fire,High,69.1,Director much spring market fly nearly rock mission military hear thousand white.,Valve Failure,23.6,Under Investigation
INC-05298,SITE-003,2025-07-14,Equipment Failure,Medium,77.7,High world police war field bag culture guy.,Sensor Malfunction,4.1,Under Investigation
INC-00472,SITE-001,2024-04-24,Leak,LOW,92.2,First stock theory others successful side help able it sit mouth pay notice affect.,Operator Error,6.6,Under Investigation
INC-05357,SITE-006,2025-06-12,Leak,High,48.9,Agree thank watch modern serious someone.,Corrosion,8.1,Open
INC-05256,SITE-006,2024-07-22,Near Miss,High,59.8,Huge probably sell go great project film sure go last rather.,Material Fatigue,2.0,Open
INC-02492,SITE-005,2025-03-31,Equipment Failure,Low,92.9,Off community fly draw sound area.,Material Fatigue,1.3,Open
INC-03153,SITE-001,2024-06-17,Near Miss,Critical,40.8,Other answer feeling deep mean loss.,Sensor Malfunction,4.2,Open
INC-00908,SITE-001,2025-10-22,Equipment Failure,High,66.4,Attorney life side low question history movie want travel per hand sell brother fish student meeting particularly.,Third-party Damage,9.2,Open
INC-02106,SITE-004,2026-05-22,Near Miss,,82.3,Never American happy world push role guy issue she.,,6.2,Open
INC-04575,SITE-006,2026-05-23,Spill, medium,84.6,Listen area play own serve.,Material Fatigue,8.0,Closed
INC-03718,SITE-001,2024-10-23T00:00:00Z,Fire,Medium,74.1,You require what environment.,Third-party Damage,1.0,Under Investigation
INC-03160,SITE-006,2026-10-17,Spill ,High,58.0,But scene measure something floor reduce local such.,Material Fatigue,3.3,Under Investigation
INC-05802,SITE-006,2026-01-27,Leak,Medium,77.1,Arrive western region pressure policy public.,Operator Error,3.2,Closed
INC-00215,SITE-004,2024-06-08,Near Miss,High,60.0,Partner none nice will director up seat.,Operator Error,11.6,Under Investigation
INC-03531,SITE-001,29/07/2025,Fire,Low,93.8,On finally PM research wait how life adult now long most.,Corrosion,0.7,Under Investigation
INC-03519,SITE-002,2024-10-21,Near Miss,Medium,65.3,Side stuff red store major approach save fall wear team mind keep arrive sing any program.,Third-party Damage,4.3,Open
INC-03873,SITE-001,05/06/2026,Near Miss,Critical,-5.0,Factor role front few center business.,Sensor Malfunction,7.1,Closed
INC-04107,SITE-005,2023-10-27,Fire,,92.1,Certain situation feeling until final magazine recognize return with administration.,Material Fatigue,10.9,Closed
INC-00152,SITE-003,07/29/2025,Spill,High,47.3,Not own artist cause begin organization agent stock understand.,Operator Error,10.6,Closed
INC-03423,SITE-001,2025-04-12,Equip. Failure,Low,85.4,Do compare white institution ball majority among be.,Material Fatigue,3.9,Under Investigation
INC-04528,SITE-006,2024-09-30,Fire,High,76.7,Though long able it dog indicate public financial while.,Sensor Malfunction,14.9,Closed
INC-01860,SITE-001,31/05/2024,Near Miss,Medium,75.3,Six produce walk response condition past difficult husband public.,Sensor Malfunction,2.9,Closed
INC-01025,SITE-001,2026-01-18,Near Miss,Medium,72.7,Design recent hotel factor soon address whose person agent particular civil inside indicate provide include at environmental soon.,Third-party Damage,3.9,Under Investigation
INC-05723,SITE-001,2024-07-30,Equipment Failure,Low,93.2,Help since another reduce read rule trouble.,Material Fatigue,2.4,Open
INC-05383,SITE-005,2024-02-12,,Low,87.0,Include head left side leg message remain during own.,Operator Error,13.3,Under Investigation
INC-02154,SITE-002,2024-09-20,Leak, Low,97.3,Face tough effect already science stop rule respond sure class door guy television record sort.,Material Fatigue,6.5,Open
INC-03129,SITE-004,2026-01-01,Spill,High,-12.3,Could the various of office natural.,Operator Error,11.9,Under Investigation
INC-01801,SITE-006,2026-05-24,Spill,Medium,83.9,Trade article school whether since class develop our.,Material Fatigue,5.7,Under Investigation
INC-05558,SITE-002,10/07/2025,Leak,Low,93.3,Represent analysis happy others far ago population use door race project mission.,Third-party Damage,3.4,Closed
INC-05935,SITE-003,2024-12-01,Equipment Failure,Medium ,75.7,Fill piece sign mean view program face challenge almost throughout forget several support.,Third-party Damage,11.8,Open
INC-04154,SITE-006,2026-07-07,Leak,High,59.3,Nature age trial research easy rate with listen talk skin staff fight hope answer keep think unit.,Corrosion,11.4,Open
INC-05071,SITE-004,2026-06-18,Equip. Failure,Medium,76.0,Painting your action approach hospital all human leg sign.,Operator Error,6.2,Open
INC-00930,SITE-006,03/10/2024,Spill,Crit,44.7,Part a necessary seat kid great even social rich.,Material Fatigue,15.1,Under Investigation
INC-05240,SITE-002,2025-04-18,Spill,Critical,86.1,Weight similar environment PM worker factor affect person almost instead various yard.,Material Fatigue,18.2,Closed
INC-01298,SITE-003,2023-11-27T00:00:00Z,Spill,Critical,29.2,Back throw method no record want describe address quickly arm strong network stuff look purpose cup your.,Material Fatigue,9.9,Under Investigation
INC-01962,SITE-003,2025-02-18,Near Miss,Lo,80.8,Use carry for exist administration boy piece good financial.,Material Fatigue,8.4,Open
INC-00229,SITE-006,10/21/2024,Leak,Medium,70.6,Here of attorney happy turn social politics itself low when scene modern attention fast.,Material Fatigue,9.6,Open
INC-01755,SITE-002,2026-02-13,Leak,Low,85.0,Lot hope your series actually require might.,Operator Error,1.8,Open
INC-01923,SITE-003,2024-08-09,Equipment Failure,Critical,53.2,Very find now act step run industry college these through management.,Material Fatigue,6.4,Open
INC-04338,SITE-006,2024-02-19,Leak,Critical,16.7,General significant seem speech talk camera couple century fast most.,,4.7,Open
INC-01592,SITE-002,2024-05-07,NEAR MISS,Critical,45.0,Risk others leader region loss hot ask various study one parent.,Corrosion,9.8,Closed
INC-00325,SITE-002,2025-08-10,Equipment Failure,Low,90.5,Quality evidence hospital development arrive.,Third-party Damage,5.4,Closed
INC-00918,SITE-003,2024-08-07,Near Miss,Critical,26.2,Field drive painting return behavior statement building reach picture quality exactly like.,,5.4,Open
INC-02502,SITE-006,2024-07-09,Near Miss,Critical,54.4,Here on turn Mr manager oil vote up understand push pattern.,Valve Failure,4.9,Closed
INC-03585,SITE-003,2026-01-09,Leak,Critical,58.2,Behind pass bad school just individual.,,7.2,Closed
INC-03291,SITE-006,12-Jan-2024,Fire,High,52.1,Wrong role audience central himself rise set.,Sensor Malfunction,2.8,Open
INC-05009,SITE-001,14-Dec-2023,Leak,Critical,27.5,Station floor current budget material join.,Valve Failure,6.0,Closed
INC-03369,SITE-006,06/09/2024,Leak,High,76.0,Admit past necessary mind truth plan someone drive.,Third-party Damage,8.1,Closed
INC-02970,SITE-003,2026-02-14,Spill,critical,13.9,Adult pressure prove nothing push high story air.,Valve Failure,14.5,Under Investigation
INC-01606,SITE-001,2024-04-06,Near Miss,Medium,84.5,Check report along second of clear.,Corrosion,7.0,Closed
INC-01236,SITE-001,2026-01-16,Leak,Critical,79.3,Its citizen true picture recently kind staff already hold man color eight give inside several prepare front blue.,Operator Error,1.3,Under Investigation
INC-03912,SITE-002,08/20/2023,Equipment Failure,Low,96.8,Born study education agree form teach while eat.,Operator Error,5.7,Closed
INC-04400,SITE-002,2026-07-07,Near Miss,High,67.0,Discussion responsibility theory again determine wear simply born one believe work.,Operator Error,0.6,Closed
INC-02936,SITE-002,2024-02-10,Leak,Medium,89.2,Identify behind well daughter rule officer letter agreement.,Corrosion,7.4,Open
INC-05116,SITE-004,2026-03-10,Near Miss,Low,87.0,Seek since several southern official everything authority tonight military.,Operator Error,6.1,Under Investigation
INC-00211,SITE-004,2023-09-20,Equipment Failure,Medium,97.5,Coach career one chance truth own never.,Valve Failure,2.8,Open
INC-04272,SITE-006,2026-03-16,Spill,High,62.1,Money heavy upon dark hold use behavior country yourself base entire.,Material Fatigue,7.5,Closed
INC-00928,SITE-003,2025-02-23,Leak,High,59.9,Maintain avoid close local.,Operator Error,16.3,Open
INC-02277,SITE-004,2025-11-12,Near Miss,Low,99.6,Subject three choose one create war house customer.,Material Fatigue,5.6,Open
INC-04110,SITE-003,06/02/2026,Spill,,68.4,Ago see message food culture.,Operator Error,1.2,Closed
INC-05164,SITE-006,2024-07-07,Spill,,54.8,Yard usually lay Congress practice.,Valve Failure,10.2,Under Investigation
INC-02845,SITE-006,2024-05-20,Leak,Critical,25.8,Citizen join skill change may process bag low have call since positive according house military bed ball.,Operator Error,7.0,Open
INC-01002,SITE-005,2026-02-25,Near Miss,Low,85.7,Security structure writer local even matter price usually threat daughter information three fight use.,,20.3,Closed
INC-01034,SITE-003,01/19/2024,Near Miss,High,57.1,Middle begin right much final east people middle side floor.,Operator Error,10.4,Under Investigation
INC-02093,SITE-001,22-Oct-2023,Near Miss,Critical,45.8,Issue same pay.,Valve Failure,5.3,Open
INC-05394,SITE-003,2025-10-22,Equipment Failure,Medium,71.1,Skill former exactly television cause rest ability although child statement gun those author offer.,Sensor Malfunction,5.5,Under Investigation
INC-02652,SITE-003,2024-09-29,Fire,Critical,42.6,Customer company worker worry onto happy traditional through require say time box executive.,Operator Error,3.8,Open
INC-01411,SITE-003,2025-02-03,Fire,High,52.8,Final start voice billion discover idea feel bar foot according send anyone participant.,Operator Error,4.8,Open
INC-05234,SITE-006,2023-12-09,Equipment Failure,Critical,37.4,Yes where future available within.,Material Fatigue,19.6,Open
INC-05286,SITE-006,2025-04-09,Leak,MEDIUM,86.8,Treatment adult leader civil benefit source.,Material Fatigue,8.5,Open
INC-03321,SITE-001,2025-01-02,,Medium,89.8,How range table term.,Corrosion,6.4,Open
INC-01233,SITE-005,2024-09-09,Spill,High,59.9,Race professional early assume model Republican national fear.,,4.0,Open
INC-03187,SITE-003,14/12/2024,Near Miss,High,25.4,Six way clearly think agree wonder.,,6.6,Closed
INC-01353,SITE-006,2026-04-24,Equipment Failure,Medium ,72.5,Relate let crime mother.,Operator Error,12.8,Closed
INC-04389,SITE-006,2023-12-02,Near Miss,medium,72.6,Network really behavior because.,Valve Failure,7.1,Open
INC-03224,SITE-004,2023-08-05,Equipment Failure,Critical,42.7,Suggest week matter almost score pretty.,Sensor Malfunction,5.2,Under Investigation
INC-03440,SITE-003,2026-02-14T00:00:00Z,Fire,Critical,30.6,Church upon hard individual pretty size group training not game white.,Third-party Damage,11.6,Under Investigation
INC-04311,SITE-001,2025-10-04,Near Miss,Low,82.6,Gun law although admit wish reason cost management.,Corrosion,4.1,Closed
INC-00801,SITE-001,2024-06-10,Near Miss,Low,88.3,Future reach wrong push them rest investment practice skin north.,Corrosion,0.8,Closed
INC-05933,SITE-005,2025-11-22,Near Miss,Medium,73.4,College toward after skin energy white whose really start agreement test improve this suggest think white.,Material Fatigue,6.1,Open
INC-05846,SITE-005,15-Aug-2025,Fire,Medium,86.1,Image big able shoulder never perhaps accept improve very despite affect risk stage.,Valve Failure,15.5,Closed
INC-00745,SITE-006,10-Jul-2025,Equipment Failure,Medium,70.8,Direction tree huge team break book statement American radio we.,,12.9,Closed
INC-02334,SITE-004,2024-10-30,,Critical,41.5,Seem allow never small fear off world reason director half song raise talk chair air meeting.,,9.6,Open
INC-04790,SITE-002,2026-05-26,Fire,Low,93.3,Mr rich reduce rise discussion democratic test keep compare.,,9.9,Open
INC-05163,SITE-006,2024-07-14,Leak,Low,91.3,Business often great school any indeed Democrat on very.,Material Fatigue,0.5,Under Investigation
INC-03739,SITE-005,2025-12-01,Equipment Failure,Medium,79.7,Boy stock floor drive interesting visit suddenly fire.,Sensor Malfunction,5.2,Closed
INC-00115,SITE-006,14-Nov-2024,Leak,High,67.9,Particular according happen might knowledge.,Corrosion,2.2,Closed
INC-05575,SITE-001,13/10/2025,Equipment Failure,Low,70.4,Where the star affect poor.,Sensor Malfunction,13.1,Closed
INC-05132,SITE-004,2023-09-15,Equipment Failure,Medium,81.2,Professional carry player power its trial strategy leg without reality.,Material Fatigue,10.2,Open
INC-00331,SITE-001,01/04/2025,Near Miss,Low,92.2,Service consumer memory keep movie commercial matter throw head such mention anyone system live school.,Operator Error,10.8,Under Investigation
INC-02481,SITE-005,2025-11-25,Fire ,Low,84.9,Score parent indeed should cause involve own.,Third-party Damage,9.1,Under Investigation
INC-02606,SITE-001,2024-02-29,Spill,Medium,84.8,Yet floor dog recent history court finish team over.,Third-party Damage,1.3,Closed
INC-01776,SITE-006,2024-12-01,,Med,70.4,Buy anyone later up southern dog toward pull seat area market candidate rock.,Sensor Malfunction,4.0,Open
INC-01164,SITE-001,2025-11-10,Leak,Medium,61.9,Simply spring too soldier player worry table rock.,Material Fatigue,3.5,Under Investigation
INC-00500,SITE-001,2023-10-09,Near Miss,Medium,74.9,Ground imagine couple anything.,Material Fatigue,3.5,Under Investigation
INC-00758,SITE-002,2025-09-01,Equipment Failure,Low,81.0,Different for across old none music individual.,Corrosion,14.7,Open
INC-00660,SITE-001,2025-04-21,Fire,Low,83.7,Life reach positive ten image current represent tonight report per.,Material Fatigue,5.6,Under Investigation
INC-05160,SITE-001,10/07/2023,Near Miss,low,92.8,Instead quite sit want improve free trip fine.,Operator Error,1.8,Under Investigation
INC-03901,SITE-002,2025-07-29T00:00:00Z,Leak,High,55.7,Still sound try size candidate most writer sport but third house.,Third-party Damage,11.3,Open
INC-04994,SITE-002,2025-05-18,Leak,Critical,34.7,Policy thousand win take mother himself cost.,Sensor Malfunction,7.4,Closed
INC-04802,SITE-004,2025-10-28T00:00:00Z,Near Miss,Medium,83.4,Firm cost plan measure protect food woman no bag agent south fight government news.,Material Fatigue,6.1,Open
INC-02051,SITE-004,2026-08-27,Spill,Medium,80.7,Else interest issue member body.,Material Fatigue,8.5,Open
INC-00353,SITE-004,2026-08-25,Near Miss,High,53.0,Scene blood teach unit call language admit between.,,5.5,Open
INC-02868,SITE-001,2024-07-18,Equipment Failure,High,38.8,Reveal arm great rather group future let move sea face rate nice.,Valve Failure,8.0,Under Investigation
INC-02428,SITE-003,09-Jan-2024,near miss,Medium,77.5,Country table significant smile list ready author together like yard already.,Sensor Malfunction,5.5,Open
INC-04263,SITE-001,2025-08-01,,Critical,24.1,Best effort network again avoid factor because price college particularly environment summer.,Corrosion,10.9,Under Investigation
INC-04652,SITE-004,2026-01-16,Near Miss,low,86.1,Though make find bit resource offer give out capital total same church experience head performance huge Democrat.,Material Fatigue,5.0,Open
INC-02099,SITE-005,2026-02-10,Spill,Med,76.3,Impact right difference window onto special Congress really case when risk those sense.,Corrosion,3.6,Under Investigation
INC-01588,SITE-003,2026-09-03,Leak,Critical,45.8,Weight suggest road though drug official and.,Sensor Malfunction,7.8,Closed
INC-05940,SITE-005,2025-05-23,Spill,High,70.1,Stay camera wind think so near almost task.,Sensor Malfunction,19.3,Under Investigation
INC-02825,SITE-004,2025-02-12T00:00:00Z,Fire,Low,86.3,Arm account bad artist like personal.,,8.5,Open
INC-05550,SITE-001,2025-06-26,Equipment Failure,Critical,73.4,Economy reach will cover choose manage may but.,Material Fatigue,10.1,Open
INC-05583,SITE-001,2024-10-27,Spill,Medium,79.3,Picture yard finally quite find senior.,Valve Failure,9.5,Under Investigation
INC-04948,SITE-004,2024-02-21,Spill,,80.1,Expect provide many authority north executive always star third music about indeed.,Operator Error,13.7,Open
INC-04404,SITE-001,2024-01-14,Fire,High,62.8,Fire TV go opportunity senior interesting better executive political next serve economy picture cell ability interesting.,Operator Error,5.2,Under Investigation
INC-03427,SITE-002,2025-04-26,,Low,88.1,Special become expect training fight every experience industry relate worry challenge.,,4.5,Closed
INC-04416,SITE-006,2025-07-12,Fire,High,72.5,Their feeling hold last describe.,Material Fatigue,12.3,Open
INC-05801,SITE-005,11/09/2025,Fire,Medium,79.5,Result including yes cause treat type notice he.,Third-party Damage,6.9,Closed
INC-04386,SITE-002,2026-05-23,Equipment Failure,,59.6,Response economic whose job team base head or reduce according from new.,,13.4,Under Investigation
INC-04891,SITE-003,2025-08-09,Leak,High,59.6,Activity difficult Mrs amount assume great your something happen.,Sensor Malfunction,8.1,Open
INC-03327,SITE-006,2026-04-30,Spill,Critical,62.2,Do customer notice west summer human election end assume.,Third-party Damage,5.5,Closed
INC-03644,SITE-004,2024-05-06,Near Miss,Low,94.9,Risk amount rate film put pull.,,4.8,Closed
INC-01763,SITE-003,11/02/2025,Near Miss,Medium,69.0,Ability beat measure lay she factor time later plant different house ok alone.,Third-party Damage,5.6,Under Investigation
INC-01900,SITE-004,2025-06-05,Near Miss,Critical,43.2,Amount former market list sound future mission.,Third-party Damage,5.9,Open
INC-05075,SITE-004,2025-11-04,Spill,Medium,75.0,Military believe majority store she north ago election building prove chair hope air which question.,Sensor Malfunction,6.8,Open
INC-05061,SITE-001,2026-08-24,Fire,Critical,37.3,Add system choose some hundred area beautiful institution loss leg time.,,7.6,Open
INC-02362,SITE-001,2025-12-25,Fire,Low,80.5,Hope save senior site modern next send ten peace.,Material Fatigue,14.3,Open
INC-05276,SITE-004,2025-06-04,leak,Medium,82.6,Hope direction structure town person discussion reason.,Third-party Damage,11.7,Closed
INC-04172,SITE-001,2025-04-18,Near Miss,Low,83.4,Office work court represent group job.,Material Fatigue,0.5,Closed
INC-04721,SITE-002,2026-02-10,,Low,96.3,Data hour product year security rock what key pay her now nice.,Corrosion,10.1,Open
INC-04796,SITE-005,2026-01-25,Near Miss,Low,94.6,Five student from window some think executive into follow whether stage alone truth both health take ask.,Material Fatigue,18.0,Closed
INC-00924,SITE-001,2025-06-04, spill ,Critical,36.7,Fast work plant police top.,Valve Failure,11.6,Under Investigation
INC-05871,SITE-003,2023-11-09,Leak,High,64.5,Economic attention here no tough various down play media city thousand issue natural economic owner evidence community that.,Operator Error,9.7,Closed
INC-04447,SITE-005,2026-04-24,Spill,Low,84.6,Executive present condition risk include sing attack foreign truth coach.,Third-party Damage,12.5,Under Investigation
INC-04666,SITE-006,2026-07-13,Leak,Critical,40.5,Gun television page strong charge stand choice many avoid.,Material Fatigue,4.3,Open
INC-02116,SITE-002,2026-03-14,Near Miss,MEDIUM,69.8,Five wear particular nation.,Third-party Damage,2.0,Under Investigation
INC-04333,SITE-003,28/09/2024,Equipment Failure,Critical,42.6,Should peace strategy visit force near perform purpose foreign institution camera.,Third-party Damage,5.7,Closed
INC-02821,SITE-002,2023-09-21,Leak,Medium,72.5,Or appear large news fact huge little.,Material Fatigue,4.3,Under Investigation
INC-05628,SITE-003,2026-07-19T00:00:00Z,Spill,Critical,30.5,Probably individual money why white none work today mention organization our land view.,Corrosion,11.1,Open
INC-03297,SITE-003,2024-05-21,Spill,Critical,34.3,Decade check affect rate four third throughout civil newspaper audience.,,4.5,Closed
INC-04597,SITE-006,2026-05-21,EQUIPMENT FAILURE,Medium,78.0,Sense simple shoulder report still worker man represent save.,Corrosion,5.6,Open
INC-00759,SITE-004,2026-02-13,Spill,High,63.6,Generation ask everyone computer beat room white recently society identify however of.,Valve Failure,19.1,Open
INC-05131,SITE-001,2025-11-20,Leak,Medium,73.6,Away store explain threat address mission various character parent clearly easy him strategy new finally.,Operator Error,6.0,Closed
INC-01568,SITE-001,2026-03-04,Equipment Failure,High,54.8,Very friend number almost can many however race my traditional.,Sensor Malfunction,9.3,Closed
INC-02962,SITE-004,2026-05-19,Spill,Low,78.6,However indicate southern somebody.,,22.3,Closed
INC-02462,SITE-001,2023-12-10,Fire,Medium,83.7,Car room player agree ok personal guy director about somebody media set sea.,Sensor Malfunction,28.7,Open
INC-03378,SITE-004,2025-06-27,Equipment Failure,Low,88.1,Method itself whose sister office industry significant their morning response.,Valve Failure,4.2,Under Investigation
INC-04257,SITE-003,2026-02-04,Spill,Critical,35.6,Follow prevent agreement build suggest response effort professor east move important financial.,,5.3,Under Investigation
INC-04218,SITE-003,2025-11-06,Spill,Med,79.1,Court region ok card we consumer.,Material Fatigue,11.0,Open
INC-00481,SITE-005,2025-01-19,Spill,Medium,76.0,Their mission difference partner perform east south strong all.,Valve Failure,8.6,Under Investigation
INC-05828,SITE-004,2025-06-22T00:00:00Z,Equipment Failure,Critical,64.7,Place he give head exactly successful woman movement build in business make cost.,Third-party Damage,11.9,Closed
INC-03016,SITE-005,06/05/2026,,Medium,67.3,Quickly smile set claim while rate spend affect result same.,Sensor Malfunction,8.9,Under Investigation
INC-02256,SITE-002,17-Jul-2026,Spill,Low,91.2,Speak study it production meeting opportunity hold design learn democratic.,Material Fatigue,8.5,Closed
INC-04259,SITE-001,2023-08-17,Near Miss,Critical,45.1,Career well my serious late modern the cup almost wind compare off win.,Sensor Malfunction,4.9,Closed
INC-02802,SITE-003,2025-04-13,Fire,CRITICAL,53.2,Red series unit cup suggest fight do decision street your toward.,,13.0,Closed
INC-01822,SITE-006,2025-07-10,Spill,Critical,53.7,Quality carry mention off evening there already boy.,Operator Error,6.1,Closed
INC-05147,SITE-006,2025-08-23,Leak,Critical,31.1,Operation each total painting order.,Valve Failure,4.9,Closed
INC-05635,SITE-001,2026-04-25,Equipment Failure,Low,89.2,Always ground one college.,Corrosion,7.5,Open
INC-00724,SITE-006,2025-12-30,Equipment Failure,Medium,73.8,Tax sound even where a number movie deep clear make behavior method just participant million black long.,Material Fatigue,1.3,Closed
INC-04627,SITE-001,2025-11-08,Equipment Failure,Medium,72.9,Girl discuss hold degree peace here improve real to month that effect article anyone.,Operator Error,7.6,Open
INC-02861,SITE-005,2023-11-17,Spill,,84.2,Draw coach score behavior pass.,Corrosion,23.7,Under Investigation
INC-04718,SITE-005,03/06/2026,near-miss,Low,79.0,Environmental pick attention benefit public family offer.,Corrosion,26.1,Under Investigation
INC-00596,SITE-001,2026-03-27,Spill,Lo,91.7,Cut star Mrs authority.,Valve Failure,4.0,Under Investigation
INC-02678,SITE-001,2025-12-31,Equipment Failure,Low,88.0,Consider try member color project lose use language.,Material Fatigue,5.3,Closed
INC-02298,SITE-002,2025-12-25,Spill, medium,74.9,Respond boy sure can stuff more beautiful.,,6.1,Open
INC-03132,SITE-003,2023-09-21,Leak,High,66.5,Building order sense wife bring not article one season ready drive list nature crime television give between follow against television.,Valve Failure,9.5,Open
INC-03349,SITE-005,2025-11-27T00:00:00Z,Fire,Low,82.9,There so research movie product visit bill wife no number already fear rule other around newspaper entire.,Corrosion,6.9,Open
INC-04742,SITE-003,2025-12-31,Fire,High,52.9,Deal represent scientist benefit big chance another.,Material Fatigue,2.8,Closed
INC-04266,SITE-001,2023-09-14,Spill,High,66.4,Generation become paper white dream trial network tough computer watch source drive few Republican student significant.,Third-party Damage,18.6,Open
INC-04518,SITE-006,13-Mar-2026,Leak,Critical,41.6,Develop actually learn perhaps easy develop anything concern government us here possible question leg main any plan.,Material Fatigue,8.4,Under Investigation
INC-05775,SITE-006,2024-02-02,Leak,Critical,50.1,Control hotel employee soon camera new hotel second try best.,,2.5,Closed
INC-05761,SITE-003,2026-06-20,Leak,High,64.5,Participant improve break good throw car offer safe set at.,Corrosion,9.0,Closed
INC-03473,SITE-002,2023-10-04,Equipment Failure,Low,84.6,Pull answer require amount system play total visit item nation woman sure.,Valve Failure,15.1,Under Investigation
INC-02945,SITE-001,2024-06-22,SPILL,,87.0,Morning room we write kitchen make least hour trial beautiful mind test parent.,Operator Error,0.8,Closed
INC-02657,SITE-005,2025-10-04,Near Miss,Medium,70.8,Prove budget wish staff shoulder simple right American.,Valve Failure,5.3,Closed
INC-05818,SITE-003,2025-07-06,Equipment Failure,Medium,81.9,Operation baby career continue different senior.,Third-party Damage,10.1,Closed
INC-00737,SITE-003,2023-12-27,Leak,High,51.0,Analysis room general fish type.,Corrosion,1.2,Under Investigation
INC-03749,SITE-001,2025-10-20,Equipment Failure,Critical,44.4,Must house her hope question into by.,Valve Failure,6.3,Open
INC-02968,SITE-001,2024-06-03,Near Miss,Critical,57.8,Effort career certain school sing chance.,Third-party Damage,4.0,Open
INC-05793,SITE-004,2024-03-16T00:00:00Z, spill ,Low,90.7,Father night into good fill southern without often.,Third-party Damage,2.6,Under Investigation
INC-01869,SITE-002,2025-07-24,Leak,Medium ,64.1,Politics have rest keep structure east forward significant rest glass be risk old cultural.,Third-party Damage,9.1,Under Investigation
INC-05442,SITE-003,27-May-2025,Fire,High,56.0,Inside station around less clearly old agreement success main.,Sensor Malfunction,29.8,Closed
INC-03569,SITE-001,2026-05-05,Leak,Low,84.7,Ten leg maintain money site star him woman.,Operator Error,9.5,Closed
INC-01769,SITE-003,2026-06-04,Spill,,85.4,Certainly out mission she talk notice.,Sensor Malfunction,5.2,Closed
INC-00162,SITE-005,2025-03-13,Spill,Low,92.9,Trouble management age follow across floor blood economic letter officer home.,Material Fatigue,22.3,Under Investigation
INC-05036,SITE-004,30-Jul-2023,Spill,High,60.1,Career relationship form enter team conference operation close community quickly collection either management play best forward nearly network.,Sensor Malfunction,7.7,Under Investigation
INC-00703,SITE-001,2024-03-20,Equipment Failure,High,42.3,System significant start like couple always remain knowledge wonder which oil indeed feeling tree sometimes.,Operator Error,8.5,Closed
INC-05127,SITE-003,2025-09-07,Leak,Low,82.7,Enter house effort stop increase write next college everybody company authority involve.,Operator Error,4.1,Under Investigation
INC-05685,SITE-004,2025-09-30,Oil Leak,Medium,77.7,Between what high few situation individual of reason office.,Corrosion,13.2,Open
INC-04717,SITE-003,2023-12-13,leak,Critical,30.7,Along just Mrs spring employee fight development would wife door meeting on make only.,,2.4,Under Investigation
INC-03897,SITE-002,2024-06-16,Equipment Failure,Medium,63.1,Age language responsibility audience show nature become memory field.,Corrosion,7.1,Open
INC-04917,SITE-005,2025-06-28,Fire,Medium,65.3,Realize center what child experience everyone.,Operator Error,3.2,Under Investigation
INC-04698,SITE-005,2024-06-23,EQUIPMENT FAILURE, medium,84.4,Those future choose college strong you should where station small.,Third-party Damage,2.8,Under Investigation
INC-01883,SITE-001,2026-03-22,Near Miss,Medium,77.8,Way during win interest security.,Valve Failure,11.4,Closed
INC-01426,SITE-003,2025-08-13,Spill,Critical,59.8,Good leader imagine drop personal night left television write sit also production watch while involve.,Third-party Damage,7.8,Closed
INC-04103,SITE-003,2025-07-25,Leak,High,52.6,Such office seat development share.,Third-party Damage,5.0,Under Investigation
INC-01655,SITE-006,2025-12-11,Leak,High,58.0,Understand attorney by positive detail theory leave factor natural end.,Material Fatigue,13.1,Open
INC-04752,SITE-004,2026-04-17,Fire,High,48.5,Culture girl citizen far skin boy over into defense describe particularly finish.,Third-party Damage,7.2,Under Investigation
INC-00249,SITE-006,2025-10-22T00:00:00Z,Near Miss,Critical,34.1,Air key blue middle real star board under anyone election society per management message serve serious could popular drive.,Operator Error,22.4,Under Investigation
INC-00734,SITE-003,2024-06-16,Fire,Medium,62.9,Drive site reason cup including century result mention opportunity.,Valve Failure,7.5,Under Investigation
INC-02805,SITE-004,07/08/2023,Spill,Low,90.5,Inside list save trial yes cup voice base.,Valve Failure,3.3,Closed
INC-03033,SITE-005,2025-01-16,Leak,Low,97.4,Visit real outside exactly manager fight huge.,Corrosion,4.5,Open
INC-03038,SITE-002,2024-08-01,Equipment Failure,HIGH,67.8,Nor wall thousand everything skill consider term.,Material Fatigue,14.4,Under Investigation
INC-02567,SITE-001,2024-04-11,Equipment Failure,Medium ,74.4,Happen analysis break.,Operator Error,4.0,Under Investigation
INC-04380,SITE-001,2023-10-25,Spill,Low,87.3,Line despite week lot bag bit sport others.,Third-party Damage,27.3,Open
INC-03865,SITE-003,2026-06-18,Leak,Hi,65.4,Foreign at knowledge including better become sister of police ahead race various.,Corrosion,15.2,Under Investigation
INC-04031,SITE-002,2024-02-17T00:00:00Z,NEAR MISS,Low,87.1,By music hospital more because for.,,6.2,Closed
INC-00006,SITE-004,2024-06-17,Spill,Medium,71.1,Position leave now around group raise kind.,Third-party Damage,39.7,Open
INC-00392,SITE-001,01/09/2023,Leak,Medium,72.3,Enter drive officer exactly range mother large behavior building tonight course as far mother include night not social.,,6.0,Open
INC-00355,SITE-005,2024-06-23,Spill,Low,91.3,Throughout of current manage recent century free hope wonder avoid back cold.,,11.9,Under Investigation
INC-05970,SITE-003,2023-11-07,equipment failure,High,56.5,Expect issue owner behind down author what eye husband none.,Sensor Malfunction,3.0,Open
INC-01366,SITE-006,2026-02-10,Near Miss,High,66.3,Wish provide finally collection become memory home right how total.,Operator Error,22.2,Closed
INC-00805,SITE-005,2025-01-16,Near Miss,Low,84.9,Improve fish able produce sing thought white get west show according character plant her.,Sensor Malfunction,1.3,Under Investigation
INC-01978,SITE-005,2023-11-13,Spill,High,59.9,Grow data religious serve organization put nothing.,Valve Failure,6.9,Under Investigation
INC-04676,SITE-002,2023-11-14,Spill,High,73.3,Member address remember stand necessary thought energy fire industry.,,1.8,Open
INC-05186,SITE-001,2024-05-27,Fire,Medium,88.0,Really inside them woman election above one occur issue drug attack.,Corrosion,10.1,Under Investigation
INC-00611,SITE-002,08/05/2023,Near Miss,High,66.1,Question ask enjoy case summer can may debate red.,Sensor Malfunction,1.3,Closed
INC-01504,SITE-003,2026-07-20,,High,53.9,Reflect word effect the.,Material Fatigue,11.0,Closed
INC-01492,SITE-003,2024-11-30,Spill,Medium,72.1,Else explain property strong ago show drop southern.,Material Fatigue,2.2,Closed
INC-05608,SITE-002,2024-04-23,Near Miss,High,50.5,Remember table not join fall dark pressure teacher would believe.,,27.2,Under Investigation
INC-05673,SITE-002,2026-07-04,Equipment  Failure,Medium,74.7,Federal few understand different often court already its wish collection eat home claim main pattern its.,,1.5,Open
INC-01340,SITE-004,11-Nov-2024,Equipment Failure,HIGH,77.0,Early challenge within peace with back professional win most.,,7.5,Under Investigation
INC-05724,SITE-006,2025-09-04,Equipment Failure,Medium,68.6,Large process ability pressure local heart environment art value size not left military yes raise across.,Sensor Malfunction,10.9,Closed
INC-05440,SITE-004,2025-05-05,Near Miss,Critical,39.7,Class may decade certain soon meeting lay just put instead method instead perhaps station possible wife identify.,,8.6,Under Investigation
INC-03870,SITE-003,2024-09-07T00:00:00Z,Leak,Medium,71.8,Likely certain decade meeting car interesting step.,Operator Error,13.0,Under Investigation
INC-04071,SITE-002,2025-10-22,Near Miss,Medium,83.3,Cold act culture that true always cold country enjoy national.,Operator Error,4.1,Closed
INC-04975,SITE-006,11/10/2023,Near  Miss,High,55.3,That under determine get trial rock woman arrive head specific relate.,Material Fatigue,7.2,Closed
INC-02511,SITE-004,06/29/2025,Near Miss,Medium,81.0,Prepare charge skill role make be water record already indeed none system lead attorney interesting vote.,,3.1,Open
INC-05453,SITE-004,03/09/2026,Near Miss,Low,99.8,Born themselves figure response its three fire within increase travel various report Mrs.,,9.5,Closed
INC-03742,SITE-001,2026-08-04,Near Miss,Low,87.8,Present continue ball one doctor defense thus safe.,Valve Failure,8.8,Open
INC-04355,SITE-006,2024-05-27,Leak,Medium,64.1,Box beautiful buy training member agree data assume such skill poor drug live watch understand ok.,Third-party Damage,7.8,Under Investigation
INC-04444,SITE-004,2024-08-19,,Medium,57.8,Support between whatever sure popular deep structure reason south.,Third-party Damage,11.7,Open
INC-01959,SITE-001,30/05/2024,Near Miss,Medium,65.4,Soldier well lay method do guy Congress teacher somebody.,Operator Error,1.9,Closed
INC-01193,SITE-003,2025-08-19,Leak,High,44.3,Than among somebody ahead city doctor address industry research loss including Congress.,Material Fatigue,8.4,Open
INC-03728,SITE-006,2023-07-30,Equipment Failure,Critical,48.9,Doctor plant wide center process what third which.,,9.3,Open
INC-00307,SITE-003,2024-11-14,Fire,LOW,81.7,Politics mean best yeah spend she hand boy wind use onto actually.,Material Fatigue,8.2,Open
INC-02725,SITE-004,2023-09-02,Leak,High,58.9,Movie civil yard body traditional grow church.,Operator Error,22.5,Open
INC-05044,SITE-006,2025-09-22,Leak,Medium,82.7,Edge ahead responsibility born cup issue image south turn store read my.,Third-party Damage,0.4,Closed
INC-01651,SITE-006,21-Aug-2024,Leak,High,48.7,There future sure in method water lose star national.,Valve Failure,7.6,Open
INC-01436,SITE-005,2025-12-14,Near Miss,High,50.1,Everybody hold if cold finally position dinner listen store my if out here different find investment where fight after.,Third-party Damage,12.1,Under Investigation
INC-03242,SITE-001,2026-06-22,Equipment Failure,Low,96.6,Growth air simply dinner really safe drop race center.,Operator Error,5.2,Under Investigation
INC-05527,SITE-006,2024-01-30,Spill,Low,79.3,Nation debate drop class us Congress movement write low page.,Sensor Malfunction,12.6,Open
INC-02785,SITE-005,2023-12-15,Near Miss,Low,87.4,While from teach story common.,Valve Failure,6.6,Open
INC-03810,SITE-003,2026-04-22,Spill,High,48.9,Attention human run car within why modern maybe debate.,Corrosion,12.2,Open
INC-02864,SITE-002,21-Jun-2024,Near Miss,High,76.8,Notice manage camera hand follow general discover expect professor cell.,Valve Failure,4.5,Closed
INC-05391,SITE-006,2025-04-26,Spill,Medium,74.8,Song store none what yeah off.,Valve Failure,9.7,Under Investigation
INC-00749,SITE-003,2024-09-13,Equipment Failure,Low,96.0,Consumer protect tax campaign need travel language window feel.,Sensor Malfunction,2.3,Open
INC-04776,SITE-001,2025-04-07,Near Miss,Low,-0.5,Thing meeting cell seek art so reveal anyone than itself herself trip.,Operator Error,5.5,Open
INC-04664,SITE-006,2024-06-04,Leak,Critical,41.4,Difficult American amount or away during box idea democratic nature more run should.,,2.9,Open
INC-03654,SITE-003,2025-06-10T00:00:00Z,Spill,Medium,79.8,Table let certain address although live table walk ball through to address stage.,Operator Error,3.4,Open
INC-02295,SITE-006,2025-10-22,Near Miss,High,36.3,Age begin choose lawyer western film southern arrive section those.,Operator Error,6.8,Open
INC-00921,SITE-002,2026-03-06, Leak,Medium,72.2,Side administration factor remember.,,16.9,Open
INC-00357,SITE-001,2024-04-15,Equipment Failure,High,53.4,Grow Mrs speech sense actually reason.,Valve Failure,18.0,Closed
INC-02040,SITE-002,2024-07-04,Equipment Failure,,73.3,Owner data reveal must media government.,,17.8,Open
INC-01678,SITE-002,2026-08-11,Equipment Failure,Medium,74.3,Exist visit father special budget something TV accept main serious international close.,Third-party Damage,9.6,Open
INC-02763,SITE-004,15-Nov-2025,Spill,High,79.6,Newspaper fly drop happen agree him.,,14.2,Under Investigation
INC-05237,SITE-004,13-Jul-2025,Leak,Medium,71.9,Movement another wall think question movie relate their arm another officer toward.,Material Fatigue,0.6,Under Investigation
INC-00512,SITE-005,2024-09-01,Near Miss,Low,87.1,Somebody family stage tree arm energy political staff firm American change meet.,Operator Error,1.4,Open
INC-04195,SITE-006,01/27/2024,Leak,Medium,74.0,Able maintain prepare trial project politics raise child black newspaper worker author.,Third-party Damage,9.8,Closed
INC-03260,SITE-006,07/12/2023,Leak,Medium,70.6,Realize return science peace film current point goal.,,3.5,Closed
INC-03616,SITE-003,2025-08-31,Leak,Critical,60.1,Heavy at local know population form in better step buy property work tree success character.,Corrosion,8.3,Under Investigation
INC-01312,SITE-002,2025-04-29,Leak,Low,81.7,Against item man amount owner finish recent other idea man beyond.,Third-party Damage,3.2,Open
INC-03252,SITE-006,16/03/2024,Leak, Critical,38.5,Capital song each expert can office economic traditional heavy on yes everyone cost Mrs.,Sensor Malfunction,9.4,Under Investigation
INC-02468,SITE-003,2023-11-26,Leak,High,48.0,Every loss anyone according include without.,Third-party Damage,3.7,Closed
INC-04204,SITE-003,2024-11-01,Leak,Critical,53.6,Performance important reveal capital.,Sensor Malfunction,5.3,Closed
INC-01798,SITE-005,2025-05-06,Near Miss,High,70.3,Laugh two project activity career field send between or commercial eat away out drug together against second international professional people end.,Third-party Damage,10.2,Open
INC-04075,SITE-004,2025-06-19,Near Miss,High,70.3,Result thousand result close hit laugh draw indeed win minute skill itself coach recognize indeed population.,Sensor Malfunction,11.6,Open
INC-01635,SITE-001,2023-10-12,near miss,Medium,75.2,Or kind whether pull.,Material Fatigue,4.2,Closed
INC-00495,SITE-003,2023-11-13,Leak,Medium,74.2,Name brother wall raise do lot that form result open after worker heavy.,Valve Failure,5.5,Closed
INC-01669,SITE-001,2023-12-13,Near Miss,Medium,77.2,Avoid stay I number stuff end various article lawyer.,Operator Error,15.7,Open
INC-00573,SITE-005,2025-04-25,Near Miss,High,38.5,Own amount spend carry already agreement toward here although today paper couple degree long major.,Operator Error,9.6,Closed
INC-02577,SITE-002,29-Oct-2023,Spill,Medium,88.6,Response attention you current I focus matter.,Operator Error,13.1,Closed
INC-02690,SITE-006,2025-10-20,Leak, Critical,52.4,Gas perhaps indicate plan require I stay store many responsibility.,Corrosion,8.6,Under Investigation
INC-04072,SITE-004,2023-10-22,Leak,High,47.7,Large figure team manage international former special pay include peace ability.,Material Fatigue,14.5,Under Investigation
INC-05839,SITE-001,2026-01-20,SPILL,Medium ,72.7,Early fast money accept option family much she.,Sensor Malfunction,8.0,Open
INC-04234,SITE-003,10-May-2024,equipment failure,High,60.5,Year road herself few nature must more.,Corrosion,12.9,Closed
INC-05741,SITE-005,2025-10-31,Near Miss,Low,87.8,Herself option risk growth professional prove mission.,Sensor Malfunction,4.9,Open
INC-02571,SITE-003,2026-04-19,Spill,HIGH,62.5,Too throw it play floor court reflect simply candidate item down offer window official cell for.,Valve Failure,3.4,Under Investigation
INC-04892,SITE-002,2026-02-17,Near Miss,Low,92.2,Pattern toward action once attack such.,Valve Failure,11.7,Closed
INC-04918,SITE-005,2024-04-10,Leak,Medium ,66.9,Environmental let senior police bar find only approach your least mean but life.,Corrosion,5.9,Open
INC-01465,SITE-006,01/30/2024,Fire,Med,78.9,Fast cultural same billion situation card political cup eat wide.,Sensor Malfunction,7.0,Open
INC-04791,SITE-003,28-May-2024,Leak,crit,40.6,Structure test pick million class allow once.,Third-party Damage,1.8,Open
INC-00906,SITE-006,2024-04-11,Equipment Failure,Critical,58.3,Old control increase free leave agency hope character camera why ball already wife.,Sensor Malfunction,9.6,Under Investigation
INC-00458,SITE-005,30-Nov-2023,Near Miss,Med,66.6,Experience night force trip speech list new report continue bill other test a last whose financial agreement whole account discuss.,Material Fatigue,17.1,Under Investigation
INC-01775,SITE-005,06/18/2024,Fire,Critical,45.4,Coach ever interest use share finish section white join hour amount.,,2.1,Open
INC-04181,SITE-002,2024-12-23,Equipment Failure,High,50.1,Blood focus organization that call bad commercial nice best industry opportunity fight fight surface individual meet.,Corrosion,7.0,Open
INC-02340,SITE-002,2025-03-08,Equipment Failure,High,65.2,Child tree good just audience shoulder size word.,Operator Error,11.3,Under Investigation
INC-04899,SITE-002,2026-04-22,Near Miss,Low,88.5,War culture rock language quickly must away through stand hard reason young forget couple.,Valve Failure,6.0,Under Investigation
INC-05068,SITE-006,2025-10-11,Near Miss,High,63.4,Near strong glass weight short.,,3.2,Closed
INC-01664,SITE-004,2026-07-08,Equipment Failure,Critical,53.7,Far majority despite local hundred whom just citizen.,,25.5,Under Investigation
INC-04819,SITE-005,2024-01-26,fire,High,69.2,Record four view structure television fish her for Mr voice almost.,Valve Failure,14.0,Open
INC-05725,SITE-006,07-Jan-2024,Spill,Lo,91.1,Either blue child entire can common.,Corrosion,5.9,Closed
INC-01350,SITE-006,12-Apr-2025,Leak,,52.9,Sometimes president father true project statement but begin.,Material Fatigue,1.6,Closed
INC-05858,SITE-006,2024-10-12,leak,Med,71.4,Road few manager support top lead Republican out recent eat decide use.,Corrosion,29.9,Closed
INC-03007,SITE-005,08/15/2023,Fire,Medium,70.7,My important pass thousand interesting peace lot shoulder serve magazine information buy.,,4.0,Open
INC-05841,SITE-005,2024-10-21,Near Miss,Low,89.7,Better bill week art necessary challenge young anything image despite herself let turn.,Third-party Damage,4.0,Closed
INC-03042,SITE-002,2024-12-17,Spill,Low,90.1,View teacher success morning else worry.,Corrosion,17.1,Closed
INC-00972,SITE-003,2025-06-29,Near Miss,Low,86.5,Sister in our billion seem.,,4.0,Open
INC-01055,SITE-003,2026-04-04,Leak,Medium,76.9,Soon grow husband that ever over cost dark civil especially activity should fact where defense southern.,Operator Error,5.9,Under Investigation
INC-02840,SITE-002,25/04/2024,Spill,Low,90.8,Use threat style rate.,,14.8,Open
INC-00671,SITE-006,2023-12-27,Leak,High,52.6,Month coach base.,Corrosion,6.9,Open
INC-05713,SITE-003,2024-05-08,Leak,Medium,81.7,Live detail situation rise perform something let husband the realize describe finally.,Third-party Damage,4.9,Open
INC-02165,SITE-005,2024-08-31,Equipment Failure,Low,93.5,Other often husband past discussion prove up but ten education.,Sensor Malfunction,12.1,Closed
INC-02635,SITE-004,2025-06-03,,Medium,77.2,Address say throw eat during direction perform almost.,Third-party Damage,9.3,Under Investigation
INC-05588,SITE-005,2023-11-16,Leak,Medium,83.8,Life age shake similar purpose itself participant.,Material Fatigue,4.9,Open
INC-01453,SITE-003,2024-11-01,near-miss,Critical,33.4,Shake item building doctor itself.,Sensor Malfunction,8.2,Open
INC-04673,SITE-002,2023-12-31,Near Miss,,79.7,Former operation under trade know American.,Operator Error,5.0,Closed
INC-03621,SITE-003,2025-04-23,,Medium,83.2,News mission election draw win bar research late well visit share quality.,,9.6,Closed
INC-04530,SITE-003,2026-01-23,Spill,Medium,76.4,Health least employee keep produce area method.,Material Fatigue,2.3,Open
INC-02380,SITE-003,28/11/2025,Equipment Failure,High,60.3,Marriage only believe member not.,Valve Failure,7.6,Under Investigation
INC-03757,SITE-001,2025-03-30,Near Miss,low,82.1,Animal man necessary wall think.,Valve Failure,1.8,Under Investigation
INC-01469,SITE-002,13-Jan-2026,Near Miss,Medium,76.3,Simply loss reflect step full side response degree significant usually state move friend.,Operator Error,4.6,Closed
INC-05765,SITE-003,22-Nov-2025,Spill,High,61.1,Travel market expert surface tonight human factor forward tell idea market effect ahead white build.,Corrosion,0.7,Open
INC-00808,SITE-004,2025-07-23,Equipment Failure,,88.7,Lose mention mission run choose we rich record modern everyone central boy hair authority someone soon particular.,Valve Failure,14.1,Under Investigation
INC-03391,SITE-006,2026-04-04,Near Miss,High,66.1,Ready appear dark baby rock type everything add floor fire wall mention.,Sensor Malfunction,4.2,Under Investigation
INC-03448,SITE-003,2026-03-31,Fire,Critical,26.9,Party fine nation water natural.,,1.3,Open
INC-00888,SITE-004,2026-06-14,Fire,High,62.9,Pattern true idea bring have feel site minute old perform resource.,,4.7,Under Investigation
INC-05603,SITE-004,2023-10-05,,high,63.3,Mouth chair single particularly item theory challenge.,Corrosion,8.1,Under Investigation
INC-04112,SITE-001,2026-07-05,Fire,Critical,47.0,Still box sometimes what name out else us add information.,,11.0,Closed
INC-05414,SITE-006,2025-10-09,Spill,High,-12.3,About behavior executive thus task and understand none book type read help important trip recently reveal real general carry.,Third-party Damage,7.6,Closed
INC-05332,SITE-003,2025-04-25,Near Miss,High,62.2,Huge specific if religious discuss onto local training important.,Sensor Malfunction,13.0,Under Investigation
INC-01069,SITE-001,2025-03-03,Near Miss,Medium,66.7,Cup begin enter answer condition.,Corrosion,15.9,Under Investigation
INC-02778,SITE-005,2024-03-28,Fire,Low,84.7,Big vote picture skin add bring thousand.,Third-party Damage,8.6,Under Investigation
INC-05728,SITE-004,2023-12-09,,High,81.9,Listen experience summer doctor.,,3.9,Open
INC-03847,SITE-003,2025-08-19,Leak,Low,85.0,Beautiful maybe short current treat model.,Third-party Damage,7.5,Under Investigation
INC-03496,SITE-005,2026-04-04,Fire,Medium,76.0,Air million away back public third artist nothing.,Corrosion,6.9,Open
INC-02127,SITE-003,2024-03-25,NEAR MISS,High,53.8,Which according fly short vote word meeting sense despite third indeed support audience detail act through summer score.,Material Fatigue,15.4,Under Investigation
INC-03188,SITE-003,2026-01-04,Leak,Critical,54.4,Generation early church hope clear.,Valve Failure,2.7,Open
INC-02454,SITE-004,2023-09-18, fire,Low,86.0,Six listen environment seem performance everybody indicate building fact sound conference claim scientist series care.,Third-party Damage,2.1,Under Investigation
INC-05701,SITE-002,2024-07-14,Leak,Crit,51.9,Key begin across draw bill spring source degree throw bar sure who.,,5.2,Closed
INC-00886,SITE-003,2025-05-19,Leak,Critical,24.4,Beautiful production personal land soldier would order responsibility.,Third-party Damage,19.6,Under Investigation
INC-02036,SITE-001,2025-06-23,Fire,Low,96.8,Community lead quite under research authority son bit else then where.,Third-party Damage,5.4,Closed
INC-03348,SITE-001,2025-02-01,Leak,Low,96.6,Customer college usually account so understand his those some.,Operator Error,4.3,Under Investigation
INC-00725,SITE-003,06/29/2026,spill,High,79.6,Suddenly cause understand kitchen at condition.,Valve Failure,23.9,Under Investigation
INC-01891,SITE-006,2025-10-10,Leak,High,57.6,Indeed our yard sister.,Corrosion,4.2,Closed
INC-01258,SITE-003,2024-08-29,Near Miss, High,58.2,Stock world as customer win offer person home professional.,Sensor Malfunction,14.0,Open
INC-00386,SITE-002,2025-01-29T00:00:00Z,Near Miss,Critical,51.0,Sign conference task manager leave democratic rich base.,Corrosion,2.4,Closed
INC-03740,SITE-005,2024-01-16T00:00:00Z,fire,Critical,52.2,Professor mind exist structure require level benefit down experience decide.,Material Fatigue,13.0,Under Investigation
INC-05413,SITE-005,2025-04-07,Fire,Low,92.5,Ask both family.,Third-party Damage,5.2,Closed
INC-05791,SITE-002,2026-04-11,Equipment Failure, Critical,32.9,Black part officer example rock expert.,Operator Error,7.9,Open
INC-01341,SITE-003,2026-01-07,Fire,Crit,29.9,Reduce usually source mean plant factor piece force themselves main knowledge seat professional.,Valve Failure,5.5,Closed
INC-00503,SITE-004,2025-04-11,Fire,Critical,30.2,Environmental best anyone government yeah sell hospital.,Material Fatigue,3.9,Closed
INC-05870,SITE-006,2025-06-07T00:00:00Z,Fire,High,55.2,Bed talk consumer you thought skin home job page policy lose factor.,,10.7,Under Investigation
INC-01275,SITE-004,2023-09-12,Fire,Low,92.0,Answer long across thus sport particularly certainly machine worker maybe yes day same lose wind poor.,Third-party Damage,8.1,Closed
INC-05348,SITE-003,2023-10-19,Leak,Low,97.2,Two common nearly hospital star anyone.,Sensor Malfunction,3.9,Closed
INC-03594,SITE-002,07-Oct-2025,Fire,Critical,50.5,Security trouble side young her picture they night your deep memory age career.,Operator Error,14.5,Open
INC-03764,SITE-006,2025-06-17,Leak,Low,95.6,Coach financial move near manager necessary after take modern feel term party rule.,Material Fatigue,6.4,Closed
INC-05932,SITE-005,26/05/2024,,High,68.0,Impact test important money possible here measure middle now also almost.,Material Fatigue,7.1,Under Investigation
INC-04054,SITE-005,2026-05-04,Leak,Low,90.0,Image item Congress field thing TV road catch idea more doctor off employee son result win class leg indicate must.,Material Fatigue,9.8,Under Investigation
INC-02226,SITE-003,2024-01-05,Fire,Critical,35.5,Run discussion first couple senior carry exactly structure.,Sensor Malfunction,6.5,Closed
INC-00324,SITE-006,03/26/2025,Spill,High,57.5,Score human play choose full now save our product lawyer thus voice describe.,Corrosion,9.2,Under Investigation
INC-02203,SITE-005,2026-04-09,Equipment Failure,Low,94.0,Identify most apply group nature.,Material Fatigue,8.2,Closed
INC-01903,SITE-006,2024-07-09,Near Miss, Critical,33.9,Town agent drug wish executive material upon ever according recently.,Valve Failure,3.9,Open
INC-00060,SITE-005,2025-07-20,Equipment Failure,High,69.3,Each maybe line surface whole bank bill organization should.,Corrosion,13.1,Open
INC-03268,SITE-001,2025-10-08,Near Miss,Low,92.8,We discussion hand certainly blue focus miss sense life head where already hit.,Operator Error,1.0,Under Investigation
INC-02351,SITE-001,2025-03-10,Spill,High,57.3,Talk threat chair and already kid hope price save hour.,Sensor Malfunction,29.9,Under Investigation
INC-01183,SITE-006,2026-05-17,Leak,critical,44.4,Experience step city mission of too.,Corrosion,7.8,Closed
INC-03803,SITE-002,2025-03-20,Equipment Failure,Medium,76.8,People ahead morning both past wrong wear window there.,Third-party Damage,4.8,Open
INC-02795,SITE-004,2026-03-22,Near Miss,low ,82.0,Right else respond identify walk reach kind language cut.,Operator Error,4.5,Closed
INC-01290,SITE-003,2025-12-21,near-miss,Medium,67.8,Story hold ago others believe upon student write go shoulder.,Corrosion,13.8,Open
INC-02147,SITE-003,2024-06-25,Leak,High,59.7,Finish college share him real bag.,Valve Failure,17.8,Closed
INC-03587,SITE-001,24/08/2023,Fire,High,68.5,Write parent material career hope wear particular.,Operator Error,0.6,Under Investigation
INC-04689,SITE-003,23/10/2023,Spill,Critical,-0.5,College high threat most own such.,Corrosion,13.1,Open
INC-04806,SITE-006,2024-08-06,Leak,High,72.9,Nothing movie need start score look traditional good election all executive share attorney leave true.,Third-party Damage,2.5,Closed
INC-00364,SITE-001,2026-03-04T00:00:00Z,Near Miss,High,57.3,Early production something social difficult modern enough fish.,Third-party Damage,4.9,Closed
INC-01223,SITE-001,2024-02-03,Spill,Medium,82.2,Mother purpose carry spend age knowledge or town.,Material Fatigue,0.7,Open
INC-04570,SITE-004,2024-02-14,Near Miss,Critical,51.4,West nothing dream study within where light trial crime suggest box product Republican.,Valve Failure,1.7,Open
INC-05540,SITE-005,04/01/2026,Equipment Failure,Low,94.2,Activity structure they ahead it effort week possible throw player kitchen.,Sensor Malfunction,5.8,Closed
INC-01249,SITE-004,07/05/2024,Near Miss,High,48.6,Blood land day.,Corrosion,8.4,Under Investigation
INC-00595,SITE-001,2024-10-24,Near Miss,Medium,68.3,Marriage participant would general by much where.,Third-party Damage,10.5,Closed
INC-03686,SITE-006,2025-05-06,Leak,High,66.7,Become class appear attorney when at growth.,Third-party Damage,6.5,Open
INC-03306,SITE-004,2026-06-14,,Medium,79.4,From mean operation eight research share reach.,,10.9,Open
INC-02525,SITE-001,2023-11-29,SPILL,Low,85.8,Night middle protect other half character event store.,Operator Error,8.2,Closed
INC-00901,SITE-003,2025-02-12,Near Miss,Medium,72.4,Activity young effort dinner serious development like defense phone less record score.,,13.0,Open
INC-05834,SITE-004,2024-06-15,Spill,High,52.7,List identify test note choose catch.,Third-party Damage,18.2,Open
INC-05180,SITE-002,2026-05-08,Equipment Failure,Low,84.7,Ball international single small provide still measure tree wide everything popular keep south.,Third-party Damage,6.8,Under Investigation
INC-04130,SITE-005,2025-07-04,,,87.3,Condition against prevent campaign road matter somebody television.,,7.1,Open
INC-00614,SITE-001,2025-06-25,Equipment Failure,Lo,80.8,Position head happy forward seven idea.,Corrosion,3.3,Under Investigation
INC-01174,SITE-004,2026-05-08,Fire,High,54.7,History police tax catch perform determine eight might.,Sensor Malfunction,13.2,Open
INC-03497,SITE-003,2023-11-11,fire, High,55.7,Democrat fund take sea general visit member girl bring lead mother.,Corrosion,3.9,Open
INC-01306,SITE-003,2025-11-23,Equipment Failure,Critical,34.2,Surface mention although plan discuss from.,Material Fatigue,5.3,Under Investigation
INC-04314,SITE-003,2026-02-09,Fire,High,74.6,Then imagine level artist investment wonder.,,7.6,Under Investigation
INC-04595,SITE-002,2024-06-01,Near Miss,Medium,65.5,Appear daughter all material well.,,12.0,Open
INC-00951,SITE-002,02-May-2024,Fire,,57.2,Apply lawyer employee law pull form as yard region bag clear short machine say.,Material Fatigue,3.0,Open
INC-06000,SITE-005,2026-09-01,Leak,Lo,76.8,Clear six include party give fly case true month we hot poor science project clear control beautiful clear run economy sea.,,5.4,Closed
INC-05686,SITE-005,29/03/2025,Spill,Medium,67.3,Seat off break order suddenly leg president weight arrive.,Third-party Damage,7.6,Closed
INC-01566,SITE-005,2024-01-24,near miss,Low,95.8,This energy door thing hand either be.,Sensor Malfunction,4.0,Closed
INC-03741,SITE-002,2026-04-23T00:00:00Z,Fire,Critical,30.8,Trial prevent financial either speech wonder win student deal agree TV guess property air myself.,Valve Failure,5.8,Closed
INC-05715,SITE-003,2024-02-14,Spill,Medium,81.2,There debate partner able partner.,Material Fatigue,7.0,Open
INC-05684,SITE-003,2024-05-14,Near Miss,High,65.1,Everybody song about issue value cold significant wonder among until man last everyone.,Sensor Malfunction,6.1,Open
INC-00186,SITE-003,2024-04-17,Equipment Failure,High,64.6,Whether table sure simply fire government nothing employee.,Third-party Damage,10.6,Open
INC-03950,SITE-003,2023-11-26,Near Miss,High,58.4,Though step protect capital structure present both white.,Third-party Damage,18.0,Closed
INC-00418,SITE-006,2025-04-14,Near Miss,MEDIUM,72.5,Artist smile series official professional force herself series.,,10.2,Under Investigation
INC-04665,SITE-002,2023-10-29,equipment failure,Medium,-5.0,Black force real throughout call cell believe.,Material Fatigue,4.4,Closed
INC-04385,SITE-001,2025-11-20,Fire,Medium,65.4,Full become behind finish act even significant letter my bring not cost if.,Valve Failure,10.2,Closed
INC-01686,SITE-003,2025-12-14,Near Miss,Medium,95.1,Task increase hit me home edge tonight crime.,Sensor Malfunction,1.1,Closed
INC-05484,SITE-006,2024-06-11,Near Miss,High,56.0,Home another from billion physical budget economic huge arm if left range put direction.,Valve Failure,1.8,Under Investigation
INC-00133,SITE-006,2024-08-07,Leak,Critical,42.1,Talk amount decide scene guy majority only baby cost far.,,13.1,Under Investigation
INC-03601,SITE-001,2025-07-06,,High,51.5,Low instead black reach once.,,2.5,Under Investigation
INC-03881,SITE-004,2023-08-12,Equipment Failure,Low,77.0,Story change effort pattern level matter subject fine.,Material Fatigue,5.3,Open
INC-01821,SITE-003,2025-10-10,Leak,,95.0,Well dinner bag music would summer agree appear different.,,4.5,Closed
INC-03058,SITE-004,2025-02-18,Leak,medium,69.2,Scene job just year themselves national.,Corrosion,8.8,Open
INC-04286,SITE-004,2025-04-24,near miss,High,62.4,Table improve yes claim skill environmental line third summer his theory fear step realize establish minute major fall raise.,,43.8,Under Investigation
INC-02561,SITE-003,2024-12-16,Near Miss,High,64.1,Without ago would win hot quality if what artist space structure try area.,Valve Failure,0.9,Open
INC-01009,SITE-003,2023-10-25,Near Miss,Low,89.7,Together art drop in task notice high still simple seek exist.,Corrosion,5.4,Closed
INC-02247,SITE-001,2024-11-23,Near Miss,Low,89.9,Stop face say south trial nature.,Third-party Damage,12.9,Open
INC-03196,SITE-003,2023-12-01,Leak,Critical,34.6,Somebody kid say exactly area often.,Material Fatigue,6.5,Closed
INC-02939,SITE-004,2023-08-03,Near Miss,Medium,87.2,Tv society impact dog.,Material Fatigue,6.5,Open
INC-05378,SITE-003,2025-01-03,Near  Miss,Low,-12.3,Leader enter try nor inside society move high our.,Sensor Malfunction,15.0,Under Investigation
INC-04170,SITE-005,15/08/2023,Equipment Failure,Medium,63.8,Fill drop money positive network data.,Corrosion,25.7,Closed
INC-02207,SITE-002,2025-02-03T00:00:00Z,Fire,Low,-12.3,Activity difficult have avoid much maybe tell type wish issue.,,20.9,Open
INC-02753,SITE-003,2025-06-20,LEAK,,65.3,Accept population consumer north alone answer.,Valve Failure,5.0,Under Investigation
INC-00174,SITE-005,07/05/2026,Equipment Failure,Low,86.4,Drop Republican start couple for between can.,Operator Error,7.0,Closed
INC-02366,SITE-003,2026-02-04,Spill,High,53.6,Nice true leg especially own watch statement process phone boy.,Operator Error,27.6,Under Investigation
INC-05212,SITE-004,08/22/2023,Fire,Low,84.8,Close magazine car company form because possible wait tree father tell.,Sensor Malfunction,2.1,Under Investigation
INC-02879,SITE-005,2025-02-24,Near Miss,Low,81.4,Glass final job body style rise pressure political with research measure example live as push save.,Sensor Malfunction,10.5,Closed
INC-03829,SITE-002,26/12/2024,Leak,Medium,79.1,Loss early hand involve house budget sea research western line fight.,Valve Failure,14.3,Closed
INC-02811,SITE-003,08/08/2025,Spill,Medium,77.0,Could once low sell seek whether effort nearly.,Third-party Damage,2.8,Under Investigation
INC-05493,SITE-001,2024-12-06,Near Miss,Low,85.2,Rich often require name nation.,Corrosion,17.6,Open
INC-04608,SITE-004,2024-06-30,Fire,High,67.9,Official term claim book and crime stand nation technology billion.,Sensor Malfunction,0.6,Under Investigation
INC-03294,SITE-005,15-Jul-2026,Equipment Failure,Medium,82.5,Respond phone environment whatever agency wind ahead bring structure home.,Valve Failure,7.1,Under Investigation
INC-03457,SITE-003,2025-10-13,Equip. Failure,High,74.1,Late Mrs they never gas activity city street wonder.,Third-party Damage,5.4,Under Investigation
INC-00709,SITE-005,2024-12-13,Near Miss,Low,83.2,Poor them wait staff machine city treatment traditional various according writer would own its.,Operator Error,1.2,Under Investigation
INC-03846,SITE-006,2025-10-09,Spill,,42.1,Measure exist young billion owner story mean.,Material Fatigue,7.9,Closed
INC-02411,SITE-004,2026-06-16,Spill,High,45.6,Half society factor whether law buy use how network analysis relate.,Material Fatigue,1.5,Open
INC-01956,SITE-003,2025-10-03,Leak,Medium,67.5,Near remember whatever boy necessary surface rule.,Valve Failure,1.5,Open
INC-05060,SITE-001,2025-12-04,,High,50.3,Soon class little seem member maybe collection subject should away his say feel.,Valve Failure,12.3,Under Investigation
INC-00564,SITE-002,2025-03-19T00:00:00Z,Fire ,Low,100.0,School record when item often health tonight feeling draw year since board.,Material Fatigue,5.1,Open
INC-02266,SITE-002,2024-06-15,Spill,Medium,79.3,Heart deal reduce evening rich perhaps pressure wind democratic shake close.,Operator Error,7.5,Open
INC-03460,SITE-004,29-Feb-2024,Leak,Lo,82.2,Why future any car she company current allow.,Operator Error,3.5,Closed
INC-01589,SITE-002,2025-12-24,Near Miss,Low,87.8,Ready while physical wait hotel morning.,Sensor Malfunction,8.5,Under Investigation
INC-04371,SITE-006,2024-03-22,Leak, medium,82.5,Magazine process should behavior eye author drive go region protect top raise create since me week have among morning beat.,Corrosion,4.9,Open
INC-02378,SITE-006,2025-11-28,Fire,,48.9,How meeting he college partner.,Material Fatigue,11.3,Open
INC-00828,SITE-003,2024-04-20,Equipment Failure,Medium,89.2,Record throughout get last believe hear sea head measure rich individual pass.,Third-party Damage,4.9,Under Investigation
INC-00934,SITE-002,05/17/2026,Leak,Medium,82.5,Hour dream we inside inside say morning.,Material Fatigue,6.1,Under Investigation
INC-04921,SITE-003,2026-09-12,Near Miss,Medium,68.9,Deal town consider though onto follow over treat.,Sensor Malfunction,0.8,Open
INC-00883,SITE-005,2025-12-06,Spill,Low,81.1,Money reduce number phone on seven argue discover strategy.,Valve Failure,4.8,Under Investigation
INC-03972,SITE-004,2026-06-09,Spill,High,73.4,And reason risk family subject glass.,,9.8,Closed
INC-05944,SITE-006,2026-01-10,Equipment Failure,High,66.0,Similar type campaign successful yes share power out.,Operator Error,0.9,Closed
INC-03285,SITE-006,2024-02-28,Equipment Failure,Critical,44.4,Clear painting parent eat serious mean individual certain well PM show force toward network first account.,Material Fatigue,2.4,Under Investigation
INC-04751,SITE-003,2024-07-06,Fire,High,56.8,Score song community prevent behind TV eye big social pass opportunity foreign.,Third-party Damage,8.7,Closed
INC-02404,SITE-004,2026-04-17,Fire,Low,100.0,Property style night audience tax statement body not good nothing brother.,Operator Error,3.8,Open
INC-04344,SITE-002,2025-02-28,Near Miss,Medium,72.9,Dream store trial less parent finally front official issue simply indeed us today require I type hit week reason.,,11.8,Open
INC-03377,SITE-006,26/03/2025,Leak,Medium,79.6,Bag still itself enough bring kind training reality.,Material Fatigue,1.8,Open
INC-03383,SITE-002,2025-01-13,Fire,Critical,44.0,Nor increase age those audience buy decide watch commercial thank region.,,3.3,Under Investigation
INC-02637,SITE-002,23-Feb-2025,Near Miss,High,46.5,Cultural tough material measure have.,Corrosion,7.0,Open
INC-04592,SITE-006,2024-11-06,Leak,High,52.1,Former language no year method receive.,Third-party Damage,7.3,Open
INC-00525,SITE-003,2024-08-31,Spill,High,58.3,Coach low us wish article natural see popular structure lose.,,10.2,Open
INC-03828,SITE-004,2026-04-10,Near Miss,low,89.0,Agency item thought media inside western chance image whose father can own really people black his account.,Corrosion,4.4,Under Investigation
INC-00259,SITE-005,2025-10-27,Leak,Low,85.6,Seek example deep year after focus democratic today.,Third-party Damage,6.8,Open
INC-02639,SITE-005,2025-03-02,Equipment Failure,Low,83.5,Society become finish let finish design school lot bad especially give enter.,Valve Failure,4.7,Closed
INC-02272,SITE-005,2025-05-31,Spill,Medium,79.1,Particular level arrive nothing network dream feel usually apply leave participant push crime ok.,Third-party Damage,9.2,Under Investigation
INC-02990,SITE-003,2025-09-11,Near Miss,High,59.3,Big local well popular identify career shake actually tough education week matter draw mouth.,Material Fatigue,5.4,Open
INC-00767,SITE-005,2026-02-12,Equipment Failure,Low,89.1,Weight drop class win knowledge Republican church into training exist course none start try manager reflect approach personal.,Sensor Malfunction,7.1,Closed
INC-03437,SITE-001,2025-06-19,Equipment Failure,Medium,86.4,Because guy simple room measure truth plant scientist somebody myself when must well two hair media radio while.,Sensor Malfunction,8.0,Closed
INC-02920,SITE-006,2026-07-17,Near Miss,Low,100.0,Fact house play difficult their itself program.,,11.1,Closed
INC-05225,SITE-001,2024-02-03,Equipment Failure,High,53.4,Analysis various energy century another must somebody they end.,Operator Error,12.2,Open
INC-04119,SITE-005,05/14/2025,Equipment  Failure,Low,82.8,Mrs television face resource ago base bed want since join.,Sensor Malfunction,3.8,Under Investigation
INC-00379,SITE-006,10/17/2024,Spill,Medium,72.0,Cell price effect certain likely lead its.,Operator Error,3.0,Under Investigation
INC-02001,SITE-006,05-Aug-2024,Spill,Critical,55.7,Quite type per thank food how.,Valve Failure,6.8,Open
INC-05095,SITE-004,2025-10-11T00:00:00Z,Equipment Failure,Low,90.1,Special consumer order section physical water enter listen painting never pressure close.,Valve Failure,4.8,Under Investigation
INC-00332,SITE-001,2026-01-03,,Low,91.5,Whatever court worry rule benefit find ability finish human kind condition.,Operator Error,4.8,Under Investigation
INC-05904,SITE-006,2026-04-19,Spill,Critical,27.9,Speech national enough start management.,Sensor Malfunction,7.5,Open
INC-03859,SITE-006,2025-08-02,Leak,High,67.8,Benefit possible last seat car evening happy.,Valve Failure,8.5,Closed
INC-05674,SITE-003,2024-11-02,Equipment Failure,High,58.2,Collection ask special hard local.,Corrosion,8.9,Closed
INC-05314,SITE-003,18/03/2024,Spill ,Critical,37.8,Everyone they less must may indeed American picture.,Sensor Malfunction,2.4,Under Investigation
INC-02430,SITE-006,2025-06-14,Leak,High,74.7,Rise record lot theory evening.,Corrosion,1.9,Open
INC-03162,SITE-006,2025-10-07,Fire,HIGH,48.8,Month information lot town floor forget phone from politics follow.,Valve Failure,4.2,Open
INC-03101,SITE-006,2025-03-23,Spill,High,51.1,Mrs design company south onto.,Operator Error,8.8,Closed
INC-02471,SITE-006,2026-02-18, Leak,Medium,75.3,Edge lead training assume.,Valve Failure,17.5,Under Investigation
INC-04493,SITE-002,2024-05-31,Near Miss,Medium,73.6,Present these card become able will.,Valve Failure,11.3,Closed
INC-01707,SITE-006,2026-04-01,Spill,,67.9,Entire list mission agree behavior do carry perform wife democratic upon better.,Sensor Malfunction,10.9,Open
INC-02474,SITE-005,2023-08-02,Fire,Critical,60.9,Several treat production movement opportunity music shake analysis work read card own certain catch.,Corrosion,10.6,Closed
INC-03362,SITE-006,2023-11-19,Leak,High,64.7,Red first service effort draw at produce line if.,Operator Error,6.1,Closed
INC-01433,SITE-003,2025-08-17,Leak,High,52.7,Themselves whether pass five every try read standard any sea resource marriage look heart system media.,Material Fatigue,4.8,Under Investigation
INC-03317,SITE-003,2024-03-09,Near Miss,Low,91.4,South agency able book prepare speak forward performance protect goal start Democrat truth under.,Material Fatigue,5.3,Closed
INC-01884,SITE-004,2025-05-20,Spill,Low,89.2,Any brother social seek certainly fund talk drive be.,Sensor Malfunction,8.7,Under Investigation
INC-03715,SITE-004,2024-11-13,,High,51.2,Decision line war between produce though few low ability through.,Operator Error,8.7,Open
INC-00663,SITE-001,2025-05-03,Spill,Low,86.3,Value car south though out.,Material Fatigue,6.3,Open
INC-05854,SITE-001,2025-06-15,Near Miss,High,66.5,Media everything local doctor must a southern situation.,,11.8,Open
INC-01597,SITE-004,2025-11-14,Near Miss,Low,96.0,Heart side about himself share.,Valve Failure,9.6,Closed
INC-03965,SITE-005,2024-06-18,EQUIPMENT FAILURE,Low,89.0,Send like buy improve system middle decide all end civil.,Third-party Damage,7.9,Under Investigation
INC-00831,SITE-005,2025-12-13,Near Miss,Low,-5.0,Responsibility purpose sense drop task generation condition discover play see ball common whole area.,,1.1,Under Investigation
INC-05188,SITE-004,2026-07-05,Leak,Low,85.7,Customer player prevent plant.,Third-party Damage,6.8,Open
INC-03525,SITE-002,2023-12-07,Near Miss,Medium,86.3,Second and probably well raise approach performance.,Valve Failure,4.1,Closed
INC-03080,SITE-002,2025-10-28,Spill,Low,87.2,Happy police include responsibility blood thank improve million something first develop animal order.,Operator Error,14.5,Under Investigation
INC-04737,SITE-005,2023-08-29,Fire,High,61.6,Remember trouble spend gun might degree well.,Sensor Malfunction,5.7,Closed
INC-02300,SITE-005,2023-12-21,Leak,low,150.0,Personal hospital degree stand political list if concern statement visit power impact position pressure.,Operator Error,8.0,Open
INC-00771,SITE-003,2024-07-22,Equipment Failure,High,54.1,Process fight career sport read society.,Material Fatigue,14.5,Open
INC-01779,SITE-001,2024-11-20,Near Miss,High,61.5,Quite him surface onto strong south painting section resource glass here.,Valve Failure,3.3,Closed
INC-05727,SITE-005,2026-05-19,Near  Miss,Medium,85.2,Attack report material they economy owner opportunity customer.,Operator Error,8.4,Under Investigation
INC-05218,SITE-003,2023-09-04,Leak,Critical,33.6,Game change training box value production order recently suddenly visit message ready consumer cause.,Sensor Malfunction,3.3,Open
INC-03381,SITE-005,2026-06-09,Equipment Failure,,90.8,Side prevent technology turn sort drop next dark just president I big around finally effect not.,Valve Failure,2.7,Closed
INC-04163,SITE-006,2026-01-23,Spill,Medium,73.8,Ability no record toward apply attack cause remain politics field seem authority.,Corrosion,8.8,Closed
INC-03537,SITE-005,2026-06-18,Near Miss,Critical,26.7,Tonight two defense open than save.,Valve Failure,9.9,Open
INC-03053,SITE-004,27-Aug-2023,Near Miss,Medium,82.7,Thought share once speak decide station me successful even become.,,3.6,Open
INC-05033,SITE-001,2024-01-30,Near Miss,,89.8,Large so amount loss everybody car his structure teacher those certainly record peace sea send.,Valve Failure,5.0,Closed
INC-01357,SITE-005,2024-05-24,Equipment Failure,Low,85.3,Home fight force arrive television case name then first run medical per force minute.,,6.1,Open
INC-04128,SITE-005,2026-01-23,Leak,Medium,87.5,Middle concern doctor picture instead approach form get so happen task learn something Mr marriage.,,10.1,Open
INC-04587,SITE-001,2025-06-15,Near Miss,,72.4,Other cause idea exactly.,Operator Error,1.4,Closed
INC-03155,SITE-001,2024-10-14,Leak,Low,76.5,Sign collection reason city pull audience reason door picture.,Corrosion,8.0,Under Investigation
INC-04509,SITE-004,2026-08-28,Fire,Critical,43.7,Business garden technology young them try strong suffer argue strong prevent.,Corrosion,6.9,Closed
INC-02877,SITE-003,08/04/2025,Spill,High,68.2,Amount hard officer man however event now until lay tree his opportunity.,Material Fatigue,21.7,Open
INC-00765,SITE-001,08/24/2025,Leak,Low,90.8,Might past stop with option bank might believe kitchen approach western government side fly necessary subject.,Operator Error,9.5,Under Investigation
INC-02883,SITE-006,2026-06-20,Leak,High,56.2,Style meeting after physical.,Sensor Malfunction,21.2,Open
INC-05267,SITE-003,2025-04-11,Fire,,42.5,Measure economy memory section side last message.,Corrosion,9.4,Open
INC-01628,SITE-006,2026-05-05,Leak,HIGH,55.8,Action peace common meet color property same.,Material Fatigue,14.1,Closed
INC-05605,SITE-004,06/17/2024,Fire,Medium,77.0,Piece human know relationship organization too property.,Sensor Malfunction,7.5,Closed
INC-03392,SITE-003,2023-12-25,Near Miss,High,60.5,Toward sell order network particular identify.,Operator Error,2.8,Closed
INC-04997,SITE-006,2024-11-20,Equipment Failure,Critical,33.8,How million something challenge growth hot similar more line from best husband add.,Sensor Malfunction,9.3,Open
INC-00697,SITE-003,2025-10-12,Spill,Critical,48.6,Do should mind good news cause development.,,12.6,Under Investigation
INC-02368,SITE-001,2025-03-08,Equipment Failure,High,61.0,Not million if citizen white leg news tonight create over himself cut identify if however suffer.,,3.2,Closed
INC-03668,SITE-003,2024-03-10,Leak,Critical,44.1,Pattern back stuff position.,Sensor Malfunction,1.8,Open
INC-01719,SITE-003,2023-08-04,Leak,Medium,68.5,Easy public day care finish particularly learn player.,Operator Error,2.0,Closed
INC-03845,SITE-004,2025-02-27,Fire,,87.4,Daughter green plant take newspaper trip performance behind.,Sensor Malfunction,5.5,Under Investigation
INC-00961,SITE-002,2026-03-04,Spill, Low,78.1,Likely east allow nearly cover better result seem tax.,Third-party Damage,9.5,Closed
INC-04422,SITE-005,10-Sep-2023,Equipment Failure,Critical,40.0,Interview study ahead firm forget.,Material Fatigue,3.5,Open
INC-02243,SITE-003,2023-10-04,Spill,High,50.3,Less relate mention tend dark must mother loss indicate foreign region several figure safe media just.,Material Fatigue,12.4,Closed
INC-01793,SITE-003,2025-10-01,Equipment Failure,Critical,37.5,Put service sometimes clear firm as effect.,Operator Error,8.8,Open
INC-02278,SITE-005,14/11/2024,Near Miss,Low,92.9,Movement small ability born especially vote page probably.,Third-party Damage,9.9,Open
INC-04497,SITE-003,2024-07-26,Spill,Critical,44.3,Protect teach focus quality better night off pretty.,Third-party Damage,17.4,Open
INC-01853,SITE-003,2024-05-10,Leak,HIGH,68.8,Threat tough record identify politics scientist while box read north win science start happy something.,,20.4,Closed
INC-02721,SITE-002,2025-07-30,Fire,Critical,50.7,Economy without buy add not.,Material Fatigue,5.1,Closed
INC-03647,SITE-002,2024-01-29T00:00:00Z,Fire,Low,91.5,Carry kid trip seven again easy.,Material Fatigue,4.7,Open
INC-05296,SITE-003,27-May-2024,Leak,Critical,50.5,True gun fill agree require top test dark everyone amount traditional.,Material Fatigue,9.8,Open
INC-02133,SITE-004,2024-12-12,Near Miss,Low,87.0,Box media here nature its can example second tree.,Valve Failure,5.6,Closed
INC-02449,SITE-002,2025-09-18,Near Miss,High,64.5,From room thus of one goal animal what fine take film ball above house community me security firm blue.,Sensor Malfunction,1.4,Open
INC-02731,SITE-006,2025-06-09,Near Miss,Critical,40.7,Glass history interview feel very class hundred cup degree dark guess blue can few fish them relate town care.,,4.0,Closed
INC-02042,SITE-003,2023-11-18,Equipment Failure,Medium,62.2,Model require piece party hear time treatment.,Sensor Malfunction,1.2,Open
INC-00707,SITE-005,2024-11-22,Near Miss,MEDIUM,72.5,Brother challenge young two room born will painting newspaper foot benefit trade husband front.,Valve Failure,6.2,Open
INC-02241,SITE-004,2025-10-16,Spill,Medium,70.3,Speak hope type space toward less theory political.,Valve Failure,2.9,Open
INC-02714,SITE-004,2026-07-15,Spill,Medium,72.0,Finally if attack job film so floor look.,Material Fatigue,3.7,Open
INC-01026,SITE-004,2026-04-14,Near Miss,Low,84.0,Future either east along agreement seat color anything consumer expect either training field break federal rich catch.,Valve Failure,7.3,Open
INC-04954,SITE-004,2023-08-23,Near Miss,Low,88.6,Return community ok product plant knowledge marriage many despite receive party.,Material Fatigue,9.7,Open
INC-01795,SITE-005,2023-08-21,,Critical,42.1,Cell house administration involve attorney them future add.,Sensor Malfunction,3.2,Closed
INC-04661,SITE-006,2025-03-25,Leak,Medium,78.5,One writer purpose whom then officer.,Valve Failure,6.1,Under Investigation
INC-05506,SITE-004,2025-11-27,NEAR MISS,High,65.0,Administration film nothing individual right moment pressure north own population system possible language.,Corrosion,19.0,Open
INC-04365,SITE-002,2024-05-22,Near Miss,Low,88.5,Their nature leader agreement wall need.,Material Fatigue,2.1,Open
INC-01243,SITE-002,2025-12-03T00:00:00Z,Leak,Medium,73.2,Yourself evidence someone walk event buy television person almost.,Material Fatigue,1.4,Under Investigation
INC-03401,SITE-005,2025-04-12T00:00:00Z,Equip. Failure,High,63.4,Popular store collection from few expect fly.,Material Fatigue,12.4,Under Investigation
INC-01132,SITE-006,2024-03-27,Leak,High,51.4,Probably responsibility manager trouble member prove help your place news people answer husband really some two.,Valve Failure,2.9,Closed
INC-00747,SITE-005,2026-04-04T00:00:00Z,Equipment Failure,Low,78.2,Responsibility hit economic certain bank single forward.,,5.5,Open
INC-05739,SITE-006,2026-03-12T00:00:00Z,Equipment Failure,Medium,74.8,Drop personal writer road attack.,Corrosion,3.7,Under Investigation
INC-04269,SITE-005,2025-06-05T00:00:00Z,Equipment Failure,Hi,64.7,Newspaper mother imagine successful money white value top.,Valve Failure,20.2,Under Investigation
INC-01997,SITE-002,2024-05-05,Spill,High,67.2,Factor more bed community be writer.,Corrosion,10.7,Open
INC-00489,SITE-006,2025-12-24,Equipment Failure,,72.3,Cultural head federal positive hotel democratic public specific office executive.,Sensor Malfunction,17.2,Under Investigation
INC-05651,SITE-001,2024-07-20,Equipment Failure,Medium,65.1,Night factor certainly bed amount probably health particular wall government leg seven dark manager sell.,Material Fatigue,4.2,Closed
INC-05424,SITE-006,2024-10-06,Equipment Failure,High,54.6,Yes girl tax democratic over dream friend region wife.,Material Fatigue,16.2,Open
INC-01051,SITE-002,2024-12-01,near-miss,Low,79.9,Memory pass really next statement.,Operator Error,2.5,Under Investigation
INC-05462,SITE-003,2023-11-24,Leak,High,73.3,Wait magazine where we firm interesting save film our however subject.,,3.1,Open
INC-04582,SITE-004,2025-01-13,Near Miss,Low,88.0,Parent that upon admit stop street also what defense third religious born could address most itself color.,Material Fatigue,2.4,Closed
INC-00276,SITE-001,02-Sep-2023,Equipment Failure,Low,86.3,Per himself put agent probably very look speech language budget ready food none environment hard site.,Third-party Damage,13.5,Closed
INC-00633,SITE-002,2025-07-08,Near Miss,Low,92.0,Activity buy boy strong risk white mind stage personal.,Third-party Damage,19.8,Under Investigation
INC-00406,SITE-004,2024-09-30,Equip. Failure,High,77.3,Coach poor necessary visit far form will good anything.,Valve Failure,4.1,Closed
INC-03013,SITE-001,2025-04-18,Near Miss,Low,90.6,Do six western throughout can near statement word science something fast.,Valve Failure,3.2,Open
INC-01807,SITE-003,2025-10-08T00:00:00Z,leak ,Low,85.4,Expert anyone quite produce operation let family social yard risk team six card nature common bring reason natural expert recognize.,Third-party Damage,12.4,Open
INC-02282,SITE-006,2026-05-18,Equipment Failure,High,63.6,Continue represent seek agree growth help player character wonder father.,Sensor Malfunction,7.9,Closed
INC-05867,SITE-003,2023-10-04,,High,62.3,Service hope leader media strategy us open control.,Operator Error,12.3,Under Investigation
INC-00896,SITE-004,2026-08-19,Fire,Low,87.0,Guess seem member performance best chair job bar development.,Sensor Malfunction,5.0,Under Investigation
INC-03586,SITE-006,2026-01-16,Spill,,24.8,Mention worker town type force evidence animal which necessary if couple pass report.,Sensor Malfunction,6.9,Open
INC-05936,SITE-001,2026-05-10,Leak,Low,85.7,Detail experience dream letter they technology law to place tell now treat him sister economy author letter agent.,Valve Failure,3.8,Under Investigation
INC-04557,SITE-004,2026-05-08,Near Miss,low ,90.3,Take reveal gas pretty shoulder employee debate many information assume nice production.,Third-party Damage,2.4,Open
INC-01639,SITE-004,2025-11-11,Near Miss,Medium,62.6,Different either maybe technology finally beat would shake alone candidate unit matter film job successful you company.,,4.5,Under Investigation
INC-02057,SITE-006,2025-11-28,Spill,High,64.6,Purpose entire town since entire series arrive.,Sensor Malfunction,14.2,Closed
INC-03197,SITE-002,2024-03-03,Near Miss,Low,88.1,Deal staff real picture him beautiful land under.,Corrosion,5.7,Closed
INC-03934,SITE-004,2024-01-12, spill ,Medium,81.1,Stuff have board claim involve exactly simply concern city.,,10.2,Closed
INC-01501,SITE-003,2026-02-15,near miss,Medium,69.9,After drive current enter expert we I fall throughout game church in themselves as cell same.,Operator Error,7.0,Closed
INC-01259,SITE-006,2024-02-02,leak ,Critical,65.7,Rather network science continue improve top woman machine ten admit picture Republican.,Third-party Damage,4.6,Closed
INC-04436,SITE-003,2024-03-27,Equipment Failure,Lo,85.8,Decide between service special speech by huge short.,Operator Error,3.4,Closed
INC-02242,SITE-002,19-Jul-2026,Leak,Low,88.7,Plant stage bag nation.,Operator Error,13.1,Under Investigation
INC-00607,SITE-004,2024-05-02T00:00:00Z,Near Miss,Low,92.0,Guy that new interview ball six.,Material Fatigue,9.2,Open
INC-05392,SITE-003,2024-07-19,Fire,High,78.7,Table tree difference simple beyond side talk both thousand month board gas without business from admit teacher.,Material Fatigue,3.2,Closed
INC-05863,SITE-002,2024-11-11,Leak,Lo,89.9,Ok talk value significant particularly big professor always show three well bed instead interest common tonight.,,14.5,Closed
INC-00188,SITE-001,2025-05-26,Equipment Failure,Medium,58.9,Anyone above contain cultural piece population west bring hard hope traditional market difference education actually hotel.,Material Fatigue,10.5,Closed
INC-01954,SITE-003,2025-07-25,Leak,Medium,57.9,Almost difficult same others west media oil professional friend those out as push away.,Material Fatigue,7.4,Open
INC-02644,SITE-005,2025-06-28,Leak,Low,87.6,Product three bad mind fill.,Operator Error,3.5,Under Investigation
INC-05104,SITE-002,2025-07-03,Leak,Low,86.1,Deep strategy suffer figure yes factor official move.,Third-party Damage,8.4,Open
INC-00803,SITE-003,2025-07-31,Near Miss,High,73.2,Challenge option wrong space down.,Material Fatigue,23.1,Open
INC-02942,SITE-006,2025-04-08,,Critical,67.7,Rather this life history range response ever require agree near executive camera everybody present likely able.,Sensor Malfunction,23.9,Open
INC-01767,SITE-001,2026-07-21,Equipment Failure, High,74.1,Who perform rise garden fast rise wear wear town particularly three single thank.,Sensor Malfunction,2.3,Open
INC-01206,SITE-005,2023-07-28,Equipment Failure,Low,84.5,Hour soon discuss want all bit.,Valve Failure,7.5,Under Investigation
INC-03716,SITE-005,2025-10-24,Spill,Medium,76.1,Director audience method center set environmental energy lay.,Operator Error,4.6,Closed
INC-03512,SITE-006,2024-08-07,leak, medium,70.0,Two smile rock help five and near plan born necessary a.,Operator Error,3.9,Under Investigation
INC-00349,SITE-003,2026-01-29,Spill,Critical,54.7,Less society everyone minute not whole whether bank human follow paper year without.,Third-party Damage,7.0,Under Investigation
INC-01476,SITE-005,2024-05-04,Near Miss,Medium,84.6,Avoid structure right rock establish challenge happy poor spend anyone per product indicate plan knowledge president.,Corrosion,5.9,Under Investigation
INC-02676,SITE-001,01/11/2026,Near Miss,Low,93.4,Bad daughter game knowledge single daughter according not he time start piece interesting contain.,Corrosion,11.3,Under Investigation
INC-04324,SITE-006,2025-12-17,EQUIPMENT FAILURE,high,62.7,Process himself bar rock share media across protect issue but dark.,Corrosion,1.3,Open
INC-00160,SITE-003,2026-03-03,Near  Miss,Critical,-12.3,Change nature describe in help collection trade positive sit along smile where kid.,Material Fatigue,3.2,Under Investigation
INC-00834,SITE-004,04/04/2024,Spill,Low,88.8,Hundred senior specific several final fish PM their.,Third-party Damage,5.3,Under Investigation
INC-03249,SITE-002,2026-03-01,Fire,High,59.1,Official tell why deal we record.,Third-party Damage,8.9,Closed
INC-05166,SITE-004,2026-01-31T00:00:00Z,Near Miss,low ,82.3,Property say human assume land reflect floor product rate entire.,Third-party Damage,5.4,Under Investigation
INC-01753,SITE-003,2025-09-02T00:00:00Z,Leak,,39.6,Phone thousand with have career challenge writer probably election.,Operator Error,4.4,Under Investigation
INC-04876,SITE-003,2024-04-29,Fire,,63.0,Available natural according newspaper perform first.,Sensor Malfunction,5.1,Under Investigation
INC-05101,SITE-004,2026-02-27,Spill,High,65.0,Wide value new simply series huge perform bad glass surface machine.,Sensor Malfunction,5.3,Closed
INC-02546,SITE-002,2023-09-26T00:00:00Z,Near Miss,Medium,86.0,While what school weight police possible of plant out today federal.,,8.6,Under Investigation
INC-03399,SITE-004,2024-09-20,Equipment Failure,Medium,84.2,Loss seem seek memory practice black upon defense read.,Material Fatigue,5.5,Open
INC-03959,SITE-004,2025-03-30T00:00:00Z,Near Miss,Low,92.8,Five agency again full red serious Mrs reflect ask old development here unit prevent run.,Third-party Damage,5.5,Under Investigation
INC-05601,SITE-006,2025-09-02,Spill,High,78.8,Skill specific feeling agreement vote require fine husband.,,3.2,Under Investigation
INC-05076,SITE-002,2026-08-31,Fire,Low,93.2,Focus able check relate you car performance where.,Operator Error,11.7,Under Investigation
INC-02264,SITE-005,2023-07-27,Equipment Failure,Medium,78.0,Education after give oil lose generation certain.,Third-party Damage,7.8,Under Investigation
INC-02547,SITE-003,2024-04-07,Leak,Critical,58.5,Argue example we himself full former until.,Corrosion,3.7,Open
INC-02010,SITE-005,2025-07-05,Equipment Failure,Low,95.0,Indicate air television nation great will do peace media air.,Third-party Damage,8.8,Under Investigation
INC-02004,SITE-003,2025-07-09,Leak,High,65.5,Difficult several beat effect catch course conference may.,Third-party Damage,13.0,Under Investigation
INC-05366,SITE-004,2025-08-07,Equipment Failure,High,47.8,Section experience physical office cut current.,Valve Failure,12.8,Closed
INC-00155,SITE-001,2024-09-11,Equipment Failure,Low,93.2,Modern only within language.,Sensor Malfunction,7.3,Under Investigation
INC-01668,SITE-002,10-Jul-2026,Equipment Failure,High,54.3,Management gas unit action until game scientist field music.,Operator Error,7.7,Under Investigation
INC-04405,SITE-006,02/08/2025,Spill,Medium,70.7,Article fine sing gas agreement before ago hold voice laugh significant sit debate carry often.,Sensor Malfunction,9.8,Closed
INC-01362,SITE-002,2026-05-13,Spill,Medium,79.7,Red necessary audience during I right it tree song chair.,Material Fatigue,3.6,Closed
INC-02665,SITE-002,2024-09-15,Near Miss,Low,87.6,And whose well service partner chance back stop occur situation letter authority himself seat during offer where.,,7.1,Open
INC-00434,SITE-001,2025-01-20,Fire,Medium,81.1,Recognize scene far pass window management operation owner visit.,Third-party Damage,8.5,Closed
INC-02901,SITE-003,2025-05-12,Near Miss,,60.5,Meeting break community drop cover there food.,Third-party Damage,12.8,Under Investigation
INC-01660,SITE-006,2025-07-05,Near Miss,Critical,26.3,Only gun rather.,,8.6,Closed
INC-01387,SITE-006,2024-01-18,Spill,Low,89.7,Want once goal position nor peace quickly information strategy Republican continue represent shake material size according until.,,6.3,Open
INC-05222,SITE-006,2025-02-08,Spill,Low,83.2,Structure ahead determine party or class somebody result for long.,Third-party Damage,4.9,Closed
INC-00143,SITE-004,2025-01-19,Leak,Medium,68.0,At will more box attorney administration amount if choose.,,4.6,Under Investigation
INC-00025,SITE-003,2026-05-25,Fire,High,53.0,Knowledge evening field blood much explain how at security rest church.,Sensor Malfunction,6.6,Under Investigation
INC-00387,SITE-006,2025-02-28,Near Miss, High,53.0,Star air just reach gun far phone letter week police.,Third-party Damage,5.8,Closed
INC-00769,SITE-005,2024-11-07,Near Miss,Low,86.7,Theory accept news heavy control approach into reflect face different easy turn group expect anything play trial hear performance tell.,Operator Error,10.2,Under Investigation
INC-00487,SITE-002,2023-11-14,Equipment Failure,Medium,76.8,Meet big many national together fine.,Corrosion,1.4,Closed
INC-03341,SITE-006,2025-03-24,Leak,Critical,72.3,Very long sister approach hundred improve sit.,Corrosion,12.9,Closed
INC-02136,SITE-005,2026-04-21,Leak,Low,91.8,Bad assume several oil he main every wait environment.,Operator Error,15.2,Under Investigation
INC-00282,SITE-001,2024-07-07,Fire,Medium,92.7,Technology star almost world mission feeling hear.,Material Fatigue,9.4,Closed
INC-00826,SITE-003,12/01/2025,Equipment Failure,Critical,37.6,Option which class home short popular security.,Third-party Damage,8.3,Open
INC-01003,SITE-006,2025-05-10,Leak,High,66.7,Carry change wish during back race really.,Operator Error,3.0,Under Investigation
INC-05216,SITE-006,2024-12-21T00:00:00Z,Fire,,33.4,Indeed avoid community probably.,Valve Failure,3.6,Under Investigation
INC-02703,SITE-001,13-Aug-2024,Near Miss,Medium,83.2,Month story middle free might.,Sensor Malfunction,4.0,Open
INC-04182,SITE-002,2025-03-26,Near Miss,Low,92.0,Decade keep information size process program course right back something budget.,Corrosion,3.8,Open
INC-02623,SITE-003,2024-01-02,,Critical,57.9,Medical wife choice where him wall rather base a degree structure around away follow region least.,Operator Error,7.7,Closed
INC-03930,SITE-003,2024-05-26,Leak,High,59.6,Technology before low including ground offer forward can include.,Material Fatigue,9.6,Under Investigation
INC-02755,SITE-003,2025-11-04,Leak,Critical,44.7,Bank floor bill technology building me century item people community its a.,Material Fatigue,8.5,Open
INC-03447,SITE-005,2025-10-20,Spill,Low,94.4,Staff challenge hold Republican free maintain he shoulder and be green majority stop trade word who.,Sensor Malfunction,2.6,Closed
INC-05032,SITE-005,2024-12-30,Equipment Failure,Medium,59.1,Down least history each energy it nation vote civil become.,Operator Error,8.1,Under Investigation
INC-04105,SITE-003,2024-08-04T00:00:00Z,Spill,High,46.1,Home wide such deal message raise activity usually sure college.,Operator Error,9.3,Open
INC-01118,SITE-001,2025-03-30T00:00:00Z,Equipment Failure,Critical,53.1,On how forward thing different painting market situation.,Valve Failure,12.3,Open
INC-05161,SITE-004,2024-09-30,Near  Miss,Medium,71.6,Condition child car political kitchen town happy address.,Operator Error,14.4,Closed
INC-05790,SITE-006,2025-06-17,Fire,High,68.2,Age door threat choose board who cut beyond professor discuss.,,7.0,Open
INC-03513,SITE-003,2025-12-15,Fire,,49.0,Level treatment respond price view many network somebody moment.,Third-party Damage,6.1,Open
INC-02067,SITE-005,2024-04-15,Near Miss,Low,84.6,Use Mr open statement life.,Corrosion,3.9,Closed
INC-03430,SITE-001,2026-02-15,Fire,Low,83.1,Situation continue fight seek few arrive author situation specific thank.,Sensor Malfunction,3.5,Under Investigation
INC-00899,SITE-005,2025-11-09,Fire,Low,88.0,Themselves people never rise foreign.,Operator Error,5.3,Closed
INC-04401,SITE-006,2026-05-08,Fire,Low,84.1,Knowledge structure now enter production wish.,Operator Error,8.7,Under Investigation
INC-01944,SITE-006,2023-11-04,Equipment Failure,Critical,36.8,Very scientist difficult fall pull.,Operator Error,5.5,Closed
INC-02271,SITE-005,2025-06-10,Near Miss,Medium,85.5,Less instead space them structure program animal nature certainly.,Corrosion,6.5,Open
INC-04196,SITE-002,2024-05-15,Leak,Low,92.5,First behavior quite be responsibility manager step relate somebody enter ability land.,Material Fatigue,3.0,Under Investigation
INC-04746,SITE-001,2023-12-29,Fire,Low,96.1,Contain particularly address design the wait walk general movie call agent.,,8.1,Under Investigation
INC-01984,SITE-001,2024-12-17,Equipment Failure,Low,82.4,Education hard difficult certainly sound rise officer people us from happen lead sister show my.,Corrosion,7.8,Under Investigation
INC-03618,SITE-005,2024-07-14,Spill,High,51.9,Claim character four say to day single investment analysis list pick deal.,Valve Failure,8.0,Closed
INC-02810,SITE-002,2025-04-10,Equipment Failure, Critical,45.6,Because star still fund common husband together represent yeah do.,Material Fatigue,8.5,Closed
INC-03379,SITE-003,2025-05-12,Leak,High,48.8,But partner character reason same especially section which.,Third-party Damage,13.8,Under Investigation
INC-02457,SITE-004,12/01/2025,Spill,High,57.8,Most quality force idea our wife language because parent during everyone I.,,5.7,Open
INC-03115,SITE-003,2025-02-13,Leak,High,62.1,Together ready late writer language kitchen discover write court score good town.,Third-party Damage,3.9,Under Investigation
INC-01175,SITE-002,2025-03-27T00:00:00Z,Leak,High,60.8,Rise hope price finish player should case point though different science effect discussion name available.,Valve Failure,16.7,Closed
INC-03342,SITE-005,2024-09-13,Fire,Low,90.2,Education wall south role agency southern book.,Operator Error,9.9,Open
INC-00756,SITE-006,2026-04-05,Leak,,92.2,Across buy loss where nearly pretty work find defense happy back hospital health save test.,Valve Failure,14.7,Under Investigation
INC-00744,SITE-002,2026-01-05,Near Miss,Hi,53.5,Call production place that like there piece budget name town family within travel chance.,Operator Error,2.1,Open
INC-00685,SITE-003,2023-09-30,Near Miss,Critical,64.1,Official break floor article program pressure sing.,Material Fatigue,5.0,Open
INC-05259,SITE-004,2025-06-28,Equipment Failure,Low,85.7,Wonder religious tough investment let the item oil.,Valve Failure,5.7,Under Investigation
INC-03044,SITE-005,2025-08-10,Near Miss,High,56.5,Discover new soldier floor science price perform now travel newspaper under financial.,Corrosion,6.8,Open
INC-04834,SITE-003,2024-02-25,Leak,High,66.5,Shoulder government possible marriage them measure song war close it for staff current drug form social agreement material.,Operator Error,10.7,Closed
INC-03453,SITE-003,2025-07-28,Leak,Medium,79.2,Well of stock seven relate production meeting set mission economic law theory member story enjoy bed up.,Valve Failure,16.2,Open
INC-01256,SITE-003,2025-06-04,Near Miss,crit,59.0,Leader must dinner hair across item easy vote should arrive I.,,4.8,Open
INC-03797,SITE-004,07/31/2024,Spill,Medium,72.1,Run art personal dog foot particularly way customer southern.,Corrosion,3.5,Closed
INC-03888,SITE-004,2026-02-28,Spill,High,64.1,How middle artist attack religious stand trip.,,9.8,Closed
INC-05245,SITE-006,2025-07-07,Equipment Failure,Hi,43.3,Generation big activity doctor ahead group result her not.,Corrosion,9.2,Open
INC-00651,SITE-004,23-Jul-2024,Near Miss, High,54.9,Ground possible effect lead long effect follow.,Sensor Malfunction,13.1,Open
INC-02250,SITE-004,13/11/2025,Equipment Failure,High,58.0,Voice heart fall single who.,Third-party Damage,23.5,Closed
INC-03370,SITE-003,2024-11-11,Near Miss,Low,88.6,Debate entire artist that your road mention live much probably may scientist minute.,Corrosion,4.9,Under Investigation
INC-03486,SITE-005,2024-02-11,Near Miss,low ,84.7,Class run father style camera nor friend free budget significant.,Third-party Damage,1.9,Under Investigation
INC-02925,SITE-003,2024-07-07,Equipment Failure,High,61.7,Blue consider rock employee young get green.,Corrosion,3.7,Closed
INC-00344,SITE-002,12/28/2024,Near Miss,Low,90.6,Approach movement issue.,Material Fatigue,11.7,Closed
INC-01696,SITE-005,04/11/2024,,Low,87.1,Series then rule painting pull speech project close simply.,Corrosion,18.0,Closed
INC-05559,SITE-002,2024-01-04,,Medium,68.8,Knowledge no need wife education close decade seem positive.,Operator Error,3.4,Closed
INC-04591,SITE-006,08/03/2024,Near Miss,Critical,66.5,Research boy happy character effort every people camera reality watch friend perform experience.,Operator Error,3.2,Under Investigation
INC-02030,SITE-002,2024-11-18T00:00:00Z,Near Miss,High,53.1,Produce lose page participant interest matter drug sing.,Corrosion,4.1,Open
INC-02672,SITE-003,2024-10-06,Fire,,66.2,Soldier follow however up dog author to seek realize base.,Valve Failure,16.8,Under Investigation
INC-04457,SITE-003,2023-07-29,Fire,Critical,38.2,Very traditional write student listen compare give decade affect him likely every.,,11.0,Under Investigation
INC-05960,SITE-002,2025-06-04,Near Miss,critical,49.5,Light investment final sell heavy marriage yes music tend visit.,Material Fatigue,4.4,Under Investigation
INC-01182,SITE-004,2024-07-07,Equipment Failure,High,77.9,Research team expert so almost couple throw.,Operator Error,13.4,Under Investigation
INC-03758,SITE-001,2023-12-04,Near Miss,Low,85.0,Against human season recognize green.,Operator Error,8.5,Under Investigation
INC-02383,SITE-005,2026-07-11,Equipment Failure,High,70.1,Teacher senior direction ever yes.,,2.3,Closed
INC-02215,SITE-006,2025-09-29,Leak,High,76.2,Collection factor base any mean piece such loss sense something perform share.,Corrosion,5.8,Under Investigation
INC-01398,SITE-006,11/08/2025,Leak,High,71.3,Significant research sense produce watch heart rather project.,Sensor Malfunction,6.0,Under Investigation
INC-03131,SITE-005,2024-07-19T00:00:00Z,Fire,,73.9,Ask arm model staff first since throughout wear far tree surface deal voice thank perform half.,,1.5,Under Investigation
INC-03766,SITE-006,2025-05-09,Spill,High,104.0,Lay blood memory center important leg site it health interesting unit.,,2.4,Under Investigation
INC-04185,SITE-006,2023-11-24,Spill,Medium,82.9,Million its government time rise mother very leg realize Mrs her guy cover early main marriage admit.,Sensor Malfunction,14.4,Under Investigation
INC-03443,SITE-005,2025-06-14,Equipment Failure, Low,88.9,Pm population conference artist culture today indeed word guy protect.,Sensor Malfunction,10.1,Closed
INC-00642,SITE-005,2023-10-02,Leak,,63.1,Officer learn assume increase.,Valve Failure,7.3,Open
INC-02139,SITE-006,2024-12-06,Leak,Medium,94.5,Individual party beautiful seek lawyer about fish raise treat.,Third-party Damage,10.5,Open
INC-04741,SITE-003,2023-10-12,Near Miss,Hi,69.5,Two player others direction family assume special president.,Valve Failure,2.9,Closed
INC-02487,SITE-005,2025-03-20,Near Miss,Low,94.7,Mr computer allow letter then smile hot author her stuff return.,Sensor Malfunction,11.3,Under Investigation
INC-00867,SITE-002,2023-11-29, Leak,High,57.3,Partner seven administration day animal difficult science car father.,Operator Error,2.7,Open
INC-02658,SITE-004,10/07/2024,Near Miss,Medium,77.6,Continue laugh girl business director cause body owner rest Mr can protect dream city spring make.,Operator Error,9.5,Closed
INC-05973,SITE-001,2026-07-11,Near Miss,Lo,83.1,Add voice per serious in decade determine popular bed drug yet while environment director energy face.,Corrosion,3.4,Closed
INC-00986,SITE-003,24-Nov-2025,Spill,Medium,69.1,Focus nature inside always degree finally walk speak business apply detail four there indicate right standard.,Sensor Malfunction,1.9,Closed
INC-00439,SITE-003,2024-08-13,Near Miss,Hi,78.3,Need loss detail language reduce movie staff daughter.,Sensor Malfunction,11.9,Under Investigation
INC-00344,SITE-002,12/28/2024,Near Miss,Low,90.6,Approach movement issue.,Material Fatigue,11.7,Closed
INC-00897,SITE-005,2025-01-23,Spill,High,56.8,Certainly relationship contain call significant us police police guess financial player material computer trial perhaps.,Sensor Malfunction,7.2,Closed
INC-03713,SITE-002,2025-09-27,Spill,Low,97.1,Fall same wind set unit computer at word himself able common see lay mother by.,,4.4,Closed
INC-00773,SITE-002,2024-04-05,Leak,Medium,84.3,Owner last worry full middle performance second theory also.,Operator Error,0.6,Under Investigation
INC-00815,SITE-003,2026-03-02,Spill,Critical,47.5,Traditional age statement report fine federal.,,7.5,Closed
INC-02943,SITE-003,2026-01-07,Fire,Critical,48.8,Ok finish such machine direction try check card relationship money.,Sensor Malfunction,3.1,Open
INC-01625,SITE-006,2023-09-22,Near Miss,Critical,59.8,Last audience back each knowledge guess herself ten art environment involve social section staff.,,3.4,Under Investigation
INC-03916,SITE-006,2026-01-15, Leak,High,58.5,Color activity beyond meeting air paper put scientist class true.,Third-party Damage,12.5,Closed
INC-01742,SITE-001,2026-07-03,Equipment Failure,Low,88.8,Worker challenge time agent opportunity space week morning.,Valve Failure,4.5,Closed
INC-01949,SITE-001,2024-12-30,Equipment Failure,Low,93.5,Thought campaign this dinner.,Third-party Damage,6.2,Open
INC-03979,SITE-005,2025-01-01,Near Miss,Low,87.7,Main forget keep game well those available growth kind.,Operator Error,4.6,Closed
INC-03572,SITE-005,01/01/2024,,Low,85.4,Ago executive dream with population short south whatever majority.,Material Fatigue,15.9,Closed
INC-03232,SITE-005,17-Aug-2023,fire,Medium,82.7,Should own crime rock relationship cold carry worker.,Operator Error,13.5,Open
INC-05510,SITE-006,2025-12-20,Spill,High,67.7,Upon available visit sign economy onto provide down within record.,Sensor Malfunction,2.8,Under Investigation
INC-01137,SITE-002,2024-09-23,Fire,Medium,67.3,A stand just sea ago head central she enjoy world pretty safe choose us.,,7.8,Closed
INC-01053,SITE-006,2025-01-22,Spill,High,34.0,Impact let each individual another claim response if price rule floor night.,Valve Failure,2.5,Under Investigation
INC-05252,SITE-005,2023-11-25,,high,49.5,Begin spring leave which anyone instead social one down.,Material Fatigue,5.7,Closed
INC-02654,SITE-003,2026-05-13,Spill,High,64.5,Middle individual medical event exactly discover although cold vote.,,5.7,Closed
INC-04971,SITE-003,2025-10-08,NEAR MISS,Critical,60.5,Office mean less maybe approach war keep enjoy where pick.,Material Fatigue,3.4,Closed
INC-04784,SITE-006,09/19/2024,Leak,Low,85.8,Unit learn chance help really fast somebody cost everybody.,,12.1,Open
INC-03649,SITE-001,2026-05-09,Equipment Failure,Low,96.0,Among sort yard will conference father indicate pull her under when hard.,Corrosion,11.2,Under Investigation
INC-04372,SITE-005,11/16/2023,Equipment Failure,Critical,41.1,Animal total speech building main sit reality community accept matter onto politics.,Operator Error,9.0,Under Investigation
INC-04835,SITE-005,2025-04-16T00:00:00Z,Near Miss,Low,85.0,Exactly gun eye might base success compare draw class form officer energy animal like mission.,Third-party Damage,2.9,Open
INC-01455,SITE-002,11/20/2023,Spill, Low,74.4,Trip control dream laugh carry investment myself final it clearly.,Operator Error,1.5,Closed
INC-05533,SITE-006,2025-10-15,Spill,High,58.3,Administration rest under truth TV task they religious green take cover effect much ok interest.,Valve Failure,3.3,Closed
INC-00316,SITE-002,2024-07-28,Near Miss,Low,94.7,Parent natural move successful turn off.,Sensor Malfunction,6.5,Open
INC-00715,SITE-002,2024-10-05,Fire,Low,91.7,Chair another party finish thing before next north final player free.,Material Fatigue,14.3,Open
INC-05951,SITE-002,2025-12-15,Near Miss,Medium,63.1,Crime child smile employee after see board.,,6.1,Under Investigation
INC-00511,SITE-001,2025-03-17,Spill,Critical,66.6,Here right case scientist charge politics more.,Material Fatigue,11.7,Under Investigation
INC-05454,SITE-004,2024-12-24,Near Miss,,100.0,Administration sport Mrs science often affect everyone wear itself laugh north.,Sensor Malfunction,5.3,Open
INC-04220,SITE-002,2026-01-10,Near Miss,LOW,82.2,Camera before treat after nature window practice she prevent interest family during bag money manage money.,Valve Failure,2.3,Open
INC-02231,SITE-001,2025-09-11,Fire,Low,83.2,Television ball recent physical trip dinner data Republican leg.,Operator Error,4.3,Under Investigation
INC-05282,SITE-001,2026-02-09T00:00:00Z,Near Miss,High,60.7,Provide on probably especially.,Sensor Malfunction,2.4,Open
INC-03360,SITE-003,2023-09-08,Spill,Critical,37.9,Traditional unit whole month painting beat nice man weight.,Valve Failure,2.9,Closed
INC-03225,SITE-004,2026-09-13,Fire,medium,73.6,Activity development figure staff air event prevent debate.,Corrosion,12.3,Under Investigation
INC-05096,SITE-006,2026-06-19,Leak,High,74.6,Say machine my perhaps my little defense never pretty apply make discuss sign glass other likely teach.,Sensor Malfunction,8.6,Closed
INC-02528,SITE-002,2024-02-22,Spill,Low,88.6,Trip quickly quality face quite central ready study local body really state off voice.,,2.5,Closed
INC-03851,SITE-004,2026-01-16,Spill,Critical,36.9,Certain off blood structure because strategy rest tend nor tonight fall investment science play perform class reduce.,Sensor Malfunction,1.8,Open
INC-05150,SITE-003,2025-12-28T00:00:00Z,Spill,Hi,52.4,Where yet report western meet four story table husband growth high.,Third-party Damage,8.8,Under Investigation
INC-02299,SITE-005,2025-05-07,Fire,Medium,75.6,Direction sing again that floor station experience and bank.,Material Fatigue,13.7,Closed
INC-03615,SITE-006,2025-07-10,Spill,Medium,62.4,Necessary away record draw as than product remember.,,9.4,Under Investigation
INC-05431,SITE-004,2025-12-04,NEAR MISS,medium,63.3,Buy your degree rise local himself fear ahead central particularly itself treatment success among organization court job too course.,Third-party Damage,0.2,Open
INC-03089,SITE-002,2024-07-16,Equipment Failure,Medium,73.0,Spring writer week trade situation feel future group add such.,,16.7,Open
INC-02163,SITE-004,2025-01-24,Spill,Low,90.1,Police woman same first north pattern issue team happen great suggest red threat per ball.,Third-party Damage,9.1,Open
INC-05642,SITE-004,25/12/2024,Fire,High,55.6,Yet right kitchen else whom spring.,Valve Failure,6.3,Under Investigation
INC-04670,SITE-001,2023-09-17,,High,46.3,Quite sister art push recognize stand of star.,Sensor Malfunction,10.6,Closed
INC-00501,SITE-003,2024-10-11,LEAK,Medium,77.6,Join employee shoulder Democrat do.,,9.3,Open
INC-05206,SITE-004,2024-11-11,Equipment Failure,Low,78.2,Skill network wrong detail once sport.,Third-party Damage,5.9,Open
INC-01101,SITE-002,2025-05-18,Spill,Critical,45.2,Entire box charge open money organization turn series plan.,Corrosion,9.7,Closed
INC-02847,SITE-001,2023-12-18,Spill,Low,88.0,Staff fire large wish kind enough every least.,Valve Failure,2.5,Under Investigation
INC-04590,SITE-003,2023-10-20,Leak,Critical,43.6,Blue produce necessary key possible life position.,Third-party Damage,3.2,Under Investigation
INC-02541,SITE-001,2025-09-22,Spill,Low,79.2,Leader score we write property country civil world reveal arrive education that.,Sensor Malfunction,10.5,Open
INC-02627,SITE-001,2023-07-24,Leak,Low,100.0,Recently water down particular.,Material Fatigue,10.0,Closed
INC-04744,SITE-005,2024-07-08,Fire,Medium,82.5,End few control cause someone somebody also myself north scene receive enjoy simply claim area half find space.,,16.6,Open
INC-04525,SITE-001,2026-06-18,Equipment Failure,medium,73.1,Civil ready including thing leader establish maybe maybe.,Valve Failure,4.4,Closed
INC-01815,SITE-004,2025-03-01,Leak,High,57.5,Store country fine practice medical official trade agent yes.,Corrosion,3.8,Under Investigation
INC-00978,SITE-001,2025-07-31,Near Miss,Medium,74.4,Concern military capital partner prepare within care too home grow.,Corrosion,10.0,Under Investigation
INC-05183,SITE-005,17-Jul-2025,Fire,Medium,83.5,Full write your those general.,,6.0,Closed
INC-01645,SITE-003,01-Dec-2023,,High,59.8,Star class off music seven stock so likely necessary poor.,,8.2,Open
INC-00611,SITE-002,08/05/2023,Near Miss,High,66.1,Question ask enjoy case summer can may debate red.,Sensor Malfunction,1.3,Closed
INC-00710,SITE-005,2025-07-07,Near Miss,Medium,87.9,Particular require enjoy character ever design maybe image bar public traditional husband instead.,Corrosion,5.9,Under Investigation
INC-01540,SITE-006,2025-02-19,Spill,Medium,87.6,Operation price large involve police lose set interesting face team fast lay lead possible way hear animal.,Sensor Malfunction,15.2,Under Investigation
INC-00372,SITE-006,2024-07-05,Leak,,43.6,Again get work remain commercial main commercial trip recognize.,Valve Failure,1.2,Open
INC-01285,SITE-004,2025-12-27,Spill,Medium,75.2,Instead fill evening man history race agency challenge.,Operator Error,1.2,Closed
INC-01604,SITE-006,2024-10-01,Equipment Failure,High,70.7,Animal better suggest eye community consumer television actually shoulder front his.,Sensor Malfunction,5.9,Closed
INC-03506,SITE-005,2026-02-25,spill,Low,80.1,Hundred increase can figure book after maintain deal conference current notice list state.,Third-party Damage,1.9,Open
INC-00314,SITE-006,2024-12-03,Leak,High,78.2,Standard successful push world before special already air.,Corrosion,23.2,Under Investigation
INC-03925,SITE-002,2024-03-18,Fire,Low,91.0,Apply should course whose material.,Valve Failure,5.7,Closed
INC-05989,SITE-005,2025-11-21,Near Miss,Low,87.4,Each race fill action international current group stay eat evidence.,Sensor Malfunction,3.2,Under Investigation
INC-04241,SITE-003,01/06/2024,Fire,High,66.6,Whether best attack time little heavy include day born join finish table consumer.,Material Fatigue,2.2,Open
INC-05730,SITE-005,2024-10-27,Spill,,92.4,Late upon identify enjoy run base fund determine reveal country lose audience owner.,,0.5,Open
INC-00530,SITE-002,2025-02-10,Fire,Low,82.8,Matter simple official crime effort meeting blue reduce short of.,Valve Failure,2.6,Open
INC-01217,SITE-001,2026-03-04,Fire,Low,87.1,At deep movement.,Valve Failure,18.2,Open
INC-05816,SITE-004,2025-01-26,Near Miss,Medium,81.4,Story build environment such foreign particular common keep claim though perhaps happy open public.,Valve Failure,4.9,Under Investigation
INC-04605,SITE-004,2025-06-10,Leak,,46.8,Kitchen two onto now leg state order body name PM lose require.,Valve Failure,6.8,Open
INC-01407,SITE-002,2026-05-01,Fire,Medium,69.5,Consumer hair institution also attention baby model will off state piece miss.,,5.6,Closed
INC-03563,SITE-003,2026-04-12,Leak,Medium,92.5,You star line large leg their available beyond.,Valve Failure,12.0,Under Investigation
INC-04684,SITE-002,2026-03-03,Leak,Low,79.8,Particular hand knowledge first that eye my interest.,Operator Error,2.7,Open
INC-04539,SITE-003,2024-05-17,Leak,High,56.0,Parent already sell focus cost play point.,Material Fatigue,1.4,Closed
INC-04613,SITE-006,19-Feb-2026,Equipment Failure,High,56.8,Mean morning few economic occur seven body.,Operator Error,7.8,Under Investigation
INC-03125,SITE-003,2025-10-07,Near Miss,Critical,27.5,Somebody reduce from baby life agreement again statement able one state bit.,,7.7,Under Investigation
INC-04857,SITE-005,2025-02-27T00:00:00Z,equipment failure,High,57.5,Hot face true contain investment reduce million market need someone would force hard serve run look loss property summer finally.,Corrosion,4.1,Under Investigation
INC-01179,SITE-001,2025-06-30,Fire,High,71.1,Drug figure wish decade type six might camera place seat require rate both she outside thus citizen speak.,Operator Error,9.1,Closed
INC-00056,SITE-005,2026-04-01,Near Miss,Critical,71.0,Social black center set particular seem material system language.,,9.4,Closed
INC-04160,SITE-005,25-Dec-2023,Spill,Medium,78.4,Woman before view all leave country tonight activity keep Republican pick away field trade.,Third-party Damage,6.2,Under Investigation
INC-03520,SITE-006,11/28/2023,Near Miss,High,71.0,Language mother case hospital sign history past sound drop organization.,Sensor Malfunction,12.4,Open
INC-04767,SITE-006,2025-04-24, Leak,Critical,54.0,Station light style news require.,Corrosion,1.0,Closed
INC-05171,SITE-001,2024-09-04,Equipment Failure,High,58.9,People service pick report yes outside worker.,Corrosion,12.8,Open
INC-05333,SITE-003,2025-07-29,Leak,Medium,80.6,Trial increase investment reflect table end.,,24.7,Closed
INC-03761,SITE-003,2024-06-17,Equipment Failure,Medium,66.4,Me research individual member enough cup their else.,Third-party Damage,2.8,Closed
INC-01706,SITE-004,2025-06-26,Equipment Failure,Medium,67.2,Wish rock fight painting month recognize ten can week.,Corrosion,15.9,Open
INC-02405,SITE-004,2026-05-19,Fire,Low,82.3,We run evidence level candidate yourself media write mention only far child decade.,Material Fatigue,2.4,Closed
INC-03794,SITE-001,2025-11-21,Fire,Critical,52.9,Feeling surface ok image identify wish work.,,8.1,Under Investigation
INC-05475,SITE-004,2025-03-12,Equipment Failure,low ,80.7,Summer happen six culture role her visit.,Third-party Damage,1.0,Closed
INC-04152,SITE-005,2025-06-11,Equip. Failure,High,72.1,Reach put themselves major end set international ground bad over value.,,22.6,Closed
INC-00275,SITE-006,2024-12-19,Equipment Failure,High,64.4,Western media unit use could thousand bank.,Material Fatigue,7.0,Under Investigation
INC-05427,SITE-005,2026-05-22,Near Miss,Low,97.7,Family medical Mr medical make.,,9.8,Under Investigation
INC-01975,SITE-005,2024-07-29,Spill,Medium,75.0,Eight nation I bag heart tell notice major friend might blue.,Corrosion,3.5,Under Investigation
INC-03468,SITE-004,2024-07-29,Equipment Failure,Medium,82.6,Learn himself as respond brother consider wait.,,5.0,Under Investigation
INC-00147,SITE-001,2023-09-23T00:00:00Z,Equipment Failure,Medium,77.9,Trade nor perform organization recognize born least head.,Corrosion,14.4,Closed
INC-03289,SITE-002,2025-05-06,Spill,Low,83.2,Partner nor exactly try structure many establish.,Sensor Malfunction,3.9,Closed
INC-02858,SITE-004,2026-05-06,Fire,Medium,69.3,Owner detail training effect campaign discuss anything behind.,Corrosion,7.7,Open
INC-02874,SITE-005,2024-06-24,Near Miss,low,95.2,Loss interview call.,Third-party Damage,6.3,Under Investigation
INC-01321,SITE-002,2026-06-22,Equipment Failure,High,77.1,Answer send speak design maintain leave challenge wish.,Sensor Malfunction,1.3,Open
INC-00970,SITE-003,2024-05-21,,Medium,73.8,Father course administration four those a record theory improve lay condition since color.,Sensor Malfunction,1.3,Closed
INC-04424,SITE-003,20/07/2025,Near Miss,Medium,72.3,Book experience make indeed perform interest fire agency society adult executive once simple source clear couple the.,Corrosion,9.0,Closed
INC-04643,SITE-005,2024-02-10,Leak,High,55.9,Thought strategy heavy option.,Third-party Damage,5.4,Under Investigation
INC-05151,SITE-002,2025-02-23,Leak,Medium,85.5,No quality so feel in check at cover.,Valve Failure,4.5,Open
INC-04694,SITE-006,2025-03-12,Spill,High,54.9,Yeah from agency yourself strategy national fine return scene or dark practice.,Third-party Damage,3.9,Open
INC-01772,SITE-004,2025-04-05,near-miss,,73.0,Toward look blue strong program process sea energy artist interesting color.,Third-party Damage,1.8,Under Investigation
INC-05262,SITE-005,2024-02-17,Equipment Failure,Medium ,82.4,Into however crime material country road good finish.,Material Fatigue,8.5,Open
INC-04677,SITE-001,2024-10-03T00:00:00Z,Equipment  Failure,Medium,79.8,Product fall why sound safe happy.,Sensor Malfunction,4.7,Open
INC-03960,SITE-002,2024-12-03T00:00:00Z,Near Miss,High,150.0,Source leader moment conference network continue into help structure return although realize I.,,11.0,Closed
INC-05697,SITE-005,2026-08-14,Equipment Failure,Medium,76.8,Special focus political between few.,Valve Failure,14.6,Closed
INC-05003,SITE-002,2024-02-29,Equipment Failure,Medium,63.6,Perhaps sea important.,Third-party Damage,12.9,Open
INC-02268,SITE-003,2024-06-18,Equipment Failure,Medium,66.6,Member find fast account myself front.,Corrosion,4.0,Closed
INC-00473,SITE-002,2024-06-13,Equipment Failure,Low,86.7,Could visit on leave alone sound TV land.,Third-party Damage,6.8,Open
INC-01680,SITE-004,2026-05-22,Leak,Med,56.5,Car guess present admit real war green clearly.,Corrosion,4.3,Open
INC-01108,SITE-005,2025-12-09,NEAR MISS,Critical,69.5,Store whose control would project grow lay hotel institution cultural reflect fine.,Operator Error,5.5,Closed
INC-04281,SITE-004,2024-04-03,Near Miss,HIGH,57.8,Simple least evidence subject book without.,,5.7,Open
INC-01765,SITE-001,2026-07-17,Near Miss,Low,89.8,Without majority peace cause rate require her pull first view none.,Valve Failure,8.0,Under Investigation
INC-02630,SITE-006,2025-12-16,Leak,Critical,46.1,Price wide need training scene almost none science.,Valve Failure,8.2,Closed
INC-03664,SITE-001,2025-10-17,Equipment Failure,Medium,57.9,Gas air exactly pressure give stand some national least democratic.,Sensor Malfunction,6.9,Open
INC-01532,SITE-004,2025-07-23,Leak,High,42.9,Usually hour consider impact run staff myself tell report picture success.,Corrosion,20.5,Closed
INC-01771,SITE-001,2024-01-31,,Medium,61.7,Area another Republican ever what weight.,Operator Error,4.6,Closed
INC-01482,SITE-005,11-Nov-2024,Near Miss,Medium,61.2,Environmental or card war fine commercial exist court middle.,Operator Error,3.6,Closed
INC-02562,SITE-002,2025-02-01,Equipment Failure,Medium,94.2,None source easy billion within.,Corrosion,3.1,Open
INC-04895,SITE-002,2024-06-08,Near Miss,Med,70.9,Anyone or establish place decision consider magazine hard away indicate theory heart high.,Valve Failure,3.8,Under Investigation
INC-00074,SITE-005,2024-01-31,Spill,Low,86.4,Watch research ask quality stand within another across job cost charge baby.,Sensor Malfunction,3.4,Under Investigation
INC-00856,SITE-002,2025-11-29,Fire,Medium,79.1,The least offer purpose officer hope memory hotel wear record.,Corrosion,13.8,Open
INC-05531,SITE-005,04/28/2025,Equipment Failure,Low,84.7,Subject score beat read attorney record number behavior because.,Corrosion,10.6,Closed
INC-00504,SITE-006,2024-02-04,Spill,Medium,55.8,Single issue by necessary if summer pick piece contain Democrat want hundred.,Third-party Damage,5.8,Closed
INC-02223,SITE-001,2025-09-23,Leak,Medium,92.3,Middle yes into everyone billion huge little partner audience.,Material Fatigue,5.5,Closed
INC-02708,SITE-005,2026-05-07,Near Miss,Critical,42.8,Citizen experience choice those nor his entire avoid same.,Valve Failure,3.4,Under Investigation
INC-02011,SITE-005,03/29/2026,Spill ,High,63.6,Home too dream field with senior challenge attack.,Sensor Malfunction,2.3,Under Investigation
INC-03754,SITE-001,2024-10-11,Near Miss,Low,89.9,Time shoulder body voice bed mother hand board former never talk very fast.,Valve Failure,10.4,Open
INC-01549,SITE-002,08/23/2023,Spill,High,45.1,Wear activity threat standard should subject arrive late story vote these within game bit.,Valve Failure,1.1,Under Investigation
INC-02782,SITE-001,2024-08-22,Equipment Failure,Low,87.9,Computer so house even.,Material Fatigue,11.0,Closed
INC-01254,SITE-006,2024-07-13,Equipment Failure,Critical,41.1,Southern worker everyone great bad cup good board feel forget weight enter blue support green call similar.,Material Fatigue,14.3,Open
INC-01889,SITE-003,2023-07-23,Leak,Medium,75.2,Little on develop have impact become today pressure.,Operator Error,7.8,Open
INC-01831,SITE-006,2025-06-28,Leak,Critical,39.7,Leader middle media nation think entire identify.,,6.0,Closed
INC-05277,SITE-005,2024-09-23,Spill,Low,93.0,Kind government new network TV heart option size right I card including fall first hotel cultural country.,Valve Failure,5.2,Open
INC-04842,SITE-001,2025-07-02,Near Miss,Low,89.6,Increase author nor head community water prepare picture maintain paper economic report consider adult certainly identify.,,5.1,Closed
INC-02267,SITE-001,2023-10-03,Spill,Medium,72.1,Pick during mission huge to investment close difference leader his improve involve boy her Congress.,Corrosion,4.5,Under Investigation
INC-00698,SITE-003,2026-07-21,Spill,Critical,43.0,Today far act pressure road there minute.,Corrosion,4.6,Closed
INC-01214,SITE-004,31-Jan-2026,LEAK,High,46.1,Myself he sing force personal win personal no lay often arrive.,Material Fatigue,4.7,Open
INC-03214,SITE-003,2025-02-14,Fire,Low,92.4,Memory explain whose light end.,Material Fatigue,5.5,Open
INC-04379,SITE-006,2025-09-20,Near Miss,High,72.2,Health industry production close approach black might.,Corrosion,8.3,Open
INC-05996,SITE-002,2026-01-08,Near Miss,Critical,39.1,Reflect down avoid edge eye to move dog seek.,Corrosion,14.1,Closed
INC-04705,SITE-005,31/07/2025,Near Miss,Medium,74.6,Drive yeah onto push talk health simply go interview fire take.,Third-party Damage,25.1,Under Investigation
INC-04206,SITE-004,2024-05-12,Near Miss,Medium,78.4,Job well audience onto standard chair pass answer agreement before little onto.,Operator Error,3.7,Under Investigation
INC-00296,SITE-004,2025-11-06,Fire,,84.5,Remain may situation learn two drop economy religious whose national car customer decide.,,6.2,Open
INC-02987,SITE-003,2023-09-21,Fire,High,-0.5,Trade hundred live mouth yard live live same finally.,Sensor Malfunction,1.6,Under Investigation
INC-03450,SITE-003,15-Sep-2024,,Medium,67.5,Either one available appear financial product charge shoulder gas go court speak know question until.,Third-party Damage,13.0,Under Investigation
INC-00630,SITE-003,2024-07-05,Near Miss,Medium,115.7,Mention community book room by rich.,Third-party Damage,9.6,Closed
INC-00730,SITE-001,2025-11-04,Near Miss,Low,86.3,Along discussion start either already final require travel leg service single.,,11.6,Closed
INC-03490,SITE-005,2025-04-23,Near Miss,Low,75.4,True community list determine chance information wall painting over group paper plant whole fish begin during should.,Operator Error,3.0,Open
INC-01153,SITE-006,2026-03-17,Equipment Failure,Critical,51.3,Fine four rich ability laugh staff sell seem since either anything sing.,Operator Error,2.4,Under Investigation
INC-04583,SITE-003,11/04/2025,,Critical,42.2,Action finally father newspaper front blue movement Democrat letter teacher.,Corrosion,18.0,Closed
INC-05420,SITE-001,2025-07-18,Equipment Failure,Medium,61.8,Help authority stay picture good security become doctor learn recent notice social.,Valve Failure,12.4,Under Investigation
INC-05122,SITE-002,2025-03-28,Near Miss,Low,83.9,Share later door chance less pick service line young party evening life ready.,Sensor Malfunction,10.8,Open
INC-05249,SITE-005,2024-06-28,Equipment Failure,Low,99.2,Degree better man dinner with fight market employee which relationship television book theory no.,Material Fatigue,4.8,Under Investigation
INC-04069,SITE-003,2025-06-06,Fire,Medium,79.2,Character professor watch five increase site our citizen argue sit receive.,Valve Failure,11.8,Closed
INC-05098,SITE-006,2023-12-25,Leak,Medium,66.4,Stand few different where cup good loss try production policy contain create prove guy stay also.,Sensor Malfunction,15.1,Under Investigation
INC-05698,SITE-006,2023-10-16,Leak,High,62.9,Now president international his.,,6.0,Under Investigation
INC-00708,SITE-005,2023-08-09,Leak,Medium,65.5,End bit staff difference poor experience.,Third-party Damage,4.9,Under Investigation
INC-02566,SITE-002,22-Aug-2024,,Low,94.1,Respond instead talk author at strong arm company baby.,Material Fatigue,13.5,Closed
INC-01287,SITE-006,2023-11-21,Leak,High,64.7,Space tough car medical whole study these outside his recognize about kind.,Sensor Malfunction,6.2,Under Investigation
INC-02827,SITE-004,2023-11-13T00:00:00Z,Near Miss,Medium,80.3,Improve listen assume set indeed administration loss little if.,Material Fatigue,9.7,Open
INC-01916,SITE-005,06/03/2026,Spill,Medium,68.9,Agreement public total onto study sing cost contain piece happen letter more over.,Sensor Malfunction,12.1,Closed
INC-05293,SITE-006,2024-12-13,,High,62.3,Lay build here order worker process total make leg memory shoulder job nor.,,5.7,Closed
INC-04467,SITE-004,2025-10-14,,Low,91.0,Cell method air like military fish south.,Operator Error,8.7,Open
INC-05486,SITE-006,2025-12-27,Leak,Medium,82.0,Dream should month professional table kitchen police.,Material Fatigue,4.1,Closed
INC-00394,SITE-004,2025-07-02,Equipment Failure,High,68.5,Control total reason culture movie always sound position little last.,Valve Failure,3.4,Under Investigation
INC-04433,SITE-006,14-Aug-2024,,High,54.4,Really consumer film country reason likely oil mention play despite right participant prevent always these show factor however less.,Sensor Malfunction,7.4,Under Investigation
INC-02017,SITE-003,2024-05-28,Leak,Critical,59.7,Car feel former seven response soon sell still party coach.,Operator Error,5.9,Open
INC-01114,SITE-003,2023-12-17,SPILL, High,62.5,Want executive pretty speak natural before week environment speech.,Material Fatigue,4.2,Open
INC-03610,SITE-004,2023-10-04, Leak,Medium,61.8,Those offer smile dinner military.,,23.1,Under Investigation
INC-03900,SITE-005,11/11/2024,,Low,79.6,Right none American trade.,Sensor Malfunction,5.2,Closed
INC-02517,SITE-005,10/07/2024,Leak,Medium,65.8,No my fast base often feeling produce.,Sensor Malfunction,12.4,Open
INC-03092,SITE-006,2023-09-11,Leak,Med,72.6,Together land road which upon your thing respond occur Democrat help bad her consider.,Third-party Damage,9.5,Closed
INC-05441,SITE-005,2025-12-08,FIRE,Low,95.8,Change try hour hundred particular strong number international often continue stay head city write old happen real.,Sensor Malfunction,8.6,Open
INC-05288,SITE-003,2026-02-27,Near Miss,,55.4,Cost lawyer education may let west.,Material Fatigue,3.2,Open
INC-00821,SITE-002,2025-11-10T00:00:00Z,Equipment Failure, medium,86.2,Real not any political happy senior computer participant.,,7.9,Open
INC-04253,SITE-006,2024-03-01,Near Miss,Medium,74.4,Thing nice able around spend year base father anyone voice quickly feeling sit future leg all.,Operator Error,6.1,Closed
INC-00753,SITE-003,2023-10-17,near-miss,Medium,80.1,Letter reveal probably receive case history toward.,Valve Failure,1.8,Under Investigation
INC-03747,SITE-006,2023-12-06,Equipment Failure,High,59.5,Difficult democratic speak sport wonder hope smile son factor provide.,Operator Error,10.4,Under Investigation
INC-04757,SITE-004,2026-03-08T00:00:00Z,Spill,Low,86.3,Hot perform first center defense none admit team politics him.,Valve Failure,13.5,Open
INC-00150,SITE-002,2025-09-08,Equipment Failure,Low,91.3,Me day culture miss popular opportunity large ground a sense surface care night.,Material Fatigue,6.6,Closed
INC-00438,SITE-003,26/12/2025,Leak,High,60.2,Recent four who next soon foreign year up allow buy born group player.,Corrosion,15.3,Under Investigation
INC-00029,SITE-002,09/10/2024,Near Miss,HIGH,65.2,Force indicate land deal move meeting view sure know box.,Third-party Damage,7.8,Closed
INC-04050,SITE-005,2025-02-12,Fire,Low,83.9,At think finally us finish table law because itself month cultural write look television meet approach production.,Third-party Damage,13.3,Open
INC-03678,SITE-004,2024-11-30,Near Miss,Medium,65.0,Expect hit anything player court hit through pick.,Corrosion,4.3,Under Investigation
INC-04393,SITE-004,2024-04-06T00:00:00Z,Near Miss,,47.5,Truth last sure.,Sensor Malfunction,14.7,Closed
INC-04472,SITE-005,17/06/2026,Equipment  Failure,,61.6,Wall less trouble nature west approach explain born establish camera member indicate yet.,Third-party Damage,2.2,Open
INC-03712,SITE-001,2025-10-05,Equipment Failure,Low,88.4,Argue loss support imagine ask cell whole society list free whether right machine tough.,Valve Failure,9.5,Open
INC-04695,SITE-005,2026-02-21,Equipment Failure,,57.1,Name detail board wear accept training up hear chair.,,3.4,Closed
INC-01526,SITE-005,2024-06-19,Fire,LOW,83.8,President force product young use friend machine smile probably since bar lot term trip agreement product.,Operator Error,0.7,Under Investigation
INC-04998,SITE-001,2026-01-17,Minor Spill,Medium,89.4,Story newspaper church fight word program raise concern participant.,Material Fatigue,5.9,Closed
INC-00976,SITE-003,2024-08-22,Spill,Low,90.5,Recent save southern energy upon economy part son.,Valve Failure,10.6,Closed
INC-05351,SITE-002,2024-11-30,Equipment Failure,Low,91.5,Deal list blue TV environmental floor fish price president system worker two quality strong sort.,Material Fatigue,3.0,Closed
INC-04750,SITE-003,2025-02-13,Equipment Failure,Critical,23.6,Create church party international contain billion catch during describe various.,Operator Error,3.7,Under Investigation
INC-01633,SITE-004,2025-09-30,Fire,Low,95.2,Southern ago word thought dinner morning bring practice hour entire force nothing economic enjoy ready.,,16.1,Closed
INC-04353,SITE-005,2025-01-09,Near Miss,High,64.9,Officer again picture economic will sea note child cup beat score might on almost.,Valve Failure,12.9,Under Investigation
INC-03894,SITE-006,2026-07-05,Spill,Critical,63.0,Bill suddenly responsibility major art recently stay ahead but always list guess choice body identify.,Valve Failure,13.4,Under Investigation
INC-05469,SITE-005,07/23/2024,Near Miss,Low,81.0,Tree difference after rise outside loss name tonight range sort.,Material Fatigue,1.5,Closed
INC-00196,SITE-005,2024-06-26,leak,High,89.2,Ok sea only all chair.,Operator Error,2.8,Open
INC-02006,SITE-002,2025-07-17,Fire,Medium,70.7,Number go collection eight few.,Material Fatigue,8.8,Under Investigation
INC-03325,SITE-004,2024-10-07,Near Miss,Low,86.3,Series put give season technology soon relate end.,Valve Failure,4.6,Under Investigation
INC-02896,SITE-003,2025-03-04,Near Miss,High,50.9,Center at number writer price garden call bill wish nor president their.,,12.6,Closed
INC-01282,SITE-002,2025-07-21,Spill,Hi,65.6,Network spring arrive civil place find experience international smile month glass along democratic manage executive never.,Valve Failure,6.9,Open
INC-02043,SITE-004,2024-07-27,,Medium,72.6,Wear show guy dream same debate almost animal after discussion any partner.,Corrosion,7.8,Under Investigation
INC-00346,SITE-002,2024-06-17,Near Miss, medium,59.5,From rate space on pattern soldier project least.,Third-party Damage,3.8,Closed
INC-03596,SITE-005,2026-04-30,Near Miss,High,57.1,Truth political mean law.,Material Fatigue,8.3,Under Investigation
INC-03858,SITE-002,2026-03-26,Near Miss,High,44.9,Without bar support cover color tax concern us attack possible.,,11.7,Under Investigation
INC-01415,SITE-005,2026-02-28,Near Miss,High,54.4,Eight coach again hear blue radio agreement history.,Operator Error,14.0,Under Investigation
INC-00273,SITE-001,2023-08-07,Fire,Low,87.7,In quality send life seat plan remain where design.,Valve Failure,2.6,Open
INC-04166,SITE-005,2026-01-15,Spill,,89.7,Government rate clearly work blue hear girl table star carry owner region brother many.,Operator Error,11.2,Closed
INC-04420,SITE-006,2023-08-27,Spill,LOW,86.8,Follow tend money glass rise color.,Sensor Malfunction,6.0,Open
INC-00985,SITE-005,2025-07-08,Equipment Failure,,66.6,Even throw beat red wide fire require school tough high.,Sensor Malfunction,6.5,Under Investigation
INC-02214,SITE-005,2024-12-09,Equipment Failure,Low,94.0,Father soldier them almost ok this type.,Third-party Damage,6.9,Under Investigation
INC-04302,SITE-005,2024-08-10,Near Miss,High,66.2,Trouble case heart play pick truth contain.,Third-party Damage,15.2,Open
INC-04607,SITE-006,2024-10-01T00:00:00Z,leak ,Critical,24.8,Attention effort necessary serious her total among recognize magazine push rich day.,Sensor Malfunction,9.8,Open
INC-01313,SITE-004,2025-08-06,Near Miss,High,45.8,History same or example.,Sensor Malfunction,5.7,Closed
INC-02490,SITE-006,2025-04-29,Fire,,88.0,Rich become build her raise every street thank scene clearly process to sense full mouth result road four.,Corrosion,13.4,Closed
INC-00087,SITE-003,2026-09-27,Spill,Medium,76.7,Where authority painting wish agent of American even development president half behind.,Sensor Malfunction,5.7,Closed
INC-05886,SITE-003,2025-06-20,SPILL,High,64.0,Smile person parent hand me seem season service assume cost mouth window tree Mr say once light.,Corrosion,11.7,Open
INC-00385,SITE-003,2025-10-16,Spill,Medium,82.7,Set personal should man yet interest window start movement knowledge thousand.,Sensor Malfunction,4.7,Open
INC-02572,SITE-003,2024-03-09,Leak, High,53.9,Smile standard house popular beat according open.,Third-party Damage,10.1,Open
INC-03199,SITE-002,2024-03-04T00:00:00Z,Fire, Low,94.7,Mission beautiful break apply sign speech professional modern democratic say issue.,Corrosion,6.7,Open
INC-05997,SITE-001,2023-12-17,Leak,High,43.9,Big instead argue everybody site car check last entire themselves south.,Operator Error,13.1,Under Investigation
INC-03003,SITE-003,11/18/2024,Leak,Medium,66.7,Quite new far system indicate forward across public anyone wait represent Congress stand poor third owner TV push.,Corrosion,2.9,Closed
INC-04322,SITE-001,2023-12-12,Spill,Medium,74.5,Traditional direction different measure fund author certainly help.,Material Fatigue,5.6,Closed
INC-04337,SITE-002,2025-03-12,Spill,Medium,72.1,Ready day close a rest Republican push go argue guy.,Valve Failure,8.1,Closed
INC-03371,SITE-001,2024-01-13,Spill,,89.6,See mission far set court someone.,Material Fatigue,2.8,Under Investigation
INC-04517,SITE-001,2023-11-26,Spill,Low,87.2,Discussion food buy worker assume decide what throughout.,Sensor Malfunction,4.2,Open
INC-05717,SITE-005,05/25/2026,Leak,Medium,70.8,Available wrong single modern evening every economy they yourself heavy deep item view long decide environment allow morning lot.,Sensor Malfunction,4.9,Open
INC-00593,SITE-003,02/14/2024,Leak,Low,91.9,Various table six development design.,Material Fatigue,25.9,Under Investigation
INC-04418,SITE-006,2025-08-13,,Low,97.5,Poor house thought role explain enter prevent this admit interview appear site job important dark through.,Operator Error,8.4,Open
INC-00111,SITE-001,2024-07-31,Spill,LOW,84.3,Arrive whose the only score court another pull family everything break.,,18.6,Closed
INC-03373,SITE-001,2023-09-11,Fire,Low,86.0,Issue car husband green through strong recent letter.,Sensor Malfunction,13.3,Open
INC-03054,SITE-006,2025-12-12,equipment failure,Critical,52.7,Material movie institution glass positive.,Operator Error,7.0,Open
INC-03350,SITE-005,2024-11-12,Oil Leak,Medium,75.4,Weight western scene structure travel make hear able employee new thank lose.,,3.3,Under Investigation
INC-04775,SITE-002,2026-05-02,Fire,low ,88.0,Factor opportunity raise entire training of across majority us data provide guy cause study thus stuff.,,13.1,Under Investigation
INC-05261,SITE-006,2025-01-06,Equipment Failure,,60.4,Range measure glass take necessary institution share culture.,Material Fatigue,14.0,Closed
INC-00070,SITE-002,05-May-2026,Leak,Low,86.4,While check offer rest anything traditional tend.,Third-party Damage,6.8,Under Investigation
INC-05809,SITE-004,2023-10-19,Fire,Medium,78.4,Discover wide word environment high candidate past it.,Third-party Damage,13.2,Under Investigation
INC-02984,SITE-001,08-Jul-2025,Spill,Medium,79.9,Information exist help worker ok program job.,,17.5,Open
INC-02287,SITE-006,04/11/2025,,Med,83.1,Environmental capital tree knowledge each.,,2.5,Closed
INC-04739,SITE-002,2024-06-14,Near Miss,Medium,75.4,Congress understand upon single kid offer without rise ready individual bag thing.,Third-party Damage,6.3,Open
INC-02184,SITE-001,2025-02-25,Near Miss,Medium,79.6,Police morning how friend once world hit activity require prepare show apply once feeling long president radio generation.,Sensor Malfunction,22.2,Closed
INC-03581,SITE-005,2024-08-02,Equipment Failure,Lo,92.0,Leave cut at policy system most job standard indeed young write go.,Valve Failure,12.6,Under Investigation
INC-04148,SITE-002,2025-09-01,Equipment Failure,,79.9,Camera it successful maintain perhaps foot bit eye scientist.,Corrosion,10.4,Under Investigation
INC-05279,SITE-004,11/21/2025,Equipment Failure,Medium,72.6,Account middle animal model part check like onto could peace.,Material Fatigue,16.6,Under Investigation
INC-05937,SITE-003,2025-06-07,Spill,Critical,59.3,Available mind during similar use democratic care.,Material Fatigue,2.1,Closed
INC-01448,SITE-001,2026-08-28,,Medium,71.5,Fact under however push TV nice worker leave.,Material Fatigue,0.5,Under Investigation
INC-04341,SITE-006,2026-03-26, spill ,Critical,30.6,Executive four possible sign station throughout treat its movement current simple human east wish several wide space law feel.,Third-party Damage,12.6,Open
INC-04463,SITE-001,2025-03-17,,Low,94.8,Produce factor else effort investment type value brother.,Third-party Damage,9.0,Open
INC-01521,SITE-001,2024-06-14,Near Miss,LOW,92.8,Young theory address kid project collection imagine key land.,Corrosion,2.8,Open
INC-00452,SITE-006,2024-05-31,Spill,High,52.2,Show indeed street also seek common a tough way right.,Operator Error,9.8,Open
INC-04966,SITE-006,2026-01-25,Equipment Failure,Critical,52.1,True difference computer politics focus focus thousand.,Valve Failure,10.9,Closed
INC-02159,SITE-002,2024-11-08T00:00:00Z,Near Miss,Critical,57.0,Mr pattern home we unit break begin nation surface.,Sensor Malfunction,3.4,Open
INC-05086,SITE-004,2025-12-10,Near Miss,Low,92.2,Still people resource cup community apply.,Sensor Malfunction,6.5,Open
INC-00762,SITE-002,2024-03-01,near miss,Critical,57.8,Good body box already try believe send pull center focus lot offer.,Operator Error,23.2,Under Investigation
INC-00234,SITE-002,2026-04-27,Leak,Medium,76.0,Old professor light mother director opportunity discussion activity hit.,Sensor Malfunction,8.0,Closed
INC-02543,SITE-002,2025-01-20,Near Miss,Medium,61.0,Sea rich test job person discussion what court TV inside hotel think employee born rest yard medical.,Sensor Malfunction,23.1,Under Investigation
INC-02444,SITE-003,2026-02-25,Spill,Critical,45.6,House professional their get conference serve boy individual top service major among activity.,Operator Error,0.5,Under Investigation
INC-01781,SITE-002,2023-10-07,Spill,,58.8,System company building stuff final beautiful.,Operator Error,1.8,Closed
INC-00624,SITE-006,2025-11-17,Leak,,63.7,Man process police it summer indeed myself close meet bar technology course away.,Sensor Malfunction,4.8,Closed
INC-05112,SITE-003,2025-10-19,Leak,Critical,27.4,Director threat skill both forward common sit.,Valve Failure,8.7,Closed
INC-01629,SITE-001,2024-10-01,Spill,Critical,48.2,Staff although general direction lawyer force shake woman.,Valve Failure,4.4,Closed
INC-03002,SITE-001,2025-08-25,Near Miss,High,75.9,Detail newspaper catch five character possible.,Material Fatigue,5.5,Under Investigation
INC-03312,SITE-004,2025-10-12,Leak,Medium,94.8,Speech modern development responsibility doctor last before adult protect series everybody here wind box election.,Sensor Malfunction,11.3,Closed
INC-02604,SITE-001,2025-02-23,Equipment Failure,High,57.9,Politics stage trouble short under.,Corrosion,2.1,Under Investigation
INC-02371,SITE-006,01/29/2025,Spill,Low,92.6,Her son piece feeling option another moment war right home industry.,Operator Error,5.9,Closed
INC-02304,SITE-002,2024-10-18,Equipment Failure,,76.5,Morning firm along prevent human.,Corrosion,5.8,Closed
INC-02909,SITE-003,2023-07-25,Fire, medium,75.9,City what call anything pull guess fund lose camera me.,Sensor Malfunction,15.8,Open
INC-00497,SITE-006,05/01/2025,Spill,High,68.8,Your relationship memory campaign important two far several already.,Operator Error,2.4,Closed
INC-05346,SITE-003,2023-11-26,Spill ,Critical,26.0,Over say store professor call somebody require owner many example relate network trial though rule administration.,Corrosion,5.6,Closed
INC-01662,SITE-003,2025-01-15,Near Miss,Medium,80.2,Suffer find research no wind identify day.,Valve Failure,13.1,Open
INC-03191,SITE-001,2025-01-26,Leak,High,60.9,Heart hard bag approach today piece.,Material Fatigue,7.9,Closed
INC-05138,SITE-004,2025-03-29,Equipment Failure,High,71.7,Care system lawyer home small different wall soon coach.,Corrosion,26.2,Open
INC-03078,SITE-003,2025-09-11,Spill,Critical,34.9,Attack age under especially public this style physical word adult would least job win church sure.,Corrosion,6.8,Open
INC-02219,SITE-005,2024-02-06,Leak,Medium,81.1,Kind less six question situation investment painting ago.,Third-party Damage,1.0,Closed
INC-01401,SITE-001,2025-11-30,Fire,Low,73.8,Economic three occur reason before around.,,17.4,Under Investigation
INC-05306,SITE-004,2024-01-01,Equipment Failure,Low,90.8,Can style major market cultural.,Material Fatigue,8.9,Open
INC-02716,SITE-006,2025-07-05,Leak,High,52.0,Big public total material material account camera.,Corrosion,12.3,Open
INC-01442,SITE-001,2023-09-19,Near Miss,,76.9,Mr open establish significant focus college writer citizen strategy voice turn debate which there.,Valve Failure,12.7,Under Investigation
INC-02307,SITE-005,2025-01-13,Equipment Failure,Low,82.5,Test language career building writer plant full Congress raise subject charge positive.,Valve Failure,7.8,Open
INC-04766,SITE-006,2024-09-28,Equipment Failure,Critical,51.8,Remain crime old agree draw air state whom.,Corrosion,5.2,Under Investigation
INC-01533,SITE-004,2025-12-03,Leak,CRITICAL,35.4,Partner apply employee realize side.,Corrosion,1.6,Closed
INC-02285,SITE-002,2026-07-05,Spill,Medium ,69.3,Positive between whether somebody against piece evening week strategy show.,Third-party Damage,6.4,Open
INC-05810,SITE-006,2023-10-18,Leak,,74.3,Money who value still least culture central their leader four turn trade them idea effect nation close.,Valve Failure,12.4,Open
INC-01498,SITE-004,2024-09-05,Leak,Medium,64.8,Office process control organization financial news new cut artist claim.,Sensor Malfunction,5.9,Closed
INC-03802,SITE-005,2026-06-26,Fire,Critical,45.8,Eye rather fall charge everything that newspaper color seven.,Third-party Damage,22.2,Closed
INC-00322,SITE-003,2026-04-17,Equipment Failure,High,46.1,Prepare feel notice alone represent machine lead of her.,Material Fatigue,16.0,Closed
INC-05928,SITE-003,2026-02-03,Near Miss,High,62.9,Become turn American organization per moment full certain relationship west TV staff choice environmental pick power nearly particular beyond.,Third-party Damage,9.4,Open
INC-03545,SITE-005,2025-06-28,Leak,Medium,75.1,Both weight real indeed television time change they benefit news model past everybody.,Corrosion,9.0,Closed
INC-04357,SITE-005,2025-11-04,Equipment Failure,Low,-12.3,Business try Mrs describe energy if show hotel bit short defense out.,Operator Error,5.4,Closed
INC-02900,SITE-001,2025-07-26,Equipment Failure,Low,80.5,Sign face quite money beyond for our politics prove whose.,Third-party Damage,3.3,Closed
INC-02530,SITE-006,2024-08-08,Leak,Critical,37.8,Letter stay want choose paper machine.,Sensor Malfunction,3.2,Open
INC-05117,SITE-003,01/01/2024,Leak,Medium,70.1,Order big only plan watch section throw open religious customer network.,,11.2,Closed
INC-03271,SITE-002,2025-07-11,Equipment Failure,Medium,67.0,Baby why home step skin property system adult already occur born development.,Operator Error,12.3,Open
INC-05429,SITE-005,2024-01-19T00:00:00Z,Equipment Failure,Low,86.1,During friend sport eye through watch everybody foot production beat term well machine six artist.,Sensor Malfunction,17.3,Under Investigation
INC-03261,SITE-005,2023-12-30,Near Miss,Low,94.0,Break listen require do significant present home business range tax red single recent real.,Third-party Damage,10.6,Open
INC-01473,SITE-002,2024-05-17,Leak,medium,67.7,Benefit nothing product rather research involve response fast recognize close effect control air drive church half glass positive plant.,Sensor Malfunction,3.0,Open
INC-00599,SITE-003,10/13/2023,Spill,,60.0,World himself information range.,Corrosion,7.0,Closed
INC-05824,SITE-005,2023-12-17,Fire, Low,89.6,Require American another smile church him listen according forget we.,,2.3,Closed
INC-00168,SITE-005,2025-10-04,EQUIPMENT FAILURE,High,65.6,Health story hope.,Third-party Damage,3.0,Closed
INC-05340,SITE-001,2026-06-28,Fire,medium,78.3,Main attention view into type everybody smile need work end peace he wonder front natural set.,Valve Failure,7.2,Open
INC-03484,SITE-003,2025-02-02,Equipment Failure,Medium,82.0,Turn official cut little talk might.,Operator Error,1.9,Closed
INC-00464,SITE-005,2025-04-06,,Low,86.2,Appear tree billion plan beautiful another lose meet season per glass such car state turn start issue foreign for.,Operator Error,3.5,Open
INC-02556,SITE-004,2025-03-20,Near Miss,Medium,74.3,Because little something suddenly do everything hotel pretty.,Sensor Malfunction,5.5,Open
INC-04988,SITE-004,2024-10-27,Equipment Failure,Low,88.8,Art apply teach pass human sister theory group six occur above without front.,Valve Failure,8.1,Closed
INC-04641,SITE-006,12/16/2025,Spill,High,66.2,Level research low back else market customer mission serve play what chance past.,,6.1,Under Investigation
INC-01326,SITE-006,19/11/2025,Leak,Critical,53.9,Memory concern analysis manager shake ready above thank great hundred movement successful risk.,Third-party Damage,5.9,Open
INC-03009,SITE-002,2025-06-22,Leak,Low,87.7,Week season easy audience space door discuss land short forget explain.,Corrosion,7.4,Under Investigation
INC-02385,SITE-005,2025-07-11,Near Miss,Critical,61.2,Attorney clearly specific vote official ability plan coach page we skill coach fear.,,4.4,Open
INC-04623,SITE-006,2023-11-13,leak,Critical,40.7,Avoid try million provide some himself window western.,Operator Error,6.1,Under Investigation
INC-04332,SITE-003,10-Jul-2024,Equipment Failure,High,66.8,Safe central up democratic speak response.,Corrosion,2.9,Closed
INC-01627,SITE-005,2026-02-11,Equipment Failure, medium,75.7,Reflect carry seek take more claim personal executive crime.,Corrosion,9.6,Open
INC-02246,SITE-004,10/11/2024,Leak,,62.0,Century market trip factor imagine feeling agree yeah local half radio trip use.,Third-party Damage,15.4,Under Investigation
INC-04288,SITE-003,2025-03-20,Spill,Critical,37.3,Arrive culture factor edge officer accept.,Valve Failure,10.2,Open
INC-04140,SITE-003,2025-04-01,Leak,High,55.5,Good east meeting election seven too pay student assume imagine.,Third-party Damage,1.5,Closed
INC-00552,SITE-006,2023-08-05,Equipment Failure,Medium,66.8,Pass information cell particular fear describe end herself positive.,Material Fatigue,13.0,Under Investigation
INC-04654,SITE-002,13-Jan-2024,Equipment Failure,High,-12.3,Than fill visit student central ask draw simple move.,,30.9,Closed
INC-03150,SITE-001,2025-06-12,Leak,Medium,86.3,Black city may paper science step option leave stand suffer east study safe.,,7.2,Closed
INC-04094,SITE-006,2025-06-25,Leak,High,54.9,Class detail organization explain nature talk about rate people lay.,Third-party Damage,2.4,Closed
INC-00696,SITE-006,2025-12-05T00:00:00Z,Leak,High,57.7,Nearly west kind energy during partner team method subject live amount.,Corrosion,13.2,Under Investigation
INC-03792,SITE-005,10-Oct-2023,Leak,High,66.1,Amount wait use economic main forget popular pay care painting air expert.,Corrosion,5.7,Under Investigation
INC-01216,SITE-003,2023-12-02,Near Miss,Med,88.9,Recently continue maybe what him however.,Third-party Damage,5.7,Under Investigation
INC-04384,SITE-003,2024-07-14,Near Miss,Medium,82.1,Fund sea prove maintain market measure last dark maybe that on remember base analysis.,Corrosion,26.8,Open
INC-05023,SITE-005,2025-11-26,Near Miss,High,48.4,System human minute any agree lead term site.,Third-party Damage,3.6,Under Investigation
INC-03072,SITE-003,2026-03-13,Leak,Low,93.1,Pay important stage politics PM away direction approach four leader account drive technology figure.,Operator Error,2.9,Under Investigation
INC-03374,SITE-004,2026-04-29,Spill,Medium,69.8,Protect in challenge impact decide reach listen anyone few successful.,,12.6,Under Investigation
INC-03682,SITE-002,2025-05-28,Equipment Failure,High,69.6,Brother that listen when talk owner investment technology goal ahead keep politics film skill.,Material Fatigue,16.3,Open
INC-01757,SITE-003,2026-04-13,Fire,Medium,75.0,Stock administration method clearly behavior finally while before religious.,Third-party Damage,16.8,Under Investigation
INC-04573,SITE-003,2024-06-20,leak,High,55.2,Which idea apply grow ground huge reason popular modern seem program.,Operator Error,3.7,Closed
INC-00427,SITE-006,2024-07-22,Leak,CRITICAL,55.5,Commercial eight participant report.,Material Fatigue,16.3,Open
INC-05395,SITE-001,2026-02-10,Equipment Failure,Medium,76.7,Loss news over authority traditional design.,,3.3,Closed
INC-03571,SITE-002,2024-08-26,Oil Leak,High,59.3,Value what art push debate happen feeling can tend else three evidence ask later should red no plant follow.,,1.4,Under Investigation
INC-01241,SITE-004,2026-05-10,Spill,Medium,74.7,Today TV chance focus rest hope address detail south contain.,Valve Failure,11.2,Closed
INC-00798,SITE-002,2026-03-26,Spill,High,51.9,Mrs traditional single.,Third-party Damage,1.9,Open
INC-00412,SITE-006,2026-07-02,Spill,HIGH,60.2,Read change could sell authority more between arm through.,Third-party Damage,5.6,Open
INC-03864,SITE-006,2026-07-23,Spill ,Critical,28.8,Star color meeting positive so fire team.,,7.9,Closed
INC-04701,SITE-003,2024-07-21,Spill,Medium,75.6,Lay true agreement before green season free method suddenly bag.,,5.1,Under Investigation
INC-00352,SITE-003,2025-08-28,leak,Critical,72.1,Similar cause head probably accept property include girl situation quality guy wonder choice tonight road.,Sensor Malfunction,0.9,Closed
INC-04906,SITE-002,2026-01-09,Leak,Low,100.0,Energy body face program seek responsibility direction floor serious service side.,Sensor Malfunction,4.9,Under Investigation
INC-02597,SITE-001,2023-09-03,Equipment Failure,Low,80.0,Standard it reach that quite woman radio race mouth wish industry.,Valve Failure,13.4,Open
INC-05554,SITE-005,2026-04-18,Fire,critical,36.3,He discover bad last serious central score top.,Corrosion,1.5,Open
INC-01343,SITE-001,2026-09-28,Leak,Critical,58.1,Lawyer fire discussion production billion lead explain medical thing Mr.,Third-party Damage,7.6,Open
INC-02002,SITE-005,2026-02-15,Near Miss,Low,100.0,Ago daughter ability page quickly method various.,Third-party Damage,6.7,Open
INC-02555,SITE-002,2024-06-04,Equipment Failure,Low,84.9,Girl eye range bar total moment argue citizen.,Corrosion,1.5,Under Investigation
INC-03626,SITE-005,03-Feb-2026,Near Miss,Low,94.2,Space idea however drop at no good itself day.,,9.9,Open
INC-05143,SITE-003,2023-10-23,Equipment Failure,HIGH,67.6,Career strategy take leader eight human five five wrong court station cost.,Material Fatigue,7.7,Open
INC-01620,SITE-003,23/06/2024,Equipment Failure,Low,83.7,Gun seem financial write success police together.,Valve Failure,5.9,Open
INC-01449,SITE-004,05-Aug-2024,Equipment Failure,Medium,76.1,Address success idea wait dog finish recent north write.,,8.7,Open
INC-00319,SITE-005,2025-01-09,Near Miss,Medium,67.1,Effect door first sing pick wrong necessary five argue.,Operator Error,8.8,Under Investigation
INC-00137,SITE-005,2024-04-21,Near Miss,Medium,84.3,Edge both know five how college article field family experience.,Third-party Damage,11.0,Closed
INC-01048,SITE-006,2025-06-17,Equipment Failure,Medium,78.7,Right speech attention probably money board level region remain.,Third-party Damage,3.3,Closed
INC-05781,SITE-003,2026-01-27, Leak,Low,104.0,Thousand number dark win popular store yard compare detail lay.,Operator Error,14.1,Under Investigation
INC-01141,SITE-003,2025-02-26,Oil Leak,high,57.4,Technology song ready political somebody modern peace.,,13.0,Open
INC-04706,SITE-006,2024-12-27,Equipment Failure,High,73.4,Treat always test north artist machine west fall long.,,6.1,Closed
INC-04287,SITE-002,2026-07-21,NEAR MISS,Medium,76.7,Nation miss environmental dream real share special red ok sister material.,Material Fatigue,1.2,Open
INC-02333,SITE-004,04/29/2026,Near Miss,,84.2,Floor receive large town by smile so society city growth economy camera look hand plant use start long community.,Corrosion,6.8,Closed
INC-02622,SITE-001,2025-08-28,Fire,Critical,67.1,Suggest religious reflect great bring think president word each value focus pay rather film.,,13.6,Open
INC-04709,SITE-001,2025-07-30,Fire ,Low,83.5,Per call training trip director next test represent cold rather shake not company then stand that plant.,Third-party Damage,4.4,Open
INC-01281,SITE-005,2025-07-18,Equipment Failure,Low,86.7,Parent dream community anything hour there ahead TV program after record land red my study discussion hospital know open no.,Sensor Malfunction,2.3,Closed
INC-01068,SITE-005,2025-01-09,Leak,Low,94.3,Large control serious whose.,Operator Error,2.9,Open
INC-01861,SITE-006,2024-01-04,Near Miss,Low,94.0,Administration community defense head number charge significant skin happen traditional firm expect.,Material Fatigue,0.6,Under Investigation
INC-04668,SITE-006,01/07/2026,Spill,Low,94.3,Skin learn eight camera government arrive.,Valve Failure,12.1,Under Investigation
INC-00987,SITE-001,2026-04-27,Spill,Medium,97.3,Often our position turn amount necessary plant east poor partner memory money.,Corrosion,4.9,Open
INC-04346,SITE-003,2023-08-11T00:00:00Z,Equipment Failure,Low,99.6,Almost tend century reach hair let many.,Valve Failure,1.5,Open
INC-03946,SITE-003,2023-09-10,Near Miss,High,49.4,Next long test child front idea tend.,Third-party Damage,14.5,Closed
INC-05892,SITE-004,2025-02-05,Fire,Low,82.8,Themselves behavior west official current need before.,Valve Failure,6.9,Under Investigation
INC-02480,SITE-001,2025-11-04,Leak, medium,78.7,Player save score student record recognize.,Operator Error,10.2,Closed
INC-05925,SITE-004,14-May-2026,Spill,Medium,74.8,Drive name professional wish stuff official.,Sensor Malfunction,16.9,Open
INC-01383,SITE-003,2026-03-10,Equipment Failure,High,72.7,Positive probably just range show cell.,Material Fatigue,9.3,Open
INC-00862,SITE-004,2026-06-15,Fire,Low,77.8,Stage agreement street girl stock experience down trial production become nearly hundred.,Valve Failure,14.2,Open
INC-02181,SITE-003,2024-07-12,Leak,High,64.1,Natural evidence need easy development receive rise hour catch moment site when decision south.,Third-party Damage,5.5,Open
INC-01445,SITE-006,06/08/2025,Equipment Failure,Medium,63.1,Per manager table this movie future keep world change southern include single history business usually office after result particularly.,Valve Failure,8.3,Closed
INC-02646,SITE-006,2024-10-02,Near Miss,Critical,43.6,President work call contain rule.,Sensor Malfunction,4.8,Under Investigation
INC-00814,SITE-006,2024-01-08,Leak,Low,85.0,None fear summer his participant business produce should hundred decision.,Material Fatigue,6.3,Closed
INC-03209,SITE-001,2023-09-09,Equipment Failure,Medium,64.3,War amount parent draw east determine program action.,Sensor Malfunction,4.7,Open
INC-04635,SITE-003,2024-07-25,Leak,High,44.9,Beautiful full them sign behind news analysis enjoy try report wide individual family watch the group natural.,,20.6,Closed
INC-02595,SITE-003,2024-07-11,Leak,Critical,41.6,North activity can year past school must.,Corrosion,4.4,Open
INC-05254,SITE-001,2025-07-27,Spill,Medium,75.4,Eat appear lawyer evening agency look.,,11.0,Open
INC-02109,SITE-006,10/11/2025,Spill,Medium,67.9,Civil year key list exist science tax employee.,Corrosion,0.3,Open
INC-04833,SITE-003,2024-08-03,Near Miss,Critical,46.4,Dinner dark speak much case face current model let doctor.,Valve Failure,14.3,Under Investigation
INC-00958,SITE-005,2025-06-28,Fire,Medium,94.1,Simply step surface thousand teacher meet practice.,Material Fatigue,8.6,Open
INC-02050,SITE-002,2024-02-15,LEAK,Medium,66.6,Become put best career will as value help under wonder fall region yourself structure pass human beyond decision must but.,Material Fatigue,10.4,Open
INC-03492,SITE-005,2026-07-03,Near Miss,High,47.5,Minute charge occur various right end situation drug him skill thus.,,8.5,Open
INC-02496,SITE-003,2026-08-08,Leak,Low,85.8,Training claim writer blood build rule ago yet thousand.,Corrosion,10.4,Closed
INC-01937,SITE-006,23/09/2023,Fire,Critical,18.3,Kind know spend first subject her picture story.,,11.6,Closed
INC-04007,SITE-001,2026-08-03,leak,Critical,38.8,Pick cover attention great issue community item laugh.,Operator Error,9.3,Open
INC-02854,SITE-003,2023-07-29,,Medium,79.9,Material both arm husband.,Sensor Malfunction,2.5,Under Investigation
INC-02391,SITE-003,2024-06-26,Leak,High,51.9,Amount probably method decade sound center window carry phone coach.,Corrosion,5.2,Closed
INC-04142,SITE-004,2024-02-10,Equipment Failure,,78.8,Employee move election east customer station partner best quite finish prepare small.,Material Fatigue,2.0,Closed
INC-00680,SITE-006,2025-05-02,Fire,Critical,27.6,Mr future along save face raise late financial station begin service drug car.,,2.2,Under Investigation
INC-04145,SITE-004,2026-07-12,Equipment Failure,High,52.4,Anyone face try share American hold.,Valve Failure,14.4,Under Investigation
INC-00784,SITE-002,2025-06-12,Spill,low,90.0,Again look cup admit production pattern buy.,Corrosion,6.6,Closed
INC-00089,SITE-002,2024-07-02,Spill,Low,92.7,Worry field color career increase important east most per interesting.,Valve Failure,1.3,Open
INC-00992,SITE-003,2024-07-16,Spill,Critical,61.5,Action relationship continue stage measure seven identify meet once ability some say partner.,Valve Failure,11.7,Closed
INC-01881,SITE-006,2024-08-10, Leak,Critical,51.7,Economy movie rather.,Third-party Damage,2.0,Under Investigation
INC-01647,SITE-001,2025-01-29,Fire,Low,91.1,Bed assume its interesting study expect each prove.,Sensor Malfunction,5.2,Closed
INC-05677,SITE-005,2026-03-01,Spill,Critical,36.5,Beautiful computer live every style her a issue evidence commercial member likely.,Operator Error,7.1,Under Investigation
INC-04659,SITE-006,2025-07-18,Leak,Low,84.1,Base green former me American keep all with according because.,,8.8,Open
INC-02550,SITE-006,01/21/2024,Fire,High,70.7,Wide itself to argue chance last nation apply.,Sensor Malfunction,3.8,Open
INC-03669,SITE-006,2024-12-06,,Low,76.2,Remain change need relationship newspaper think game own it glass positive.,,6.1,Closed
INC-03760,SITE-004,2023-10-10,Leak, High,58.4,Son they beat industry show cause father during on ability turn item nature.,Corrosion,1.7,Under Investigation
INC-05343,SITE-002,2025-08-22,Leak,Low,87.3,Million huge instead usually list represent center.,Valve Failure,7.4,Open
INC-04596,SITE-004,20-Nov-2025,Equipment Failure,Low,96.7,Off bar color natural reflect up writer shake trouble might when.,,3.7,Open
INC-04151,SITE-006,2023-10-04,Spill,High,64.0,Describe game beat party education look ball specific whole prevent prevent discussion computer election attorney game.,Third-party Damage,0.1,Open
INC-03387,SITE-004,2024-02-09,Fire,Low,97.1,Book understand low together dream partner month pretty place present American reach better watch tell month issue probably within.,Sensor Malfunction,1.6,Closed
INC-01261,SITE-005,2025-08-13,Equipment Failure,Low,82.2,Laugh common finally weight far writer unit run including employee piece radio different report decide reveal skin wear necessary.,Material Fatigue,3.0,Closed
INC-02935,SITE-004,2024-03-24T00:00:00Z,Near Miss,Low,90.8,Environmental police father star my animal especially image catch usually close.,Sensor Malfunction,18.3,Under Investigation
INC-02419,SITE-005,2024-01-11,Leak,High,44.9,Above participant represent yeah center line.,Sensor Malfunction,3.6,Under Investigation
INC-01827,SITE-005,2024-06-25,Fire,High,59.3,Eight feeling spend above exist back anything a improve be owner decision small still himself reveal.,Corrosion,4.5,Under Investigation
INC-04831,SITE-005,2025-04-17,Equipment Failure,Medium,80.0,Certain involve woman everyone difficult nation people kitchen return.,Operator Error,4.0,Open
INC-03844,SITE-003,2024-05-23,Leak,Medium,69.4,Chair part road sort would strategy key will pay truth heart project hundred.,Corrosion,14.2,Open
INC-03940,SITE-002,2024-09-19,Near Miss,Low,83.5,Movement stage item eat money actually mind perform grow any special moment.,Corrosion,7.3,Open
INC-00019,SITE-006,2024-04-12,Near Miss,Low,85.8,Tell contain direction field.,Sensor Malfunction,4.4,Closed
INC-01693,SITE-003,2023-09-08,Equipment Failure,high,63.1,Behavior fire law themselves area lay security two call only ago make.,Operator Error,3.6,Open
INC-03416,SITE-001,2024-10-04,Near Miss,High,57.7,Million reality financial different foot carry single.,Corrosion,2.9,Closed
INC-02408,SITE-004,2024-03-18T00:00:00Z,Near Miss,Medium ,68.1,Ready meeting lose media sometimes black north end tend defense party style cover popular program attorney take.,Third-party Damage,12.0,Under Investigation
INC-00515,SITE-006,2025-04-22,Leak,High,46.9,Reveal find measure speak use interview who region white us late many again do public.,Corrosion,8.2,Open
INC-00099,SITE-001,2023-11-07,Equipment Failure,Low,98.0,If its cover instead feeling position church thing like moment able.,Sensor Malfunction,1.9,Closed
INC-00983,SITE-003,2025-05-18,Equipment Failure,Critical,38.2,Reduce enjoy organization soon turn threat every successful yeah leave.,Operator Error,5.6,Closed
INC-00240,SITE-002,2024-09-02,Near Miss,Medium,75.3,Concern half finish opportunity low yeah establish.,Third-party Damage,2.1,Closed
INC-00045,SITE-004,2024-07-26,Near  Miss,,80.5,Send picture moment own step evening break.,Sensor Malfunction,8.5,Closed
INC-02921,SITE-006,2025-03-13,Leak,,64.2,Affect accept usually performance toward can would specific commercial enough stop.,Third-party Damage,2.0,Under Investigation
INC-02839,SITE-001,2025-09-13,Fire,High,43.4,Various blood down party build half institution per may.,,4.0,Under Investigation
INC-02769,SITE-005,2025-11-09T00:00:00Z,Leak,Medium,70.6,Design class rest perform car local watch.,Sensor Malfunction,3.0,Closed
INC-02097,SITE-003,2025-10-04,Leak,Critical,50.8,Usually firm particularly first size knowledge social sing there human choose late network.,Operator Error,6.1,Under Investigation
INC-04061,SITE-004,2024-06-17,Spill,High,70.9,Green bed save central argue hour.,Operator Error,10.1,Open
INC-02509,SITE-004,2023-08-20,Equipment Failure,Low,85.3,Professor no military peace stuff loss artist network garden himself friend your ball mouth.,Corrosion,10.2,Under Investigation
INC-05770,SITE-003,2023-08-06,Fire,High,41.7,Soldier money the relationship view but project news land forward avoid.,Valve Failure,9.6,Under Investigation
INC-02425,SITE-004,2023-09-18,Leak,Low,94.0,Wait health from method score pay way story pretty between conference audience meet national.,Third-party Damage,0.4,Under Investigation
INC-01054,SITE-003,2024-01-11,Leak,Critical,40.7,Everybody prove size focus upon it.,,6.8,Under Investigation
INC-05247,SITE-004,2025-02-07,Near Miss,Medium,77.3,Check keep care truth quite case actually ahead.,Operator Error,2.4,Closed
INC-01042,SITE-001,2026-06-12,Fire,Medium,68.4,Tend available easy couple success issue better method little spend become.,Material Fatigue,10.3,Open
INC-01713,SITE-003,2024-02-20,Equipment Failure,High,53.9,Green whatever it sport gun member become parent tree structure mean manager hair.,Material Fatigue,31.9,Under Investigation
INC-03037,SITE-002,30/05/2026,EQUIPMENT FAILURE,,88.1,Nothing half positive number east wonder field policy.,Valve Failure,5.3,Closed
INC-05907,SITE-006,2025-08-15T00:00:00Z,Spill,High,67.5,Herself day dog Democrat agree meeting animal thing defense.,Operator Error,7.2,Open
INC-02324,SITE-004,2023-08-13,Fire,Low,93.1,Whole strong southern certain ready charge lay against early become.,,2.7,Open
INC-00465,SITE-003,2024-11-06,Spill,High,46.3,Major figure party positive church thousand between instead beat you beautiful.,Valve Failure,3.0,Open
INC-01296,SITE-006,2024-11-22,Near Miss,low,84.7,Or answer when clear rise past official most student use plan gas three under.,Corrosion,19.6,Under Investigation
INC-01739,SITE-004,2026-06-14T00:00:00Z,Equipment Failure,High,50.3,Care city follow them staff method task police base.,Sensor Malfunction,6.7,Open
INC-05158,SITE-006,11/01/2024,Leak,High,57.2,Along professor method night consider pattern remember possible Mr analysis growth environmental hot help question.,,26.7,Under Investigation
INC-01488,SITE-003,2025-10-17T00:00:00Z,Equipment  Failure,Critical,17.2,Design else move both clear event authority party whose back it.,Material Fatigue,4.4,Closed
INC-01677,SITE-001,2025-01-27,Equipment Failure,Medium,82.2,Speech anyone future whether interview force national color eye operation.,Material Fatigue,7.9,Closed
INC-01671,SITE-002,2025-08-05,Leak,Low,81.6,Front at recognize test author gun available cause seem remember interesting ground nature shake past series recently.,Material Fatigue,10.0,Under Investigation
INC-01817,SITE-001,2025-11-22,Fire,Low,87.9,Image level truth heart for dog five out almost democratic decide.,Operator Error,1.8,Closed
INC-05837,SITE-006,2025-09-12,Spill,High,75.1,Product between pattern prepare field nor high write voice result lose.,Third-party Damage,11.5,Open
INC-01384,SITE-002,2025-11-05,Spill,Low,75.8,Heart now field provide risk cause fire southern land relationship respond together operation level likely.,,2.4,Closed
INC-02915,SITE-003,2025-02-04,Near Miss,High,61.8,Each medical chance someone young significant remember.,Operator Error,11.7,Under Investigation
INC-04559,SITE-005,2025-02-03,Near Miss,Medium,66.6,Hundred world scientist realize sure indicate wonder black full think.,Operator Error,3.9,Under Investigation
INC-03117,SITE-001,2025-02-10,Equipment Failure,Med,81.3,Let above war finish enter despite medical.,Corrosion,5.2,Open
INC-01994,SITE-002,2025-08-04,Near Miss,Low,82.2,However accept risk whom standard mouth which.,Operator Error,5.7,Open
INC-03560,SITE-006,10/07/2024,,High,51.6,Might message next region political truth bag.,Sensor Malfunction,18.4,Open
INC-04909,SITE-003,2026-01-30,Near Miss,High,56.8,She general sing tonight management century material message close leg lot often need.,,7.6,Open
INC-03174,SITE-003,2024-08-20,Near Miss,High,51.1,Difficult walk me throw traditional determine no large.,,24.1,Under Investigation
INC-01439,SITE-003,2023-11-23T00:00:00Z,Spill,,104.0,Near think five many environment enter official forget majority early nice contain research soldier issue four while girl.,Corrosion,3.4,Under Investigation
INC-03736,SITE-003,26/03/2026,Leak,Critical,47.4,Clearly take seem by than lawyer price night nature.,,10.7,Closed
INC-02397,SITE-006,2025-10-21,Spill,High,57.9,Including system church list unit.,,5.8,Under Investigation
INC-00214,SITE-006,30-Jan-2026,Spill,High,54.0,At wonder professor wrong ability economy until manage also lead yet best page president.,Valve Failure,3.4,Open
INC-01271,SITE-006,09/07/2023,Leak,Medium,65.4,Bar network morning short.,Valve Failure,7.7,Under Investigation
INC-04455,SITE-003,2023-08-16,Fire,High,47.9,Into idea air technology create list.,Valve Failure,7.3,Under Investigation
INC-00891,SITE-005,11/19/2023,Equipment Failure,Low,78.6,Site air college deal parent fly pull open check operation way democratic new total participant use just yes change season western.,Corrosion,17.4,Open
INC-01364,SITE-003,2024-08-03,Leak,Critical,22.7,About ok agency kid report paper.,Operator Error,9.6,Under Investigation
INC-01908,SITE-005,2025-11-04,Equipment Failure,Low,85.4,Reach medical bank measure allow likely they view science son level yourself prove first.,Third-party Damage,6.9,Under Investigation
INC-02059,SITE-002,2025-07-21,Near Miss,High,60.1,In quickly respond study capital director.,Third-party Damage,3.7,Closed
INC-02228,SITE-006,2026-03-26,Spill,High,47.4,Choice important behind growth add left great wish.,Material Fatigue,2.0,Under Investigation
INC-00507,SITE-001,15-Oct-2023,Spill, Low,89.5,Indicate next behind herself idea say mind message play fund.,Corrosion,2.2,Closed
INC-05662,SITE-001,2024-01-31,Leak,Medium,78.7,Choose health call reason last her our city head plan service.,Sensor Malfunction,4.6,Under Investigation
INC-00735,SITE-003,2024-03-09,Spill,High,55.5,Traditional practice process page say sometimes sing red specific.,Operator Error,19.4,Under Investigation
INC-00642,SITE-005,2023-10-02,Leak,,63.1,Officer learn assume increase.,Valve Failure,7.3,Open
INC-03973,SITE-001,2023-11-11,Fire,Hi,53.7,Race population indeed dream hear control.,Corrosion,2.1,Under Investigation
INC-00719,SITE-002,2026-03-24,Near Miss,Medium,68.8,Both capital project energy should write field option long something drug somebody.,Third-party Damage,7.0,Closed
INC-01888,SITE-006,2024-01-31,Near Miss,Low,86.1,Piece reflect job study usually operation show.,,5.5,Closed
INC-03382,SITE-003,2024-02-26,Near Miss,High,63.9,Can prevent five perhaps benefit left natural establish run various anything now government.,Material Fatigue,7.5,Under Investigation
INC-03773,SITE-005,2026-07-20,Near Miss,,55.6,Building husband election reveal yes fine.,Corrosion,4.9,Closed
INC-01561,SITE-006,09/03/2025,Leak,Medium,77.4,Technology wall attorney tonight ball wife.,Third-party Damage,10.2,Closed
INC-03603,SITE-005,2024-03-31,Fire,Medium,79.6,Partner foreign argue accept rich born true leg long.,Material Fatigue,5.0,Closed
INC-04904,SITE-002,06/23/2025,Leak,,85.2,Believe front better plan strategy doctor work long another.,Sensor Malfunction,11.0,Closed
INC-00793,SITE-004,2026-02-22,Leak,Medium,84.6,Woman must thus one lawyer born guy.,Valve Failure,8.1,Under Investigation
INC-05976,SITE-006,2024-07-25,Equipment Failure,Low,95.8,Respond east remember child but.,Operator Error,17.4,Open
INC-01836,SITE-006,2025-10-14,Near Miss,Critical,51.3,Every might eight anything actually media mission herself industry front end billion.,Sensor Malfunction,5.1,Open
INC-01484,SITE-006,2026-04-08,Leak,High,70.7,Fear less song garden near take positive southern what one soldier arm term.,,3.3,Under Investigation
INC-01307,SITE-004,2023-09-30,EQUIPMENT FAILURE,High,62.0,Around child crime effect hold take model customer moment least.,Operator Error,3.9,Open
INC-01819,SITE-004,2024-10-08,Leak,Medium,68.8,Bring have recent without enough lose share meet arm measure position themselves hit light until.,Corrosion,7.2,Closed
INC-02732,SITE-003,2023-10-27,Near Miss, High,51.3,Difficult season behind card even when understand book majority morning part surface do reveal course office.,Third-party Damage,7.4,Open
INC-03192,SITE-002,2025-05-16,Equipment Failure,Medium,67.2,Lay tell enough financial field law standard type shoulder yard whatever thing unit lose.,Sensor Malfunction,3.0,Under Investigation
INC-02850,SITE-001,2023-10-20,Equipment Failure,Medium,92.9,News family standard girl subject with will audience mention.,Third-party Damage,2.2,Open
INC-03564,SITE-003,2025-11-28,Near Miss,Medium,82.2,Discuss business rule rule follow hit bit.,,2.4,Open
INC-02947,SITE-005,2024-06-19,Spill,Critical,36.7,Doctor part then eye western whether middle.,Operator Error,13.9,Open
INC-05875,SITE-001,2026-03-26,Equipment Failure,Low,97.3,Great value say recently stage bill happy down option wonder begin eat loss set.,Corrosion,6.4,Open
INC-05273,SITE-002,2026-05-23,Fire,Low,81.2,Cold dinner participant chance wait beyond.,Third-party Damage,2.8,Open
INC-01666,SITE-002,2025-04-12,Spill,critical,41.7,Realize trade career civil however him.,Third-party Damage,12.1,Closed
INC-05135,SITE-004,2024-04-12,Near Miss,Critical,50.7,Notice significant outside how attorney have general.,Third-party Damage,4.8,Open
INC-04947,SITE-005,26-Nov-2025,Leak,Medium,91.5,True next seat reality.,Operator Error,4.4,Open
INC-04533,SITE-001,2024-12-10,Equip. Failure,Low,80.5,Material marriage arrive loss radio.,Third-party Damage,2.4,Closed
INC-02100,SITE-004,2023-08-01T00:00:00Z,Equipment Failure,Medium,81.2,Guy sure responsibility high apply wall.,Valve Failure,9.8,Under Investigation
INC-01395,SITE-006,2026-04-24,,High,58.6,Team guess we author relate magazine industry newspaper they series see save join hear.,Sensor Malfunction,6.1,Under Investigation
INC-01676,SITE-005,2024-02-16,Leak,Medium,79.7,Any too card west few you authority rate talk.,Valve Failure,3.2,Open
INC-01507,SITE-001,2024-08-01,Fire,High,74.1,Argue miss beautiful right huge strong cell world.,Material Fatigue,8.9,Closed
INC-00169,SITE-003,2025-06-08,Near Miss,medium,88.6,Specific star specific recently southern model include today machine hear.,Material Fatigue,6.8,Under Investigation
INC-00840,SITE-006,2025-01-22,Near Miss,Low,93.5,Difficult key hair his yourself amount red medical a.,Operator Error,4.7,Open
INC-04532,SITE-003,2024-08-14,Near Miss,Critical,48.4,Social over fill drug benefit act it vote population color after claim speech prove former.,,17.4,Under Investigation
INC-04513,SITE-005,10/12/2025,Spill,MEDIUM,68.2,Suddenly certain blue fund company its hospital huge order.,,6.4,Open
INC-05185,SITE-006,2024-04-15,Spill,High,71.6,Itself think beyond manage opportunity indicate service front.,Valve Failure,6.9,Closed
INC-05680,SITE-003,2024-02-18,Leak,Critical,41.2,How large animal it certainly identify onto police seven season nothing evidence parent thank.,Valve Failure,4.8,Under Investigation
INC-04521,SITE-002,2025-05-05,Leak,High,61.6,Thing poor class cost spend reflect bank organization leader affect ability seem month take.,Corrosion,10.7,Closed
INC-04039,SITE-004,2024-03-14,Near Miss,Low,89.6,Future suggest recent religious rest then section product.,Material Fatigue,1.9,Open
INC-05967,SITE-006,2024-08-10,Leak,Medium,69.2,Computer activity story practice each daughter century avoid yard century.,Operator Error,9.8,Under Investigation
INC-03584,SITE-004,12-Sep-2024,Fire,Lo,86.5,Control newspaper thus suddenly few four it beautiful.,,7.5,Closed
INC-00203,SITE-006,2024-03-31,,High,41.2,Task threat another find perform though enough animal leader choice.,,1.9,Open
INC-02431,SITE-006,2024-03-27,EQUIPMENT FAILURE,Medium,75.3,Physical religious option build grow she.,Material Fatigue,3.2,Under Investigation
INC-01434,SITE-005,2025-05-16,Spill,Low,86.0,Sort bit agent always together interest.,Material Fatigue,5.1,Under Investigation
INC-05704,SITE-002,2025-06-20,leak ,Medium,64.1,Arm skill cup alone quality system list dark me special various once remain others smile.,,8.6,Open
INC-05991,SITE-005,2024-05-05,Near Miss,Med,81.7,Science kind small media tough stock one dream charge.,Valve Failure,2.9,Closed
INC-05265,SITE-006,2025-01-06, spill ,High,57.7,Glass join long picture war.,Operator Error,11.0,Under Investigation
INC-01374,SITE-003,2023-12-28,Spill,Critical,47.9,Likely board simple list account that around number practice finally.,Third-party Damage,4.2,Closed
INC-05310,SITE-004,2024-12-17,Fire,Critical,58.4,Look half participant respond voice federal why.,Valve Failure,16.2,Open
INC-05905,SITE-004,2025-02-12,Leak,Medium,79.9,Behind admit such community full protect rate last number write Mrs training most feeling identify couple.,Operator Error,13.1,Under Investigation
INC-02373,SITE-005,2026-06-02,Near Miss,Low,85.7,List marriage ten artist family wonder to move board event.,Valve Failure,4.4,Closed
INC-05154,SITE-003,2024-01-06,Equipment Failure,,57.8,Dark friend tough box management team various across.,Third-party Damage,11.7,Open
INC-04276,SITE-005,03-Jan-2025,Spill,Medium,-5.0,Cup finally need truth fall reach particularly.,Sensor Malfunction,7.8,Open
INC-02838,SITE-002,2024-04-14,,High,72.3,Hard piece everybody seem.,Third-party Damage,4.7,Open
INC-02598,SITE-006,09/14/2024,Leak,Critical,32.1,Help south better among bed.,,1.1,Closed
INC-01928,SITE-003,2025-11-29,Spill,High,57.8,Community seat I year development watch some even.,Sensor Malfunction,10.3,Under Investigation
INC-03171,SITE-001,2023-08-13,Fire,Low,89.8,Cultural discuss lot keep impact kitchen close form with sell around represent.,Operator Error,20.8,Open
INC-02065,SITE-004,2023-10-22,Near Miss,Medium,83.6,Instead deep many deep ago pass nature or professor.,Sensor Malfunction,15.1,Under Investigation
INC-05658,SITE-004,2024-08-05,Fire,Lo,90.0,Difficult four politics thousand kind growth develop two upon team investment blue.,,9.3,Under Investigation
INC-05693,SITE-004,2025-01-16,Near Miss,High,50.7,Never research stop level why west husband.,Third-party Damage,20.3,Under Investigation
INC-03533,SITE-001,2023-12-18,Near Miss,Low,82.4,Student half official notice save these people resource project dream staff first hand since on.,Material Fatigue,6.8,Open
INC-05196,SITE-005,2025-07-20,Fire,Medium,93.8,Including security fund girl southern clearly low hot actually produce teach thus.,Sensor Malfunction,5.4,Closed
INC-04603,SITE-006,2026-02-03,Fire,Critical,40.0,Near seek sea leave what discuss key economy west focus peace someone become part.,Sensor Malfunction,6.2,Open
INC-00740,SITE-006,2025-07-07T00:00:00Z,Spill,Critical,76.8,Writer gun region point discussion know factor choice.,Third-party Damage,7.3,Under Investigation
INC-03361,SITE-004,2025-11-11,Equipment Failure,Medium,79.8,Happy their decade network continue statement movement.,,3.2,Closed
INC-01070,SITE-005,2026-05-20T00:00:00Z,Near Miss,Medium,69.6,Occur determine successful policy nothing world wife whatever recognize.,Operator Error,2.6,Under Investigation
INC-05652,SITE-005,2024-11-12, fire,Low,91.6,Avoid drug none politics federal yard thus then difference physical individual effort poor body who hot body thing.,Sensor Malfunction,3.4,Open
INC-04851,SITE-002,2026-04-04,Near Miss,Low,74.9,American American behind exist should start.,Material Fatigue,12.7,Under Investigation
INC-04153,SITE-005,2025-12-09,Fire,Critical,-5.0,Deal vote actually simple apply affect have leg price.,Sensor Malfunction,5.5,Under Investigation
INC-05490,SITE-005,2026-07-20,Near Miss,Low,98.0,Page up face save coach pay law.,Operator Error,2.9,Under Investigation
INC-02257,SITE-006,2025-09-25,Leak,High,61.5,Station listen indicate work phone see Mrs short.,Valve Failure,6.9,Open
INC-00440,SITE-004,2025-05-23,Near Miss,Medium,79.7,Newspaper would common respond.,Valve Failure,9.0,Under Investigation
INC-04084,SITE-003,2026-03-26,Equipment Failure,Low,89.5,Task gas nearly stop author real one market race away grow board degree six.,Third-party Damage,14.3,Closed
INC-00700,SITE-002,2023-12-26,Near Miss,Medium,77.0,Population since collection resource require threat for reality appear civil.,Corrosion,7.9,Under Investigation
INC-04087,SITE-004,2025-02-01,Spill,Critical,30.0,Force various article represent wait drop show six dinner where trial.,Third-party Damage,26.6,Under Investigation
INC-02132,SITE-006,2026-01-29,Fire,High,45.1,Trade government better write tax discuss certainly pay necessary itself project third.,,7.8,Closed
INC-04540,SITE-001,2023-10-24,Near Miss,Medium,75.3,Follow none feel weight analysis section share show pay carry husband lay enjoy.,Valve Failure,7.8,Under Investigation
INC-02822,SITE-001,2026-04-07,Fire,,84.7,Miss by subject save no author a image pull nearly table military around individual old.,Valve Failure,20.4,Closed
INC-02726,SITE-001,2023-11-16,Leak,Critical,43.1,Three protect one individual feel theory course another ball issue him.,Third-party Damage,6.7,Open
INC-03102,SITE-001,2023-12-07,Near Miss,Low,85.3,Option quite wait white serve unit wall wear.,Third-party Damage,10.1,Under Investigation
INC-02506,SITE-003,2025-07-28,Spill,Critical,38.5,Sort political everyone follow generation perform later news old.,Operator Error,12.7,Open
INC-02596,SITE-002,2024-07-15,Fire ,Medium,71.9,Nothing remain various build expect appear because develop lose model president why past.,,1.4,Closed
INC-05841,SITE-005,2024-10-21,Near Miss,Low,89.7,Better bill week art necessary challenge young anything image despite herself let turn.,Third-party Damage,4.0,Closed
INC-01234,SITE-003,2025-08-09,Spill,Critical,52.1,Interesting question certain child thus happy which feeling human at.,Valve Failure,19.0,Closed
INC-05334,SITE-004,2025-03-13,Near Miss,High,58.8,Early response military avoid under you office offer history.,Sensor Malfunction,7.9,Closed
INC-05284,SITE-005,2025-06-06,Near Miss,Low,82.7,Hard term blood another physical clear.,Operator Error,8.3,Under Investigation
INC-00053,SITE-003,2023-07-29,Leak,High,51.0,Week eight beyond piece draw record authority fall garden current but activity member meet.,Operator Error,4.9,Open
INC-03991,SITE-003,2025-11-04,,Medium,62.4,Employee model Republican individual include enter.,Operator Error,0.7,Closed
INC-04777,SITE-006,2024-07-31T00:00:00Z,Equipment Failure,High,70.1,Administration relate current build even alone call election time agreement.,Valve Failure,14.2,Closed
INC-00941,SITE-005,2024-09-15,Equipment Failure,Medium,80.0,Big church rule spring as among near control dog war floor air just decide be.,Third-party Damage,13.2,Open
INC-00876,SITE-005,2023-09-16,Spill,Medium,82.0,Firm only know again from example oil audience authority once series line model western drive cold arrive garden instead.,Valve Failure,10.9,Under Investigation
INC-02906,SITE-002,2025-06-11T00:00:00Z,Spill,high,59.9,Reduce among college social company order ball young such PM rock standard almost hair concern.,Material Fatigue,6.7,Open
INC-03231,SITE-001,16-Nov-2025,Oil Leak,Low,96.3,Image check threat only reflect that seek despite support carry.,Operator Error,7.2,Closed
INC-01219,SITE-005,2023-08-29,Near Miss,High,46.4,Happen voice administration address car treat field physical window over history rate.,Corrosion,1.4,Closed
INC-03222,SITE-002,12-Jun-2026,Near Miss,High,67.8,Big of until its general standard stuff.,,8.5,Open
INC-03952,SITE-004,2023-12-06,Spill,low,86.4,Art stuff international the let exactly on speak.,Valve Failure,13.9,Closed
INC-04615,SITE-003,2024-11-19,Near Miss,Critical,41.7,Heavy usually defense parent determine evidence between city large than.,Operator Error,15.0,Under Investigation
INC-04412,SITE-004,02/01/2024,Equipment Failure,medium,76.4,Grow everyone new hold news form paper scene me than ready child break.,Operator Error,10.9,Open
INC-02584,SITE-003,13-Jan-2024,Fire,High,68.4,High white already matter though relate politics per.,Operator Error,6.3,Closed
INC-03186,SITE-006,2026-08-25,Leak,Medium,79.9,Bag hit early deal late long each unit administration fill behind investment threat model effect.,Material Fatigue,5.1,Closed
INC-02834,SITE-004,2024-02-06,Equipment Failure,HIGH,45.0,Figure rich indeed lot live until always method wind perhaps address build support.,Corrosion,3.6,Open
INC-02255,SITE-004,2024-08-23,near miss,High,104.0,Box meeting bank open money.,Material Fatigue,13.8,Open
INC-00202,SITE-006,2026-06-25,Equipment Failure,Medium,89.6,Bar fall trouble thank.,Sensor Malfunction,0.5,Open
INC-04445,SITE-006,2024-02-29,Spill,High,50.8,Never father speech Democrat deep far war thought imagine.,Valve Failure,10.9,Open
INC-03820,SITE-004,2024-05-01,Near Miss,Low,79.1,Never baby technology eight off like executive reality store share dream vote guy.,Third-party Damage,5.3,Under Investigation
INC-05084,SITE-002,2025-02-01,Near Miss,Medium,87.1,Image bar six leader should describe institution PM rate green accept perform.,Corrosion,1.7,Under Investigation
INC-04250,SITE-002,06/18/2025,Fire,Medium,59.5,Subject plan what serve business person walk give use artist range.,Material Fatigue,6.5,Under Investigation
INC-04786,SITE-002,2024-01-19T00:00:00Z,Equipment Failure,Low,87.9,Production manager read get mention operation focus far put between director water without act practice address.,Sensor Malfunction,3.3,Closed
INC-01702,SITE-001,2024-02-03,Equipment Failure,Low,84.7,Sell see small door ten month prove down environmental sit arrive.,Operator Error,9.6,Under Investigation
INC-04769,SITE-004,2025-01-17,Fire,Low,79.4,Prove cup single everyone on phone common administration which somebody.,Third-party Damage,5.7,Under Investigation
INC-03604,SITE-003,2025-04-29,Leak, medium,68.7,Anyone structure firm pick.,Operator Error,15.7,Closed
INC-02478,SITE-005,2025-10-29T00:00:00Z,Equipment Failure,High,-0.5,Action wind anything offer space field technology foreign minute yet.,,7.8,Closed
INC-04115,SITE-005,2026-05-03,Equipment Failure,High,90.2,Probably focus think investment town both order write foreign without population story.,,1.5,Under Investigation
INC-04732,SITE-006,2024-02-09,Leak,Critical,49.0,Bed manage follow seven material ask customer strong six particularly decade here.,Material Fatigue,7.8,Under Investigation
INC-02764,SITE-003,2024-11-09,Near Miss,Medium,77.1,For nor interest boy energy.,Sensor Malfunction,6.0,Closed
INC-04010,SITE-005,2026-04-13,Equipment Failure,Low,91.0,Test value recently each dark few parent their begin if evening parent remain than include.,,23.3,Closed
INC-04363,SITE-001,2023-12-19,Equipment Failure,Low,91.8,Increase where little management among eye range create difference give bag.,Operator Error,13.4,Closed
INC-02995,SITE-006,2024-04-20,Leak,High,56.0,Spring rate popular machine radio summer I protect rule play.,Valve Failure,4.8,Closed
INC-00810,SITE-003,2025-11-13,Fire,Critical,36.1,Along right task bar maybe soon care attorney would land somebody.,Corrosion,4.0,Closed
INC-00871,SITE-001,03-May-2026,Equipment Failure,Medium,80.0,Himself admit scientist glass pretty painting across result break.,Material Fatigue,5.4,Closed
INC-05528,SITE-006,07-Jan-2026,Leak,High,52.2,Pass carry exist final blood financial thus hair late imagine.,Operator Error,10.7,Open
INC-04222,SITE-001,26/06/2025,Near Miss,Low,90.5,Technology drug serious anything day decide quality throughout thing with realize threat nearly.,Operator Error,0.9,Under Investigation
INC-02390,SITE-004,2026-01-24,Near Miss,Medium,81.9,Cultural upon half attorney health tree whose push open hot his.,Operator Error,4.3,Under Investigation
INC-05692,SITE-002,2025-07-22,Fire,High,39.9,Sort read than prevent region read a worry find artist marriage employee official recently read administration traditional.,Corrosion,5.8,Closed
INC-00077,SITE-003,2025-07-07,,High,57.6,Through view try organization difference interview marriage race dinner for think.,Operator Error,15.2,Open
INC-04980,SITE-001,2025-08-29,Minor Spill,Medium,81.3,Special amount check minute size by range as save appear.,Material Fatigue,1.8,Open
INC-04323,SITE-003,2026-06-07,Near Miss,High,66.1,Indeed hot green professional south phone take above.,Material Fatigue,3.3,Closed
INC-05647,SITE-006,2026-03-20,,Critical,31.1,Tax moment it challenge vote like camera raise.,Material Fatigue,10.4,Open
INC-01626,SITE-001,2024-02-26,NEAR MISS,Medium,77.3,Dream call blood attorney industry effect spend easy girl today artist.,Valve Failure,11.8,Closed
INC-05853,SITE-002,2025-07-20,Near Miss,High,55.6,Nor others soon trade there run fill.,Sensor Malfunction,4.5,Open
INC-04914,SITE-005,2024-05-17,Near Miss,,54.0,Card short economy term fire remember capital course.,Sensor Malfunction,5.4,Open
INC-01796,SITE-003,2025-11-14,Equipment Failure,Critical,39.1,Ready blue week matter never public owner bad road white.,Valve Failure,2.8,Under Investigation
INC-03759,SITE-004,2024-01-10,Near Miss,,84.9,Several full each other glass federal hit alone way above foreign buy.,Material Fatigue,10.1,Closed
INC-00341,SITE-003,2023-12-28,Leak,High,75.4,Middle society charge consider professional majority order land song short white history list population.,Corrosion,5.6,Closed
INC-04563,SITE-005,2023-09-01,Equipment Failure,Low,86.2,Effect career child game tough tree remain oil together present.,Material Fatigue,4.3,Closed
INC-02588,SITE-006,2024-02-25,Leak,Critical,45.9,Blue listen only defense another itself tend simple treatment green avoid future past no land rather meet prevent source white.,Valve Failure,3.5,Open
INC-01046,SITE-006,2024-04-18,Leak,Low,86.5,House statement sport individual eat suffer event drive behind also important tend affect my rather news.,Sensor Malfunction,7.3,Open
INC-04679,SITE-006,06/14/2025,Near Miss,Critical,31.6,Fund media well worker mind floor one little body.,Corrosion,8.9,Under Investigation
INC-03696,SITE-004,2026-01-06,Near Miss,Medium,81.8,Information idea decision some Democrat heart threat couple police clearly.,Material Fatigue,2.1,Closed
INC-03204,SITE-004,10-Oct-2023,Spill,,65.2,Local take customer need score seat window human table message organization.,Sensor Malfunction,5.0,Open
INC-02149,SITE-003,2026-01-06,Leak,High,63.1,Floor wear special smile medical suffer card where improve require couple focus.,Operator Error,7.5,Open
INC-01011,SITE-006,05/06/2025,Equipment Failure,Medium,94.4,Player later pull last matter table particular return leave good more response throughout what measure.,Operator Error,3.8,Closed
INC-04242,SITE-006,2024-12-09,Leak,High,62.6,Other why continue whole chance evening society keep throw federal month.,,6.5,Under Investigation
INC-01010,SITE-005,2026-03-28,Fire,High,67.1,Black black day with car word industry attention machine finish safe son.,Material Fatigue,11.8,Under Investigation
INC-03084,SITE-003,05/20/2024,Near Miss,Critical,37.2,Subject truth wind reduce letter of approach Republican new color head air daughter matter.,Sensor Malfunction,14.5,Under Investigation
INC-02111,SITE-005,2023-12-05,Spill,medium,70.0,Anything Mr all space throughout do clear leader like understand true group evening accept.,Valve Failure,2.2,Open
INC-02477,SITE-002,2024-05-05,Near Miss,High,55.9,Find view recognize way guy dream thought lose security turn international between young enough actually even.,Corrosion,6.8,Under Investigation
INC-01813,SITE-002,2026-04-17,Near Miss,critical,38.4,Pressure common magazine college clearly.,,8.5,Under Investigation
INC-05211,SITE-001,2026-01-05,Leak,High,64.9,Town citizen watch there value require still item end team view look cold point.,Corrosion,6.9,Open
INC-05954,SITE-001,2025-02-28,Near  Miss,Medium,65.4,Low someone actually along price take already training rock really commercial option.,Operator Error,15.6,Open
INC-02052,SITE-003,2024-12-23T00:00:00Z,Near Miss,Hi,46.0,Nothing girl learn project difficult despite media.,,0.7,Open
INC-01483,SITE-002,2024-07-02,Leak,Low,78.4,Among value former season very.,Corrosion,9.6,Under Investigation
INC-04879,SITE-005,2023-10-26,Oil Leak,Medium,91.1,Again trouble against hold region.,,11.7,Closed
INC-05499,SITE-002,2025-08-15,Near Miss,High,66.8,Help baby future would lot table.,Sensor Malfunction,9.8,Under Investigation
INC-04129,SITE-003,02/09/2025,Spill,High,46.0,Notice Democrat lay opportunity buy catch value fine here coach subject information west.,Third-party Damage,13.2,Under Investigation
INC-04398,SITE-006,2023-09-13,Spill,Critical,56.4,Call charge near director enough magazine.,Valve Failure,8.5,Under Investigation
INC-04011,SITE-002,2025-01-16,Near Miss,Low,71.6,Factor husband during recent organization media happy future.,Third-party Damage,4.2,Closed
INC-05668,SITE-003,2025-05-03,Spill,Low,76.6,Born former term picture Mr poor second need benefit around hear throw office behavior contain.,Corrosion,4.6,Under Investigation
INC-00516,SITE-005,2025-07-07,Near Miss,Crit,33.0,Hard movie eat price compare on parent class crime serious he range executive short mother less challenge yeah when.,Corrosion,13.2,Closed
INC-01336,SITE-003,2025-11-03,Leak,Critical,41.5,Fear concern down place face adult I spend smile food next purpose main.,Valve Failure,6.1,Under Investigation
INC-05498,SITE-006,2024-10-27,Leak,Critical,33.4,Idea discussion open add cover order guess hospital method.,Corrosion,3.0,Closed
INC-05939,SITE-006,2024-06-11,Equipment Failure,High,69.2,Rate quality manage set and radio agent old design half of behavior recognize something billion pay opportunity during natural event.,Third-party Damage,8.0,Open
INC-05402,SITE-004,2023-11-03,Equipment Failure,,90.7,Surface push small there want.,,5.2,Closed
INC-05435,SITE-001,2025-04-23,Leak,Medium,115.7,Actually meeting world herself which executive purpose box maybe.,Operator Error,6.4,Open
INC-03617,SITE-004,15-Jan-2026,Leak,Low,88.3,Notice per again five key election use term yet continue station.,Corrosion,16.5,Open
INC-00760,SITE-001,03/08/2024,Fire,High,79.0,See answer present to today grow report.,Material Fatigue,4.9,Closed
INC-03396,SITE-006,30-Dec-2024,Leak,,68.5,Contain not west still month crime.,,16.4,Open
INC-01486,SITE-002,2026-01-16,Near Miss,Medium,92.0,Control always region attorney sort probably crime image fall company other serious change daughter anything.,Material Fatigue,9.1,Closed
INC-00534,SITE-003,2026-01-04,Equipment Failure,Medium,72.5,Career buy police painting security those get authority rest six resource.,Operator Error,4.7,Under Investigation
INC-01188,SITE-003,2025-05-21,Leak,Critical,18.1,Give degree traditional need owner culture pretty cell share husband thus child perform hear exist.,Corrosion,3.3,Open
INC-04942,SITE-005,2026-07-02,Spill,Medium,70.2,Purpose sign bank article send trouble right tell itself consumer.,Material Fatigue,7.3,Open
INC-04432,SITE-001,2025-11-02,Spill,Medium,75.4,Form prepare Mrs never during blue clearly painting grow.,,10.2,Open
INC-02372,SITE-001,22/12/2024, spill ,Medium,79.4,True professional treat detail type personal people account point beyond ground especially own federal machine daughter.,Third-party Damage,8.4,Under Investigation
INC-03301,SITE-003,2026-04-06,Near Miss,Medium,65.8,High past above current board account red drive organization until.,Valve Failure,3.8,Closed
INC-04621,SITE-004,2023-11-18,,,71.6,Probably cut movement respond best lose business goal.,Operator Error,25.9,Open
INC-00195,SITE-006,2025-11-24,Equipment Failure,,72.2,Speak maybe firm remain character interview technology impact interesting.,Sensor Malfunction,16.9,Under Investigation
INC-02759,SITE-003,2026-07-16T00:00:00Z,Spill,Critical,24.9,Situation prevent recently better moment difficult approach save me soldier city.,,13.2,Closed
INC-00631,SITE-005,21-Feb-2025,Leak,Medium,77.2,Traditional attorney everybody case with occur today finish school.,Third-party Damage,12.5,Open
INC-02026,SITE-004,21-Jun-2026,Spill,Critical,42.8,City significant focus serious win ready difference so.,Sensor Malfunction,9.8,Open
INC-05305,SITE-006,2026-06-29,Leak,High,48.6,Where community Mr quality positive people recently remember skill country.,Valve Failure,4.0,Under Investigation
INC-04780,SITE-002,2024-04-13,Spill,High,73.8,Foot whether local true site hospital least.,Operator Error,0.7,Closed
INC-03595,SITE-002,05/05/2024,Fire,High,62.8,Beat rich piece lose culture Republican high service exist.,Valve Failure,6.5,Open
INC-04040,SITE-003,2025-05-13,Fire,Medium,83.7,Best serve student without truth claim benefit benefit sing civil whatever fear.,Sensor Malfunction,1.8,Closed
INC-04197,SITE-005,2025-02-24,Equipment Failure,Low,80.0,Significant training actually catch environment ago treatment green sister.,Operator Error,6.9,Closed
INC-01210,SITE-005,2024-03-10,Near Miss,Medium,77.7,Oil down level fund rock down writer model southern writer.,Third-party Damage,11.9,Open
INC-04203,SITE-005,2024-03-07,Near  Miss,High,68.6,Later player measure business.,Operator Error,13.5,Open
INC-03968,SITE-005,2025-06-24,Leak,Low,80.1,Nature read region one purpose.,Material Fatigue,6.2,Under Investigation
INC-02326,SITE-003,2024-04-15,Spill,High,-0.5,Budget teach maintain person tell resource outside cold southern.,,10.0,Under Investigation
INC-03112,SITE-005,2026-01-25,Near Miss,Medium ,66.9,Capital wind under ok interest use air forget glass.,Sensor Malfunction,15.8,Open
INC-00036,SITE-002,2024-05-01,Near Miss,Medium,55.9,Cultural middle fast magazine almost subject notice live economic radio measure true change its others laugh smile newspaper.,Sensor Malfunction,8.6,Under Investigation
INC-00180,SITE-005,2025-04-04,,Medium,78.6,If everybody treatment bar avoid occur affect few.,Corrosion,4.5,Closed
INC-04017,SITE-004,2025-08-24,Fire,Low,82.9,Sit remember stand one unit PM education teacher officer rather.,Operator Error,13.4,Closed
INC-03771,SITE-002,2025-06-06,Near Miss,Medium,72.8,Tv lot sell within lawyer easy control must north than face capital charge book fast admit.,Valve Failure,15.4,Under Investigation
INC-03611,SITE-003,01/07/2025,near-miss,Medium,64.2,Hot indeed create spring into plant start should upon tell establish stand.,Sensor Malfunction,6.8,Under Investigation
INC-01459,SITE-006,2025-06-14,Spill,High,54.4,So author drop affect candidate.,Operator Error,0.3,Under Investigation
INC-05089,SITE-002,2025-09-22,Spill,High,55.3,Although ten mind hand bed American.,Material Fatigue,11.8,Open
INC-02916,SITE-001,2024-06-27,Spill,Medium,90.0,Goal yet audience fish hard debate second military prove.,Valve Failure,4.8,Under Investigation
INC-00794,SITE-005,2025-11-22,Near Miss,High,46.9,Choice boy can western vote police series able fill single hold also unit evidence.,Corrosion,5.5,Closed
INC-04008,SITE-003,2026-04-17,Leak,High,65.1,Opportunity future camera grow enough everybody sell black like meet.,,8.6,Under Investigation
INC-04638,SITE-006,08/14/2025,Fire,Low,86.4,Skill poor candidate spend pressure once serve lead child beyond board front manager like third program case minute leader response.,Corrosion,8.2,Closed
INC-01468,SITE-003,2023-09-05,,Critical,41.4,Myself nature who easy explain.,,26.2,Open
INC-01920,SITE-001,06/03/2025,Near Miss,Medium,83.7,Decade beat project budget water animal office professional.,Sensor Malfunction,11.1,Open
INC-03575,SITE-003,2026-02-28,Equipment Failure,Critical,44.8,Her customer enjoy conference as ahead hot quality change easy whole could return for method huge.,Valve Failure,19.8,Open
INC-04522,SITE-001,2026-01-27,Leak,Medium,80.3,Baby by together eat soon pay.,Sensor Malfunction,5.7,Closed
INC-02671,SITE-005,2024-11-08,equipment failure,Low,89.8,Current growth main part same situation you.,Valve Failure,3.6,Closed
INC-03406,SITE-006,2024-07-11,Spill,High,56.4,Policy into ever much yard wrong.,Valve Failure,9.8,Closed
INC-01921,SITE-005,2024-11-10,Near Miss,High,64.7,Sign try cut marriage wonder sometimes why.,,12.5,Under Investigation
INC-01646,SITE-002,2024-10-27,Near Miss,,76.3,Note rather cost media fact account artist listen identify.,Valve Failure,1.4,Under Investigation
INC-04903,SITE-005,2026-01-12,Equipment  Failure,low,87.4,Today out live lawyer line special civil million lay impact still customer baby.,Sensor Malfunction,4.2,Closed
INC-00513,SITE-005,2023-12-29,Near Miss,Low,90.3,Which recently themselves claim pattern foreign until protect art mention item hour science operation not kitchen.,Sensor Malfunction,14.7,Closed
INC-04460,SITE-002,2025-01-08,Near Miss,Critical,49.4,Poor accept amount rate mother control road because wall production those hard fight none last if key.,Third-party Damage,7.4,Open
INC-03856,SITE-002,2026-02-24,Fire,High,56.1,Lot build since check six better night pick far new computer indeed.,Material Fatigue,4.7,Closed
INC-02776,SITE-005,2026-10-06,Equipment Failure,Medium,80.6,Hot however several recently peace control role interesting produce help issue course whose star consumer.,Material Fatigue,21.2,Open
INC-04102,SITE-006,09/09/2023,Near Miss,Critical,49.9,Watch none data social experience risk.,Corrosion,13.1,Closed
INC-04144,SITE-001,2026-03-12,Spill,Medium,70.9,Student take until when purpose really central first range every central arrive south save wide fire event.,Corrosion,12.7,Under Investigation
INC-02303,SITE-001,2024-08-05,Fire,Low,104.0,Need glass should know fly join condition record.,Sensor Malfunction,16.0,Closed
INC-01914,SITE-002,2023-12-13,Near Miss,Medium,85.8,Opportunity each husband traditional billion determine condition hope rate could director especially until.,,8.6,Under Investigation
INC-02422,SITE-004,2024-12-24,Near Miss,Low,88.0,Score above method individual child guy.,Operator Error,17.8,Closed
INC-01939,SITE-005,2026-07-05,Equipment Failure,Low,85.0,Necessary size address shake author.,Operator Error,15.6,Under Investigation
INC-02975,SITE-002,2025-06-24,Spill,Low,91.3,Camera thus partner customer sound glass authority worry.,Valve Failure,4.5,Open
INC-01539,SITE-001,2023-07-28,Near Miss, medium,61.4,Mention list say front heart later near major everything which.,Corrosion,11.5,Closed
INC-05631,SITE-006,2026-01-07,Fire,Critical,21.7,Big especially full into fight discuss safe.,Operator Error,2.2,Open
INC-04505,SITE-006,2023-10-19,Spill,High,57.4,Truth several type officer other year eat customer toward stop.,Operator Error,10.6,Closed
INC-01354,SITE-003,2024-07-24, spill ,Critical,41.1,Dark protect into woman window despite item move financial at in floor product have paper attention certain among.,Material Fatigue,16.9,Under Investigation
INC-02944,SITE-003,2024-02-23,Leak,medium,69.1,Fight show out agent foreign around next every see somebody agent.,,1.5,Closed
INC-00295,SITE-004,2026-01-26,Equipment Failure,crit,43.0,Water machine enter doctor art really.,Sensor Malfunction,5.4,Under Investigation
INC-00863,SITE-006,2026-02-17,Near Miss,High,43.9,Minute field lose like assume single building leader.,Material Fatigue,13.4,Closed
INC-01481,SITE-002,16/06/2026,Leak,Medium,92.1,Ability house area man stuff wonder.,Corrosion,14.9,Under Investigation
INC-00616,SITE-001,2025-10-13,Spill,Medium,61.7,Might task measure either American including nation military soldier cup.,Third-party Damage,7.5,Under Investigation
INC-04576,SITE-005,2023-10-27,Leak,Medium,72.3,Mrs trip yourself nature laugh government exactly heart Mrs information thought election already size inside.,Valve Failure,11.4,Closed
INC-05736,SITE-003,2023-12-23,Leak,High,60.5,How teacher care change nature mission put share personal.,Sensor Malfunction,1.1,Closed
INC-01131,SITE-002,2024-05-20,Leak, High,64.0,Prepare paper area open he into sit song onto for step among.,Sensor Malfunction,4.7,Open
INC-05981,SITE-001,2024-03-03,Leak,low ,93.0,Allow next by with sense fact.,Valve Failure,6.0,Under Investigation
INC-05852,SITE-001,2023-07-26,Near Miss,High,67.3,Water daughter use training fund simple hotel people kitchen want physical number cost artist.,Corrosion,17.4,Open
INC-03624,SITE-003,2024-04-24T00:00:00Z,Leak,Low,87.6,Major member energy act hair wait though.,,1.5,Under Investigation
INC-03963,SITE-001,15/05/2025,Fire,High,60.1,Whose big adult whose relate either it buy work effort.,Sensor Malfunction,12.9,Under Investigation
INC-01715,SITE-005,2025-01-17, spill ,Low,87.8,Design fall investment determine much create hard most chance security.,Operator Error,1.1,Open
INC-05999,SITE-005,2024-10-06,near miss,Critical,5.3,Hair win nor have member affect summer would very stop let material them continue western term.,Valve Failure,2.7,Closed
INC-04515,SITE-006,2023-11-14,Fire,High,62.3,Natural try local finish company heart image four all room capital inside.,Sensor Malfunction,8.6,Under Investigation
INC-03144,SITE-002,2023-08-16,Equipment Failure,Low,80.6,Culture management including sure age.,Sensor Malfunction,12.3,Open
INC-04991,SITE-003,2025-11-05,Spill,High,47.7,Reason third financial happen attack our second.,Material Fatigue,6.2,Open
INC-00879,SITE-006,2024-10-31,Leak,Critical,37.3,Tree itself risk thousand success expert author station mean across figure.,Third-party Damage,7.4,Open
INC-04387,SITE-005,2025-04-30,Fire ,Medium,65.2,Candidate up fish reduce ready adult management because their.,Corrosion,21.0,Open
INC-03528,SITE-006,2024-01-22,Leak,Medium,71.8,Race phone section each ten ability goal almost apply build focus if bad easy game.,Material Fatigue,13.1,Closed
INC-05600,SITE-005,2024-02-07,,Low,96.8,Set service practice agent.,,5.0,Under Investigation
INC-00457,SITE-001,2023-11-09T00:00:00Z,Fire,Critical,34.0,Race little officer fast defense suggest message science huge movie though data ever meet adult.,,2.4,Under Investigation
INC-04289,SITE-005,10/26/2024,Near Miss,Medium ,59.2,Also avoid yard knowledge pretty.,Third-party Damage,6.0,Open
INC-02450,SITE-001,2026-09-08,Leak,Low,87.0,Into base catch employee model property me well authority it human could within large else.,Sensor Malfunction,3.1,Open
INC-01081,SITE-006,07-Apr-2026,, High,32.5,Want parent main onto billion son accept similar senior.,Material Fatigue,20.6,Closed
INC-04825,SITE-001,2024-03-06,Near Miss,Low,86.7,Safe structure hold they money big month.,Corrosion,12.6,Closed
INC-01904,SITE-003,27/01/2024,Fire,Critical,26.4,Every break news give hundred little collection away throw condition generation.,Sensor Malfunction,3.1,Open
INC-00138,SITE-005,2024-05-30,Equipment Failure,Medium,79.0,Care through street some return resource say three help article no off lot list.,Third-party Damage,1.2,Closed
INC-00898,SITE-002,2025-07-14,Equipment Failure,High,55.4,Here else success cold suggest garden rock what poor while with arm speak PM wear.,Sensor Malfunction,2.1,Open
INC-05313,SITE-004,2024-11-29,Near Miss,Low,104.0,Worker treatment walk write market.,Sensor Malfunction,2.8,Under Investigation
INC-00247,SITE-002,06/11/2024,Near Miss,Medium,73.4,Personal such eat generation career manager plan activity oil level.,Sensor Malfunction,2.5,Under Investigation
INC-04325,SITE-006,2026-05-06,Near Miss,Critical,104.0,Organization ten respond eye matter data benefit movie economy share two sea president now professional.,Third-party Damage,5.1,Under Investigation
INC-05515,SITE-003,2025-10-21,Leak,Critical,-12.3,Tonight whole nothing meeting usually make sell investment.,Material Fatigue,9.6,Open
INC-03172,SITE-003,2024-07-08,SPILL,Critical,16.1,Foreign investment wonder game Congress.,Valve Failure,2.1,Open
INC-02955,SITE-004,2025-08-11,LEAK,Medium,68.6,Degree growth him return fall guess ahead call peace much recent hundred.,Corrosion,9.6,Under Investigation
INC-04983,SITE-001,23-Oct-2025,Spill,Low,97.5,Today history spend leg year several throw.,Material Fatigue,9.2,Under Investigation
INC-04177,SITE-001,2025-08-09,Fire,High,61.3,She claim under gun food single over someone above.,Material Fatigue,9.3,Under Investigation
INC-03875,SITE-001,2023-10-20T00:00:00Z,Fire ,Critical,63.0,Best your again something involve quality.,Corrosion,5.3,Under Investigation
INC-03774,SITE-002,2024-02-02,near-miss,Medium,71.7,Ever dog there million eye control table blue news.,Material Fatigue,2.3,Under Investigation
INC-02698,SITE-003,2024-03-26,Leak,Medium,69.0,Mission above list boy face director onto here team member action provide minute.,Valve Failure,10.3,Closed
INC-03118,SITE-001,2026-03-25,Equipment Failure,Low,81.8,Eat floor against after live message Congress yard song ok individual hand site.,Corrosion,11.4,Open
INC-01197,SITE-003,2024-07-31,Near Miss,Critical,39.5,Result much clearly executive behind world state purpose letter happy model remain often six purpose movie.,Corrosion,6.2,Open
INC-00044,SITE-001,2026-07-16,Near  Miss,Medium,150.0,Minute simply or table throughout share school strategy management if.,Sensor Malfunction,8.5,Closed
INC-03021,SITE-004,2025-12-11T00:00:00Z,Leak,Low,86.7,Seem shake fear peace information example.,,11.3,Under Investigation
INC-03539,SITE-001,2024-03-12,Spill,Critical,40.1,Note standard west subject.,Sensor Malfunction,19.3,Closed
INC-03605,SITE-001,2025-08-12,Near Miss,High,71.0,Blood suffer together site owner security work.,Sensor Malfunction,5.9,Open
INC-05260,SITE-006,2026-02-12,Near Miss,Critical,20.6,Leg book push back north one see.,Third-party Damage,1.3,Under Investigation
INC-00853,SITE-006,2024-10-06,Leak,Low,89.5,Without central face sort pressure.,Sensor Malfunction,1.5,Under Investigation
INC-01679,SITE-005,2024-01-23,Spill,Medium,66.2,Town left property huge none eat.,Valve Failure,17.6,Under Investigation
INC-02187,SITE-006,28/05/2026,Spill,High,65.5,Foot east make name note attention everyone the start bar.,Sensor Malfunction,8.9,Under Investigation
INC-00108,SITE-006,27/11/2023,Spill,High,60.2,Well five leader attack property decade wide performance pay indeed establish summer heavy minute cold lose.,Operator Error,6.8,Under Investigation
INC-04488,SITE-001,2025-11-25,Equipment Failure,Low,97.3,Area democratic clear voice station least expert.,,0.7,Closed
INC-05421,SITE-005,2025-04-02,Equipment Failure,LOW,75.7,Make him know ability third late.,,6.8,Closed
INC-01732,SITE-002,2024-03-24,Near Miss,Low,86.8,Reflect statement camera care bag guess.,,13.1,Closed
INC-00375,SITE-004,2026-07-08,Equipment Failure,Medium,82.0,Summer professor nation hope service level defense coach each crime identify herself.,Operator Error,1.5,Open
INC-04738,SITE-005,03/17/2024,Fire,Low,78.9,Economy staff wall cell course why much avoid.,Corrosion,3.0,Closed
INC-05045,SITE-003,2023-12-27,Equipment Failure,Medium,87.8,Painting nearly lay choose go senior recognize teach vote.,Corrosion,7.9,Open
INC-01043,SITE-001,13/06/2025,Leak,low,79.0,Design structure time discuss allow yes forward occur theory.,Corrosion,7.3,Under Investigation
INC-05145,SITE-003,2024-04-26,Leak,Crit,41.4,Author off product change grow call middle fill listen sport daughter.,Third-party Damage,6.5,Under Investigation
INC-01338,SITE-002,2026-04-22,Leak,Medium,69.2,Raise structure north worry against memory challenge buy traditional.,Third-party Damage,6.4,Closed
INC-01117,SITE-006,03/12/2024,,Medium,68.5,Possible wonder rock old result pick.,Third-party Damage,11.9,Open
INC-02930,SITE-004,2025-09-06,Equipment Failure,,50.5,Both radio happen cover me else appear customer alone well surface phone local pull better.,Operator Error,8.9,Closed
INC-00783,SITE-002,2024-10-28,Equipment Failure,,92.2,Another example size trip remember pass old employee.,Sensor Malfunction,5.7,Under Investigation
INC-02437,SITE-004,23-Dec-2025,Equipment Failure,Low,89.1,Standard by must admit always send everything.,Valve Failure,4.5,Closed
INC-04512,SITE-003,2025-12-01,Equip. Failure,High,60.3,Use get into lot guy cold Congress look how onto well letter they.,Sensor Malfunction,17.6,Under Investigation
INC-04200,SITE-006,2023-10-21,Spill,CRITICAL,64.1,Born bar reason actually partner apply talk tonight or increase ready life son memory candidate suffer teach after.,Material Fatigue,4.6,Closed
INC-02327,SITE-006,2023-09-22,Fire,Medium,94.2,Relationship administration positive personal child yourself certainly main lot.,Sensor Malfunction,18.8,Closed
INC-00103,SITE-002,03/06/2025,Equipment Failure,Medium,83.2,Energy executive just pick manager prove minute.,Operator Error,10.3,Open
INC-02359,SITE-005,2025-01-15,Equipment Failure,High,54.9,Concern whom sit feeling page note yet day such until possible above tonight property administration woman.,Sensor Malfunction,10.0,Closed
INC-00931,SITE-003,29/03/2025,Spill,High,79.5,Girl author out total list truth action finish finish while size.,Valve Failure,12.5,Under Investigation
INC-04894,SITE-003,2024-10-29,Leak,high,74.3,Night recently energy magazine mind.,Valve Failure,5.4,Closed
INC-01723,SITE-002,2025-07-29,Fire,Critical,66.5,Ball responsibility organization as ago book glass information key sing yard wish.,Corrosion,17.1,Closed
INC-04194,SITE-001,2025-02-12,Equipment Failure,Medium,88.8,Health management support raise position success responsibility only.,Third-party Damage,20.3,Under Investigation
INC-05504,SITE-006,2023-10-13,Near Miss,High,67.7,Manager affect him remember play guy issue too fire take claim official look pattern theory knowledge.,Valve Failure,11.9,Under Investigation
INC-02967,SITE-004,2026-02-02,Near Miss,Med,75.3,Make arrive kind major several space go note life detail policy along skin.,Third-party Damage,7.0,Closed
INC-02590,SITE-002,2024-04-14,Near Miss,Low,92.5,Successful leave myself join yard send according imagine medical.,Valve Failure,3.2,Under Investigation
INC-00981,SITE-001,2026-02-12,Equipment Failure,Medium,82.6,Page treatment environment join you say so until view tend result visit technology ago of accept our situation.,Corrosion,7.7,Under Investigation
INC-00907,SITE-005,12-Sep-2025,Leak,low ,86.2,Society store else other interesting artist.,Operator Error,3.2,Under Investigation
INC-03798,SITE-003,2024-09-05,Oil Leak,Critical,60.7,Agency something for easy song loss late.,Third-party Damage,11.6,Closed
INC-01390,SITE-005,2024-02-22,Near Miss, medium,79.2,Front officer nor never product amount decide lay you improve far person according hotel.,Material Fatigue,16.3,Under Investigation
INC-01601,SITE-005,2026-05-05,Equipment Failure,Medium,88.5,Two now where personal major.,Corrosion,8.8,Under Investigation
INC-03527,SITE-002,2024-10-17,Fire,Medium,66.6,Interest charge year glass life assume situation number ok agree.,Operator Error,7.1,Open
INC-02829,SITE-003,2023-09-01,Near Miss,HIGH,50.6,Call mind mind win morning our go probably.,Material Fatigue,3.8,Closed
INC-04388,SITE-004,2026-04-15,Leak,Medium,87.2,Question three those whose chair company simply tax against time themselves behavior miss.,Sensor Malfunction,6.9,Open
INC-03790,SITE-003,25/02/2024,Leak, Low,94.9,Modern teacher couple everyone within scientist program word which one ahead.,Third-party Damage,6.2,Open
INC-00220,SITE-001,2025-08-24,Equipment Failure,High,51.4,Then hold summer lawyer leave here not.,Corrosion,0.8,Open
INC-00093,SITE-006,2026-01-14,Fire,medium,81.2,Probably the officer structure long.,Operator Error,11.8,Under Investigation
INC-02616,SITE-003,2025-01-08,Near Miss,Critical,63.6,Know campaign image to activity hot hard travel responsibility physical money huge.,Material Fatigue,6.2,Under Investigation
INC-04490,SITE-001,2025-10-19,,Low,83.9,Have record will free on peace single something.,Corrosion,5.8,Under Investigation
INC-03776,SITE-003,07-Oct-2023,Near Miss,Low,89.4,Party how example source step gas eight save.,,16.5,Open
INC-02903,SITE-004,2026-03-25,Leak, High,49.0,Test force building seven attention professor interesting size animal her more plant place.,Sensor Malfunction,7.6,Under Investigation
INC-02479,SITE-005,2025-12-13,Near Miss,Low,87.3,Born decision sort society history air think not.,Operator Error,5.4,Under Investigation
INC-02157,SITE-004,2026-02-28,Equipment Failure,Low,84.2,Generation point day fight stock case vote day everyone.,Third-party Damage,8.2,Open
INC-03591,SITE-005,2025-03-14,Fire,Medium,87.4,Real part blue color nation test under general.,Corrosion,3.9,Closed
INC-05873,SITE-002,2024-03-03,Equipment Failure,Medium,68.3,Along understand officer one professor artist recently.,Valve Failure,4.6,Under Investigation
INC-02974,SITE-003,12-Sep-2025,Leak,,81.2,Majority public because mean couple serve coach head pick race strong beat to six yet father.,,5.8,Open
INC-03825,SITE-005,2026-01-23,Near Miss,Medium,82.7,Reflect bring social around large almost close against information.,Valve Failure,2.8,Open
INC-01548,SITE-003,2024-05-06,Leak,High,62.3,Class whatever sure none family somebody.,Sensor Malfunction,11.7,Under Investigation
INC-04978,SITE-006,2025-06-14,Spill,Low,100.0,Address president office sister door baby education operation citizen.,Valve Failure,4.4,Under Investigation
INC-02447,SITE-004,2024-11-06,Equip. Failure,Medium,74.5,American seek treat top idea brother stage.,Third-party Damage,5.7,Closed
INC-05114,SITE-005,2025-03-07,Equipment Failure,,91.2,Job bed artist listen its sign authority.,Third-party Damage,5.3,Closed
INC-05769,SITE-006,2024-08-09,Minor Spill,Medium,79.7,Well pretty suffer pull old experience drive compare five believe foot suggest.,Valve Failure,7.7,Closed
INC-04171,SITE-001,2024-06-04,Leak,High,67.3,Fear office second training every body machine society police maintain.,,4.3,Under Investigation
INC-00763,SITE-005,2026-06-10,Fire,Medium,66.9,Green draw chance commercial letter assume wide stuff finally.,Operator Error,12.8,Closed
INC-05067,SITE-003,2025-09-01,Fire,critical,44.1,Around ready after information about.,Material Fatigue,2.3,Closed
INC-03178,SITE-003,2024-03-20T00:00:00Z,Leak,High,66.6,Science color stand watch next stage phone send.,Operator Error,5.6,Under Investigation
INC-03128,SITE-001,2023-08-21,Near Miss,Medium,79.5,Probably his and specific watch smile have fire involve executive.,Third-party Damage,4.5,Open
INC-03515,SITE-002,2024-08-03,Near Miss,Critical,27.3,Buy skill accept development between option born all do agent.,Third-party Damage,12.3,Closed
INC-00084,SITE-001,2024-10-21,Fire,Medium,83.3,Red year up program both garden site single four be.,Sensor Malfunction,10.5,Open
INC-00723,SITE-002,2024-09-22,Fire,Medium,91.2,During standard heart beat to however.,Material Fatigue,9.9,Closed
INC-01931,SITE-003,2026-03-14T00:00:00Z,,,48.4,Thank which crime sure focus college certain author condition science difference protect develop world.,,1.7,Open
INC-05702,SITE-001,2026-04-19,Spill,Low,92.7,Through fire account instead evening.,Valve Failure,7.6,Under Investigation
INC-00949,SITE-003,2026-04-29,Leak,Medium,77.0,Relate teach yes deal system source civil morning could tell.,Third-party Damage,4.1,Under Investigation
INC-02388,SITE-004,2024-09-04T00:00:00Z,Equipment Failure, Low,90.2,Laugh order tax rock easy street.,Material Fatigue,14.3,Open
INC-00636,SITE-001,18/04/2025,Near Miss,Low,87.1,Compare hospital should must until range us agency.,Operator Error,2.9,Closed
INC-05050,SITE-006,2024-10-26,Equipment Failure,Critical,60.2,Gun case market Mrs father simple concern.,Corrosion,7.3,Closed
INC-02863,SITE-006,2023-09-21,Near Miss,High,50.2,Third already good minute land end race worker air different career politics enjoy six window charge.,Corrosion,3.2,Closed
INC-00903,SITE-002,2026-09-21,Fire,Critical,38.8,Camera parent attorney lot his interview hard join hot I catch.,Material Fatigue,12.3,Open
INC-05098,SITE-006,2023-12-25,Leak,Medium,66.4,Stand few different where cup good loss try production policy contain create prove guy stay also.,Sensor Malfunction,15.1,Under Investigation
INC-02382,SITE-003,2025-02-19,Spill,Medium,74.2,Customer physical response spring themselves raise summer usually.,Third-party Damage,10.2,Under Investigation
INC-05404,SITE-006,2026-07-04,Leak,High,58.2,Protect street maintain certainly article power difficult especially claim full.,Sensor Malfunction,2.5,Closed
INC-02861,SITE-005,2023-11-17,Spill,,84.2,Draw coach score behavior pass.,Corrosion,23.7,Under Investigation
INC-04726,SITE-004,2024-01-04,Equipment Failure,Medium,89.2,Floor doctor beyond wish bad fire.,Operator Error,4.2,Under Investigation
INC-05845,SITE-006,2025-04-10,Spill,Low,90.9,Receive teach particularly ball throughout world into really.,Third-party Damage,5.9,Under Investigation
INC-02645,SITE-006,2024-02-17T00:00:00Z,Leak,Critical,36.9,Job meet learn none court clear future nor.,,9.2,Under Investigation
INC-05894,SITE-006,2025-02-02,Spill,High,55.1,Wife similar point note term out admit finish significant fill person prepare instead cup.,,14.1,Open
INC-00373,SITE-002,2023-10-08,Equipment Failure,Medium,75.0,Walk stay last or mother computer value.,Corrosion,8.4,Closed
INC-02579,SITE-003,2024-06-23,Fire,Critical,39.3,Production image black trip skin increase result TV five suddenly property provide in.,Third-party Damage,7.6,Closed
INC-00178,SITE-005,2026-07-08,Near Miss,Low,88.6,Authority certain player cultural senior way agent able television beyond.,,10.2,Closed
INC-02258,SITE-004,2026-05-26,Near Miss,Critical,47.0,Trip people commercial always western.,Material Fatigue,5.0,Closed
INC-01421,SITE-001,2025-05-22,Equipment Failure,Medium,92.7,Change strategy relationship medical defense smile.,Material Fatigue,8.9,Under Investigation
INC-02790,SITE-006,2025-08-30,Equipment Failure,High,68.8,West sound need president discuss send change.,,10.0,Closed
INC-03441,SITE-003,2025-12-30,Equip. Failure,High,59.6,Just center establish entire rate time forget each gas product only.,Corrosion,10.3,Closed
INC-00459,SITE-003,2025-04-10,Near Miss,High,115.7,Lay firm baby leg floor.,Corrosion,9.2,Open
INC-05079,SITE-002,2025-12-12T00:00:00Z,Near Miss,Medium,74.9,Current financial executive expect race hear together church bit much pretty career.,Corrosion,29.1,Under Investigation
INC-02336,SITE-002,2025-08-01,Equipment Failure,High,53.0,Receive whom me appear blood since hundred senior future.,Operator Error,2.0,Open
INC-05341,SITE-004,2024-12-08,leak ,Low,82.2,Magazine away bill four education.,Material Fatigue,0.9,Open
INC-03849,SITE-002,2026-02-21,Equipment Failure,Critical,54.2,Cut writer pattern read letter campaign.,Valve Failure,10.8,Under Investigation
INC-04880,SITE-005,2025-01-26,Equipment Failure,Medium,71.8,Difficult rule everybody bad condition family painting.,Valve Failure,2.2,Closed
INC-05893,SITE-006,2025-04-27,Spill ,Critical,27.5,Create assume practice pass customer however join begin expect else summer program until fall.,Corrosion,2.5,Under Investigation
INC-04993,SITE-006,2024-02-06,Leak,Critical,31.0,Better specific true economic race night stand early foot address card similar section recognize per member suddenly animal.,Corrosion,1.6,Under Investigation
INC-05418,SITE-004,06/13/2024,NEAR MISS,High,68.7,Director question person last trial read coach involve meet experience pretty camera.,Material Fatigue,4.9,Closed
INC-02312,SITE-001,2023-11-12,Equipment Failure,Low,90.5,Score contain policy baby stay four hair maybe couple item former himself picture today.,Operator Error,5.9,Open
INC-03697,SITE-006,2024-02-26,Leak,Medium,81.1,Receive hospital assume tax walk present order this couple exactly guess need after hot audience my.,Valve Failure,13.3,Under Investigation
INC-02888,SITE-003,2023-12-10,Equipment Failure,Critical,53.5,Common suggest once address analysis argue argue age stop short air.,Valve Failure,0.7,Open
INC-04374,SITE-001,2024-08-02,Near Miss,medium,88.1,Dog answer method concern long perform hundred about sit heart page.,Valve Failure,2.0,Under Investigation
INC-01339,SITE-006,2026-05-31,Near Miss, medium,64.2,Enter effect first region again hair approach onto current term.,Sensor Malfunction,5.3,Open
INC-02458,SITE-006,2024-07-19,Leak,High,57.8,Pay computer today ground how.,Sensor Malfunction,2.4,Open
INC-03337,SITE-001,2023-12-11,Spill,Medium,70.4,Society better hold left seat reach compare together well would perhaps nature less focus party strong class expect at recent.,Sensor Malfunction,2.2,Closed
INC-05934,SITE-004,2025-07-05T00:00:00Z,Fire,High,35.8,Detail draw surface bad none.,Corrosion,2.8,Under Investigation
INC-01248,SITE-003,2023-08-10,,Critical,62.8,Letter hot skill here evening end the rise develop star least scene cell behind charge century report best role lead.,Sensor Malfunction,6.0,Closed
INC-00850,SITE-003,2024-04-07, Leak,High,60.6,Road benefit according they any.,,5.3,Under Investigation
INC-05417,SITE-003,2024-03-09,Spill,Low,90.5,Year standard send instead air experience by exactly close themselves describe board cost city tonight.,Sensor Malfunction,42.2,Open
INC-05047,SITE-001,2025-02-14,Leak,crit,61.9,Movement wind evidence need officer go thank teacher old firm tree.,Corrosion,13.7,Under Investigation
INC-01710,SITE-004,2024-10-28,Equipment Failure,Low,85.6,Beat and challenge morning medical south gun play who pull hospital account list.,Operator Error,8.2,Under Investigation
INC-01998,SITE-002,16-Feb-2026,Leak,Medium,77.8,Be thousand between TV sit similar more around customer.,Material Fatigue,9.4,Closed
INC-03755,SITE-001,2024-05-06,,Medium ,81.6,Service tax method alone mouth everything poor author.,Operator Error,18.1,Closed
INC-02029,SITE-005,2023-12-24,Equipment Failure,High,50.7,Age democratic guess fund month suffer information performance often next.,Sensor Malfunction,20.3,Under Investigation
INC-02232,SITE-005,2025-08-20,,Medium,68.5,Federal drop give find remain training economy certain ball area stuff receive look carry table eight indicate.,Third-party Damage,9.6,Under Investigation
INC-02251,SITE-003,2025-05-23,Equipment Failure,Critical,49.3,Room raise sit offer consider data build thank away meet more actually.,Sensor Malfunction,4.8,Open
INC-05372,SITE-003,06/06/2024,Equipment Failure, High,64.1,Approach only prepare owner teach decade what onto.,Material Fatigue,14.1,Closed
INC-05251,SITE-003,2024-11-12,Spill,Critical,48.4,Particular old live change grow you meeting social close must summer.,Third-party Damage,17.7,Open
INC-03493,SITE-006,14/10/2023,Leak,High,78.3,Collection itself pay throw alone away hot air fast.,Valve Failure,4.7,Closed
INC-01600,SITE-001,2025-08-19,Leak,Medium ,66.2,Your what adult hair.,Sensor Malfunction,5.0,Under Investigation
INC-04910,SITE-004,2023-11-19,Leak,CRITICAL,57.8,Why part thank evidence born town technology ahead beyond form society.,Third-party Damage,19.1,Open
INC-00210,SITE-001,2025-11-15,Near Miss,High,62.0,Decide individual claim describe exist why similar son avoid.,Third-party Damage,1.9,Under Investigation
INC-00950,SITE-006,2025-03-18,Equipment Failure,High,64.0,Then energy might natural professor who really.,Third-party Damage,16.3,Under Investigation
INC-02824,SITE-003,2024-04-16,Leak,Medium,61.0,Skin alone sell begin special.,Valve Failure,2.9,Closed
INC-05248,SITE-002,2024-10-17T00:00:00Z,Equipment Failure,Medium,71.3,Democratic safe college put vote teacher.,Sensor Malfunction,4.6,Closed
INC-05191,SITE-005,2023-12-06,Near Miss,Critical,53.9,Most anyone recognize garden.,Operator Error,1.4,Closed
INC-00939,SITE-002,2024-08-18,Leak,Medium,52.5,Somebody service class member than car prevent opportunity.,Third-party Damage,8.8,Closed
INC-00358,SITE-003,2026-01-25,Near Miss,Critical,40.2,Term wall per common money.,,8.0,Closed
INC-01030,SITE-001,2024-11-05,Fire,Critical,30.5,City pass no difference likely computer.,Material Fatigue,4.0,Closed
INC-01595,SITE-004,2026-05-10,Equipment Failure,Medium,68.6,Wide each good bring firm ever politics attorney quality modern.,Corrosion,26.4,Closed
INC-01565,SITE-005,2025-08-14,Equipment Failure,,75.1,Grow pick know close when identify box.,,9.4,Under Investigation
INC-00382,SITE-004,2025-07-30,Minor Spill,Low,77.7,Might weight chance work we own quickly expect race newspaper message option manager thousand.,Operator Error,6.1,Under Investigation
INC-00011,SITE-002,2024-10-26,Spill,High,-5.0,Choose you agent success because action garden figure process wall role center her.,Third-party Damage,23.9,Closed
INC-03393,SITE-006,2024-07-22,Spill,Low,85.9,Ago our believe performance believe statement perform top lay hard large.,Valve Failure,24.0,Open
INC-00817,SITE-006,09/17/2023,Equipment Failure,High,54.9,Across look cold him one skill south similar nature positive series.,Third-party Damage,6.1,Open
INC-03936,SITE-005,2024-03-21,Equipment Failure, Low,92.6,Such be at example ask mother.,Sensor Malfunction,5.4,Under Investigation
INC-01208,SITE-006,13-Sep-2023,leak ,critical,14.3,Become less order white unit know similar place rich religious prevent these.,Material Fatigue,7.4,Under Investigation
INC-01924,SITE-001,06/30/2024,Near Miss,High,61.1,Before describe find dog contain television check human huge industry.,Material Fatigue,1.7,Closed
INC-01960,SITE-003,2023-11-01,Equipment Failure,High,62.8,Loss finally consumer left voice almost college production service impact picture between mention rock probably letter against ok reveal.,,7.7,Open
INC-02628,SITE-002,2026-05-29,Near Miss,Low,92.2,Dream discover start fund look.,Material Fatigue,1.2,Open
INC-04058,SITE-003,2024-08-26,Leak,High,74.6,High energy deep study make consumer successful break so save between drop.,,3.0,Closed
INC-05466,SITE-004,08-Dec-2025,Near Miss,Low,71.6,Defense position century any father.,Sensor Malfunction,15.0,Under Investigation
INC-01127,SITE-001,10-Dec-2024,Equipment Failure,Medium,63.6,Government television station window window also black range dark citizen.,,5.8,Under Investigation
INC-03346,SITE-006,2024-02-27,Spill,Critical,32.6,Movement authority indicate cold analysis.,,6.6,Open
INC-01875,SITE-002,2026-02-23,Leak,High,49.8,Course industry three figure base interview hospital culture news company bank run drug pay move peace director outside majority.,Corrosion,3.2,Open
INC-05476,SITE-001,2024-10-11,Fire,Low,80.7,Glass floor tell whatever partner soon last fear.,Operator Error,4.8,Under Investigation
INC-01518,SITE-006,08/25/2025,Leak,High,50.2,Music lead close year check summer factor sign where hold.,Operator Error,9.0,Closed
INC-00265,SITE-003,2024-03-01T00:00:00Z,Equipment Failure,Medium,80.5,Place hit yard bring color discover have art firm.,Valve Failure,24.4,Open
INC-02290,SITE-003,10/21/2025,Leak,Critical,46.0,Challenge range seven every.,Valve Failure,5.2,Under Investigation
INC-05304,SITE-004,2025-08-13,Near Miss,High,75.9,Better foot Mr something three clear against month.,,5.4,Under Investigation
INC-02972,SITE-003,2023-09-19,Equipment Failure,Medium,96.9,Development suffer situation reason direction.,Operator Error,13.3,Under Investigation
INC-01987,SITE-006,2024-05-05,Spill,Critical,47.1,Hear society senior grow situation space condition.,Operator Error,15.5,Closed
INC-03887,SITE-003,2024-09-03,Spill,Hi,52.5,Real idea hundred force happy open draw.,Corrosion,6.2,Closed
INC-01408,SITE-002,2025-08-22,,Medium,65.6,Word within save why try hope bring apply.,Third-party Damage,1.5,Closed
INC-00790,SITE-002,2024-03-31,Fire,Medium,74.1,Order eye keep resource marriage once.,Valve Failure,2.1,Open
INC-05509,SITE-005,2023-11-24,Leak,Low,84.1,Experience forget against be begin window young court hair meeting.,Operator Error,2.1,Open
INC-03922,SITE-001,2026-07-02,Fire,Medium,-0.5,Themselves inside enter thus need accept.,Operator Error,7.7,Open
INC-05428,SITE-001,2025-09-22,Near Miss,Critical,51.9,Strong spring audience draw area minute air contain now forward word five brother.,Third-party Damage,1.6,Open
INC-00187,SITE-003,2024-01-22,Leak,Critical,39.1,Usually test Republican Republican play stage bed including call identify state somebody.,,2.9,Under Investigation
INC-04710,SITE-006,2026-09-30,equipment failure,High,79.6,Assume daughter hotel risk tonight employee sing matter financial claim area somebody detail.,,5.0,Closed
INC-04781,SITE-002,2026-07-20,Fire,Low,92.9,Kind whether blue within push popular school high away maybe owner something interest key man walk.,Third-party Damage,6.4,Closed
INC-04023,SITE-001,2026-01-01,Equipment Failure,Medium,76.8,Care star eight decade recently whole scene.,Third-party Damage,7.2,Open
INC-03319,SITE-001,2025-07-13,Spill,High,67.0,Response play father blood hair time if.,Valve Failure,1.2,Open
INC-05397,SITE-006,2025-01-16,Leak,High,65.2,Mean term say late grow month blood story rule.,Valve Failure,6.7,Closed
INC-00581,SITE-002,2026-01-21,Leak,Critical,45.1,Door nice home likely until interest step not weight low national anyone book include around.,Third-party Damage,14.6,Closed
INC-05371,SITE-005,2025-07-11,Spill,Low,-5.0,Place piece nothing effort enter happen her color leave late blue it back leg wind reveal.,Corrosion,4.0,Closed
INC-04345,SITE-004,26-Dec-2024,Fire,Low,81.2,History somebody attention center five produce common spend value hope American drive once throw beautiful central east though benefit particularly.,Corrosion,3.8,Open
INC-01422,SITE-002,16/03/2024,Leak,Medium,69.4,Knowledge from indicate their family book.,Material Fatigue,7.5,Closed
INC-00348,SITE-002,2026-01-10, Leak,Low,87.8,Easy should over clear later agency later theory clearly law lay international factor tonight.,Third-party Damage,3.2,Closed
INC-00923,SITE-003,2024-04-10,Leak,Medium,72.4,Choice write southern hair tough though figure stock.,Corrosion,7.2,Closed
INC-02843,SITE-005,2024-11-28,Near Miss,Medium,62.8,National term news than dog consumer fire performance campaign would respond sometimes.,,9.7,Closed
INC-00158,SITE-001,2025-09-29,Near Miss,Critical,56.1,While heavy teach score election today onto as show develop perform memory us letter media player writer.,Operator Error,5.7,Open
INC-02355,SITE-006,2026-02-13,Leak,Critical,27.5,Gun identify laugh key choice financial staff question heavy idea little most baby certain church.,,3.8,Closed
INC-03680,SITE-004,2024-02-05,Equipment Failure,Medium,67.2,Main relationship explain this tell consumer subject.,Corrosion,0.4,Closed
INC-03175,SITE-001,2024-10-11,Near Miss,Medium,75.1,History middle word human keep adult.,,15.3,Closed
INC-02880,SITE-005,2024-11-13,Spill,Lo,89.3,Civil parent story bed board tough thought just success agent win.,Material Fatigue,22.7,Open
INC-05953,SITE-002,2024-10-17T00:00:00Z,Equipment Failure,Medium,57.3,Gun although culture pay evening anything tend Democrat under win adult crime blue.,Third-party Damage,14.5,Open
INC-01871,SITE-006,15-Feb-2024,Near Miss,Medium,70.4,Church morning control will run experience yard character common coach only amount.,Sensor Malfunction,1.1,Closed
INC-00301,SITE-001,2026-06-17,Leak,Medium,69.1,Exactly approach hundred meet event radio.,Corrosion,3.6,Closed
INC-03076,SITE-004,02/23/2024,Fire,Low,95.8,Choice themselves morning past tree Mr listen discuss sell example movement hit movie age.,Sensor Malfunction,4.0,Closed
INC-01893,SITE-002,2026-04-19,Near Miss,Critical,57.0,Return movie south send life although use relationship skill able future computer ten enter goal program.,Corrosion,3.8,Open
INC-02008,SITE-002,2026-03-02,Fire,High,41.3,Each break move offer brother could red week.,Operator Error,7.9,Closed
INC-01037,SITE-002,2024-04-15,fire,Medium,72.6,Consider evening enough girl foreign discover wrong today year office face stage common mean tree stock.,Third-party Damage,3.4,Open
INC-00693,SITE-005,2024-07-25T00:00:00Z,Equipment Failure,Low,91.2,Head possible realize political treat.,Third-party Damage,19.9,Open
INC-05375,SITE-006,2025-09-29,Leak,Low,88.7,Item adult these real miss five follow describe into.,Third-party Damage,9.6,Open
INC-04098,SITE-001,02/11/2024,Near Miss,Critical,43.2,Particularly scene risk because.,Third-party Damage,3.3,Open
INC-03528,SITE-006,2024-01-22,Leak,Medium,71.8,Race phone section each ten ability goal almost apply build focus if bad easy game.,Material Fatigue,13.1,Closed
INC-03446,SITE-001,2023-09-23,Near Miss,High,40.2,Together hear voice affect quality serve ten tell.,,15.7,Closed
INC-00531,SITE-005,07/15/2024,Spill,Low,95.2,Mean network floor.,Operator Error,2.3,Closed
INC-01505,SITE-002,2024-07-21,Leak,Med,79.6,Everyone summer year role pull particular program phone level society lose admit design get.,Operator Error,6.4,Closed
INC-02744,SITE-005,2024-05-14,Equipment Failure,Medium,83.5,Community teacher laugh poor play number respond computer goal push high include hotel management right result surface list.,Valve Failure,7.7,Closed
INC-03491,SITE-003,2023-10-28,Equipment  Failure,High,61.7,Charge design yard card hand first just always economic woman across.,Valve Failure,11.4,Closed
INC-05115,SITE-003,2024-06-15,Near Miss,Medium,67.0,Protect entire very allow reduce join as put risk believe.,Third-party Damage,12.3,Closed
INC-03791,SITE-002,2025-07-16T00:00:00Z,near miss,Medium,72.6,Add paper expect deal nature unit officer ahead.,,3.4,Closed
INC-05672,SITE-002,2025-11-02T00:00:00Z,Near Miss,Medium,81.7,Value process act forget less explain draw.,Third-party Damage,4.9,Closed
INC-04308,SITE-006,2024-12-30,Leak,Critical,29.2,Thus sign appear much identify religious.,Valve Failure,10.9,Open
INC-05094,SITE-006,2024-08-23,Near Miss,Medium,74.5,Book everything cost century.,,5.2,Open
INC-02770,SITE-002,2024-08-29,Fire,Medium,73.4,Paper increase maintain blue foreign finish bed performance behind actually.,Material Fatigue,2.8,Closed
INC-00666,SITE-003,30-Jul-2023,Leak,Low,90.3,Course large sell response already family paper list nearly kid successful.,Third-party Damage,12.3,Under Investigation
INC-00065,SITE-006,2025-09-16,Equipment Failure,High,64.8,Reality street certain quite wall those quality operation identify.,Third-party Damage,3.1,Closed
INC-02853,SITE-002,16/02/2026,Equipment Failure,Medium,78.7,Along while option wonder program the government weight information heart.,Sensor Malfunction,9.1,Open
INC-00479,SITE-005,2024-01-20,Equipment Failure,Medium,84.2,Kid score relate sport loss bring operation author thank.,,12.7,Open
INC-03788,SITE-001,2023-10-25,Fire,Critical,33.5,Operation radio himself west away only trip draw star red long main if.,Corrosion,11.9,Closed
INC-03464,SITE-006,2024-10-13,Leak,High,53.5,Law film describe high not stuff must church.,Material Fatigue,6.6,Under Investigation
INC-00261,SITE-005,2024-07-09,Near Miss,Medium,60.2,Kid investment dog party young safe.,Third-party Damage,9.3,Under Investigation
INC-04729,SITE-005,2025-03-31,Fire,High,66.1,Air note present add lose picture whole.,,6.7,Open
INC-00450,SITE-003,2025-03-13,near-miss,Hi,57.0,Police party mother environmental figure author itself lay final.,Corrosion,19.0,Closed
INC-00991,SITE-005,2026-02-15,Equipment Failure,Medium,78.8,Agree much middle mother born economy take big off than strategy light want factor why through he religious suggest.,Third-party Damage,4.3,Under Investigation
INC-00374,SITE-004,2024-02-12,Near Miss,,84.1,Pretty beautiful exist executive field election her free society understand party citizen must rate language.,Operator Error,9.6,Open
INC-02306,SITE-006,2025-08-23,Leak,Low,89.1,Simply arm data allow deep medical none method sense doctor white available.,Operator Error,3.4,Open
INC-05393,SITE-006,2025-03-09,Oil Leak,High,51.7,The thought approach about recognize situation line study today run.,,10.1,Closed
INC-02536,SITE-002,2025-08-21,spill,High,52.1,Idea rest fly exactly home not who middle.,Material Fatigue,1.7,Closed
INC-04147,SITE-006,2023-08-22,Equipment  Failure,Critical,49.1,Attack affect often song write employee information explain western decision sport.,Corrosion,11.2,Under Investigation
INC-03570,SITE-004,03/27/2024,Near Miss,,42.1,Ask interesting less space focus administration purpose.,Material Fatigue,3.1,Open
INC-00417,SITE-004,2025-11-23,Fire, medium,77.8,System old available yes nor someone around step.,Valve Failure,1.9,Under Investigation
INC-02722,SITE-005,2026-06-26,Fire,Low,86.2,Whether this attack unit range street break.,Sensor Malfunction,2.1,Open
INC-05596,SITE-006,2023-08-16,Spill,Critical,55.6,Road state specific put front prove.,Valve Failure,2.0,Closed
INC-03800,SITE-006,2025-07-30,Equipment Failure, Critical,33.9,Prepare building group instead age dream show plant receive player behind strong play explain task take arm.,Valve Failure,15.3,Open
INC-00517,SITE-003,2026-01-30,near miss,Critical,29.4,Test usually country line near voice quite business base choice civil husband local.,,4.5,Under Investigation
INC-04092,SITE-003,2023-08-02,Equipment Failure,High,52.1,Boy charge morning exactly seek evening professional peace figure above man half item.,,9.3,Closed
INC-02949,SITE-005,2025-10-22,Equipment Failure,High,54.2,Identify yourself tough another.,,17.8,Under Investigation
INC-00770,SITE-003,2024-09-14,Spill,Medium,63.6,Arrive result carry him admit discuss trial course.,Operator Error,8.1,Under Investigation
INC-05054,SITE-006,2026-09-14,Spill,MEDIUM,71.2,View behind able serve either Congress risk message remain really serve visit local.,Valve Failure,2.7,Closed
INC-03030,SITE-001,2023-09-18T00:00:00Z,Near Miss,Low,-12.3,Significant very itself keep Congress car once.,,1.8,Open
INC-00979,SITE-002,2024-01-07,Near Miss,Critical,53.8,Here hour condition ground respond marriage involve.,Corrosion,4.8,Under Investigation
INC-02507,SITE-006,11/04/2023,Spill,High,50.0,Successful bill there last quickly become.,Operator Error,2.4,Closed
INC-02164,SITE-001,2024-02-10,Near Miss,Medium,81.3,Know stop conference on upon last radio walk Republican team season break single approach.,Operator Error,1.3,Under Investigation
INC-02063,SITE-003,2023-11-02,Spill,High,54.5,Likely available add single none capital answer.,Third-party Damage,8.5,Open
INC-05106,SITE-004,2026-09-12,Equipment Failure,High,59.7,Happen raise well kitchen too.,Sensor Malfunction,14.8,Under Investigation
INC-05945,SITE-006,2026-01-29,Fire,Medium,150.0,Successful ahead by early send fly individual address executive avoid.,Corrosion,18.4,Open
INC-01090,SITE-004,2024-12-02,Fire,Low,94.7,Fill Mrs make care course tell prepare size he beyond organization bit serious.,Valve Failure,0.6,Open
INC-01958,SITE-003,2025-06-07,Leak,,36.9,Surface paper check weight against exist actually nearly.,Corrosion,7.3,Closed
INC-03748,SITE-003,2025-04-28,Leak,Critical,56.6,Card ready activity specific move seek image down worry agreement free include.,Third-party Damage,1.5,Open
INC-02664,SITE-001,27/10/2024,Leak,,78.5,Happen soldier project tough difference its.,Valve Failure,3.1,Closed
INC-01701,SITE-006,2024-06-12,Near Miss,,78.5,Pick wife even night that difficult thank state easy card under interest.,Third-party Damage,7.3,Under Investigation
INC-03236,SITE-005,2024-01-30,Equipment Failure,Critical,68.4,Eight mother purpose sound again.,Valve Failure,7.1,Under Investigation
INC-02016,SITE-003,2025-02-05,,Hi,49.7,All bring low image day together accept fire group pick standard.,Third-party Damage,9.6,Closed
INC-01096,SITE-005,2025-01-04,Spill,Low,81.9,Nature wonder game traditional value home herself particular nothing energy.,Material Fatigue,4.8,Closed
INC-03138,SITE-003,2024-01-03T00:00:00Z,Equipment Failure,High,44.9,Help star especially sure region time major yes right what.,Corrosion,7.7,Open
INC-05491,SITE-001,2025-11-28,Near Miss,Medium,70.1,Heart instead resource cultural human least line fear modern school care professional all.,Operator Error,8.5,Closed
INC-04734,SITE-002,2025-03-09T00:00:00Z,Near Miss,,91.8,Stuff their piece ready somebody child service hard pretty after rate forward trial next.,Sensor Malfunction,2.3,Open
INC-03339,SITE-003,2026-04-13,Spill,Medium,67.4,Firm bank word its hair cost he ball if her radio feeling item head.,Corrosion,8.1,Closed
INC-02520,SITE-005,2026-08-15,Spill,Low,86.5,Single deep buy personal court suffer car former leg.,Material Fatigue,5.2,Closed
INC-02153,SITE-003,2025-11-20,Leak,High,61.2,Approach will message institution whatever participant since.,Third-party Damage,3.3,Open
INC-02779,SITE-003,2025-10-31,Leak,High,61.1,Step place media decide will president wind that mention imagine true along wear.,Valve Failure,14.4,Under Investigation
INC-03163,SITE-003,2026-07-25,Fire,High,45.7,Piece church clear see experience college recently western place table film rock away couple here service.,,3.0,Open
INC-00672,SITE-004,2026-06-09,Near Miss,Medium,66.3,Certain open interest memory pattern week subject help.,Valve Failure,11.2,Closed
INC-00873,SITE-001,2024-08-25,Fire,Low,89.4,Concern water simple town choose reason animal history with mission spring court sell.,Third-party Damage,3.6,Under Investigation
INC-05097,SITE-004,2026-10-05,Equipment Failure,Low,91.4,For full pretty else treatment Democrat occur section final likely color see car capital.,Corrosion,7.5,Open
INC-05521,SITE-005,2024-12-26,,Low,84.6,Other ahead follow whether hot attention because.,Corrosion,12.9,Under Investigation
INC-01605,SITE-004,2024-08-30,Equipment Failure,LOW,85.1,Form good crime expert again standard not.,Operator Error,3.7,Open
INC-03532,SITE-004,2025-01-21,Near Miss,Low,88.6,Significant outside born air unit off foreign raise.,Operator Error,9.7,Under Investigation
INC-03218,SITE-004,2025-02-12,Equipment Failure,Low,81.2,Course whether dream political suffer across.,,4.9,Closed
INC-03692,SITE-001,2025-08-10,spill, High,73.3,State bad home people site commercial floor arrive behind live community.,Material Fatigue,3.5,Open
INC-00699,SITE-004,2026-03-19,Fire,Medium,72.8,Among blood city woman.,Sensor Malfunction,14.0,Under Investigation
INC-01768,SITE-002,2025-01-29,Equipment Failure,Low,84.9,Cause himself official take involve still whatever may move million myself her debate knowledge then.,Valve Failure,21.4,Closed
INC-05129,SITE-004,2025-04-26,Near Miss,critical,35.4,Likely animal series benefit hour difference water production something night around training.,,8.3,Open
INC-02276,SITE-005,2025-01-27,Equipment Failure,Low,79.0,Bit far three because program left likely choose environmental hundred know worry chair responsibility.,Valve Failure,0.6,Open
INC-00825,SITE-004,2024-09-28T00:00:00Z,Equipment Failure,High,77.4,Off school later their peace.,Valve Failure,13.0,Under Investigation
INC-03762,SITE-004,04/15/2024,Equipment Failure,Medium,68.9,Summer him magazine break clearly fine attention control remain agency society clearly.,Corrosion,5.1,Open
INC-05568,SITE-005,2024-10-18,Spill,High,60.7,Full maybe like century trouble though because lot medical forget stand begin.,Corrosion,5.7,Under Investigation
INC-03324,SITE-004,2026-06-07,Near Miss,Low,90.1,Life form media them network.,Operator Error,3.3,Open
INC-01272,SITE-005,2024-05-29,Near Miss,Low,88.9,Traditional range main determine piece.,Valve Failure,6.3,Closed
INC-00411,SITE-002,2023-11-03,Equipment Failure, Low,79.7,Half this wife employee resource.,Valve Failure,2.4,Open
INC-04208,SITE-001,2025-02-25,Equipment Failure,Critical,40.1,Minute you even these modern hour future area body girl idea perhaps strategy his garden.,Third-party Damage,5.0,Open
INC-02488,SITE-002,2026-06-14,Equipment Failure,Critical,-0.5,Name agreement leg realize take want cover.,Third-party Damage,8.5,Open
INC-00366,SITE-003,2025-12-06,Spill,Critical,41.3,Thus live only book room spring on turn throughout matter television big another move.,Sensor Malfunction,18.4,Under Investigation
INC-00820,SITE-001,2024-12-10,Near Miss,Low,83.8,Bag bit know development personal huge fight affect nothing someone.,Valve Failure,6.5,Closed
INC-02792,SITE-006,2025-10-23,Equipment Failure,High,42.6,Down rise claim accept spend television run data who available doctor by notice.,Corrosion,9.1,Open
INC-01609,SITE-002,2023-08-31,Fire,High,66.8,Run candidate leader of everybody heavy character how.,Corrosion,2.4,Closed
INC-05177,SITE-003,2023-09-24,Near Miss,high,69.5,Half seem return official approach allow right our camera charge oil while able wait.,Valve Failure,19.4,Under Investigation
INC-03014,SITE-003,2023-12-03T00:00:00Z,Leak,,63.8,All keep believe case loss media yard sound mission realize phone before.,Operator Error,1.1,Under Investigation
INC-02201,SITE-004,2026-04-10,Equipment Failure,Low,88.1,Policy floor she address put letter traditional example service central move contain decade I near care when author generation.,Operator Error,15.0,Under Investigation
INC-01594,SITE-002,2026-03-08,Fire,Medium,76.5,Number artist table thought politics various Mr time my question.,Third-party Damage,5.0,Closed
INC-01013,SITE-001,2024-10-23,Equipment Failure,High,77.5,Population popular relationship keep reason matter west set.,Sensor Malfunction,4.2,Under Investigation
INC-04692,SITE-001,2025-02-21,Spill,Low,90.5,Away shake full campaign hundred federal moment station end simple remember still measure third today agent.,Sensor Malfunction,11.9,Under Investigation
INC-05805,SITE-002,2023-11-08,Equipment Failure,Low,100.0,Meeting them fine huge try space consider relationship include by statement method big natural.,Sensor Malfunction,23.9,Closed
INC-03827,SITE-001,08/12/2023,Near Miss,Medium,91.3,Yard yard science who team close.,,10.5,Closed
INC-00026,SITE-002,2023-07-31,Near Miss,Critical,45.3,Point without his beautiful second rich.,Sensor Malfunction,9.1,Closed
INC-05126,SITE-003,2025-12-18,Equipment Failure,Medium,76.2,Plant whole leg gun language while writer series over front smile have himself leader computer between capital audience hold.,Corrosion,10.0,Under Investigation
INC-00659,SITE-001,2025-04-24T00:00:00Z,Spill,Lo,97.0,Despite pick center down employee current health bit employee sit statement man history plan.,Material Fatigue,11.7,Closed
INC-04606,SITE-003,2023-09-22T00:00:00Z,Leak,Critical,104.0,Serious difficult throw foot blue community society arm economy.,Valve Failure,12.7,Closed
INC-02230,SITE-003,2026-05-08,Near Miss,High,52.6,Teacher its ball store idea establish whose wait rock week picture when finally that.,Material Fatigue,4.2,Under Investigation
INC-00751,SITE-006,2025-11-16,Fire,,63.6,Current head capital seven white report this film large set commercial paper fire property.,Operator Error,14.4,Open
INC-04846,SITE-004,07/14/2026,Near Miss,Medium,79.9,Decision step law instead officer public cultural.,Operator Error,3.7,Closed
INC-05848,SITE-006,15-Nov-2024,Spill,Critical,52.1,Word factor tax value civil return social assume bring seat lawyer.,Third-party Damage,13.2,Closed
INC-01155,SITE-002,2024-11-14,Equipment Failure,Medium,82.1,Authority bit way language turn against do attack trial security two medical sometimes contain mean politics seem then understand.,Operator Error,5.2,Under Investigation
INC-01130,SITE-002,29-Nov-2024,Near Miss,Medium,82.3,Door everything realize side may part information authority notice.,Third-party Damage,8.4,Closed
INC-01172,SITE-006,2023-12-20,,Low,91.1,Style mean happy tend conference often region.,Material Fatigue,10.0,Closed
INC-01073,SITE-002,2025-01-16,Fire,LOW,93.1,Move us enough reduce check run church.,Operator Error,8.2,Closed
INC-03166,SITE-002,2025-11-11,Near Miss,Low,88.4,It moment article among color design should finish on miss eat.,Material Fatigue,15.7,Under Investigation
INC-03006,SITE-002,08-Dec-2025,Equipment Failure,Medium,64.1,Win field view her similar whose according drop test also.,Sensor Malfunction,18.1,Closed
INC-02465,SITE-006,2024-08-11,Near Miss,Hi,48.6,Member address relate whatever memory.,Material Fatigue,9.8,Open
INC-05411,SITE-001,2024-02-20,Near Miss,Critical,55.0,Himself together five sell fund responsibility skill will fly.,Sensor Malfunction,12.0,Open
INC-05063,SITE-004,2026-02-06,Leak,Medium,87.3,Friend individual table much however sometimes nature new bar series painting movement tree relate.,Sensor Malfunction,9.3,Under Investigation
INC-05119,SITE-003,2025-06-17,leak ,High,60.1,World above message walk summer lay service while knowledge manager beautiful a.,Sensor Malfunction,4.9,Closed
INC-02923,SITE-002,30-Aug-2023,Equipment Failure,Low,91.4,Although industry money often reflect speech one some century research simple address million ask chance student.,Corrosion,25.9,Open
INC-00668,SITE-004,01/05/2024,Fire,Medium,70.8,Bad generation sister style structure deep.,,23.5,Open
INC-01289,SITE-004,2024-05-05T00:00:00Z,Near Miss,Critical,23.9,Score your from who story save open inside everybody.,Material Fatigue,3.1,Under Investigation
INC-03149,SITE-004,2024-06-14,Equipment Failure,Medium,82.1,Message reach news season then direction rest speech girl.,Valve Failure,9.1,Closed
INC-03694,SITE-003,2025-04-26,LEAK,Medium,72.6,Charge campaign political quickly Mr crime institution others medical.,Third-party Damage,29.3,Closed
INC-03824,SITE-001,11-Sep-2023,,Low,86.0,Manage bag affect from third walk when data commercial color remember.,Corrosion,17.2,Open
INC-04419,SITE-003,2024-10-26,Fire,Critical,37.0,Course relationship true through return happy try get scientist country name although quality might.,Valve Failure,7.6,Open
INC-03359,SITE-003,07/15/2026,Fire,High,39.6,Beautiful talk exactly worker smile billion bring.,,10.9,Closed
INC-01227,SITE-006,2025-04-13,Near Miss,MEDIUM,69.4,Trip little she cut gun federal senior specific three follow capital state.,Operator Error,4.7,Closed
INC-04945,SITE-005,26-Jan-2024,Equipment Failure,Medium,64.3,Though miss must customer news consumer upon model simply stand PM contain.,Third-party Damage,3.4,Under Investigation
INC-00073,SITE-003,2026-03-05,Spill,Low,91.3,Edge already mention amount animal least girl ten color important modern.,Material Fatigue,7.3,Closed
INC-03556,SITE-001,2024-08-17,Leak,Low,94.9,Between many commercial good spend leave visit knowledge magazine than fill final tree right catch once.,Valve Failure,19.8,Under Investigation
INC-03167,SITE-006,2025-03-19,Equipment Failure,Medium,58.8,Sense cold culture Congress nothing energy expert note.,Third-party Damage,7.2,Open
INC-00498,SITE-003,2023-10-09,Near Miss,high,74.2,Seat grow here high organization democratic campaign tonight teacher field network trial room purpose.,Third-party Damage,2.7,Open
INC-03943,SITE-005,2025-07-23,near miss,Medium,85.2,Yeah concern all tonight point beyond defense.,Valve Failure,0.8,Closed
INC-04150,SITE-002,05-Aug-2023,Leak,LOW,86.2,Keep local field she wife before without production politics care level old.,Sensor Malfunction,8.0,Closed
INC-01207,SITE-005,2024-07-14,Equipment Failure,Low,94.9,Such show bill stage lose foot within within personal bag I.,,3.0,Closed
INC-03653,SITE-005,07/29/2023,Leak,High,51.6,Art important could call summer may find seem dog.,Corrosion,11.8,Open
INC-04577,SITE-002,2026-02-02,Equipment Failure,low,93.7,Prevent item person north tonight history theory food.,,11.4,Closed
INC-05710,SITE-003,2024-05-17,Leak,critical,58.3,Traditional citizen movie author firm traditional trial yes two test onto generation experience pay.,Operator Error,9.2,Closed
INC-03935,SITE-005,2024-03-04,Equipment Failure,Low,84.1,Owner part heart ahead.,Valve Failure,10.9,Under Investigation
INC-04972,SITE-003,2024-05-11,Near  Miss,Low,95.0,Story business ready how mention range surface through he while project entire radio realize operation rest education action talk similar.,Material Fatigue,5.6,Open
INC-02740,SITE-002,2025-01-10,Near Miss,Low,89.0,Ahead agree ten share require happen throughout hot day.,Operator Error,0.9,Closed
INC-00965,SITE-006,2026-03-25,Spill,High,56.5,Suffer more of upon audience again knowledge song.,Third-party Damage,12.9,Under Investigation
INC-01050,SITE-004,2023-09-17,Spill,Low,93.6,None story push edge investment.,Valve Failure,1.0,Closed
INC-04800,SITE-005,10/04/2025,Fire,High,72.6,Still author issue professional history without assume beat blood song.,,3.7,Closed
INC-02772,SITE-003,2024-12-27,Leak,High,42.9,Group century company staff recognize hit for expert fill myself.,,9.2,Under Investigation
INC-01784,SITE-004,2024-11-03,Equipment Failure,Low,89.4,Show single property should more.,Third-party Damage,3.2,Closed
INC-03544,SITE-006,22/06/2025,Leak,High,51.0,Ago wonder baby particularly follow.,Material Fatigue,14.5,Open
INC-03227,SITE-005,2026-01-07,Leak,Medium,75.6,Good call collection window hundred smile base we small significant last employee.,Material Fatigue,2.6,Closed
INC-02396,SITE-005,2024-11-08,,LOW,90.0,Important trip free health treatment it discussion site serious recognize director whose really point interest.,Sensor Malfunction,3.8,Under Investigation
INC-04411,SITE-004,2024-12-19,Spill,Low,90.2,This fly real democratic authority action practice particular future behavior.,,1.9,Open
INC-03357,SITE-004,2024-02-21,Spill,HIGH,58.4,Thing enough maintain hold professor strategy loss threat including would.,,7.1,Under Investigation
INC-02401,SITE-004,2025-03-29,Leak,Hi,70.5,Rate than maintain sea explain.,Sensor Malfunction,16.7,Under Investigation
INC-01977,SITE-002,2025-05-20,Near Miss,Medium,73.5,After daughter short me until world watch account expect.,Corrosion,3.7,Open
INC-05648,SITE-002,2024-09-09,Fire,Medium,68.6,Over financial later material any production east day top fund wrong agency.,Sensor Malfunction,5.2,Closed
INC-03948,SITE-002,12/02/2024,Equipment Failure,Critical,44.9,Put rest without tax near question wrong red.,Corrosion,9.2,Open
INC-00692,SITE-006,2024-07-27,SPILL,Medium,82.7,Leg ahead situation light agency wonder.,Third-party Damage,12.2,Closed
INC-03333,SITE-002,2025-10-22T00:00:00Z,Equipment Failure,,81.9,Around assume teacher she laugh fire perform turn.,Valve Failure,28.7,Under Investigation
INC-02775,SITE-002,2024-04-15T00:00:00Z,Fire,High,69.8,Threat education choice remember leg history some finally good ask.,,13.7,Open
INC-00635,SITE-002,2024-01-28,Equipment  Failure, medium,84.0,Should successful popular way lay.,Corrosion,6.0,Under Investigation
INC-05587,SITE-003,2026-03-13,Leak,Medium,86.4,Attorney traditional during year pull he watch free century adult wife unit energy sort everyone service.,,4.2,Open
INC-05064,SITE-001,23/07/2023,Near Miss,Medium,67.6,Author yet listen upon floor authority current attention fear bar work environmental choose it.,Valve Failure,5.4,Open
INC-01886,SITE-006,2026-03-07,Fire,,32.2,Book huge matter event glass maybe value glass.,Valve Failure,6.2,Under Investigation
INC-05888,SITE-003,2026-05-13,Leak,High,61.8,Commercial study future step resource forward oil really.,,4.0,Under Investigation
INC-03841,SITE-006,2024-02-29,Leak,Critical,45.9,But record note prepare result.,Third-party Damage,6.8,Under Investigation
INC-03592,SITE-004,2025-02-23,Equipment Failure,Low,80.0,Baby certain heart argue tell.,Sensor Malfunction,2.0,Open
INC-05917,SITE-001,2024-05-25,Leak,Medium,75.4,Would raise when special fast both read interesting rather draw beat whole be single win.,Corrosion,4.0,Open
INC-00702,SITE-005,2024-01-13,Near Miss,High,65.8,Meeting machine become ask old mother probably begin employee.,Operator Error,3.4,Under Investigation
INC-02128,SITE-001,23/01/2026,Fire,Medium,71.5,Push development mission recognize them piece share.,Operator Error,3.4,Closed
INC-05328,SITE-003,09/09/2024,near miss,Critical,28.7,Million education above food door goal make art water note customer market.,Corrosion,10.9,Closed
INC-03110,SITE-003,2024-11-11,Equipment Failure,Critical,38.9,Wife pull wrong natural position information line sea.,Operator Error,1.9,Closed
INC-02591,SITE-004,2024-08-22,Equipment Failure,Low,-12.3,Probably politics movement author employee reveal.,Third-party Damage,10.4,Closed
INC-00628,SITE-006,2026-01-23,Equipment Failure,Critical,55.3,Whether feeling road above born back.,Valve Failure,11.0,Under Investigation
INC-01690,SITE-005,2024-06-03,Near Miss,Low,99.2,Require reach rather no there wait include.,,11.6,Under Investigation
INC-03085,SITE-006,2025-05-09,Spill,High,58.1,Arm once pressure crime establish ahead always.,Valve Failure,6.5,Closed
INC-01394,SITE-004,2025-11-03,,Low,87.0,Region there nearly record hour unit.,Operator Error,4.6,Closed
INC-04714,SITE-006,25/04/2026,Fire,Critical,41.1,Machine per key choose five job together box help president guy onto.,Valve Failure,13.4,Under Investigation
INC-01196,SITE-002,2024-07-18,,Low,84.3,Feeling son question within science again world thought night kitchen budget.,Third-party Damage,12.4,Under Investigation
INC-03966,SITE-004,2024-05-10T00:00:00Z,,Critical,29.3,Understand finish speech production tax board thus business product bank.,Sensor Malfunction,2.6,Under Investigation
INC-01347,SITE-004,2025-07-30,Spill,MEDIUM,84.7,College trouble factor it chair us city improve left case couple.,Sensor Malfunction,17.0,Closed
INC-04898,SITE-003,2023-08-19,Spill,High,57.0,Officer exactly require age right leader create win.,Valve Failure,2.1,Open
INC-03753,SITE-003,2025-01-10,Equipment Failure,Critical,32.9,Plan it main natural special subject tree trade force skin loss theory.,Operator Error,14.4,Under Investigation
INC-01759,SITE-001,2024-06-21,Near Miss,Low,96.8,Enjoy modern no issue life appear more or idea voice want score continue.,Material Fatigue,33.8,Under Investigation
INC-01441,SITE-006,2025-03-17,Spill,,65.0,All law traditional Congress price body mouth run white center treat.,Corrosion,16.7,Under Investigation
INC-04648,SITE-006,2025-05-21,Near Miss,High,104.0,Share month letter serious baby impact.,Material Fatigue,17.5,Closed
INC-04526,SITE-004,2023-09-25,Equipment Failure,Medium,88.9,Economic result sure doctor significant ok why sign writer family.,Material Fatigue,8.7,Open
INC-01267,SITE-002,2026-06-13,FIRE,Medium,82.3,Child enter father glass whole hit especially start good leave hand late leader easy baby material these property detail machine.,Sensor Malfunction,4.9,Open
INC-04001,SITE-002,2025-08-18T00:00:00Z,Leak,,81.9,Law right near our lay hot figure turn fall view mean court.,Material Fatigue,8.7,Under Investigation
INC-03275,SITE-005,2024-07-18,Near Miss,Low,90.9,Next teach conference reveal sea quality must present lead between.,Third-party Damage,2.8,Under Investigation
INC-03283,SITE-006,2023-08-05,Leak,High,56.4,Visit debate wife never later property occur try kind.,Third-party Damage,8.3,Open
INC-01631,SITE-003,2024-12-05,Spill,Medium,68.5,Country public cold prove hospital you middle American visit majority would girl.,Corrosion,15.4,Open
INC-01435,SITE-004,2026-07-21,Leak,Low,92.4,State what night allow out theory ask sister some hold.,Operator Error,11.6,Open
INC-04662,SITE-004,2024-09-13,Spill,Low,89.5,Study red film business argue suffer early.,Third-party Damage,13.3,Closed
INC-03481,SITE-006,2026-05-08,Leak,High,51.7,Within common list consumer attention agency performance they every middle its.,Sensor Malfunction,19.6,Under Investigation
INC-00475,SITE-006,2026-03-02,Leak,,54.0,Behavior lose wrong fire better keep.,Valve Failure,2.6,Open
INC-01024,SITE-003,2024-05-25,Fire , High,49.5,Security hour vote save star worker research daughter world.,,4.4,Open
INC-02609,SITE-005,2023-12-19,Fire,Low,96.8,From relationship eight drive business avoid effect PM defense race meeting ability discover baby eight wait compare.,Sensor Malfunction,2.2,Open
INC-05797,SITE-005,2026-05-24T00:00:00Z,Equipment Failure,Medium,73.3,Subject end various describe she technology security.,Third-party Damage,1.3,Under Investigation
INC-04985,SITE-005,16/04/2026,Near Miss,Low,81.1,Machine TV cover artist gas everybody speech television moment.,Sensor Malfunction,4.8,Under Investigation
INC-05900,SITE-003,2024-03-26T00:00:00Z,Fire,High,61.0,Place themselves figure short second full throw fly.,Third-party Damage,2.4,Closed
INC-03891,SITE-005,2024-05-31,Fire,Lo,85.7,Seven page environment play key suggest anyone.,Operator Error,20.0,Closed
INC-04969,SITE-005,2026-07-05,Equipment Failure,Medium,77.0,True money clear remain hit sell mission follow.,,5.7,Closed
INC-03130,SITE-006,2023-11-04,Leak,Low,84.6,Low safe air as ahead.,Material Fatigue,5.0,Open
INC-03479,SITE-003,2024-09-17,Spill,High,53.7,Exist return sense government success.,Third-party Damage,5.2,Open
INC-01832,SITE-002,2024-07-31,Equipment Failure,High,47.2,All should rule fish sign certainly them write cut.,Material Fatigue,8.0,Closed
INC-05789,SITE-004,2024-09-18,EQUIPMENT FAILURE,Critical,18.6,Activity sport another anyone author together.,Third-party Damage,6.0,Under Investigation
INC-04612,SITE-006,10-Aug-2024,Leak,High,60.6,Enter skill on full talk street.,Operator Error,0.9,Closed
INC-00298,SITE-004,2024-05-14,Fire,Low,82.2,Study find once ability a during idea should choice better certain small.,Material Fatigue,6.0,Open
INC-04546,SITE-002,2025-10-06,Near Miss,Low,95.5,Cover so who similar until total least know center window language culture military street city.,Corrosion,3.3,Closed
INC-02688,SITE-006,2024-09-10,Spill,Medium,70.5,Major natural at property how go institution range hot election.,Corrosion,5.7,Under Investigation
INC-05403,SITE-003,2026-03-17,,Low,80.8,Blood life staff cover economic tend continue still discussion federal ready trade director economic direction consider with.,Operator Error,13.1,Closed
INC-01524,SITE-001,2023-10-05,Fire,Critical,55.4,Understand right contain situation vote stuff politics hope camera attention why.,Operator Error,23.8,Closed
INC-03691,SITE-001,2026-02-10,Equipment Failure,High,69.1,Just television color wife other probably source current realize conference.,Material Fatigue,11.3,Open
INC-01562,SITE-001,2024-09-30,Near Miss,High,56.4,Great little truth bill cold party day phone gas.,Sensor Malfunction,5.4,Open
INC-05653,SITE-006,2025-12-09,Near Miss,Critical,51.5,Agency glass seek student follow special.,Corrosion,0.4,Closed
INC-03168,SITE-004,2026-02-08,leak , Low,89.2,Serious knowledge start blood nothing recognize miss effect address blood chair wall tough organization road mind add.,Corrosion,9.6,Open
INC-00311,SITE-001,2025-11-28T00:00:00Z,Equipment Failure,Critical,38.4,Policy social long enjoy plan yeah throw husband.,Operator Error,3.2,Closed
INC-02322,SITE-004,2025-06-24,Equipment  Failure,Lo,90.2,Child next his commercial owner speak want threat size voice process tell race.,Operator Error,4.8,Under Investigation
INC-03918,SITE-002,2023-11-17,Spill ,High,57.7,Force white career agreement oil remember leader similar.,Corrosion,9.8,Closed
INC-03504,SITE-001,2024-05-30, fire,Medium,73.5,Indicate have research could sea election become less parent player power certain.,Operator Error,19.5,Open
INC-03722,SITE-005,07/28/2024,Equipment Failure,Low,87.1,Despite road check rise sit recently.,Sensor Malfunction,3.1,Open
INC-02073,SITE-004,2025-03-31,Spill,Medium,77.4,Agreement anything couple right figure four.,Operator Error,3.9,Closed
INC-01648,SITE-001,2024-06-27,EQUIPMENT FAILURE,Low,86.2,Home trial writer end arm develop keep material short cover here.,Sensor Malfunction,2.6,Under Investigation
INC-03518,SITE-006,03-Sep-2025,Equipment Failure,Critical,46.7,Seem low food involve own down world build manage appear history PM drop.,Sensor Malfunction,6.1,Open
INC-05377,SITE-001,2024-09-04,Fire,Medium,66.6,Thought management minute sign author dog form become watch usually dark left identify firm under color resource.,Valve Failure,7.0,Open
INC-05105,SITE-001,2024-10-29,Equipment Failure,crit,29.3,Condition who treat American occur similar me man form.,Corrosion,16.3,Under Investigation
INC-02308,SITE-006,2025-11-29,Leak,Critical,41.0,Three task form push.,Material Fatigue,5.3,Closed
INC-02711,SITE-003,08/20/2025,Near Miss,Critical,54.3,Traditional including president theory service beat summer.,Third-party Damage,3.9,Under Investigation
INC-03546,SITE-002,2026-06-06,Equipment Failure,Critical,45.6,Full situation note reality family Congress drug newspaper.,Sensor Malfunction,6.3,Open
INC-00858,SITE-003,2026-02-06, fire,Critical,42.0,Interesting citizen sign process.,Sensor Malfunction,11.6,Open
INC-03889,SITE-003,2024-10-13,Fire,High,68.3,Instead organization can music assume eight challenge agent since test save move affect offer likely involve increase.,Sensor Malfunction,7.4,Open
INC-03154,SITE-003,10/22/2024,Near Miss,medium,61.2,Country break bit customer ready society range impact pick bag.,Operator Error,8.3,Closed
INC-02608,SITE-003,2026-07-09,Near Miss,High,63.7,Environment middle street more simply story girl such physical.,Material Fatigue,2.7,Under Investigation
INC-00874,SITE-001,2025-08-21,Spill,,79.9,Expert pass large sea fly difference across increase hour discover way.,Corrosion,7.1,Open
INC-00061,SITE-005,2026-09-18,Equipment Failure,Low,87.8,Understand human a newspaper measure quickly system call face pressure born begin.,Valve Failure,11.3,Closed
INC-00262,SITE-003,2026-07-16,Fire, High,71.7,Wind close impact tax feel fund.,Material Fatigue,5.1,Under Investigation
INC-02787,SITE-003,03/02/2024,Near Miss, High,58.3,Energy traditional citizen trial edge hit year.,Sensor Malfunction,12.3,Closed
INC-00845,SITE-006,2025-01-20,Near Miss,Medium,71.7,Always suggest citizen major example partner majority own before can box tonight history money finally appear.,,1.0,Under Investigation
INC-00016,SITE-004,2026-05-31,EQUIPMENT FAILURE,Low,85.7,Reveal red require seven husband view instead consumer arm shoulder lose rock economic a visit similar.,Corrosion,7.3,Under Investigation
INC-02446,SITE-006,2025-03-13,Leak,High,70.8,Care purpose strategy south after many air often material land image.,Operator Error,3.6,Closed
INC-04926,SITE-006,2025-08-05,Leak,High,47.6,Lead sing send visit significant could.,Third-party Damage,5.8,Closed
INC-05638,SITE-002,2026-06-09,Near Miss,Medium,77.0,Add manager others attorney in itself can professor simple common of nearly gun.,Operator Error,0.5,Open
INC-02796,SITE-002,2025-03-14,Spill,HIGH,45.1,Office either blue sell simple religious drug place since attack owner result.,,13.6,Open
INC-02151,SITE-005,2025-10-23,Equipment Failure,Low,89.5,Information interesting north response court probably party according soldier wind program.,,7.3,Under Investigation
INC-01224,SITE-002,2025-03-09,Equipment Failure,Medium,68.3,Generation federal hair half first consider throughout often north image.,Corrosion,1.7,Open
INC-01682,SITE-001,2024-11-07,Spill,Low,84.1,Keep common shake conference various page building.,Operator Error,2.4,Under Investigation
INC-00035,SITE-006,2026-06-23,Equipment Failure,Critical,73.9,Hand notice drive increase take true way.,Valve Failure,23.0,Under Investigation
INC-02314,SITE-004,2025-12-30,Fire,Medium,71.6,However professional travel human sea purpose statement PM require probably structure fill million we board.,Corrosion,13.6,Closed
INC-01855,SITE-006,2023-08-04,Leak,,86.6,Star second rich simply authority others have finish miss success employee strategy especially.,Third-party Damage,15.2,Open
INC-01823,SITE-004,2026-06-07,Leak,Medium,60.8,Join structure everything hospital within smile identify.,Sensor Malfunction,11.9,Closed
INC-02719,SITE-002,2024-02-19,Fire,Low,93.4,Whatever democratic story far phone among event late.,Third-party Damage,3.0,Open
INC-05714,SITE-002,2024-10-27,Spill,crit,19.0,Great security whatever I consider fast.,Operator Error,6.9,Closed
INC-04714,SITE-006,25/04/2026,Fire,Critical,41.1,Machine per key choose five job together box help president guy onto.,Valve Failure,13.4,Under Investigation
INC-03850,SITE-004,2025-09-02,Near Miss,Medium,71.3,Night start less allow TV there room give important.,Valve Failure,18.4,Closed
INC-01425,SITE-001,2024-03-13,Near Miss,,91.5,Poor throughout herself add just worry.,Valve Failure,4.0,Open
INC-04885,SITE-001,2023-09-20,Spill,medium,74.6,Family tax security ever type bad try speak century game pressure.,,2.2,Closed
INC-05505,SITE-003,2024-04-13,Spill,Medium,83.4,Challenge serious develop behavior property third down.,Sensor Malfunction,4.5,Under Investigation
INC-05400,SITE-001,2026-06-20,Leak,High,53.0,Cup write themselves against stuff despite similar that it see.,Material Fatigue,11.7,Under Investigation
INC-04875,SITE-006,2024-09-14,Fire,Critical,52.4,Describe movement against machine adult even quite task order almost morning raise student assume.,Valve Failure,3.6,Open
INC-01644,SITE-002,2025-09-07,Near Miss,Medium,72.3,Record position professional fish purpose military.,Sensor Malfunction,11.0,Open
INC-01045,SITE-001,2023-08-30,Fire,Medium,69.0,Argue section own into Congress top something process.,Operator Error,7.2,Closed
INC-04461,SITE-003,2025-05-03,Leak,High,61.2,Carry tough seem year chance little hour herself force evidence mention do me.,Corrosion,12.3,Open
INC-05630,SITE-006,2025-09-25, Leak,Critical,60.3,Contain main teacher claim drop represent.,Third-party Damage,4.8,Open
INC-03412,SITE-003,2024-07-06,Fire,Medium,71.0,Hit ten pressure without relate security success work reduce.,Third-party Damage,5.8,Open
INC-05058,SITE-003,2025-10-02,,Critical,61.9,If tend natural exist result though audience add staff water put partner player wait I.,Third-party Damage,4.5,Open
INC-05915,SITE-002,02/16/2024,Oil Leak,High,50.2,Mrs until important billion seem history professor see site call yard.,Third-party Damage,5.2,Under Investigation
INC-00694,SITE-006,2023-07-23,Equipment Failure,High,57.9,Agent fight serve which million building include public yeah.,Operator Error,5.8,Closed
INC-00072,SITE-001,12/21/2025,Spill,LOW,91.1,Future suffer measure chance remain area.,,5.6,Under Investigation
INC-02634,SITE-004,2026-08-08,Fire,Low,82.3,Say positive let.,Material Fatigue,15.9,Open
INC-00878,SITE-005,2024-06-16,Near Miss,Medium,72.6,Address yard discuss newspaper along mention reflect name.,Corrosion,18.3,Under Investigation
INC-02912,SITE-006,2026-05-10,Fire,Hi,46.5,Star treat become evening goal meet marriage out risk will kitchen pick far machine else fact.,Material Fatigue,4.1,Closed
INC-02695,SITE-004,10/16/2025,Near Miss,High,56.8,Box truth word ground step party magazine she.,Valve Failure,11.5,Under Investigation
INC-01622,SITE-003,2024-12-15,,High,47.6,Be each middle catch much recognize still beat risk.,Third-party Damage,0.6,Open
INC-03323,SITE-003,2023-12-31T00:00:00Z,Leak,Hi,52.7,Store garden child nearly authority test cause.,Corrosion,1.9,Closed
INC-04748,SITE-002,09/10/2023,Near Miss,HIGH,59.6,Opportunity when suggest participant what for want former easy within life popular ten.,Corrosion,5.1,Closed
INC-04867,SITE-002,2026-05-30,Spill,Low,78.9,Both order free no piece a record.,Valve Failure,4.1,Open
INC-01689,SITE-003,2023-09-21T00:00:00Z,,High,54.4,Writer compare lawyer new.,,10.3,Open
INC-01447,SITE-001,2024-03-15,Spill, High,67.7,Article four include usually threat whom step firm politics baby process fall just fund mother return.,Corrosion,4.9,Open
INC-05410,SITE-003,2025-07-31,Leak,HIGH,59.2,Various interest go person wonder score herself share.,Sensor Malfunction,2.3,Closed
INC-04953,SITE-004,2025-08-12,Spill,High,63.1,Still plant race story choice section party service will cost treat story certain.,,2.4,Open
INC-04421,SITE-001,18/03/2024,Near Miss,Medium,78.4,Bar firm top indeed series interest animal control final just.,Sensor Malfunction,7.8,Open
INC-05722,SITE-003,2026-01-20,Spill,High,59.8,Chair stay want property writer agreement.,Operator Error,2.1,Under Investigation
INC-03086,SITE-004,2026-08-21,Spill,Medium,87.3,Marriage subject become relate question suggest mind experience full available skill goal wide.,Material Fatigue,12.5,Closed
INC-03489,SITE-003,2025-06-16,Spill,Medium,78.0,Teacher customer long space admit fall price nothing development state politics bar especially be hair report.,Third-party Damage,13.3,Closed
INC-05877,SITE-006,2023-08-31, Leak,Medium,77.1,Prove behind herself top responsibility may born yes specific west sort free.,,7.3,Under Investigation
INC-05344,SITE-002,2023-11-30,Equipment Failure,Critical,42.5,Represent form gun sea make may that speak early exist skin get really economy woman.,,9.7,Under Investigation
INC-04042,SITE-006,2024-04-02,Fire,Medium,79.9,Cut control into later myself season skin section present memory able some owner picture PM bed.,Material Fatigue,20.7,Closed
INC-00757,SITE-002,2024-07-12,Near Miss,Low,91.4,Out design turn ground account financial already.,Valve Failure,4.3,Under Investigation
INC-03467,SITE-002,2026-06-21,Equipment Failure,,74.6,Interest employee region act yet easy back support party material painting around us their as relationship.,Operator Error,6.9,Open
INC-03902,SITE-003,2025-12-30,Spill,High,69.7,According even newspaper since begin red teach difference those great study.,Third-party Damage,13.1,Open
INC-04569,SITE-005,2025-02-10,Leak,Medium,77.0,Public require list list low rock tree traditional home.,Material Fatigue,3.0,Under Investigation
INC-00248,SITE-003,2024-08-15,Spill,Critical,60.1,Available bad finish surface hour interesting meeting fill war age his hear half buy decision collection law recognize from.,Sensor Malfunction,4.1,Closed
INC-02862,SITE-003,2025-11-08,Near Miss,High,66.6,Control fund social cause better enough establish stage deal front plant.,Third-party Damage,3.8,Under Investigation
INC-00212,SITE-006,2024-03-02,Leak,Critical,49.9,Assume agree field performance baby price generation he look five.,Third-party Damage,6.2,Closed
INC-00021,SITE-005,2025-09-03,Fire,Low,92.4,Dream issue home finish hand why central add certain marriage two.,Corrosion,16.5,Open
INC-03424,SITE-003,2025-10-10,Leak,Critical,42.7,Size audience clear western lead side believe cause recognize behind join.,Corrosion,2.6,Open
INC-05711,SITE-002,2026-01-09,Equipment Failure,High,53.3,Else window show develop shoulder effect unit serve out.,Operator Error,4.5,Open
INC-01423,SITE-001,2025-01-02,,High,67.1,Century figure growth skin reason notice middle factor indeed arm hot behind magazine beautiful section feeling nation house.,Third-party Damage,2.7,Under Investigation
INC-04155,SITE-001,2025-11-26,Equipment Failure,Medium,89.1,Behavior unit wide thing.,Valve Failure,9.0,Closed
INC-05524,SITE-004,2025-02-22,Leak,High,42.2,Suddenly economic any study change loss red affect late different lose drop.,Sensor Malfunction,25.8,Open
INC-05478,SITE-005,2024-03-29,Fire,Low,89.7,Stay body public peace rich few city option central explain go question sell manage.,Corrosion,0.7,Open
INC-00553,SITE-005,2025-09-07,Equipment Failure, medium,85.9,Care forward future remain order shake son usually mission more imagine.,Sensor Malfunction,0.9,Closed
INC-03184,SITE-006,2026-01-31,Leak,Critical,33.4,Reality your company never front thus fund different commercial under room space interest paper parent natural husband.,Sensor Malfunction,11.8,Under Investigation
INC-00913,SITE-006,2025-07-30,Spill,Critical,28.5,He parent employee not worry think middle night financial collection might.,,14.5,Open
INC-02150,SITE-003,2025-01-22,Leak,,47.0,Each music laugh run region onto must little inside woman thought environment receive.,Operator Error,12.2,Under Investigation
INC-01971,SITE-001,05-Mar-2026,Equipment Failure,Medium,72.4,Never mention sell keep parent degree standard indeed wonder.,Sensor Malfunction,12.1,Closed
INC-05464,SITE-003,2024-09-26,Spill,High,66.2,Story site out anyone eye seek drop so reveal whole beautiful meeting.,Operator Error,11.8,Under Investigation
INC-01544,SITE-005,2025-07-17T00:00:00Z,Leak,Critical,24.9,Company small crime movement foot fine.,Operator Error,8.6,Closed
INC-01451,SITE-001,2024-06-14,Spill,Medium,76.7,Material let guy consider after court marriage head accept affect magazine popular reach.,Material Fatigue,15.0,Closed
INC-00890,SITE-006,2024-07-16T00:00:00Z,Leak,High,52.8,Section good medical will information.,,28.4,Open
INC-01022,SITE-003,06/08/2025,Leak,Medium,77.3,Social economy international tell trip chance television.,Third-party Damage,7.9,Closed
INC-05557,SITE-001,25/01/2026,Fire,Low,90.0,Together music government give seem so general full investment arrive these society maybe company quite.,Sensor Malfunction,6.7,Open
INC-00567,SITE-001,2023-09-30,Near Miss,Critical,54.8,Southern since kid tough inside she.,Sensor Malfunction,5.0,Open
INC-03982,SITE-005,2025-10-07,Equipment Failure,Medium,72.3,How similar prevent voice see now school manager floor to air prepare upon sure.,Third-party Damage,9.4,Under Investigation
INC-00727,SITE-005,2025-09-26T00:00:00Z,Spill,High,48.2,Debate near loss still own mouth.,Material Fatigue,10.6,Closed
INC-00547,SITE-006,2024-06-25,Leak,High,68.9,President them store important agree apply join particularly create force ground.,,15.1,Closed
INC-04787,SITE-002,2025-05-08,Near Miss,HIGH,68.0,Clearly stay responsibility born respond it at.,Material Fatigue,13.9,Under Investigation
INC-02039,SITE-006,02-Sep-2024,Spill ,Critical,49.0,Ever staff draw Republican system method evidence care world.,Third-party Damage,9.5,Under Investigation
INC-00603,SITE-002,2024-01-21,Near Miss,High,65.7,Window medical night throughout discussion former claim.,,6.2,Open
INC-01228,SITE-005,2026-01-04,,Medium,81.2,International start hear conference develop she across level very Democrat a within.,Valve Failure,5.3,Under Investigation
INC-03068,SITE-005,2024-03-20,Spill,Medium,77.1,Significant scientist deep mission yard.,,13.2,Closed
INC-02032,SITE-002,2024-04-24,Spill, Low,96.6,Life price reduce truth plant health bank along foreign budget responsibility shoulder find without more word threat.,Third-party Damage,8.9,Open
INC-04544,SITE-005,2023-09-23,Spill,Medium,-12.3,Road Mr democratic matter approach concern assume job test military make say.,Material Fatigue,7.1,Open
INC-04768,SITE-003,2024-10-01,Fire,Critical,60.6,Son billion call paper poor institution quite final drive adult read notice dark back fire.,Sensor Malfunction,3.9,Open
INC-01168,SITE-003,2023-11-08,Leak,Low,94.4,Compare phone week school compare majority tonight act themselves budget relate.,Material Fatigue,13.2,Under Investigation
INC-00272,SITE-004,07-Jan-2025,leak, Low,89.8,Popular evening southern on game nation recently thus.,Material Fatigue,2.2,Closed
INC-00251,SITE-003,2024-03-31,Leak,High,68.8,Factor room half politics deep entire watch.,Material Fatigue,5.5,Open
INC-00054,SITE-005,2026-05-14,Near Miss,Low,73.0,Explain continue goal decide toward left of Mrs standard family.,Operator Error,10.9,Under Investigation
INC-04431,SITE-006,2024-12-16,Leak,High,48.5,Relate try lose prove trial good carry dinner.,Third-party Damage,7.8,Open
INC-01511,SITE-002,2025-07-27,Fire,Medium,79.6,Into short during too grow into.,Third-party Damage,2.7,Open
INC-05429,SITE-005,2024-01-19T00:00:00Z,Equipment Failure,Low,86.1,During friend sport eye through watch everybody foot production beat term well machine six artist.,Sensor Malfunction,17.3,Under Investigation
INC-03558,SITE-003,2026-09-12,Spill,Critical,66.5,Whole along yet newspaper forward administration hour.,Sensor Malfunction,11.3,Under Investigation
INC-05224,SITE-002,2024-03-17,Fire,Medium,73.7,Than share pay raise teacher indeed him mean collection.,,4.9,Open
INC-05660,SITE-002,2025-11-27,Spill,Low,79.9,Lot night effect minute community bank.,Sensor Malfunction,1.5,Closed
INC-02890,SITE-004,2024-08-25,NEAR MISS,Medium,104.0,Find company term case wall account section save production fact type window begin office firm safe.,,13.4,Closed
INC-04731,SITE-001,2025-05-28,Near Miss,Low,81.1,Along animal store choice meet policy.,,5.3,Under Investigation
INC-03495,SITE-006,12/07/2025,Equipment Failure,,36.9,Station resource piece physical road media environment side.,Third-party Damage,5.9,Under Investigation
INC-03768,SITE-003,2026-04-24,Near Miss,High,64.4,Court first position leave simply.,Material Fatigue,11.4,Closed
INC-02850,SITE-001,2023-10-20,Equipment Failure,Medium,92.9,News family standard girl subject with will audience mention.,Third-party Damage,2.2,Open
INC-03219,SITE-004,2024-01-19,Equipment Failure,Medium,76.4,Above middle cultural court choice edge bill song matter relate ability probably authority campaign drug civil.,,12.7,Closed
INC-01632,SITE-006,2026-01-03,leak,Medium,74.8,Do season go then within.,Operator Error,13.1,Closed
INC-01493,SITE-006,2024-11-20,Equipment Failure,Medium,76.6,One girl about because common trial middle from might develop.,Operator Error,11.2,Open
INC-04610,SITE-006,2025-12-30,Fire,High,70.2,Military care agreement front.,Corrosion,11.0,Under Investigation
INC-04466,SITE-003,2026-05-19,Leak,High,43.6,Treatment wear likely former again make executive season doctor.,Corrosion,4.7,Open
INC-01295,SITE-003,2025-11-20,,High,60.7,Management feeling sign speak kitchen five else.,,18.8,Open
INC-01007,SITE-003,2025-06-29,Spill,High,64.6,Coach the along garden not risk again prevent wide know week various mind responsibility arrive loss information computer knowledge late.,Corrosion,7.9,Under Investigation
INC-05943,SITE-005,2024-11-15,Fire,Medium,84.8,Save choose they course game election believe rather option lot election wrong manager.,Sensor Malfunction,5.0,Closed
INC-01305,SITE-002,2026-01-04,Spill,Critical,30.8,Court teacher successful dinner blood religious be customer bank able nation meeting follow.,,13.7,Under Investigation
INC-03703,SITE-004,02/03/2026,Equipment Failure,,55.6,Across her laugh take concern oil peace understand.,Valve Failure,7.0,Under Investigation
INC-05156,SITE-001,2025-05-15,Equipment Failure,Critical,49.8,Wonder fear want policy would phone old care character certainly maintain increase decide manage heart.,Material Fatigue,2.9,Closed
INC-01933,SITE-006,2025-05-13,Fire,Medium,78.9,Culture sign nothing would pay fear much prevent threat box candidate ahead term system.,Material Fatigue,2.4,Closed
INC-00852,SITE-001,2024-05-07,Fire,Low,98.4,Model suggest your fast push up.,Sensor Malfunction,7.9,Open
INC-01456,SITE-006,2025-10-17,Equipment Failure,Medium,64.6,Professional cut increase gas interview available stage seem culture.,Operator Error,18.3,Open
INC-04261,SITE-002,2024-01-15,Equipment Failure,Medium,84.7,Anyone attack well nor message vote thought phone light.,Third-party Damage,10.7,Closed
INC-04723,SITE-002,2024-11-14,near miss,,81.2,Prove trial floor my night rule modern help want.,,3.4,Closed
INC-03597,SITE-001,2025-05-09,Near Miss,MEDIUM,75.2,Never your kind adult law assume protect design decide rock.,Operator Error,3.2,Closed
INC-05508,SITE-001,2023-11-28,Equipment Failure,Critical,29.7,Approach rate lay front laugh indeed I across though value section share more.,Material Fatigue,5.4,Under Investigation
INC-05829,SITE-005,2025-10-29,Near Miss,Medium,68.7,Fill represent nation run throw ball recent toward modern responsibility budget claim deep know security team.,Material Fatigue,2.3,Under Investigation
INC-05049,SITE-002,04/20/2026,Near Miss,Low,86.9,Without available he key fire traditional official.,Valve Failure,5.6,Open
INC-04270,SITE-006,02-May-2025,Near Miss,Low,81.7,Cultural deep manager believe newspaper want the talk.,Valve Failure,4.1,Under Investigation
INC-01038,SITE-001,2026-03-06,Fire,High,53.7,Democratic want cold everyone hand staff.,Sensor Malfunction,7.3,Under Investigation
INC-01761,SITE-005,11/28/2024,Fire,High,71.2,Security hope husband single speech treat decision manage choose between serious many truth answer herself explain.,Valve Failure,8.5,Open
INC-01929,SITE-001,2023-11-22T00:00:00Z,Leak,Low,90.7,Senior thing available successful.,Sensor Malfunction,11.1,Under Investigation
INC-04911,SITE-002,2024-12-18,Fire,Medium,73.8,Executive wish military community close project dream old method.,Material Fatigue,2.8,Closed
INC-02893,SITE-002,2026-04-25,Near Miss,High,53.9,Someone quickly hot choice report simply room.,Corrosion,17.4,Open
INC-04931,SITE-006,2025-02-17,Leak,Critical,45.4,Computer ago listen work recognize act mission.,Valve Failure,5.2,Under Investigation
INC-03567,SITE-003,2023-11-26,Leak,Low,97.1,Ready son particular go manager budget money budget international pick course Mr.,Material Fatigue,4.7,Open
INC-03548,SITE-005,2024-06-20,Near Miss,Medium,79.1,Degree the threat music available number.,Sensor Malfunction,5.7,Open
INC-02788,SITE-001,2025-09-18,Near Miss,Low,84.3,Provide common fall where tree certainly report goal community.,Valve Failure,5.8,Closed
INC-04883,SITE-005,07-Sep-2023,Equipment Failure,Low,74.2,Fund senior authority vote still concern ball finish clear create.,,9.8,Open
INC-01430,SITE-003,2025-01-19,Fire,Critical,58.2,World fast involve according bed.,Valve Failure,2.7,Under Investigation
INC-02123,SITE-003,2023-08-22,Equipment Failure,Low,87.0,Save town television manager anyone use thank identify quite citizen identify.,Operator Error,1.8,Closed
INC-03429,SITE-005,2023-09-02T00:00:00Z,Spill,High,64.6,Test admit chair born perhaps season chance ahead article approach situation east executive always into.,Corrosion,19.5,Under Investigation
INC-03671,SITE-003,2024-01-19,Near Miss,High,104.0,According suddenly member management bag because century.,Third-party Damage,12.8,Closed
INC-02375,SITE-001,2023-12-30,Equip. Failure,Medium,53.8,Rule mean future paper gas glass third minute order.,,10.2,Closed
INC-04188,SITE-002,2025-09-22,Leak,Critical,51.0,Much yes fact result simply business behind cup prove.,,13.1,Open
INC-01057,SITE-006,2026-06-18,Fire,Critical,37.6,Middle not section choice push by still officer effect like down she suddenly.,Valve Failure,6.6,Closed
INC-00297,SITE-001,2024-11-29,Equipment Failure,Hi,69.8,Remember fight price difference deal professional want any report sport.,,20.8,Closed
INC-00726,SITE-003,12/13/2023,LEAK,High,58.4,Subject recent prepare summer pattern.,Valve Failure,7.6,Under Investigation
INC-00535,SITE-002,10/23/2023,Equipment Failure,High,60.8,Follow already religious put enter cultural our store old beyond trouble upon kid window rich whether six see produce.,Sensor Malfunction,5.7,Under Investigation
INC-01803,SITE-005,22/04/2025,Leak,,84.6,Two trade morning thousand plan get when size item claim.,Material Fatigue,2.4,Under Investigation
INC-02166,SITE-005,2026-06-24,Fire,Medium,73.0,Field democratic successful live might popular.,Operator Error,9.6,Closed
INC-01718,SITE-005,2025-01-26T00:00:00Z,Near Miss,High,57.0,Choose sign real responsibility risk usually full live president figure participant yes candidate forget feeling turn page.,Sensor Malfunction,3.7,Open
INC-03896,SITE-005,2024-12-25,Spill,Medium,71.2,Year think sea wall collection.,,7.5,Closed
INC-02085,SITE-003,2024-08-03,Spill,High,67.1,Talk doctor often author hold take age toward.,,11.6,Open
INC-00848,SITE-002,2025-10-08,Leak,Low,76.8,Letter check huge finish same why interesting meet near.,Corrosion,3.2,Under Investigation
INC-01961,SITE-006,2024-01-18,Fire,Critical,46.3,Spring issue parent professor score collection.,Operator Error,2.1,Under Investigation
INC-05913,SITE-002,01/07/2024,Near Miss,High,50.5,Whose boy treat join support hundred maintain animal worry.,Corrosion,18.0,Open
INC-04410,SITE-005,19/06/2024,Near Miss,Critical,61.9,Three strong realize story both them ground six risk.,Valve Failure,22.3,Open
INC-02757,SITE-003,2025-02-07,Leak,Medium,67.7,Help voice figure good call fly well young community though example church.,Material Fatigue,2.9,Under Investigation
INC-00583,SITE-005,2024-03-02,Near Miss,Low,95.6,Treat trial after late environmental card line girl church letter government rest even.,Material Fatigue,6.3,Closed
INC-03980,SITE-006,2025-08-18,Leak,High,72.2,Threat war her officer include use media condition situation prove on movie fly student consumer mention choose.,Material Fatigue,6.2,Under Investigation
INC-00536,SITE-005,2025-02-10,Near Miss,Medium,83.6,Player environmental benefit sit third rise happy moment suffer.,Operator Error,4.2,Closed
INC-00647,SITE-001,2025-10-06,Equipment Failure,Medium,73.9,Information baby thought gas respond much maybe everyone degree build various seven interesting spring.,Corrosion,6.7,Under Investigation
INC-04531,SITE-001,2024-08-04,Spill,High,54.3,Cut various picture federal author best if interest television.,Corrosion,14.1,Closed
INC-02655,SITE-001,2026-07-06,Fire,Medium,84.9,Mr weight daughter school real season office rest society past wait.,Material Fatigue,1.6,Open
INC-03684,SITE-005,01/02/2024,Fire,Medium,65.8,Method full opportunity modern dream.,,8.1,Under Investigation
INC-02367,SITE-003,2026-02-09,Equipment Failure,High,48.8,Treat understand off easy head director attention view mention.,Valve Failure,4.6,Open
INC-05650,SITE-001,2026-06-21,Leak,Critical,55.7,Skill prove wonder travel stuff main network still.,,11.7,Open
INC-02746,SITE-002,21/01/2024,Spill,Medium,78.7,Worry time cost during goal party interview than brother personal mind science those job approach.,Corrosion,18.2,Open
INC-02014,SITE-005,02-Aug-2024,Equipment Failure,High,54.2,Reveal public cell ten spend level thought west or story water owner.,,14.4,Open
INC-02000,SITE-005,2024-11-16,Spill,Low,96.2,Yard find after structure music attorney positive personal member then.,Material Fatigue,15.0,Under Investigation
INC-05609,SITE-003,2024-11-05, Leak,Low,94.2,Imagine finish role tough environmental above soldier school.,,9.2,Closed
INC-01260,SITE-006,2025-06-06,SPILL,,60.5,Quite realize rather now education agency course something education.,Valve Failure,4.0,Closed
INC-03425,SITE-002,27/06/2026,Equipment Failure, Critical,104.0,Sure include chance eight fund bed raise.,Sensor Malfunction,4.8,Under Investigation
INC-02023,SITE-005,21/08/2025,Leak,Medium,81.7,Consider save part little reality yet five knowledge ahead challenge wall guess executive response.,Operator Error,4.8,Under Investigation
INC-01319,SITE-005,2025-02-18,Fire,,69.6,Mind civil perhaps move big process free.,Material Fatigue,11.5,Open
INC-04869,SITE-003,2023-12-20,Near Miss,Critical,36.6,Matter window today then deep to half successful short rule method color mission imagine condition.,,1.1,Closed
INC-01333,SITE-006,04/22/2025,Oil Leak,High,53.3,There today plant wish get both institution may during live future individual by.,Material Fatigue,18.5,Closed
INC-05329,SITE-003,2025-09-14,Leak,Medium,88.4,Include wear fact crime population begin shake cost some local my pick similar budget.,Third-party Damage,1.7,Under Investigation
INC-03906,SITE-003,2025-10-22,spill,Low,95.6,Rule box build week very store.,,22.5,Open
INC-02603,SITE-005,24-Jan-2025,Near  Miss,High,60.8,Ask wonder improve myself probably window conference.,Material Fatigue,6.6,Open
INC-03326,SITE-006,05/01/2026,Spill,Low,83.0,Of military through its even still discussion pull resource represent tend recent executive about easy behind art cause beautiful wrong.,Corrosion,8.3,Closed
INC-01113,SITE-002,2026-07-02,Equipment Failure,Low,85.6,Congress claim what resource test policy behind hit story.,Corrosion,1.1,Closed
INC-01762,SITE-004,2024-05-10, fire,Low,84.3,Sit usually base early since response perhaps.,Third-party Damage,16.1,Under Investigation
INC-01033,SITE-006,11/26/2024,,Critical,67.4,Pretty care step energy student edge some often begin mouth just positive arm speak material style player since set fine.,Sensor Malfunction,9.3,Under Investigation
INC-05312,SITE-005,2024-05-29,Fire,Hi,50.6,Republican audience inside special expect four sign loss white attention nor address red include Congress.,Sensor Malfunction,22.7,Closed
INC-01698,SITE-002,2025-11-04,Fire,,41.2,Central true eat street radio recently within.,Third-party Damage,11.2,Open
INC-04201,SITE-004,2026-07-19,Equipment Failure,Critical,67.2,Day imagine they relate sing shoulder.,Third-party Damage,0.8,Open
INC-00390,SITE-004,2025-12-26,,,41.4,Type marriage hotel himself six child action billion wonder popular analysis.,Third-party Damage,4.3,Under Investigation
INC-00556,SITE-003,09/30/2025,Fire,High,56.6,American send kid leave technology office test road building reason dog cell same major hard.,,16.1,Under Investigation
INC-00334,SITE-004,2025-05-18T00:00:00Z,Equipment Failure,Medium,63.0,Myself take throughout analysis according group ball half yes final past.,Third-party Damage,4.3,Open
INC-01516,SITE-002,2024-07-15,near-miss,Low,93.8,Player guy score point hour education example effect scene read her could hotel agency city occur.,Valve Failure,5.1,Under Investigation
INC-03833,SITE-005,2024-06-22,Near Miss,Medium,78.8,Sense to must card world coach per share inside continue almost.,Operator Error,1.8,Open
INC-00083,SITE-005,27/11/2024,Equipment Failure,Medium,70.2,Or might series ability director value skill hot fear line recent everybody themselves or.,Material Fatigue,10.5,Closed
INC-05205,SITE-004,2025-05-02,Fire,Medium,79.2,Community candidate hope laugh couple each story magazine feeling.,,4.8,Open
INC-04847,SITE-006,2023-11-25,Leak,High,70.6,Book ground home size pick true especially participant home source nearly red.,Sensor Malfunction,4.8,Open
INC-00063,SITE-005,2025-05-11,Near Miss,High,66.9,Win hold each page executive dog family compare clear house woman result drop focus kid man eat conference.,Material Fatigue,1.6,Under Investigation
INC-05458,SITE-003,2026-02-15,Equipment Failure,,85.7,Move information health partner world base result hot hit.,Operator Error,14.2,Under Investigation
INC-02680,SITE-004,2026-06-30,Leak,crit,39.9,Majority indicate trip which sing day here its.,,2.8,Under Investigation
INC-05812,SITE-004,2024-08-05,Fire,Low,86.6,If cold risk mission bring short.,Third-party Damage,7.8,Open
INC-05669,SITE-006,2026-05-16,Near Miss,High,67.9,Scene experience identify majority air fear green politics worker college environmental sometimes.,,16.7,Under Investigation
INC-05833,SITE-003,2024-12-05T00:00:00Z,equipment failure,High,66.8,Purpose born whom available south cultural church.,,14.8,Open
INC-04669,SITE-005,16/08/2023,Equipment Failure,Critical,49.9,Six majority tonight mind represent card.,Sensor Malfunction,13.8,Open
INC-02855,SITE-002,2024-11-04,Spill,Medium,88.9,Over more life stage read budget care eat hit.,Third-party Damage,10.1,Open
INC-01152,SITE-005,2026-02-05,equipment failure,Low,85.9,Program story cover son price almost his.,,17.6,Closed
INC-02551,SITE-003,2025-06-19,Spill,High,53.0,Strong either force trial discover number remain sign list go car garden leg recently mention figure.,Material Fatigue,2.9,Open
INC-01729,SITE-006,02/06/2025,SPILL,High,59.7,Move sort piece admit together guess foot it others prevent figure first.,,9.3,Open
INC-00787,SITE-006,2023-09-24,leak ,medium,89.0,Grow nor way lot want catch might above.,Corrosion,1.8,Closed
INC-01136,SITE-005,14-Nov-2025,Fire,High,63.2,Maybe member worry finally according several and land.,,6.6,Under Investigation
INC-03746,SITE-003,2025-12-30,Spill,Low,82.9,Gun night avoid fine before former control indeed return discussion energy his represent rock now.,Sensor Malfunction,8.8,Open
INC-02773,SITE-004,2025-09-12,Near Miss,Low,80.2,Not religious goal cold safe letter somebody likely technology relationship outside develop.,Corrosion,3.4,Closed
INC-02712,SITE-006,2023-12-16,,Low,94.2,Source work travel boy drug crime option carry.,Third-party Damage,15.1,Closed
INC-01044,SITE-006,2025-11-28,Leak,critical,60.3,Interesting million travel require that pick practice white particular wide where remain mean suffer.,,11.7,Closed
INC-00566,SITE-005,2025-06-10,Equipment Failure,Low,89.3,Ever movement nothing radio too call drop after minute by test none mouth.,Valve Failure,3.0,Closed
INC-05968,SITE-005,2024-05-27T00:00:00Z,Near Miss,Medium,73.3,Candidate environmental wind live indicate when piece machine way modern accept above.,Corrosion,9.3,Open
INC-03555,SITE-004,2024-08-07,Equipment Failure,low ,90.3,Rich deal nothing red challenge.,,10.6,Closed
INC-00031,SITE-002,07/09/2025,Equipment Failure,Medium,85.6,Class position employee war tonight meeting east get heavy present.,Valve Failure,5.2,Under Investigation
INC-00605,SITE-003,2024-04-25,Spill,Low,89.7,Yes worry page claim we information.,Valve Failure,1.7,Under Investigation
INC-04674,SITE-001,2024-09-10,Near Miss,Medium,73.4,Free candidate in himself several and against budget wind.,Operator Error,13.8,Open
INC-03136,SITE-004,2024-08-22,Near Miss,Medium,76.0,Evening population technology series collection two north fast thing look then cause travel mother.,Sensor Malfunction,4.8,Under Investigation
INC-04459,SITE-002,2025-07-19,,Medium,82.7,Long professional mother race kind pretty cultural study budget issue least design few debate drive.,Operator Error,9.7,Closed
INC-05988,SITE-001,10/19/2023,Near  Miss,Hi,53.9,City recently during public civil security.,,2.2,Closed
INC-05425,SITE-002,2024-03-03,Equipment Failure,High,61.0,Company program inside number decision thus catch.,Valve Failure,5.7,Under Investigation
INC-01252,SITE-002,2024-02-11,leak,High,48.6,Idea discuss task boy next matter staff relationship anyone.,Corrosion,2.8,Under Investigation
INC-01932,SITE-004,2024-02-02,Equipment Failure,LOW,97.6,Drug team animal standard material rest election later best policy cost still write line court political.,,2.2,Closed
INC-02742,SITE-002,2023-09-29,Equipment Failure,Medium,62.0,Laugh single suddenly weight character collection whose law growth.,,2.7,Closed
INC-01494,SITE-002,2025-12-23,Near Miss,High,61.8,Each hundred hand require coach could yet sea election.,Material Fatigue,4.0,Open
INC-05526,SITE-006,09-Apr-2025,Leak,Medium,73.5,Since help fly candidate candidate.,,18.0,Open
INC-01865,SITE-006,2024-03-16, spill ,Medium,69.2,Play pattern drop election enjoy race network cup room agree.,Sensor Malfunction,6.3,Under Investigation
INC-02485,SITE-004,2025-12-14,Near Miss,High,69.2,Wall win will discussion.,Third-party Damage,10.7,Under Investigation
INC-01151,SITE-005,2025-09-07,Equipment Failure,Critical,49.1,Walk executive provide especially strong order.,Sensor Malfunction,29.0,Under Investigation
INC-00081,SITE-001,2025-04-05,near miss,low,94.4,Attention space consider which couple work speak stuff.,Corrosion,7.1,Under Investigation
INC-04056,SITE-001,2024-06-05,Equipment Failure,Critical,27.8,Improve pull kid the carry election your force several health effect onto.,,2.5,Open
INC-01638,SITE-005,2026-03-07,Near Miss,Low,88.7,But month traditional avoid support measure.,Sensor Malfunction,5.1,Closed
INC-00211,SITE-004,2023-09-20,Equipment Failure,Medium,97.5,Coach career one chance truth own never.,Valve Failure,2.8,Open
INC-05938,SITE-006,2024-04-29,Spill,,75.6,Can oil total meet way think oil itself might wait coach involve take.,Corrosion,4.3,Open
INC-04038,SITE-004,27/07/2024,Equipment Failure,Medium,62.8,Forget matter recognize color president young American.,,8.0,Closed
INC-01672,SITE-004,2026-04-29,Equipment Failure,Critical,62.3,Your media individual speech enough thing message us drop however hear so their cultural.,Operator Error,10.8,Open
INC-04719,SITE-004,2026-03-11T00:00:00Z,Equipment Failure,Low,89.7,Town majority toward science letter.,Operator Error,3.6,Open
INC-02883,SITE-006,2026-06-20,Leak,High,56.2,Style meeting after physical.,Sensor Malfunction,21.2,Open
INC-00482,SITE-005,2025-08-11,Near Miss,Medium,81.0,Together but specific manage those several condition figure brother.,Third-party Damage,32.7,Under Investigation
INC-01190,SITE-004,2026-09-15,Equipment Failure,High,64.6,Home occur including name father sing control.,,2.0,Under Investigation
INC-02377,SITE-004,2025-08-31,Near Miss,Critical,44.4,Deal collection language effort true campaign.,Valve Failure,8.2,Under Investigation
INC-03957,SITE-005,2024-12-30,Near Miss,Low,90.3,Future be we yeah speech garden performance particular guy among Republican put.,Third-party Damage,1.8,Closed
INC-00804,SITE-003,2024-10-22,Spill,Critical,39.3,White sister artist line usually while cut investment before.,Operator Error,24.6,Closed
INC-01538,SITE-006,02-Mar-2026,Fire,High,50.8,Trial organization be hundred practice another third with to expert.,Operator Error,7.0,Under Investigation
INC-03173,SITE-002,2026-06-10,,Low,100.0,Make partner similar base sell against face write.,Valve Failure,4.1,Open
INC-04137,SITE-006,2024-01-17,Leak,High,56.9,Build fire hundred which tree surface black tend stock system administration.,Third-party Damage,3.4,Under Investigation
INC-03267,SITE-005,2023-09-11,Fire,Low,81.9,Ago scene nearly image approach medical believe word result Congress cover child this exist green soon sit.,Third-party Damage,17.7,Under Investigation
INC-04146,SITE-003,24-Mar-2024,spill,High,64.0,Leader design list investment lead soldier lawyer than few drug floor class send day unit free list.,,23.7,Under Investigation
INC-00005,SITE-002,2025-08-07,Fire ,Low,86.9,Teacher available success onto you carry senior recent.,Operator Error,6.7,Under Investigation
INC-03230,SITE-005,2025-10-26T00:00:00Z,Near Miss,Medium,78.9,Total affect base dog part physical form seem recently itself serious.,Sensor Malfunction,10.9,Closed
INC-00589,SITE-002,2023-10-03,Near Miss,Medium,81.0,Issue form specific simple woman who while those newspaper among activity maybe.,Sensor Malfunction,5.9,Closed
INC-05545,SITE-002,2024-09-20,Equipment Failure,Critical,150.0,Late both cell above key low source evidence.,Third-party Damage,8.2,Open
INC-01205,SITE-005,2024-10-12,Near Miss,Low,77.8,First participant put about rule policy operation media assume.,,5.2,Under Investigation
INC-04435,SITE-003,2024-07-20,Fire,High,47.7,On lot thus stay capital attorney discuss threat represent woman finally table take practice hot her would trouble.,Corrosion,6.1,Open
INC-05959,SITE-005,2023-11-19,Spill,High,54.9,Leave real far break near suddenly third above oil cup.,Sensor Malfunction,12.7,Closed
INC-03744,SITE-004,08/15/2024,Near Miss,Low,93.5,Artist fall standard while good doctor discussion school wait ground include industry son.,Sensor Malfunction,23.3,Closed
INC-04793,SITE-001,02/03/2025,Near Miss,Medium,82.7,Whatever brother court art happen effect strategy animal chair player step.,Corrosion,0.8,Open
INC-01028,SITE-006,2023-12-05T00:00:00Z,Leak,High,72.4,Brother would drive administration poor middle away clearly see which.,Sensor Malfunction,4.0,Closed
INC-01229,SITE-003,2025-01-14,Equipment Failure,Critical,57.6,Guy product computer when ability ok coach attention book evidence both bag image should become interest magazine sing out.,Corrosion,1.6,Under Investigation
INC-01845,SITE-003,2024-07-04,Fire,Low,92.0,Fight hit the word himself environment ago magazine difference court.,Material Fatigue,16.4,Open
INC-05299,SITE-002,2024-11-04,Spill,Low,89.3,Person child final everything bar tree base word miss remember do whether apply manager.,Sensor Malfunction,3.1,Open
INC-04437,SITE-004,2024-08-23,Near Miss,Low,94.8,Walk success than bank tend carry program.,Material Fatigue,38.8,Closed
INC-05622,SITE-004,2023-09-13,,High,79.7,Thought stuff write level usually way less nearly dark success.,Operator Error,10.5,Under Investigation
INC-03910,SITE-003,2023-11-14,Fire,Critical,20.5,Size son after community remember purpose enter where past.,Corrosion,11.8,Open
INC-02044,SITE-005,2023-12-23,Near Miss,Low,89.2,Letter lead yet anything note dark police.,Material Fatigue,27.7,Open
INC-03860,SITE-001,2025-01-03,Near Miss,Low,92.9,Human artist word quality would one manage face dinner director never half.,,5.4,Closed
INC-03182,SITE-004,2025-06-18,Equipment Failure,Medium,69.4,Scene any sister development source firm walk industry foreign page first.,Sensor Malfunction,10.6,Closed
INC-04852,SITE-004,07/06/2024,Equipment Failure,Medium,87.3,Year exactly music himself lawyer happen admit government be leave bring another animal carry.,Valve Failure,11.8,Closed
INC-03413,SITE-006,2024-05-22,Equipment Failure,High,55.7,Another college card industry rest reduce prove face share source first.,Material Fatigue,0.9,Under Investigation
INC-03951,SITE-006,2026-06-15,Leak,Medium,68.1,City store no guess north loss likely if chair her reveal.,Corrosion,2.5,Under Investigation
INC-01040,SITE-002,2025-07-14T00:00:00Z,Near Miss,Low,87.0,Knowledge open indicate different option if list crime manager.,,0.5,Closed
INC-02129,SITE-003,2025-08-12,leak ,High,62.6,You rise item into language road.,Operator Error,2.2,Closed
INC-03657,SITE-005,2025-08-03,Leak,Medium,66.9,Produce seem people seven notice benefit right money real most clear.,Material Fatigue,2.3,Closed
INC-04127,SITE-003,2024-03-15,Spill,medium,73.5,Research now standard there subject past decision enjoy must page.,Material Fatigue,4.8,Under Investigation
INC-04651,SITE-002,2026-06-11,Fire,Medium,79.8,Find operation everybody suggest senior short method star trip approach father charge we small her study.,Third-party Damage,4.4,Open
INC-03305,SITE-002,2024-01-10,Spill,Hi,66.6,Response hour commercial old tree.,Third-party Damage,7.0,Closed
INC-05167,SITE-004,12-Nov-2024,Near Miss,Low,91.4,Hotel type meeting cause skill rather finally create recently career ground ago product difference me fact.,Operator Error,6.8,Under Investigation
INC-03985,SITE-005,2026-08-22,Spill ,crit,42.0,Score door read thing discussion food sing box five term surface like ok concern again another.,Corrosion,6.9,Under Investigation
INC-00219,SITE-001,26-Dec-2023,EQUIPMENT FAILURE,Low,86.2,Kitchen collection plant west job red plant return early account place still behind former already.,,16.7,Under Investigation
INC-00785,SITE-006,2025-06-19,Leak,High,58.5,Myself bank condition provide society finally hair true billion.,Operator Error,3.6,Under Investigation
INC-03046,SITE-001,2024-02-09,Spill,High,49.6,Behavior recent recent put gas page use give imagine.,Material Fatigue,8.0,Open
INC-04309,SITE-006,2023-12-27,Near Miss,,41.3,Fall establish politics watch decade run with nation generation I they even trouble firm.,,1.8,Closed
INC-03808,SITE-005,03-Oct-2024,Leak,Med,57.2,Air movement almost almost information site.,,1.8,Under Investigation
INC-05785,SITE-001,05/22/2024,Near Miss,High,64.7,Here leader than various or.,,0.8,Open
INC-05868,SITE-001,2023-12-04,Equipment Failure,High,59.2,About them test stay scientist model large.,Third-party Damage,0.9,Open
INC-02549,SITE-005,2024-01-20,Equipment Failure,Low,82.8,Individual push if property return than dark rich.,Sensor Malfunction,9.5,Closed
INC-03650,SITE-001,2023-12-21,Fire,,78.3,Board image throw how society end firm car this final mind turn budget effect determine account accept point reflect.,,2.8,Open
INC-01437,SITE-003,2026-06-29,Spill ,Critical,49.5,Production focus share beyond determine central provide look draw population only fight citizen.,Third-party Damage,7.8,Closed
INC-00946,SITE-005,2023-09-30,Leak,High,75.3,Help everybody crime charge card answer market feel bank pattern expert.,Operator Error,7.3,Closed
INC-04473,SITE-006,17-Jul-2025,Fire,Critical,36.5,Operation trouble despite from group production table camera message room finally recently.,Operator Error,19.4,Closed
INC-01018,SITE-003,2025-07-20,Near Miss,Critical,27.8,Remain style case result work trouble end.,Operator Error,3.4,Under Investigation
INC-01788,SITE-005,2025-05-01,Equipment Failure,Low,86.6,Poor contain store everything six news.,Operator Error,7.5,Closed
INC-02416,SITE-002,2024-03-23,Near Miss,low,83.8,Life Mrs final move decide whose think whatever necessary concern politics amount attorney some rise art stand laugh.,,17.7,Closed
INC-04772,SITE-005,2024-02-21,Near Miss,Medium,79.6,Two oil very brother issue.,Sensor Malfunction,8.5,Closed
INC-01598,SITE-002,2024-02-09T00:00:00Z,Near Miss,Critical,47.6,Knowledge body take loss hospital down raise military.,,13.9,Under Investigation
INC-00975,SITE-003,11-Nov-2024,Equipment Failure,Low,83.2,Film time place compare cause east mission out bed hope.,Sensor Malfunction,6.5,Closed
INC-01530,SITE-002,2024-09-30,Equipment Failure,Medium,75.5,Affect exactly quality spend part although thought country heavy threat however until compare.,Operator Error,33.2,Under Investigation
INC-00895,SITE-004,2026-03-24,Near Miss,Low,87.8,Financial even six analysis although director edge gas all attorney offer the strong main quality somebody account by.,Operator Error,3.7,Closed
INC-03415,SITE-003,2023-11-04,Spill,Critical,38.1,Inside cut film usually particularly.,Third-party Damage,11.3,Closed
INC-02423,SITE-003,2023-10-06,Minor Spill,Medium,69.2,Field believe pressure late head view join.,Corrosion,8.3,Closed
INC-05162,SITE-006,2026-06-15,Leak,Medium,84.6,Data within whatever high soon.,Valve Failure,8.0,Closed
INC-00163,SITE-001,2024-09-15,Fire,Low,98.9,By doctor fast up fire group community prove on woman anything church president likely.,Material Fatigue,4.5,Closed
INC-04934,SITE-003,10/03/2023,Leak,Medium,69.5,Mr certainly resource age ago fear too successful usually move none.,Valve Failure,7.7,Closed
INC-05111,SITE-001,2025-03-02,Near Miss,Medium,81.3,Teacher conference control federal voice medical level wish.,Valve Failure,8.8,Open
INC-02318,SITE-006,2024-09-20,Spill,High,66.6,Small million radio east interesting cut education.,Valve Failure,5.4,Under Investigation
INC-02234,SITE-005,2023-09-19,Fire,Medium,72.9,Stage Mrs treatment benefit.,Corrosion,5.7,Open
INC-02076,SITE-003,2023-09-25,Spill,Critical,40.0,Throughout although question condition than business current case president central discover quickly party.,,7.0,Under Investigation
INC-05352,SITE-006,2024-05-31,Fire,Critical,43.9,Right strategy technology information already significant long per forward include.,Valve Failure,10.0,Under Investigation
INC-05694,SITE-004,2024-02-23,Near Miss,High,56.6,Hold loss style option the give draw own word they chair indicate particularly.,,10.0,Closed
INC-03699,SITE-006,2024-04-29,Spill,High,55.3,Laugh contain professional speak democratic not.,Valve Failure,12.4,Closed
INC-05798,SITE-005,2025-05-09,Equipment Failure,High,64.0,Word difference top bill.,Material Fatigue,1.2,Open
INC-02482,SITE-005,2023-08-11,Near Miss,Low,98.6,Administration get clearly could less idea firm area understand.,Material Fatigue,13.6,Under Investigation
INC-03384,SITE-001,2023-10-25,Fire,Low,73.3,Citizen do major if require see according throughout onto.,Valve Failure,5.3,Under Investigation
INC-01363,SITE-001,2025-02-03,Spill,Low,78.2,Work pass lead ok agreement thought national.,Corrosion,16.4,Open
INC-05542,SITE-003,2026-01-30,Spill,Medium,70.3,Example couple many Congress middle indeed last should success actually.,Material Fatigue,3.4,Closed
INC-01952,SITE-002,2023-09-02,Equipment Failure,High,48.8,Seek employee bad especially three wish.,Third-party Damage,4.7,Under Investigation
INC-01556,SITE-005,2025-08-19,Fire,Low,87.7,Daughter drug available design down forget government we realize actually boy.,Operator Error,4.9,Under Investigation
INC-01557,SITE-003,2026-05-14,,Critical,47.6,Home over generation standard into animal might when skill newspaper.,Corrosion,2.2,Closed
INC-00990,SITE-005,2024-12-03,Near Miss,High,48.6,Arm impact but first near recently occur police.,Third-party Damage,9.0,Under Investigation
INC-01922,SITE-002,2024-10-18,Near Miss,High,69.6,Foreign appear most later gas forward who when memory project measure.,,13.7,Closed
INC-02135,SITE-006,2024-02-16,Fire,Critical,39.6,Likely century true case note population argue energy region.,,1.0,Under Investigation
INC-04073,SITE-002,2025-05-07,Near Miss,Medium,68.3,Cost involve in culture.,Corrosion,8.2,Closed
INC-02148,SITE-003,2026-03-19,Leak,High,60.7,Itself program else bar west reflect daughter their.,Third-party Damage,4.1,Open
INC-00960,SITE-005,2026-08-28,Near Miss,medium,74.5,Last agent popular matter security feel court history peace can sound group career.,,6.5,Under Investigation
INC-04141,SITE-003,2025-11-13,Equipment Failure, medium,62.2,Process question least similar attention phone teach care fund what any.,Corrosion,7.0,Open
INC-05754,SITE-003,2024-06-05,Leak,High,45.4,Individual field light I great him.,,4.7,Closed
INC-03010,SITE-004,2025-10-17,Fire,Low,94.0,Network sense finally open here go our painting speak member me gun.,Sensor Malfunction,5.9,Closed
INC-00336,SITE-002,2026-07-27,Equipment Failure,Low,91.9,Hit ready body significant poor up pretty manage education practice.,Material Fatigue,1.2,Closed
INC-04683,SITE-004,2026-03-30,Near Miss,Critical,39.8,Financial thus hand benefit page score red scientist.,Valve Failure,2.2,Closed
INC-03205,SITE-004,2025-12-19,Near  Miss,Medium,74.5,Week early race wish billion modern listen southern item.,Sensor Malfunction,10.8,Under Investigation
INC-02849,SITE-005,2024-12-19,Spill,High,56.8,Better environmental team as trial agent paper would such save.,Valve Failure,3.7,Open
INC-05274,SITE-004,2024-05-13,,Low,85.9,Picture support reach learn sit return them interview kid actually image set management as.,,7.0,Closed
INC-02612,SITE-003,2026-01-26,Near Miss,High,67.9,Street particular go pressure red property visit lose past.,Corrosion,9.9,Open
INC-03389,SITE-003,2023-08-26,Near Miss,Critical,55.8,Send smile democratic civil provide author board report mind modern evening president position build painting century large item.,Sensor Malfunction,10.2,Closed
INC-03529,SITE-006,2024-10-01,Spill,Critical,36.7,Eight race risk peace family for usually require.,Operator Error,8.3,Closed
INC-01400,SITE-004,2025-09-16,Fire,Low,85.2,News realize conference you smile seek front list billion another yard.,Valve Failure,13.7,Open
INC-00340,SITE-004,2024-03-30,Fire,Medium,64.1,Should star trade plan record enjoy which benefit.,Valve Failure,6.8,Open
INC-00471,SITE-002,26/02/2026,Spill,,84.2,Garden start adult quickly yard hope and front personal arm.,Valve Failure,5.5,Closed
INC-04229,SITE-003,2026-04-03,Spill,High,66.9,Room develop concern soon product.,Operator Error,9.6,Closed
INC-05919,SITE-005,04/19/2025,equipment failure,Low,85.1,Play build tonight wait perform policy according indeed call.,Sensor Malfunction,10.3,Closed
INC-05623,SITE-003,17-Feb-2025,Near Miss, High,64.9,Task space successful top executive born finally.,Third-party Damage,3.5,Under Investigation
INC-00555,SITE-003,2024-07-21,Leak,Critical,26.5,Just into seat direction commercial trial however.,Corrosion,11.9,Closed
INC-00253,SITE-005,13/10/2024,Equipment Failure,Low,87.6,Author watch word media rich doctor begin determine.,Material Fatigue,13.5,Closed
INC-05360,SITE-005,2026-03-03,Near Miss,High,51.4,Such idea hand simply start.,Third-party Damage,3.5,Under Investigation
INC-05819,SITE-003,2024-07-28,Leak,Low,82.3,Line significant Mrs light shake moment policy spend rule.,Material Fatigue,2.6,Under Investigation
INC-03405,SITE-006,2025-06-18,Fire,Critical,60.3,Party market hair population long blood statement respond.,Valve Failure,2.7,Open
INC-05297,SITE-001,2024-11-06,Spill,High,56.5,Again property back technology rich protect serious peace world surface later.,,16.1,Closed
INC-02659,SITE-006,24-Sep-2023,Near Miss,Critical,48.1,Thought small bit weight organization miss reach cell hope beyond indeed necessary member officer senior region itself myself.,Valve Failure,24.8,Under Investigation
INC-04093,SITE-006,2025-09-26,near miss,Critical,45.0,Ground west two yes system agent man pattern security be sound.,Third-party Damage,3.5,Open
INC-05121,SITE-004,2025-05-18,Leak,,95.6,Agree place campaign trade later medical number.,Third-party Damage,4.3,Under Investigation
INC-02532,SITE-004,03/28/2024,Spill ,Low,89.7,Receive wish away common foot.,Valve Failure,1.9,Closed
INC-00919,SITE-003,08/09/2024,Leak,High,67.6,Various morning move story participant view debate act fish near value now.,Operator Error,4.7,Open
INC-02244,SITE-006,2023-07-26,Leak,Critical,37.7,Race specific meeting public including order.,,8.7,Under Investigation
INC-04312,SITE-005,15/06/2026,leak ,Low,86.4,Especially require physical affect how prove base well check sing line decide live.,Valve Failure,8.7,Under Investigation
INC-01097,SITE-005,2024-04-22,near miss,Low,89.1,Final recently nation lead lose woman would these way.,,2.7,Under Investigation
INC-05385,SITE-003,2025-11-04,Near Miss,Medium,69.3,Let role treat entire choose Mrs similar base half.,Operator Error,21.2,Closed
INC-01428,SITE-003,2024-06-10,Near Miss,Low,78.9,Player place available explain camera.,Material Fatigue,3.7,Under Investigation
INC-02626,SITE-004,09/11/2023,Leak,Medium,73.4,Pick key business home expert entire prevent whole describe fund.,Third-party Damage,4.2,Open
INC-04871,SITE-004,2023-12-09,Equipment Failure,Critical,40.9,Tough candidate on new at energy industry everybody necessary voice simply industry cost best.,Third-party Damage,14.1,Open
INC-02117,SITE-002,31-Jul-2024,Fire,Medium,67.6,Involve remember film wife employee detail hit every everything however seek value.,Operator Error,10.5,Under Investigation
INC-03983,SITE-005,02/29/2024,Near Miss,Critical,37.8,Question analysis situation back when pretty.,Operator Error,8.2,Open
INC-02469,SITE-001,2024-09-07,Leak,Medium,75.4,Already evidence see this computer water thought business.,Valve Failure,8.6,Under Investigation
INC-02118,SITE-001,2026-07-06,Spill,Low,-12.3,Interview last activity themselves conference happen bag everyone skill others day left country challenge fall citizen financial.,Third-party Damage,5.0,Closed
INC-00131,SITE-005,2026-02-23,Equipment Failure,Critical,104.0,Tell record themselves second weight assume PM enough rise than thousand change.,Corrosion,14.8,Under Investigation
INC-01874,SITE-002,2026-02-18, spill ,Low,89.6,Painting president they community cup name city evidence.,Third-party Damage,10.9,Open
INC-04704,SITE-005,2026-09-30,Spill,Medium,71.1,Scientist national likely today offer research reason.,Operator Error,12.6,Open
INC-03783,SITE-001,2026-01-04,Equipment Failure,Critical,49.6,Federal improve mouth history seem once health picture cell image hard able turn.,Corrosion,8.0,Closed
INC-02204,SITE-003,2025-03-19,Leak,Medium,63.9,Heart simply maybe on general agreement now hot film.,,5.8,Closed
INC-02774,SITE-003,2023-10-27,Leak,High,52.6,Technology level start rich place or memory present describe manager beyond message source.,Material Fatigue,6.8,Open
INC-03583,SITE-001,2026-02-15,,Low,88.3,About simply best player development issue shake think walk impact science out develop job.,,1.4,Under Investigation
INC-00290,SITE-002,2025-01-19,Fire,Medium,75.4,Certain development lay course natural player four information suddenly.,Operator Error,15.8,Under Investigation
INC-03315,SITE-005,2026-08-01,Equipment Failure,Medium,75.9,Bit money food member become reality property choice network need usually game book simple wish along.,,1.4,Open
INC-01564,SITE-001,2024-07-23,Leak,Medium,73.6,Decade attention rich truth expert agency table must war push certain.,Valve Failure,4.7,Under Investigation
INC-00148,SITE-002,09/19/2025,Fire,Medium,86.3,Environment east individual although later manager perform try strategy machine.,Operator Error,8.7,Closed
INC-03133,SITE-002,2024-05-07,Spill,Low,97.5,Range music it whom writer.,Operator Error,6.0,Open
INC-02259,SITE-006,2024-02-20,Near Miss,Critical,49.2,Never animal board artist red high now.,Valve Failure,4.3,Under Investigation
INC-05756,SITE-003,2024-07-19,Near Miss,Critical,35.8,Fund seek citizen try town people try explain.,Corrosion,11.3,Under Investigation
INC-01189,SITE-006,2026-04-03,Leak,High,62.0,Certain up face politics energy tonight worker around public half matter team computer.,Material Fatigue,2.0,Under Investigation
INC-05207,SITE-003,01/21/2024,Fire,,62.6,Fine base quite inside parent poor always performance.,Valve Failure,2.4,Closed
INC-05643,SITE-001,20/11/2025,,Low,92.2,Attack however church player fill with sport state.,Third-party Damage,6.7,Open
INC-01528,SITE-006,2026-07-21,Fire,Critical,39.7,Glass father hard business deep they people final this reveal.,Third-party Damage,3.9,Open
INC-00859,SITE-003,2026-07-06T00:00:00Z,,High,50.2,Physical dark provide explain ready ability main describe other.,,2.2,Closed
INC-05703,SITE-002,2024-04-19,Near Miss,Low,84.4,Former half and conference simple single at range toward administration perhaps analysis.,Operator Error,2.1,Open
INC-01611,SITE-003,2025-01-21,Equipment Failure, High,63.6,So road meeting decision under state will.,,4.3,Open
INC-03614,SITE-004,2025-11-12,spill,Low,85.3,Brother college career course few pattern sometimes buy strategy ask natural guy kid.,,8.6,Under Investigation
INC-05489,SITE-005,2025-11-06,Equipment Failure,Medium,78.0,Government lawyer seem market seven national daughter stuff think pretty up way not the near.,Third-party Damage,17.3,Open
INC-01983,SITE-006,2023-10-30,Leak,CRITICAL,40.2,Music still movie station defense work theory table above thing dark someone.,Valve Failure,8.9,Closed
INC-01943,SITE-001,2025-05-26,Fire,Low,88.3,Rise study win news oil choice whether matter week nation small maybe skin certain simply street remain fear among food.,Valve Failure,4.8,Under Investigation
INC-04479,SITE-006,10-May-2025,Fire,High,77.3,Society whether community great executive better again senior make.,Sensor Malfunction,15.0,Closed
INC-00185,SITE-003,2023-11-24,Near Miss,Critical,13.6,Me in site activity audience article until each.,,4.1,Under Investigation
INC-04030,SITE-003,2023-09-04,Equipment Failure,Critical,42.5,Tend war note environmental network serve add range off.,Third-party Damage,16.5,Closed
INC-03082,SITE-005,2025-01-22,Spill,Medium,77.4,Direction identify use son experience look let enjoy.,Operator Error,6.5,Open
INC-05382,SITE-002,03/10/2024,Near Miss,Medium,80.5,His present career stuff peace factor sound.,Valve Failure,2.8,Under Investigation
INC-04799,SITE-005,2024-02-07,near miss, Low,95.6,Allow necessary against area commercial become bring that man general.,Operator Error,1.2,Under Investigation
INC-03976,SITE-004,2026-07-07T00:00:00Z,Leak,Critical,63.4,Toward night particular suffer remember around increase east these particular this.,Material Fatigue,10.5,Under Investigation
INC-02610,SITE-003,2024-07-12,Leak,Medium,81.0,Him leader develop performance professional.,Sensor Malfunction,20.7,Open
INC-01734,SITE-003,2025-04-10,Leak,High,66.3,Them or society know career successful heavy from.,Corrosion,10.3,Closed
INC-02197,SITE-001,2025-05-06,Near Miss,Low,91.8,Begin play seven east fast.,Operator Error,5.5,Open
INC-02560,SITE-001,2024-03-31,Fire,Medium,79.2,Music lose conference seek under oil fish suddenly head land likely campaign.,Operator Error,17.4,Under Investigation
INC-01226,SITE-006,2026-06-16,Equipment Failure,Low,92.2,Lose financial bag unit difficult almost whom movement PM.,Third-party Damage,1.6,Closed
INC-05708,SITE-003,2024-02-05,leak ,Medium,81.6,Less personal eye across actually than two know responsibility.,,1.0,Under Investigation
INC-04923,SITE-004,2026-01-24,Leak,Medium,76.2,Box check child end to run benefit area other from leader long.,,5.2,Open
INC-05998,SITE-002,20-Oct-2024,Near Miss,Medium,97.7,Pick provide together life thousand service stay pick age free great management.,Material Fatigue,1.9,Closed
INC-03193,SITE-005,2026-04-07,Near Miss,Low,90.1,Bring scene everyone onto whatever reach big kind not himself safe impact challenge letter size.,Third-party Damage,7.2,Open
INC-02214,SITE-005,2024-12-09,Equipment Failure,Low,94.0,Father soldier them almost ok this type.,Third-party Damage,6.9,Under Investigation
INC-02453,SITE-003,2026-05-28,Spill,Medium,87.4,Not compare knowledge seven man each ever hot high into probably.,Operator Error,4.7,Open
INC-02038,SITE-006,2025-11-11T00:00:00Z,Spill,Critical,38.3,Something close change figure special century likely peace but position long house lot consumer that dream.,Valve Failure,12.7,Closed
INC-01876,SITE-005,2026-08-24,Near Miss,Low,92.3,Finally discussion along service town exactly two world street break action tough best issue situation campaign task identify others.,Operator Error,6.1,Under Investigation
INC-02399,SITE-006,2024-02-05,Leak,Medium,77.2,Very name western one simple rate inside.,Material Fatigue,10.4,Closed
INC-01240,SITE-005,2024-04-06, Leak,Medium,77.5,Issue culture political method everything my beat walk mean doctor draw into agreement food support another.,Sensor Malfunction,3.7,Open
INC-01220,SITE-004,2026-01-19,Near Miss,Low,78.7,Remember science six cause without arm return.,Corrosion,4.7,Open
INC-03578,SITE-005,2025-04-10,Leak,Low,86.8,Feeling stock happen cultural mean carry chair Congress find yourself read clear how investment.,Material Fatigue,19.9,Open
INC-05187,SITE-002,2025-02-25,Near Miss,High,61.2,Stay reason service wife everyone two civil rather upon course.,Corrosion,7.7,Open
INC-00076,SITE-004,2026-05-22,Spill,High,57.7,Discuss score both key like his charge.,Material Fatigue,6.8,Closed
INC-01513,SITE-004,2023-11-27,Fire,Low,85.0,Church be soldier worry road today each strong.,Sensor Malfunction,3.2,Under Investigation
INC-00911,SITE-003,2026-08-08,Leak,Medium,78.9,Per anyone benefit best building degree friend field alone make.,Valve Failure,3.9,Closed
INC-03577,SITE-002,2025-03-29,Equipment Failure,Medium,69.5,Building expect cut finally no control several.,Material Fatigue,6.1,Open
INC-05763,SITE-003,2026-07-14,Fire,Medium,82.0,Must executive like fear.,Material Fatigue,5.4,Open
INC-04033,SITE-004,2024-07-14,,Low,91.4,Between consider street teach.,Material Fatigue,3.3,Closed
INC-04716,SITE-003,06/16/2025,Spill,High,67.5,Program thought idea late middle account room.,Third-party Damage,4.8,Under Investigation
INC-01834,SITE-003,2024-12-10,Spill,Crit,53.1,Mind which understand person popular fall.,Operator Error,3.9,Under Investigation
INC-03148,SITE-004,2025-11-30,spill,Low,-12.3,Check threat even trouble work.,Third-party Damage,14.7,Open
INC-04347,SITE-003,2025-02-18,,High,31.2,Program space structure dog fear check miss.,Material Fatigue,3.5,Open
INC-05198,SITE-004,2025-06-01,Fire,Medium,83.8,We play shoulder decade picture life oil watch statement money five board note.,Sensor Malfunction,3.8,Under Investigation
INC-02727,SITE-001,2025-05-08,,Medium,83.1,Development country image about American ready main determine life nature green.,Third-party Damage,4.7,Closed
INC-01811,SITE-004,2023-08-17,,Medium,64.4,Year listen ever become manage figure beat outside chair bill we soon increase.,Sensor Malfunction,5.3,Under Investigation
INC-01797,SITE-002,2023-11-03,Near Miss,Low,90.4,However clearly myself visit pick make yourself.,Third-party Damage,15.6,Closed
INC-04019,SITE-001,2024-07-30,Fire,Critical,55.1,I stage mind attorney benefit or everybody before wear mention son month.,Third-party Damage,6.3,Open
INC-03947,SITE-002,2024-04-13,Fire,High,82.4,Toward stay star week who way design seven near hand paper.,Sensor Malfunction,3.5,Under Investigation
INC-02693,SITE-005,2026-04-29,equipment failure,Medium,70.9,Ball behavior daughter resource rather.,Material Fatigue,0.4,Open
INC-04951,SITE-003,2026-02-26,Fire,High,64.0,Take finish hotel personal man consider evidence bag type.,,3.8,Closed
INC-01852,SITE-006,2023-07-30,Fire,High,60.9,Fine always note save build energy or opportunity sort learn Republican all force.,Third-party Damage,12.3,Closed
INC-05880,SITE-006,2025-01-03,Equipment Failure,Critical,47.3,Defense lot own voice sport current.,Operator Error,3.8,Closed
INC-04992,SITE-005,2025-02-03,Fire,High,45.6,Plan nothing mission same around front or think charge station structure type senior.,Operator Error,2.5,Closed
INC-00701,SITE-002,2024-02-06,Spill,Medium,86.2,Will member staff west happy management current answer thousand woman perform.,Operator Error,19.5,Closed
INC-05679,SITE-004,2026-02-08,Near Miss,Medium,74.4,Economy miss discover radio test set garden.,Corrosion,26.0,Closed
INC-04091,SITE-006,2024-09-11,Leak,Medium,58.3,Behavior as follow bill student make.,Sensor Malfunction,3.1,Closed
INC-05100,SITE-006,12/09/2025,Leak,High,49.6,Player your decide moment such.,Third-party Damage,19.0,Closed
INC-00625,SITE-002,2026-05-17,Leak,Low,95.3,Health million democratic book chance mission option performance act.,Sensor Malfunction,15.6,Open
INC-04650,SITE-005,2026-05-19,Equipment Failure,Critical,53.6,Reach history stand task more.,Valve Failure,9.4,Closed
INC-03127,SITE-005,2024-11-02,Near Miss,Medium,83.9,Thus should real nothing not create there.,Material Fatigue,8.7,Open
INC-03265,SITE-006,2026-03-21,Leak,High,65.9,Drive certainly anyone fast support which police.,Valve Failure,3.0,Open
INC-02636,SITE-004,2024-06-13T00:00:00Z,EQUIPMENT FAILURE,,97.8,Human heavy away nor despite today.,Valve Failure,16.4,Under Investigation
INC-00836,SITE-001,2026-02-22,Fire,High,42.4,Risk buy myself step family decide soldier.,Sensor Malfunction,4.7,Under Investigation
INC-04508,SITE-005,2024-07-31,Equipment Failure,High,61.2,Whose every commercial experience move education chance adult entire effort station entire modern.,Operator Error,12.4,Open
INC-01222,SITE-001,2023-10-23,Equipment Failure,Medium,69.0,Moment animal start write be mother cup son drug born.,Third-party Damage,10.8,Under Investigation
INC-02220,SITE-006,2026-02-25,Spill,Medium,100.0,Show sport alone deep force sit kid where purpose.,Operator Error,5.7,Under Investigation
INC-00945,SITE-005,2024-08-19,Leak,Critical,68.5,Line dream suffer thousand.,Valve Failure,10.6,Under Investigation
INC-00629,SITE-004,2025-12-02,Equip. Failure,Medium,65.9,Network power decide ten serious your start nor rule few student agree.,Material Fatigue,0.9,Open
INC-03452,SITE-004,2026-06-13,NEAR MISS,Low,97.0,Building produce after group ago charge resource defense subject.,Sensor Malfunction,5.7,Under Investigation
INC-00800,SITE-001,2025-03-18,Spill,High,42.3,Particularly financial cultural offer idea truth by senior.,Valve Failure,0.6,Open
INC-02365,SITE-005,2025-10-07,,High,49.5,Game ok sound must hand sense land yeah perform.,Third-party Damage,7.0,Under Investigation
INC-02503,SITE-006,2024-10-20,leak,Critical,59.2,Open local none somebody lawyer perform large young as.,Material Fatigue,11.9,Closed
INC-00894,SITE-001,02-Sep-2025,equipment failure,Low,85.4,Conference accept protect card from option meeting popular while section also hard.,Operator Error,4.0,Open
INC-05470,SITE-001,2023-09-18,Fire,Medium,59.9,Us court detail education gas.,Operator Error,0.8,Closed
INC-02729,SITE-005,2025-07-08,, Critical,45.4,Particularly fall more career another serve end trip nor together send.,Sensor Malfunction,1.6,Under Investigation
INC-03969,SITE-003,09/07/2025,Leak,Medium,71.3,Myself behavior star billion result conference.,Material Fatigue,2.8,Closed
INC-04376,SITE-003,2023-12-12,Near Miss,Medium,52.9,No fine situation husband risk player science democratic conference nation low road right.,Sensor Malfunction,8.7,Open
INC-02284,SITE-004,2025-10-25,Equipment Failure,Medium,80.8,Partner begin suggest thing remember suffer range couple.,,6.1,Closed
INC-01140,SITE-005,2023-12-20,Fire,Low,96.9,Standard on recognize past heavy phone speech check investment organization third have discussion yard different concern.,Corrosion,13.4,Open
INC-04703,SITE-003,2024-06-08,Leak,High,48.9,With term local do explain nature big study.,Third-party Damage,2.2,Open
INC-04535,SITE-005,2025-08-13,Spill,Low,89.5,Organization home describe order most prove concern plant serve father quickly simply action should other.,Sensor Malfunction,17.3,Closed
INC-01515,SITE-002,2025-04-29,Near Miss,Medium,81.7,Want apply American us list program.,Valve Failure,5.4,Closed
INC-04995,SITE-002,2025-04-10,Near Miss, medium,82.0,Region thought market interest PM several like even almost prepare probably identify home would history.,Material Fatigue,0.9,Closed
INC-00955,SITE-003,01-Aug-2025,Near Miss,High,67.9,Food worry owner side modern young full care finally which fine positive.,Operator Error,16.1,Open
INC-04747,SITE-003,01/07/2024,Leak,Medium,83.5,Clear chance power education push certainly listen throughout win check.,Sensor Malfunction,4.4,Open
INC-01378,SITE-005,2024-06-28,,Low,93.2,Paper agree west car special late protect discuss feeling.,Sensor Malfunction,2.1,Under Investigation
INC-00947,SITE-006,2025-03-26,Oil Leak,Critical,48.6,Writer return usually rock station total station center five ability staff great discuss.,Material Fatigue,10.5,Closed
INC-05682,SITE-004,2023-09-18,Spill,high,38.9,Lot expect morning might new another population analysis manage reflect.,Sensor Malfunction,15.8,Open
INC-05891,SITE-002,2025-07-03,Oil Leak,High,57.4,Hard economic use explain eye on more fact.,Sensor Malfunction,10.3,Closed
INC-01766,SITE-001,2026-03-24,Near Miss,Medium,67.2,Book possible seat nor institution song poor type we may style message support.,Third-party Damage,3.9,Open
INC-05992,SITE-001,13/07/2025,Fire,Medium,75.5,Real force statement field deep ready.,Material Fatigue,3.2,Under Investigation
INC-00041,SITE-006,2025-09-04,Near Miss,Low,88.8,Enjoy wind especially dog no apply manager once any.,Sensor Malfunction,8.9,Under Investigation
INC-04245,SITE-006,2024-05-01,Spill,medium,64.3,Like sure should gun writer large.,Corrosion,2.2,Closed
INC-00752,SITE-003,02/12/2023,Leak,High,72.4,Field fund score compare.,Corrosion,3.4,Closed
INC-04622,SITE-005,2024-10-26,Near Miss,Low,97.4,Pattern chance seem star score.,Third-party Damage,13.4,Under Investigation
INC-01138,SITE-006,25/09/2024,Leak,Medium,77.7,From participant kid read eight exist.,Material Fatigue,3.8,Closed
INC-01334,SITE-006,10/26/2023,Near Miss,Medium,104.0,Story condition subject people factor above couple.,Valve Failure,5.7,Open
INC-04296,SITE-004,2023-09-06,Equipment Failure,Low,90.2,Too four right discuss parent reason none him where study oil us show current.,Material Fatigue,5.6,Open
INC-01936,SITE-001,2025-03-17,Leak,High,49.1,Single easy address subject treatment focus owner administration end any take guy.,,21.2,Under Investigation
INC-04736,SITE-001,2024-02-25,,High,61.1,Local probably everything candidate author as training really bed brother.,Valve Failure,7.1,Under Investigation
INC-05536,SITE-002,2025-03-11,Equipment Failure,Critical,36.2,Research information model appear prevent budget stage box.,Sensor Malfunction,8.8,Open
INC-03590,SITE-005,2023-11-11,Spill,High,48.3,Show low marriage discover dog sing born possible including image bring training kitchen knowledge participant.,Material Fatigue,0.5,Closed
INC-01721,SITE-004,2026-02-16,Equipment Failure,Low,80.2,Hour direction small population cost magazine book light ball.,,3.2,Under Investigation
INC-04832,SITE-002,2025-04-19,Equipment Failure,Medium,79.1,Special age worry discussion father long attention.,Valve Failure,9.1,Open
INC-03561,SITE-005,2025-09-04,Leak,Low,77.8,Beat remember ok study onto management center age at always theory above ground report.,Material Fatigue,5.9,Open
INC-01149,SITE-004,11-May-2026,Near Miss,Low,98.1,Will agency skill east war security understand.,Material Fatigue,6.6,Open
INC-02068,SITE-006,2026-02-09,Spill,Medium,63.8,Physical image five better interesting hospital place community pick price often network.,Third-party Damage,14.2,Closed
INC-04027,SITE-004,2026-01-01,Near Miss,Medium,88.5,Simply blue believe process time participant Democrat thought new.,Sensor Malfunction,17.3,Closed
INC-04226,SITE-005,2024-01-29,Equipment Failure,High,47.3,Keep cold something wait benefit energy.,Operator Error,11.8,Open
INC-02613,SITE-002,15/11/2025,Equipment Failure,Low,98.3,Professor base federal security accept foot figure owner position finish where together amount issue dinner general democratic of statement.,Material Fatigue,5.0,Closed
INC-00009,SITE-005,2025-05-13T00:00:00Z,Near Miss,Medium,71.7,Minute you likely.,,18.2,Under Investigation
INC-01006,SITE-003,2026-04-13,Near Miss,High,45.9,House modern small peace single true guy.,Material Fatigue,14.7,Closed
INC-02476,SITE-003,03/17/2025,Leak,Low,87.2,Know issue bar end a interest action blood.,,4.3,Under Investigation
INC-05037,SITE-002,2026-06-18,Equipment Failure,HIGH,86.5,Trial board enjoy.,Valve Failure,2.5,Under Investigation
INC-05232,SITE-006,2026-06-04,Spill,High,57.2,Piece drive nature north interview notice book spend bill blue around Republican member.,Sensor Malfunction,3.2,Open
INC-00049,SITE-006,2025-07-07, fire,High,77.3,Family from buy weight order maybe could while federal treatment while easy surface.,Material Fatigue,4.7,Under Investigation
INC-03208,SITE-004,2024-05-11,Fire,Critical,48.3,White learn heavy avoid son more everybody water.,Operator Error,3.9,Closed
INC-00717,SITE-001,06/06/2025,Fire,Critical,54.3,Process sure item fact reality rise for mouth level center Mrs southern hotel of help.,Corrosion,12.2,Open
INC-02908,SITE-006,03-Mar-2025,Leak,high,56.1,House government full car cost however same year part.,Operator Error,4.4,Open
INC-05926,SITE-003,2025-04-03,Equipment Failure,High,84.1,Boy each organization year hospital animal prepare send though want fish agreement difficult democratic.,Material Fatigue,5.1,Open
INC-03919,SITE-002,2026-05-23,Equipment Failure,Medium,66.3,Section single provide career near seem son education agreement discover.,Third-party Damage,2.7,Open
INC-03735,SITE-005,2025-03-20,Spill,Medium,83.7,Adult keep six beyond why tax language detail often.,,6.8,Closed
INC-01300,SITE-003,2026-07-21,Equipment Failure,Medium,57.9,Save response measure perhaps world hit choice main card for moment late young skin similar fish into.,,5.4,Open
INC-03868,SITE-005,2024-02-12T00:00:00Z,Spill,Medium,64.9,Eat them mention agent fund unit involve sense past.,Corrosion,11.5,Closed
INC-03124,SITE-006,03-Feb-2025,,Critical,37.8,State chair ground piece color worry blue nothing part land give note different edge become.,,9.4,Closed
INC-03040,SITE-006,2024-06-13T00:00:00Z,Near Miss,Critical,39.9,Toward none now law other evening.,,1.1,Open
INC-05946,SITE-001,2023-08-13,Equipment Failure, Low,91.7,Century modern spend catch name speech shake by.,,9.5,Closed
INC-00600,SITE-001,2024-09-14,Fire,High,52.1,Drug success company born a.,Material Fatigue,7.3,Closed
INC-04240,SITE-006,01/12/2025,Fire,High,63.3,Entire share rule player agent protect music maintain camera.,Sensor Malfunction,2.5,Closed
INC-03705,SITE-002,2025-03-16,Near Miss,,93.7,New recent possible skin however parent.,Corrosion,24.3,Under Investigation
INC-04005,SITE-004,2025-03-16,Spill,Critical,58.1,A them consider particularly hundred property recognize brother better.,Material Fatigue,8.3,Closed
INC-05281,SITE-004,2024-12-16,Spill,Medium,87.1,Pass short popular conference focus tonight really writer dream military against check similar eat record success western.,Material Fatigue,1.1,Under Investigation
INC-02348,SITE-002,2025-11-06,Spill,Medium,83.4,Movie power position away national either page early campaign activity month eight create.,Valve Failure,9.3,Under Investigation
INC-04754,SITE-002,2024-08-27,Spill,Low,85.1,Fast small stuff write mind they drop raise building represent year current actually instead.,,11.3,Closed
INC-03914,SITE-003,2025-11-13,Fire,Low,90.7,Appear knowledge agency sense else page movement friend camera vote those season run too ago sure city.,Operator Error,2.8,Open
INC-05734,SITE-001,2026-07-05,Spill,Medium,80.7,Fine behind forget result me standard economy oil similar make case specific pay federal.,Sensor Malfunction,5.4,Under Investigation
INC-00182,SITE-003,27-Jun-2025,Leak,Medium,72.8,Sister chance represent prevent respond plan allow follow type run walk.,Third-party Damage,1.9,Closed
INC-04556,SITE-006,2025-09-11,Fire,Medium,64.8,Often push five agency stop something help.,Valve Failure,4.9,Closed
INC-01371,SITE-002,07/29/2024,Near Miss,Low,86.1,Fast face everyone country analysis national benefit give explain decade my affect.,Operator Error,1.9,Under Investigation
INC-03852,SITE-001,2024-10-31,Near Miss,Low,82.8,Hundred under turn between particular place everything mouth dog when apply true something range.,Valve Failure,7.6,Open
INC-00676,SITE-002,2024-05-27,Spill,Low,96.0,Environment name figure behind bill state Mrs school huge happy follow national benefit drive forward type cut.,Operator Error,12.2,Under Investigation
INC-02270,SITE-001,2025-11-23T00:00:00Z,Fire,High,37.6,Last trade modern protect according lay seat participant follow environmental interest guy possible.,Operator Error,1.0,Open
INC-01503,SITE-002,2025-05-04,Leak,LOW,90.6,Owner cause about white three must nation.,Valve Failure,8.7,Open
INC-05759,SITE-003,2025-10-01,Near Miss,Critical,62.9,Day somebody food health describe choice expect as wrong difference important once case choice pattern learn change cultural.,Corrosion,12.8,Open
INC-02175,SITE-001,2024-07-12,Equipment Failure,CRITICAL,56.5,Law choice collection dog identify mention sometimes.,Corrosion,21.1,Closed
INC-04335,SITE-004,2024-03-12,Fire,Medium,68.3,Four owner scene floor during occur chair effect big recent walk.,Material Fatigue,0.9,Open
INC-00181,SITE-005,25-Sep-2024,Equipment Failure,Low,87.6,Current current court happen husband young color billion already include stay.,,3.0,Open
INC-02806,SITE-006,2026-04-28,Equipment Failure,High,-5.0,Born dog candidate most pattern there second.,Corrosion,9.4,Open
INC-04868,SITE-003,2023-11-16,Leak,High,78.1,Everybody them hope dream beautiful together beat blood.,Sensor Malfunction,5.4,Closed
INC-02673,SITE-002,2023-12-04,Leak,Low,83.1,Man sign again evidence southern affect be garden.,Valve Failure,2.7,Closed
